# Native 3D geometry in metres. Partial staff head; CPU source, not a render.
o S06
v 0.0211999993771 1.38499999046 0.00000000000
v 0.0254999995232 1.38499999046 0.00000000000
v 0.0195862464607 1.38499999046 0.00811288878322
v 0.0235589276999 1.38499999046 0.00975842773914
v 0.0149906640872 1.38499999046 0.0149906640872
v 0.0180312227458 1.38499999046 0.0180312227458
v 0.00811288878322 1.38499999046 0.0195862464607
v 0.00975842773914 1.38499999046 0.0235589276999
v 1.29812565795e-18 1.38499999046 0.0211999993771
v 1.56142469155e-18 1.38499999046 0.0254999995232
v -0.00811288878322 1.38499999046 0.0195862464607
v -0.00975842773914 1.38499999046 0.0235589276999
v -0.0149906640872 1.38499999046 0.0149906640872
v -0.0180312227458 1.38499999046 0.0180312227458
v -0.0195862464607 1.38499999046 0.00811288878322
v -0.0235589276999 1.38499999046 0.00975842773914
v -0.0211999993771 1.38499999046 2.59625131590e-18
v -0.0254999995232 1.38499999046 3.12284938310e-18
v -0.0195862464607 1.38499999046 -0.00811288878322
v -0.0235589276999 1.38499999046 -0.00975842773914
v -0.0149906640872 1.38499999046 -0.0149906640872
v -0.0180312227458 1.38499999046 -0.0180312227458
v -0.00811288878322 1.38499999046 -0.0195862464607
v -0.00975842773914 1.38499999046 -0.0235589276999
v -3.89437666366e-18 1.38499999046 -0.0211999993771
v -4.68427417805e-18 1.38499999046 -0.0254999995232
v 0.00811288878322 1.38499999046 -0.0195862464607
v 0.00975842773914 1.38499999046 -0.0235589276999
v 0.0149906640872 1.38499999046 -0.0149906640872
v 0.0180312227458 1.38499999046 -0.0180312227458
v 0.0195862464607 1.38499999046 -0.00811288878322
v 0.0235589276999 1.38499999046 -0.00975842773914
v 0.0211999993771 1.38499999046 0.00000000000
v 0.0254999995232 1.38499999046 0.00000000000
v 0.0254999995232 1.38499999046 0.00000000000
v 0.0260000005364 1.38580000401 0.00000000000
v 0.0235589276999 1.38499999046 0.00975842773914
v 0.0240208674222 1.38580000401 0.00994976889342
v 0.0235589276999 1.38499999046 0.00975842773914
v 0.0240208674222 1.38580000401 0.00994976889342
v 0.0180312227458 1.38499999046 0.0180312227458
v 0.0183847770095 1.38580000401 0.0183847770095
v 0.00975842773914 1.38499999046 0.0235589276999
v 0.00994976889342 1.38580000401 0.0240208674222
v 0.00975842773914 1.38499999046 0.0235589276999
v 0.00994976889342 1.38580000401 0.0240208674222
v 1.56142469155e-18 1.38499999046 0.0254999995232
v 1.59204081737e-18 1.38580000401 0.0260000005364
v 1.56142469155e-18 1.38499999046 0.0254999995232
v 1.59204081737e-18 1.38580000401 0.0260000005364
v -0.00975842773914 1.38499999046 0.0235589276999
v -0.00994976889342 1.38580000401 0.0240208674222
v -0.00975842773914 1.38499999046 0.0235589276999
v -0.00994976889342 1.38580000401 0.0240208674222
v -0.0180312227458 1.38499999046 0.0180312227458
v -0.0183847770095 1.38580000401 0.0183847770095
v -0.0235589276999 1.38499999046 0.00975842773914
v -0.0240208674222 1.38580000401 0.00994976889342
v -0.0235589276999 1.38499999046 0.00975842773914
v -0.0240208674222 1.38580000401 0.00994976889342
v -0.0254999995232 1.38499999046 3.12284938310e-18
v -0.0260000005364 1.38580000401 3.18408163474e-18
v -0.0254999995232 1.38499999046 3.12284938310e-18
v -0.0260000005364 1.38580000401 3.18408163474e-18
v -0.0235589276999 1.38499999046 -0.00975842773914
v -0.0240208674222 1.38580000401 -0.00994976889342
v -0.0235589276999 1.38499999046 -0.00975842773914
v -0.0240208674222 1.38580000401 -0.00994976889342
v -0.0180312227458 1.38499999046 -0.0180312227458
v -0.0183847770095 1.38580000401 -0.0183847770095
v -0.00975842773914 1.38499999046 -0.0235589276999
v -0.00994976889342 1.38580000401 -0.0240208674222
v -0.00975842773914 1.38499999046 -0.0235589276999
v -0.00994976889342 1.38580000401 -0.0240208674222
v -4.68427417805e-18 1.38499999046 -0.0254999995232
v -4.77612265891e-18 1.38580000401 -0.0260000005364
v -4.68427417805e-18 1.38499999046 -0.0254999995232
v -4.77612265891e-18 1.38580000401 -0.0260000005364
v 0.00975842773914 1.38499999046 -0.0235589276999
v 0.00994976889342 1.38580000401 -0.0240208674222
v 0.00975842773914 1.38499999046 -0.0235589276999
v 0.00994976889342 1.38580000401 -0.0240208674222
v 0.0180312227458 1.38499999046 -0.0180312227458
v 0.0183847770095 1.38580000401 -0.0183847770095
v 0.0235589276999 1.38499999046 -0.00975842773914
v 0.0240208674222 1.38580000401 -0.00994976889342
v 0.0235589276999 1.38499999046 -0.00975842773914
v 0.0240208674222 1.38580000401 -0.00994976889342
v 0.0254999995232 1.38499999046 0.00000000000
v 0.0260000005364 1.38580000401 0.00000000000
v 0.0260000005364 1.38580000401 0.00000000000
v 0.0240000002086 1.39199995995 0.00000000000
v 0.0240208674222 1.38580000401 0.00994976889342
v 0.0221731085330 1.39199995995 0.00918440241367
v 0.0240208674222 1.38580000401 0.00994976889342
v 0.0221731085330 1.39199995995 0.00918440241367
v 0.0183847770095 1.38580000401 0.0183847770095
v 0.0169705618173 1.39199995995 0.0169705618173
v 0.00994976889342 1.38580000401 0.0240208674222
v 0.00918440241367 1.39199995995 0.0221731085330
v 0.00994976889342 1.38580000401 0.0240208674222
v 0.00918440241367 1.39199995995 0.0221731085330
v 1.59204081737e-18 1.38580000401 0.0260000005364
v 1.46957610730e-18 1.39199995995 0.0240000002086
v 1.59204081737e-18 1.38580000401 0.0260000005364
v -0.00994976889342 1.38580000401 0.0240208674222
v -0.00918440241367 1.39199995995 0.0221731085330
v -0.00994976889342 1.38580000401 0.0240208674222
v -0.00918440241367 1.39199995995 0.0221731085330
v -0.0183847770095 1.38580000401 0.0183847770095
v -0.0169705618173 1.39199995995 0.0169705618173
v -0.0240208674222 1.38580000401 0.00994976889342
v -0.0221731085330 1.39199995995 0.00918440241367
v -0.0240208674222 1.38580000401 0.00994976889342
v -0.0221731085330 1.39199995995 0.00918440241367
v -0.0260000005364 1.38580000401 3.18408163474e-18
v -0.0240000002086 1.39199995995 2.93915221459e-18
v -0.0260000005364 1.38580000401 3.18408163474e-18
v -0.0240208674222 1.38580000401 -0.00994976889342
v -0.0221731085330 1.39199995995 -0.00918440241367
v -0.0240208674222 1.38580000401 -0.00994976889342
v -0.0221731085330 1.39199995995 -0.00918440241367
v -0.0183847770095 1.38580000401 -0.0183847770095
v -0.0169705618173 1.39199995995 -0.0169705618173
v -0.00994976889342 1.38580000401 -0.0240208674222
v -0.00918440241367 1.39199995995 -0.0221731085330
v -0.00994976889342 1.38580000401 -0.0240208674222
v -0.00918440241367 1.39199995995 -0.0221731085330
v -4.77612265891e-18 1.38580000401 -0.0260000005364
v -4.40872832189e-18 1.39199995995 -0.0240000002086
v -4.77612265891e-18 1.38580000401 -0.0260000005364
v 0.00994976889342 1.38580000401 -0.0240208674222
v 0.00918440241367 1.39199995995 -0.0221731085330
v 0.00994976889342 1.38580000401 -0.0240208674222
v 0.00918440241367 1.39199995995 -0.0221731085330
v 0.0183847770095 1.38580000401 -0.0183847770095
v 0.0169705618173 1.39199995995 -0.0169705618173
v 0.0240208674222 1.38580000401 -0.00994976889342
v 0.0221731085330 1.39199995995 -0.00918440241367
v 0.0240208674222 1.38580000401 -0.00994976889342
v 0.0221731085330 1.39199995995 -0.00918440241367
v 0.0260000005364 1.38580000401 0.00000000000
v 0.0240000002086 1.39199995995 0.00000000000
v 0.0230000000447 1.39300000668 0.00000000000
v 0.0212492290884 1.39300000668 0.00880171917379
v 0.0221731085330 1.39199995995 0.00918440241367
v 0.0212492290884 1.39300000668 0.00880171917379
v 0.0162634551525 1.39300000668 0.0162634551525
v 0.00918440241367 1.39199995995 0.0221731085330
v 0.00880171917379 1.39300000668 0.0212492290884
v 0.00880171917379 1.39300000668 0.0212492290884
v 1.40834385566e-18 1.39300000668 0.0230000000447
v -0.00880171917379 1.39300000668 0.0212492290884
v -0.00918440241367 1.39199995995 0.0221731085330
v -0.00880171917379 1.39300000668 0.0212492290884
v -0.0162634551525 1.39300000668 0.0162634551525
v -0.0221731085330 1.39199995995 0.00918440241367
v -0.0212492290884 1.39300000668 0.00880171917379
v -0.0212492290884 1.39300000668 0.00880171917379
v -0.0230000000447 1.39300000668 2.81668771132e-18
v -0.0212492290884 1.39300000668 -0.00880171917379
v -0.0221731085330 1.39199995995 -0.00918440241367
v -0.0212492290884 1.39300000668 -0.00880171917379
v -0.0162634551525 1.39300000668 -0.0162634551525
v -0.00918440241367 1.39199995995 -0.0221731085330
v -0.00880171917379 1.39300000668 -0.0212492290884
v -0.00880171917379 1.39300000668 -0.0212492290884
v -4.22503136018e-18 1.39300000668 -0.0230000000447
v 0.00880171917379 1.39300000668 -0.0212492290884
v 0.00918440241367 1.39199995995 -0.0221731085330
v 0.00880171917379 1.39300000668 -0.0212492290884
v 0.0162634551525 1.39300000668 -0.0162634551525
v 0.0221731085330 1.39199995995 -0.00918440241367
v 0.0212492290884 1.39300000668 -0.00880171917379
v 0.0212492290884 1.39300000668 -0.00880171917379
v 0.0230000000447 1.39300000668 0.00000000000
v 0.0230000000447 1.41499996185 0.00000000000
v 0.0212492290884 1.41499996185 0.00880171917379
v 0.0212492290884 1.39300000668 0.00880171917379
v 0.0212492290884 1.41499996185 0.00880171917379
v 0.0162634551525 1.41499996185 0.0162634551525
v 0.00880171917379 1.39300000668 0.0212492290884
v 0.00880171917379 1.41499996185 0.0212492290884
v 0.00880171917379 1.41499996185 0.0212492290884
v 1.40834385566e-18 1.41499996185 0.0230000000447
v -0.00880171917379 1.41499996185 0.0212492290884
v -0.00880171917379 1.39300000668 0.0212492290884
v -0.00880171917379 1.41499996185 0.0212492290884
v -0.0162634551525 1.41499996185 0.0162634551525
v -0.0212492290884 1.39300000668 0.00880171917379
v -0.0212492290884 1.41499996185 0.00880171917379
v -0.0212492290884 1.41499996185 0.00880171917379
v -0.0230000000447 1.41499996185 2.81668771132e-18
v -0.0212492290884 1.41499996185 -0.00880171917379
v -0.0212492290884 1.39300000668 -0.00880171917379
v -0.0212492290884 1.41499996185 -0.00880171917379
v -0.0162634551525 1.41499996185 -0.0162634551525
v -0.00880171917379 1.39300000668 -0.0212492290884
v -0.00880171917379 1.41499996185 -0.0212492290884
v -0.00880171917379 1.41499996185 -0.0212492290884
v -4.22503136018e-18 1.41499996185 -0.0230000000447
v 0.00880171917379 1.41499996185 -0.0212492290884
v 0.00880171917379 1.39300000668 -0.0212492290884
v 0.00880171917379 1.41499996185 -0.0212492290884
v 0.0162634551525 1.41499996185 -0.0162634551525
v 0.0212492290884 1.39300000668 -0.00880171917379
v 0.0212492290884 1.41499996185 -0.00880171917379
v 0.0212492290884 1.41499996185 -0.00880171917379
v 0.0230000000447 1.41499996185 0.00000000000
v 0.0230000000447 1.41499996185 0.00000000000
v 0.0240000002086 1.41600000858 0.00000000000
v 0.0212492290884 1.41499996185 0.00880171917379
v 0.0221731085330 1.41600000858 0.00918440241367
v 0.0212492290884 1.41499996185 0.00880171917379
v 0.0221731085330 1.41600000858 0.00918440241367
v 0.0162634551525 1.41499996185 0.0162634551525
v 0.0169705618173 1.41600000858 0.0169705618173
v 0.00880171917379 1.41499996185 0.0212492290884
v 0.00918440241367 1.41600000858 0.0221731085330
v 0.00880171917379 1.41499996185 0.0212492290884
v 0.00918440241367 1.41600000858 0.0221731085330
v 1.40834385566e-18 1.41499996185 0.0230000000447
v 1.46957610730e-18 1.41600000858 0.0240000002086
v -0.00880171917379 1.41499996185 0.0212492290884
v -0.00918440241367 1.41600000858 0.0221731085330
v -0.00880171917379 1.41499996185 0.0212492290884
v -0.00918440241367 1.41600000858 0.0221731085330
v -0.0162634551525 1.41499996185 0.0162634551525
v -0.0169705618173 1.41600000858 0.0169705618173
v -0.0212492290884 1.41499996185 0.00880171917379
v -0.0221731085330 1.41600000858 0.00918440241367
v -0.0212492290884 1.41499996185 0.00880171917379
v -0.0221731085330 1.41600000858 0.00918440241367
v -0.0230000000447 1.41499996185 2.81668771132e-18
v -0.0240000002086 1.41600000858 2.93915221459e-18
v -0.0212492290884 1.41499996185 -0.00880171917379
v -0.0221731085330 1.41600000858 -0.00918440241367
v -0.0212492290884 1.41499996185 -0.00880171917379
v -0.0221731085330 1.41600000858 -0.00918440241367
v -0.0162634551525 1.41499996185 -0.0162634551525
v -0.0169705618173 1.41600000858 -0.0169705618173
v -0.00880171917379 1.41499996185 -0.0212492290884
v -0.00918440241367 1.41600000858 -0.0221731085330
v -0.00880171917379 1.41499996185 -0.0212492290884
v -0.00918440241367 1.41600000858 -0.0221731085330
v -4.22503136018e-18 1.41499996185 -0.0230000000447
v -4.40872832189e-18 1.41600000858 -0.0240000002086
v 0.00880171917379 1.41499996185 -0.0212492290884
v 0.00918440241367 1.41600000858 -0.0221731085330
v 0.00880171917379 1.41499996185 -0.0212492290884
v 0.00918440241367 1.41600000858 -0.0221731085330
v 0.0162634551525 1.41499996185 -0.0162634551525
v 0.0169705618173 1.41600000858 -0.0169705618173
v 0.0212492290884 1.41499996185 -0.00880171917379
v 0.0221731085330 1.41600000858 -0.00918440241367
v 0.0212492290884 1.41499996185 -0.00880171917379
v 0.0221731085330 1.41600000858 -0.00918440241367
v 0.0230000000447 1.41499996185 0.00000000000
v 0.0240000002086 1.41600000858 0.00000000000
v 0.0240000002086 1.41600000858 0.00000000000
v 0.0240000002086 1.42219996452 0.00000000000
v 0.0221731085330 1.41600000858 0.00918440241367
v 0.0221731085330 1.42219996452 0.00918440241367
v 0.0221731085330 1.41600000858 0.00918440241367
v 0.0221731085330 1.42219996452 0.00918440241367
v 0.0169705618173 1.41600000858 0.0169705618173
v 0.0169705618173 1.42219996452 0.0169705618173
v 0.00918440241367 1.41600000858 0.0221731085330
v 0.00918440241367 1.42219996452 0.0221731085330
v 0.00918440241367 1.41600000858 0.0221731085330
v 0.00918440241367 1.42219996452 0.0221731085330
v 1.46957610730e-18 1.41600000858 0.0240000002086
v 1.46957610730e-18 1.42219996452 0.0240000002086
v -0.00918440241367 1.41600000858 0.0221731085330
v -0.00918440241367 1.42219996452 0.0221731085330
v -0.00918440241367 1.41600000858 0.0221731085330
v -0.00918440241367 1.42219996452 0.0221731085330
v -0.0169705618173 1.41600000858 0.0169705618173
v -0.0169705618173 1.42219996452 0.0169705618173
v -0.0221731085330 1.41600000858 0.00918440241367
v -0.0221731085330 1.42219996452 0.00918440241367
v -0.0221731085330 1.41600000858 0.00918440241367
v -0.0221731085330 1.42219996452 0.00918440241367
v -0.0240000002086 1.41600000858 2.93915221459e-18
v -0.0240000002086 1.42219996452 2.93915221459e-18
v -0.0221731085330 1.41600000858 -0.00918440241367
v -0.0221731085330 1.42219996452 -0.00918440241367
v -0.0221731085330 1.41600000858 -0.00918440241367
v -0.0221731085330 1.42219996452 -0.00918440241367
v -0.0169705618173 1.41600000858 -0.0169705618173
v -0.0169705618173 1.42219996452 -0.0169705618173
v -0.00918440241367 1.41600000858 -0.0221731085330
v -0.00918440241367 1.42219996452 -0.0221731085330
v -0.00918440241367 1.41600000858 -0.0221731085330
v -0.00918440241367 1.42219996452 -0.0221731085330
v -4.40872832189e-18 1.41600000858 -0.0240000002086
v -4.40872832189e-18 1.42219996452 -0.0240000002086
v 0.00918440241367 1.41600000858 -0.0221731085330
v 0.00918440241367 1.42219996452 -0.0221731085330
v 0.00918440241367 1.41600000858 -0.0221731085330
v 0.00918440241367 1.42219996452 -0.0221731085330
v 0.0169705618173 1.41600000858 -0.0169705618173
v 0.0169705618173 1.42219996452 -0.0169705618173
v 0.0221731085330 1.41600000858 -0.00918440241367
v 0.0221731085330 1.42219996452 -0.00918440241367
v 0.0221731085330 1.41600000858 -0.00918440241367
v 0.0221731085330 1.42219996452 -0.00918440241367
v 0.0240000002086 1.41600000858 0.00000000000
v 0.0240000002086 1.42219996452 0.00000000000
v 0.0240000002086 1.42219996452 0.00000000000
v 0.0231999997050 1.42299997807 0.00000000000
v 0.0221731085330 1.42219996452 0.00918440241367
v 0.0214340053499 1.42299997807 0.00887825526297
v 0.0221731085330 1.42219996452 0.00918440241367
v 0.0214340053499 1.42299997807 0.00887825526297
v 0.0169705618173 1.42219996452 0.0169705618173
v 0.0164048764855 1.42299997807 0.0164048764855
v 0.00918440241367 1.42219996452 0.0221731085330
v 0.00887825526297 1.42299997807 0.0214340053499
v 0.00918440241367 1.42219996452 0.0221731085330
v 0.00887825526297 1.42299997807 0.0214340053499
v 1.46957610730e-18 1.42219996452 0.0240000002086
v 1.42059026463e-18 1.42299997807 0.0231999997050
v -0.00918440241367 1.42219996452 0.0221731085330
v -0.00887825526297 1.42299997807 0.0214340053499
v -0.00918440241367 1.42219996452 0.0221731085330
v -0.00887825526297 1.42299997807 0.0214340053499
v -0.0169705618173 1.42219996452 0.0169705618173
v -0.0164048764855 1.42299997807 0.0164048764855
v -0.0221731085330 1.42219996452 0.00918440241367
v -0.0214340053499 1.42299997807 0.00887825526297
v -0.0221731085330 1.42219996452 0.00918440241367
v -0.0214340053499 1.42299997807 0.00887825526297
v -0.0240000002086 1.42219996452 2.93915221459e-18
v -0.0231999997050 1.42299997807 2.84118052925e-18
v -0.0221731085330 1.42219996452 -0.00918440241367
v -0.0214340053499 1.42299997807 -0.00887825526297
v -0.0221731085330 1.42219996452 -0.00918440241367
v -0.0214340053499 1.42299997807 -0.00887825526297
v -0.0169705618173 1.42219996452 -0.0169705618173
v -0.0164048764855 1.42299997807 -0.0164048764855
v -0.00918440241367 1.42219996452 -0.0221731085330
v -0.00887825526297 1.42299997807 -0.0214340053499
v -0.00918440241367 1.42219996452 -0.0221731085330
v -0.00887825526297 1.42299997807 -0.0214340053499
v -4.40872832189e-18 1.42219996452 -0.0240000002086
v -4.26177100067e-18 1.42299997807 -0.0231999997050
v 0.00918440241367 1.42219996452 -0.0221731085330
v 0.00887825526297 1.42299997807 -0.0214340053499
v 0.00918440241367 1.42219996452 -0.0221731085330
v 0.00887825526297 1.42299997807 -0.0214340053499
v 0.0169705618173 1.42219996452 -0.0169705618173
v 0.0164048764855 1.42299997807 -0.0164048764855
v 0.0221731085330 1.42219996452 -0.00918440241367
v 0.0214340053499 1.42299997807 -0.00887825526297
v 0.0221731085330 1.42219996452 -0.00918440241367
v 0.0214340053499 1.42299997807 -0.00887825526297
v 0.0240000002086 1.42219996452 0.00000000000
v 0.0231999997050 1.42299997807 0.00000000000
v 0.0231999997050 1.42299997807 0.00000000000
v 0.00630000000820 1.42299997807 0.00000000000
v 0.0214340053499 1.42299997807 0.00887825526297
v 0.00582044105977 1.42299997807 0.00241090566851
v 0.0164048764855 1.42299997807 0.0164048764855
v 0.00445477291942 1.42299997807 0.00445477291942
v 0.00887825526297 1.42299997807 0.0214340053499
v 0.00241090566851 1.42299997807 0.00582044105977
v 1.42059026463e-18 1.42299997807 0.0231999997050
v 3.85763743675e-19 1.42299997807 0.00630000000820
v -0.00887825526297 1.42299997807 0.0214340053499
v -0.00241090566851 1.42299997807 0.00582044105977
v -0.0164048764855 1.42299997807 0.0164048764855
v -0.00445477291942 1.42299997807 0.00445477291942
v -0.0214340053499 1.42299997807 0.00887825526297
v -0.00582044105977 1.42299997807 0.00241090566851
v -0.0231999997050 1.42299997807 2.84118052925e-18
v -0.00630000000820 1.42299997807 7.71527487350e-19
v -0.0214340053499 1.42299997807 -0.00887825526297
v -0.00582044105977 1.42299997807 -0.00241090566851
v -0.0164048764855 1.42299997807 -0.0164048764855
v -0.00445477291942 1.42299997807 -0.00445477291942
v -0.00887825526297 1.42299997807 -0.0214340053499
v -0.00241090566851 1.42299997807 -0.00582044105977
v -4.26177100067e-18 1.42299997807 -0.0231999997050
v -1.15729123103e-18 1.42299997807 -0.00630000000820
v 0.00887825526297 1.42299997807 -0.0214340053499
v 0.00241090566851 1.42299997807 -0.00582044105977
v 0.0164048764855 1.42299997807 -0.0164048764855
v 0.00445477291942 1.42299997807 -0.00445477291942
v 0.0214340053499 1.42299997807 -0.00887825526297
v 0.00582044105977 1.42299997807 -0.00241090566851
v 0.0231999997050 1.42299997807 0.00000000000
v 0.00630000000820 1.42299997807 0.00000000000
v 0.00630000000820 1.42299997807 0.00000000000
v 0.00630000000820 1.41799998283 0.00000000000
v 0.00582044105977 1.42299997807 0.00241090566851
v 0.00582044105977 1.41799998283 0.00241090566851
v 0.00582044105977 1.42299997807 0.00241090566851
v 0.00582044105977 1.41799998283 0.00241090566851
v 0.00445477291942 1.42299997807 0.00445477291942
v 0.00445477291942 1.41799998283 0.00445477291942
v 0.00445477291942 1.42299997807 0.00445477291942
v 0.00445477291942 1.41799998283 0.00445477291942
v 0.00241090566851 1.42299997807 0.00582044105977
v 0.00241090566851 1.41799998283 0.00582044105977
v 0.00241090566851 1.42299997807 0.00582044105977
v 0.00241090566851 1.41799998283 0.00582044105977
v 3.85763743675e-19 1.42299997807 0.00630000000820
v 3.85763743675e-19 1.41799998283 0.00630000000820
v 3.85763743675e-19 1.42299997807 0.00630000000820
v 3.85763743675e-19 1.41799998283 0.00630000000820
v -0.00241090566851 1.42299997807 0.00582044105977
v -0.00241090566851 1.41799998283 0.00582044105977
v -0.00241090566851 1.42299997807 0.00582044105977
v -0.00241090566851 1.41799998283 0.00582044105977
v -0.00445477291942 1.42299997807 0.00445477291942
v -0.00445477291942 1.41799998283 0.00445477291942
v -0.00445477291942 1.42299997807 0.00445477291942
v -0.00445477291942 1.41799998283 0.00445477291942
v -0.00582044105977 1.42299997807 0.00241090566851
v -0.00582044105977 1.41799998283 0.00241090566851
v -0.00582044105977 1.42299997807 0.00241090566851
v -0.00582044105977 1.41799998283 0.00241090566851
v -0.00630000000820 1.42299997807 7.71527487350e-19
v -0.00630000000820 1.41799998283 7.71527487350e-19
v -0.00630000000820 1.42299997807 7.71527487350e-19
v -0.00630000000820 1.41799998283 7.71527487350e-19
v -0.00582044105977 1.42299997807 -0.00241090566851
v -0.00582044105977 1.41799998283 -0.00241090566851
v -0.00582044105977 1.42299997807 -0.00241090566851
v -0.00582044105977 1.41799998283 -0.00241090566851
v -0.00445477291942 1.42299997807 -0.00445477291942
v -0.00445477291942 1.41799998283 -0.00445477291942
v -0.00445477291942 1.42299997807 -0.00445477291942
v -0.00445477291942 1.41799998283 -0.00445477291942
v -0.00241090566851 1.42299997807 -0.00582044105977
v -0.00241090566851 1.41799998283 -0.00582044105977
v -0.00241090566851 1.42299997807 -0.00582044105977
v -0.00241090566851 1.41799998283 -0.00582044105977
v -1.15729123103e-18 1.42299997807 -0.00630000000820
v -1.15729123103e-18 1.41799998283 -0.00630000000820
v -1.15729123103e-18 1.42299997807 -0.00630000000820
v -1.15729123103e-18 1.41799998283 -0.00630000000820
v 0.00241090566851 1.42299997807 -0.00582044105977
v 0.00241090566851 1.41799998283 -0.00582044105977
v 0.00241090566851 1.42299997807 -0.00582044105977
v 0.00241090566851 1.41799998283 -0.00582044105977
v 0.00445477291942 1.42299997807 -0.00445477291942
v 0.00445477291942 1.41799998283 -0.00445477291942
v 0.00445477291942 1.42299997807 -0.00445477291942
v 0.00445477291942 1.41799998283 -0.00445477291942
v 0.00582044105977 1.42299997807 -0.00241090566851
v 0.00582044105977 1.41799998283 -0.00241090566851
v 0.00582044105977 1.42299997807 -0.00241090566851
v 0.00582044105977 1.41799998283 -0.00241090566851
v 0.00630000000820 1.42299997807 0.00000000000
v 0.00630000000820 1.41799998283 0.00000000000
v 0.00630000000820 1.41799998283 0.00000000000
v 0.0211999993771 1.41799998283 0.00000000000
v 0.00582044105977 1.41799998283 0.00241090566851
v 0.0195862464607 1.41799998283 0.00811288878322
v 0.00445477291942 1.41799998283 0.00445477291942
v 0.0149906640872 1.41799998283 0.0149906640872
v 0.00241090566851 1.41799998283 0.00582044105977
v 0.00811288878322 1.41799998283 0.0195862464607
v 3.85763743675e-19 1.41799998283 0.00630000000820
v 1.29812565795e-18 1.41799998283 0.0211999993771
v -0.00241090566851 1.41799998283 0.00582044105977
v -0.00811288878322 1.41799998283 0.0195862464607
v -0.00445477291942 1.41799998283 0.00445477291942
v -0.0149906640872 1.41799998283 0.0149906640872
v -0.00582044105977 1.41799998283 0.00241090566851
v -0.0195862464607 1.41799998283 0.00811288878322
v -0.00630000000820 1.41799998283 7.71527487350e-19
v -0.0211999993771 1.41799998283 2.59625131590e-18
v -0.00582044105977 1.41799998283 -0.00241090566851
v -0.0195862464607 1.41799998283 -0.00811288878322
v -0.00445477291942 1.41799998283 -0.00445477291942
v -0.0149906640872 1.41799998283 -0.0149906640872
v -0.00241090566851 1.41799998283 -0.00582044105977
v -0.00811288878322 1.41799998283 -0.0195862464607
v -1.15729123103e-18 1.41799998283 -0.00630000000820
v -3.89437666366e-18 1.41799998283 -0.0211999993771
v 0.00241090566851 1.41799998283 -0.00582044105977
v 0.00811288878322 1.41799998283 -0.0195862464607
v 0.00445477291942 1.41799998283 -0.00445477291942
v 0.0149906640872 1.41799998283 -0.0149906640872
v 0.00582044105977 1.41799998283 -0.00241090566851
v 0.0195862464607 1.41799998283 -0.00811288878322
v 0.00630000000820 1.41799998283 0.00000000000
v 0.0211999993771 1.41799998283 0.00000000000
v 0.0211999993771 1.41799998283 0.00000000000
v 0.0211999993771 1.38499999046 0.00000000000
v 0.0195862464607 1.41799998283 0.00811288878322
v 0.0195862464607 1.38499999046 0.00811288878322
v 0.0195862464607 1.41799998283 0.00811288878322
v 0.0195862464607 1.38499999046 0.00811288878322
v 0.0149906640872 1.41799998283 0.0149906640872
v 0.0149906640872 1.38499999046 0.0149906640872
v 0.00811288878322 1.41799998283 0.0195862464607
v 0.00811288878322 1.38499999046 0.0195862464607
v 0.00811288878322 1.41799998283 0.0195862464607
v 0.00811288878322 1.38499999046 0.0195862464607
v 1.29812565795e-18 1.41799998283 0.0211999993771
v 1.29812565795e-18 1.38499999046 0.0211999993771
v -0.00811288878322 1.41799998283 0.0195862464607
v -0.00811288878322 1.38499999046 0.0195862464607
v -0.00811288878322 1.41799998283 0.0195862464607
v -0.00811288878322 1.38499999046 0.0195862464607
v -0.0149906640872 1.41799998283 0.0149906640872
v -0.0149906640872 1.38499999046 0.0149906640872
v -0.0195862464607 1.41799998283 0.00811288878322
v -0.0195862464607 1.38499999046 0.00811288878322
v -0.0195862464607 1.41799998283 0.00811288878322
v -0.0195862464607 1.38499999046 0.00811288878322
v -0.0211999993771 1.41799998283 2.59625131590e-18
v -0.0211999993771 1.38499999046 2.59625131590e-18
v -0.0195862464607 1.41799998283 -0.00811288878322
v -0.0195862464607 1.38499999046 -0.00811288878322
v -0.0195862464607 1.41799998283 -0.00811288878322
v -0.0195862464607 1.38499999046 -0.00811288878322
v -0.0149906640872 1.41799998283 -0.0149906640872
v -0.0149906640872 1.38499999046 -0.0149906640872
v -0.00811288878322 1.41799998283 -0.0195862464607
v -0.00811288878322 1.38499999046 -0.0195862464607
v -0.00811288878322 1.41799998283 -0.0195862464607
v -0.00811288878322 1.38499999046 -0.0195862464607
v -3.89437666366e-18 1.41799998283 -0.0211999993771
v -3.89437666366e-18 1.38499999046 -0.0211999993771
v 0.00811288878322 1.41799998283 -0.0195862464607
v 0.00811288878322 1.38499999046 -0.0195862464607
v 0.00811288878322 1.41799998283 -0.0195862464607
v 0.00811288878322 1.38499999046 -0.0195862464607
v 0.0149906640872 1.41799998283 -0.0149906640872
v 0.0149906640872 1.38499999046 -0.0149906640872
v 0.0195862464607 1.41799998283 -0.00811288878322
v 0.0195862464607 1.38499999046 -0.00811288878322
v 0.0195862464607 1.41799998283 -0.00811288878322
v 0.0195862464607 1.38499999046 -0.00811288878322
v 0.0211999993771 1.41799998283 0.00000000000
v 0.0211999993771 1.38499999046 0.00000000000
vt 0 0
vt 0 0.00430000014603138
vt 0.0625 0
vt 0.0625 0.00430000014603138
vt 0.125 0
vt 0.125 0.00430000014603138
vt 0.1875 0
vt 0.1875 0.00430000014603138
vt 0.25 0
vt 0.25 0.00430000014603138
vt 0.3125 0
vt 0.3125 0.00430000014603138
vt 0.375 0
vt 0.375 0.00430000014603138
vt 0.4375 0
vt 0.4375 0.00430000014603138
vt 0.5 0
vt 0.5 0.00430000014603138
vt 0.5625 0
vt 0.5625 0.00430000014603138
vt 0.625 0
vt 0.625 0.00430000014603138
vt 0.6875 0
vt 0.6875 0.00430000014603138
vt 0.75 0
vt 0.75 0.00430000014603138
vt 0.8125 0
vt 0.8125 0.00430000014603138
vt 0.875 0
vt 0.875 0.00430000014603138
vt 0.9375 0
vt 0.9375 0.00430000014603138
vt 1 0
vt 1 0.00430000014603138
vt 0 0.00430000014603138
vt 0 0.0052433982491493225
vt 0.0625 0.00430000014603138
vt 0.0625 0.0052433982491493225
vt 0.0625 0.00430000014603138
vt 0.0625 0.0052433982491493225
vt 0.125 0.00430000014603138
vt 0.125 0.0052433982491493225
vt 0.1875 0.00430000014603138
vt 0.1875 0.0052433982491493225
vt 0.1875 0.00430000014603138
vt 0.1875 0.0052433982491493225
vt 0.25 0.00430000014603138
vt 0.25 0.0052433982491493225
vt 0.25 0.00430000014603138
vt 0.25 0.0052433982491493225
vt 0.3125 0.00430000014603138
vt 0.3125 0.0052433982491493225
vt 0.3125 0.00430000014603138
vt 0.3125 0.0052433982491493225
vt 0.375 0.00430000014603138
vt 0.375 0.0052433982491493225
vt 0.4375 0.00430000014603138
vt 0.4375 0.0052433982491493225
vt 0.4375 0.00430000014603138
vt 0.4375 0.0052433982491493225
vt 0.5 0.00430000014603138
vt 0.5 0.0052433982491493225
vt 0.5 0.00430000014603138
vt 0.5 0.0052433982491493225
vt 0.5625 0.00430000014603138
vt 0.5625 0.0052433982491493225
vt 0.5625 0.00430000014603138
vt 0.5625 0.0052433982491493225
vt 0.625 0.00430000014603138
vt 0.625 0.0052433982491493225
vt 0.6875 0.00430000014603138
vt 0.6875 0.0052433982491493225
vt 0.6875 0.00430000014603138
vt 0.6875 0.0052433982491493225
vt 0.75 0.00430000014603138
vt 0.75 0.0052433982491493225
vt 0.75 0.00430000014603138
vt 0.75 0.0052433982491493225
vt 0.8125 0.00430000014603138
vt 0.8125 0.0052433982491493225
vt 0.8125 0.00430000014603138
vt 0.8125 0.0052433982491493225
vt 0.875 0.00430000014603138
vt 0.875 0.0052433982491493225
vt 0.9375 0.00430000014603138
vt 0.9375 0.0052433982491493225
vt 0.9375 0.00430000014603138
vt 0.9375 0.0052433982491493225
vt 1 0.00430000014603138
vt 1 0.0052433982491493225
vt 0 0.0052433982491493225
vt 0 0.011757996864616871
vt 0.0625 0.0052433982491493225
vt 0.0625 0.011757996864616871
vt 0.0625 0.0052433982491493225
vt 0.0625 0.011757996864616871
vt 0.125 0.0052433982491493225
vt 0.125 0.011757996864616871
vt 0.1875 0.0052433982491493225
vt 0.1875 0.011757996864616871
vt 0.1875 0.0052433982491493225
vt 0.1875 0.011757996864616871
vt 0.25 0.0052433982491493225
vt 0.25 0.011757996864616871
vt 0.25 0.0052433982491493225
vt 0.3125 0.0052433982491493225
vt 0.3125 0.011757996864616871
vt 0.3125 0.0052433982491493225
vt 0.3125 0.011757996864616871
vt 0.375 0.0052433982491493225
vt 0.375 0.011757996864616871
vt 0.4375 0.0052433982491493225
vt 0.4375 0.011757996864616871
vt 0.4375 0.0052433982491493225
vt 0.4375 0.011757996864616871
vt 0.5 0.0052433982491493225
vt 0.5 0.011757996864616871
vt 0.5 0.0052433982491493225
vt 0.5625 0.0052433982491493225
vt 0.5625 0.011757996864616871
vt 0.5625 0.0052433982491493225
vt 0.5625 0.011757996864616871
vt 0.625 0.0052433982491493225
vt 0.625 0.011757996864616871
vt 0.6875 0.0052433982491493225
vt 0.6875 0.011757996864616871
vt 0.6875 0.0052433982491493225
vt 0.6875 0.011757996864616871
vt 0.75 0.0052433982491493225
vt 0.75 0.011757996864616871
vt 0.75 0.0052433982491493225
vt 0.8125 0.0052433982491493225
vt 0.8125 0.011757996864616871
vt 0.8125 0.0052433982491493225
vt 0.8125 0.011757996864616871
vt 0.875 0.0052433982491493225
vt 0.875 0.011757996864616871
vt 0.9375 0.0052433982491493225
vt 0.9375 0.011757996864616871
vt 0.9375 0.0052433982491493225
vt 0.9375 0.011757996864616871
vt 1 0.0052433982491493225
vt 1 0.011757996864616871
vt 0 0.01317221112549305
vt 0.0625 0.01317221112549305
vt 0.0625 0.011757996864616871
vt 0.0625 0.01317221112549305
vt 0.125 0.01317221112549305
vt 0.1875 0.011757996864616871
vt 0.1875 0.01317221112549305
vt 0.1875 0.01317221112549305
vt 0.25 0.01317221112549305
vt 0.3125 0.01317221112549305
vt 0.3125 0.011757996864616871
vt 0.3125 0.01317221112549305
vt 0.375 0.01317221112549305
vt 0.4375 0.011757996864616871
vt 0.4375 0.01317221112549305
vt 0.4375 0.01317221112549305
vt 0.5 0.01317221112549305
vt 0.5625 0.01317221112549305
vt 0.5625 0.011757996864616871
vt 0.5625 0.01317221112549305
vt 0.625 0.01317221112549305
vt 0.6875 0.011757996864616871
vt 0.6875 0.01317221112549305
vt 0.6875 0.01317221112549305
vt 0.75 0.01317221112549305
vt 0.8125 0.01317221112549305
vt 0.8125 0.011757996864616871
vt 0.8125 0.01317221112549305
vt 0.875 0.01317221112549305
vt 0.9375 0.011757996864616871
vt 0.9375 0.01317221112549305
vt 0.9375 0.01317221112549305
vt 1 0.01317221112549305
vt 0 0.03517220914363861
vt 0.0625 0.03517220914363861
vt 0.0625 0.01317221112549305
vt 0.0625 0.03517220914363861
vt 0.125 0.03517220914363861
vt 0.1875 0.01317221112549305
vt 0.1875 0.03517220914363861
vt 0.1875 0.03517220914363861
vt 0.25 0.03517220914363861
vt 0.3125 0.03517220914363861
vt 0.3125 0.01317221112549305
vt 0.3125 0.03517220914363861
vt 0.375 0.03517220914363861
vt 0.4375 0.01317221112549305
vt 0.4375 0.03517220914363861
vt 0.4375 0.03517220914363861
vt 0.5 0.03517220914363861
vt 0.5625 0.03517220914363861
vt 0.5625 0.01317221112549305
vt 0.5625 0.03517220914363861
vt 0.625 0.03517220914363861
vt 0.6875 0.01317221112549305
vt 0.6875 0.03517220914363861
vt 0.6875 0.03517220914363861
vt 0.75 0.03517220914363861
vt 0.8125 0.03517220914363861
vt 0.8125 0.01317221112549305
vt 0.8125 0.03517220914363861
vt 0.875 0.03517220914363861
vt 0.9375 0.01317221112549305
vt 0.9375 0.03517220914363861
vt 0.9375 0.03517220914363861
vt 1 0.03517220914363861
vt 0 0.03517220914363861
vt 0 0.036586422473192215
vt 0.0625 0.03517220914363861
vt 0.0625 0.036586422473192215
vt 0.0625 0.03517220914363861
vt 0.0625 0.036586422473192215
vt 0.125 0.03517220914363861
vt 0.125 0.036586422473192215
vt 0.1875 0.03517220914363861
vt 0.1875 0.036586422473192215
vt 0.1875 0.03517220914363861
vt 0.1875 0.036586422473192215
vt 0.25 0.03517220914363861
vt 0.25 0.036586422473192215
vt 0.3125 0.03517220914363861
vt 0.3125 0.036586422473192215
vt 0.3125 0.03517220914363861
vt 0.3125 0.036586422473192215
vt 0.375 0.03517220914363861
vt 0.375 0.036586422473192215
vt 0.4375 0.03517220914363861
vt 0.4375 0.036586422473192215
vt 0.4375 0.03517220914363861
vt 0.4375 0.036586422473192215
vt 0.5 0.03517220914363861
vt 0.5 0.036586422473192215
vt 0.5625 0.03517220914363861
vt 0.5625 0.036586422473192215
vt 0.5625 0.03517220914363861
vt 0.5625 0.036586422473192215
vt 0.625 0.03517220914363861
vt 0.625 0.036586422473192215
vt 0.6875 0.03517220914363861
vt 0.6875 0.036586422473192215
vt 0.6875 0.03517220914363861
vt 0.6875 0.036586422473192215
vt 0.75 0.03517220914363861
vt 0.75 0.036586422473192215
vt 0.8125 0.03517220914363861
vt 0.8125 0.036586422473192215
vt 0.8125 0.03517220914363861
vt 0.8125 0.036586422473192215
vt 0.875 0.03517220914363861
vt 0.875 0.036586422473192215
vt 0.9375 0.03517220914363861
vt 0.9375 0.036586422473192215
vt 0.9375 0.03517220914363861
vt 0.9375 0.036586422473192215
vt 1 0.03517220914363861
vt 1 0.036586422473192215
vt 0 0.036586422473192215
vt 0 0.04278642311692238
vt 0.0625 0.036586422473192215
vt 0.0625 0.04278642311692238
vt 0.0625 0.036586422473192215
vt 0.0625 0.04278642311692238
vt 0.125 0.036586422473192215
vt 0.125 0.04278642311692238
vt 0.1875 0.036586422473192215
vt 0.1875 0.04278642311692238
vt 0.1875 0.036586422473192215
vt 0.1875 0.04278642311692238
vt 0.25 0.036586422473192215
vt 0.25 0.04278642311692238
vt 0.3125 0.036586422473192215
vt 0.3125 0.04278642311692238
vt 0.3125 0.036586422473192215
vt 0.3125 0.04278642311692238
vt 0.375 0.036586422473192215
vt 0.375 0.04278642311692238
vt 0.4375 0.036586422473192215
vt 0.4375 0.04278642311692238
vt 0.4375 0.036586422473192215
vt 0.4375 0.04278642311692238
vt 0.5 0.036586422473192215
vt 0.5 0.04278642311692238
vt 0.5625 0.036586422473192215
vt 0.5625 0.04278642311692238
vt 0.5625 0.036586422473192215
vt 0.5625 0.04278642311692238
vt 0.625 0.036586422473192215
vt 0.625 0.04278642311692238
vt 0.6875 0.036586422473192215
vt 0.6875 0.04278642311692238
vt 0.6875 0.036586422473192215
vt 0.6875 0.04278642311692238
vt 0.75 0.036586422473192215
vt 0.75 0.04278642311692238
vt 0.8125 0.036586422473192215
vt 0.8125 0.04278642311692238
vt 0.8125 0.036586422473192215
vt 0.8125 0.04278642311692238
vt 0.875 0.036586422473192215
vt 0.875 0.04278642311692238
vt 0.9375 0.036586422473192215
vt 0.9375 0.04278642311692238
vt 0.9375 0.036586422473192215
vt 0.9375 0.04278642311692238
vt 1 0.036586422473192215
vt 1 0.04278642311692238
vt 0 0.04278642311692238
vt 0 0.04391779378056526
vt 0.0625 0.04278642311692238
vt 0.0625 0.04391779378056526
vt 0.0625 0.04278642311692238
vt 0.0625 0.04391779378056526
vt 0.125 0.04278642311692238
vt 0.125 0.04391779378056526
vt 0.1875 0.04278642311692238
vt 0.1875 0.04391779378056526
vt 0.1875 0.04278642311692238
vt 0.1875 0.04391779378056526
vt 0.25 0.04278642311692238
vt 0.25 0.04391779378056526
vt 0.3125 0.04278642311692238
vt 0.3125 0.04391779378056526
vt 0.3125 0.04278642311692238
vt 0.3125 0.04391779378056526
vt 0.375 0.04278642311692238
vt 0.375 0.04391779378056526
vt 0.4375 0.04278642311692238
vt 0.4375 0.04391779378056526
vt 0.4375 0.04278642311692238
vt 0.4375 0.04391779378056526
vt 0.5 0.04278642311692238
vt 0.5 0.04391779378056526
vt 0.5625 0.04278642311692238
vt 0.5625 0.04391779378056526
vt 0.5625 0.04278642311692238
vt 0.5625 0.04391779378056526
vt 0.625 0.04278642311692238
vt 0.625 0.04391779378056526
vt 0.6875 0.04278642311692238
vt 0.6875 0.04391779378056526
vt 0.6875 0.04278642311692238
vt 0.6875 0.04391779378056526
vt 0.75 0.04278642311692238
vt 0.75 0.04391779378056526
vt 0.8125 0.04278642311692238
vt 0.8125 0.04391779378056526
vt 0.8125 0.04278642311692238
vt 0.8125 0.04391779378056526
vt 0.875 0.04278642311692238
vt 0.875 0.04391779378056526
vt 0.9375 0.04278642311692238
vt 0.9375 0.04391779378056526
vt 0.9375 0.04278642311692238
vt 0.9375 0.04391779378056526
vt 1 0.04278642311692238
vt 1 0.04391779378056526
vt 0 0.04391779378056526
vt 0 0.06081779673695564
vt 0.0625 0.04391779378056526
vt 0.0625 0.06081779673695564
vt 0.125 0.04391779378056526
vt 0.125 0.06081779673695564
vt 0.1875 0.04391779378056526
vt 0.1875 0.06081779673695564
vt 0.25 0.04391779378056526
vt 0.25 0.06081779673695564
vt 0.3125 0.04391779378056526
vt 0.3125 0.06081779673695564
vt 0.375 0.04391779378056526
vt 0.375 0.06081779673695564
vt 0.4375 0.04391779378056526
vt 0.4375 0.06081779673695564
vt 0.5 0.04391779378056526
vt 0.5 0.06081779673695564
vt 0.5625 0.04391779378056526
vt 0.5625 0.06081779673695564
vt 0.625 0.04391779378056526
vt 0.625 0.06081779673695564
vt 0.6875 0.04391779378056526
vt 0.6875 0.06081779673695564
vt 0.75 0.04391779378056526
vt 0.75 0.06081779673695564
vt 0.8125 0.04391779378056526
vt 0.8125 0.06081779673695564
vt 0.875 0.04391779378056526
vt 0.875 0.06081779673695564
vt 0.9375 0.04391779378056526
vt 0.9375 0.06081779673695564
vt 1 0.04391779378056526
vt 1 0.06081779673695564
vt 0 0.06081779673695564
vt 0 0.06581779569387436
vt 0.0625 0.06081779673695564
vt 0.0625 0.06581779569387436
vt 0.0625 0.06081779673695564
vt 0.0625 0.06581779569387436
vt 0.125 0.06081779673695564
vt 0.125 0.06581779569387436
vt 0.125 0.06081779673695564
vt 0.125 0.06581779569387436
vt 0.1875 0.06081779673695564
vt 0.1875 0.06581779569387436
vt 0.1875 0.06081779673695564
vt 0.1875 0.06581779569387436
vt 0.25 0.06081779673695564
vt 0.25 0.06581779569387436
vt 0.25 0.06081779673695564
vt 0.25 0.06581779569387436
vt 0.3125 0.06081779673695564
vt 0.3125 0.06581779569387436
vt 0.3125 0.06081779673695564
vt 0.3125 0.06581779569387436
vt 0.375 0.06081779673695564
vt 0.375 0.06581779569387436
vt 0.375 0.06081779673695564
vt 0.375 0.06581779569387436
vt 0.4375 0.06081779673695564
vt 0.4375 0.06581779569387436
vt 0.4375 0.06081779673695564
vt 0.4375 0.06581779569387436
vt 0.5 0.06081779673695564
vt 0.5 0.06581779569387436
vt 0.5 0.06081779673695564
vt 0.5 0.06581779569387436
vt 0.5625 0.06081779673695564
vt 0.5625 0.06581779569387436
vt 0.5625 0.06081779673695564
vt 0.5625 0.06581779569387436
vt 0.625 0.06081779673695564
vt 0.625 0.06581779569387436
vt 0.625 0.06081779673695564
vt 0.625 0.06581779569387436
vt 0.6875 0.06081779673695564
vt 0.6875 0.06581779569387436
vt 0.6875 0.06081779673695564
vt 0.6875 0.06581779569387436
vt 0.75 0.06081779673695564
vt 0.75 0.06581779569387436
vt 0.75 0.06081779673695564
vt 0.75 0.06581779569387436
vt 0.8125 0.06081779673695564
vt 0.8125 0.06581779569387436
vt 0.8125 0.06081779673695564
vt 0.8125 0.06581779569387436
vt 0.875 0.06081779673695564
vt 0.875 0.06581779569387436
vt 0.875 0.06081779673695564
vt 0.875 0.06581779569387436
vt 0.9375 0.06081779673695564
vt 0.9375 0.06581779569387436
vt 0.9375 0.06081779673695564
vt 0.9375 0.06581779569387436
vt 1 0.06081779673695564
vt 1 0.06581779569387436
vt 0 0.06581779569387436
vt 0 0.0807177945971489
vt 0.0625 0.06581779569387436
vt 0.0625 0.0807177945971489
vt 0.125 0.06581779569387436
vt 0.125 0.0807177945971489
vt 0.1875 0.06581779569387436
vt 0.1875 0.0807177945971489
vt 0.25 0.06581779569387436
vt 0.25 0.0807177945971489
vt 0.3125 0.06581779569387436
vt 0.3125 0.0807177945971489
vt 0.375 0.06581779569387436
vt 0.375 0.0807177945971489
vt 0.4375 0.06581779569387436
vt 0.4375 0.0807177945971489
vt 0.5 0.06581779569387436
vt 0.5 0.0807177945971489
vt 0.5625 0.06581779569387436
vt 0.5625 0.0807177945971489
vt 0.625 0.06581779569387436
vt 0.625 0.0807177945971489
vt 0.6875 0.06581779569387436
vt 0.6875 0.0807177945971489
vt 0.75 0.06581779569387436
vt 0.75 0.0807177945971489
vt 0.8125 0.06581779569387436
vt 0.8125 0.0807177945971489
vt 0.875 0.06581779569387436
vt 0.875 0.0807177945971489
vt 0.9375 0.06581779569387436
vt 0.9375 0.0807177945971489
vt 1 0.06581779569387436
vt 1 0.0807177945971489
vt 0 0.0807177945971489
vt 0 0
vt 0.0625 0.0807177945971489
vt 0.0625 0
vt 0.0625 0.0807177945971489
vt 0.0625 0
vt 0.125 0.0807177945971489
vt 0.125 0
vt 0.1875 0.0807177945971489
vt 0.1875 0
vt 0.1875 0.0807177945971489
vt 0.1875 0
vt 0.25 0.0807177945971489
vt 0.25 0
vt 0.3125 0.0807177945971489
vt 0.3125 0
vt 0.3125 0.0807177945971489
vt 0.3125 0
vt 0.375 0.0807177945971489
vt 0.375 0
vt 0.4375 0.0807177945971489
vt 0.4375 0
vt 0.4375 0.0807177945971489
vt 0.4375 0
vt 0.5 0.0807177945971489
vt 0.5 0
vt 0.5625 0.0807177945971489
vt 0.5625 0
vt 0.5625 0.0807177945971489
vt 0.5625 0
vt 0.625 0.0807177945971489
vt 0.625 0
vt 0.6875 0.0807177945971489
vt 0.6875 0
vt 0.6875 0.0807177945971489
vt 0.6875 0
vt 0.75 0.0807177945971489
vt 0.75 0
vt 0.8125 0.0807177945971489
vt 0.8125 0
vt 0.8125 0.0807177945971489
vt 0.8125 0
vt 0.875 0.0807177945971489
vt 0.875 0
vt 0.9375 0.0807177945971489
vt 0.9375 0
vt 0.9375 0.0807177945971489
vt 0.9375 0
vt 1 0.0807177945971489
vt 1 0
vn 0.555138062233 -0.831758217188 4.46013279376e-9
vn 0.555138062233 -0.831758217188 4.46013279376e-9
vn 0.00000000000 -1.00000000000 0.00000000000
vn 0.555138062233 -0.831758217188 4.46013279376e-9
vn 0.340378514224 -0.876518644473 0.340378514224
vn 0.340378514224 -0.876518644473 0.340378514224
vn 0.00000000000 -1.00000000000 0.00000000000
vn -4.46013279376e-9 -0.831758217188 0.555138062233
vn -4.46013279376e-9 -0.831758217188 0.555138062233
vn -4.46013279376e-9 -0.831758217188 0.555138062233
vn 0.00000000000 -1.00000000000 0.00000000000
vn -4.46013279376e-9 -0.831758217188 0.555138062233
vn -0.340378514224 -0.876518644473 0.340378514224
vn -0.340378514224 -0.876518644473 0.340378514224
vn 0.00000000000 -1.00000000000 0.00000000000
vn -0.555138062233 -0.831758217188 -4.46013279376e-9
vn -0.555138062233 -0.831758217188 -4.46013279376e-9
vn -0.555138062233 -0.831758217188 -4.46013279376e-9
vn 0.00000000000 -1.00000000000 0.00000000000
vn -0.555138062233 -0.831758217188 -4.46013279376e-9
vn -0.340378514224 -0.876518644473 -0.340378514224
vn -0.340378514224 -0.876518644473 -0.340378514224
vn 0.00000000000 -1.00000000000 0.00000000000
vn 4.46013279376e-9 -0.831758217188 -0.555138062233
vn 4.46013279376e-9 -0.831758217188 -0.555138062233
vn 4.46013279376e-9 -0.831758217188 -0.555138062233
vn 0.00000000000 -1.00000000000 0.00000000000
vn 4.46013279376e-9 -0.831758217188 -0.555138062233
vn 0.340378514224 -0.876518644473 -0.340378514224
vn 0.340378514224 -0.876518644473 -0.340378514224
vn 0.00000000000 -1.00000000000 0.00000000000
vn 0.555138062233 -0.831758217188 4.46013279376e-9
vn 0.555138062233 -0.831758217188 4.46013279376e-9
vn 0.555138062233 -0.831758217188 4.46013279376e-9
vn 0.731210825105 -0.681894657458 0.0187191180188
vn 0.731210825105 -0.681894657458 0.0187191180188
vn 0.731210825105 -0.681894657458 0.0187191180188
vn 0.731210825105 -0.681894657458 0.0187191180188
vn 0.662369781822 -0.748093359992 0.0402814705079
vn 0.662369781822 -0.748093359992 0.0402814705079
vn 0.498641946542 -0.724759114325 0.475479163951
vn 0.498641946542 -0.724759114325 0.475479163951
vn 0.0591591435218 -0.727833971059 0.683196828381
vn 0.0591591435218 -0.727833971059 0.683196828381
vn 0.0369179995958 -0.661907319002 0.748676006265
vn 0.0369179995958 -0.661907319002 0.748676006265
vn 0.0369179995958 -0.661907319002 0.748676006265
vn 0.0369179995958 -0.661907319002 0.748676006265
vn -0.0187191180188 -0.681894657458 0.731210825105
vn -0.0187191180188 -0.681894657458 0.731210825105
vn -0.0187191180188 -0.681894657458 0.731210825105
vn -0.0187191180188 -0.681894657458 0.731210825105
vn -0.0402814705079 -0.748093359992 0.662369781822
vn -0.0402814705079 -0.748093359992 0.662369781822
vn -0.475479163951 -0.724759114325 0.498641946542
vn -0.475479163951 -0.724759114325 0.498641946542
vn -0.683196828381 -0.727833971059 0.0591591435218
vn -0.683196828381 -0.727833971059 0.0591591435218
vn -0.748676006265 -0.661907319002 0.0369179995958
vn -0.748676006265 -0.661907319002 0.0369179995958
vn -0.748676006265 -0.661907319002 0.0369179995958
vn -0.748676006265 -0.661907319002 0.0369179995958
vn -0.731210825105 -0.681894657458 -0.0187191180188
vn -0.731210825105 -0.681894657458 -0.0187191180188
vn -0.731210825105 -0.681894657458 -0.0187191180188
vn -0.731210825105 -0.681894657458 -0.0187191180188
vn -0.662369781822 -0.748093359992 -0.0402814705079
vn -0.662369781822 -0.748093359992 -0.0402814705079
vn -0.498641946542 -0.724759114325 -0.475479163951
vn -0.498641946542 -0.724759114325 -0.475479163951
vn -0.0591591435218 -0.727833971059 -0.683196828381
vn -0.0591591435218 -0.727833971059 -0.683196828381
vn -0.0369179995958 -0.661907319002 -0.748676006265
vn -0.0369179995958 -0.661907319002 -0.748676006265
vn -0.0369179995958 -0.661907319002 -0.748676006265
vn -0.0369179995958 -0.661907319002 -0.748676006265
vn 0.0187191180188 -0.681894657458 -0.731210825105
vn 0.0187191180188 -0.681894657458 -0.731210825105
vn 0.0187191180188 -0.681894657458 -0.731210825105
vn 0.0187191180188 -0.681894657458 -0.731210825105
vn 0.0402814705079 -0.748093359992 -0.662369781822
vn 0.0402814705079 -0.748093359992 -0.662369781822
vn 0.475479163951 -0.724759114325 -0.498641946542
vn 0.475479163951 -0.724759114325 -0.498641946542
vn 0.683196828381 -0.727833971059 -0.0591591435218
vn 0.683196828381 -0.727833971059 -0.0591591435218
vn 0.748676006265 -0.661907319002 -0.0369179995958
vn 0.748676006265 -0.661907319002 -0.0369179995958
vn 0.748676006265 -0.661907319002 -0.0369179995958
vn 0.748676006265 -0.661907319002 -0.0369179995958
vn 0.968261906341 -0.246240707484 0.0428298343130
vn 0.879660246362 0.475601940053 -0.000803484579224
vn 0.968261906341 -0.246240707484 0.0428298343130
vn 0.879660246362 0.475601940053 -0.000803484579224
vn 0.960481367740 -0.183767933899 0.209057142177
vn 0.876761589780 0.469971136493 0.102060009551
vn 0.695985010788 -0.274165030978 0.663655332644
vn 0.629666136140 0.456603755715 0.628516958614
vn 0.232939425872 -0.153378757318 0.960319832492
vn 0.103391651560 0.460733220492 0.881495925074
vn 0.0934125174230 -0.245389190464 0.964913595506
vn 0.000803484579224 0.475601940053 0.879660246362
vn 0.0934125174230 -0.245389190464 0.964913595506
vn 0.000803484579224 0.475601940053 0.879660246362
vn -0.0428298343130 -0.246240707484 0.968261906341
vn -0.0428298343130 -0.246240707484 0.968261906341
vn 0.000803484579224 0.475601940053 0.879660246362
vn -0.209057142177 -0.183767933899 0.960481367740
vn -0.102060009551 0.469971136493 0.876761589780
vn -0.663655332644 -0.274165030978 0.695985010788
vn -0.628516958614 0.456603755715 0.629666136140
vn -0.960319832492 -0.153378757318 0.232939425872
vn -0.881495925074 0.460733220492 0.103391651560
vn -0.964913595506 -0.245389190464 0.0934125174230
vn -0.879660246362 0.475601940053 0.000803484579224
vn -0.964913595506 -0.245389190464 0.0934125174230
vn -0.879660246362 0.475601940053 0.000803484579224
vn -0.968261906341 -0.246240707484 -0.0428298343130
vn -0.968261906341 -0.246240707484 -0.0428298343130
vn -0.879660246362 0.475601940053 0.000803484579224
vn -0.960481367740 -0.183767933899 -0.209057142177
vn -0.876761589780 0.469971136493 -0.102060009551
vn -0.695985010788 -0.274165030978 -0.663655332644
vn -0.629666136140 0.456603755715 -0.628516958614
vn -0.232939425872 -0.153378757318 -0.960319832492
vn -0.103391651560 0.460733220492 -0.881495925074
vn -0.0934125174230 -0.245389190464 -0.964913595506
vn -0.000803484579224 0.475601940053 -0.879660246362
vn -0.0934125174230 -0.245389190464 -0.964913595506
vn -0.000803484579224 0.475601940053 -0.879660246362
vn 0.0428298343130 -0.246240707484 -0.968261906341
vn 0.0428298343130 -0.246240707484 -0.968261906341
vn -0.000803484579224 0.475601940053 -0.879660246362
vn 0.209057142177 -0.183767933899 -0.960481367740
vn 0.102060009551 0.469971136493 -0.876761589780
vn 0.663655332644 -0.274165030978 -0.695985010788
vn 0.628516958614 0.456603755715 -0.629666136140
vn 0.960319832492 -0.153378757318 -0.232939425872
vn 0.881495925074 0.460733220492 -0.103391651560
vn 0.964913595506 -0.245389190464 -0.0934125174230
vn 0.879660246362 0.475601940053 -0.000803484579224
vn 0.964913595506 -0.245389190464 -0.0934125174230
vn 0.879660246362 0.475601940053 -0.000803484579224
vn 0.879660246362 0.475601940053 -0.000803484579224
vn 0.879660246362 0.475601940053 -0.000803484579224
vn 0.863654879674 0.501193599122 0.0539001392762
vn 0.863654879674 0.501193599122 0.0539001392762
vn 0.629666136140 0.456603755715 0.628516958614
vn 0.0549748815640 0.493018312744 0.868280315161
vn 0.0549748815640 0.493018312744 0.868280315161
vn 0.000803484579224 0.475601940053 0.879660246362
vn 0.000803484579224 0.475601940053 0.879660246362
vn 0.000803484579224 0.475601940053 0.879660246362
vn -0.0539001392762 0.501193599122 0.863654879674
vn -0.0539001392762 0.501193599122 0.863654879674
vn -0.628516958614 0.456603755715 0.629666136140
vn -0.868280315161 0.493018312744 0.0549748815640
vn -0.868280315161 0.493018312744 0.0549748815640
vn -0.879660246362 0.475601940053 0.000803484579224
vn -0.879660246362 0.475601940053 0.000803484579224
vn -0.879660246362 0.475601940053 0.000803484579224
vn -0.863654879674 0.501193599122 -0.0539001392762
vn -0.863654879674 0.501193599122 -0.0539001392762
vn -0.629666136140 0.456603755715 -0.628516958614
vn -0.0549748815640 0.493018312744 -0.868280315161
vn -0.0549748815640 0.493018312744 -0.868280315161
vn -0.000803484579224 0.475601940053 -0.879660246362
vn -0.000803484579224 0.475601940053 -0.879660246362
vn -0.000803484579224 0.475601940053 -0.879660246362
vn 0.0539001392762 0.501193599122 -0.863654879674
vn 0.0539001392762 0.501193599122 -0.863654879674
vn 0.628516958614 0.456603755715 -0.629666136140
vn 0.868280315161 0.493018312744 -0.0549748815640
vn 0.868280315161 0.493018312744 -0.0549748815640
vn 0.879660246362 0.475601940053 -0.000803484579224
vn 0.879660246362 0.475601940053 -0.000803484579224
vn 0.915719530060 -0.401818046219 2.77030682510e-10
vn 0.915719530060 -0.401818046219 2.77030682510e-10
vn 0.876761589780 0.469971136493 0.102060009551
vn 0.913548188773 -0.392472661993 0.106746973623
vn 0.652745041521 -0.384509845828 0.652745041521
vn 0.103391651560 0.460733220492 0.881495925074
vn 0.106746973623 -0.392472661993 0.913548188773
vn -2.77030654755e-10 -0.401818046219 0.915719530060
vn -2.77030654755e-10 -0.401818046219 0.915719530060
vn -2.77030654755e-10 -0.401818046219 0.915719530060
vn -0.102060009551 0.469971136493 0.876761589780
vn -0.106746973623 -0.392472661993 0.913548188773
vn -0.652745041521 -0.384509845828 0.652745041521
vn -0.881495925074 0.460733220492 0.103391651560
vn -0.913548188773 -0.392472661993 0.106746973623
vn -0.915719530060 -0.401818046219 -2.77030626999e-10
vn -0.915719530060 -0.401818046219 -2.77030626999e-10
vn -0.915719530060 -0.401818046219 -2.77030626999e-10
vn -0.876761589780 0.469971136493 -0.102060009551
vn -0.913548188773 -0.392472661993 -0.106746973623
vn -0.652745041521 -0.384509845828 -0.652745041521
vn -0.103391651560 0.460733220492 -0.881495925074
vn -0.106746973623 -0.392472661993 -0.913548188773
vn 2.77030626999e-10 -0.401818046219 -0.915719530060
vn 2.77030626999e-10 -0.401818046219 -0.915719530060
vn 2.77030626999e-10 -0.401818046219 -0.915719530060
vn 0.102060009551 0.469971136493 -0.876761589780
vn 0.106746973623 -0.392472661993 -0.913548188773
vn 0.652745041521 -0.384509845828 -0.652745041521
vn 0.881495925074 0.460733220492 -0.103391651560
vn 0.913548188773 -0.392472661993 -0.106746973623
vn 0.915719530060 -0.401818046219 2.77030682510e-10
vn 0.915719530060 -0.401818046219 2.77030682510e-10
vn 0.878709713260 -0.477356512287 2.65834181877e-10
vn 0.878709713260 -0.477356512287 2.65834181877e-10
vn 0.878709713260 -0.477356512287 2.65834181877e-10
vn 0.878709713260 -0.477356512287 2.65834181877e-10
vn 0.858137350436 -0.510516036341 0.0545313160146
vn 0.858137350436 -0.510516036341 0.0545313160146
vn 0.575481914622 -0.581068956223 0.575481914622
vn 0.575481914622 -0.581068956223 0.575481914622
vn 0.0545313160146 -0.510516036341 0.858137350436
vn 0.0545313160146 -0.510516036341 0.858137350436
vn -2.65834154121e-10 -0.477356512287 0.878709713260
vn -2.65834154121e-10 -0.477356512287 0.878709713260
vn -2.65834154121e-10 -0.477356512287 0.878709713260
vn -2.65834154121e-10 -0.477356512287 0.878709713260
vn -2.65834154121e-10 -0.477356512287 0.878709713260
vn -2.65834154121e-10 -0.477356512287 0.878709713260
vn -0.0545313160146 -0.510516036341 0.858137350436
vn -0.0545313160146 -0.510516036341 0.858137350436
vn -0.575481914622 -0.581068956223 0.575481914622
vn -0.575481914622 -0.581068956223 0.575481914622
vn -0.858137350436 -0.510516036341 0.0545313160146
vn -0.858137350436 -0.510516036341 0.0545313160146
vn -0.878709713260 -0.477356512287 -2.65834126366e-10
vn -0.878709713260 -0.477356512287 -2.65834126366e-10
vn -0.878709713260 -0.477356512287 -2.65834126366e-10
vn -0.878709713260 -0.477356512287 -2.65834126366e-10
vn -0.878709713260 -0.477356512287 -2.65834126366e-10
vn -0.878709713260 -0.477356512287 -2.65834126366e-10
vn -0.858137350436 -0.510516036341 -0.0545313160146
vn -0.858137350436 -0.510516036341 -0.0545313160146
vn -0.575481914622 -0.581068956223 -0.575481914622
vn -0.575481914622 -0.581068956223 -0.575481914622
vn -0.0545313160146 -0.510516036341 -0.858137350436
vn -0.0545313160146 -0.510516036341 -0.858137350436
vn 2.65834098610e-10 -0.477356512287 -0.878709713260
vn 2.65834098610e-10 -0.477356512287 -0.878709713260
vn 2.65834098610e-10 -0.477356512287 -0.878709713260
vn 2.65834098610e-10 -0.477356512287 -0.878709713260
vn 2.65834098610e-10 -0.477356512287 -0.878709713260
vn 2.65834098610e-10 -0.477356512287 -0.878709713260
vn 0.0545313160146 -0.510516036341 -0.858137350436
vn 0.0545313160146 -0.510516036341 -0.858137350436
vn 0.575481914622 -0.581068956223 -0.575481914622
vn 0.575481914622 -0.581068956223 -0.575481914622
vn 0.858137350436 -0.510516036341 -0.0545313160146
vn 0.858137350436 -0.510516036341 -0.0545313160146
vn 0.878709713260 -0.477356512287 2.65834181877e-10
vn 0.878709713260 -0.477356512287 2.65834181877e-10
vn 0.878709713260 -0.477356512287 2.65834181877e-10
vn 0.878709713260 -0.477356512287 2.65834181877e-10
vn 0.915719530060 -0.401818046219 2.77030682510e-10
vn 0.849845839919 0.526520081650 0.0232088774348
vn 0.915719530060 -0.401818046219 2.77030682510e-10
vn 0.849845839919 0.526520081650 0.0232088774348
vn 0.913548188773 -0.392472661993 0.106746973623
vn 0.855067707699 0.506503270797 0.110966895613
vn 0.652745041521 -0.384509845828 0.652745041521
vn 0.592703872058 0.506797844299 0.625985674806
vn 0.106746973623 -0.392472661993 0.913548188773
vn 0.0873884798683 0.525839338687 0.846082882155
vn -2.77030654755e-10 -0.401818046219 0.915719530060
vn -0.0232088774348 0.526520081650 0.849845839919
vn -2.77030654755e-10 -0.401818046219 0.915719530060
vn -0.0232088774348 0.526520081650 0.849845839919
vn -2.77030654755e-10 -0.401818046219 0.915719530060
vn -0.0232088774348 0.526520081650 0.849845839919
vn -0.106746973623 -0.392472661993 0.913548188773
vn -0.110966895613 0.506503270797 0.855067707699
vn -0.652745041521 -0.384509845828 0.652745041521
vn -0.625985674806 0.506797844299 0.592703872058
vn -0.913548188773 -0.392472661993 0.106746973623
vn -0.846082882155 0.525839338687 0.0873884798683
vn -0.915719530060 -0.401818046219 -2.77030626999e-10
vn -0.849845839919 0.526520081650 -0.0232088774348
vn -0.915719530060 -0.401818046219 -2.77030626999e-10
vn -0.849845839919 0.526520081650 -0.0232088774348
vn -0.915719530060 -0.401818046219 -2.77030626999e-10
vn -0.849845839919 0.526520081650 -0.0232088774348
vn -0.913548188773 -0.392472661993 -0.106746973623
vn -0.855067707699 0.506503270797 -0.110966895613
vn -0.652745041521 -0.384509845828 -0.652745041521
vn -0.592703872058 0.506797844299 -0.625985674806
vn -0.106746973623 -0.392472661993 -0.913548188773
vn -0.0873884798683 0.525839338687 -0.846082882155
vn 2.77030626999e-10 -0.401818046219 -0.915719530060
vn 0.0232088774348 0.526520081650 -0.849845839919
vn 2.77030626999e-10 -0.401818046219 -0.915719530060
vn 0.0232088774348 0.526520081650 -0.849845839919
vn 2.77030626999e-10 -0.401818046219 -0.915719530060
vn 0.0232088774348 0.526520081650 -0.849845839919
vn 0.106746973623 -0.392472661993 -0.913548188773
vn 0.110966895613 0.506503270797 -0.855067707699
vn 0.652745041521 -0.384509845828 -0.652745041521
vn 0.625985674806 0.506797844299 -0.592703872058
vn 0.913548188773 -0.392472661993 -0.106746973623
vn 0.846082882155 0.525839338687 -0.0873884798683
vn 0.915719530060 -0.401818046219 2.77030682510e-10
vn 0.849845839919 0.526520081650 0.0232088774348
vn 0.915719530060 -0.401818046219 2.77030682510e-10
vn 0.849845839919 0.526520081650 0.0232088774348
vn 0.685432724892 0.727895311801 0.0187188329068
vn 0.685432724892 0.727895311801 0.0187188329068
vn 0.685432724892 0.727895311801 0.0187188329068
vn 0.685432724892 0.727895311801 0.0187188329068
vn 0.669778422902 0.741580802348 0.0381415495608
vn 0.669778422902 0.741580802348 0.0381415495608
vn 0.484299876545 0.709807705977 0.511494525987
vn 0.484299876545 0.709807705977 0.511494525987
vn 0.0194489342636 0.756285792100 0.653952245675
vn 0.0194489342636 0.756285792100 0.653952245675
vn -0.0187188329068 0.727895311801 0.685432724892
vn -0.0187188329068 0.727895311801 0.685432724892
vn -0.0187188329068 0.727895311801 0.685432724892
vn -0.0187188329068 0.727895311801 0.685432724892
vn -0.0187188329068 0.727895311801 0.685432724892
vn -0.0187188329068 0.727895311801 0.685432724892
vn -0.0381415495608 0.741580802348 0.669778422902
vn -0.0381415495608 0.741580802348 0.669778422902
vn -0.511494525987 0.709807705977 0.484299876545
vn -0.511494525987 0.709807705977 0.484299876545
vn -0.653952245675 0.756285792100 0.0194489342636
vn -0.653952245675 0.756285792100 0.0194489342636
vn -0.685432724892 0.727895311801 -0.0187188329068
vn -0.685432724892 0.727895311801 -0.0187188329068
vn -0.685432724892 0.727895311801 -0.0187188329068
vn -0.685432724892 0.727895311801 -0.0187188329068
vn -0.685432724892 0.727895311801 -0.0187188329068
vn -0.685432724892 0.727895311801 -0.0187188329068
vn -0.669778422902 0.741580802348 -0.0381415495608
vn -0.669778422902 0.741580802348 -0.0381415495608
vn -0.484299876545 0.709807705977 -0.511494525987
vn -0.484299876545 0.709807705977 -0.511494525987
vn -0.0194489342636 0.756285792100 -0.653952245675
vn -0.0194489342636 0.756285792100 -0.653952245675
vn 0.0187188329068 0.727895311801 -0.685432724892
vn 0.0187188329068 0.727895311801 -0.685432724892
vn 0.0187188329068 0.727895311801 -0.685432724892
vn 0.0187188329068 0.727895311801 -0.685432724892
vn 0.0187188329068 0.727895311801 -0.685432724892
vn 0.0187188329068 0.727895311801 -0.685432724892
vn 0.0381415495608 0.741580802348 -0.669778422902
vn 0.0381415495608 0.741580802348 -0.669778422902
vn 0.511494525987 0.709807705977 -0.484299876545
vn 0.511494525987 0.709807705977 -0.484299876545
vn 0.653952245675 0.756285792100 -0.0194489342636
vn 0.653952245675 0.756285792100 -0.0194489342636
vn 0.685432724892 0.727895311801 0.0187188329068
vn 0.685432724892 0.727895311801 0.0187188329068
vn 0.685432724892 0.727895311801 0.0187188329068
vn 0.685432724892 0.727895311801 0.0187188329068
vn 0.484474947628 0.874805135513 1.42283362896e-10
vn 0.00000000000 1.00000000000 0.00000000000
vn 0.484474947628 0.874805135513 1.42283362896e-10
vn 0.00000000000 1.00000000000 0.00000000000
vn 0.356328129625 0.863747954021 0.356328129625
vn 0.00000000000 1.00000000000 0.00000000000
vn -1.42283362896e-10 0.874805135513 0.484474947628
vn 0.00000000000 1.00000000000 0.00000000000
vn -1.42283362896e-10 0.874805135513 0.484474947628
vn 0.00000000000 1.00000000000 0.00000000000
vn -1.42283362896e-10 0.874805135513 0.484474947628
vn 0.00000000000 1.00000000000 0.00000000000
vn -0.356328129625 0.863747954021 0.356328129625
vn 0.00000000000 1.00000000000 0.00000000000
vn -0.484474947628 0.874805135513 -1.42283335140e-10
vn 0.00000000000 1.00000000000 0.00000000000
vn -0.484474947628 0.874805135513 -1.42283335140e-10
vn 0.00000000000 1.00000000000 0.00000000000
vn -0.484474947628 0.874805135513 -1.42283335140e-10
vn 0.00000000000 1.00000000000 0.00000000000
vn -0.356328129625 0.863747954021 -0.356328129625
vn 0.00000000000 1.00000000000 0.00000000000
vn 1.42283335140e-10 0.874805135513 -0.484474947628
vn 0.00000000000 1.00000000000 0.00000000000
vn 1.42283335140e-10 0.874805135513 -0.484474947628
vn 0.00000000000 1.00000000000 0.00000000000
vn 1.42283335140e-10 0.874805135513 -0.484474947628
vn 0.00000000000 1.00000000000 0.00000000000
vn 0.356328129625 0.863747954021 -0.356328129625
vn 0.00000000000 1.00000000000 0.00000000000
vn 0.484474947628 0.874805135513 1.42283362896e-10
vn 0.00000000000 1.00000000000 0.00000000000
vn 0.484474947628 0.874805135513 1.42283362896e-10
vn 0.00000000000 1.00000000000 0.00000000000
vn -0.980785276100 0.00000000000 -0.195090343647
vn -0.980785276100 0.00000000000 -0.195090343647
vn -0.980785276100 0.00000000000 -0.195090343647
vn -0.980785276100 0.00000000000 -0.195090343647
vn -0.831469601659 0.00000000000 -0.555570248949
vn -0.831469601659 0.00000000000 -0.555570248949
vn -0.831469601659 0.00000000000 -0.555570248949
vn -0.831469601659 0.00000000000 -0.555570248949
vn -0.555570248949 0.00000000000 -0.831469601659
vn -0.555570248949 0.00000000000 -0.831469601659
vn -0.555570248949 0.00000000000 -0.831469601659
vn -0.555570248949 0.00000000000 -0.831469601659
vn -0.195090343647 0.00000000000 -0.980785276100
vn -0.195090343647 0.00000000000 -0.980785276100
vn -0.195090343647 0.00000000000 -0.980785276100
vn -0.195090343647 0.00000000000 -0.980785276100
vn 0.195090343647 0.00000000000 -0.980785276100
vn 0.195090343647 0.00000000000 -0.980785276100
vn 0.195090343647 0.00000000000 -0.980785276100
vn 0.195090343647 0.00000000000 -0.980785276100
vn 0.555570248949 0.00000000000 -0.831469601659
vn 0.555570248949 0.00000000000 -0.831469601659
vn 0.555570248949 0.00000000000 -0.831469601659
vn 0.555570248949 0.00000000000 -0.831469601659
vn 0.831469601659 0.00000000000 -0.555570248949
vn 0.831469601659 0.00000000000 -0.555570248949
vn 0.831469601659 0.00000000000 -0.555570248949
vn 0.831469601659 0.00000000000 -0.555570248949
vn 0.980785276100 0.00000000000 -0.195090343647
vn 0.980785276100 0.00000000000 -0.195090343647
vn 0.980785276100 0.00000000000 -0.195090343647
vn 0.980785276100 0.00000000000 -0.195090343647
vn 0.980785276100 0.00000000000 0.195090343647
vn 0.980785276100 0.00000000000 0.195090343647
vn 0.980785276100 0.00000000000 0.195090343647
vn 0.980785276100 0.00000000000 0.195090343647
vn 0.831469601659 0.00000000000 0.555570248949
vn 0.831469601659 0.00000000000 0.555570248949
vn 0.831469601659 0.00000000000 0.555570248949
vn 0.831469601659 0.00000000000 0.555570248949
vn 0.555570248949 0.00000000000 0.831469601659
vn 0.555570248949 0.00000000000 0.831469601659
vn 0.555570248949 0.00000000000 0.831469601659
vn 0.555570248949 0.00000000000 0.831469601659
vn 0.195090343647 0.00000000000 0.980785276100
vn 0.195090343647 0.00000000000 0.980785276100
vn 0.195090343647 0.00000000000 0.980785276100
vn 0.195090343647 0.00000000000 0.980785276100
vn -0.195090343647 0.00000000000 0.980785276100
vn -0.195090343647 0.00000000000 0.980785276100
vn -0.195090343647 0.00000000000 0.980785276100
vn -0.195090343647 0.00000000000 0.980785276100
vn -0.555570248949 0.00000000000 0.831469601659
vn -0.555570248949 0.00000000000 0.831469601659
vn -0.555570248949 0.00000000000 0.831469601659
vn -0.555570248949 0.00000000000 0.831469601659
vn -0.831469601659 0.00000000000 0.555570248949
vn -0.831469601659 0.00000000000 0.555570248949
vn -0.831469601659 0.00000000000 0.555570248949
vn -0.831469601659 0.00000000000 0.555570248949
vn -0.980785276100 0.00000000000 0.195090343647
vn -0.980785276100 0.00000000000 0.195090343647
vn -0.980785276100 0.00000000000 0.195090343647
vn -0.980785276100 0.00000000000 0.195090343647
vn 0.00000000000 -1.00000000000 0.00000000000
vn 0.608489096619 -0.793562234041 1.37164460448e-10
vn 0.00000000000 -1.00000000000 0.00000000000
vn 0.00000000000 -1.00000000000 0.00000000000
vn 0.00000000000 -1.00000000000 0.00000000000
vn 0.356334394830 -0.863742784700 0.356334394830
vn 0.00000000000 -1.00000000000 0.00000000000
vn 0.00000000000 -1.00000000000 0.00000000000
vn 0.00000000000 -1.00000000000 0.00000000000
vn -1.37164432692e-10 -0.793562234041 0.608489096619
vn 0.00000000000 -1.00000000000 0.00000000000
vn 0.00000000000 -1.00000000000 0.00000000000
vn 0.00000000000 -1.00000000000 0.00000000000
vn -0.356334394830 -0.863742784700 0.356334394830
vn 0.00000000000 -1.00000000000 0.00000000000
vn 0.00000000000 -1.00000000000 0.00000000000
vn 0.00000000000 -1.00000000000 0.00000000000
vn -0.608489096619 -0.793562234041 -1.37164432692e-10
vn 0.00000000000 -1.00000000000 0.00000000000
vn 0.00000000000 -1.00000000000 0.00000000000
vn 0.00000000000 -1.00000000000 0.00000000000
vn -0.356334394830 -0.863742784700 -0.356334394830
vn 0.00000000000 -1.00000000000 0.00000000000
vn 0.00000000000 -1.00000000000 0.00000000000
vn 0.00000000000 -1.00000000000 0.00000000000
vn 1.37164432692e-10 -0.793562234041 -0.608489096619
vn 0.00000000000 -1.00000000000 0.00000000000
vn 0.00000000000 -1.00000000000 0.00000000000
vn 0.00000000000 -1.00000000000 0.00000000000
vn 0.356334394830 -0.863742784700 -0.356334394830
vn 0.00000000000 -1.00000000000 0.00000000000
vn 0.00000000000 -1.00000000000 0.00000000000
vn 0.00000000000 -1.00000000000 0.00000000000
vn 0.608489096619 -0.793562234041 1.37164460448e-10
vn -0.997809105538 0.00000000000 0.0661588157851
vn -0.997809105538 0.00000000000 -0.0661588157851
vn -0.997809101603 0.00000000000 0.0661588751289
vn -0.997809101603 0.00000000000 -0.0661588751289
vn -0.980785289774 0.00000000000 -0.195090274907
vn -0.980785276100 0.00000000000 -0.195090343647
vn -0.752338944991 0.00000000000 -0.658776222894
vn -0.658776222894 0.00000000000 -0.752338944991
vn -0.195090343647 0.00000000000 -0.980785276100
vn -0.195090274907 0.00000000000 -0.980785289774
vn -0.0661588751289 0.00000000000 -0.997809101603
vn 0.0661588751289 0.00000000000 -0.997809101603
vn -0.0661588157851 0.00000000000 -0.997809105538
vn 0.0661588157851 0.00000000000 -0.997809105538
vn -0.0661588751289 0.00000000000 -0.997809101603
vn 0.0661588751289 0.00000000000 -0.997809101603
vn 0.195090274907 0.00000000000 -0.980785289774
vn 0.195090343647 0.00000000000 -0.980785276100
vn 0.658776222894 0.00000000000 -0.752338944991
vn 0.752338944991 0.00000000000 -0.658776222894
vn 0.980785276100 0.00000000000 -0.195090343647
vn 0.980785289774 0.00000000000 -0.195090274907
vn 0.997809101603 0.00000000000 -0.0661588751289
vn 0.997809101603 0.00000000000 0.0661588751289
vn 0.997809105538 0.00000000000 -0.0661588157851
vn 0.997809105538 0.00000000000 0.0661588157851
vn 0.997809101603 0.00000000000 -0.0661588751289
vn 0.997809101603 0.00000000000 0.0661588751289
vn 0.980785289774 0.00000000000 0.195090274907
vn 0.980785276100 0.00000000000 0.195090343647
vn 0.752338944991 0.00000000000 0.658776222894
vn 0.658776222894 0.00000000000 0.752338944991
vn 0.195090343647 0.00000000000 0.980785276100
vn 0.195090274907 0.00000000000 0.980785289774
vn 0.0661588751289 0.00000000000 0.997809101603
vn -0.0661588751289 0.00000000000 0.997809101603
vn 0.0661588157851 0.00000000000 0.997809105538
vn -0.0661588157851 0.00000000000 0.997809105538
vn 0.0661588751289 0.00000000000 0.997809101603
vn -0.0661588751289 0.00000000000 0.997809101603
vn -0.195090274907 0.00000000000 0.980785289774
vn -0.195090343647 0.00000000000 0.980785276100
vn -0.658776222894 0.00000000000 0.752338944991
vn -0.752338944991 0.00000000000 0.658776222894
vn -0.980785276100 0.00000000000 0.195090343647
vn -0.980785289774 0.00000000000 0.195090274907
vn -0.997809101603 0.00000000000 0.0661588751289
vn -0.997809101603 0.00000000000 -0.0661588751289
vn -0.997809105538 0.00000000000 0.0661588157851
vn -0.997809105538 0.00000000000 -0.0661588157851
f 1/1/1 2/2/2 3/3/3
f 3/3/3 2/2/2 4/4/4
f 3/3/3 4/4/4 5/5/5
f 5/5/5 4/4/4 6/6/6
f 5/5/5 6/6/6 7/7/7
f 7/7/7 6/6/6 8/8/8
f 7/7/7 8/8/8 9/9/9
f 9/9/9 8/8/8 10/10/10
f 9/9/9 10/10/10 11/11/11
f 11/11/11 10/10/10 12/12/12
f 11/11/11 12/12/12 13/13/13
f 13/13/13 12/12/12 14/14/14
f 13/13/13 14/14/14 15/15/15
f 15/15/15 14/14/14 16/16/16
f 15/15/15 16/16/16 17/17/17
f 17/17/17 16/16/16 18/18/18
f 17/17/17 18/18/18 19/19/19
f 19/19/19 18/18/18 20/20/20
f 19/19/19 20/20/20 21/21/21
f 21/21/21 20/20/20 22/22/22
f 21/21/21 22/22/22 23/23/23
f 23/23/23 22/22/22 24/24/24
f 23/23/23 24/24/24 25/25/25
f 25/25/25 24/24/24 26/26/26
f 25/25/25 26/26/26 27/27/27
f 27/27/27 26/26/26 28/28/28
f 27/27/27 28/28/28 29/29/29
f 29/29/29 28/28/28 30/30/30
f 29/29/29 30/30/30 31/31/31
f 31/31/31 30/30/30 32/32/32
f 31/31/31 32/32/32 33/33/33
f 33/33/33 32/32/32 34/34/34
f 35/35/35 36/36/36 37/37/37
f 37/37/37 36/36/36 38/38/38
f 39/39/39 40/40/40 41/41/41
f 41/41/41 40/40/40 42/42/42
f 41/41/41 42/42/42 43/43/43
f 43/43/43 42/42/42 44/44/44
f 45/45/45 46/46/46 47/47/47
f 47/47/47 46/46/46 48/48/48
f 49/49/49 50/50/50 51/51/51
f 51/51/51 50/50/50 52/52/52
f 53/53/53 54/54/54 55/55/55
f 55/55/55 54/54/54 56/56/56
f 55/55/55 56/56/56 57/57/57
f 57/57/57 56/56/56 58/58/58
f 59/59/59 60/60/60 61/61/61
f 61/61/61 60/60/60 62/62/62
f 63/63/63 64/64/64 65/65/65
f 65/65/65 64/64/64 66/66/66
f 67/67/67 68/68/68 69/69/69
f 69/69/69 68/68/68 70/70/70
f 69/69/69 70/70/70 71/71/71
f 71/71/71 70/70/70 72/72/72
f 73/73/73 74/74/74 75/75/75
f 75/75/75 74/74/74 76/76/76
f 77/77/77 78/78/78 79/79/79
f 79/79/79 78/78/78 80/80/80
f 81/81/81 82/82/82 83/83/83
f 83/83/83 82/82/82 84/84/84
f 83/83/83 84/84/84 85/85/85
f 85/85/85 84/84/84 86/86/86
f 87/87/87 88/88/88 89/89/89
f 89/89/89 88/88/88 90/90/90
f 91/91/91 92/92/92 93/93/93
f 93/93/93 92/92/92 94/94/94
f 95/95/95 96/96/96 97/97/97
f 97/97/97 96/96/96 98/98/98
f 97/97/97 98/98/98 99/99/99
f 99/99/99 98/98/98 100/100/100
f 101/101/101 102/102/102 103/103/103
f 103/103/103 102/102/102 104/104/104
f 105/105/105 104/104/104 106/106/106
f 106/106/106 104/104/104 107/107/107
f 108/108/108 109/109/109 110/110/110
f 110/110/110 109/109/109 111/111/111
f 110/110/110 111/111/111 112/112/112
f 112/112/112 111/111/111 113/113/113
f 114/114/114 115/115/115 116/116/116
f 116/116/116 115/115/115 117/117/117
f 118/118/118 117/117/117 119/119/119
f 119/119/119 117/117/117 120/120/120
f 121/121/121 122/122/122 123/123/123
f 123/123/123 122/122/122 124/124/124
f 123/123/123 124/124/124 125/125/125
f 125/125/125 124/124/124 126/126/126
f 127/127/127 128/128/128 129/129/129
f 129/129/129 128/128/128 130/130/130
f 131/131/131 130/130/130 132/132/132
f 132/132/132 130/130/130 133/133/133
f 134/134/134 135/135/135 136/136/136
f 136/136/136 135/135/135 137/137/137
f 136/136/136 137/137/137 138/138/138
f 138/138/138 137/137/137 139/139/139
f 140/140/140 141/141/141 142/142/142
f 142/142/142 141/141/141 143/143/143
f 92/92/92 144/144/144 94/94/94
f 94/94/94 144/144/144 145/145/145
f 146/146/146 147/147/147 98/98/98
f 98/98/98 147/147/147 148/148/148
f 98/98/98 148/148/148 149/149/149
f 149/149/149 148/148/148 150/150/150
f 102/102/102 151/151/151 104/104/104
f 104/104/104 151/151/151 152/152/152
f 104/104/104 152/152/152 107/107/107
f 107/107/107 152/152/152 153/153/153
f 154/154/154 155/155/155 111/111/111
f 111/111/111 155/155/155 156/156/156
f 111/111/111 156/156/156 157/157/157
f 157/157/157 156/156/156 158/158/158
f 115/115/115 159/159/159 117/117/117
f 117/117/117 159/159/159 160/160/160
f 117/117/117 160/160/160 120/120/120
f 120/120/120 160/160/160 161/161/161
f 162/162/162 163/163/163 124/124/124
f 124/124/124 163/163/163 164/164/164
f 124/124/124 164/164/164 165/165/165
f 165/165/165 164/164/164 166/166/166
f 128/128/128 167/167/167 130/130/130
f 130/130/130 167/167/167 168/168/168
f 130/130/130 168/168/168 133/133/133
f 133/133/133 168/168/168 169/169/169
f 170/170/170 171/171/171 137/137/137
f 137/137/137 171/171/171 172/172/172
f 137/137/137 172/172/172 173/173/173
f 173/173/173 172/172/172 174/174/174
f 141/141/141 175/175/175 143/143/143
f 143/143/143 175/175/175 176/176/176
f 144/144/144 177/177/177 145/145/145
f 145/145/145 177/177/177 178/178/178
f 179/179/179 180/180/180 148/148/148
f 148/148/148 180/180/180 181/181/181
f 148/148/148 181/181/181 182/182/182
f 182/182/182 181/181/181 183/183/183
f 151/151/151 184/184/184 152/152/152
f 152/152/152 184/184/184 185/185/185
f 152/152/152 185/185/185 153/153/153
f 153/153/153 185/185/185 186/186/186
f 187/187/187 188/188/188 156/156/156
f 156/156/156 188/188/188 189/189/189
f 156/156/156 189/189/189 190/190/190
f 190/190/190 189/189/189 191/191/191
f 159/159/159 192/192/192 160/160/160
f 160/160/160 192/192/192 193/193/193
f 160/160/160 193/193/193 161/161/161
f 161/161/161 193/193/193 194/194/194
f 195/195/195 196/196/196 164/164/164
f 164/164/164 196/196/196 197/197/197
f 164/164/164 197/197/197 198/198/198
f 198/198/198 197/197/197 199/199/199
f 167/167/167 200/200/200 168/168/168
f 168/168/168 200/200/200 201/201/201
f 168/168/168 201/201/201 169/169/169
f 169/169/169 201/201/201 202/202/202
f 203/203/203 204/204/204 172/172/172
f 172/172/172 204/204/204 205/205/205
f 172/172/172 205/205/205 206/206/206
f 206/206/206 205/205/205 207/207/207
f 175/175/175 208/208/208 176/176/176
f 176/176/176 208/208/208 209/209/209
f 210/210/210 211/211/211 212/212/212
f 212/212/212 211/211/211 213/213/213
f 214/214/214 215/215/215 216/216/216
f 216/216/216 215/215/215 217/217/217
f 216/216/216 217/217/217 218/218/218
f 218/218/218 217/217/217 219/219/219
f 220/220/220 221/221/221 222/222/222
f 222/222/222 221/221/221 223/223/223
f 222/222/222 223/223/223 224/224/224
f 224/224/224 223/223/223 225/225/225
f 226/226/226 227/227/227 228/228/228
f 228/228/228 227/227/227 229/229/229
f 228/228/228 229/229/229 230/230/230
f 230/230/230 229/229/229 231/231/231
f 232/232/232 233/233/233 234/234/234
f 234/234/234 233/233/233 235/235/235
f 234/234/234 235/235/235 236/236/236
f 236/236/236 235/235/235 237/237/237
f 238/238/238 239/239/239 240/240/240
f 240/240/240 239/239/239 241/241/241
f 240/240/240 241/241/241 242/242/242
f 242/242/242 241/241/241 243/243/243
f 244/244/244 245/245/245 246/246/246
f 246/246/246 245/245/245 247/247/247
f 246/246/246 247/247/247 248/248/248
f 248/248/248 247/247/247 249/249/249
f 250/250/250 251/251/251 252/252/252
f 252/252/252 251/251/251 253/253/253
f 252/252/252 253/253/253 254/254/254
f 254/254/254 253/253/253 255/255/255
f 256/256/256 257/257/257 258/258/258
f 258/258/258 257/257/257 259/259/259
f 260/260/260 261/261/261 262/262/262
f 262/262/262 261/261/261 263/263/263
f 264/264/264 265/265/265 266/266/266
f 266/266/266 265/265/265 267/267/267
f 266/266/266 267/267/267 268/268/268
f 268/268/268 267/267/267 269/269/269
f 270/270/270 271/271/271 272/272/272
f 272/272/272 271/271/271 273/273/273
f 272/272/272 273/273/273 274/274/274
f 274/274/274 273/273/273 275/275/275
f 276/276/276 277/277/277 278/278/278
f 278/278/278 277/277/277 279/279/279
f 278/278/278 279/279/279 280/280/280
f 280/280/280 279/279/279 281/281/281
f 282/282/282 283/283/283 284/284/284
f 284/284/284 283/283/283 285/285/285
f 284/284/284 285/285/285 286/286/286
f 286/286/286 285/285/285 287/287/287
f 288/288/288 289/289/289 290/290/290
f 290/290/290 289/289/289 291/291/291
f 290/290/290 291/291/291 292/292/292
f 292/292/292 291/291/291 293/293/293
f 294/294/294 295/295/295 296/296/296
f 296/296/296 295/295/295 297/297/297
f 296/296/296 297/297/297 298/298/298
f 298/298/298 297/297/297 299/299/299
f 300/300/300 301/301/301 302/302/302
f 302/302/302 301/301/301 303/303/303
f 302/302/302 303/303/303 304/304/304
f 304/304/304 303/303/303 305/305/305
f 306/306/306 307/307/307 308/308/308
f 308/308/308 307/307/307 309/309/309
f 310/310/310 311/311/311 312/312/312
f 312/312/312 311/311/311 313/313/313
f 314/314/314 315/315/315 316/316/316
f 316/316/316 315/315/315 317/317/317
f 316/316/316 317/317/317 318/318/318
f 318/318/318 317/317/317 319/319/319
f 320/320/320 321/321/321 322/322/322
f 322/322/322 321/321/321 323/323/323
f 322/322/322 323/323/323 324/324/324
f 324/324/324 323/323/323 325/325/325
f 326/326/326 327/327/327 328/328/328
f 328/328/328 327/327/327 329/329/329
f 328/328/328 329/329/329 330/330/330
f 330/330/330 329/329/329 331/331/331
f 332/332/332 333/333/333 334/334/334
f 334/334/334 333/333/333 335/335/335
f 334/334/334 335/335/335 336/336/336
f 336/336/336 335/335/335 337/337/337
f 338/338/338 339/339/339 340/340/340
f 340/340/340 339/339/339 341/341/341
f 340/340/340 341/341/341 342/342/342
f 342/342/342 341/341/341 343/343/343
f 344/344/344 345/345/345 346/346/346
f 346/346/346 345/345/345 347/347/347
f 346/346/346 347/347/347 348/348/348
f 348/348/348 347/347/347 349/349/349
f 350/350/350 351/351/351 352/352/352
f 352/352/352 351/351/351 353/353/353
f 352/352/352 353/353/353 354/354/354
f 354/354/354 353/353/353 355/355/355
f 356/356/356 357/357/357 358/358/358
f 358/358/358 357/357/357 359/359/359
f 360/360/360 361/361/361 362/362/362
f 362/362/362 361/361/361 363/363/363
f 362/362/362 363/363/363 364/364/364
f 364/364/364 363/363/363 365/365/365
f 364/364/364 365/365/365 366/366/366
f 366/366/366 365/365/365 367/367/367
f 366/366/366 367/367/367 368/368/368
f 368/368/368 367/367/367 369/369/369
f 368/368/368 369/369/369 370/370/370
f 370/370/370 369/369/369 371/371/371
f 370/370/370 371/371/371 372/372/372
f 372/372/372 371/371/371 373/373/373
f 372/372/372 373/373/373 374/374/374
f 374/374/374 373/373/373 375/375/375
f 374/374/374 375/375/375 376/376/376
f 376/376/376 375/375/375 377/377/377
f 376/376/376 377/377/377 378/378/378
f 378/378/378 377/377/377 379/379/379
f 378/378/378 379/379/379 380/380/380
f 380/380/380 379/379/379 381/381/381
f 380/380/380 381/381/381 382/382/382
f 382/382/382 381/381/381 383/383/383
f 382/382/382 383/383/383 384/384/384
f 384/384/384 383/383/383 385/385/385
f 384/384/384 385/385/385 386/386/386
f 386/386/386 385/385/385 387/387/387
f 386/386/386 387/387/387 388/388/388
f 388/388/388 387/387/387 389/389/389
f 388/388/388 389/389/389 390/390/390
f 390/390/390 389/389/389 391/391/391
f 390/390/390 391/391/391 392/392/392
f 392/392/392 391/391/391 393/393/393
f 394/394/394 395/395/395 396/396/396
f 396/396/396 395/395/395 397/397/397
f 398/398/398 399/399/399 400/400/400
f 400/400/400 399/399/399 401/401/401
f 402/402/402 403/403/403 404/404/404
f 404/404/404 403/403/403 405/405/405
f 406/406/406 407/407/407 408/408/408
f 408/408/408 407/407/407 409/409/409
f 410/410/410 411/411/411 412/412/412
f 412/412/412 411/411/411 413/413/413
f 414/414/414 415/415/415 416/416/416
f 416/416/416 415/415/415 417/417/417
f 418/418/418 419/419/419 420/420/420
f 420/420/420 419/419/419 421/421/421
f 422/422/422 423/423/423 424/424/424
f 424/424/424 423/423/423 425/425/425
f 426/426/426 427/427/427 428/428/428
f 428/428/428 427/427/427 429/429/429
f 430/430/430 431/431/431 432/432/432
f 432/432/432 431/431/431 433/433/433
f 434/434/434 435/435/435 436/436/436
f 436/436/436 435/435/435 437/437/437
f 438/438/438 439/439/439 440/440/440
f 440/440/440 439/439/439 441/441/441
f 442/442/442 443/443/443 444/444/444
f 444/444/444 443/443/443 445/445/445
f 446/446/446 447/447/447 448/448/448
f 448/448/448 447/447/447 449/449/449
f 450/450/450 451/451/451 452/452/452
f 452/452/452 451/451/451 453/453/453
f 454/454/454 455/455/455 456/456/456
f 456/456/456 455/455/455 457/457/457
f 458/458/458 459/459/459 460/460/460
f 460/460/460 459/459/459 461/461/461
f 460/460/460 461/461/461 462/462/462
f 462/462/462 461/461/461 463/463/463
f 462/462/462 463/463/463 464/464/464
f 464/464/464 463/463/463 465/465/465
f 464/464/464 465/465/465 466/466/466
f 466/466/466 465/465/465 467/467/467
f 466/466/466 467/467/467 468/468/468
f 468/468/468 467/467/467 469/469/469
f 468/468/468 469/469/469 470/470/470
f 470/470/470 469/469/469 471/471/471
f 470/470/470 471/471/471 472/472/472
f 472/472/472 471/471/471 473/473/473
f 472/472/472 473/473/473 474/474/474
f 474/474/474 473/473/473 475/475/475
f 474/474/474 475/475/475 476/476/476
f 476/476/476 475/475/475 477/477/477
f 476/476/476 477/477/477 478/478/478
f 478/478/478 477/477/477 479/479/479
f 478/478/478 479/479/479 480/480/480
f 480/480/480 479/479/479 481/481/481
f 480/480/480 481/481/481 482/482/482
f 482/482/482 481/481/481 483/483/483
f 482/482/482 483/483/483 484/484/484
f 484/484/484 483/483/483 485/485/485
f 484/484/484 485/485/485 486/486/486
f 486/486/486 485/485/485 487/487/487
f 486/486/486 487/487/487 488/488/488
f 488/488/488 487/487/487 489/489/489
f 488/488/488 489/489/489 490/490/490
f 490/490/490 489/489/489 491/491/491
f 492/492/492 493/493/493 494/494/494
f 494/494/494 493/493/493 495/495/495
f 496/496/496 497/497/497 498/498/498
f 498/498/498 497/497/497 499/499/499
f 498/498/498 499/499/499 500/500/500
f 500/500/500 499/499/499 501/501/501
f 502/502/502 503/503/503 504/504/504
f 504/504/504 503/503/503 505/505/505
f 504/504/504 505/505/505 506/506/506
f 506/506/506 505/505/505 507/507/507
f 508/508/508 509/509/509 510/510/510
f 510/510/510 509/509/509 511/511/511
f 510/510/510 511/511/511 512/512/512
f 512/512/512 511/511/511 513/513/513
f 514/514/514 515/515/515 516/516/516
f 516/516/516 515/515/515 517/517/517
f 516/516/516 517/517/517 518/518/518
f 518/518/518 517/517/517 519/519/519
f 520/520/520 521/521/521 522/522/522
f 522/522/522 521/521/521 523/523/523
f 522/522/522 523/523/523 524/524/524
f 524/524/524 523/523/523 525/525/525
f 526/526/526 527/527/527 528/528/528
f 528/528/528 527/527/527 529/529/529
f 528/528/528 529/529/529 530/530/530
f 530/530/530 529/529/529 531/531/531
f 532/532/532 533/533/533 534/534/534
f 534/534/534 533/533/533 535/535/535
f 534/534/534 535/535/535 536/536/536
f 536/536/536 535/535/535 537/537/537
f 538/538/538 539/539/539 540/540/540
f 540/540/540 539/539/539 541/541/541
o S09
v -0.0154499998316 1.44700000262 0.00400000018999
v -0.0185708515346 1.44829000360 0.00390344741754
v -0.0180500000715 1.44700000262 0.00400000018999
v -0.0215367283672 1.44829000360 0.00390344741754
v -0.0180500000715 1.44700000262 0.00400000018999
v -0.0215367283672 1.44829000360 0.00390344741754
v -0.0182499997318 1.44700000262 0.00380000006407
v -0.0217367280275 1.44829000360 0.00370344752446
v -0.0217367280275 1.44829000360 0.00370344752446
v -0.0182499997318 1.44700000262 -0.00380000006407
v -0.0217367280275 1.44829000360 -0.00370344752446
v -0.0217367280275 1.44829000360 -0.00370344752446
v -0.0180500000715 1.44700000262 -0.00400000018999
v -0.0215367283672 1.44829000360 -0.00390344741754
v -0.0180500000715 1.44700000262 -0.00400000018999
v -0.0215367283672 1.44829000360 -0.00390344741754
v -0.0154499998316 1.44700000262 -0.00400000018999
v -0.0185708515346 1.44829000360 -0.00390344741754
v -0.0154499998316 1.44700000262 -0.00400000018999
v -0.0185708515346 1.44829000360 -0.00390344741754
v -0.0152500001714 1.44700000262 -0.00380000006407
v -0.0183708500117 1.44829000360 -0.00370344752446
v -0.0152500001714 1.44700000262 -0.00380000006407
v -0.0183708500117 1.44829000360 -0.00370344752446
v -0.0152500001714 1.44700000262 0.00380000006407
v -0.0183708500117 1.44829000360 0.00370344752446
v -0.0152500001714 1.44700000262 0.00380000006407
v -0.0183708500117 1.44829000360 0.00370344752446
v -0.0154499998316 1.44700000262 0.00400000018999
v -0.0185708515346 1.44829000360 0.00390344741754
v -0.0209386758506 1.45022500134 0.00346642616205
v -0.0251073427498 1.45022500134 0.00346642616205
v -0.0215367283672 1.44829000360 0.00390344741754
v -0.0251073427498 1.45022500134 0.00346642616205
v -0.0217367280275 1.44829000360 0.00370344752446
v -0.0253073424101 1.45022500134 0.00326642626897
v -0.0253073424101 1.45022500134 0.00326642626897
v -0.0253073424101 1.45022500134 -0.00326642626897
v -0.0217367280275 1.44829000360 -0.00370344752446
v -0.0253073424101 1.45022500134 -0.00326642626897
v -0.0215367283672 1.44829000360 -0.00390344741754
v -0.0251073427498 1.45022500134 -0.00346642616205
v -0.0251073427498 1.45022500134 -0.00346642616205
v -0.0209386758506 1.45022500134 -0.00346642616205
v -0.0185708515346 1.44829000360 -0.00390344741754
v -0.0209386758506 1.45022500134 -0.00346642616205
v -0.0183708500117 1.44829000360 -0.00370344752446
v -0.0207386743277 1.45022500134 -0.00326642626897
v -0.0207386743277 1.45022500134 -0.00326642626897
v -0.0207386743277 1.45022500134 0.00326642626897
v -0.0183708500117 1.44829000360 0.00370344752446
v -0.0207386743277 1.45022500134 0.00326642626897
v -0.0185708515346 1.44829000360 0.00390344741754
v -0.0209386758506 1.45022500134 0.00346642616205
v -0.0209386758506 1.45022500134 0.00346642616205
v -0.0235705245286 1.45345000005 0.00233156629838
v -0.0251073427498 1.45022500134 0.00346642616205
v -0.0302947014570 1.45345000005 0.00233156629838
v -0.0302947014570 1.45345000005 0.00233156629838
v -0.0304947011173 1.45345000005 0.00213156640530
v -0.0304947011173 1.45345000005 0.00213156640530
v -0.0304947011173 1.45345000005 -0.00213156640530
v -0.0304947011173 1.45345000005 -0.00213156640530
v -0.0302947014570 1.45345000005 -0.00233156629838
v -0.0251073427498 1.45022500134 -0.00346642616205
v -0.0302947014570 1.45345000005 -0.00233156629838
v -0.0209386758506 1.45022500134 -0.00346642616205
v -0.0235705245286 1.45345000005 -0.00233156629838
v -0.0209386758506 1.45022500134 -0.00346642616205
v -0.0235705245286 1.45345000005 -0.00233156629838
v -0.0207386743277 1.45022500134 -0.00326642626897
v -0.0233705230057 1.45345000005 -0.00213156640530
v -0.0233705230057 1.45345000005 -0.00213156640530
v -0.0233705230057 1.45345000005 0.00213156640530
v -0.0207386743277 1.45022500134 0.00326642626897
v -0.0233705230057 1.45345000005 0.00213156640530
v -0.0209386758506 1.45022500134 0.00346642616205
v -0.0235705245286 1.45345000005 0.00233156629838
v -0.0235705245286 1.45345000005 0.00233156629838
v -0.0267828293145 1.45774999833 0.00109087454621
v -0.0357829704881 1.45774999833 0.00109087454621
v -0.0357829704881 1.45774999833 0.00109087454621
v -0.0359829738736 1.45774999833 0.000890874594916
v -0.0359829738736 1.45774999833 0.000890874594916
v -0.0359829738736 1.45774999833 -0.000890874594916
v -0.0359829738736 1.45774999833 -0.000890874594916
v -0.0357829704881 1.45774999833 -0.00109087454621
v -0.0357829704881 1.45774999833 -0.00109087454621
v -0.0235705245286 1.45345000005 -0.00233156629838
v -0.0267828293145 1.45774999833 -0.00109087454621
v -0.0235705245286 1.45345000005 -0.00233156629838
v -0.0267828293145 1.45774999833 -0.00109087454621
v -0.0233705230057 1.45345000005 -0.00213156640530
v -0.0265828296542 1.45774999833 -0.000890874594916
v -0.0265828296542 1.45774999833 -0.000890874594916
v -0.0265828296542 1.45774999833 0.000890874594916
v -0.0233705230057 1.45345000005 0.00213156640530
v -0.0265828296542 1.45774999833 0.000890874594916
v -0.0235705245286 1.45345000005 0.00233156629838
v -0.0267828293145 1.45774999833 0.00109087454621
v -0.0267828293145 1.45774999833 0.00109087454621
v -0.0325697846711 1.46420000321 0.00100000004750
v -0.0357829704881 1.45774999833 0.00109087454621
v -0.0411380156875 1.46420000321 0.00100000004750
v -0.0411380156875 1.46420000321 0.00100000004750
v -0.0413380153477 1.46420000321 0.000799999979790
v -0.0413380153477 1.46420000321 0.000799999979790
v -0.0413380153477 1.46420000321 -0.000799999979790
v -0.0413380153477 1.46420000321 -0.000799999979790
v -0.0411380156875 1.46420000321 -0.00100000004750
v -0.0357829704881 1.45774999833 -0.00109087454621
v -0.0411380156875 1.46420000321 -0.00100000004750
v -0.0267828293145 1.45774999833 -0.00109087454621
v -0.0325697846711 1.46420000321 -0.00100000004750
v -0.0325697846711 1.46420000321 -0.00100000004750
v -0.0323697850108 1.46420000321 -0.000799999979790
v -0.0323697850108 1.46420000321 -0.000799999979790
v -0.0323697850108 1.46420000321 0.000799999979790
v -0.0323697850108 1.46420000321 0.000799999979790
v -0.0325697846711 1.46420000321 0.00100000004750
v -0.0391661487520 1.47279999977 0.00100000004750
v -0.0472448505461 1.47279999977 0.00100000004750
v -0.0472448505461 1.47279999977 0.00100000004750
v -0.0474448502064 1.47279999977 0.000799999979790
v -0.0474448502064 1.47279999977 0.000799999979790
v -0.0474448502064 1.47279999977 -0.000799999979790
v -0.0474448502064 1.47279999977 -0.000799999979790
v -0.0472448505461 1.47279999977 -0.00100000004750
v -0.0472448505461 1.47279999977 -0.00100000004750
v -0.0391661487520 1.47279999977 -0.00100000004750
v -0.0391661487520 1.47279999977 -0.00100000004750
v -0.0389661490917 1.47279999977 -0.000799999979790
v -0.0389661490917 1.47279999977 -0.000799999979790
v -0.0389661490917 1.47279999977 0.000799999979790
v -0.0389661490917 1.47279999977 0.000799999979790
v -0.0391661487520 1.47279999977 0.00100000004750
v -0.0473540686071 1.48570000207 0.00100000004750
v -0.0549583323300 1.48570000207 0.00100000004750
v -0.0549583323300 1.48570000207 0.00100000004750
v -0.0551583319902 1.48570000207 0.000799999979790
v -0.0551583319902 1.48570000207 0.000799999979790
v -0.0551583319902 1.48570000207 -0.000799999979790
v -0.0551583319902 1.48570000207 -0.000799999979790
v -0.0549583323300 1.48570000207 -0.00100000004750
v -0.0549583323300 1.48570000207 -0.00100000004750
v -0.0473540686071 1.48570000207 -0.00100000004750
v -0.0473540686071 1.48570000207 -0.00100000004750
v -0.0471540689468 1.48570000207 -0.000799999979790
v -0.0471540689468 1.48570000207 -0.000799999979790
v -0.0471540689468 1.48570000207 0.000799999979790
v -0.0471540689468 1.48570000207 0.000799999979790
v -0.0473540686071 1.48570000207 0.00100000004750
v -0.0549229197204 1.50074999979 0.00100000004750
v -0.0621352866292 1.50074999979 0.00100000004750
v -0.0621352866292 1.50074999979 0.00100000004750
v -0.0623352862895 1.50074999979 0.000799999979790
v -0.0623352862895 1.50074999979 0.000799999979790
v -0.0623352862895 1.50074999979 -0.000799999979790
v -0.0623352862895 1.50074999979 -0.000799999979790
v -0.0621352866292 1.50074999979 -0.00100000004750
v -0.0621352866292 1.50074999979 -0.00100000004750
v -0.0549229197204 1.50074999979 -0.00100000004750
v -0.0549229197204 1.50074999979 -0.00100000004750
v -0.0547229200602 1.50074999979 -0.000799999979790
v -0.0547229200602 1.50074999979 -0.000799999979790
v -0.0547229200602 1.50074999979 0.000799999979790
v -0.0547229200602 1.50074999979 0.000799999979790
v -0.0549229197204 1.50074999979 0.00100000004750
v -0.0612493902445 1.51795000038 0.00100000004750
v -0.0681378245354 1.51795000038 0.00100000004750
v -0.0681378245354 1.51795000038 0.00100000004750
v -0.0683378279209 1.51795000038 0.000799999979790
v -0.0683378279209 1.51795000038 0.000799999979790
v -0.0683378279209 1.51795000038 -0.000799999979790
v -0.0683378279209 1.51795000038 -0.000799999979790
v -0.0681378245354 1.51795000038 -0.00100000004750
v -0.0681378245354 1.51795000038 -0.00100000004750
v -0.0612493902445 1.51795000038 -0.00100000004750
v -0.0612493902445 1.51795000038 -0.00100000004750
v -0.0610493905842 1.51795000038 -0.000799999979790
v -0.0610493905842 1.51795000038 -0.000799999979790
v -0.0610493905842 1.51795000038 0.000799999979790
v -0.0610493905842 1.51795000038 0.000799999979790
v -0.0612493902445 1.51795000038 0.00100000004750
v -0.0654907673597 1.53730000010 0.00100000004750
v -0.0721559226513 1.53730000010 0.00100000004750
v -0.0721559226513 1.53730000010 0.00100000004750
v -0.0723559185863 1.53730000010 0.000799999979790
v -0.0723559185863 1.53730000010 0.000799999979790
v -0.0723559185863 1.53730000010 -0.000799999979790
v -0.0723559185863 1.53730000010 -0.000799999979790
v -0.0721559226513 1.53730000010 -0.00100000004750
v -0.0721559226513 1.53730000010 -0.00100000004750
v -0.0654907673597 1.53730000010 -0.00100000004750
v -0.0654907673597 1.53730000010 -0.00100000004750
v -0.0652907639742 1.53730000010 -0.000799999979790
v -0.0652907639742 1.53730000010 -0.000799999979790
v -0.0652907639742 1.53730000010 0.000799999979790
v -0.0652907639742 1.53730000010 0.000799999979790
v -0.0654907673597 1.53730000010 0.00100000004750
v -0.0666999965906 1.55449999999 0.00100000004750
v -0.0732999965549 1.55449999999 0.00100000004750
v -0.0721559226513 1.53730000010 0.00100000004750
v -0.0732999965549 1.55449999999 0.00100000004750
v -0.0723559185863 1.53730000010 0.000799999979790
v -0.0734999999404 1.55449999999 0.000799999979790
v -0.0723559185863 1.53730000010 0.000799999979790
v -0.0734999999404 1.55449999999 0.000799999979790
v -0.0723559185863 1.53730000010 -0.000799999979790
v -0.0734999999404 1.55449999999 -0.000799999979790
v -0.0723559185863 1.53730000010 -0.000799999979790
v -0.0734999999404 1.55449999999 -0.000799999979790
v -0.0721559226513 1.53730000010 -0.00100000004750
v -0.0732999965549 1.55449999999 -0.00100000004750
v -0.0732999965549 1.55449999999 -0.00100000004750
v -0.0666999965906 1.55449999999 -0.00100000004750
v -0.0654907673597 1.53730000010 -0.00100000004750
v -0.0666999965906 1.55449999999 -0.00100000004750
v -0.0652907639742 1.53730000010 -0.000799999979790
v -0.0665000006557 1.55449999999 -0.000799999979790
v -0.0652907639742 1.53730000010 -0.000799999979790
v -0.0665000006557 1.55449999999 -0.000799999979790
v -0.0652907639742 1.53730000010 0.000799999979790
v -0.0665000006557 1.55449999999 0.000799999979790
v -0.0652907639742 1.53730000010 0.000799999979790
v -0.0665000006557 1.55449999999 0.000799999979790
v -0.0654907673597 1.53730000010 0.00100000004750
v -0.0666999965906 1.55449999999 0.00100000004750
v -0.0654907673597 1.57169999941 0.00100000004750
v -0.0721559226513 1.57169999941 0.00100000004750
v -0.0732999965549 1.55449999999 0.00100000004750
v -0.0721559226513 1.57169999941 0.00100000004750
v -0.0734999999404 1.55449999999 0.000799999979790
v -0.0723559185863 1.57169999941 0.000799999979790
v -0.0734999999404 1.55449999999 0.000799999979790
v -0.0723559185863 1.57169999941 0.000799999979790
v -0.0734999999404 1.55449999999 -0.000799999979790
v -0.0723559185863 1.57169999941 -0.000799999979790
v -0.0734999999404 1.55449999999 -0.000799999979790
v -0.0723559185863 1.57169999941 -0.000799999979790
v -0.0732999965549 1.55449999999 -0.00100000004750
v -0.0721559226513 1.57169999941 -0.00100000004750
v -0.0721559226513 1.57169999941 -0.00100000004750
v -0.0654907673597 1.57169999941 -0.00100000004750
v -0.0666999965906 1.55449999999 -0.00100000004750
v -0.0654907673597 1.57169999941 -0.00100000004750
v -0.0665000006557 1.55449999999 -0.000799999979790
v -0.0652907639742 1.57169999941 -0.000799999979790
v -0.0665000006557 1.55449999999 -0.000799999979790
v -0.0652907639742 1.57169999941 -0.000799999979790
v -0.0665000006557 1.55449999999 0.000799999979790
v -0.0652907639742 1.57169999941 0.000799999979790
v -0.0665000006557 1.55449999999 0.000799999979790
v -0.0652907639742 1.57169999941 0.000799999979790
v -0.0666999965906 1.55449999999 0.00100000004750
v -0.0654907673597 1.57169999941 0.00100000004750
v -0.0612493902445 1.59105000100 0.00100000004750
v -0.0681378245354 1.59105000100 0.00100000004750
v -0.0721559226513 1.57169999941 0.00100000004750
v -0.0681378245354 1.59105000100 0.00100000004750
v -0.0723559185863 1.57169999941 0.000799999979790
v -0.0683378279209 1.59105000100 0.000799999979790
v -0.0723559185863 1.57169999941 0.000799999979790
v -0.0683378279209 1.59105000100 0.000799999979790
v -0.0723559185863 1.57169999941 -0.000799999979790
v -0.0683378279209 1.59105000100 -0.000799999979790
v -0.0723559185863 1.57169999941 -0.000799999979790
v -0.0683378279209 1.59105000100 -0.000799999979790
v -0.0721559226513 1.57169999941 -0.00100000004750
v -0.0681378245354 1.59105000100 -0.00100000004750
v -0.0681378245354 1.59105000100 -0.00100000004750
v -0.0612493902445 1.59105000100 -0.00100000004750
v -0.0654907673597 1.57169999941 -0.00100000004750
v -0.0612493902445 1.59105000100 -0.00100000004750
v -0.0652907639742 1.57169999941 -0.000799999979790
v -0.0610493905842 1.59105000100 -0.000799999979790
v -0.0652907639742 1.57169999941 -0.000799999979790
v -0.0610493905842 1.59105000100 -0.000799999979790
v -0.0652907639742 1.57169999941 0.000799999979790
v -0.0610493905842 1.59105000100 0.000799999979790
v -0.0652907639742 1.57169999941 0.000799999979790
v -0.0610493905842 1.59105000100 0.000799999979790
v -0.0654907673597 1.57169999941 0.00100000004750
v -0.0612493902445 1.59105000100 0.00100000004750
v -0.0549229197204 1.60825000158 0.00100000004750
v -0.0621352866292 1.60825000158 0.00100000004750
v -0.0621352866292 1.60825000158 0.00100000004750
v -0.0623352862895 1.60825000158 0.000799999979790
v -0.0623352862895 1.60825000158 0.000799999979790
v -0.0623352862895 1.60825000158 -0.000799999979790
v -0.0623352862895 1.60825000158 -0.000799999979790
v -0.0621352866292 1.60825000158 -0.00100000004750
v -0.0621352866292 1.60825000158 -0.00100000004750
v -0.0549229197204 1.60825000158 -0.00100000004750
v -0.0549229197204 1.60825000158 -0.00100000004750
v -0.0547229200602 1.60825000158 -0.000799999979790
v -0.0547229200602 1.60825000158 -0.000799999979790
v -0.0547229200602 1.60825000158 0.000799999979790
v -0.0547229200602 1.60825000158 0.000799999979790
v -0.0549229197204 1.60825000158 0.00100000004750
v -0.0473540686071 1.62329999930 0.00100000004750
v -0.0549583323300 1.62329999930 0.00100000004750
v -0.0549583323300 1.62329999930 0.00100000004750
v -0.0551583319902 1.62329999930 0.000799999979790
v -0.0551583319902 1.62329999930 0.000799999979790
v -0.0551583319902 1.62329999930 -0.000799999979790
v -0.0551583319902 1.62329999930 -0.000799999979790
v -0.0549583323300 1.62329999930 -0.00100000004750
v -0.0549583323300 1.62329999930 -0.00100000004750
v -0.0473540686071 1.62329999930 -0.00100000004750
v -0.0473540686071 1.62329999930 -0.00100000004750
v -0.0471540689468 1.62329999930 -0.000799999979790
v -0.0471540689468 1.62329999930 -0.000799999979790
v -0.0471540689468 1.62329999930 0.000799999979790
v -0.0471540689468 1.62329999930 0.000799999979790
v -0.0473540686071 1.62329999930 0.00100000004750
v -0.0391661487520 1.63620000160 0.00100000004750
v -0.0472448505461 1.63620000160 0.00100000004750
v -0.0472448505461 1.63620000160 0.00100000004750
v -0.0474448502064 1.63620000160 0.000799999979790
v -0.0474448502064 1.63620000160 0.000799999979790
v -0.0474448502064 1.63620000160 -0.000799999979790
v -0.0474448502064 1.63620000160 -0.000799999979790
v -0.0472448505461 1.63620000160 -0.00100000004750
v -0.0472448505461 1.63620000160 -0.00100000004750
v -0.0391661487520 1.63620000160 -0.00100000004750
v -0.0391661487520 1.63620000160 -0.00100000004750
v -0.0389661490917 1.63620000160 -0.000799999979790
v -0.0389661490917 1.63620000160 -0.000799999979790
v -0.0389661490917 1.63620000160 0.000799999979790
v -0.0389661490917 1.63620000160 0.000799999979790
v -0.0391661487520 1.63620000160 0.00100000004750
v -0.0325697846711 1.64479999816 0.00100000004750
v -0.0411380156875 1.64479999816 0.00100000004750
v -0.0411380156875 1.64479999816 0.00100000004750
v -0.0413380153477 1.64479999816 0.000799999979790
v -0.0413380153477 1.64479999816 0.000799999979790
v -0.0413380153477 1.64479999816 -0.000799999979790
v -0.0413380153477 1.64479999816 -0.000799999979790
v -0.0411380156875 1.64479999816 -0.00100000004750
v -0.0411380156875 1.64479999816 -0.00100000004750
v -0.0325697846711 1.64479999816 -0.00100000004750
v -0.0325697846711 1.64479999816 -0.00100000004750
v -0.0323697850108 1.64479999816 -0.000799999979790
v -0.0323697850108 1.64479999816 -0.000799999979790
v -0.0323697850108 1.64479999816 0.000799999979790
v -0.0323697850108 1.64479999816 0.000799999979790
v -0.0325697846711 1.64479999816 0.00100000004750
v -0.0267828293145 1.65125000304 0.00109087454621
v -0.0357829704881 1.65125000304 0.00109087454621
v -0.0357829704881 1.65125000304 0.00109087454621
v -0.0359829738736 1.65125000304 0.000890874594916
v -0.0359829738736 1.65125000304 0.000890874594916
v -0.0359829738736 1.65125000304 -0.000890874594916
v -0.0359829738736 1.65125000304 -0.000890874594916
v -0.0357829704881 1.65125000304 -0.00109087454621
v -0.0357829704881 1.65125000304 -0.00109087454621
v -0.0267828293145 1.65125000304 -0.00109087454621
v -0.0267828293145 1.65125000304 -0.00109087454621
v -0.0265828296542 1.65125000304 -0.000890874594916
v -0.0265828296542 1.65125000304 -0.000890874594916
v -0.0265828296542 1.65125000304 0.000890874594916
v -0.0265828296542 1.65125000304 0.000890874594916
v -0.0267828293145 1.65125000304 0.00109087454621
v -0.0267828293145 1.65125000304 0.00109087454621
v -0.0235705245286 1.65555000132 0.00233156629838
v -0.0302947014570 1.65555000132 0.00233156629838
v -0.0302947014570 1.65555000132 0.00233156629838
v -0.0304947011173 1.65555000132 0.00213156640530
v -0.0304947011173 1.65555000132 0.00213156640530
v -0.0304947011173 1.65555000132 -0.00213156640530
v -0.0304947011173 1.65555000132 -0.00213156640530
v -0.0302947014570 1.65555000132 -0.00233156629838
v -0.0302947014570 1.65555000132 -0.00233156629838
v -0.0267828293145 1.65125000304 -0.00109087454621
v -0.0235705245286 1.65555000132 -0.00233156629838
v -0.0235705245286 1.65555000132 -0.00233156629838
v -0.0233705230057 1.65555000132 -0.00213156640530
v -0.0233705230057 1.65555000132 -0.00213156640530
v -0.0233705230057 1.65555000132 0.00213156640530
v -0.0233705230057 1.65555000132 0.00213156640530
v -0.0235705245286 1.65555000132 0.00233156629838
v -0.0235705245286 1.65555000132 0.00233156629838
v -0.0209386758506 1.65877500004 0.00346642616205
v -0.0251073427498 1.65877500004 0.00346642616205
v -0.0251073427498 1.65877500004 0.00346642616205
v -0.0253073424101 1.65877500004 0.00326642626897
v -0.0253073424101 1.65877500004 0.00326642626897
v -0.0253073424101 1.65877500004 -0.00326642626897
v -0.0253073424101 1.65877500004 -0.00326642626897
v -0.0251073427498 1.65877500004 -0.00346642616205
v -0.0251073427498 1.65877500004 -0.00346642616205
v -0.0235705245286 1.65555000132 -0.00233156629838
v -0.0209386758506 1.65877500004 -0.00346642616205
v -0.0235705245286 1.65555000132 -0.00233156629838
v -0.0209386758506 1.65877500004 -0.00346642616205
v -0.0233705230057 1.65555000132 -0.00213156640530
v -0.0207386743277 1.65877500004 -0.00326642626897
v -0.0207386743277 1.65877500004 -0.00326642626897
v -0.0207386743277 1.65877500004 0.00326642626897
v -0.0233705230057 1.65555000132 0.00213156640530
v -0.0207386743277 1.65877500004 0.00326642626897
v -0.0235705245286 1.65555000132 0.00233156629838
v -0.0209386758506 1.65877500004 0.00346642616205
v -0.0209386758506 1.65877500004 0.00346642616205
v -0.0185708515346 1.66070999777 0.00390344741754
v -0.0251073427498 1.65877500004 0.00346642616205
v -0.0215367283672 1.66070999777 0.00390344741754
v -0.0215367283672 1.66070999777 0.00390344741754
v -0.0217367280275 1.66070999777 0.00370344752446
v -0.0217367280275 1.66070999777 0.00370344752446
v -0.0217367280275 1.66070999777 -0.00370344752446
v -0.0217367280275 1.66070999777 -0.00370344752446
v -0.0215367283672 1.66070999777 -0.00390344741754
v -0.0251073427498 1.65877500004 -0.00346642616205
v -0.0215367283672 1.66070999777 -0.00390344741754
v -0.0209386758506 1.65877500004 -0.00346642616205
v -0.0185708515346 1.66070999777 -0.00390344741754
v -0.0209386758506 1.65877500004 -0.00346642616205
v -0.0185708515346 1.66070999777 -0.00390344741754
v -0.0207386743277 1.65877500004 -0.00326642626897
v -0.0183708500117 1.66070999777 -0.00370344752446
v -0.0183708500117 1.66070999777 -0.00370344752446
v -0.0183708500117 1.66070999777 0.00370344752446
v -0.0207386743277 1.65877500004 0.00326642626897
v -0.0183708500117 1.66070999777 0.00370344752446
v -0.0209386758506 1.65877500004 0.00346642616205
v -0.0185708515346 1.66070999777 0.00390344741754
v -0.0154499998316 1.66199999875 0.00400000018999
v -0.0180500000715 1.66199999875 0.00400000018999
v -0.0215367283672 1.66070999777 0.00390344741754
v -0.0180500000715 1.66199999875 0.00400000018999
v -0.0217367280275 1.66070999777 0.00370344752446
v -0.0182499997318 1.66199999875 0.00380000006407
v -0.0182499997318 1.66199999875 -0.00380000006407
v -0.0217367280275 1.66070999777 -0.00370344752446
v -0.0215367283672 1.66070999777 -0.00390344741754
v -0.0180500000715 1.66199999875 -0.00400000018999
v -0.0180500000715 1.66199999875 -0.00400000018999
v -0.0154499998316 1.66199999875 -0.00400000018999
v -0.0185708515346 1.66070999777 -0.00390344741754
v -0.0154499998316 1.66199999875 -0.00400000018999
v -0.0183708500117 1.66070999777 -0.00370344752446
v -0.0152500001714 1.66199999875 -0.00380000006407
v -0.0152500001714 1.66199999875 -0.00380000006407
v -0.0152500001714 1.66199999875 0.00380000006407
v -0.0183708500117 1.66070999777 0.00370344752446
v -0.0152500001714 1.66199999875 0.00380000006407
v -0.0185708515346 1.66070999777 0.00390344741754
v -0.0154499998316 1.66199999875 0.00400000018999
v -0.0154499998316 1.44700000262 0.00400000018999
v -0.0154499998316 1.66199999875 0.00400000018999
v -0.0154499998316 1.44700000262 -0.00400000018999
v -0.0154499998316 1.66199999875 -0.00400000018999
v -0.0152500001714 1.44700000262 -0.00380000006407
v -0.0152500001714 1.66199999875 -0.00380000006407
v -0.0152500001714 1.44700000262 0.00380000006407
v -0.0152500001714 1.66199999875 0.00380000006407
vt 0 0
vt 0 0.006000000052154064
vt 0.125 0
vt 0.125 0.006000000052154064
vt 0.125 0
vt 0.125 0.006000000052154064
vt 0.25 0
vt 0.25 0.006000000052154064
vt 0.25 0.006000000052154064
vt 0.375 0
vt 0.375 0.006000000052154064
vt 0.375 0.006000000052154064
vt 0.5 0
vt 0.5 0.006000000052154064
vt 0.5 0
vt 0.5 0.006000000052154064
vt 0.625 0
vt 0.625 0.006000000052154064
vt 0.625 0
vt 0.625 0.006000000052154064
vt 0.75 0
vt 0.75 0.006000000052154064
vt 0.75 0
vt 0.75 0.006000000052154064
vt 0.875 0
vt 0.875 0.006000000052154064
vt 0.875 0
vt 0.875 0.006000000052154064
vt 0 0
vt 0 0.006000000052154064
vt 0 0.014999999664723873
vt 0.125 0.014999999664723873
vt 0.125 0.006000000052154064
vt 0.125 0.014999999664723873
vt 0.25 0.006000000052154064
vt 0.25 0.014999999664723873
vt 0.25 0.014999999664723873
vt 0.375 0.014999999664723873
vt 0.375 0.006000000052154064
vt 0.375 0.014999999664723873
vt 0.5 0.006000000052154064
vt 0.5 0.014999999664723873
vt 0.5 0.014999999664723873
vt 0.625 0.014999999664723873
vt 0.625 0.006000000052154064
vt 0.625 0.014999999664723873
vt 0.75 0.006000000052154064
vt 0.75 0.014999999664723873
vt 0.75 0.014999999664723873
vt 0.875 0.014999999664723873
vt 0.875 0.006000000052154064
vt 0.875 0.014999999664723873
vt 0 0.006000000052154064
vt 0 0.014999999664723873
vt 0 0.014999999664723873
vt 0 0.029999999329447746
vt 0.125 0.014999999664723873
vt 0.125 0.029999999329447746
vt 0.125 0.029999999329447746
vt 0.25 0.029999999329447746
vt 0.25 0.029999999329447746
vt 0.375 0.029999999329447746
vt 0.375 0.029999999329447746
vt 0.5 0.029999999329447746
vt 0.5 0.014999999664723873
vt 0.5 0.029999999329447746
vt 0.625 0.014999999664723873
vt 0.625 0.029999999329447746
vt 0.625 0.014999999664723873
vt 0.625 0.029999999329447746
vt 0.75 0.014999999664723873
vt 0.75 0.029999999329447746
vt 0.75 0.029999999329447746
vt 0.875 0.029999999329447746
vt 0.875 0.014999999664723873
vt 0.875 0.029999999329447746
vt 0 0.014999999664723873
vt 0 0.029999999329447746
vt 0 0.029999999329447746
vt 0 0.05000000074505806
vt 0.125 0.05000000074505806
vt 0.125 0.05000000074505806
vt 0.25 0.05000000074505806
vt 0.25 0.05000000074505806
vt 0.375 0.05000000074505806
vt 0.375 0.05000000074505806
vt 0.5 0.05000000074505806
vt 0.5 0.05000000074505806
vt 0.625 0.029999999329447746
vt 0.625 0.05000000074505806
vt 0.625 0.029999999329447746
vt 0.625 0.05000000074505806
vt 0.75 0.029999999329447746
vt 0.75 0.05000000074505806
vt 0.75 0.05000000074505806
vt 0.875 0.05000000074505806
vt 0.875 0.029999999329447746
vt 0.875 0.05000000074505806
vt 0 0.029999999329447746
vt 0 0.05000000074505806
vt 0 0.05000000074505806
vt 0 0.07999999821186066
vt 0.125 0.05000000074505806
vt 0.125 0.07999999821186066
vt 0.125 0.07999999821186066
vt 0.25 0.07999999821186066
vt 0.25 0.07999999821186066
vt 0.375 0.07999999821186066
vt 0.375 0.07999999821186066
vt 0.5 0.07999999821186066
vt 0.5 0.05000000074505806
vt 0.5 0.07999999821186066
vt 0.625 0.05000000074505806
vt 0.625 0.07999999821186066
vt 0.625 0.07999999821186066
vt 0.75 0.07999999821186066
vt 0.75 0.07999999821186066
vt 0.875 0.07999999821186066
vt 0.875 0.07999999821186066
vt 0 0.07999999821186066
vt 0 0.11999999731779099
vt 0.125 0.11999999731779099
vt 0.125 0.11999999731779099
vt 0.25 0.11999999731779099
vt 0.25 0.11999999731779099
vt 0.375 0.11999999731779099
vt 0.375 0.11999999731779099
vt 0.5 0.11999999731779099
vt 0.5 0.11999999731779099
vt 0.625 0.11999999731779099
vt 0.625 0.11999999731779099
vt 0.75 0.11999999731779099
vt 0.75 0.11999999731779099
vt 0.875 0.11999999731779099
vt 0.875 0.11999999731779099
vt 0 0.11999999731779099
vt 0 0.18000000715255737
vt 0.125 0.18000000715255737
vt 0.125 0.18000000715255737
vt 0.25 0.18000000715255737
vt 0.25 0.18000000715255737
vt 0.375 0.18000000715255737
vt 0.375 0.18000000715255737
vt 0.5 0.18000000715255737
vt 0.5 0.18000000715255737
vt 0.625 0.18000000715255737
vt 0.625 0.18000000715255737
vt 0.75 0.18000000715255737
vt 0.75 0.18000000715255737
vt 0.875 0.18000000715255737
vt 0.875 0.18000000715255737
vt 0 0.18000000715255737
vt 0 0.25
vt 0.125 0.25
vt 0.125 0.25
vt 0.25 0.25
vt 0.25 0.25
vt 0.375 0.25
vt 0.375 0.25
vt 0.5 0.25
vt 0.5 0.25
vt 0.625 0.25
vt 0.625 0.25
vt 0.75 0.25
vt 0.75 0.25
vt 0.875 0.25
vt 0.875 0.25
vt 0 0.25
vt 0 0.33000001311302185
vt 0.125 0.33000001311302185
vt 0.125 0.33000001311302185
vt 0.25 0.33000001311302185
vt 0.25 0.33000001311302185
vt 0.375 0.33000001311302185
vt 0.375 0.33000001311302185
vt 0.5 0.33000001311302185
vt 0.5 0.33000001311302185
vt 0.625 0.33000001311302185
vt 0.625 0.33000001311302185
vt 0.75 0.33000001311302185
vt 0.75 0.33000001311302185
vt 0.875 0.33000001311302185
vt 0.875 0.33000001311302185
vt 0 0.33000001311302185
vt 0 0.41999998688697815
vt 0.125 0.41999998688697815
vt 0.125 0.41999998688697815
vt 0.25 0.41999998688697815
vt 0.25 0.41999998688697815
vt 0.375 0.41999998688697815
vt 0.375 0.41999998688697815
vt 0.5 0.41999998688697815
vt 0.5 0.41999998688697815
vt 0.625 0.41999998688697815
vt 0.625 0.41999998688697815
vt 0.75 0.41999998688697815
vt 0.75 0.41999998688697815
vt 0.875 0.41999998688697815
vt 0.875 0.41999998688697815
vt 0 0.41999998688697815
vt 0 0.5
vt 0.125 0.5
vt 0.125 0.41999998688697815
vt 0.125 0.5
vt 0.25 0.41999998688697815
vt 0.25 0.5
vt 0.25 0.41999998688697815
vt 0.25 0.5
vt 0.375 0.41999998688697815
vt 0.375 0.5
vt 0.375 0.41999998688697815
vt 0.375 0.5
vt 0.5 0.41999998688697815
vt 0.5 0.5
vt 0.5 0.5
vt 0.625 0.5
vt 0.625 0.41999998688697815
vt 0.625 0.5
vt 0.75 0.41999998688697815
vt 0.75 0.5
vt 0.75 0.41999998688697815
vt 0.75 0.5
vt 0.875 0.41999998688697815
vt 0.875 0.5
vt 0.875 0.41999998688697815
vt 0.875 0.5
vt 0 0.41999998688697815
vt 0 0.5
vt 0 0.5799999833106995
vt 0.125 0.5799999833106995
vt 0.125 0.5
vt 0.125 0.5799999833106995
vt 0.25 0.5
vt 0.25 0.5799999833106995
vt 0.25 0.5
vt 0.25 0.5799999833106995
vt 0.375 0.5
vt 0.375 0.5799999833106995
vt 0.375 0.5
vt 0.375 0.5799999833106995
vt 0.5 0.5
vt 0.5 0.5799999833106995
vt 0.5 0.5799999833106995
vt 0.625 0.5799999833106995
vt 0.625 0.5
vt 0.625 0.5799999833106995
vt 0.75 0.5
vt 0.75 0.5799999833106995
vt 0.75 0.5
vt 0.75 0.5799999833106995
vt 0.875 0.5
vt 0.875 0.5799999833106995
vt 0.875 0.5
vt 0.875 0.5799999833106995
vt 0 0.5
vt 0 0.5799999833106995
vt 0 0.6700000166893005
vt 0.125 0.6700000166893005
vt 0.125 0.5799999833106995
vt 0.125 0.6700000166893005
vt 0.25 0.5799999833106995
vt 0.25 0.6700000166893005
vt 0.25 0.5799999833106995
vt 0.25 0.6700000166893005
vt 0.375 0.5799999833106995
vt 0.375 0.6700000166893005
vt 0.375 0.5799999833106995
vt 0.375 0.6700000166893005
vt 0.5 0.5799999833106995
vt 0.5 0.6700000166893005
vt 0.5 0.6700000166893005
vt 0.625 0.6700000166893005
vt 0.625 0.5799999833106995
vt 0.625 0.6700000166893005
vt 0.75 0.5799999833106995
vt 0.75 0.6700000166893005
vt 0.75 0.5799999833106995
vt 0.75 0.6700000166893005
vt 0.875 0.5799999833106995
vt 0.875 0.6700000166893005
vt 0.875 0.5799999833106995
vt 0.875 0.6700000166893005
vt 0 0.5799999833106995
vt 0 0.6700000166893005
vt 0 0.75
vt 0.125 0.75
vt 0.125 0.75
vt 0.25 0.75
vt 0.25 0.75
vt 0.375 0.75
vt 0.375 0.75
vt 0.5 0.75
vt 0.5 0.75
vt 0.625 0.75
vt 0.625 0.75
vt 0.75 0.75
vt 0.75 0.75
vt 0.875 0.75
vt 0.875 0.75
vt 0 0.75
vt 0 0.8199999928474426
vt 0.125 0.8199999928474426
vt 0.125 0.8199999928474426
vt 0.25 0.8199999928474426
vt 0.25 0.8199999928474426
vt 0.375 0.8199999928474426
vt 0.375 0.8199999928474426
vt 0.5 0.8199999928474426
vt 0.5 0.8199999928474426
vt 0.625 0.8199999928474426
vt 0.625 0.8199999928474426
vt 0.75 0.8199999928474426
vt 0.75 0.8199999928474426
vt 0.875 0.8199999928474426
vt 0.875 0.8199999928474426
vt 0 0.8199999928474426
vt 0 0.8799999952316284
vt 0.125 0.8799999952316284
vt 0.125 0.8799999952316284
vt 0.25 0.8799999952316284
vt 0.25 0.8799999952316284
vt 0.375 0.8799999952316284
vt 0.375 0.8799999952316284
vt 0.5 0.8799999952316284
vt 0.5 0.8799999952316284
vt 0.625 0.8799999952316284
vt 0.625 0.8799999952316284
vt 0.75 0.8799999952316284
vt 0.75 0.8799999952316284
vt 0.875 0.8799999952316284
vt 0.875 0.8799999952316284
vt 0 0.8799999952316284
vt 0 0.9200000166893005
vt 0.125 0.9200000166893005
vt 0.125 0.9200000166893005
vt 0.25 0.9200000166893005
vt 0.25 0.9200000166893005
vt 0.375 0.9200000166893005
vt 0.375 0.9200000166893005
vt 0.5 0.9200000166893005
vt 0.5 0.9200000166893005
vt 0.625 0.9200000166893005
vt 0.625 0.9200000166893005
vt 0.75 0.9200000166893005
vt 0.75 0.9200000166893005
vt 0.875 0.9200000166893005
vt 0.875 0.9200000166893005
vt 0 0.9200000166893005
vt 0 0.949999988079071
vt 0.125 0.949999988079071
vt 0.125 0.949999988079071
vt 0.25 0.949999988079071
vt 0.25 0.949999988079071
vt 0.375 0.949999988079071
vt 0.375 0.949999988079071
vt 0.5 0.949999988079071
vt 0.5 0.949999988079071
vt 0.625 0.949999988079071
vt 0.625 0.949999988079071
vt 0.75 0.949999988079071
vt 0.75 0.949999988079071
vt 0.875 0.949999988079071
vt 0.875 0.949999988079071
vt 0 0.949999988079071
vt 0 0.949999988079071
vt 0 0.9700000286102295
vt 0.125 0.9700000286102295
vt 0.125 0.9700000286102295
vt 0.25 0.9700000286102295
vt 0.25 0.9700000286102295
vt 0.375 0.9700000286102295
vt 0.375 0.9700000286102295
vt 0.5 0.9700000286102295
vt 0.5 0.9700000286102295
vt 0.625 0.949999988079071
vt 0.625 0.9700000286102295
vt 0.625 0.9700000286102295
vt 0.75 0.9700000286102295
vt 0.75 0.9700000286102295
vt 0.875 0.9700000286102295
vt 0.875 0.9700000286102295
vt 0 0.9700000286102295
vt 0 0.9700000286102295
vt 0 0.9850000143051147
vt 0.125 0.9850000143051147
vt 0.125 0.9850000143051147
vt 0.25 0.9850000143051147
vt 0.25 0.9850000143051147
vt 0.375 0.9850000143051147
vt 0.375 0.9850000143051147
vt 0.5 0.9850000143051147
vt 0.5 0.9850000143051147
vt 0.625 0.9700000286102295
vt 0.625 0.9850000143051147
vt 0.625 0.9700000286102295
vt 0.625 0.9850000143051147
vt 0.75 0.9700000286102295
vt 0.75 0.9850000143051147
vt 0.75 0.9850000143051147
vt 0.875 0.9850000143051147
vt 0.875 0.9700000286102295
vt 0.875 0.9850000143051147
vt 0 0.9700000286102295
vt 0 0.9850000143051147
vt 0 0.9850000143051147
vt 0 0.9940000176429749
vt 0.125 0.9850000143051147
vt 0.125 0.9940000176429749
vt 0.125 0.9940000176429749
vt 0.25 0.9940000176429749
vt 0.25 0.9940000176429749
vt 0.375 0.9940000176429749
vt 0.375 0.9940000176429749
vt 0.5 0.9940000176429749
vt 0.5 0.9850000143051147
vt 0.5 0.9940000176429749
vt 0.625 0.9850000143051147
vt 0.625 0.9940000176429749
vt 0.625 0.9850000143051147
vt 0.625 0.9940000176429749
vt 0.75 0.9850000143051147
vt 0.75 0.9940000176429749
vt 0.75 0.9940000176429749
vt 0.875 0.9940000176429749
vt 0.875 0.9850000143051147
vt 0.875 0.9940000176429749
vt 0 0.9850000143051147
vt 0 0.9940000176429749
vt 0 1
vt 0.125 1
vt 0.125 0.9940000176429749
vt 0.125 1
vt 0.25 0.9940000176429749
vt 0.25 1
vt 0.375 1
vt 0.375 0.9940000176429749
vt 0.5 0.9940000176429749
vt 0.5 1
vt 0.5 1
vt 0.625 1
vt 0.625 0.9940000176429749
vt 0.625 1
vt 0.75 0.9940000176429749
vt 0.75 1
vt 0.75 1
vt 0.875 1
vt 0.875 0.9940000176429749
vt 0.875 1
vt 0 0.9940000176429749
vt 0 1
vt 0 0
vt 0 1
vt 0.625 0
vt 0.625 1
vt 0.75 0
vt 0.75 1
vt 0.875 0
vt 0.875 1
vn -1.21862272338e-16 0.0990649557124 0.995080968841
vn -1.21862272338e-16 0.0990649557124 0.995080968841
vn -1.21862272338e-16 0.0990649557124 0.995080968841
vn -1.18246064445e-16 0.260208726169 0.965552390513
vn -0.116134236701 -0.993233526954 6.79156012111e-10
vn -0.460923365016 -0.871017976088 0.169933330792
vn -0.116134236701 -0.993233526954 6.79156012111e-10
vn -0.460923365016 -0.871017976088 0.169933330792
vn -0.489482364660 -0.872013196395 -5.37622885925e-10
vn -0.116134236701 -0.993233526954 6.79156012111e-10
vn -0.489482364660 -0.872013196395 -5.37622885925e-10
vn -0.460923365016 -0.871017976088 -0.169933330792
vn -0.116134236701 -0.993233526954 6.79156012111e-10
vn -0.460923365016 -0.871017976088 -0.169933330792
vn 1.21527298396e-16 0.123490945537 -0.992345699023
vn 1.18772026588e-16 0.243713794891 -0.969847197336
vn 1.21527298396e-16 0.123490945537 -0.992345699023
vn 1.21527298396e-16 0.123490945537 -0.992345699023
vn 0.433212049587 0.898937420200 -0.0651063334641
vn 0.433212049587 0.898937420200 -0.0651063334641
vn 0.433212049587 0.898937420200 -0.0651063334641
vn 0.433212049587 0.898937420200 -0.0651063334641
vn 0.448410008737 0.893827983487 -1.51234631126e-13
vn 0.448410008737 0.893827983487 -1.51234631126e-13
vn 0.448410008737 0.893827983487 -1.51234631126e-13
vn 0.448410008737 0.893827983487 -1.51234631126e-13
vn 0.433212049587 0.898937420200 0.0651063334641
vn 0.433212049587 0.898937420200 0.0651063334641
vn 0.433212049587 0.898937420200 0.0651063334641
vn 0.433212049587 0.898937420200 0.0651063334641
vn -1.18246064445e-16 0.260208726169 0.965552390513
vn -1.18246064445e-16 0.260208726169 0.965552390513
vn -0.468144662752 -0.852686657305 0.231875050815
vn -0.468144662752 -0.852686657305 0.231875050815
vn -0.468144662752 -0.852686657305 0.231875050815
vn -0.468144662752 -0.852686657305 0.231875050815
vn -0.489482364660 -0.872013196395 -5.37622885925e-10
vn -0.489482364660 -0.872013196395 -5.37622885925e-10
vn -0.468144662752 -0.852686657305 -0.231875050815
vn -0.468144662752 -0.852686657305 -0.231875050815
vn -0.468144662752 -0.852686657305 -0.231875050815
vn -0.468144662752 -0.852686657305 -0.231875050815
vn 1.18772026588e-16 0.243713794891 -0.969847197336
vn 1.18772026588e-16 0.243713794891 -0.969847197336
vn 0.444477191426 0.872111958326 -0.204599018685
vn 0.673132058036 0.683526869606 -0.282283989930
vn 0.444477191426 0.872111958326 -0.204599018685
vn 0.673132058036 0.683526869606 -0.282283989930
vn 0.683071590567 0.730351423740 -2.68185589760e-9
vn 0.683071590567 0.730351423740 -2.68185589760e-9
vn 0.444477191426 0.872111958326 0.204599018685
vn 0.673132063699 0.683526875356 0.282283962503
vn 0.444477191426 0.872111958326 0.204599018685
vn 0.673132063699 0.683526875356 0.282283962503
vn 0.257646716138 0.450179170925 0.854960164995
vn 0.257646716138 0.450179170925 0.854960164995
vn 0.257646716138 0.450179170925 0.854960164995
vn -1.16993019926e-16 0.295571872328 0.955320505531
vn -0.590447715055 -0.753000903815 0.290449883180
vn -0.590447715055 -0.753000903815 0.290449883180
vn -0.633064864331 -0.774098751807 1.03026306428e-8
vn -0.633064864331 -0.774098751807 1.03026306428e-8
vn -0.590447720166 -0.753000910333 -0.290449855892
vn -0.590447720166 -0.753000910333 -0.290449855892
vn 0.258389885301 0.441086462729 -0.859463437018
vn 1.16278153730e-16 0.313817926183 -0.949483180054
vn 0.258389885301 0.441086462729 -0.859463437018
vn 0.258389885301 0.441086462729 -0.859463437018
vn 0.613766659102 0.676113414430 -0.407628677847
vn 0.613766659102 0.676113414430 -0.407628677847
vn 0.613766659102 0.676113414430 -0.407628677847
vn 0.613766659102 0.676113414430 -0.407628677847
vn 0.683071590567 0.730351423740 -2.68185589760e-9
vn 0.683071590567 0.730351423740 -2.68185589760e-9
vn 0.598952349108 0.672692413726 0.434443321981
vn 0.598952349108 0.672692413726 0.434443321981
vn 0.598952349108 0.672692413726 0.434443321981
vn 0.598952349108 0.672692413726 0.434443321981
vn 0.120210476665 0.343140066941 0.931560162179
vn 0.420378644148 0.477065729479 0.771809617264
vn 0.337088290885 0.313150230794 0.887867342063
vn -0.681547763520 -0.660440685843 0.315136076202
vn -0.681547763520 -0.660440685843 0.315136076202
vn -0.726055630310 -0.687635965970 -1.77016058038e-8
vn -0.726055630310 -0.687635965970 -1.77016058038e-8
vn -0.681547822268 -0.660440625407 -0.315136075806
vn -0.681547822268 -0.660440625407 -0.315136075806
vn 0.335655204629 0.334734759923 -0.880504528157
vn 0.120470512755 0.329777737459 -0.936340482641
vn 0.425062619316 0.450375787646 -0.785164581195
vn 0.585583398886 0.666130375408 -0.461911686265
vn 0.682779149317 0.627563431662 -0.374134698335
vn 0.585583398886 0.666130375408 -0.461911686265
vn 0.682779149317 0.627563431662 -0.374134698335
vn 0.739153982274 0.673536480444 5.24175601628e-9
vn 0.739153982274 0.673536480444 5.24175601628e-9
vn 0.584952045876 0.667488682173 0.460749349643
vn 0.652000956278 0.621503822893 0.434312964510
vn 0.584952045876 0.667488682173 0.460749349643
vn 0.652000956278 0.621503822893 0.434312964510
vn -1.20209634183e-16 0.191019951505 0.981586154205
vn -1.22273344034e-16 0.0558776435007 0.998437623969
vn -1.22273344034e-16 0.0558776435007 0.998437623969
vn -1.22463329592e-16 0.00469599059150 0.999988973775
vn -0.749573295347 -0.573969606412 0.329694958740
vn -0.749573295347 -0.573969606412 0.329694958740
vn -0.794368107377 -0.607436671582 7.25868750644e-9
vn -0.794368107377 -0.607436671582 7.25868750644e-9
vn -0.749573295347 -0.573969606412 -0.329694958740
vn -0.749573295347 -0.573969606412 -0.329694958740
vn 1.21876152260e-16 0.0979198208623 -0.995194306999
vn 1.22459278533e-16 0.00939198119402 -0.999955894372
vn 1.21818271889e-16 0.102609860684 -0.994721677903
vn 1.21876152260e-16 0.0979198208623 -0.995194306999
vn 0.664406662654 0.598272686130 -0.447921398966
vn 0.664406662654 0.598272686130 -0.447921398966
vn 0.767730512744 0.640772861318 2.22663822505e-10
vn 0.767730512744 0.640772861318 2.22663822505e-10
vn 0.696270569346 0.603600130764 0.388425252016
vn 0.696270569346 0.603600130764 0.388425252016
vn -1.22464679915e-16 0.00000000000 1.00000000000
vn -1.22464679915e-16 0.00000000000 1.00000000000
vn -0.787001934430 -0.513785916054 0.341543537003
vn -0.787001934430 -0.513785916054 0.341543537003
vn -0.837316642155 -0.546718246238 -1.17158102044e-16
vn -0.837316642155 -0.546718246238 -1.17158102044e-16
vn -0.787001934430 -0.513785916054 -0.341543537003
vn -0.787001934430 -0.513785916054 -0.341543537003
vn 1.22464679915e-16 0.00000000000 -1.00000000000
vn 1.22464679915e-16 0.00000000000 -1.00000000000
vn 0.771735371161 0.539579928622 -0.336567998370
vn 0.771735371161 0.539579928622 -0.336567998370
vn 0.819494254396 0.573087399104 1.14900675460e-16
vn 0.819494254396 0.573087399104 1.14900675460e-16
vn 0.771735371161 0.539579928622 0.336567998370
vn 0.771735371161 0.539579928622 0.336567998370
vn -1.22464679915e-16 0.00000000000 1.00000000000
vn -1.22464679915e-16 0.00000000000 1.00000000000
vn -0.824434237999 -0.442036727357 0.353428520189
vn -0.824434237999 -0.442036727357 0.353428520189
vn -0.881270952338 -0.472611371599 -1.07924565096e-16
vn -0.881270952338 -0.472611371599 -1.07924565096e-16
vn -0.824434237999 -0.442036727357 -0.353428520189
vn -0.824434237999 -0.442036727357 -0.353428520189
vn 1.22464679915e-16 0.00000000000 -1.00000000000
vn 1.22464679915e-16 0.00000000000 -1.00000000000
vn 0.814650882204 0.462151670172 -0.350370909010
vn 0.814650882204 0.462151670172 -0.350370909010
vn 0.869734468594 0.493519963263 1.21275031386e-16
vn 0.869734468594 0.493519963263 1.21275031386e-16
vn 0.814650882204 0.462151670172 0.350370909010
vn 0.814650882204 0.462151670172 0.350370909010
vn -1.22464679915e-16 0.00000000000 1.00000000000
vn -1.22464679915e-16 0.00000000000 1.00000000000
vn -0.861016059501 -0.354541937632 0.364624957651
vn -0.861016059501 -0.354541937632 0.364624957651
vn -0.924638916929 -0.380844946535 1.65304889978e-9
vn -0.924638916929 -0.380844946535 1.65304889978e-9
vn -0.861016059501 -0.354541937632 -0.364624957651
vn -0.861016059501 -0.354541937632 -0.364624957651
vn 1.22464679915e-16 0.00000000000 -1.00000000000
vn 1.22464679915e-16 0.00000000000 -1.00000000000
vn 0.854834542576 0.371018254639 -0.362771773356
vn 0.854834542576 0.371018254639 -0.362771773356
vn 0.917280896578 0.398240827606 1.27311684841e-16
vn 0.917280896578 0.398240827606 1.27311684841e-16
vn 0.854834542576 0.371018254639 0.362771773356
vn 0.854834542576 0.371018254639 0.362771773356
vn -1.22464679915e-16 0.00000000000 1.00000000000
vn -1.22464679915e-16 0.00000000000 1.00000000000
vn -0.893596947648 -0.247788295276 0.374279916477
vn -0.893596947648 -0.247788295276 0.374279916477
vn -0.963611996322 -0.267304920538 -3.54574883650e-9
vn -0.963611996322 -0.267304920538 -3.54574883650e-9
vn -0.893596957547 -0.247788253317 -0.374279920623
vn -0.893596957547 -0.247788253317 -0.374279920623
vn 1.22464679915e-16 0.00000000000 -1.00000000000
vn 1.22464679915e-16 0.00000000000 -1.00000000000
vn 0.890418783330 0.260285292598 -0.373371071121
vn 0.890418783330 0.260285292598 -0.373371071121
vn 0.959800314650 0.280683729484 9.83944499928e-10
vn 0.959800314650 0.280683729484 9.83944499928e-10
vn 0.890418783330 0.260285292598 0.373371071121
vn 0.890418783330 0.260285292598 0.373371071121
vn -1.22464679915e-16 0.00000000000 1.00000000000
vn -1.22464679915e-16 0.00000000000 1.00000000000
vn -0.916169642078 -0.125107422290 0.380764126228
vn -0.916169642078 -0.125107422290 0.380764126228
vn -0.986509749168 -0.163702519211 2.66674184140e-9
vn -0.986509749168 -0.163702519211 2.66674184140e-9
vn -0.916169636955 -0.125107466294 -0.380764124098
vn -0.916169636955 -0.125107466294 -0.380764124098
vn 1.22464679915e-16 0.00000000000 -1.00000000000
vn 1.22464679915e-16 0.00000000000 -1.00000000000
vn 0.915303088935 0.131920021561 -0.380548765991
vn 0.915303088935 0.131920021561 -0.380548765991
vn 0.985006164017 0.172519149223 -1.40195988676e-9
vn 0.985006164017 0.172519149223 -1.40195988676e-9
vn 0.915303085337 0.131920050845 0.380548764494
vn 0.915303085337 0.131920050845 0.380548764494
vn -1.22464679915e-16 0.00000000000 1.00000000000
vn -1.22464679915e-16 0.00000000000 1.00000000000
vn -0.859493561740 -0.0924766221419 0.502711539239
vn -0.862511484181 -0.0237486167537 0.505479913408
vn -0.859493561740 -0.0924766221419 0.502711539239
vn -0.862511484181 -0.0237486167537 0.505479913408
vn -0.990797270514 -0.135354234300 2.58849571267e-9
vn -0.999620173792 -0.0275591753868 -9.92604651291e-10
vn -0.990797270514 -0.135354234300 2.58849571267e-9
vn -0.999620173792 -0.0275591753868 -9.92604651291e-10
vn -0.859493555818 -0.0924766960105 -0.502711535775
vn -0.862511485669 -0.0237485441515 -0.505479914280
vn -0.859493555818 -0.0924766960105 -0.502711535775
vn -0.862511485669 -0.0237485441515 -0.505479914280
vn 1.22464679915e-16 0.00000000000 -1.00000000000
vn 1.22464679915e-16 0.00000000000 -1.00000000000
vn 0.859105481363 0.0976007894194 -0.502406068630
vn 0.862473476145 0.0250980068316 -0.505479567341
vn 0.859105481363 0.0976007894194 -0.502406068630
vn 0.862473476145 0.0250980068316 -0.505479567341
vn 0.989763497159 0.142717271878 -1.73255497617e-9
vn 0.999575640911 0.0291296772780 1.04895018762e-9
vn 0.989763497159 0.142717271878 -1.73255497617e-9
vn 0.999575640911 0.0291296772780 1.04895018762e-9
vn 0.859105476990 0.0976008410766 0.502406066072
vn 0.862473477758 0.0250979323727 0.505479568286
vn 0.859105476990 0.0976008410766 0.502406066072
vn 0.862473477758 0.0250979323727 0.505479568286
vn -1.22464679915e-16 0.00000000000 1.00000000000
vn -1.22464679915e-16 0.00000000000 1.00000000000
vn -0.862511485669 0.0237485441515 0.505479914280
vn -0.859493556411 0.0924766886237 0.502711536122
vn -0.862511485669 0.0237485441515 0.505479914280
vn -0.859493556411 0.0924766886237 0.502711536122
vn -0.999620173741 0.0275591772480 9.92604517426e-10
vn -0.990797272512 0.135354219671 -2.58849551648e-9
vn -0.999620173741 0.0275591772480 9.92604517426e-10
vn -0.990797272512 0.135354219671 -2.58849551648e-9
vn -0.862511484181 0.0237486167537 -0.505479913408
vn -0.859493561740 0.0924766221419 -0.502711539239
vn -0.862511484181 0.0237486167537 -0.505479913408
vn -0.859493561740 0.0924766221419 -0.502711539239
vn 1.22464679915e-16 0.00000000000 -1.00000000000
vn 1.22464679915e-16 0.00000000000 -1.00000000000
vn 0.862473477718 -0.0250979342342 -0.505479568263
vn 0.859105476990 -0.0976008410766 -0.502406066072
vn 0.862473477718 -0.0250979342342 -0.505479568263
vn 0.859105476990 -0.0976008410766 -0.502406066072
vn 0.999575640856 -0.0291296791390 -1.04895005376e-9
vn 0.989763497159 -0.142717271878 1.73255510757e-9
vn 0.999575640856 -0.0291296791390 -1.04895005376e-9
vn 0.989763497159 -0.142717271878 1.73255510757e-9
vn 0.862473476145 -0.0250980068316 0.505479567341
vn 0.859105481363 -0.0976007894194 0.502406068630
vn 0.862473476145 -0.0250980068316 0.505479567341
vn 0.859105481363 -0.0976007894194 0.502406068630
vn -1.22464679915e-16 0.00000000000 1.00000000000
vn -1.22464679915e-16 0.00000000000 1.00000000000
vn -0.916169636955 0.125107466294 0.380764124098
vn -0.893596957547 0.247788253317 0.374279920623
vn -0.916169636955 0.125107466294 0.380764124098
vn -0.893596957547 0.247788253317 0.374279920623
vn -0.986509751575 0.163702504709 -2.66674164544e-9
vn -0.963611996322 0.267304920538 3.54574837844e-9
vn -0.986509751575 0.163702504709 -2.66674164544e-9
vn -0.963611996322 0.267304920538 3.54574837844e-9
vn -0.916169643786 0.125107407622 -0.380764126937
vn -0.893596950948 0.247788281290 -0.374279917859
vn -0.916169643786 0.125107407622 -0.380764126937
vn -0.893596950948 0.247788281290 -0.374279917859
vn 1.22464679915e-16 0.00000000000 -1.00000000000
vn 1.22464679915e-16 0.00000000000 -1.00000000000
vn 0.915303085337 -0.131920050845 -0.380548764494
vn 0.890418790237 -0.260285264814 -0.373371074017
vn 0.915303085337 -0.131920050845 -0.380548764494
vn 0.890418790237 -0.260285264814 -0.373371074017
vn 0.985006166549 -0.172519134766 1.40195990958e-9
vn 0.959800314650 -0.280683729484 -9.83944153823e-10
vn 0.985006166549 -0.172519134766 1.40195990958e-9
vn 0.959800314650 -0.280683729484 -9.83944153823e-10
vn 0.915303090734 -0.131920006920 0.380548766739
vn 0.890418783330 -0.260285292598 0.373371071121
vn 0.915303090734 -0.131920006920 0.380548766739
vn 0.890418783330 -0.260285292598 0.373371071121
vn -1.22464679915e-16 0.00000000000 1.00000000000
vn -1.22464679915e-16 0.00000000000 1.00000000000
vn -0.861016059501 0.354541937632 0.364624957651
vn -0.861016059501 0.354541937632 0.364624957651
vn -0.924638916929 0.380844946535 -1.65304912625e-9
vn -0.924638916929 0.380844946535 -1.65304912625e-9
vn -0.861016059501 0.354541937632 -0.364624957651
vn -0.861016059501 0.354541937632 -0.364624957651
vn 1.22464679915e-16 0.00000000000 -1.00000000000
vn 1.22464679915e-16 0.00000000000 -1.00000000000
vn 0.854834542576 -0.371018254639 -0.362771773356
vn 0.854834542576 -0.371018254639 -0.362771773356
vn 0.917280896578 -0.398240827606 9.73573379421e-17
vn 0.917280896578 -0.398240827606 9.73573379421e-17
vn 0.854834542576 -0.371018254639 0.362771773356
vn 0.854834542576 -0.371018254639 0.362771773356
vn -1.22464679915e-16 0.00000000000 1.00000000000
vn -1.22464679915e-16 0.00000000000 1.00000000000
vn -0.824434237999 0.442036727357 0.353428520189
vn -0.824434237999 0.442036727357 0.353428520189
vn -0.881270952338 0.472611371599 -1.07924565096e-16
vn -0.881270952338 0.472611371599 -1.07924565096e-16
vn -0.824434237999 0.442036727357 -0.353428520189
vn -0.824434237999 0.442036727357 -0.353428520189
vn 1.22464679915e-16 0.00000000000 -1.00000000000
vn 1.22464679915e-16 0.00000000000 -1.00000000000
vn 0.814650882204 -0.462151670172 -0.350370909010
vn 0.814650882204 -0.462151670172 -0.350370909010
vn 0.869734468594 -0.493519963263 1.21275031386e-16
vn 0.869734468594 -0.493519963263 1.21275031386e-16
vn 0.814650882204 -0.462151670172 0.350370909010
vn 0.814650882204 -0.462151670172 0.350370909010
vn -1.22464342341e-16 -0.00234797570200 0.999997243501
vn -1.22463329592e-16 -0.00469599059150 0.999988973775
vn -0.768741180794 0.544297926753 0.335822518429
vn -0.768741180794 0.544297926753 0.335822518429
vn -0.816271897050 0.577667889091 -3.65469285233e-9
vn -0.816271897050 0.577667889091 -3.65469285233e-9
vn -0.768741180794 0.544297926753 -0.335822518429
vn -0.768741180794 0.544297926753 -0.335822518429
vn 1.22464342341e-16 -0.00234797570200 -0.999997243501
vn 1.22463329592e-16 -0.00469599059150 -0.999988973775
vn 0.750176541977 -0.573491925625 -0.329153713501
vn 0.750176541977 -0.573491925625 -0.329153713501
vn 0.794129473911 -0.607748614697 -1.12310991334e-10
vn 0.794129473911 -0.607748614697 -1.12310991334e-10
vn 0.750176541977 -0.573491925625 0.329153713501
vn 0.750176541977 -0.573491925625 0.329153713501
vn -1.22464342341e-16 -0.00234797570200 0.999997243501
vn -1.22463329592e-16 -0.00469599059150 0.999988973775
vn -0.768741180794 0.544297926753 0.335822518429
vn -0.768741180794 0.544297926753 0.335822518429
vn -0.816271897050 0.577667889091 -3.65469285233e-9
vn -0.816271897050 0.577667889091 -3.65469285233e-9
vn -0.768741180794 0.544297926753 -0.335822518429
vn -0.768741180794 0.544297926753 -0.335822518429
vn 1.22464342341e-16 -0.00234797570200 -0.999997243501
vn 1.22463329592e-16 -0.00469599059150 -0.999988973775
vn 0.750176541977 -0.573491925625 -0.329153713501
vn 0.750176541977 -0.573491925625 -0.329153713501
vn 0.794129473911 -0.607748614697 -1.12310991334e-10
vn 0.794129473911 -0.607748614697 -1.12310991334e-10
vn 0.750176541977 -0.573491925625 0.329153713501
vn 0.750176541977 -0.573491925625 0.329153713501
vn -1.19979639527e-16 -0.200429609552 0.979708105312
vn -1.18475281306e-16 -0.253161279659 0.967424088227
vn -0.637194523885 0.708469937997 0.303403173493
vn -0.637194523885 0.708469937997 0.303403173493
vn -0.680416656928 0.732825472384 3.55122663222e-9
vn -0.680416656928 0.732825472384 3.55122663222e-9
vn -0.637194496978 0.708469967684 -0.303403160681
vn -0.637194496978 0.708469967684 -0.303403160681
vn 1.19979639527e-16 -0.200429609552 -0.979708105312
vn 1.18475281306e-16 -0.253161279659 -0.967424088227
vn 0.632932598102 -0.627503568683 -0.453470613766
vn 0.632932598102 -0.627503568683 -0.453470613766
vn 0.728838242923 -0.684685924825 1.09229551707e-10
vn 0.728838242923 -0.684685924825 1.09229551707e-10
vn 0.648746420278 -0.629893590652 0.427038811623
vn 0.648746420278 -0.629893590652 0.427038811623
vn 0.378421508635 -0.462404123835 0.801860080103
vn 0.378421508635 -0.462404123835 0.801860080103
vn -1.18475281306e-16 -0.253161279659 0.967424088227
vn -0.637194523885 0.708469937997 0.303403173493
vn -0.637194523885 0.708469937997 0.303403173493
vn -0.680416656928 0.732825472384 3.55122663222e-9
vn -0.680416656928 0.732825472384 3.55122663222e-9
vn -0.637194496978 0.708469967684 -0.303403160681
vn -0.637194496978 0.708469967684 -0.303403160681
vn 1.19979639527e-16 -0.200429609552 -0.979708105312
vn 0.375555812822 -0.481831281748 -0.791704772869
vn 0.375555812822 -0.481831281748 -0.791704772869
vn 0.632932598102 -0.627503568683 -0.453470613766
vn 0.632932598102 -0.627503568683 -0.453470613766
vn 0.728838242923 -0.684685924825 1.09229551707e-10
vn 0.728838242923 -0.684685924825 1.09229551707e-10
vn 0.648746420278 -0.629893590652 0.427038811623
vn 0.648746420278 -0.629893590652 0.427038811623
vn 0.412054591823 -0.498186520813 0.762903141846
vn 0.145980789134 -0.351352718749 0.924792342222
vn 0.145980789134 -0.351352718749 0.924792342222
vn -0.468144662752 0.852686657305 0.231875050815
vn -0.468144662752 0.852686657305 0.231875050815
vn -0.489482364660 0.872013196395 5.37622766036e-10
vn -0.489482364660 0.872013196395 5.37622766036e-10
vn -0.468144662752 0.852686657305 -0.231875050815
vn -0.468144662752 0.852686657305 -0.231875050815
vn 0.145565557643 -0.363317050434 -0.920223553976
vn 0.409149616291 -0.513682483791 -0.754139839376
vn 0.145565557643 -0.363317050434 -0.920223553976
vn 0.678238029749 -0.637613709511 -0.365297046861
vn 0.554459750275 -0.700534164429 -0.449250787191
vn 0.678238029749 -0.637613709511 -0.365297046861
vn 0.554459750275 -0.700534164429 -0.449250787191
vn 0.646634289547 -0.762800167529 5.85931018067e-17
vn 0.646634289547 -0.762800167529 5.85931018067e-17
vn 0.693963334940 -0.638182865688 0.333372943864
vn 0.554459750275 -0.700534164429 0.449250787191
vn 0.693963334940 -0.638182865688 0.333372943864
vn 0.554459750275 -0.700534164429 0.449250787191
vn -1.19290626784e-16 -0.226195651891 0.974081889302
vn -1.21527298396e-16 -0.123490945537 0.992345699023
vn -1.19290626784e-16 -0.226195651891 0.974081889302
vn -1.19290626784e-16 -0.226195651891 0.974081889302
vn -0.468144662752 0.852686657305 0.231875050815
vn -0.468144662752 0.852686657305 0.231875050815
vn -0.489482364660 0.872013196395 5.37622766036e-10
vn -0.489482364660 0.872013196395 5.37622766036e-10
vn -0.468144662752 0.852686657305 -0.231875050815
vn -0.468144662752 0.852686657305 -0.231875050815
vn 1.18821319448e-16 -0.242106405789 -0.970249704084
vn 1.18821319448e-16 -0.242106405789 -0.970249704084
vn 1.18821319448e-16 -0.242106405789 -0.970249704084
vn 1.21862272338e-16 -0.0990649557124 -0.995080968841
vn 0.638585439438 -0.720180918752 -0.271197494096
vn 0.444477191426 -0.872111958326 -0.204599018685
vn 0.638585439438 -0.720180918752 -0.271197494096
vn 0.444477191426 -0.872111958326 -0.204599018685
vn 0.448410008737 -0.893827983487 1.51326895827e-13
vn 0.448410008737 -0.893827983487 1.51326895827e-13
vn 0.638585439438 -0.720180918752 0.271197494096
vn 0.444477191426 -0.872111958326 0.204599018685
vn 0.638585439438 -0.720180918752 0.271197494096
vn 0.444477191426 -0.872111958326 0.204599018685
vn -1.21527298396e-16 -0.123490945537 0.992345699023
vn -1.21527298396e-16 -0.123490945537 0.992345699023
vn -0.460923365016 0.871017976088 0.169933330792
vn -0.116134236701 0.993233526954 -6.79156040555e-10
vn -0.460923365016 0.871017976088 0.169933330792
vn -0.116134236701 0.993233526954 -6.79156040555e-10
vn -0.116134236701 0.993233526954 -6.79156040555e-10
vn -0.460923365016 0.871017976088 -0.169933330792
vn -0.460923365016 0.871017976088 -0.169933330792
vn -0.116134236701 0.993233526954 -6.79156040555e-10
vn 1.21862272338e-16 -0.0990649557124 -0.995080968841
vn 1.21862272338e-16 -0.0990649557124 -0.995080968841
vn 0.433212049587 -0.898937420200 -0.0651063334641
vn 0.433212049587 -0.898937420200 -0.0651063334641
vn 0.433212049587 -0.898937420200 -0.0651063334641
vn 0.433212049587 -0.898937420200 -0.0651063334641
vn 0.448410008737 -0.893827983487 1.51326895827e-13
vn 0.448410008737 -0.893827983487 1.51326895827e-13
vn 0.433212049587 -0.898937420200 0.0651063334641
vn 0.433212049587 -0.898937420200 0.0651063334641
vn 0.433212049587 -0.898937420200 0.0651063334641
vn 0.433212049587 -0.898937420200 0.0651063334641
vn -0.116134236701 -0.993233526954 6.79156012111e-10
vn -0.116134236701 0.993233526954 -6.79156040555e-10
vn -0.116134236701 -0.993233526954 6.79156012111e-10
vn -0.116134236701 0.993233526954 -6.79156040555e-10
vn -0.116134236701 -0.993233526954 6.79156012111e-10
vn -0.116134236701 0.993233526954 -6.79156040555e-10
vn -0.116134236701 -0.993233526954 6.79156012111e-10
vn -0.116134236701 0.993233526954 -6.79156040555e-10
f 542/542/542 543/543/543 544/544/544
f 544/544/544 543/543/543 545/545/545
f 546/546/546 547/547/547 548/548/548
f 548/548/548 547/547/547 549/549/549
f 548/548/548 550/550/550 551/551/551
f 551/551/551 550/550/550 552/552/552
f 551/551/551 553/553/553 554/554/554
f 554/554/554 553/553/553 555/555/555
f 556/556/556 557/557/557 558/558/558
f 558/558/558 557/557/557 559/559/559
f 560/560/560 561/561/561 562/562/562
f 562/562/562 561/561/561 563/563/563
f 564/564/564 565/565/565 566/566/566
f 566/566/566 565/565/565 567/567/567
f 568/568/568 569/569/569 570/570/570
f 570/570/570 569/569/569 571/571/571
f 543/543/543 572/572/572 545/545/545
f 545/545/545 572/572/572 573/573/573
f 574/574/574 575/575/575 576/576/576
f 576/576/576 575/575/575 577/577/577
f 550/550/550 578/578/578 552/552/552
f 552/552/552 578/578/578 579/579/579
f 580/580/580 581/581/581 582/582/582
f 582/582/582 581/581/581 583/583/583
f 557/557/557 584/584/584 559/559/559
f 559/559/559 584/584/584 585/585/585
f 586/586/586 587/587/587 588/588/588
f 588/588/588 587/587/587 589/589/589
f 565/565/565 590/590/590 567/567/567
f 567/567/567 590/590/590 591/591/591
f 592/592/592 593/593/593 594/594/594
f 594/594/594 593/593/593 595/595/595
f 596/596/596 597/597/597 598/598/598
f 598/598/598 597/597/597 599/599/599
f 575/575/575 600/600/600 577/577/577
f 577/577/577 600/600/600 601/601/601
f 578/578/578 602/602/602 579/579/579
f 579/579/579 602/602/602 603/603/603
f 581/581/581 604/604/604 583/583/583
f 583/583/583 604/604/604 605/605/605
f 606/606/606 607/607/607 608/608/608
f 608/608/608 607/607/607 609/609/609
f 610/610/610 611/611/611 612/612/612
f 612/612/612 611/611/611 613/613/613
f 590/590/590 614/614/614 591/591/591
f 591/591/591 614/614/614 615/615/615
f 616/616/616 617/617/617 618/618/618
f 618/618/618 617/617/617 619/619/619
f 620/620/620 621/621/621 599/599/599
f 599/599/599 621/621/621 622/622/622
f 600/600/600 623/623/623 601/601/601
f 601/601/601 623/623/623 624/624/624
f 602/602/602 625/625/625 603/603/603
f 603/603/603 625/625/625 626/626/626
f 604/604/604 627/627/627 605/605/605
f 605/605/605 627/627/627 628/628/628
f 607/607/607 629/629/629 630/630/630
f 630/630/630 629/629/629 631/631/631
f 632/632/632 633/633/633 634/634/634
f 634/634/634 633/633/633 635/635/635
f 614/614/614 636/636/636 615/615/615
f 615/615/615 636/636/636 637/637/637
f 638/638/638 639/639/639 640/640/640
f 640/640/640 639/639/639 641/641/641
f 642/642/642 643/643/643 644/644/644
f 644/644/644 643/643/643 645/645/645
f 623/623/623 646/646/646 624/624/624
f 624/624/624 646/646/646 647/647/647
f 625/625/625 648/648/648 626/626/626
f 626/626/626 648/648/648 649/649/649
f 627/627/627 650/650/650 628/628/628
f 628/628/628 650/650/650 651/651/651
f 652/652/652 653/653/653 654/654/654
f 654/654/654 653/653/653 655/655/655
f 633/633/633 656/656/656 635/635/635
f 635/635/635 656/656/656 657/657/657
f 636/636/636 658/658/658 637/637/637
f 637/637/637 658/658/658 659/659/659
f 639/639/639 660/660/660 641/641/641
f 641/641/641 660/660/660 661/661/661
f 643/643/643 662/662/662 645/645/645
f 645/645/645 662/662/662 663/663/663
f 646/646/646 664/664/664 647/647/647
f 647/647/647 664/664/664 665/665/665
f 648/648/648 666/666/666 649/649/649
f 649/649/649 666/666/666 667/667/667
f 650/650/650 668/668/668 651/651/651
f 651/651/651 668/668/668 669/669/669
f 653/653/653 670/670/670 655/655/655
f 655/655/655 670/670/670 671/671/671
f 656/656/656 672/672/672 657/657/657
f 657/657/657 672/672/672 673/673/673
f 658/658/658 674/674/674 659/659/659
f 659/659/659 674/674/674 675/675/675
f 660/660/660 676/676/676 661/661/661
f 661/661/661 676/676/676 677/677/677
f 662/662/662 678/678/678 663/663/663
f 663/663/663 678/678/678 679/679/679
f 664/664/664 680/680/680 665/665/665
f 665/665/665 680/680/680 681/681/681
f 666/666/666 682/682/682 667/667/667
f 667/667/667 682/682/682 683/683/683
f 668/668/668 684/684/684 669/669/669
f 669/669/669 684/684/684 685/685/685
f 670/670/670 686/686/686 671/671/671
f 671/671/671 686/686/686 687/687/687
f 672/672/672 688/688/688 673/673/673
f 673/673/673 688/688/688 689/689/689
f 674/674/674 690/690/690 675/675/675
f 675/675/675 690/690/690 691/691/691
f 676/676/676 692/692/692 677/677/677
f 677/677/677 692/692/692 693/693/693
f 678/678/678 694/694/694 679/679/679
f 679/679/679 694/694/694 695/695/695
f 680/680/680 696/696/696 681/681/681
f 681/681/681 696/696/696 697/697/697
f 682/682/682 698/698/698 683/683/683
f 683/683/683 698/698/698 699/699/699
f 684/684/684 700/700/700 685/685/685
f 685/685/685 700/700/700 701/701/701
f 686/686/686 702/702/702 687/687/687
f 687/687/687 702/702/702 703/703/703
f 688/688/688 704/704/704 689/689/689
f 689/689/689 704/704/704 705/705/705
f 690/690/690 706/706/706 691/691/691
f 691/691/691 706/706/706 707/707/707
f 692/692/692 708/708/708 693/693/693
f 693/693/693 708/708/708 709/709/709
f 694/694/694 710/710/710 695/695/695
f 695/695/695 710/710/710 711/711/711
f 696/696/696 712/712/712 697/697/697
f 697/697/697 712/712/712 713/713/713
f 698/698/698 714/714/714 699/699/699
f 699/699/699 714/714/714 715/715/715
f 700/700/700 716/716/716 701/701/701
f 701/701/701 716/716/716 717/717/717
f 702/702/702 718/718/718 703/703/703
f 703/703/703 718/718/718 719/719/719
f 704/704/704 720/720/720 705/705/705
f 705/705/705 720/720/720 721/721/721
f 706/706/706 722/722/722 707/707/707
f 707/707/707 722/722/722 723/723/723
f 708/708/708 724/724/724 709/709/709
f 709/709/709 724/724/724 725/725/725
f 710/710/710 726/726/726 711/711/711
f 711/711/711 726/726/726 727/727/727
f 712/712/712 728/728/728 713/713/713
f 713/713/713 728/728/728 729/729/729
f 714/714/714 730/730/730 715/715/715
f 715/715/715 730/730/730 731/731/731
f 716/716/716 732/732/732 717/717/717
f 717/717/717 732/732/732 733/733/733
f 718/718/718 734/734/734 719/719/719
f 719/719/719 734/734/734 735/735/735
f 720/720/720 736/736/736 721/721/721
f 721/721/721 736/736/736 737/737/737
f 722/722/722 738/738/738 723/723/723
f 723/723/723 738/738/738 739/739/739
f 724/724/724 740/740/740 725/725/725
f 725/725/725 740/740/740 741/741/741
f 726/726/726 742/742/742 727/727/727
f 727/727/727 742/742/742 743/743/743
f 744/744/744 745/745/745 746/746/746
f 746/746/746 745/745/745 747/747/747
f 748/748/748 749/749/749 750/750/750
f 750/750/750 749/749/749 751/751/751
f 752/752/752 753/753/753 754/754/754
f 754/754/754 753/753/753 755/755/755
f 734/734/734 756/756/756 735/735/735
f 735/735/735 756/756/756 757/757/757
f 758/758/758 759/759/759 760/760/760
f 760/760/760 759/759/759 761/761/761
f 762/762/762 763/763/763 764/764/764
f 764/764/764 763/763/763 765/765/765
f 766/766/766 767/767/767 768/768/768
f 768/768/768 767/767/767 769/769/769
f 742/742/742 770/770/770 743/743/743
f 743/743/743 770/770/770 771/771/771
f 772/772/772 773/773/773 774/774/774
f 774/774/774 773/773/773 775/775/775
f 776/776/776 777/777/777 778/778/778
f 778/778/778 777/777/777 779/779/779
f 780/780/780 781/781/781 782/782/782
f 782/782/782 781/781/781 783/783/783
f 756/756/756 784/784/784 757/757/757
f 757/757/757 784/784/784 785/785/785
f 786/786/786 787/787/787 788/788/788
f 788/788/788 787/787/787 789/789/789
f 790/790/790 791/791/791 792/792/792
f 792/792/792 791/791/791 793/793/793
f 794/794/794 795/795/795 796/796/796
f 796/796/796 795/795/795 797/797/797
f 770/770/770 798/798/798 771/771/771
f 771/771/771 798/798/798 799/799/799
f 800/800/800 801/801/801 802/802/802
f 802/802/802 801/801/801 803/803/803
f 804/804/804 805/805/805 806/806/806
f 806/806/806 805/805/805 807/807/807
f 808/808/808 809/809/809 810/810/810
f 810/810/810 809/809/809 811/811/811
f 784/784/784 812/812/812 785/785/785
f 785/785/785 812/812/812 813/813/813
f 814/814/814 815/815/815 816/816/816
f 816/816/816 815/815/815 817/817/817
f 818/818/818 819/819/819 820/820/820
f 820/820/820 819/819/819 821/821/821
f 822/822/822 823/823/823 824/824/824
f 824/824/824 823/823/823 825/825/825
f 798/798/798 826/826/826 799/799/799
f 799/799/799 826/826/826 827/827/827
f 801/801/801 828/828/828 803/803/803
f 803/803/803 828/828/828 829/829/829
f 805/805/805 830/830/830 807/807/807
f 807/807/807 830/830/830 831/831/831
f 809/809/809 832/832/832 811/811/811
f 811/811/811 832/832/832 833/833/833
f 812/812/812 834/834/834 813/813/813
f 813/813/813 834/834/834 835/835/835
f 815/815/815 836/836/836 817/817/817
f 817/817/817 836/836/836 837/837/837
f 819/819/819 838/838/838 821/821/821
f 821/821/821 838/838/838 839/839/839
f 823/823/823 840/840/840 825/825/825
f 825/825/825 840/840/840 841/841/841
f 826/826/826 842/842/842 827/827/827
f 827/827/827 842/842/842 843/843/843
f 828/828/828 844/844/844 829/829/829
f 829/829/829 844/844/844 845/845/845
f 830/830/830 846/846/846 831/831/831
f 831/831/831 846/846/846 847/847/847
f 832/832/832 848/848/848 833/833/833
f 833/833/833 848/848/848 849/849/849
f 834/834/834 850/850/850 835/835/835
f 835/835/835 850/850/850 851/851/851
f 836/836/836 852/852/852 837/837/837
f 837/837/837 852/852/852 853/853/853
f 838/838/838 854/854/854 839/839/839
f 839/839/839 854/854/854 855/855/855
f 840/840/840 856/856/856 841/841/841
f 841/841/841 856/856/856 857/857/857
f 842/842/842 858/858/858 843/843/843
f 843/843/843 858/858/858 859/859/859
f 844/844/844 860/860/860 845/845/845
f 845/845/845 860/860/860 861/861/861
f 846/846/846 862/862/862 847/847/847
f 847/847/847 862/862/862 863/863/863
f 848/848/848 864/864/864 849/849/849
f 849/849/849 864/864/864 865/865/865
f 850/850/850 866/866/866 851/851/851
f 851/851/851 866/866/866 867/867/867
f 852/852/852 868/868/868 853/853/853
f 853/853/853 868/868/868 869/869/869
f 854/854/854 870/870/870 855/855/855
f 855/855/855 870/870/870 871/871/871
f 856/856/856 872/872/872 857/857/857
f 857/857/857 872/872/872 873/873/873
f 858/858/858 874/874/874 859/859/859
f 859/859/859 874/874/874 875/875/875
f 860/860/860 876/876/876 861/861/861
f 861/861/861 876/876/876 877/877/877
f 862/862/862 878/878/878 863/863/863
f 863/863/863 878/878/878 879/879/879
f 864/864/864 880/880/880 865/865/865
f 865/865/865 880/880/880 881/881/881
f 866/866/866 882/882/882 867/867/867
f 867/867/867 882/882/882 883/883/883
f 868/868/868 884/884/884 869/869/869
f 869/869/869 884/884/884 885/885/885
f 870/870/870 886/886/886 871/871/871
f 871/871/871 886/886/886 887/887/887
f 872/872/872 888/888/888 873/873/873
f 873/873/873 888/888/888 889/889/889
f 874/874/874 890/890/890 875/875/875
f 875/875/875 890/890/890 891/891/891
f 876/876/876 892/892/892 877/877/877
f 877/877/877 892/892/892 893/893/893
f 878/878/878 894/894/894 879/879/879
f 879/879/879 894/894/894 895/895/895
f 880/880/880 896/896/896 881/881/881
f 881/881/881 896/896/896 897/897/897
f 882/882/882 898/898/898 883/883/883
f 883/883/883 898/898/898 899/899/899
f 884/884/884 900/900/900 885/885/885
f 885/885/885 900/900/900 901/901/901
f 886/886/886 902/902/902 887/887/887
f 887/887/887 902/902/902 903/903/903
f 888/888/888 904/904/904 889/889/889
f 889/889/889 904/904/904 905/905/905
f 906/906/906 907/907/907 891/891/891
f 891/891/891 907/907/907 908/908/908
f 892/892/892 909/909/909 893/893/893
f 893/893/893 909/909/909 910/910/910
f 894/894/894 911/911/911 895/895/895
f 895/895/895 911/911/911 912/912/912
f 896/896/896 913/913/913 897/897/897
f 897/897/897 913/913/913 914/914/914
f 898/898/898 915/915/915 916/916/916
f 916/916/916 915/915/915 917/917/917
f 900/900/900 918/918/918 901/901/901
f 901/901/901 918/918/918 919/919/919
f 902/902/902 920/920/920 903/903/903
f 903/903/903 920/920/920 921/921/921
f 904/904/904 922/922/922 905/905/905
f 905/905/905 922/922/922 923/923/923
f 924/924/924 925/925/925 908/908/908
f 908/908/908 925/925/925 926/926/926
f 909/909/909 927/927/927 910/910/910
f 910/910/910 927/927/927 928/928/928
f 911/911/911 929/929/929 912/912/912
f 912/912/912 929/929/929 930/930/930
f 913/913/913 931/931/931 914/914/914
f 914/914/914 931/931/931 932/932/932
f 915/915/915 933/933/933 934/934/934
f 934/934/934 933/933/933 935/935/935
f 936/936/936 937/937/937 938/938/938
f 938/938/938 937/937/937 939/939/939
f 920/920/920 940/940/940 921/921/921
f 921/921/921 940/940/940 941/941/941
f 942/942/942 943/943/943 944/944/944
f 944/944/944 943/943/943 945/945/945
f 946/946/946 947/947/947 948/948/948
f 948/948/948 947/947/947 949/949/949
f 927/927/927 950/950/950 928/928/928
f 928/928/928 950/950/950 951/951/951
f 929/929/929 952/952/952 930/930/930
f 930/930/930 952/952/952 953/953/953
f 931/931/931 954/954/954 932/932/932
f 932/932/932 954/954/954 955/955/955
f 956/956/956 957/957/957 958/958/958
f 958/958/958 957/957/957 959/959/959
f 960/960/960 961/961/961 962/962/962
f 962/962/962 961/961/961 963/963/963
f 940/940/940 964/964/964 941/941/941
f 941/941/941 964/964/964 965/965/965
f 966/966/966 967/967/967 968/968/968
f 968/968/968 967/967/967 969/969/969
f 947/947/947 970/970/970 949/949/949
f 949/949/949 970/970/970 971/971/971
f 972/972/972 973/973/973 974/974/974
f 974/974/974 973/973/973 975/975/975
f 952/952/952 975/975/975 953/953/953
f 953/953/953 975/975/975 976/976/976
f 977/977/977 976/976/976 978/978/978
f 978/978/978 976/976/976 979/979/979
f 957/957/957 980/980/980 959/959/959
f 959/959/959 980/980/980 981/981/981
f 982/982/982 983/983/983 984/984/984
f 984/984/984 983/983/983 985/985/985
f 964/964/964 986/986/986 965/965/965
f 965/965/965 986/986/986 987/987/987
f 988/988/988 989/989/989 990/990/990
f 990/990/990 989/989/989 991/991/991
f 992/992/992 546/546/546 548/548/548
f 993/993/993 975/975/975 973/973/973
f 992/992/992 548/548/548 551/551/551
f 993/993/993 976/976/976 975/975/975
f 992/992/992 551/551/551 554/554/554
f 993/993/993 979/979/979 976/976/976
f 992/992/992 554/554/554 994/994/994
f 993/993/993 995/995/995 979/979/979
f 992/992/992 994/994/994 996/996/996
f 993/993/993 997/997/997 995/995/995
f 992/992/992 996/996/996 998/998/998
f 993/993/993 999/999/999 997/997/997
o S10
v 0.0154499998316 1.44700000262 -0.00400000018999
v 0.0185708515346 1.44829000360 -0.00390344741754
v 0.0180500000715 1.44700000262 -0.00400000018999
v 0.0215367283672 1.44829000360 -0.00390344741754
v 0.0180500000715 1.44700000262 -0.00400000018999
v 0.0215367283672 1.44829000360 -0.00390344741754
v 0.0182499997318 1.44700000262 -0.00380000006407
v 0.0217367280275 1.44829000360 -0.00370344752446
v 0.0217367280275 1.44829000360 -0.00370344752446
v 0.0182499997318 1.44700000262 0.00380000006407
v 0.0217367280275 1.44829000360 0.00370344752446
v 0.0217367280275 1.44829000360 0.00370344752446
v 0.0180500000715 1.44700000262 0.00400000018999
v 0.0215367283672 1.44829000360 0.00390344741754
v 0.0180500000715 1.44700000262 0.00400000018999
v 0.0215367283672 1.44829000360 0.00390344741754
v 0.0154499998316 1.44700000262 0.00400000018999
v 0.0185708515346 1.44829000360 0.00390344741754
v 0.0154499998316 1.44700000262 0.00400000018999
v 0.0185708515346 1.44829000360 0.00390344741754
v 0.0152500001714 1.44700000262 0.00380000006407
v 0.0183708500117 1.44829000360 0.00370344752446
v 0.0152500001714 1.44700000262 0.00380000006407
v 0.0183708500117 1.44829000360 0.00370344752446
v 0.0152500001714 1.44700000262 -0.00380000006407
v 0.0183708500117 1.44829000360 -0.00370344752446
v 0.0152500001714 1.44700000262 -0.00380000006407
v 0.0183708500117 1.44829000360 -0.00370344752446
v 0.0154499998316 1.44700000262 -0.00400000018999
v 0.0185708515346 1.44829000360 -0.00390344741754
v 0.0209386758506 1.45022500134 -0.00346642616205
v 0.0251073427498 1.45022500134 -0.00346642616205
v 0.0215367283672 1.44829000360 -0.00390344741754
v 0.0251073427498 1.45022500134 -0.00346642616205
v 0.0217367280275 1.44829000360 -0.00370344752446
v 0.0253073424101 1.45022500134 -0.00326642626897
v 0.0253073424101 1.45022500134 -0.00326642626897
v 0.0253073424101 1.45022500134 0.00326642626897
v 0.0217367280275 1.44829000360 0.00370344752446
v 0.0253073424101 1.45022500134 0.00326642626897
v 0.0215367283672 1.44829000360 0.00390344741754
v 0.0251073427498 1.45022500134 0.00346642616205
v 0.0251073427498 1.45022500134 0.00346642616205
v 0.0209386758506 1.45022500134 0.00346642616205
v 0.0185708515346 1.44829000360 0.00390344741754
v 0.0209386758506 1.45022500134 0.00346642616205
v 0.0183708500117 1.44829000360 0.00370344752446
v 0.0207386743277 1.45022500134 0.00326642626897
v 0.0207386743277 1.45022500134 0.00326642626897
v 0.0207386743277 1.45022500134 -0.00326642626897
v 0.0183708500117 1.44829000360 -0.00370344752446
v 0.0207386743277 1.45022500134 -0.00326642626897
v 0.0185708515346 1.44829000360 -0.00390344741754
v 0.0209386758506 1.45022500134 -0.00346642616205
v 0.0209386758506 1.45022500134 -0.00346642616205
v 0.0235705245286 1.45345000005 -0.00233156629838
v 0.0251073427498 1.45022500134 -0.00346642616205
v 0.0302947014570 1.45345000005 -0.00233156629838
v 0.0302947014570 1.45345000005 -0.00233156629838
v 0.0304947011173 1.45345000005 -0.00213156640530
v 0.0304947011173 1.45345000005 -0.00213156640530
v 0.0304947011173 1.45345000005 0.00213156640530
v 0.0304947011173 1.45345000005 0.00213156640530
v 0.0302947014570 1.45345000005 0.00233156629838
v 0.0251073427498 1.45022500134 0.00346642616205
v 0.0302947014570 1.45345000005 0.00233156629838
v 0.0209386758506 1.45022500134 0.00346642616205
v 0.0235705245286 1.45345000005 0.00233156629838
v 0.0209386758506 1.45022500134 0.00346642616205
v 0.0235705245286 1.45345000005 0.00233156629838
v 0.0207386743277 1.45022500134 0.00326642626897
v 0.0233705230057 1.45345000005 0.00213156640530
v 0.0233705230057 1.45345000005 0.00213156640530
v 0.0233705230057 1.45345000005 -0.00213156640530
v 0.0207386743277 1.45022500134 -0.00326642626897
v 0.0233705230057 1.45345000005 -0.00213156640530
v 0.0209386758506 1.45022500134 -0.00346642616205
v 0.0235705245286 1.45345000005 -0.00233156629838
v 0.0235705245286 1.45345000005 -0.00233156629838
v 0.0267828293145 1.45774999833 -0.00109087454621
v 0.0357829704881 1.45774999833 -0.00109087454621
v 0.0357829704881 1.45774999833 -0.00109087454621
v 0.0359829738736 1.45774999833 -0.000890874594916
v 0.0359829738736 1.45774999833 -0.000890874594916
v 0.0359829738736 1.45774999833 0.000890874594916
v 0.0359829738736 1.45774999833 0.000890874594916
v 0.0357829704881 1.45774999833 0.00109087454621
v 0.0357829704881 1.45774999833 0.00109087454621
v 0.0235705245286 1.45345000005 0.00233156629838
v 0.0267828293145 1.45774999833 0.00109087454621
v 0.0235705245286 1.45345000005 0.00233156629838
v 0.0267828293145 1.45774999833 0.00109087454621
v 0.0233705230057 1.45345000005 0.00213156640530
v 0.0265828296542 1.45774999833 0.000890874594916
v 0.0265828296542 1.45774999833 0.000890874594916
v 0.0265828296542 1.45774999833 -0.000890874594916
v 0.0233705230057 1.45345000005 -0.00213156640530
v 0.0265828296542 1.45774999833 -0.000890874594916
v 0.0235705245286 1.45345000005 -0.00233156629838
v 0.0267828293145 1.45774999833 -0.00109087454621
v 0.0267828293145 1.45774999833 -0.00109087454621
v 0.0325697846711 1.46420000321 -0.00100000004750
v 0.0357829704881 1.45774999833 -0.00109087454621
v 0.0411380156875 1.46420000321 -0.00100000004750
v 0.0411380156875 1.46420000321 -0.00100000004750
v 0.0413380153477 1.46420000321 -0.000799999979790
v 0.0413380153477 1.46420000321 -0.000799999979790
v 0.0413380153477 1.46420000321 0.000799999979790
v 0.0413380153477 1.46420000321 0.000799999979790
v 0.0411380156875 1.46420000321 0.00100000004750
v 0.0357829704881 1.45774999833 0.00109087454621
v 0.0411380156875 1.46420000321 0.00100000004750
v 0.0267828293145 1.45774999833 0.00109087454621
v 0.0325697846711 1.46420000321 0.00100000004750
v 0.0325697846711 1.46420000321 0.00100000004750
v 0.0323697850108 1.46420000321 0.000799999979790
v 0.0323697850108 1.46420000321 0.000799999979790
v 0.0323697850108 1.46420000321 -0.000799999979790
v 0.0323697850108 1.46420000321 -0.000799999979790
v 0.0325697846711 1.46420000321 -0.00100000004750
v 0.0391661487520 1.47279999977 -0.00100000004750
v 0.0472448505461 1.47279999977 -0.00100000004750
v 0.0472448505461 1.47279999977 -0.00100000004750
v 0.0474448502064 1.47279999977 -0.000799999979790
v 0.0474448502064 1.47279999977 -0.000799999979790
v 0.0474448502064 1.47279999977 0.000799999979790
v 0.0474448502064 1.47279999977 0.000799999979790
v 0.0472448505461 1.47279999977 0.00100000004750
v 0.0472448505461 1.47279999977 0.00100000004750
v 0.0391661487520 1.47279999977 0.00100000004750
v 0.0391661487520 1.47279999977 0.00100000004750
v 0.0389661490917 1.47279999977 0.000799999979790
v 0.0389661490917 1.47279999977 0.000799999979790
v 0.0389661490917 1.47279999977 -0.000799999979790
v 0.0389661490917 1.47279999977 -0.000799999979790
v 0.0391661487520 1.47279999977 -0.00100000004750
v 0.0473540686071 1.48570000207 -0.00100000004750
v 0.0549583323300 1.48570000207 -0.00100000004750
v 0.0549583323300 1.48570000207 -0.00100000004750
v 0.0551583319902 1.48570000207 -0.000799999979790
v 0.0551583319902 1.48570000207 -0.000799999979790
v 0.0551583319902 1.48570000207 0.000799999979790
v 0.0551583319902 1.48570000207 0.000799999979790
v 0.0549583323300 1.48570000207 0.00100000004750
v 0.0549583323300 1.48570000207 0.00100000004750
v 0.0473540686071 1.48570000207 0.00100000004750
v 0.0473540686071 1.48570000207 0.00100000004750
v 0.0471540689468 1.48570000207 0.000799999979790
v 0.0471540689468 1.48570000207 0.000799999979790
v 0.0471540689468 1.48570000207 -0.000799999979790
v 0.0471540689468 1.48570000207 -0.000799999979790
v 0.0473540686071 1.48570000207 -0.00100000004750
v 0.0549229197204 1.50074999979 -0.00100000004750
v 0.0621352866292 1.50074999979 -0.00100000004750
v 0.0621352866292 1.50074999979 -0.00100000004750
v 0.0623352862895 1.50074999979 -0.000799999979790
v 0.0623352862895 1.50074999979 -0.000799999979790
v 0.0623352862895 1.50074999979 0.000799999979790
v 0.0623352862895 1.50074999979 0.000799999979790
v 0.0621352866292 1.50074999979 0.00100000004750
v 0.0621352866292 1.50074999979 0.00100000004750
v 0.0549229197204 1.50074999979 0.00100000004750
v 0.0549229197204 1.50074999979 0.00100000004750
v 0.0547229200602 1.50074999979 0.000799999979790
v 0.0547229200602 1.50074999979 0.000799999979790
v 0.0547229200602 1.50074999979 -0.000799999979790
v 0.0547229200602 1.50074999979 -0.000799999979790
v 0.0549229197204 1.50074999979 -0.00100000004750
v 0.0612493902445 1.51795000038 -0.00100000004750
v 0.0681378245354 1.51795000038 -0.00100000004750
v 0.0681378245354 1.51795000038 -0.00100000004750
v 0.0683378279209 1.51795000038 -0.000799999979790
v 0.0683378279209 1.51795000038 -0.000799999979790
v 0.0683378279209 1.51795000038 0.000799999979790
v 0.0683378279209 1.51795000038 0.000799999979790
v 0.0681378245354 1.51795000038 0.00100000004750
v 0.0681378245354 1.51795000038 0.00100000004750
v 0.0612493902445 1.51795000038 0.00100000004750
v 0.0612493902445 1.51795000038 0.00100000004750
v 0.0610493905842 1.51795000038 0.000799999979790
v 0.0610493905842 1.51795000038 0.000799999979790
v 0.0610493905842 1.51795000038 -0.000799999979790
v 0.0610493905842 1.51795000038 -0.000799999979790
v 0.0612493902445 1.51795000038 -0.00100000004750
v 0.0654907673597 1.53730000010 -0.00100000004750
v 0.0721559226513 1.53730000010 -0.00100000004750
v 0.0721559226513 1.53730000010 -0.00100000004750
v 0.0723559185863 1.53730000010 -0.000799999979790
v 0.0723559185863 1.53730000010 -0.000799999979790
v 0.0723559185863 1.53730000010 0.000799999979790
v 0.0723559185863 1.53730000010 0.000799999979790
v 0.0721559226513 1.53730000010 0.00100000004750
v 0.0721559226513 1.53730000010 0.00100000004750
v 0.0654907673597 1.53730000010 0.00100000004750
v 0.0654907673597 1.53730000010 0.00100000004750
v 0.0652907639742 1.53730000010 0.000799999979790
v 0.0652907639742 1.53730000010 0.000799999979790
v 0.0652907639742 1.53730000010 -0.000799999979790
v 0.0652907639742 1.53730000010 -0.000799999979790
v 0.0654907673597 1.53730000010 -0.00100000004750
v 0.0666999965906 1.55449999999 -0.00100000004750
v 0.0732999965549 1.55449999999 -0.00100000004750
v 0.0721559226513 1.53730000010 -0.00100000004750
v 0.0732999965549 1.55449999999 -0.00100000004750
v 0.0723559185863 1.53730000010 -0.000799999979790
v 0.0734999999404 1.55449999999 -0.000799999979790
v 0.0723559185863 1.53730000010 -0.000799999979790
v 0.0734999999404 1.55449999999 -0.000799999979790
v 0.0723559185863 1.53730000010 0.000799999979790
v 0.0734999999404 1.55449999999 0.000799999979790
v 0.0723559185863 1.53730000010 0.000799999979790
v 0.0734999999404 1.55449999999 0.000799999979790
v 0.0721559226513 1.53730000010 0.00100000004750
v 0.0732999965549 1.55449999999 0.00100000004750
v 0.0732999965549 1.55449999999 0.00100000004750
v 0.0666999965906 1.55449999999 0.00100000004750
v 0.0654907673597 1.53730000010 0.00100000004750
v 0.0666999965906 1.55449999999 0.00100000004750
v 0.0652907639742 1.53730000010 0.000799999979790
v 0.0665000006557 1.55449999999 0.000799999979790
v 0.0652907639742 1.53730000010 0.000799999979790
v 0.0665000006557 1.55449999999 0.000799999979790
v 0.0652907639742 1.53730000010 -0.000799999979790
v 0.0665000006557 1.55449999999 -0.000799999979790
v 0.0652907639742 1.53730000010 -0.000799999979790
v 0.0665000006557 1.55449999999 -0.000799999979790
v 0.0654907673597 1.53730000010 -0.00100000004750
v 0.0666999965906 1.55449999999 -0.00100000004750
v 0.0654907673597 1.57169999941 -0.00100000004750
v 0.0721559226513 1.57169999941 -0.00100000004750
v 0.0732999965549 1.55449999999 -0.00100000004750
v 0.0721559226513 1.57169999941 -0.00100000004750
v 0.0734999999404 1.55449999999 -0.000799999979790
v 0.0723559185863 1.57169999941 -0.000799999979790
v 0.0734999999404 1.55449999999 -0.000799999979790
v 0.0723559185863 1.57169999941 -0.000799999979790
v 0.0734999999404 1.55449999999 0.000799999979790
v 0.0723559185863 1.57169999941 0.000799999979790
v 0.0734999999404 1.55449999999 0.000799999979790
v 0.0723559185863 1.57169999941 0.000799999979790
v 0.0732999965549 1.55449999999 0.00100000004750
v 0.0721559226513 1.57169999941 0.00100000004750
v 0.0721559226513 1.57169999941 0.00100000004750
v 0.0654907673597 1.57169999941 0.00100000004750
v 0.0666999965906 1.55449999999 0.00100000004750
v 0.0654907673597 1.57169999941 0.00100000004750
v 0.0665000006557 1.55449999999 0.000799999979790
v 0.0652907639742 1.57169999941 0.000799999979790
v 0.0665000006557 1.55449999999 0.000799999979790
v 0.0652907639742 1.57169999941 0.000799999979790
v 0.0665000006557 1.55449999999 -0.000799999979790
v 0.0652907639742 1.57169999941 -0.000799999979790
v 0.0665000006557 1.55449999999 -0.000799999979790
v 0.0652907639742 1.57169999941 -0.000799999979790
v 0.0666999965906 1.55449999999 -0.00100000004750
v 0.0654907673597 1.57169999941 -0.00100000004750
v 0.0612493902445 1.59105000100 -0.00100000004750
v 0.0681378245354 1.59105000100 -0.00100000004750
v 0.0721559226513 1.57169999941 -0.00100000004750
v 0.0681378245354 1.59105000100 -0.00100000004750
v 0.0723559185863 1.57169999941 -0.000799999979790
v 0.0683378279209 1.59105000100 -0.000799999979790
v 0.0723559185863 1.57169999941 -0.000799999979790
v 0.0683378279209 1.59105000100 -0.000799999979790
v 0.0723559185863 1.57169999941 0.000799999979790
v 0.0683378279209 1.59105000100 0.000799999979790
v 0.0723559185863 1.57169999941 0.000799999979790
v 0.0683378279209 1.59105000100 0.000799999979790
v 0.0721559226513 1.57169999941 0.00100000004750
v 0.0681378245354 1.59105000100 0.00100000004750
v 0.0681378245354 1.59105000100 0.00100000004750
v 0.0612493902445 1.59105000100 0.00100000004750
v 0.0654907673597 1.57169999941 0.00100000004750
v 0.0612493902445 1.59105000100 0.00100000004750
v 0.0652907639742 1.57169999941 0.000799999979790
v 0.0610493905842 1.59105000100 0.000799999979790
v 0.0652907639742 1.57169999941 0.000799999979790
v 0.0610493905842 1.59105000100 0.000799999979790
v 0.0652907639742 1.57169999941 -0.000799999979790
v 0.0610493905842 1.59105000100 -0.000799999979790
v 0.0652907639742 1.57169999941 -0.000799999979790
v 0.0610493905842 1.59105000100 -0.000799999979790
v 0.0654907673597 1.57169999941 -0.00100000004750
v 0.0612493902445 1.59105000100 -0.00100000004750
v 0.0549229197204 1.60825000158 -0.00100000004750
v 0.0621352866292 1.60825000158 -0.00100000004750
v 0.0621352866292 1.60825000158 -0.00100000004750
v 0.0623352862895 1.60825000158 -0.000799999979790
v 0.0623352862895 1.60825000158 -0.000799999979790
v 0.0623352862895 1.60825000158 0.000799999979790
v 0.0623352862895 1.60825000158 0.000799999979790
v 0.0621352866292 1.60825000158 0.00100000004750
v 0.0621352866292 1.60825000158 0.00100000004750
v 0.0549229197204 1.60825000158 0.00100000004750
v 0.0549229197204 1.60825000158 0.00100000004750
v 0.0547229200602 1.60825000158 0.000799999979790
v 0.0547229200602 1.60825000158 0.000799999979790
v 0.0547229200602 1.60825000158 -0.000799999979790
v 0.0547229200602 1.60825000158 -0.000799999979790
v 0.0549229197204 1.60825000158 -0.00100000004750
v 0.0473540686071 1.62329999930 -0.00100000004750
v 0.0549583323300 1.62329999930 -0.00100000004750
v 0.0549583323300 1.62329999930 -0.00100000004750
v 0.0551583319902 1.62329999930 -0.000799999979790
v 0.0551583319902 1.62329999930 -0.000799999979790
v 0.0551583319902 1.62329999930 0.000799999979790
v 0.0551583319902 1.62329999930 0.000799999979790
v 0.0549583323300 1.62329999930 0.00100000004750
v 0.0549583323300 1.62329999930 0.00100000004750
v 0.0473540686071 1.62329999930 0.00100000004750
v 0.0473540686071 1.62329999930 0.00100000004750
v 0.0471540689468 1.62329999930 0.000799999979790
v 0.0471540689468 1.62329999930 0.000799999979790
v 0.0471540689468 1.62329999930 -0.000799999979790
v 0.0471540689468 1.62329999930 -0.000799999979790
v 0.0473540686071 1.62329999930 -0.00100000004750
v 0.0391661487520 1.63620000160 -0.00100000004750
v 0.0472448505461 1.63620000160 -0.00100000004750
v 0.0472448505461 1.63620000160 -0.00100000004750
v 0.0474448502064 1.63620000160 -0.000799999979790
v 0.0474448502064 1.63620000160 -0.000799999979790
v 0.0474448502064 1.63620000160 0.000799999979790
v 0.0474448502064 1.63620000160 0.000799999979790
v 0.0472448505461 1.63620000160 0.00100000004750
v 0.0472448505461 1.63620000160 0.00100000004750
v 0.0391661487520 1.63620000160 0.00100000004750
v 0.0391661487520 1.63620000160 0.00100000004750
v 0.0389661490917 1.63620000160 0.000799999979790
v 0.0389661490917 1.63620000160 0.000799999979790
v 0.0389661490917 1.63620000160 -0.000799999979790
v 0.0389661490917 1.63620000160 -0.000799999979790
v 0.0391661487520 1.63620000160 -0.00100000004750
v 0.0325697846711 1.64479999816 -0.00100000004750
v 0.0411380156875 1.64479999816 -0.00100000004750
v 0.0411380156875 1.64479999816 -0.00100000004750
v 0.0413380153477 1.64479999816 -0.000799999979790
v 0.0413380153477 1.64479999816 -0.000799999979790
v 0.0413380153477 1.64479999816 0.000799999979790
v 0.0413380153477 1.64479999816 0.000799999979790
v 0.0411380156875 1.64479999816 0.00100000004750
v 0.0411380156875 1.64479999816 0.00100000004750
v 0.0325697846711 1.64479999816 0.00100000004750
v 0.0325697846711 1.64479999816 0.00100000004750
v 0.0323697850108 1.64479999816 0.000799999979790
v 0.0323697850108 1.64479999816 0.000799999979790
v 0.0323697850108 1.64479999816 -0.000799999979790
v 0.0323697850108 1.64479999816 -0.000799999979790
v 0.0325697846711 1.64479999816 -0.00100000004750
v 0.0267828293145 1.65125000304 -0.00109087454621
v 0.0357829704881 1.65125000304 -0.00109087454621
v 0.0357829704881 1.65125000304 -0.00109087454621
v 0.0359829738736 1.65125000304 -0.000890874594916
v 0.0359829738736 1.65125000304 -0.000890874594916
v 0.0359829738736 1.65125000304 0.000890874594916
v 0.0359829738736 1.65125000304 0.000890874594916
v 0.0357829704881 1.65125000304 0.00109087454621
v 0.0357829704881 1.65125000304 0.00109087454621
v 0.0267828293145 1.65125000304 0.00109087454621
v 0.0267828293145 1.65125000304 0.00109087454621
v 0.0265828296542 1.65125000304 0.000890874594916
v 0.0265828296542 1.65125000304 0.000890874594916
v 0.0265828296542 1.65125000304 -0.000890874594916
v 0.0265828296542 1.65125000304 -0.000890874594916
v 0.0267828293145 1.65125000304 -0.00109087454621
v 0.0267828293145 1.65125000304 -0.00109087454621
v 0.0235705245286 1.65555000132 -0.00233156629838
v 0.0302947014570 1.65555000132 -0.00233156629838
v 0.0302947014570 1.65555000132 -0.00233156629838
v 0.0304947011173 1.65555000132 -0.00213156640530
v 0.0304947011173 1.65555000132 -0.00213156640530
v 0.0304947011173 1.65555000132 0.00213156640530
v 0.0304947011173 1.65555000132 0.00213156640530
v 0.0302947014570 1.65555000132 0.00233156629838
v 0.0302947014570 1.65555000132 0.00233156629838
v 0.0267828293145 1.65125000304 0.00109087454621
v 0.0235705245286 1.65555000132 0.00233156629838
v 0.0235705245286 1.65555000132 0.00233156629838
v 0.0233705230057 1.65555000132 0.00213156640530
v 0.0233705230057 1.65555000132 0.00213156640530
v 0.0233705230057 1.65555000132 -0.00213156640530
v 0.0233705230057 1.65555000132 -0.00213156640530
v 0.0235705245286 1.65555000132 -0.00233156629838
v 0.0235705245286 1.65555000132 -0.00233156629838
v 0.0209386758506 1.65877500004 -0.00346642616205
v 0.0251073427498 1.65877500004 -0.00346642616205
v 0.0251073427498 1.65877500004 -0.00346642616205
v 0.0253073424101 1.65877500004 -0.00326642626897
v 0.0253073424101 1.65877500004 -0.00326642626897
v 0.0253073424101 1.65877500004 0.00326642626897
v 0.0253073424101 1.65877500004 0.00326642626897
v 0.0251073427498 1.65877500004 0.00346642616205
v 0.0251073427498 1.65877500004 0.00346642616205
v 0.0235705245286 1.65555000132 0.00233156629838
v 0.0209386758506 1.65877500004 0.00346642616205
v 0.0235705245286 1.65555000132 0.00233156629838
v 0.0209386758506 1.65877500004 0.00346642616205
v 0.0233705230057 1.65555000132 0.00213156640530
v 0.0207386743277 1.65877500004 0.00326642626897
v 0.0207386743277 1.65877500004 0.00326642626897
v 0.0207386743277 1.65877500004 -0.00326642626897
v 0.0233705230057 1.65555000132 -0.00213156640530
v 0.0207386743277 1.65877500004 -0.00326642626897
v 0.0235705245286 1.65555000132 -0.00233156629838
v 0.0209386758506 1.65877500004 -0.00346642616205
v 0.0209386758506 1.65877500004 -0.00346642616205
v 0.0185708515346 1.66070999777 -0.00390344741754
v 0.0251073427498 1.65877500004 -0.00346642616205
v 0.0215367283672 1.66070999777 -0.00390344741754
v 0.0215367283672 1.66070999777 -0.00390344741754
v 0.0217367280275 1.66070999777 -0.00370344752446
v 0.0217367280275 1.66070999777 -0.00370344752446
v 0.0217367280275 1.66070999777 0.00370344752446
v 0.0217367280275 1.66070999777 0.00370344752446
v 0.0215367283672 1.66070999777 0.00390344741754
v 0.0251073427498 1.65877500004 0.00346642616205
v 0.0215367283672 1.66070999777 0.00390344741754
v 0.0209386758506 1.65877500004 0.00346642616205
v 0.0185708515346 1.66070999777 0.00390344741754
v 0.0209386758506 1.65877500004 0.00346642616205
v 0.0185708515346 1.66070999777 0.00390344741754
v 0.0207386743277 1.65877500004 0.00326642626897
v 0.0183708500117 1.66070999777 0.00370344752446
v 0.0183708500117 1.66070999777 0.00370344752446
v 0.0183708500117 1.66070999777 -0.00370344752446
v 0.0207386743277 1.65877500004 -0.00326642626897
v 0.0183708500117 1.66070999777 -0.00370344752446
v 0.0209386758506 1.65877500004 -0.00346642616205
v 0.0185708515346 1.66070999777 -0.00390344741754
v 0.0154499998316 1.66199999875 -0.00400000018999
v 0.0180500000715 1.66199999875 -0.00400000018999
v 0.0215367283672 1.66070999777 -0.00390344741754
v 0.0180500000715 1.66199999875 -0.00400000018999
v 0.0217367280275 1.66070999777 -0.00370344752446
v 0.0182499997318 1.66199999875 -0.00380000006407
v 0.0182499997318 1.66199999875 0.00380000006407
v 0.0217367280275 1.66070999777 0.00370344752446
v 0.0215367283672 1.66070999777 0.00390344741754
v 0.0180500000715 1.66199999875 0.00400000018999
v 0.0180500000715 1.66199999875 0.00400000018999
v 0.0154499998316 1.66199999875 0.00400000018999
v 0.0185708515346 1.66070999777 0.00390344741754
v 0.0154499998316 1.66199999875 0.00400000018999
v 0.0183708500117 1.66070999777 0.00370344752446
v 0.0152500001714 1.66199999875 0.00380000006407
v 0.0152500001714 1.66199999875 0.00380000006407
v 0.0152500001714 1.66199999875 -0.00380000006407
v 0.0183708500117 1.66070999777 -0.00370344752446
v 0.0152500001714 1.66199999875 -0.00380000006407
v 0.0185708515346 1.66070999777 -0.00390344741754
v 0.0154499998316 1.66199999875 -0.00400000018999
v 0.0154499998316 1.44700000262 -0.00400000018999
v 0.0154499998316 1.66199999875 -0.00400000018999
v 0.0154499998316 1.44700000262 0.00400000018999
v 0.0154499998316 1.66199999875 0.00400000018999
v 0.0152500001714 1.44700000262 0.00380000006407
v 0.0152500001714 1.66199999875 0.00380000006407
v 0.0152500001714 1.44700000262 -0.00380000006407
v 0.0152500001714 1.66199999875 -0.00380000006407
vt 0 0
vt 0 0.006000000052154064
vt 0.125 0
vt 0.125 0.006000000052154064
vt 0.125 0
vt 0.125 0.006000000052154064
vt 0.25 0
vt 0.25 0.006000000052154064
vt 0.25 0.006000000052154064
vt 0.375 0
vt 0.375 0.006000000052154064
vt 0.375 0.006000000052154064
vt 0.5 0
vt 0.5 0.006000000052154064
vt 0.5 0
vt 0.5 0.006000000052154064
vt 0.625 0
vt 0.625 0.006000000052154064
vt 0.625 0
vt 0.625 0.006000000052154064
vt 0.75 0
vt 0.75 0.006000000052154064
vt 0.75 0
vt 0.75 0.006000000052154064
vt 0.875 0
vt 0.875 0.006000000052154064
vt 0.875 0
vt 0.875 0.006000000052154064
vt 0 0
vt 0 0.006000000052154064
vt 0 0.014999999664723873
vt 0.125 0.014999999664723873
vt 0.125 0.006000000052154064
vt 0.125 0.014999999664723873
vt 0.25 0.006000000052154064
vt 0.25 0.014999999664723873
vt 0.25 0.014999999664723873
vt 0.375 0.014999999664723873
vt 0.375 0.006000000052154064
vt 0.375 0.014999999664723873
vt 0.5 0.006000000052154064
vt 0.5 0.014999999664723873
vt 0.5 0.014999999664723873
vt 0.625 0.014999999664723873
vt 0.625 0.006000000052154064
vt 0.625 0.014999999664723873
vt 0.75 0.006000000052154064
vt 0.75 0.014999999664723873
vt 0.75 0.014999999664723873
vt 0.875 0.014999999664723873
vt 0.875 0.006000000052154064
vt 0.875 0.014999999664723873
vt 0 0.006000000052154064
vt 0 0.014999999664723873
vt 0 0.014999999664723873
vt 0 0.029999999329447746
vt 0.125 0.014999999664723873
vt 0.125 0.029999999329447746
vt 0.125 0.029999999329447746
vt 0.25 0.029999999329447746
vt 0.25 0.029999999329447746
vt 0.375 0.029999999329447746
vt 0.375 0.029999999329447746
vt 0.5 0.029999999329447746
vt 0.5 0.014999999664723873
vt 0.5 0.029999999329447746
vt 0.625 0.014999999664723873
vt 0.625 0.029999999329447746
vt 0.625 0.014999999664723873
vt 0.625 0.029999999329447746
vt 0.75 0.014999999664723873
vt 0.75 0.029999999329447746
vt 0.75 0.029999999329447746
vt 0.875 0.029999999329447746
vt 0.875 0.014999999664723873
vt 0.875 0.029999999329447746
vt 0 0.014999999664723873
vt 0 0.029999999329447746
vt 0 0.029999999329447746
vt 0 0.05000000074505806
vt 0.125 0.05000000074505806
vt 0.125 0.05000000074505806
vt 0.25 0.05000000074505806
vt 0.25 0.05000000074505806
vt 0.375 0.05000000074505806
vt 0.375 0.05000000074505806
vt 0.5 0.05000000074505806
vt 0.5 0.05000000074505806
vt 0.625 0.029999999329447746
vt 0.625 0.05000000074505806
vt 0.625 0.029999999329447746
vt 0.625 0.05000000074505806
vt 0.75 0.029999999329447746
vt 0.75 0.05000000074505806
vt 0.75 0.05000000074505806
vt 0.875 0.05000000074505806
vt 0.875 0.029999999329447746
vt 0.875 0.05000000074505806
vt 0 0.029999999329447746
vt 0 0.05000000074505806
vt 0 0.05000000074505806
vt 0 0.07999999821186066
vt 0.125 0.05000000074505806
vt 0.125 0.07999999821186066
vt 0.125 0.07999999821186066
vt 0.25 0.07999999821186066
vt 0.25 0.07999999821186066
vt 0.375 0.07999999821186066
vt 0.375 0.07999999821186066
vt 0.5 0.07999999821186066
vt 0.5 0.05000000074505806
vt 0.5 0.07999999821186066
vt 0.625 0.05000000074505806
vt 0.625 0.07999999821186066
vt 0.625 0.07999999821186066
vt 0.75 0.07999999821186066
vt 0.75 0.07999999821186066
vt 0.875 0.07999999821186066
vt 0.875 0.07999999821186066
vt 0 0.07999999821186066
vt 0 0.11999999731779099
vt 0.125 0.11999999731779099
vt 0.125 0.11999999731779099
vt 0.25 0.11999999731779099
vt 0.25 0.11999999731779099
vt 0.375 0.11999999731779099
vt 0.375 0.11999999731779099
vt 0.5 0.11999999731779099
vt 0.5 0.11999999731779099
vt 0.625 0.11999999731779099
vt 0.625 0.11999999731779099
vt 0.75 0.11999999731779099
vt 0.75 0.11999999731779099
vt 0.875 0.11999999731779099
vt 0.875 0.11999999731779099
vt 0 0.11999999731779099
vt 0 0.18000000715255737
vt 0.125 0.18000000715255737
vt 0.125 0.18000000715255737
vt 0.25 0.18000000715255737
vt 0.25 0.18000000715255737
vt 0.375 0.18000000715255737
vt 0.375 0.18000000715255737
vt 0.5 0.18000000715255737
vt 0.5 0.18000000715255737
vt 0.625 0.18000000715255737
vt 0.625 0.18000000715255737
vt 0.75 0.18000000715255737
vt 0.75 0.18000000715255737
vt 0.875 0.18000000715255737
vt 0.875 0.18000000715255737
vt 0 0.18000000715255737
vt 0 0.25
vt 0.125 0.25
vt 0.125 0.25
vt 0.25 0.25
vt 0.25 0.25
vt 0.375 0.25
vt 0.375 0.25
vt 0.5 0.25
vt 0.5 0.25
vt 0.625 0.25
vt 0.625 0.25
vt 0.75 0.25
vt 0.75 0.25
vt 0.875 0.25
vt 0.875 0.25
vt 0 0.25
vt 0 0.33000001311302185
vt 0.125 0.33000001311302185
vt 0.125 0.33000001311302185
vt 0.25 0.33000001311302185
vt 0.25 0.33000001311302185
vt 0.375 0.33000001311302185
vt 0.375 0.33000001311302185
vt 0.5 0.33000001311302185
vt 0.5 0.33000001311302185
vt 0.625 0.33000001311302185
vt 0.625 0.33000001311302185
vt 0.75 0.33000001311302185
vt 0.75 0.33000001311302185
vt 0.875 0.33000001311302185
vt 0.875 0.33000001311302185
vt 0 0.33000001311302185
vt 0 0.41999998688697815
vt 0.125 0.41999998688697815
vt 0.125 0.41999998688697815
vt 0.25 0.41999998688697815
vt 0.25 0.41999998688697815
vt 0.375 0.41999998688697815
vt 0.375 0.41999998688697815
vt 0.5 0.41999998688697815
vt 0.5 0.41999998688697815
vt 0.625 0.41999998688697815
vt 0.625 0.41999998688697815
vt 0.75 0.41999998688697815
vt 0.75 0.41999998688697815
vt 0.875 0.41999998688697815
vt 0.875 0.41999998688697815
vt 0 0.41999998688697815
vt 0 0.5
vt 0.125 0.5
vt 0.125 0.41999998688697815
vt 0.125 0.5
vt 0.25 0.41999998688697815
vt 0.25 0.5
vt 0.25 0.41999998688697815
vt 0.25 0.5
vt 0.375 0.41999998688697815
vt 0.375 0.5
vt 0.375 0.41999998688697815
vt 0.375 0.5
vt 0.5 0.41999998688697815
vt 0.5 0.5
vt 0.5 0.5
vt 0.625 0.5
vt 0.625 0.41999998688697815
vt 0.625 0.5
vt 0.75 0.41999998688697815
vt 0.75 0.5
vt 0.75 0.41999998688697815
vt 0.75 0.5
vt 0.875 0.41999998688697815
vt 0.875 0.5
vt 0.875 0.41999998688697815
vt 0.875 0.5
vt 0 0.41999998688697815
vt 0 0.5
vt 0 0.5799999833106995
vt 0.125 0.5799999833106995
vt 0.125 0.5
vt 0.125 0.5799999833106995
vt 0.25 0.5
vt 0.25 0.5799999833106995
vt 0.25 0.5
vt 0.25 0.5799999833106995
vt 0.375 0.5
vt 0.375 0.5799999833106995
vt 0.375 0.5
vt 0.375 0.5799999833106995
vt 0.5 0.5
vt 0.5 0.5799999833106995
vt 0.5 0.5799999833106995
vt 0.625 0.5799999833106995
vt 0.625 0.5
vt 0.625 0.5799999833106995
vt 0.75 0.5
vt 0.75 0.5799999833106995
vt 0.75 0.5
vt 0.75 0.5799999833106995
vt 0.875 0.5
vt 0.875 0.5799999833106995
vt 0.875 0.5
vt 0.875 0.5799999833106995
vt 0 0.5
vt 0 0.5799999833106995
vt 0 0.6700000166893005
vt 0.125 0.6700000166893005
vt 0.125 0.5799999833106995
vt 0.125 0.6700000166893005
vt 0.25 0.5799999833106995
vt 0.25 0.6700000166893005
vt 0.25 0.5799999833106995
vt 0.25 0.6700000166893005
vt 0.375 0.5799999833106995
vt 0.375 0.6700000166893005
vt 0.375 0.5799999833106995
vt 0.375 0.6700000166893005
vt 0.5 0.5799999833106995
vt 0.5 0.6700000166893005
vt 0.5 0.6700000166893005
vt 0.625 0.6700000166893005
vt 0.625 0.5799999833106995
vt 0.625 0.6700000166893005
vt 0.75 0.5799999833106995
vt 0.75 0.6700000166893005
vt 0.75 0.5799999833106995
vt 0.75 0.6700000166893005
vt 0.875 0.5799999833106995
vt 0.875 0.6700000166893005
vt 0.875 0.5799999833106995
vt 0.875 0.6700000166893005
vt 0 0.5799999833106995
vt 0 0.6700000166893005
vt 0 0.75
vt 0.125 0.75
vt 0.125 0.75
vt 0.25 0.75
vt 0.25 0.75
vt 0.375 0.75
vt 0.375 0.75
vt 0.5 0.75
vt 0.5 0.75
vt 0.625 0.75
vt 0.625 0.75
vt 0.75 0.75
vt 0.75 0.75
vt 0.875 0.75
vt 0.875 0.75
vt 0 0.75
vt 0 0.8199999928474426
vt 0.125 0.8199999928474426
vt 0.125 0.8199999928474426
vt 0.25 0.8199999928474426
vt 0.25 0.8199999928474426
vt 0.375 0.8199999928474426
vt 0.375 0.8199999928474426
vt 0.5 0.8199999928474426
vt 0.5 0.8199999928474426
vt 0.625 0.8199999928474426
vt 0.625 0.8199999928474426
vt 0.75 0.8199999928474426
vt 0.75 0.8199999928474426
vt 0.875 0.8199999928474426
vt 0.875 0.8199999928474426
vt 0 0.8199999928474426
vt 0 0.8799999952316284
vt 0.125 0.8799999952316284
vt 0.125 0.8799999952316284
vt 0.25 0.8799999952316284
vt 0.25 0.8799999952316284
vt 0.375 0.8799999952316284
vt 0.375 0.8799999952316284
vt 0.5 0.8799999952316284
vt 0.5 0.8799999952316284
vt 0.625 0.8799999952316284
vt 0.625 0.8799999952316284
vt 0.75 0.8799999952316284
vt 0.75 0.8799999952316284
vt 0.875 0.8799999952316284
vt 0.875 0.8799999952316284
vt 0 0.8799999952316284
vt 0 0.9200000166893005
vt 0.125 0.9200000166893005
vt 0.125 0.9200000166893005
vt 0.25 0.9200000166893005
vt 0.25 0.9200000166893005
vt 0.375 0.9200000166893005
vt 0.375 0.9200000166893005
vt 0.5 0.9200000166893005
vt 0.5 0.9200000166893005
vt 0.625 0.9200000166893005
vt 0.625 0.9200000166893005
vt 0.75 0.9200000166893005
vt 0.75 0.9200000166893005
vt 0.875 0.9200000166893005
vt 0.875 0.9200000166893005
vt 0 0.9200000166893005
vt 0 0.949999988079071
vt 0.125 0.949999988079071
vt 0.125 0.949999988079071
vt 0.25 0.949999988079071
vt 0.25 0.949999988079071
vt 0.375 0.949999988079071
vt 0.375 0.949999988079071
vt 0.5 0.949999988079071
vt 0.5 0.949999988079071
vt 0.625 0.949999988079071
vt 0.625 0.949999988079071
vt 0.75 0.949999988079071
vt 0.75 0.949999988079071
vt 0.875 0.949999988079071
vt 0.875 0.949999988079071
vt 0 0.949999988079071
vt 0 0.949999988079071
vt 0 0.9700000286102295
vt 0.125 0.9700000286102295
vt 0.125 0.9700000286102295
vt 0.25 0.9700000286102295
vt 0.25 0.9700000286102295
vt 0.375 0.9700000286102295
vt 0.375 0.9700000286102295
vt 0.5 0.9700000286102295
vt 0.5 0.9700000286102295
vt 0.625 0.949999988079071
vt 0.625 0.9700000286102295
vt 0.625 0.9700000286102295
vt 0.75 0.9700000286102295
vt 0.75 0.9700000286102295
vt 0.875 0.9700000286102295
vt 0.875 0.9700000286102295
vt 0 0.9700000286102295
vt 0 0.9700000286102295
vt 0 0.9850000143051147
vt 0.125 0.9850000143051147
vt 0.125 0.9850000143051147
vt 0.25 0.9850000143051147
vt 0.25 0.9850000143051147
vt 0.375 0.9850000143051147
vt 0.375 0.9850000143051147
vt 0.5 0.9850000143051147
vt 0.5 0.9850000143051147
vt 0.625 0.9700000286102295
vt 0.625 0.9850000143051147
vt 0.625 0.9700000286102295
vt 0.625 0.9850000143051147
vt 0.75 0.9700000286102295
vt 0.75 0.9850000143051147
vt 0.75 0.9850000143051147
vt 0.875 0.9850000143051147
vt 0.875 0.9700000286102295
vt 0.875 0.9850000143051147
vt 0 0.9700000286102295
vt 0 0.9850000143051147
vt 0 0.9850000143051147
vt 0 0.9940000176429749
vt 0.125 0.9850000143051147
vt 0.125 0.9940000176429749
vt 0.125 0.9940000176429749
vt 0.25 0.9940000176429749
vt 0.25 0.9940000176429749
vt 0.375 0.9940000176429749
vt 0.375 0.9940000176429749
vt 0.5 0.9940000176429749
vt 0.5 0.9850000143051147
vt 0.5 0.9940000176429749
vt 0.625 0.9850000143051147
vt 0.625 0.9940000176429749
vt 0.625 0.9850000143051147
vt 0.625 0.9940000176429749
vt 0.75 0.9850000143051147
vt 0.75 0.9940000176429749
vt 0.75 0.9940000176429749
vt 0.875 0.9940000176429749
vt 0.875 0.9850000143051147
vt 0.875 0.9940000176429749
vt 0 0.9850000143051147
vt 0 0.9940000176429749
vt 0 1
vt 0.125 1
vt 0.125 0.9940000176429749
vt 0.125 1
vt 0.25 0.9940000176429749
vt 0.25 1
vt 0.375 1
vt 0.375 0.9940000176429749
vt 0.5 0.9940000176429749
vt 0.5 1
vt 0.5 1
vt 0.625 1
vt 0.625 0.9940000176429749
vt 0.625 1
vt 0.75 0.9940000176429749
vt 0.75 1
vt 0.75 1
vt 0.875 1
vt 0.875 0.9940000176429749
vt 0.875 1
vt 0 0.9940000176429749
vt 0 1
vt 0 0
vt 0 1
vt 0.625 0
vt 0.625 1
vt 0.75 0
vt 0.75 1
vt 0.875 0
vt 0.875 1
vn 0.00000000000 0.0990649557124 -0.995080968841
vn 0.00000000000 0.0990649557124 -0.995080968841
vn 0.00000000000 0.0990649557124 -0.995080968841
vn 0.00000000000 0.260208726169 -0.965552390513
vn 0.116134236701 -0.993233526954 -6.79156026333e-10
vn 0.460923365016 -0.871017976088 -0.169933330792
vn 0.116134236701 -0.993233526954 -6.79156026333e-10
vn 0.460923365016 -0.871017976088 -0.169933330792
vn 0.489482364660 -0.872013196395 5.37622825981e-10
vn 0.116134236701 -0.993233526954 -6.79156026333e-10
vn 0.489482364660 -0.872013196395 5.37622825981e-10
vn 0.460923365016 -0.871017976088 0.169933330792
vn 0.116134236701 -0.993233526954 -6.79156026333e-10
vn 0.460923365016 -0.871017976088 0.169933330792
vn 0.00000000000 0.123490945537 0.992345699023
vn 0.00000000000 0.243713794891 0.969847197336
vn 0.00000000000 0.123490945537 0.992345699023
vn 0.00000000000 0.123490945537 0.992345699023
vn -0.433212049587 0.898937420200 0.0651063334641
vn -0.433212049587 0.898937420200 0.0651063334641
vn -0.433212049587 0.898937420200 0.0651063334641
vn -0.433212049587 0.898937420200 0.0651063334641
vn -0.448410008737 0.893827983487 1.51289545515e-13
vn -0.448410008737 0.893827983487 1.51289545515e-13
vn -0.448410008737 0.893827983487 1.51289545515e-13
vn -0.448410008737 0.893827983487 1.51289545515e-13
vn -0.433212049587 0.898937420200 -0.0651063334641
vn -0.433212049587 0.898937420200 -0.0651063334641
vn -0.433212049587 0.898937420200 -0.0651063334641
vn -0.433212049587 0.898937420200 -0.0651063334641
vn 0.00000000000 0.260208726169 -0.965552390513
vn 0.00000000000 0.260208726169 -0.965552390513
vn 0.468144662752 -0.852686657305 -0.231875050815
vn 0.468144662752 -0.852686657305 -0.231875050815
vn 0.468144662752 -0.852686657305 -0.231875050815
vn 0.468144662752 -0.852686657305 -0.231875050815
vn 0.489482364660 -0.872013196395 5.37622825981e-10
vn 0.489482364660 -0.872013196395 5.37622825981e-10
vn 0.468144662752 -0.852686657305 0.231875050815
vn 0.468144662752 -0.852686657305 0.231875050815
vn 0.468144662752 -0.852686657305 0.231875050815
vn 0.468144662752 -0.852686657305 0.231875050815
vn 0.00000000000 0.243713794891 0.969847197336
vn 0.00000000000 0.243713794891 0.969847197336
vn -0.444477191426 0.872111958326 0.204599018685
vn -0.673132058036 0.683526869606 0.282283989930
vn -0.444477191426 0.872111958326 0.204599018685
vn -0.673132058036 0.683526869606 0.282283989930
vn -0.683071590567 0.730351423740 2.68185598125e-9
vn -0.683071590567 0.730351423740 2.68185598125e-9
vn -0.444477191426 0.872111958326 -0.204599018685
vn -0.673132063699 0.683526875356 -0.282283962503
vn -0.444477191426 0.872111958326 -0.204599018685
vn -0.673132063699 0.683526875356 -0.282283962503
vn -0.257646716138 0.450179170925 -0.854960164995
vn -0.257646716138 0.450179170925 -0.854960164995
vn -0.257646716138 0.450179170925 -0.854960164995
vn 0.00000000000 0.295571872328 -0.955320505531
vn 0.590447715055 -0.753000903815 -0.290449883180
vn 0.590447715055 -0.753000903815 -0.290449883180
vn 0.633064864331 -0.774098751807 -1.03026307203e-8
vn 0.633064864331 -0.774098751807 -1.03026307203e-8
vn 0.590447720166 -0.753000910333 0.290449855892
vn 0.590447720166 -0.753000910333 0.290449855892
vn -0.258389885301 0.441086462729 0.859463437018
vn 0.00000000000 0.313817926183 0.949483180054
vn -0.258389885301 0.441086462729 0.859463437018
vn -0.258389885301 0.441086462729 0.859463437018
vn -0.613766659102 0.676113414430 0.407628677847
vn -0.613766659102 0.676113414430 0.407628677847
vn -0.613766659102 0.676113414430 0.407628677847
vn -0.613766659102 0.676113414430 0.407628677847
vn -0.683071590567 0.730351423740 2.68185598125e-9
vn -0.683071590567 0.730351423740 2.68185598125e-9
vn -0.598952349108 0.672692413726 -0.434443321981
vn -0.598952349108 0.672692413726 -0.434443321981
vn -0.598952349108 0.672692413726 -0.434443321981
vn -0.598952349108 0.672692413726 -0.434443321981
vn -0.120210476665 0.343140066941 -0.931560162179
vn -0.420378644148 0.477065729479 -0.771809617264
vn -0.337088290885 0.313150230794 -0.887867342063
vn 0.681547763520 -0.660440685843 -0.315136076202
vn 0.681547763520 -0.660440685843 -0.315136076202
vn 0.726055630310 -0.687635965970 1.77016057149e-8
vn 0.726055630310 -0.687635965970 1.77016057149e-8
vn 0.681547822268 -0.660440625407 0.315136075806
vn 0.681547822268 -0.660440625407 0.315136075806
vn -0.335655204629 0.334734759923 0.880504528157
vn -0.120470512755 0.329777737459 0.936340482641
vn -0.425062619316 0.450375787646 0.785164581195
vn -0.585583398886 0.666130375408 0.461911686265
vn -0.682779149317 0.627563431662 0.374134698335
vn -0.585583398886 0.666130375408 0.461911686265
vn -0.682779149317 0.627563431662 0.374134698335
vn -0.739153982274 0.673536480444 -5.24175592576e-9
vn -0.739153982274 0.673536480444 -5.24175592576e-9
vn -0.584952045876 0.667488682173 -0.460749349643
vn -0.652000956278 0.621503822893 -0.434312964510
vn -0.584952045876 0.667488682173 -0.460749349643
vn -0.652000956278 0.621503822893 -0.434312964510
vn 0.00000000000 0.191019951505 -0.981586154205
vn 0.00000000000 0.0558776435007 -0.998437623969
vn 0.00000000000 0.0558776435007 -0.998437623969
vn 0.00000000000 0.00469599059150 -0.999988973775
vn 0.749573295347 -0.573969606412 -0.329694958740
vn 0.749573295347 -0.573969606412 -0.329694958740
vn 0.794368107377 -0.607436671582 -7.25868760372e-9
vn 0.794368107377 -0.607436671582 -7.25868760372e-9
vn 0.749573295347 -0.573969606412 0.329694958740
vn 0.749573295347 -0.573969606412 0.329694958740
vn 0.00000000000 0.0979198208623 0.995194306999
vn 0.00000000000 0.00939198119402 0.999955894372
vn 0.00000000000 0.102609860684 0.994721677903
vn 0.00000000000 0.0979198208623 0.995194306999
vn -0.664406662654 0.598272686130 0.447921398966
vn -0.664406662654 0.598272686130 0.447921398966
vn -0.767730512744 0.640772861318 -2.22663728485e-10
vn -0.767730512744 0.640772861318 -2.22663728485e-10
vn -0.696270569346 0.603600130764 -0.388425252016
vn -0.696270569346 0.603600130764 -0.388425252016
vn 0.00000000000 0.00000000000 -1.00000000000
vn 0.00000000000 0.00000000000 -1.00000000000
vn 0.787001934430 -0.513785916054 -0.341543537003
vn 0.787001934430 -0.513785916054 -0.341543537003
vn 0.837316642155 -0.546718246238 1.46163874755e-17
vn 0.837316642155 -0.546718246238 1.46163874755e-17
vn 0.787001934430 -0.513785916054 0.341543537003
vn 0.787001934430 -0.513785916054 0.341543537003
vn 0.00000000000 0.00000000000 1.00000000000
vn 0.00000000000 0.00000000000 1.00000000000
vn -0.771735371161 0.539579928622 0.336567998370
vn -0.771735371161 0.539579928622 0.336567998370
vn -0.819494254396 0.573087399104 -1.45415739031e-17
vn -0.819494254396 0.573087399104 -1.45415739031e-17
vn -0.771735371161 0.539579928622 -0.336567998370
vn -0.771735371161 0.539579928622 -0.336567998370
vn 0.00000000000 0.00000000000 -1.00000000000
vn 0.00000000000 0.00000000000 -1.00000000000
vn 0.824434237999 -0.442036727357 -0.353428520189
vn 0.824434237999 -0.442036727357 -0.353428520189
vn 0.881270952338 -0.472611371599 0.00000000000
vn 0.881270952338 -0.472611371599 0.00000000000
vn 0.824434237999 -0.442036727357 0.353428520189
vn 0.824434237999 -0.442036727357 0.353428520189
vn 0.00000000000 0.00000000000 1.00000000000
vn 0.00000000000 0.00000000000 1.00000000000
vn -0.814650882204 0.462151670172 0.350370909010
vn -0.814650882204 0.462151670172 0.350370909010
vn -0.869734468594 0.493519963263 -1.47632780789e-17
vn -0.869734468594 0.493519963263 -1.47632780789e-17
vn -0.814650882204 0.462151670172 -0.350370909010
vn -0.814650882204 0.462151670172 -0.350370909010
vn 0.00000000000 0.00000000000 -1.00000000000
vn 0.00000000000 0.00000000000 -1.00000000000
vn 0.861016059501 -0.354541937632 -0.364624957651
vn 0.861016059501 -0.354541937632 -0.364624957651
vn 0.924638916929 -0.380844946535 -1.65304901302e-9
vn 0.924638916929 -0.380844946535 -1.65304901302e-9
vn 0.861016059501 -0.354541937632 0.364624957651
vn 0.861016059501 -0.354541937632 0.364624957651
vn 0.00000000000 0.00000000000 1.00000000000
vn 0.00000000000 0.00000000000 1.00000000000
vn -0.854834542576 0.371018254639 0.362771773356
vn -0.854834542576 0.371018254639 0.362771773356
vn -0.917280896578 0.398240827606 -1.49771734493e-17
vn -0.917280896578 0.398240827606 -1.49771734493e-17
vn -0.854834542576 0.371018254639 -0.362771773356
vn -0.854834542576 0.371018254639 -0.362771773356
vn 0.00000000000 0.00000000000 -1.00000000000
vn 0.00000000000 0.00000000000 -1.00000000000
vn 0.893596947648 -0.247788295276 -0.374279916477
vn 0.893596947648 -0.247788295276 -0.374279916477
vn 0.963611996322 -0.267304920538 3.54574871849e-9
vn 0.963611996322 -0.267304920538 3.54574871849e-9
vn 0.893596957547 -0.247788253317 0.374279920623
vn 0.893596957547 -0.247788253317 0.374279920623
vn 0.00000000000 0.00000000000 1.00000000000
vn 0.00000000000 0.00000000000 1.00000000000
vn -0.890418783330 0.260285292598 0.373371071121
vn -0.890418783330 0.260285292598 0.373371071121
vn -0.959800314650 0.280683729484 -9.83944382387e-10
vn -0.959800314650 0.280683729484 -9.83944382387e-10
vn -0.890418783330 0.260285292598 -0.373371071121
vn -0.890418783330 0.260285292598 -0.373371071121
vn 0.00000000000 0.00000000000 -1.00000000000
vn 0.00000000000 0.00000000000 -1.00000000000
vn 0.916169642078 -0.125107422290 -0.380764126228
vn 0.916169642078 -0.125107422290 -0.380764126228
vn 0.986509749168 -0.163702519211 -2.66674196221e-9
vn 0.986509749168 -0.163702519211 -2.66674196221e-9
vn 0.916169636955 -0.125107466294 0.380764124098
vn 0.916169636955 -0.125107466294 0.380764124098
vn 0.00000000000 0.00000000000 1.00000000000
vn 0.00000000000 0.00000000000 1.00000000000
vn -0.915303088935 0.131920021561 0.380548765991
vn -0.915303088935 0.131920021561 0.380548765991
vn -0.985006164017 0.172519149223 1.40196000739e-9
vn -0.985006164017 0.172519149223 1.40196000739e-9
vn -0.915303085337 0.131920050845 -0.380548764494
vn -0.915303085337 0.131920050845 -0.380548764494
vn 0.00000000000 0.00000000000 -1.00000000000
vn 0.00000000000 0.00000000000 -1.00000000000
vn 0.859493561740 -0.0924766221419 -0.502711539239
vn 0.862511484181 -0.0237486167537 -0.505479913408
vn 0.859493561740 -0.0924766221419 -0.502711539239
vn 0.862511484181 -0.0237486167537 -0.505479913408
vn 0.990797270514 -0.135354234300 -2.58849583401e-9
vn 0.999620173792 -0.0275591753868 9.92604528873e-10
vn 0.990797270514 -0.135354234300 -2.58849583401e-9
vn 0.999620173792 -0.0275591753868 9.92604528873e-10
vn 0.859493555818 -0.0924766960105 0.502711535775
vn 0.862511485669 -0.0237485441515 0.505479914280
vn 0.859493555818 -0.0924766960105 0.502711535775
vn 0.862511485669 -0.0237485441515 0.505479914280
vn 0.00000000000 0.00000000000 1.00000000000
vn 0.00000000000 0.00000000000 1.00000000000
vn -0.859105481363 0.0976007894194 0.502406068630
vn -0.862473476145 0.0250980068316 0.505479567341
vn -0.859105481363 0.0976007894194 0.502406068630
vn -0.862473476145 0.0250980068316 0.505479567341
vn -0.989763497159 0.142717271878 1.73255509738e-9
vn -0.999575640911 0.0291296772780 -1.04895006521e-9
vn -0.989763497159 0.142717271878 1.73255509738e-9
vn -0.999575640911 0.0291296772780 -1.04895006521e-9
vn -0.859105476990 0.0976008410766 -0.502406066072
vn -0.862473477758 0.0250979323727 -0.505479568286
vn -0.859105476990 0.0976008410766 -0.502406066072
vn -0.862473477758 0.0250979323727 -0.505479568286
vn 0.00000000000 0.00000000000 -1.00000000000
vn 0.00000000000 0.00000000000 -1.00000000000
vn 0.862511485669 0.0237485441515 -0.505479914280
vn 0.859493556411 0.0924766886237 -0.502711536122
vn 0.862511485669 0.0237485441515 -0.505479914280
vn 0.859493556411 0.0924766886237 -0.502711536122
vn 0.999620173741 0.0275591772480 -9.92604639845e-10
vn 0.990797272512 0.135354219671 2.58849539514e-9
vn 0.999620173741 0.0275591772480 -9.92604639845e-10
vn 0.990797272512 0.135354219671 2.58849539514e-9
vn 0.862511484181 0.0237486167537 0.505479913408
vn 0.859493561740 0.0924766221419 0.502711539239
vn 0.862511484181 0.0237486167537 0.505479913408
vn 0.859493561740 0.0924766221419 0.502711539239
vn 0.00000000000 0.00000000000 1.00000000000
vn 0.00000000000 0.00000000000 1.00000000000
vn -0.862473477718 -0.0250979342342 0.505479568263
vn -0.859105476990 -0.0976008410766 0.502406066072
vn -0.862473477718 -0.0250979342342 0.505479568263
vn -0.859105476990 -0.0976008410766 0.502406066072
vn -0.999575640856 -0.0291296791390 1.04895017617e-9
vn -0.989763497159 -0.142717271878 -1.73255498636e-9
vn -0.999575640856 -0.0291296791390 1.04895017617e-9
vn -0.989763497159 -0.142717271878 -1.73255498636e-9
vn -0.862473476145 -0.0250980068316 -0.505479567341
vn -0.859105481363 -0.0976007894194 -0.502406068630
vn -0.862473476145 -0.0250980068316 -0.505479567341
vn -0.859105481363 -0.0976007894194 -0.502406068630
vn 0.00000000000 0.00000000000 -1.00000000000
vn 0.00000000000 0.00000000000 -1.00000000000
vn 0.916169636955 0.125107466294 -0.380764124098
vn 0.893596957547 0.247788253317 -0.374279920623
vn 0.916169636955 0.125107466294 -0.380764124098
vn 0.893596957547 0.247788253317 -0.374279920623
vn 0.986509751575 0.163702504709 2.66674152463e-9
vn 0.963611996322 0.267304920538 -3.54574849645e-9
vn 0.986509751575 0.163702504709 2.66674152463e-9
vn 0.963611996322 0.267304920538 -3.54574849645e-9
vn 0.916169643786 0.125107407622 0.380764126937
vn 0.893596950948 0.247788281290 0.374279917859
vn 0.916169643786 0.125107407622 0.380764126937
vn 0.893596950948 0.247788281290 0.374279917859
vn 0.00000000000 0.00000000000 1.00000000000
vn 0.00000000000 0.00000000000 1.00000000000
vn -0.915303085337 -0.131920050845 0.380548764494
vn -0.890418790237 -0.260285264814 0.373371074017
vn -0.915303085337 -0.131920050845 0.380548764494
vn -0.890418790237 -0.260285264814 0.373371074017
vn -0.985006166549 -0.172519134766 -1.40195978895e-9
vn -0.959800314650 -0.280683729484 9.83944271364e-10
vn -0.985006166549 -0.172519134766 -1.40195978895e-9
vn -0.959800314650 -0.280683729484 9.83944271364e-10
vn -0.915303090734 -0.131920006920 -0.380548766739
vn -0.890418783330 -0.260285292598 -0.373371071121
vn -0.915303090734 -0.131920006920 -0.380548766739
vn -0.890418783330 -0.260285292598 -0.373371071121
vn 0.00000000000 0.00000000000 -1.00000000000
vn 0.00000000000 0.00000000000 -1.00000000000
vn 0.861016059501 0.354541937632 -0.364624957651
vn 0.861016059501 0.354541937632 -0.364624957651
vn 0.924638916929 0.380844946535 1.65304901302e-9
vn 0.924638916929 0.380844946535 1.65304901302e-9
vn 0.861016059501 0.354541937632 0.364624957651
vn 0.861016059501 0.354541937632 0.364624957651
vn 0.00000000000 0.00000000000 1.00000000000
vn 0.00000000000 0.00000000000 1.00000000000
vn -0.854834542576 -0.371018254639 0.362771773356
vn -0.854834542576 -0.371018254639 0.362771773356
vn -0.917280896578 -0.398240827606 1.49771734493e-17
vn -0.917280896578 -0.398240827606 1.49771734493e-17
vn -0.854834542576 -0.371018254639 -0.362771773356
vn -0.854834542576 -0.371018254639 -0.362771773356
vn 0.00000000000 0.00000000000 -1.00000000000
vn 0.00000000000 0.00000000000 -1.00000000000
vn 0.824434237999 0.442036727357 -0.353428520189
vn 0.824434237999 0.442036727357 -0.353428520189
vn 0.881270952338 0.472611371599 0.00000000000
vn 0.881270952338 0.472611371599 0.00000000000
vn 0.824434237999 0.442036727357 0.353428520189
vn 0.824434237999 0.442036727357 0.353428520189
vn 0.00000000000 0.00000000000 1.00000000000
vn 0.00000000000 0.00000000000 1.00000000000
vn -0.814650882204 -0.462151670172 0.350370909010
vn -0.814650882204 -0.462151670172 0.350370909010
vn -0.869734468594 -0.493519963263 -1.47632780789e-17
vn -0.869734468594 -0.493519963263 -1.47632780789e-17
vn -0.814650882204 -0.462151670172 -0.350370909010
vn -0.814650882204 -0.462151670172 -0.350370909010
vn 0.00000000000 -0.00234797570200 -0.999997243501
vn 0.00000000000 -0.00469599059150 -0.999988973775
vn 0.768741180794 0.544297926753 -0.335822518429
vn 0.768741180794 0.544297926753 -0.335822518429
vn 0.816271897050 0.577667889091 3.65469275237e-9
vn 0.816271897050 0.577667889091 3.65469275237e-9
vn 0.768741180794 0.544297926753 0.335822518429
vn 0.768741180794 0.544297926753 0.335822518429
vn 0.00000000000 -0.00234797570200 0.999997243501
vn 0.00000000000 -0.00469599059150 0.999988973775
vn -0.750176541977 -0.573491925625 0.329153713501
vn -0.750176541977 -0.573491925625 0.329153713501
vn -0.794129473911 -0.607748614697 1.12311088587e-10
vn -0.794129473911 -0.607748614697 1.12311088587e-10
vn -0.750176541977 -0.573491925625 -0.329153713501
vn -0.750176541977 -0.573491925625 -0.329153713501
vn 0.00000000000 -0.00234797570200 -0.999997243501
vn 0.00000000000 -0.00469599059150 -0.999988973775
vn 0.768741180794 0.544297926753 -0.335822518429
vn 0.768741180794 0.544297926753 -0.335822518429
vn 0.816271897050 0.577667889091 3.65469275237e-9
vn 0.816271897050 0.577667889091 3.65469275237e-9
vn 0.768741180794 0.544297926753 0.335822518429
vn 0.768741180794 0.544297926753 0.335822518429
vn 0.00000000000 -0.00234797570200 0.999997243501
vn 0.00000000000 -0.00469599059150 0.999988973775
vn -0.750176541977 -0.573491925625 0.329153713501
vn -0.750176541977 -0.573491925625 0.329153713501
vn -0.794129473911 -0.607748614697 1.12311088587e-10
vn -0.794129473911 -0.607748614697 1.12311088587e-10
vn -0.750176541977 -0.573491925625 -0.329153713501
vn -0.750176541977 -0.573491925625 -0.329153713501
vn 0.00000000000 -0.200429609552 -0.979708105312
vn 0.00000000000 -0.253161279659 -0.967424088227
vn 0.637194523885 0.708469937997 -0.303403173493
vn 0.637194523885 0.708469937997 -0.303403173493
vn 0.680416656928 0.732825472384 -3.55122671554e-9
vn 0.680416656928 0.732825472384 -3.55122671554e-9
vn 0.637194496978 0.708469967684 0.303403160681
vn 0.637194496978 0.708469967684 0.303403160681
vn 0.00000000000 -0.200429609552 0.979708105312
vn 0.00000000000 -0.253161279659 0.967424088227
vn -0.632932598102 -0.627503568683 0.453470613766
vn -0.632932598102 -0.627503568683 0.453470613766
vn -0.728838242923 -0.684685924825 -1.09229462450e-10
vn -0.728838242923 -0.684685924825 -1.09229462450e-10
vn -0.648746420278 -0.629893590652 -0.427038811623
vn -0.648746420278 -0.629893590652 -0.427038811623
vn -0.378421508635 -0.462404123835 -0.801860080103
vn -0.378421508635 -0.462404123835 -0.801860080103
vn 0.00000000000 -0.253161279659 -0.967424088227
vn 0.637194523885 0.708469937997 -0.303403173493
vn 0.637194523885 0.708469937997 -0.303403173493
vn 0.680416656928 0.732825472384 -3.55122671554e-9
vn 0.680416656928 0.732825472384 -3.55122671554e-9
vn 0.637194496978 0.708469967684 0.303403160681
vn 0.637194496978 0.708469967684 0.303403160681
vn 0.00000000000 -0.200429609552 0.979708105312
vn -0.375555812822 -0.481831281748 0.791704772869
vn -0.375555812822 -0.481831281748 0.791704772869
vn -0.632932598102 -0.627503568683 0.453470613766
vn -0.632932598102 -0.627503568683 0.453470613766
vn -0.728838242923 -0.684685924825 -1.09229462450e-10
vn -0.728838242923 -0.684685924825 -1.09229462450e-10
vn -0.648746420278 -0.629893590652 -0.427038811623
vn -0.648746420278 -0.629893590652 -0.427038811623
vn -0.412054591823 -0.498186520813 -0.762903141846
vn -0.145980789134 -0.351352718749 -0.924792342222
vn -0.145980789134 -0.351352718749 -0.924792342222
vn 0.468144662752 0.852686657305 -0.231875050815
vn 0.468144662752 0.852686657305 -0.231875050815
vn 0.489482364660 0.872013196395 -5.37622825981e-10
vn 0.489482364660 0.872013196395 -5.37622825981e-10
vn 0.468144662752 0.852686657305 0.231875050815
vn 0.468144662752 0.852686657305 0.231875050815
vn -0.145565557643 -0.363317050434 0.920223553976
vn -0.409149616291 -0.513682483791 0.754139839376
vn -0.145565557643 -0.363317050434 0.920223553976
vn -0.678238029749 -0.637613709511 0.365297046861
vn -0.554459750275 -0.700534164429 0.449250787191
vn -0.678238029749 -0.637613709511 0.365297046861
vn -0.554459750275 -0.700534164429 0.449250787191
vn -0.646634289547 -0.762800167529 2.05967594847e-17
vn -0.646634289547 -0.762800167529 2.05967594847e-17
vn -0.693963334940 -0.638182865688 -0.333372943864
vn -0.554459750275 -0.700534164429 -0.449250787191
vn -0.693963334940 -0.638182865688 -0.333372943864
vn -0.554459750275 -0.700534164429 -0.449250787191
vn 0.00000000000 -0.226195651891 -0.974081889302
vn 0.00000000000 -0.123490945537 -0.992345699023
vn 0.00000000000 -0.226195651891 -0.974081889302
vn 0.00000000000 -0.226195651891 -0.974081889302
vn 0.468144662752 0.852686657305 -0.231875050815
vn 0.468144662752 0.852686657305 -0.231875050815
vn 0.489482364660 0.872013196395 -5.37622825981e-10
vn 0.489482364660 0.872013196395 -5.37622825981e-10
vn 0.468144662752 0.852686657305 0.231875050815
vn 0.468144662752 0.852686657305 0.231875050815
vn 0.00000000000 -0.242106405789 0.970249704084
vn 0.00000000000 -0.242106405789 0.970249704084
vn 0.00000000000 -0.242106405789 0.970249704084
vn 0.00000000000 -0.0990649557124 0.995080968841
vn -0.638585439438 -0.720180918752 0.271197494096
vn -0.444477191426 -0.872111958326 0.204599018685
vn -0.638585439438 -0.720180918752 0.271197494096
vn -0.444477191426 -0.872111958326 0.204599018685
vn -0.448410008737 -0.893827983487 -1.51271981439e-13
vn -0.448410008737 -0.893827983487 -1.51271981439e-13
vn -0.638585439438 -0.720180918752 -0.271197494096
vn -0.444477191426 -0.872111958326 -0.204599018685
vn -0.638585439438 -0.720180918752 -0.271197494096
vn -0.444477191426 -0.872111958326 -0.204599018685
vn 0.00000000000 -0.123490945537 -0.992345699023
vn 0.00000000000 -0.123490945537 -0.992345699023
vn 0.460923365016 0.871017976088 -0.169933330792
vn 0.116134236701 0.993233526954 6.79156026333e-10
vn 0.460923365016 0.871017976088 -0.169933330792
vn 0.116134236701 0.993233526954 6.79156026333e-10
vn 0.116134236701 0.993233526954 6.79156026333e-10
vn 0.460923365016 0.871017976088 0.169933330792
vn 0.460923365016 0.871017976088 0.169933330792
vn 0.116134236701 0.993233526954 6.79156026333e-10
vn 0.00000000000 -0.0990649557124 0.995080968841
vn 0.00000000000 -0.0990649557124 0.995080968841
vn -0.433212049587 -0.898937420200 0.0651063334641
vn -0.433212049587 -0.898937420200 0.0651063334641
vn -0.433212049587 -0.898937420200 0.0651063334641
vn -0.433212049587 -0.898937420200 0.0651063334641
vn -0.448410008737 -0.893827983487 -1.51271981439e-13
vn -0.448410008737 -0.893827983487 -1.51271981439e-13
vn -0.433212049587 -0.898937420200 -0.0651063334641
vn -0.433212049587 -0.898937420200 -0.0651063334641
vn -0.433212049587 -0.898937420200 -0.0651063334641
vn -0.433212049587 -0.898937420200 -0.0651063334641
vn 0.116134236701 -0.993233526954 -6.79156026333e-10
vn 0.116134236701 0.993233526954 6.79156026333e-10
vn 0.116134236701 -0.993233526954 -6.79156026333e-10
vn 0.116134236701 0.993233526954 6.79156026333e-10
vn 0.116134236701 -0.993233526954 -6.79156026333e-10
vn 0.116134236701 0.993233526954 6.79156026333e-10
vn 0.116134236701 -0.993233526954 -6.79156026333e-10
vn 0.116134236701 0.993233526954 6.79156026333e-10
f 1000/1000/1000 1001/1001/1001 1002/1002/1002
f 1002/1002/1002 1001/1001/1001 1003/1003/1003
f 1004/1004/1004 1005/1005/1005 1006/1006/1006
f 1006/1006/1006 1005/1005/1005 1007/1007/1007
f 1006/1006/1006 1008/1008/1008 1009/1009/1009
f 1009/1009/1009 1008/1008/1008 1010/1010/1010
f 1009/1009/1009 1011/1011/1011 1012/1012/1012
f 1012/1012/1012 1011/1011/1011 1013/1013/1013
f 1014/1014/1014 1015/1015/1015 1016/1016/1016
f 1016/1016/1016 1015/1015/1015 1017/1017/1017
f 1018/1018/1018 1019/1019/1019 1020/1020/1020
f 1020/1020/1020 1019/1019/1019 1021/1021/1021
f 1022/1022/1022 1023/1023/1023 1024/1024/1024
f 1024/1024/1024 1023/1023/1023 1025/1025/1025
f 1026/1026/1026 1027/1027/1027 1028/1028/1028
f 1028/1028/1028 1027/1027/1027 1029/1029/1029
f 1001/1001/1001 1030/1030/1030 1003/1003/1003
f 1003/1003/1003 1030/1030/1030 1031/1031/1031
f 1032/1032/1032 1033/1033/1033 1034/1034/1034
f 1034/1034/1034 1033/1033/1033 1035/1035/1035
f 1008/1008/1008 1036/1036/1036 1010/1010/1010
f 1010/1010/1010 1036/1036/1036 1037/1037/1037
f 1038/1038/1038 1039/1039/1039 1040/1040/1040
f 1040/1040/1040 1039/1039/1039 1041/1041/1041
f 1015/1015/1015 1042/1042/1042 1017/1017/1017
f 1017/1017/1017 1042/1042/1042 1043/1043/1043
f 1044/1044/1044 1045/1045/1045 1046/1046/1046
f 1046/1046/1046 1045/1045/1045 1047/1047/1047
f 1023/1023/1023 1048/1048/1048 1025/1025/1025
f 1025/1025/1025 1048/1048/1048 1049/1049/1049
f 1050/1050/1050 1051/1051/1051 1052/1052/1052
f 1052/1052/1052 1051/1051/1051 1053/1053/1053
f 1054/1054/1054 1055/1055/1055 1056/1056/1056
f 1056/1056/1056 1055/1055/1055 1057/1057/1057
f 1033/1033/1033 1058/1058/1058 1035/1035/1035
f 1035/1035/1035 1058/1058/1058 1059/1059/1059
f 1036/1036/1036 1060/1060/1060 1037/1037/1037
f 1037/1037/1037 1060/1060/1060 1061/1061/1061
f 1039/1039/1039 1062/1062/1062 1041/1041/1041
f 1041/1041/1041 1062/1062/1062 1063/1063/1063
f 1064/1064/1064 1065/1065/1065 1066/1066/1066
f 1066/1066/1066 1065/1065/1065 1067/1067/1067
f 1068/1068/1068 1069/1069/1069 1070/1070/1070
f 1070/1070/1070 1069/1069/1069 1071/1071/1071
f 1048/1048/1048 1072/1072/1072 1049/1049/1049
f 1049/1049/1049 1072/1072/1072 1073/1073/1073
f 1074/1074/1074 1075/1075/1075 1076/1076/1076
f 1076/1076/1076 1075/1075/1075 1077/1077/1077
f 1078/1078/1078 1079/1079/1079 1057/1057/1057
f 1057/1057/1057 1079/1079/1079 1080/1080/1080
f 1058/1058/1058 1081/1081/1081 1059/1059/1059
f 1059/1059/1059 1081/1081/1081 1082/1082/1082
f 1060/1060/1060 1083/1083/1083 1061/1061/1061
f 1061/1061/1061 1083/1083/1083 1084/1084/1084
f 1062/1062/1062 1085/1085/1085 1063/1063/1063
f 1063/1063/1063 1085/1085/1085 1086/1086/1086
f 1065/1065/1065 1087/1087/1087 1088/1088/1088
f 1088/1088/1088 1087/1087/1087 1089/1089/1089
f 1090/1090/1090 1091/1091/1091 1092/1092/1092
f 1092/1092/1092 1091/1091/1091 1093/1093/1093
f 1072/1072/1072 1094/1094/1094 1073/1073/1073
f 1073/1073/1073 1094/1094/1094 1095/1095/1095
f 1096/1096/1096 1097/1097/1097 1098/1098/1098
f 1098/1098/1098 1097/1097/1097 1099/1099/1099
f 1100/1100/1100 1101/1101/1101 1102/1102/1102
f 1102/1102/1102 1101/1101/1101 1103/1103/1103
f 1081/1081/1081 1104/1104/1104 1082/1082/1082
f 1082/1082/1082 1104/1104/1104 1105/1105/1105
f 1083/1083/1083 1106/1106/1106 1084/1084/1084
f 1084/1084/1084 1106/1106/1106 1107/1107/1107
f 1085/1085/1085 1108/1108/1108 1086/1086/1086
f 1086/1086/1086 1108/1108/1108 1109/1109/1109
f 1110/1110/1110 1111/1111/1111 1112/1112/1112
f 1112/1112/1112 1111/1111/1111 1113/1113/1113
f 1091/1091/1091 1114/1114/1114 1093/1093/1093
f 1093/1093/1093 1114/1114/1114 1115/1115/1115
f 1094/1094/1094 1116/1116/1116 1095/1095/1095
f 1095/1095/1095 1116/1116/1116 1117/1117/1117
f 1097/1097/1097 1118/1118/1118 1099/1099/1099
f 1099/1099/1099 1118/1118/1118 1119/1119/1119
f 1101/1101/1101 1120/1120/1120 1103/1103/1103
f 1103/1103/1103 1120/1120/1120 1121/1121/1121
f 1104/1104/1104 1122/1122/1122 1105/1105/1105
f 1105/1105/1105 1122/1122/1122 1123/1123/1123
f 1106/1106/1106 1124/1124/1124 1107/1107/1107
f 1107/1107/1107 1124/1124/1124 1125/1125/1125
f 1108/1108/1108 1126/1126/1126 1109/1109/1109
f 1109/1109/1109 1126/1126/1126 1127/1127/1127
f 1111/1111/1111 1128/1128/1128 1113/1113/1113
f 1113/1113/1113 1128/1128/1128 1129/1129/1129
f 1114/1114/1114 1130/1130/1130 1115/1115/1115
f 1115/1115/1115 1130/1130/1130 1131/1131/1131
f 1116/1116/1116 1132/1132/1132 1117/1117/1117
f 1117/1117/1117 1132/1132/1132 1133/1133/1133
f 1118/1118/1118 1134/1134/1134 1119/1119/1119
f 1119/1119/1119 1134/1134/1134 1135/1135/1135
f 1120/1120/1120 1136/1136/1136 1121/1121/1121
f 1121/1121/1121 1136/1136/1136 1137/1137/1137
f 1122/1122/1122 1138/1138/1138 1123/1123/1123
f 1123/1123/1123 1138/1138/1138 1139/1139/1139
f 1124/1124/1124 1140/1140/1140 1125/1125/1125
f 1125/1125/1125 1140/1140/1140 1141/1141/1141
f 1126/1126/1126 1142/1142/1142 1127/1127/1127
f 1127/1127/1127 1142/1142/1142 1143/1143/1143
f 1128/1128/1128 1144/1144/1144 1129/1129/1129
f 1129/1129/1129 1144/1144/1144 1145/1145/1145
f 1130/1130/1130 1146/1146/1146 1131/1131/1131
f 1131/1131/1131 1146/1146/1146 1147/1147/1147
f 1132/1132/1132 1148/1148/1148 1133/1133/1133
f 1133/1133/1133 1148/1148/1148 1149/1149/1149
f 1134/1134/1134 1150/1150/1150 1135/1135/1135
f 1135/1135/1135 1150/1150/1150 1151/1151/1151
f 1136/1136/1136 1152/1152/1152 1137/1137/1137
f 1137/1137/1137 1152/1152/1152 1153/1153/1153
f 1138/1138/1138 1154/1154/1154 1139/1139/1139
f 1139/1139/1139 1154/1154/1154 1155/1155/1155
f 1140/1140/1140 1156/1156/1156 1141/1141/1141
f 1141/1141/1141 1156/1156/1156 1157/1157/1157
f 1142/1142/1142 1158/1158/1158 1143/1143/1143
f 1143/1143/1143 1158/1158/1158 1159/1159/1159
f 1144/1144/1144 1160/1160/1160 1145/1145/1145
f 1145/1145/1145 1160/1160/1160 1161/1161/1161
f 1146/1146/1146 1162/1162/1162 1147/1147/1147
f 1147/1147/1147 1162/1162/1162 1163/1163/1163
f 1148/1148/1148 1164/1164/1164 1149/1149/1149
f 1149/1149/1149 1164/1164/1164 1165/1165/1165
f 1150/1150/1150 1166/1166/1166 1151/1151/1151
f 1151/1151/1151 1166/1166/1166 1167/1167/1167
f 1152/1152/1152 1168/1168/1168 1153/1153/1153
f 1153/1153/1153 1168/1168/1168 1169/1169/1169
f 1154/1154/1154 1170/1170/1170 1155/1155/1155
f 1155/1155/1155 1170/1170/1170 1171/1171/1171
f 1156/1156/1156 1172/1172/1172 1157/1157/1157
f 1157/1157/1157 1172/1172/1172 1173/1173/1173
f 1158/1158/1158 1174/1174/1174 1159/1159/1159
f 1159/1159/1159 1174/1174/1174 1175/1175/1175
f 1160/1160/1160 1176/1176/1176 1161/1161/1161
f 1161/1161/1161 1176/1176/1176 1177/1177/1177
f 1162/1162/1162 1178/1178/1178 1163/1163/1163
f 1163/1163/1163 1178/1178/1178 1179/1179/1179
f 1164/1164/1164 1180/1180/1180 1165/1165/1165
f 1165/1165/1165 1180/1180/1180 1181/1181/1181
f 1166/1166/1166 1182/1182/1182 1167/1167/1167
f 1167/1167/1167 1182/1182/1182 1183/1183/1183
f 1168/1168/1168 1184/1184/1184 1169/1169/1169
f 1169/1169/1169 1184/1184/1184 1185/1185/1185
f 1170/1170/1170 1186/1186/1186 1171/1171/1171
f 1171/1171/1171 1186/1186/1186 1187/1187/1187
f 1172/1172/1172 1188/1188/1188 1173/1173/1173
f 1173/1173/1173 1188/1188/1188 1189/1189/1189
f 1174/1174/1174 1190/1190/1190 1175/1175/1175
f 1175/1175/1175 1190/1190/1190 1191/1191/1191
f 1176/1176/1176 1192/1192/1192 1177/1177/1177
f 1177/1177/1177 1192/1192/1192 1193/1193/1193
f 1178/1178/1178 1194/1194/1194 1179/1179/1179
f 1179/1179/1179 1194/1194/1194 1195/1195/1195
f 1180/1180/1180 1196/1196/1196 1181/1181/1181
f 1181/1181/1181 1196/1196/1196 1197/1197/1197
f 1182/1182/1182 1198/1198/1198 1183/1183/1183
f 1183/1183/1183 1198/1198/1198 1199/1199/1199
f 1184/1184/1184 1200/1200/1200 1185/1185/1185
f 1185/1185/1185 1200/1200/1200 1201/1201/1201
f 1202/1202/1202 1203/1203/1203 1204/1204/1204
f 1204/1204/1204 1203/1203/1203 1205/1205/1205
f 1206/1206/1206 1207/1207/1207 1208/1208/1208
f 1208/1208/1208 1207/1207/1207 1209/1209/1209
f 1210/1210/1210 1211/1211/1211 1212/1212/1212
f 1212/1212/1212 1211/1211/1211 1213/1213/1213
f 1192/1192/1192 1214/1214/1214 1193/1193/1193
f 1193/1193/1193 1214/1214/1214 1215/1215/1215
f 1216/1216/1216 1217/1217/1217 1218/1218/1218
f 1218/1218/1218 1217/1217/1217 1219/1219/1219
f 1220/1220/1220 1221/1221/1221 1222/1222/1222
f 1222/1222/1222 1221/1221/1221 1223/1223/1223
f 1224/1224/1224 1225/1225/1225 1226/1226/1226
f 1226/1226/1226 1225/1225/1225 1227/1227/1227
f 1200/1200/1200 1228/1228/1228 1201/1201/1201
f 1201/1201/1201 1228/1228/1228 1229/1229/1229
f 1230/1230/1230 1231/1231/1231 1232/1232/1232
f 1232/1232/1232 1231/1231/1231 1233/1233/1233
f 1234/1234/1234 1235/1235/1235 1236/1236/1236
f 1236/1236/1236 1235/1235/1235 1237/1237/1237
f 1238/1238/1238 1239/1239/1239 1240/1240/1240
f 1240/1240/1240 1239/1239/1239 1241/1241/1241
f 1214/1214/1214 1242/1242/1242 1215/1215/1215
f 1215/1215/1215 1242/1242/1242 1243/1243/1243
f 1244/1244/1244 1245/1245/1245 1246/1246/1246
f 1246/1246/1246 1245/1245/1245 1247/1247/1247
f 1248/1248/1248 1249/1249/1249 1250/1250/1250
f 1250/1250/1250 1249/1249/1249 1251/1251/1251
f 1252/1252/1252 1253/1253/1253 1254/1254/1254
f 1254/1254/1254 1253/1253/1253 1255/1255/1255
f 1228/1228/1228 1256/1256/1256 1229/1229/1229
f 1229/1229/1229 1256/1256/1256 1257/1257/1257
f 1258/1258/1258 1259/1259/1259 1260/1260/1260
f 1260/1260/1260 1259/1259/1259 1261/1261/1261
f 1262/1262/1262 1263/1263/1263 1264/1264/1264
f 1264/1264/1264 1263/1263/1263 1265/1265/1265
f 1266/1266/1266 1267/1267/1267 1268/1268/1268
f 1268/1268/1268 1267/1267/1267 1269/1269/1269
f 1242/1242/1242 1270/1270/1270 1243/1243/1243
f 1243/1243/1243 1270/1270/1270 1271/1271/1271
f 1272/1272/1272 1273/1273/1273 1274/1274/1274
f 1274/1274/1274 1273/1273/1273 1275/1275/1275
f 1276/1276/1276 1277/1277/1277 1278/1278/1278
f 1278/1278/1278 1277/1277/1277 1279/1279/1279
f 1280/1280/1280 1281/1281/1281 1282/1282/1282
f 1282/1282/1282 1281/1281/1281 1283/1283/1283
f 1256/1256/1256 1284/1284/1284 1257/1257/1257
f 1257/1257/1257 1284/1284/1284 1285/1285/1285
f 1259/1259/1259 1286/1286/1286 1261/1261/1261
f 1261/1261/1261 1286/1286/1286 1287/1287/1287
f 1263/1263/1263 1288/1288/1288 1265/1265/1265
f 1265/1265/1265 1288/1288/1288 1289/1289/1289
f 1267/1267/1267 1290/1290/1290 1269/1269/1269
f 1269/1269/1269 1290/1290/1290 1291/1291/1291
f 1270/1270/1270 1292/1292/1292 1271/1271/1271
f 1271/1271/1271 1292/1292/1292 1293/1293/1293
f 1273/1273/1273 1294/1294/1294 1275/1275/1275
f 1275/1275/1275 1294/1294/1294 1295/1295/1295
f 1277/1277/1277 1296/1296/1296 1279/1279/1279
f 1279/1279/1279 1296/1296/1296 1297/1297/1297
f 1281/1281/1281 1298/1298/1298 1283/1283/1283
f 1283/1283/1283 1298/1298/1298 1299/1299/1299
f 1284/1284/1284 1300/1300/1300 1285/1285/1285
f 1285/1285/1285 1300/1300/1300 1301/1301/1301
f 1286/1286/1286 1302/1302/1302 1287/1287/1287
f 1287/1287/1287 1302/1302/1302 1303/1303/1303
f 1288/1288/1288 1304/1304/1304 1289/1289/1289
f 1289/1289/1289 1304/1304/1304 1305/1305/1305
f 1290/1290/1290 1306/1306/1306 1291/1291/1291
f 1291/1291/1291 1306/1306/1306 1307/1307/1307
f 1292/1292/1292 1308/1308/1308 1293/1293/1293
f 1293/1293/1293 1308/1308/1308 1309/1309/1309
f 1294/1294/1294 1310/1310/1310 1295/1295/1295
f 1295/1295/1295 1310/1310/1310 1311/1311/1311
f 1296/1296/1296 1312/1312/1312 1297/1297/1297
f 1297/1297/1297 1312/1312/1312 1313/1313/1313
f 1298/1298/1298 1314/1314/1314 1299/1299/1299
f 1299/1299/1299 1314/1314/1314 1315/1315/1315
f 1300/1300/1300 1316/1316/1316 1301/1301/1301
f 1301/1301/1301 1316/1316/1316 1317/1317/1317
f 1302/1302/1302 1318/1318/1318 1303/1303/1303
f 1303/1303/1303 1318/1318/1318 1319/1319/1319
f 1304/1304/1304 1320/1320/1320 1305/1305/1305
f 1305/1305/1305 1320/1320/1320 1321/1321/1321
f 1306/1306/1306 1322/1322/1322 1307/1307/1307
f 1307/1307/1307 1322/1322/1322 1323/1323/1323
f 1308/1308/1308 1324/1324/1324 1309/1309/1309
f 1309/1309/1309 1324/1324/1324 1325/1325/1325
f 1310/1310/1310 1326/1326/1326 1311/1311/1311
f 1311/1311/1311 1326/1326/1326 1327/1327/1327
f 1312/1312/1312 1328/1328/1328 1313/1313/1313
f 1313/1313/1313 1328/1328/1328 1329/1329/1329
f 1314/1314/1314 1330/1330/1330 1315/1315/1315
f 1315/1315/1315 1330/1330/1330 1331/1331/1331
f 1316/1316/1316 1332/1332/1332 1317/1317/1317
f 1317/1317/1317 1332/1332/1332 1333/1333/1333
f 1318/1318/1318 1334/1334/1334 1319/1319/1319
f 1319/1319/1319 1334/1334/1334 1335/1335/1335
f 1320/1320/1320 1336/1336/1336 1321/1321/1321
f 1321/1321/1321 1336/1336/1336 1337/1337/1337
f 1322/1322/1322 1338/1338/1338 1323/1323/1323
f 1323/1323/1323 1338/1338/1338 1339/1339/1339
f 1324/1324/1324 1340/1340/1340 1325/1325/1325
f 1325/1325/1325 1340/1340/1340 1341/1341/1341
f 1326/1326/1326 1342/1342/1342 1327/1327/1327
f 1327/1327/1327 1342/1342/1342 1343/1343/1343
f 1328/1328/1328 1344/1344/1344 1329/1329/1329
f 1329/1329/1329 1344/1344/1344 1345/1345/1345
f 1330/1330/1330 1346/1346/1346 1331/1331/1331
f 1331/1331/1331 1346/1346/1346 1347/1347/1347
f 1332/1332/1332 1348/1348/1348 1333/1333/1333
f 1333/1333/1333 1348/1348/1348 1349/1349/1349
f 1334/1334/1334 1350/1350/1350 1335/1335/1335
f 1335/1335/1335 1350/1350/1350 1351/1351/1351
f 1336/1336/1336 1352/1352/1352 1337/1337/1337
f 1337/1337/1337 1352/1352/1352 1353/1353/1353
f 1338/1338/1338 1354/1354/1354 1339/1339/1339
f 1339/1339/1339 1354/1354/1354 1355/1355/1355
f 1340/1340/1340 1356/1356/1356 1341/1341/1341
f 1341/1341/1341 1356/1356/1356 1357/1357/1357
f 1342/1342/1342 1358/1358/1358 1343/1343/1343
f 1343/1343/1343 1358/1358/1358 1359/1359/1359
f 1344/1344/1344 1360/1360/1360 1345/1345/1345
f 1345/1345/1345 1360/1360/1360 1361/1361/1361
f 1346/1346/1346 1362/1362/1362 1347/1347/1347
f 1347/1347/1347 1362/1362/1362 1363/1363/1363
f 1364/1364/1364 1365/1365/1365 1349/1349/1349
f 1349/1349/1349 1365/1365/1365 1366/1366/1366
f 1350/1350/1350 1367/1367/1367 1351/1351/1351
f 1351/1351/1351 1367/1367/1367 1368/1368/1368
f 1352/1352/1352 1369/1369/1369 1353/1353/1353
f 1353/1353/1353 1369/1369/1369 1370/1370/1370
f 1354/1354/1354 1371/1371/1371 1355/1355/1355
f 1355/1355/1355 1371/1371/1371 1372/1372/1372
f 1356/1356/1356 1373/1373/1373 1374/1374/1374
f 1374/1374/1374 1373/1373/1373 1375/1375/1375
f 1358/1358/1358 1376/1376/1376 1359/1359/1359
f 1359/1359/1359 1376/1376/1376 1377/1377/1377
f 1360/1360/1360 1378/1378/1378 1361/1361/1361
f 1361/1361/1361 1378/1378/1378 1379/1379/1379
f 1362/1362/1362 1380/1380/1380 1363/1363/1363
f 1363/1363/1363 1380/1380/1380 1381/1381/1381
f 1382/1382/1382 1383/1383/1383 1366/1366/1366
f 1366/1366/1366 1383/1383/1383 1384/1384/1384
f 1367/1367/1367 1385/1385/1385 1368/1368/1368
f 1368/1368/1368 1385/1385/1385 1386/1386/1386
f 1369/1369/1369 1387/1387/1387 1370/1370/1370
f 1370/1370/1370 1387/1387/1387 1388/1388/1388
f 1371/1371/1371 1389/1389/1389 1372/1372/1372
f 1372/1372/1372 1389/1389/1389 1390/1390/1390
f 1373/1373/1373 1391/1391/1391 1392/1392/1392
f 1392/1392/1392 1391/1391/1391 1393/1393/1393
f 1394/1394/1394 1395/1395/1395 1396/1396/1396
f 1396/1396/1396 1395/1395/1395 1397/1397/1397
f 1378/1378/1378 1398/1398/1398 1379/1379/1379
f 1379/1379/1379 1398/1398/1398 1399/1399/1399
f 1400/1400/1400 1401/1401/1401 1402/1402/1402
f 1402/1402/1402 1401/1401/1401 1403/1403/1403
f 1404/1404/1404 1405/1405/1405 1406/1406/1406
f 1406/1406/1406 1405/1405/1405 1407/1407/1407
f 1385/1385/1385 1408/1408/1408 1386/1386/1386
f 1386/1386/1386 1408/1408/1408 1409/1409/1409
f 1387/1387/1387 1410/1410/1410 1388/1388/1388
f 1388/1388/1388 1410/1410/1410 1411/1411/1411
f 1389/1389/1389 1412/1412/1412 1390/1390/1390
f 1390/1390/1390 1412/1412/1412 1413/1413/1413
f 1414/1414/1414 1415/1415/1415 1416/1416/1416
f 1416/1416/1416 1415/1415/1415 1417/1417/1417
f 1418/1418/1418 1419/1419/1419 1420/1420/1420
f 1420/1420/1420 1419/1419/1419 1421/1421/1421
f 1398/1398/1398 1422/1422/1422 1399/1399/1399
f 1399/1399/1399 1422/1422/1422 1423/1423/1423
f 1424/1424/1424 1425/1425/1425 1426/1426/1426
f 1426/1426/1426 1425/1425/1425 1427/1427/1427
f 1405/1405/1405 1428/1428/1428 1407/1407/1407
f 1407/1407/1407 1428/1428/1428 1429/1429/1429
f 1430/1430/1430 1431/1431/1431 1432/1432/1432
f 1432/1432/1432 1431/1431/1431 1433/1433/1433
f 1410/1410/1410 1433/1433/1433 1411/1411/1411
f 1411/1411/1411 1433/1433/1433 1434/1434/1434
f 1435/1435/1435 1434/1434/1434 1436/1436/1436
f 1436/1436/1436 1434/1434/1434 1437/1437/1437
f 1415/1415/1415 1438/1438/1438 1417/1417/1417
f 1417/1417/1417 1438/1438/1438 1439/1439/1439
f 1440/1440/1440 1441/1441/1441 1442/1442/1442
f 1442/1442/1442 1441/1441/1441 1443/1443/1443
f 1422/1422/1422 1444/1444/1444 1423/1423/1423
f 1423/1423/1423 1444/1444/1444 1445/1445/1445
f 1446/1446/1446 1447/1447/1447 1448/1448/1448
f 1448/1448/1448 1447/1447/1447 1449/1449/1449
f 1450/1450/1450 1004/1004/1004 1006/1006/1006
f 1451/1451/1451 1433/1433/1433 1431/1431/1431
f 1450/1450/1450 1006/1006/1006 1009/1009/1009
f 1451/1451/1451 1434/1434/1434 1433/1433/1433
f 1450/1450/1450 1009/1009/1009 1012/1012/1012
f 1451/1451/1451 1437/1437/1437 1434/1434/1434
f 1450/1450/1450 1012/1012/1012 1452/1452/1452
f 1451/1451/1451 1453/1453/1453 1437/1437/1437
f 1450/1450/1450 1452/1452/1452 1454/1454/1454
f 1451/1451/1451 1455/1455/1455 1453/1453/1453
f 1450/1450/1450 1454/1454/1454 1456/1456/1456
f 1451/1451/1451 1457/1457/1457 1455/1455/1455
o S11
v -0.00400000018999 1.44700000262 0.0154499998316
v -0.00400000018999 1.44700000262 0.0180500000715
v -0.00398390786722 1.44829000360 0.0178189501166
v -0.00398390786722 1.44829000360 0.0204273387790
v -0.00400000018999 1.44700000262 0.0180500000715
v -0.00380000006407 1.44700000262 0.0182499997318
v -0.00398390786722 1.44829000360 0.0204273387790
v -0.00378390797414 1.44829000360 0.0206273384392
v -0.00380000006407 1.44700000262 0.0182499997318
v 0.00380000006407 1.44700000262 0.0182499997318
v -0.00378390797414 1.44829000360 0.0206273384392
v 0.00378390797414 1.44829000360 0.0206273384392
v 0.00380000006407 1.44700000262 0.0182499997318
v 0.00400000018999 1.44700000262 0.0180500000715
v 0.00378390797414 1.44829000360 0.0206273384392
v 0.00398390786722 1.44829000360 0.0204273387790
v 0.00400000018999 1.44700000262 0.0180500000715
v 0.00400000018999 1.44700000262 0.0154499998316
v 0.00398390786722 1.44829000360 0.0204273387790
v 0.00398390786722 1.44829000360 0.0178189501166
v 0.00400000018999 1.44700000262 0.0154499998316
v 0.00380000006407 1.44700000262 0.0152500001714
v 0.00398390786722 1.44829000360 0.0178189501166
v 0.00378390797414 1.44829000360 0.0176189504564
v 0.00380000006407 1.44700000262 0.0152500001714
v -0.00380000006407 1.44700000262 0.0152500001714
v 0.00378390797414 1.44829000360 0.0176189504564
v -0.00378390797414 1.44829000360 0.0176189504564
v -0.00380000006407 1.44700000262 0.0152500001714
v -0.00400000018999 1.44700000262 0.0154499998316
v -0.00378390797414 1.44829000360 0.0176189504564
v -0.00398390786722 1.44829000360 0.0178189501166
v -0.00391107099131 1.45022500134 0.0199740584940
v -0.00391107099131 1.45022500134 0.0225378703326
v -0.00391107099131 1.45022500134 0.0225378703326
v -0.00371107109822 1.45022500134 0.0227378699929
v -0.00378390797414 1.44829000360 0.0206273384392
v 0.00378390797414 1.44829000360 0.0206273384392
v -0.00371107109822 1.45022500134 0.0227378699929
v 0.00371107109822 1.45022500134 0.0227378699929
v 0.00371107109822 1.45022500134 0.0227378699929
v 0.00391107099131 1.45022500134 0.0225378703326
v 0.00391107099131 1.45022500134 0.0225378703326
v 0.00391107099131 1.45022500134 0.0199740584940
v 0.00391107099131 1.45022500134 0.0199740584940
v 0.00371107109822 1.45022500134 0.0197740588337
v 0.00371107109822 1.45022500134 0.0197740588337
v -0.00371107109822 1.45022500134 0.0197740588337
v -0.00371107109822 1.45022500134 0.0197740588337
v -0.00391107099131 1.45022500134 0.0199740584940
v -0.00372192775831 1.45345000005 0.0228892378509
v -0.00372192775831 1.45345000005 0.0252393037081
v -0.00372192775831 1.45345000005 0.0252393037081
v -0.00352192763239 1.45345000005 0.0254393033683
v -0.00352192763239 1.45345000005 0.0254393033683
v 0.00352192763239 1.45345000005 0.0254393033683
v 0.00352192763239 1.45345000005 0.0254393033683
v 0.00372192775831 1.45345000005 0.0252393037081
v 0.00372192775831 1.45345000005 0.0252393037081
v 0.00372192775831 1.45345000005 0.0228892378509
v 0.00372192775831 1.45345000005 0.0228892378509
v 0.00352192763239 1.45345000005 0.0226892381907
v 0.00352192763239 1.45345000005 0.0226892381907
v -0.00352192763239 1.45345000005 0.0226892381907
v -0.00352192763239 1.45345000005 0.0226892381907
v -0.00372192775831 1.45345000005 0.0228892378509
v -0.00351514574140 1.45774999833 0.0261741988361
v -0.00351514574140 1.45774999833 0.0282040536404
v -0.00372192775831 1.45345000005 0.0252393037081
v -0.00352192763239 1.45345000005 0.0254393033683
v -0.00351514574140 1.45774999833 0.0282040536404
v -0.00331514584832 1.45774999833 0.0284040533006
v -0.00331514584832 1.45774999833 0.0284040533006
v 0.00331514584832 1.45774999833 0.0284040533006
v 0.00352192763239 1.45345000005 0.0254393033683
v 0.00372192775831 1.45345000005 0.0252393037081
v 0.00331514584832 1.45774999833 0.0284040533006
v 0.00351514574140 1.45774999833 0.0282040536404
v 0.00351514574140 1.45774999833 0.0282040536404
v 0.00351514574140 1.45774999833 0.0261741988361
v 0.00351514574140 1.45774999833 0.0261741988361
v 0.00331514584832 1.45774999833 0.0259741991758
v 0.00331514584832 1.45774999833 0.0259741991758
v -0.00331514584832 1.45774999833 0.0259741991758
v -0.00331514584832 1.45774999833 0.0259741991758
v -0.00351514574140 1.45774999833 0.0261741988361
v -0.00350000010803 1.46420000321 0.0302371606231
v -0.00350000010803 1.46420000321 0.0321444980800
v -0.00350000010803 1.46420000321 0.0321444980800
v -0.00329999998212 1.46420000321 0.0323444977403
v -0.00329999998212 1.46420000321 0.0323444977403
v 0.00329999998212 1.46420000321 0.0323444977403
v 0.00329999998212 1.46420000321 0.0323444977403
v 0.00350000010803 1.46420000321 0.0321444980800
v 0.00350000010803 1.46420000321 0.0321444980800
v 0.00350000010803 1.46420000321 0.0302371606231
v 0.00350000010803 1.46420000321 0.0302371606231
v 0.00329999998212 1.46420000321 0.0300371609628
v 0.00329999998212 1.46420000321 0.0300371609628
v -0.00329999998212 1.46420000321 0.0300371609628
v -0.00329999998212 1.46420000321 0.0300371609628
v -0.00350000010803 1.46420000321 0.0302371606231
v -0.00350000010803 1.47279999977 0.0348392389715
v -0.00350000010803 1.47279999977 0.0366672538221
v -0.00350000010803 1.47279999977 0.0366672538221
v -0.00329999998212 1.47279999977 0.0368672534823
v -0.00329999998212 1.47279999977 0.0368672534823
v 0.00329999998212 1.47279999977 0.0368672534823
v 0.00329999998212 1.47279999977 0.0368672534823
v 0.00350000010803 1.47279999977 0.0366672538221
v 0.00350000010803 1.47279999977 0.0366672538221
v 0.00350000010803 1.47279999977 0.0348392389715
v 0.00350000010803 1.47279999977 0.0348392389715
v 0.00329999998212 1.47279999977 0.0346392393112
v 0.00329999998212 1.47279999977 0.0346392393112
v -0.00329999998212 1.47279999977 0.0346392393112
v -0.00329999998212 1.47279999977 0.0346392393112
v -0.00350000010803 1.47279999977 0.0348392389715
v -0.00350000010803 1.48570000207 0.0405878983438
v -0.00350000010803 1.48570000207 0.0423407256603
v -0.00350000010803 1.48570000207 0.0423407256603
v -0.00329999998212 1.48570000207 0.0425407290459
v -0.00329999998212 1.48570000207 0.0425407290459
v 0.00329999998212 1.48570000207 0.0425407290459
v 0.00329999998212 1.48570000207 0.0425407290459
v 0.00350000010803 1.48570000207 0.0423407256603
v 0.00350000010803 1.48570000207 0.0423407256603
v 0.00350000010803 1.48570000207 0.0405878983438
v 0.00350000010803 1.48570000207 0.0405878983438
v 0.00329999998212 1.48570000207 0.0403878986835
v 0.00329999998212 1.48570000207 0.0403878986835
v -0.00329999998212 1.48570000207 0.0403878986835
v -0.00329999998212 1.48570000207 0.0403878986835
v -0.00350000010803 1.48570000207 0.0405878983438
v -0.00350000010803 1.50074999979 0.0459142886102
v -0.00350000010803 1.50074999979 0.0476063936949
v -0.00350000010803 1.50074999979 0.0476063936949
v -0.00329999998212 1.50074999979 0.0478063933551
v -0.00329999998212 1.50074999979 0.0478063933551
v 0.00329999998212 1.50074999979 0.0478063933551
v 0.00329999998212 1.50074999979 0.0478063933551
v 0.00350000010803 1.50074999979 0.0476063936949
v 0.00350000010803 1.50074999979 0.0476063936949
v 0.00350000010803 1.50074999979 0.0459142886102
v 0.00350000010803 1.50074999979 0.0459142886102
v 0.00329999998212 1.50074999979 0.0457142889500
v 0.00329999998212 1.50074999979 0.0457142889500
v -0.00329999998212 1.50074999979 0.0457142889500
v -0.00329999998212 1.50074999979 0.0457142889500
v -0.00350000010803 1.50074999979 0.0459142886102
v -0.00350000010803 1.51795000038 0.0503668971360
v -0.00350000010803 1.51795000038 0.0520098358393
v -0.00350000010803 1.51795000038 0.0520098358393
v -0.00329999998212 1.51795000038 0.0522098354995
v -0.00329999998212 1.51795000038 0.0522098354995
v 0.00329999998212 1.51795000038 0.0522098354995
v 0.00329999998212 1.51795000038 0.0522098354995
v 0.00350000010803 1.51795000038 0.0520098358393
v 0.00350000010803 1.51795000038 0.0520098358393
v 0.00350000010803 1.51795000038 0.0503668971360
v 0.00350000010803 1.51795000038 0.0503668971360
v 0.00329999998212 1.51795000038 0.0501668974757
v 0.00329999998212 1.51795000038 0.0501668974757
v -0.00329999998212 1.51795000038 0.0501668974757
v -0.00329999998212 1.51795000038 0.0501668974757
v -0.00350000010803 1.51795000038 0.0503668971360
v -0.00350000010803 1.53730000010 0.0533499829471
v -0.00350000010803 1.53730000010 0.0549596101046
v -0.00350000010803 1.53730000010 0.0549596101046
v -0.00329999998212 1.53730000010 0.0551596097648
v -0.00329999998212 1.53730000010 0.0551596097648
v 0.00329999998212 1.53730000010 0.0551596097648
v 0.00329999998212 1.53730000010 0.0551596097648
v 0.00350000010803 1.53730000010 0.0549596101046
v 0.00350000010803 1.53730000010 0.0549596101046
v 0.00350000010803 1.53730000010 0.0533499829471
v 0.00350000010803 1.53730000010 0.0533499829471
v 0.00329999998212 1.53730000010 0.0531499832869
v 0.00329999998212 1.53730000010 0.0531499832869
v -0.00329999998212 1.53730000010 0.0531499832869
v -0.00329999998212 1.53730000010 0.0531499832869
v -0.00350000010803 1.53730000010 0.0533499829471
v -0.00350000010803 1.55449999999 0.0542000010610
v -0.00350000010803 1.55449999999 0.0557999983430
v -0.00350000010803 1.53730000010 0.0549596101046
v -0.00329999998212 1.53730000010 0.0551596097648
v -0.00350000010803 1.55449999999 0.0557999983430
v -0.00329999998212 1.55449999999 0.0560000017285
v -0.00329999998212 1.53730000010 0.0551596097648
v 0.00329999998212 1.53730000010 0.0551596097648
v -0.00329999998212 1.55449999999 0.0560000017285
v 0.00329999998212 1.55449999999 0.0560000017285
v 0.00329999998212 1.53730000010 0.0551596097648
v 0.00350000010803 1.53730000010 0.0549596101046
v 0.00329999998212 1.55449999999 0.0560000017285
v 0.00350000010803 1.55449999999 0.0557999983430
v 0.00350000010803 1.55449999999 0.0557999983430
v 0.00350000010803 1.55449999999 0.0542000010610
v 0.00350000010803 1.53730000010 0.0533499829471
v 0.00329999998212 1.53730000010 0.0531499832869
v 0.00350000010803 1.55449999999 0.0542000010610
v 0.00329999998212 1.55449999999 0.0540000014007
v 0.00329999998212 1.53730000010 0.0531499832869
v -0.00329999998212 1.53730000010 0.0531499832869
v 0.00329999998212 1.55449999999 0.0540000014007
v -0.00329999998212 1.55449999999 0.0540000014007
v -0.00329999998212 1.53730000010 0.0531499832869
v -0.00350000010803 1.53730000010 0.0533499829471
v -0.00329999998212 1.55449999999 0.0540000014007
v -0.00350000010803 1.55449999999 0.0542000010610
v -0.00350000010803 1.57169999941 0.0533499829471
v -0.00350000010803 1.57169999941 0.0549596101046
v -0.00350000010803 1.55449999999 0.0557999983430
v -0.00329999998212 1.55449999999 0.0560000017285
v -0.00350000010803 1.57169999941 0.0549596101046
v -0.00329999998212 1.57169999941 0.0551596097648
v -0.00329999998212 1.55449999999 0.0560000017285
v 0.00329999998212 1.55449999999 0.0560000017285
v -0.00329999998212 1.57169999941 0.0551596097648
v 0.00329999998212 1.57169999941 0.0551596097648
v 0.00329999998212 1.55449999999 0.0560000017285
v 0.00350000010803 1.55449999999 0.0557999983430
v 0.00329999998212 1.57169999941 0.0551596097648
v 0.00350000010803 1.57169999941 0.0549596101046
v 0.00350000010803 1.57169999941 0.0549596101046
v 0.00350000010803 1.57169999941 0.0533499829471
v 0.00350000010803 1.55449999999 0.0542000010610
v 0.00329999998212 1.55449999999 0.0540000014007
v 0.00350000010803 1.57169999941 0.0533499829471
v 0.00329999998212 1.57169999941 0.0531499832869
v 0.00329999998212 1.55449999999 0.0540000014007
v -0.00329999998212 1.55449999999 0.0540000014007
v 0.00329999998212 1.57169999941 0.0531499832869
v -0.00329999998212 1.57169999941 0.0531499832869
v -0.00329999998212 1.55449999999 0.0540000014007
v -0.00350000010803 1.55449999999 0.0542000010610
v -0.00329999998212 1.57169999941 0.0531499832869
v -0.00350000010803 1.57169999941 0.0533499829471
v -0.00350000010803 1.59105000100 0.0503668971360
v -0.00350000010803 1.59105000100 0.0520098358393
v -0.00350000010803 1.57169999941 0.0549596101046
v -0.00329999998212 1.57169999941 0.0551596097648
v -0.00350000010803 1.59105000100 0.0520098358393
v -0.00329999998212 1.59105000100 0.0522098354995
v -0.00329999998212 1.57169999941 0.0551596097648
v 0.00329999998212 1.57169999941 0.0551596097648
v -0.00329999998212 1.59105000100 0.0522098354995
v 0.00329999998212 1.59105000100 0.0522098354995
v 0.00329999998212 1.57169999941 0.0551596097648
v 0.00350000010803 1.57169999941 0.0549596101046
v 0.00329999998212 1.59105000100 0.0522098354995
v 0.00350000010803 1.59105000100 0.0520098358393
v 0.00350000010803 1.59105000100 0.0520098358393
v 0.00350000010803 1.59105000100 0.0503668971360
v 0.00350000010803 1.57169999941 0.0533499829471
v 0.00329999998212 1.57169999941 0.0531499832869
v 0.00350000010803 1.59105000100 0.0503668971360
v 0.00329999998212 1.59105000100 0.0501668974757
v 0.00329999998212 1.57169999941 0.0531499832869
v -0.00329999998212 1.57169999941 0.0531499832869
v 0.00329999998212 1.59105000100 0.0501668974757
v -0.00329999998212 1.59105000100 0.0501668974757
v -0.00329999998212 1.57169999941 0.0531499832869
v -0.00350000010803 1.57169999941 0.0533499829471
v -0.00329999998212 1.59105000100 0.0501668974757
v -0.00350000010803 1.59105000100 0.0503668971360
v -0.00350000010803 1.60825000158 0.0459142886102
v -0.00350000010803 1.60825000158 0.0476063936949
v -0.00350000010803 1.60825000158 0.0476063936949
v -0.00329999998212 1.60825000158 0.0478063933551
v -0.00329999998212 1.60825000158 0.0478063933551
v 0.00329999998212 1.60825000158 0.0478063933551
v 0.00329999998212 1.60825000158 0.0478063933551
v 0.00350000010803 1.60825000158 0.0476063936949
v 0.00350000010803 1.60825000158 0.0476063936949
v 0.00350000010803 1.60825000158 0.0459142886102
v 0.00350000010803 1.60825000158 0.0459142886102
v 0.00329999998212 1.60825000158 0.0457142889500
v 0.00329999998212 1.60825000158 0.0457142889500
v -0.00329999998212 1.60825000158 0.0457142889500
v -0.00329999998212 1.60825000158 0.0457142889500
v -0.00350000010803 1.60825000158 0.0459142886102
v -0.00350000010803 1.62329999930 0.0405878983438
v -0.00350000010803 1.62329999930 0.0423407256603
v -0.00350000010803 1.62329999930 0.0423407256603
v -0.00329999998212 1.62329999930 0.0425407290459
v -0.00329999998212 1.62329999930 0.0425407290459
v 0.00329999998212 1.62329999930 0.0425407290459
v 0.00329999998212 1.62329999930 0.0425407290459
v 0.00350000010803 1.62329999930 0.0423407256603
v 0.00350000010803 1.62329999930 0.0423407256603
v 0.00350000010803 1.62329999930 0.0405878983438
v 0.00350000010803 1.62329999930 0.0405878983438
v 0.00329999998212 1.62329999930 0.0403878986835
v 0.00329999998212 1.62329999930 0.0403878986835
v -0.00329999998212 1.62329999930 0.0403878986835
v -0.00329999998212 1.62329999930 0.0403878986835
v -0.00350000010803 1.62329999930 0.0405878983438
v -0.00350000010803 1.63620000160 0.0348392389715
v -0.00350000010803 1.63620000160 0.0366672538221
v -0.00350000010803 1.63620000160 0.0366672538221
v -0.00329999998212 1.63620000160 0.0368672534823
v -0.00329999998212 1.63620000160 0.0368672534823
v 0.00329999998212 1.63620000160 0.0368672534823
v 0.00329999998212 1.63620000160 0.0368672534823
v 0.00350000010803 1.63620000160 0.0366672538221
v 0.00350000010803 1.63620000160 0.0366672538221
v 0.00350000010803 1.63620000160 0.0348392389715
v 0.00350000010803 1.63620000160 0.0348392389715
v 0.00329999998212 1.63620000160 0.0346392393112
v 0.00329999998212 1.63620000160 0.0346392393112
v -0.00329999998212 1.63620000160 0.0346392393112
v -0.00329999998212 1.63620000160 0.0346392393112
v -0.00350000010803 1.63620000160 0.0348392389715
v -0.00350000010803 1.64479999816 0.0302371606231
v -0.00350000010803 1.64479999816 0.0321444980800
v -0.00350000010803 1.64479999816 0.0321444980800
v -0.00329999998212 1.64479999816 0.0323444977403
v -0.00329999998212 1.64479999816 0.0323444977403
v 0.00329999998212 1.64479999816 0.0323444977403
v 0.00329999998212 1.64479999816 0.0323444977403
v 0.00350000010803 1.64479999816 0.0321444980800
v 0.00350000010803 1.64479999816 0.0321444980800
v 0.00350000010803 1.64479999816 0.0302371606231
v 0.00350000010803 1.64479999816 0.0302371606231
v 0.00329999998212 1.64479999816 0.0300371609628
v 0.00329999998212 1.64479999816 0.0300371609628
v -0.00329999998212 1.64479999816 0.0300371609628
v -0.00329999998212 1.64479999816 0.0300371609628
v -0.00350000010803 1.64479999816 0.0302371606231
v -0.00351514574140 1.65125000304 0.0261741988361
v -0.00351514574140 1.65125000304 0.0282040536404
v -0.00351514574140 1.65125000304 0.0282040536404
v -0.00331514584832 1.65125000304 0.0284040533006
v -0.00331514584832 1.65125000304 0.0284040533006
v 0.00331514584832 1.65125000304 0.0284040533006
v 0.00331514584832 1.65125000304 0.0284040533006
v 0.00351514574140 1.65125000304 0.0282040536404
v 0.00351514574140 1.65125000304 0.0282040536404
v 0.00351514574140 1.65125000304 0.0261741988361
v 0.00351514574140 1.65125000304 0.0261741988361
v 0.00331514584832 1.65125000304 0.0259741991758
v 0.00331514584832 1.65125000304 0.0259741991758
v -0.00331514584832 1.65125000304 0.0259741991758
v -0.00331514584832 1.65125000304 0.0259741991758
v -0.00351514574140 1.65125000304 0.0261741988361
v -0.00372192775831 1.65555000132 0.0228892378509
v -0.00372192775831 1.65555000132 0.0252393037081
v -0.00372192775831 1.65555000132 0.0252393037081
v -0.00352192763239 1.65555000132 0.0254393033683
v -0.00352192763239 1.65555000132 0.0254393033683
v 0.00352192763239 1.65555000132 0.0254393033683
v 0.00352192763239 1.65555000132 0.0254393033683
v 0.00372192775831 1.65555000132 0.0252393037081
v 0.00372192775831 1.65555000132 0.0252393037081
v 0.00372192775831 1.65555000132 0.0228892378509
v 0.00372192775831 1.65555000132 0.0228892378509
v 0.00352192763239 1.65555000132 0.0226892381907
v 0.00352192763239 1.65555000132 0.0226892381907
v -0.00352192763239 1.65555000132 0.0226892381907
v -0.00352192763239 1.65555000132 0.0226892381907
v -0.00372192775831 1.65555000132 0.0228892378509
v -0.00391107099131 1.65877500004 0.0199740584940
v -0.00391107099131 1.65877500004 0.0225378703326
v -0.00391107099131 1.65877500004 0.0225378703326
v -0.00371107109822 1.65877500004 0.0227378699929
v -0.00371107109822 1.65877500004 0.0227378699929
v 0.00371107109822 1.65877500004 0.0227378699929
v 0.00371107109822 1.65877500004 0.0227378699929
v 0.00391107099131 1.65877500004 0.0225378703326
v 0.00391107099131 1.65877500004 0.0225378703326
v 0.00391107099131 1.65877500004 0.0199740584940
v 0.00391107099131 1.65877500004 0.0199740584940
v 0.00371107109822 1.65877500004 0.0197740588337
v 0.00371107109822 1.65877500004 0.0197740588337
v -0.00371107109822 1.65877500004 0.0197740588337
v -0.00371107109822 1.65877500004 0.0197740588337
v -0.00391107099131 1.65877500004 0.0199740584940
v -0.00398390786722 1.66070999777 0.0178189501166
v -0.00398390786722 1.66070999777 0.0204273387790
v -0.00398390786722 1.66070999777 0.0204273387790
v -0.00378390797414 1.66070999777 0.0206273384392
v -0.00378390797414 1.66070999777 0.0206273384392
v 0.00378390797414 1.66070999777 0.0206273384392
v 0.00378390797414 1.66070999777 0.0206273384392
v 0.00398390786722 1.66070999777 0.0204273387790
v 0.00398390786722 1.66070999777 0.0204273387790
v 0.00398390786722 1.66070999777 0.0178189501166
v 0.00398390786722 1.66070999777 0.0178189501166
v 0.00378390797414 1.66070999777 0.0176189504564
v 0.00378390797414 1.66070999777 0.0176189504564
v -0.00378390797414 1.66070999777 0.0176189504564
v -0.00378390797414 1.66070999777 0.0176189504564
v -0.00398390786722 1.66070999777 0.0178189501166
v -0.00400000018999 1.66199999875 0.0154499998316
v -0.00400000018999 1.66199999875 0.0180500000715
v -0.00400000018999 1.66199999875 0.0180500000715
v -0.00380000006407 1.66199999875 0.0182499997318
v -0.00380000006407 1.66199999875 0.0182499997318
v 0.00380000006407 1.66199999875 0.0182499997318
v 0.00380000006407 1.66199999875 0.0182499997318
v 0.00400000018999 1.66199999875 0.0180500000715
v 0.00400000018999 1.66199999875 0.0180500000715
v 0.00400000018999 1.66199999875 0.0154499998316
v 0.00400000018999 1.66199999875 0.0154499998316
v 0.00380000006407 1.66199999875 0.0152500001714
v 0.00380000006407 1.66199999875 0.0152500001714
v -0.00380000006407 1.66199999875 0.0152500001714
v -0.00380000006407 1.66199999875 0.0152500001714
v -0.00400000018999 1.66199999875 0.0154499998316
v -0.00400000018999 1.44700000262 0.0154499998316
v -0.00400000018999 1.44700000262 0.0180500000715
v -0.00400000018999 1.66199999875 0.0154499998316
v -0.00400000018999 1.66199999875 0.0180500000715
v 0.00400000018999 1.44700000262 0.0180500000715
v 0.00400000018999 1.66199999875 0.0180500000715
v 0.00400000018999 1.44700000262 0.0154499998316
v 0.00400000018999 1.66199999875 0.0154499998316
v 0.00380000006407 1.44700000262 0.0152500001714
v 0.00380000006407 1.66199999875 0.0152500001714
v -0.00380000006407 1.44700000262 0.0152500001714
v -0.00380000006407 1.66199999875 0.0152500001714
vt 0 0
vt 0.125 0
vt 0 0.006000000052154064
vt 0.125 0.006000000052154064
vt 0.125 0
vt 0.25 0
vt 0.125 0.006000000052154064
vt 0.25 0.006000000052154064
vt 0.25 0
vt 0.375 0
vt 0.25 0.006000000052154064
vt 0.375 0.006000000052154064
vt 0.375 0
vt 0.5 0
vt 0.375 0.006000000052154064
vt 0.5 0.006000000052154064
vt 0.5 0
vt 0.625 0
vt 0.5 0.006000000052154064
vt 0.625 0.006000000052154064
vt 0.625 0
vt 0.75 0
vt 0.625 0.006000000052154064
vt 0.75 0.006000000052154064
vt 0.75 0
vt 0.875 0
vt 0.75 0.006000000052154064
vt 0.875 0.006000000052154064
vt 0.875 0
vt 0 0
vt 0.875 0.006000000052154064
vt 0 0.006000000052154064
vt 0 0.014999999664723873
vt 0.125 0.014999999664723873
vt 0.125 0.014999999664723873
vt 0.25 0.014999999664723873
vt 0.25 0.006000000052154064
vt 0.375 0.006000000052154064
vt 0.25 0.014999999664723873
vt 0.375 0.014999999664723873
vt 0.375 0.014999999664723873
vt 0.5 0.014999999664723873
vt 0.5 0.014999999664723873
vt 0.625 0.014999999664723873
vt 0.625 0.014999999664723873
vt 0.75 0.014999999664723873
vt 0.75 0.014999999664723873
vt 0.875 0.014999999664723873
vt 0.875 0.014999999664723873
vt 0 0.014999999664723873
vt 0 0.029999999329447746
vt 0.125 0.029999999329447746
vt 0.125 0.029999999329447746
vt 0.25 0.029999999329447746
vt 0.25 0.029999999329447746
vt 0.375 0.029999999329447746
vt 0.375 0.029999999329447746
vt 0.5 0.029999999329447746
vt 0.5 0.029999999329447746
vt 0.625 0.029999999329447746
vt 0.625 0.029999999329447746
vt 0.75 0.029999999329447746
vt 0.75 0.029999999329447746
vt 0.875 0.029999999329447746
vt 0.875 0.029999999329447746
vt 0 0.029999999329447746
vt 0 0.05000000074505806
vt 0.125 0.05000000074505806
vt 0.125 0.029999999329447746
vt 0.25 0.029999999329447746
vt 0.125 0.05000000074505806
vt 0.25 0.05000000074505806
vt 0.25 0.05000000074505806
vt 0.375 0.05000000074505806
vt 0.375 0.029999999329447746
vt 0.5 0.029999999329447746
vt 0.375 0.05000000074505806
vt 0.5 0.05000000074505806
vt 0.5 0.05000000074505806
vt 0.625 0.05000000074505806
vt 0.625 0.05000000074505806
vt 0.75 0.05000000074505806
vt 0.75 0.05000000074505806
vt 0.875 0.05000000074505806
vt 0.875 0.05000000074505806
vt 0 0.05000000074505806
vt 0 0.07999999821186066
vt 0.125 0.07999999821186066
vt 0.125 0.07999999821186066
vt 0.25 0.07999999821186066
vt 0.25 0.07999999821186066
vt 0.375 0.07999999821186066
vt 0.375 0.07999999821186066
vt 0.5 0.07999999821186066
vt 0.5 0.07999999821186066
vt 0.625 0.07999999821186066
vt 0.625 0.07999999821186066
vt 0.75 0.07999999821186066
vt 0.75 0.07999999821186066
vt 0.875 0.07999999821186066
vt 0.875 0.07999999821186066
vt 0 0.07999999821186066
vt 0 0.11999999731779099
vt 0.125 0.11999999731779099
vt 0.125 0.11999999731779099
vt 0.25 0.11999999731779099
vt 0.25 0.11999999731779099
vt 0.375 0.11999999731779099
vt 0.375 0.11999999731779099
vt 0.5 0.11999999731779099
vt 0.5 0.11999999731779099
vt 0.625 0.11999999731779099
vt 0.625 0.11999999731779099
vt 0.75 0.11999999731779099
vt 0.75 0.11999999731779099
vt 0.875 0.11999999731779099
vt 0.875 0.11999999731779099
vt 0 0.11999999731779099
vt 0 0.18000000715255737
vt 0.125 0.18000000715255737
vt 0.125 0.18000000715255737
vt 0.25 0.18000000715255737
vt 0.25 0.18000000715255737
vt 0.375 0.18000000715255737
vt 0.375 0.18000000715255737
vt 0.5 0.18000000715255737
vt 0.5 0.18000000715255737
vt 0.625 0.18000000715255737
vt 0.625 0.18000000715255737
vt 0.75 0.18000000715255737
vt 0.75 0.18000000715255737
vt 0.875 0.18000000715255737
vt 0.875 0.18000000715255737
vt 0 0.18000000715255737
vt 0 0.25
vt 0.125 0.25
vt 0.125 0.25
vt 0.25 0.25
vt 0.25 0.25
vt 0.375 0.25
vt 0.375 0.25
vt 0.5 0.25
vt 0.5 0.25
vt 0.625 0.25
vt 0.625 0.25
vt 0.75 0.25
vt 0.75 0.25
vt 0.875 0.25
vt 0.875 0.25
vt 0 0.25
vt 0 0.33000001311302185
vt 0.125 0.33000001311302185
vt 0.125 0.33000001311302185
vt 0.25 0.33000001311302185
vt 0.25 0.33000001311302185
vt 0.375 0.33000001311302185
vt 0.375 0.33000001311302185
vt 0.5 0.33000001311302185
vt 0.5 0.33000001311302185
vt 0.625 0.33000001311302185
vt 0.625 0.33000001311302185
vt 0.75 0.33000001311302185
vt 0.75 0.33000001311302185
vt 0.875 0.33000001311302185
vt 0.875 0.33000001311302185
vt 0 0.33000001311302185
vt 0 0.41999998688697815
vt 0.125 0.41999998688697815
vt 0.125 0.41999998688697815
vt 0.25 0.41999998688697815
vt 0.25 0.41999998688697815
vt 0.375 0.41999998688697815
vt 0.375 0.41999998688697815
vt 0.5 0.41999998688697815
vt 0.5 0.41999998688697815
vt 0.625 0.41999998688697815
vt 0.625 0.41999998688697815
vt 0.75 0.41999998688697815
vt 0.75 0.41999998688697815
vt 0.875 0.41999998688697815
vt 0.875 0.41999998688697815
vt 0 0.41999998688697815
vt 0 0.5
vt 0.125 0.5
vt 0.125 0.41999998688697815
vt 0.25 0.41999998688697815
vt 0.125 0.5
vt 0.25 0.5
vt 0.25 0.41999998688697815
vt 0.375 0.41999998688697815
vt 0.25 0.5
vt 0.375 0.5
vt 0.375 0.41999998688697815
vt 0.5 0.41999998688697815
vt 0.375 0.5
vt 0.5 0.5
vt 0.5 0.5
vt 0.625 0.5
vt 0.625 0.41999998688697815
vt 0.75 0.41999998688697815
vt 0.625 0.5
vt 0.75 0.5
vt 0.75 0.41999998688697815
vt 0.875 0.41999998688697815
vt 0.75 0.5
vt 0.875 0.5
vt 0.875 0.41999998688697815
vt 0 0.41999998688697815
vt 0.875 0.5
vt 0 0.5
vt 0 0.5799999833106995
vt 0.125 0.5799999833106995
vt 0.125 0.5
vt 0.25 0.5
vt 0.125 0.5799999833106995
vt 0.25 0.5799999833106995
vt 0.25 0.5
vt 0.375 0.5
vt 0.25 0.5799999833106995
vt 0.375 0.5799999833106995
vt 0.375 0.5
vt 0.5 0.5
vt 0.375 0.5799999833106995
vt 0.5 0.5799999833106995
vt 0.5 0.5799999833106995
vt 0.625 0.5799999833106995
vt 0.625 0.5
vt 0.75 0.5
vt 0.625 0.5799999833106995
vt 0.75 0.5799999833106995
vt 0.75 0.5
vt 0.875 0.5
vt 0.75 0.5799999833106995
vt 0.875 0.5799999833106995
vt 0.875 0.5
vt 0 0.5
vt 0.875 0.5799999833106995
vt 0 0.5799999833106995
vt 0 0.6700000166893005
vt 0.125 0.6700000166893005
vt 0.125 0.5799999833106995
vt 0.25 0.5799999833106995
vt 0.125 0.6700000166893005
vt 0.25 0.6700000166893005
vt 0.25 0.5799999833106995
vt 0.375 0.5799999833106995
vt 0.25 0.6700000166893005
vt 0.375 0.6700000166893005
vt 0.375 0.5799999833106995
vt 0.5 0.5799999833106995
vt 0.375 0.6700000166893005
vt 0.5 0.6700000166893005
vt 0.5 0.6700000166893005
vt 0.625 0.6700000166893005
vt 0.625 0.5799999833106995
vt 0.75 0.5799999833106995
vt 0.625 0.6700000166893005
vt 0.75 0.6700000166893005
vt 0.75 0.5799999833106995
vt 0.875 0.5799999833106995
vt 0.75 0.6700000166893005
vt 0.875 0.6700000166893005
vt 0.875 0.5799999833106995
vt 0 0.5799999833106995
vt 0.875 0.6700000166893005
vt 0 0.6700000166893005
vt 0 0.75
vt 0.125 0.75
vt 0.125 0.75
vt 0.25 0.75
vt 0.25 0.75
vt 0.375 0.75
vt 0.375 0.75
vt 0.5 0.75
vt 0.5 0.75
vt 0.625 0.75
vt 0.625 0.75
vt 0.75 0.75
vt 0.75 0.75
vt 0.875 0.75
vt 0.875 0.75
vt 0 0.75
vt 0 0.8199999928474426
vt 0.125 0.8199999928474426
vt 0.125 0.8199999928474426
vt 0.25 0.8199999928474426
vt 0.25 0.8199999928474426
vt 0.375 0.8199999928474426
vt 0.375 0.8199999928474426
vt 0.5 0.8199999928474426
vt 0.5 0.8199999928474426
vt 0.625 0.8199999928474426
vt 0.625 0.8199999928474426
vt 0.75 0.8199999928474426
vt 0.75 0.8199999928474426
vt 0.875 0.8199999928474426
vt 0.875 0.8199999928474426
vt 0 0.8199999928474426
vt 0 0.8799999952316284
vt 0.125 0.8799999952316284
vt 0.125 0.8799999952316284
vt 0.25 0.8799999952316284
vt 0.25 0.8799999952316284
vt 0.375 0.8799999952316284
vt 0.375 0.8799999952316284
vt 0.5 0.8799999952316284
vt 0.5 0.8799999952316284
vt 0.625 0.8799999952316284
vt 0.625 0.8799999952316284
vt 0.75 0.8799999952316284
vt 0.75 0.8799999952316284
vt 0.875 0.8799999952316284
vt 0.875 0.8799999952316284
vt 0 0.8799999952316284
vt 0 0.9200000166893005
vt 0.125 0.9200000166893005
vt 0.125 0.9200000166893005
vt 0.25 0.9200000166893005
vt 0.25 0.9200000166893005
vt 0.375 0.9200000166893005
vt 0.375 0.9200000166893005
vt 0.5 0.9200000166893005
vt 0.5 0.9200000166893005
vt 0.625 0.9200000166893005
vt 0.625 0.9200000166893005
vt 0.75 0.9200000166893005
vt 0.75 0.9200000166893005
vt 0.875 0.9200000166893005
vt 0.875 0.9200000166893005
vt 0 0.9200000166893005
vt 0 0.949999988079071
vt 0.125 0.949999988079071
vt 0.125 0.949999988079071
vt 0.25 0.949999988079071
vt 0.25 0.949999988079071
vt 0.375 0.949999988079071
vt 0.375 0.949999988079071
vt 0.5 0.949999988079071
vt 0.5 0.949999988079071
vt 0.625 0.949999988079071
vt 0.625 0.949999988079071
vt 0.75 0.949999988079071
vt 0.75 0.949999988079071
vt 0.875 0.949999988079071
vt 0.875 0.949999988079071
vt 0 0.949999988079071
vt 0 0.9700000286102295
vt 0.125 0.9700000286102295
vt 0.125 0.9700000286102295
vt 0.25 0.9700000286102295
vt 0.25 0.9700000286102295
vt 0.375 0.9700000286102295
vt 0.375 0.9700000286102295
vt 0.5 0.9700000286102295
vt 0.5 0.9700000286102295
vt 0.625 0.9700000286102295
vt 0.625 0.9700000286102295
vt 0.75 0.9700000286102295
vt 0.75 0.9700000286102295
vt 0.875 0.9700000286102295
vt 0.875 0.9700000286102295
vt 0 0.9700000286102295
vt 0 0.9850000143051147
vt 0.125 0.9850000143051147
vt 0.125 0.9850000143051147
vt 0.25 0.9850000143051147
vt 0.25 0.9850000143051147
vt 0.375 0.9850000143051147
vt 0.375 0.9850000143051147
vt 0.5 0.9850000143051147
vt 0.5 0.9850000143051147
vt 0.625 0.9850000143051147
vt 0.625 0.9850000143051147
vt 0.75 0.9850000143051147
vt 0.75 0.9850000143051147
vt 0.875 0.9850000143051147
vt 0.875 0.9850000143051147
vt 0 0.9850000143051147
vt 0 0.9940000176429749
vt 0.125 0.9940000176429749
vt 0.125 0.9940000176429749
vt 0.25 0.9940000176429749
vt 0.25 0.9940000176429749
vt 0.375 0.9940000176429749
vt 0.375 0.9940000176429749
vt 0.5 0.9940000176429749
vt 0.5 0.9940000176429749
vt 0.625 0.9940000176429749
vt 0.625 0.9940000176429749
vt 0.75 0.9940000176429749
vt 0.75 0.9940000176429749
vt 0.875 0.9940000176429749
vt 0.875 0.9940000176429749
vt 0 0.9940000176429749
vt 0 1
vt 0.125 1
vt 0.125 1
vt 0.25 1
vt 0.25 1
vt 0.375 1
vt 0.375 1
vt 0.5 1
vt 0.5 1
vt 0.625 1
vt 0.625 1
vt 0.75 1
vt 0.75 1
vt 0.875 1
vt 0.875 1
vt 0 1
vt 0 0
vt 0.125 0
vt 0 1
vt 0.125 1
vt 0.5 0
vt 0.5 1
vt 0.625 0
vt 0.625 1
vt 0.75 0
vt 0.75 1
vt 0.875 0
vt 0.875 1
vn -0.999662539460 0.0259770514302 0.00000000000
vn -0.999662539460 0.0259770514302 0.00000000000
vn -0.999662539460 0.0259770514302 0.00000000000
vn -0.998901890498 0.0468509675364 0.00000000000
vn -0.0558836078630 -0.991495176164 0.117534412050
vn -0.0558836078630 -0.991495176164 0.117534412050
vn -0.305513562677 -0.670395080454 0.676189248009
vn -0.305513562677 -0.670395080454 0.676189248009
vn -1.03860322712e-9 -0.987663291559 0.156592536562
vn -1.03860322712e-9 -0.987663291559 0.156592536562
vn 6.32202666389e-10 -0.718067870013 0.695973084290
vn 6.32202666389e-10 -0.718067870013 0.695973084290
vn 0.0558836078630 -0.991495176164 0.117534412050
vn 0.0558836078630 -0.991495176164 0.117534412050
vn 0.305513562677 -0.670395080454 0.676189248009
vn 0.305513562677 -0.670395080454 0.676189248009
vn 0.999516332018 0.0310982640759 0.00000000000
vn 0.999516332018 0.0310982640759 0.00000000000
vn 0.999074529035 0.0430126194643 0.00000000000
vn 0.999516332018 0.0310982640759 0.00000000000
vn 0.265945760096 0.767250054401 -0.583609635552
vn 0.265945760096 0.767250054401 -0.583609635552
vn 0.265945760096 0.767250054401 -0.583609635552
vn 0.265945760096 0.767250054401 -0.583609635552
vn 3.43656992215e-10 0.797925950171 -0.602755487776
vn 3.43656992215e-10 0.797925950171 -0.602755487776
vn 3.43656992215e-10 0.797925950171 -0.602755487776
vn 3.43656992215e-10 0.797925950171 -0.602755487776
vn -0.265945760096 0.767250054401 -0.583609635552
vn -0.265945760096 0.767250054401 -0.583609635552
vn -0.265945760096 0.767250054401 -0.583609635552
vn -0.265945760096 0.767250054401 -0.583609635552
vn -0.999662539460 0.0259770514302 0.00000000000
vn -0.998901890498 0.0468509675364 0.00000000000
vn -0.305513562677 -0.670395080454 0.676189248009
vn -0.305513562677 -0.670395080454 0.676189248009
vn 3.72975042182e-10 -0.702243928735 0.711936418899
vn 3.72975042182e-10 -0.702243928735 0.711936418899
vn 3.72975042182e-10 -0.702243928735 0.711936418899
vn 3.72975042182e-10 -0.702243928735 0.711936418899
vn 0.305513562677 -0.670395080454 0.676189248009
vn 0.305513562677 -0.670395080454 0.676189248009
vn 0.999074529035 0.0430126194643 0.00000000000
vn 0.999516332018 0.0310982640759 0.00000000000
vn 0.265945760096 0.767250054401 -0.583609635552
vn 0.265945760096 0.767250054401 -0.583609635552
vn 3.43656992215e-10 0.797925950171 -0.602755487776
vn 3.43656992215e-10 0.797925950171 -0.602755487776
vn -0.265945760096 0.767250054401 -0.583609635552
vn -0.265945760096 0.767250054401 -0.583609635552
vn -0.998901890498 0.0468509675364 0.00000000000
vn -0.998901890498 0.0468509675364 0.00000000000
vn -0.305513562677 -0.670395080454 0.676189248009
vn -0.305513562677 -0.670395080454 0.676189248009
vn 3.72975042182e-10 -0.702243928735 0.711936418899
vn 3.72975042182e-10 -0.702243928735 0.711936418899
vn 0.305513562677 -0.670395080454 0.676189248009
vn 0.305513562677 -0.670395080454 0.676189248009
vn 0.999074529035 0.0430126194643 0.00000000000
vn 0.999074529035 0.0430126194643 0.00000000000
vn 0.315875379577 0.616653379549 -0.721083458462
vn 0.315875379577 0.616653379549 -0.721083458462
vn -1.54044785304e-9 0.653957295739 -0.756531463556
vn -1.54044785304e-9 0.653957295739 -0.756531463556
vn -0.315875379577 0.616653379549 -0.721083458462
vn -0.315875379577 0.616653379549 -0.721083458462
vn -0.999682496848 0.0251973311343 0.00000000000
vn -0.999682496848 0.0251973311343 0.00000000000
vn -0.332092652637 -0.644095141924 0.689097901763
vn -0.332092652637 -0.644095141924 0.689097901763
vn -0.344539707460 -0.505368002407 0.791135621829
vn -0.344539707460 -0.505368002407 0.791135621829
vn 1.00959473100e-9 -0.535801822523 0.844343772986
vn 1.00959473100e-9 -0.535801822523 0.844343772986
vn 0.332092652637 -0.644095141924 0.689097901763
vn 0.332092652637 -0.644095141924 0.689097901763
vn 0.344539707460 -0.505368002407 0.791135621829
vn 0.344539707460 -0.505368002407 0.791135621829
vn 0.999682496848 0.0251973311343 0.00000000000
vn 0.999682496848 0.0251973311343 0.00000000000
vn 0.334289612152 0.543406250964 -0.770039026037
vn 0.334289612152 0.543406250964 -0.770039026037
vn 1.06397789654e-9 0.578906352260 -0.815394036839
vn 1.06397789654e-9 0.578906352260 -0.815394036839
vn -0.334289612152 0.543406250964 -0.770039026037
vn -0.334289612152 0.543406250964 -0.770039026037
vn -0.999999310772 0.00117407684011 0.00000000000
vn -0.999999310772 0.00117407684011 0.00000000000
vn -0.350422623140 -0.462132814667 0.814639335412
vn -0.350422623140 -0.462132814667 0.814639335412
vn -4.00041469149e-10 -0.493327703326 0.869843536006
vn -4.00041469149e-10 -0.493327703326 0.869843536006
vn 0.350422623140 -0.462132814667 0.814639335412
vn 0.350422623140 -0.462132814667 0.814639335412
vn 0.999999310772 0.00117407684011 0.00000000000
vn 0.999999310772 0.00117407684011 0.00000000000
vn 0.348790189714 0.471554058746 -0.809927264166
vn 0.348790189714 0.471554058746 -0.809927264166
vn -4.07306237144e-10 0.503324321025 -0.864097580059
vn -4.07306237144e-10 0.503324321025 -0.864097580059
vn -0.348790194616 0.471554035570 -0.809927275548
vn -0.348790194616 0.471554035570 -0.809927275548
vn -1.00000000000 0.00000000000 0.00000000000
vn -1.00000000000 0.00000000000 0.00000000000
vn -0.358476575382 -0.405519540771 0.840861728797
vn -0.358476575382 -0.405519540771 0.840861728797
vn -2.62229148669e-9 -0.434430299803 0.900705453860
vn -2.62229148669e-9 -0.434430299803 0.900705453860
vn 0.358476571049 -0.405519565673 0.840861718635
vn 0.358476571049 -0.405519565673 0.840861718635
vn 1.00000000000 0.00000000000 0.00000000000
vn 1.00000000000 0.00000000000 0.00000000000
vn 0.357794798128 0.410709805990 -0.838630036247
vn 0.357794798128 0.410709805990 -0.838630036247
vn -1.48814476550e-17 0.439869977501 -0.898061469440
vn -1.48814476550e-17 0.439869977501 -0.898061469440
vn -0.357794798128 0.410709805990 -0.838630036247
vn -0.357794798128 0.410709805990 -0.838630036247
vn -1.00000000000 0.00000000000 0.00000000000
vn -1.00000000000 0.00000000000 0.00000000000
vn -0.365995473836 -0.341354138345 0.865750925709
vn -0.365995473836 -0.341354138345 0.865750925709
vn 4.54093212894e-9 -0.366848353945 0.930280756120
vn 4.54093212894e-9 -0.366848353945 0.930280756120
vn 0.365995458673 -0.341354094401 0.865750949446
vn 0.365995458673 -0.341354094401 0.865750949446
vn 1.00000000000 0.00000000000 0.00000000000
vn 1.00000000000 0.00000000000 0.00000000000
vn 0.365603328482 0.345076293443 -0.864440025627
vn 0.365603328482 0.345076293443 -0.864440025627
vn -1.50188106993e-17 0.370788545118 -0.928717316954
vn -1.50188106993e-17 0.370788545118 -0.928717316954
vn -0.365603328482 0.345076293443 -0.864440025627
vn -0.365603328482 0.345076293443 -0.864440025627
vn -1.00000000000 0.00000000000 0.00000000000
vn -1.00000000000 0.00000000000 0.00000000000
vn -0.372622511478 -0.268656486283 0.888243297930
vn -0.372622511478 -0.268656486283 0.888243297930
vn -1.91068851590e-9 -0.289549681534 0.957162986081
vn -1.91068851590e-9 -0.289549681534 0.957162986081
vn 0.372622528223 -0.268656528158 0.888243278240
vn 0.372622528223 -0.268656528158 0.888243278240
vn 1.00000000000 0.00000000000 0.00000000000
vn 1.00000000000 0.00000000000 0.00000000000
vn 0.372401455401 0.271469510418 -0.887480400307
vn 0.372401455401 0.271469510418 -0.887480400307
vn 1.51432766604e-17 0.292554380879 -0.956248887178
vn 1.51432766604e-17 0.292554380879 -0.956248887178
vn -0.372401455401 0.271469510418 -0.887480400307
vn -0.372401455401 0.271469510418 -0.887480400307
vn -1.00000000000 0.00000000000 0.00000000000
vn -1.00000000000 0.00000000000 0.00000000000
vn -0.378083101427 -0.184881668142 0.907122889801
vn -0.378083101427 -0.184881668142 0.907122889801
vn 1.52519991765e-17 -0.199746887580 0.979847529416
vn 1.52519991765e-17 -0.199746887580 0.979847529416
vn 0.378083101427 -0.184881668142 0.907122889801
vn 0.378083101427 -0.184881668142 0.907122889801
vn 1.00000000000 0.00000000000 0.00000000000
vn 1.00000000000 0.00000000000 0.00000000000
vn 0.377981331980 0.186871348356 -0.906757526486
vn 0.377981331980 0.186871348356 -0.906757526486
vn 0.00000000000 0.201888305854 -0.979408552117
vn 0.00000000000 0.201888305854 -0.979408552117
vn -0.377981331980 0.186871348356 -0.906757526486
vn -0.377981331980 0.186871348356 -0.906757526486
vn -1.00000000000 0.00000000000 0.00000000000
vn -1.00000000000 0.00000000000 0.00000000000
vn -0.381646206764 -0.0923727207087 0.919681169391
vn -0.381646206764 -0.0923727207087 0.919681169391
vn -2.16506375513e-17 -0.121058199284 0.992645411205
vn -2.16506375513e-17 -0.121058199284 0.992645411205
vn 0.381646206239 -0.0923727354827 0.919681168125
vn 0.381646206239 -0.0923727354827 0.919681168125
vn 1.00000000000 0.00000000000 0.00000000000
vn 1.00000000000 0.00000000000 0.00000000000
vn 0.381621890083 0.0934055355604 -0.919586939303
vn 0.381621890083 0.0934055355604 -0.919586939303
vn 0.00000000000 0.122403886765 -0.992480371849
vn 0.00000000000 0.122403886765 -0.992480371849
vn -0.381621890083 0.0934055355604 -0.919586939303
vn -0.381621890083 0.0934055355604 -0.919586939303
vn -1.00000000000 0.00000000000 0.00000000000
vn -1.00000000000 0.00000000000 0.00000000000
vn -0.503966447473 -0.0681037153425 0.861034089789
vn -0.503966447473 -0.0681037153425 0.861034089789
vn -0.505468310890 -0.0174530726604 0.862668636813
vn -0.505468310890 -0.0174530726604 0.862668636813
vn -2.57695260143e-10 -0.0999595174085 0.994991504928
vn -2.57695260143e-10 -0.0999595174085 0.994991504928
vn 3.64892583031e-10 -0.0202412844469 0.999795124215
vn 3.64892583031e-10 -0.0202412844469 0.999795124215
vn 0.503966446961 -0.0681037301745 0.861034088915
vn 0.503966446961 -0.0681037301745 0.861034088915
vn 0.505468311202 -0.0174530372810 0.862668637346
vn 0.505468311202 -0.0174530372810 0.862668637346
vn 1.00000000000 0.00000000000 0.00000000000
vn 1.00000000000 0.00000000000 0.00000000000
vn 0.503931940630 0.0688723252628 -0.860993148652
vn 0.503931940630 0.0688723252628 -0.860993148652
vn 0.505464964158 0.0176527199717 -0.862666535509
vn 0.505464964158 0.0176527199717 -0.862666535509
vn 1.53205446880e-17 0.101076543571 -0.994878652068
vn 1.53205446880e-17 0.101076543571 -0.994878652068
vn 2.16948718754e-17 0.0204733224957 -0.999790399567
vn 2.16948718754e-17 0.0204733224957 -0.999790399567
vn -0.503931940630 0.0688723252628 -0.860993148652
vn -0.503931940630 0.0688723252628 -0.860993148652
vn -0.505464964158 0.0176527199717 -0.862666535509
vn -0.505464964158 0.0176527199717 -0.862666535509
vn -1.00000000000 0.00000000000 0.00000000000
vn -1.00000000000 0.00000000000 0.00000000000
vn -0.505468311202 0.0174530372810 0.862668637346
vn -0.505468311202 0.0174530372810 0.862668637346
vn -0.503966446961 0.0681037301745 0.861034088915
vn -0.503966446961 0.0681037301745 0.861034088915
vn -3.64892583017e-10 0.0202412863088 0.999795124177
vn -3.64892583017e-10 0.0202412863088 0.999795124177
vn 2.57695288090e-10 0.0999595100324 0.994991505669
vn 2.57695288090e-10 0.0999595100324 0.994991505669
vn 0.505468310873 0.0174530745225 0.862668636785
vn 0.505468310873 0.0174530745225 0.862668636785
vn 0.503966447473 0.0681037153425 0.861034089789
vn 0.503966447473 0.0681037153425 0.861034089789
vn 1.00000000000 0.00000000000 0.00000000000
vn 1.00000000000 0.00000000000 0.00000000000
vn 0.505464964158 -0.0176527199717 -0.862666535509
vn 0.505464964158 -0.0176527199717 -0.862666535509
vn 0.503931940630 -0.0688723252628 -0.860993148652
vn 0.503931940630 -0.0688723252628 -0.860993148652
vn 2.16948718746e-17 -0.0204733243576 -0.999790399529
vn 2.16948718746e-17 -0.0204733243576 -0.999790399529
vn 3.06410893990e-17 -0.101076536196 -0.994878652817
vn 3.06410893990e-17 -0.101076536196 -0.994878652817
vn -0.505464964158 -0.0176527199717 -0.862666535509
vn -0.505464964158 -0.0176527199717 -0.862666535509
vn -0.503931940630 -0.0688723252628 -0.860993148652
vn -0.503931940630 -0.0688723252628 -0.860993148652
vn -1.00000000000 0.00000000000 0.00000000000
vn -1.00000000000 0.00000000000 0.00000000000
vn -0.381646206501 0.0923727280957 0.919681168758
vn -0.381646206501 0.0923727280957 0.919681168758
vn -0.378083101427 0.184881668142 0.907122889801
vn -0.378083101427 0.184881668142 0.907122889801
vn 2.16506375708e-17 0.121058191942 0.992645412100
vn 2.16506375708e-17 0.121058191942 0.992645412100
vn 1.52519991765e-17 0.199746887580 0.979847529416
vn 1.52519991765e-17 0.199746887580 0.979847529416
vn 0.381646206764 0.0923727207087 0.919681169391
vn 0.381646206764 0.0923727207087 0.919681169391
vn 0.378083101427 0.184881668142 0.907122889801
vn 0.378083101427 0.184881668142 0.907122889801
vn 1.00000000000 0.00000000000 0.00000000000
vn 1.00000000000 0.00000000000 0.00000000000
vn 0.381621890083 -0.0934055355604 -0.919586939303
vn 0.381621890083 -0.0934055355604 -0.919586939303
vn 0.377981333032 -0.186871333975 -0.906757529011
vn 0.377981333032 -0.186871333975 -0.906757529011
vn 0.00000000000 -0.122403872087 -0.992480373659
vn 0.00000000000 -0.122403872087 -0.992480373659
vn 1.52503053263e-17 -0.201888291560 -0.979408555063
vn 1.52503053263e-17 -0.201888291560 -0.979408555063
vn -0.381621890083 -0.0934055355604 -0.919586939303
vn -0.381621890083 -0.0934055355604 -0.919586939303
vn -0.377981333032 -0.186871333975 -0.906757529011
vn -0.377981333032 -0.186871333975 -0.906757529011
vn -1.00000000000 0.00000000000 0.00000000000
vn -1.00000000000 0.00000000000 0.00000000000
vn -0.372622528223 0.268656528158 0.888243278240
vn -0.372622528223 0.268656528158 0.888243278240
vn 1.91068851590e-9 0.289549681534 0.957162986081
vn 1.91068851590e-9 0.289549681534 0.957162986081
vn 0.372622511478 0.268656486283 0.888243297930
vn 0.372622511478 0.268656486283 0.888243297930
vn 1.00000000000 0.00000000000 0.00000000000
vn 1.00000000000 0.00000000000 0.00000000000
vn 0.372401455401 -0.271469510418 -0.887480400307
vn 0.372401455401 -0.271469510418 -0.887480400307
vn 1.51432766604e-17 -0.292554380879 -0.956248887178
vn 1.51432766604e-17 -0.292554380879 -0.956248887178
vn -0.372401455401 -0.271469510418 -0.887480400307
vn -0.372401455401 -0.271469510418 -0.887480400307
vn -1.00000000000 0.00000000000 0.00000000000
vn -1.00000000000 0.00000000000 0.00000000000
vn -0.365995458673 0.341354094401 0.865750949446
vn -0.365995458673 0.341354094401 0.865750949446
vn -4.54093212894e-9 0.366848353945 0.930280756120
vn -4.54093212894e-9 0.366848353945 0.930280756120
vn 0.365995473836 0.341354138345 0.865750925709
vn 0.365995473836 0.341354138345 0.865750925709
vn 1.00000000000 0.00000000000 0.00000000000
vn 1.00000000000 0.00000000000 0.00000000000
vn 0.365603328482 -0.345076293443 -0.864440025627
vn 0.365603328482 -0.345076293443 -0.864440025627
vn 1.50188106993e-17 -0.370788545118 -0.928717316954
vn 1.50188106993e-17 -0.370788545118 -0.928717316954
vn -0.365603328482 -0.345076293443 -0.864440025627
vn -0.365603328482 -0.345076293443 -0.864440025627
vn -0.999999827693 -0.000587038292178 0.00000000000
vn -0.999999827693 -0.000587038292178 0.00000000000
vn -0.354618373683 0.434088204187 0.828138418401
vn -0.354618373683 0.434088204187 0.828138418401
vn 1.50688540666e-9 0.464271221410 0.885693080570
vn 1.50688540666e-9 0.464271221410 0.885693080570
vn 0.354618378271 0.434088180000 0.828138429115
vn 0.354618378271 0.434088180000 0.828138429115
vn 0.999999827693 -0.000587038292178 0.00000000000
vn 0.999999827693 -0.000587038292178 0.00000000000
vn 0.353487934540 -0.441441381815 -0.824727704491
vn 0.353487934540 -0.441441381815 -0.824727704491
vn 2.04819832592e-10 -0.472063999572 -0.881564280304
vn 2.04819832592e-10 -0.472063999572 -0.881564280304
vn -0.353487934540 -0.441441381815 -0.824727704491
vn -0.353487934540 -0.441441381815 -0.824727704491
vn -0.999999827693 -0.000587038292178 0.00000000000
vn -0.999999827693 -0.000587038292178 0.00000000000
vn -0.354618373683 0.434088204187 0.828138418401
vn -0.354618373683 0.434088204187 0.828138418401
vn 1.50688540666e-9 0.464271221410 0.885693080570
vn 1.50688540666e-9 0.464271221410 0.885693080570
vn 0.354618378271 0.434088180000 0.828138429115
vn 0.354618378271 0.434088180000 0.828138429115
vn 0.999999827693 -0.000587038292178 0.00000000000
vn 0.999999827693 -0.000587038292178 0.00000000000
vn 0.353487934540 -0.441441381815 -0.824727704491
vn 0.353487934540 -0.441441381815 -0.824727704491
vn 2.04819832592e-10 -0.472063999572 -0.881564280304
vn 2.04819832592e-10 -0.472063999572 -0.881564280304
vn -0.353487934540 -0.441441381815 -0.824727704491
vn -0.353487934540 -0.441441381815 -0.824727704491
vn -0.999229417581 -0.0392501088116 0.00000000000
vn -0.999229417581 -0.0392501088116 0.00000000000
vn -0.340247382208 0.532640083173 0.774936294606
vn -0.340247382208 0.532640083173 0.774936294606
vn 2.41404172905e-10 0.562843080784 0.826563770325
vn 2.41404172905e-10 0.562843080784 0.826563770325
vn 0.340247382208 0.532640083173 0.774936294606
vn 0.340247382208 0.532640083173 0.774936294606
vn 0.999229417581 -0.0392501088116 0.00000000000
vn 0.999229417581 -0.0392501088116 0.00000000000
vn 0.325379916902 -0.580746368409 -0.746231576159
vn 0.325379916902 -0.580746368409 -0.746231576159
vn 2.50880086109e-10 -0.617490509420 -0.786578330986
vn 2.50880086109e-10 -0.617490509420 -0.786578330986
vn -0.325379916902 -0.580746368409 -0.746231576159
vn -0.325379916902 -0.580746368409 -0.746231576159
vn -0.999229417581 -0.0392501088116 0.00000000000
vn -0.999229417581 -0.0392501088116 0.00000000000
vn -0.340247382208 0.532640083173 0.774936294606
vn -0.340247382208 0.532640083173 0.774936294606
vn 2.41404172905e-10 0.562843080784 0.826563770325
vn 2.41404172905e-10 0.562843080784 0.826563770325
vn 0.340247382208 0.532640083173 0.774936294606
vn 0.340247382208 0.532640083173 0.774936294606
vn 0.999229417581 -0.0392501088116 0.00000000000
vn 0.999229417581 -0.0392501088116 0.00000000000
vn 0.325379916902 -0.580746368409 -0.746231576159
vn 0.325379916902 -0.580746368409 -0.746231576159
vn 2.50880086109e-10 -0.617490509420 -0.786578330986
vn 2.50880086109e-10 -0.617490509420 -0.786578330986
vn -0.325379916902 -0.580746368409 -0.746231576159
vn -0.325379916902 -0.580746368409 -0.746231576159
vn -0.999516332018 -0.0310982640759 0.00000000000
vn -0.999464300930 -0.0327278347370 0.00000000000
vn -0.288307251173 0.720591310752 0.630576792937
vn -0.288307251173 0.720591310752 0.630576792937
vn -1.26474329942e-9 0.751324170454 0.659933323065
vn -1.26474329942e-9 0.751324170454 0.659933323065
vn 0.288307251173 0.720591310752 0.630576792937
vn 0.288307251173 0.720591310752 0.630576792937
vn 0.999183277869 -0.0404076382168 0.00000000000
vn 0.999662539460 -0.0259770514302 0.00000000000
vn 0.265945760096 -0.767250054401 -0.583609635552
vn 0.265945760096 -0.767250054401 -0.583609635552
vn -3.43656992215e-10 -0.797925950171 -0.602755487776
vn -3.43656992215e-10 -0.797925950171 -0.602755487776
vn -0.265945760096 -0.767250054401 -0.583609635552
vn -0.265945760096 -0.767250054401 -0.583609635552
vn -0.999516332018 -0.0310982640759 0.00000000000
vn -0.999464300930 -0.0327278347370 0.00000000000
vn -0.288307251173 0.720591310752 0.630576792937
vn -0.288307251173 0.720591310752 0.630576792937
vn -1.26474329942e-9 0.751324170454 0.659933323065
vn -1.26474329942e-9 0.751324170454 0.659933323065
vn 0.288307251173 0.720591310752 0.630576792937
vn 0.288307251173 0.720591310752 0.630576792937
vn 0.999183277869 -0.0404076382168 0.00000000000
vn 0.999662539460 -0.0259770514302 0.00000000000
vn 0.265945760096 -0.767250054401 -0.583609635552
vn 0.265945760096 -0.767250054401 -0.583609635552
vn -3.43656992215e-10 -0.797925950171 -0.602755487776
vn -3.43656992215e-10 -0.797925950171 -0.602755487776
vn -0.265945760096 -0.767250054401 -0.583609635552
vn -0.265945760096 -0.767250054401 -0.583609635552
vn -0.999516332018 -0.0310982640759 0.00000000000
vn -0.999516332018 -0.0310982640759 0.00000000000
vn -0.0558836078630 0.991495176164 0.117534412050
vn -0.0558836078630 0.991495176164 0.117534412050
vn 1.03860322712e-9 0.987663291559 0.156592536562
vn 1.03860322712e-9 0.987663291559 0.156592536562
vn 0.0558836078630 0.991495176164 0.117534412050
vn 0.0558836078630 0.991495176164 0.117534412050
vn 0.999662539460 -0.0259770514302 0.00000000000
vn 0.999662539460 -0.0259770514302 0.00000000000
vn 0.265945760096 -0.767250054401 -0.583609635552
vn 0.265945760096 -0.767250054401 -0.583609635552
vn -3.43656992215e-10 -0.797925950171 -0.602755487776
vn -3.43656992215e-10 -0.797925950171 -0.602755487776
vn -0.265945760096 -0.767250054401 -0.583609635552
vn -0.265945760096 -0.767250054401 -0.583609635552
vn -1.03860322712e-9 -0.987663291559 0.156592536562
vn -1.03860322712e-9 -0.987663291559 0.156592536562
vn 1.03860322712e-9 0.987663291559 0.156592536562
vn 1.03860322712e-9 0.987663291559 0.156592536562
vn -1.03860322712e-9 -0.987663291559 0.156592536562
vn 1.03860322712e-9 0.987663291559 0.156592536562
vn -1.03860322712e-9 -0.987663291559 0.156592536562
vn 1.03860322712e-9 0.987663291559 0.156592536562
vn -1.03860322712e-9 -0.987663291559 0.156592536562
vn 1.03860322712e-9 0.987663291559 0.156592536562
vn -1.03860322712e-9 -0.987663291559 0.156592536562
vn 1.03860322712e-9 0.987663291559 0.156592536562
f 1458/1458/1458 1459/1459/1459 1460/1460/1460
f 1459/1459/1459 1461/1461/1461 1460/1460/1460
f 1462/1462/1462 1463/1463/1463 1464/1464/1464
f 1463/1463/1463 1465/1465/1465 1464/1464/1464
f 1466/1466/1466 1467/1467/1467 1468/1468/1468
f 1467/1467/1467 1469/1469/1469 1468/1468/1468
f 1470/1470/1470 1471/1471/1471 1472/1472/1472
f 1471/1471/1471 1473/1473/1473 1472/1472/1472
f 1474/1474/1474 1475/1475/1475 1476/1476/1476
f 1475/1475/1475 1477/1477/1477 1476/1476/1476
f 1478/1478/1478 1479/1479/1479 1480/1480/1480
f 1479/1479/1479 1481/1481/1481 1480/1480/1480
f 1482/1482/1482 1483/1483/1483 1484/1484/1484
f 1483/1483/1483 1485/1485/1485 1484/1484/1484
f 1486/1486/1486 1487/1487/1487 1488/1488/1488
f 1487/1487/1487 1489/1489/1489 1488/1488/1488
f 1460/1460/1460 1461/1461/1461 1490/1490/1490
f 1461/1461/1461 1491/1491/1491 1490/1490/1490
f 1464/1464/1464 1465/1465/1465 1492/1492/1492
f 1465/1465/1465 1493/1493/1493 1492/1492/1492
f 1494/1494/1494 1495/1495/1495 1496/1496/1496
f 1495/1495/1495 1497/1497/1497 1496/1496/1496
f 1472/1472/1472 1473/1473/1473 1498/1498/1498
f 1473/1473/1473 1499/1499/1499 1498/1498/1498
f 1476/1476/1476 1477/1477/1477 1500/1500/1500
f 1477/1477/1477 1501/1501/1501 1500/1500/1500
f 1480/1480/1480 1481/1481/1481 1502/1502/1502
f 1481/1481/1481 1503/1503/1503 1502/1502/1502
f 1484/1484/1484 1485/1485/1485 1504/1504/1504
f 1485/1485/1485 1505/1505/1505 1504/1504/1504
f 1488/1488/1488 1489/1489/1489 1506/1506/1506
f 1489/1489/1489 1507/1507/1507 1506/1506/1506
f 1490/1490/1490 1491/1491/1491 1508/1508/1508
f 1491/1491/1491 1509/1509/1509 1508/1508/1508
f 1492/1492/1492 1493/1493/1493 1510/1510/1510
f 1493/1493/1493 1511/1511/1511 1510/1510/1510
f 1496/1496/1496 1497/1497/1497 1512/1512/1512
f 1497/1497/1497 1513/1513/1513 1512/1512/1512
f 1498/1498/1498 1499/1499/1499 1514/1514/1514
f 1499/1499/1499 1515/1515/1515 1514/1514/1514
f 1500/1500/1500 1501/1501/1501 1516/1516/1516
f 1501/1501/1501 1517/1517/1517 1516/1516/1516
f 1502/1502/1502 1503/1503/1503 1518/1518/1518
f 1503/1503/1503 1519/1519/1519 1518/1518/1518
f 1504/1504/1504 1505/1505/1505 1520/1520/1520
f 1505/1505/1505 1521/1521/1521 1520/1520/1520
f 1506/1506/1506 1507/1507/1507 1522/1522/1522
f 1507/1507/1507 1523/1523/1523 1522/1522/1522
f 1508/1508/1508 1509/1509/1509 1524/1524/1524
f 1509/1509/1509 1525/1525/1525 1524/1524/1524
f 1526/1526/1526 1527/1527/1527 1528/1528/1528
f 1527/1527/1527 1529/1529/1529 1528/1528/1528
f 1512/1512/1512 1513/1513/1513 1530/1530/1530
f 1513/1513/1513 1531/1531/1531 1530/1530/1530
f 1532/1532/1532 1533/1533/1533 1534/1534/1534
f 1533/1533/1533 1535/1535/1535 1534/1534/1534
f 1516/1516/1516 1517/1517/1517 1536/1536/1536
f 1517/1517/1517 1537/1537/1537 1536/1536/1536
f 1518/1518/1518 1519/1519/1519 1538/1538/1538
f 1519/1519/1519 1539/1539/1539 1538/1538/1538
f 1520/1520/1520 1521/1521/1521 1540/1540/1540
f 1521/1521/1521 1541/1541/1541 1540/1540/1540
f 1522/1522/1522 1523/1523/1523 1542/1542/1542
f 1523/1523/1523 1543/1543/1543 1542/1542/1542
f 1524/1524/1524 1525/1525/1525 1544/1544/1544
f 1525/1525/1525 1545/1545/1545 1544/1544/1544
f 1528/1528/1528 1529/1529/1529 1546/1546/1546
f 1529/1529/1529 1547/1547/1547 1546/1546/1546
f 1530/1530/1530 1531/1531/1531 1548/1548/1548
f 1531/1531/1531 1549/1549/1549 1548/1548/1548
f 1534/1534/1534 1535/1535/1535 1550/1550/1550
f 1535/1535/1535 1551/1551/1551 1550/1550/1550
f 1536/1536/1536 1537/1537/1537 1552/1552/1552
f 1537/1537/1537 1553/1553/1553 1552/1552/1552
f 1538/1538/1538 1539/1539/1539 1554/1554/1554
f 1539/1539/1539 1555/1555/1555 1554/1554/1554
f 1540/1540/1540 1541/1541/1541 1556/1556/1556
f 1541/1541/1541 1557/1557/1557 1556/1556/1556
f 1542/1542/1542 1543/1543/1543 1558/1558/1558
f 1543/1543/1543 1559/1559/1559 1558/1558/1558
f 1544/1544/1544 1545/1545/1545 1560/1560/1560
f 1545/1545/1545 1561/1561/1561 1560/1560/1560
f 1546/1546/1546 1547/1547/1547 1562/1562/1562
f 1547/1547/1547 1563/1563/1563 1562/1562/1562
f 1548/1548/1548 1549/1549/1549 1564/1564/1564
f 1549/1549/1549 1565/1565/1565 1564/1564/1564
f 1550/1550/1550 1551/1551/1551 1566/1566/1566
f 1551/1551/1551 1567/1567/1567 1566/1566/1566
f 1552/1552/1552 1553/1553/1553 1568/1568/1568
f 1553/1553/1553 1569/1569/1569 1568/1568/1568
f 1554/1554/1554 1555/1555/1555 1570/1570/1570
f 1555/1555/1555 1571/1571/1571 1570/1570/1570
f 1556/1556/1556 1557/1557/1557 1572/1572/1572
f 1557/1557/1557 1573/1573/1573 1572/1572/1572
f 1558/1558/1558 1559/1559/1559 1574/1574/1574
f 1559/1559/1559 1575/1575/1575 1574/1574/1574
f 1560/1560/1560 1561/1561/1561 1576/1576/1576
f 1561/1561/1561 1577/1577/1577 1576/1576/1576
f 1562/1562/1562 1563/1563/1563 1578/1578/1578
f 1563/1563/1563 1579/1579/1579 1578/1578/1578
f 1564/1564/1564 1565/1565/1565 1580/1580/1580
f 1565/1565/1565 1581/1581/1581 1580/1580/1580
f 1566/1566/1566 1567/1567/1567 1582/1582/1582
f 1567/1567/1567 1583/1583/1583 1582/1582/1582
f 1568/1568/1568 1569/1569/1569 1584/1584/1584
f 1569/1569/1569 1585/1585/1585 1584/1584/1584
f 1570/1570/1570 1571/1571/1571 1586/1586/1586
f 1571/1571/1571 1587/1587/1587 1586/1586/1586
f 1572/1572/1572 1573/1573/1573 1588/1588/1588
f 1573/1573/1573 1589/1589/1589 1588/1588/1588
f 1574/1574/1574 1575/1575/1575 1590/1590/1590
f 1575/1575/1575 1591/1591/1591 1590/1590/1590
f 1576/1576/1576 1577/1577/1577 1592/1592/1592
f 1577/1577/1577 1593/1593/1593 1592/1592/1592
f 1578/1578/1578 1579/1579/1579 1594/1594/1594
f 1579/1579/1579 1595/1595/1595 1594/1594/1594
f 1580/1580/1580 1581/1581/1581 1596/1596/1596
f 1581/1581/1581 1597/1597/1597 1596/1596/1596
f 1582/1582/1582 1583/1583/1583 1598/1598/1598
f 1583/1583/1583 1599/1599/1599 1598/1598/1598
f 1584/1584/1584 1585/1585/1585 1600/1600/1600
f 1585/1585/1585 1601/1601/1601 1600/1600/1600
f 1586/1586/1586 1587/1587/1587 1602/1602/1602
f 1587/1587/1587 1603/1603/1603 1602/1602/1602
f 1588/1588/1588 1589/1589/1589 1604/1604/1604
f 1589/1589/1589 1605/1605/1605 1604/1604/1604
f 1590/1590/1590 1591/1591/1591 1606/1606/1606
f 1591/1591/1591 1607/1607/1607 1606/1606/1606
f 1592/1592/1592 1593/1593/1593 1608/1608/1608
f 1593/1593/1593 1609/1609/1609 1608/1608/1608
f 1594/1594/1594 1595/1595/1595 1610/1610/1610
f 1595/1595/1595 1611/1611/1611 1610/1610/1610
f 1596/1596/1596 1597/1597/1597 1612/1612/1612
f 1597/1597/1597 1613/1613/1613 1612/1612/1612
f 1598/1598/1598 1599/1599/1599 1614/1614/1614
f 1599/1599/1599 1615/1615/1615 1614/1614/1614
f 1600/1600/1600 1601/1601/1601 1616/1616/1616
f 1601/1601/1601 1617/1617/1617 1616/1616/1616
f 1602/1602/1602 1603/1603/1603 1618/1618/1618
f 1603/1603/1603 1619/1619/1619 1618/1618/1618
f 1604/1604/1604 1605/1605/1605 1620/1620/1620
f 1605/1605/1605 1621/1621/1621 1620/1620/1620
f 1606/1606/1606 1607/1607/1607 1622/1622/1622
f 1607/1607/1607 1623/1623/1623 1622/1622/1622
f 1608/1608/1608 1609/1609/1609 1624/1624/1624
f 1609/1609/1609 1625/1625/1625 1624/1624/1624
f 1610/1610/1610 1611/1611/1611 1626/1626/1626
f 1611/1611/1611 1627/1627/1627 1626/1626/1626
f 1612/1612/1612 1613/1613/1613 1628/1628/1628
f 1613/1613/1613 1629/1629/1629 1628/1628/1628
f 1614/1614/1614 1615/1615/1615 1630/1630/1630
f 1615/1615/1615 1631/1631/1631 1630/1630/1630
f 1616/1616/1616 1617/1617/1617 1632/1632/1632
f 1617/1617/1617 1633/1633/1633 1632/1632/1632
f 1618/1618/1618 1619/1619/1619 1634/1634/1634
f 1619/1619/1619 1635/1635/1635 1634/1634/1634
f 1620/1620/1620 1621/1621/1621 1636/1636/1636
f 1621/1621/1621 1637/1637/1637 1636/1636/1636
f 1622/1622/1622 1623/1623/1623 1638/1638/1638
f 1623/1623/1623 1639/1639/1639 1638/1638/1638
f 1624/1624/1624 1625/1625/1625 1640/1640/1640
f 1625/1625/1625 1641/1641/1641 1640/1640/1640
f 1642/1642/1642 1643/1643/1643 1644/1644/1644
f 1643/1643/1643 1645/1645/1645 1644/1644/1644
f 1646/1646/1646 1647/1647/1647 1648/1648/1648
f 1647/1647/1647 1649/1649/1649 1648/1648/1648
f 1650/1650/1650 1651/1651/1651 1652/1652/1652
f 1651/1651/1651 1653/1653/1653 1652/1652/1652
f 1632/1632/1632 1633/1633/1633 1654/1654/1654
f 1633/1633/1633 1655/1655/1655 1654/1654/1654
f 1656/1656/1656 1657/1657/1657 1658/1658/1658
f 1657/1657/1657 1659/1659/1659 1658/1658/1658
f 1660/1660/1660 1661/1661/1661 1662/1662/1662
f 1661/1661/1661 1663/1663/1663 1662/1662/1662
f 1664/1664/1664 1665/1665/1665 1666/1666/1666
f 1665/1665/1665 1667/1667/1667 1666/1666/1666
f 1640/1640/1640 1641/1641/1641 1668/1668/1668
f 1641/1641/1641 1669/1669/1669 1668/1668/1668
f 1670/1670/1670 1671/1671/1671 1672/1672/1672
f 1671/1671/1671 1673/1673/1673 1672/1672/1672
f 1674/1674/1674 1675/1675/1675 1676/1676/1676
f 1675/1675/1675 1677/1677/1677 1676/1676/1676
f 1678/1678/1678 1679/1679/1679 1680/1680/1680
f 1679/1679/1679 1681/1681/1681 1680/1680/1680
f 1654/1654/1654 1655/1655/1655 1682/1682/1682
f 1655/1655/1655 1683/1683/1683 1682/1682/1682
f 1684/1684/1684 1685/1685/1685 1686/1686/1686
f 1685/1685/1685 1687/1687/1687 1686/1686/1686
f 1688/1688/1688 1689/1689/1689 1690/1690/1690
f 1689/1689/1689 1691/1691/1691 1690/1690/1690
f 1692/1692/1692 1693/1693/1693 1694/1694/1694
f 1693/1693/1693 1695/1695/1695 1694/1694/1694
f 1668/1668/1668 1669/1669/1669 1696/1696/1696
f 1669/1669/1669 1697/1697/1697 1696/1696/1696
f 1698/1698/1698 1699/1699/1699 1700/1700/1700
f 1699/1699/1699 1701/1701/1701 1700/1700/1700
f 1702/1702/1702 1703/1703/1703 1704/1704/1704
f 1703/1703/1703 1705/1705/1705 1704/1704/1704
f 1706/1706/1706 1707/1707/1707 1708/1708/1708
f 1707/1707/1707 1709/1709/1709 1708/1708/1708
f 1682/1682/1682 1683/1683/1683 1710/1710/1710
f 1683/1683/1683 1711/1711/1711 1710/1710/1710
f 1712/1712/1712 1713/1713/1713 1714/1714/1714
f 1713/1713/1713 1715/1715/1715 1714/1714/1714
f 1716/1716/1716 1717/1717/1717 1718/1718/1718
f 1717/1717/1717 1719/1719/1719 1718/1718/1718
f 1720/1720/1720 1721/1721/1721 1722/1722/1722
f 1721/1721/1721 1723/1723/1723 1722/1722/1722
f 1696/1696/1696 1697/1697/1697 1724/1724/1724
f 1697/1697/1697 1725/1725/1725 1724/1724/1724
f 1700/1700/1700 1701/1701/1701 1726/1726/1726
f 1701/1701/1701 1727/1727/1727 1726/1726/1726
f 1704/1704/1704 1705/1705/1705 1728/1728/1728
f 1705/1705/1705 1729/1729/1729 1728/1728/1728
f 1708/1708/1708 1709/1709/1709 1730/1730/1730
f 1709/1709/1709 1731/1731/1731 1730/1730/1730
f 1710/1710/1710 1711/1711/1711 1732/1732/1732
f 1711/1711/1711 1733/1733/1733 1732/1732/1732
f 1714/1714/1714 1715/1715/1715 1734/1734/1734
f 1715/1715/1715 1735/1735/1735 1734/1734/1734
f 1718/1718/1718 1719/1719/1719 1736/1736/1736
f 1719/1719/1719 1737/1737/1737 1736/1736/1736
f 1722/1722/1722 1723/1723/1723 1738/1738/1738
f 1723/1723/1723 1739/1739/1739 1738/1738/1738
f 1724/1724/1724 1725/1725/1725 1740/1740/1740
f 1725/1725/1725 1741/1741/1741 1740/1740/1740
f 1726/1726/1726 1727/1727/1727 1742/1742/1742
f 1727/1727/1727 1743/1743/1743 1742/1742/1742
f 1728/1728/1728 1729/1729/1729 1744/1744/1744
f 1729/1729/1729 1745/1745/1745 1744/1744/1744
f 1730/1730/1730 1731/1731/1731 1746/1746/1746
f 1731/1731/1731 1747/1747/1747 1746/1746/1746
f 1732/1732/1732 1733/1733/1733 1748/1748/1748
f 1733/1733/1733 1749/1749/1749 1748/1748/1748
f 1734/1734/1734 1735/1735/1735 1750/1750/1750
f 1735/1735/1735 1751/1751/1751 1750/1750/1750
f 1736/1736/1736 1737/1737/1737 1752/1752/1752
f 1737/1737/1737 1753/1753/1753 1752/1752/1752
f 1738/1738/1738 1739/1739/1739 1754/1754/1754
f 1739/1739/1739 1755/1755/1755 1754/1754/1754
f 1740/1740/1740 1741/1741/1741 1756/1756/1756
f 1741/1741/1741 1757/1757/1757 1756/1756/1756
f 1742/1742/1742 1743/1743/1743 1758/1758/1758
f 1743/1743/1743 1759/1759/1759 1758/1758/1758
f 1744/1744/1744 1745/1745/1745 1760/1760/1760
f 1745/1745/1745 1761/1761/1761 1760/1760/1760
f 1746/1746/1746 1747/1747/1747 1762/1762/1762
f 1747/1747/1747 1763/1763/1763 1762/1762/1762
f 1748/1748/1748 1749/1749/1749 1764/1764/1764
f 1749/1749/1749 1765/1765/1765 1764/1764/1764
f 1750/1750/1750 1751/1751/1751 1766/1766/1766
f 1751/1751/1751 1767/1767/1767 1766/1766/1766
f 1752/1752/1752 1753/1753/1753 1768/1768/1768
f 1753/1753/1753 1769/1769/1769 1768/1768/1768
f 1754/1754/1754 1755/1755/1755 1770/1770/1770
f 1755/1755/1755 1771/1771/1771 1770/1770/1770
f 1756/1756/1756 1757/1757/1757 1772/1772/1772
f 1757/1757/1757 1773/1773/1773 1772/1772/1772
f 1758/1758/1758 1759/1759/1759 1774/1774/1774
f 1759/1759/1759 1775/1775/1775 1774/1774/1774
f 1760/1760/1760 1761/1761/1761 1776/1776/1776
f 1761/1761/1761 1777/1777/1777 1776/1776/1776
f 1762/1762/1762 1763/1763/1763 1778/1778/1778
f 1763/1763/1763 1779/1779/1779 1778/1778/1778
f 1764/1764/1764 1765/1765/1765 1780/1780/1780
f 1765/1765/1765 1781/1781/1781 1780/1780/1780
f 1766/1766/1766 1767/1767/1767 1782/1782/1782
f 1767/1767/1767 1783/1783/1783 1782/1782/1782
f 1768/1768/1768 1769/1769/1769 1784/1784/1784
f 1769/1769/1769 1785/1785/1785 1784/1784/1784
f 1770/1770/1770 1771/1771/1771 1786/1786/1786
f 1771/1771/1771 1787/1787/1787 1786/1786/1786
f 1772/1772/1772 1773/1773/1773 1788/1788/1788
f 1773/1773/1773 1789/1789/1789 1788/1788/1788
f 1774/1774/1774 1775/1775/1775 1790/1790/1790
f 1775/1775/1775 1791/1791/1791 1790/1790/1790
f 1776/1776/1776 1777/1777/1777 1792/1792/1792
f 1777/1777/1777 1793/1793/1793 1792/1792/1792
f 1778/1778/1778 1779/1779/1779 1794/1794/1794
f 1779/1779/1779 1795/1795/1795 1794/1794/1794
f 1780/1780/1780 1781/1781/1781 1796/1796/1796
f 1781/1781/1781 1797/1797/1797 1796/1796/1796
f 1782/1782/1782 1783/1783/1783 1798/1798/1798
f 1783/1783/1783 1799/1799/1799 1798/1798/1798
f 1784/1784/1784 1785/1785/1785 1800/1800/1800
f 1785/1785/1785 1801/1801/1801 1800/1800/1800
f 1786/1786/1786 1787/1787/1787 1802/1802/1802
f 1787/1787/1787 1803/1803/1803 1802/1802/1802
f 1788/1788/1788 1789/1789/1789 1804/1804/1804
f 1789/1789/1789 1805/1805/1805 1804/1804/1804
f 1790/1790/1790 1791/1791/1791 1806/1806/1806
f 1791/1791/1791 1807/1807/1807 1806/1806/1806
f 1792/1792/1792 1793/1793/1793 1808/1808/1808
f 1793/1793/1793 1809/1809/1809 1808/1808/1808
f 1794/1794/1794 1795/1795/1795 1810/1810/1810
f 1795/1795/1795 1811/1811/1811 1810/1810/1810
f 1796/1796/1796 1797/1797/1797 1812/1812/1812
f 1797/1797/1797 1813/1813/1813 1812/1812/1812
f 1798/1798/1798 1799/1799/1799 1814/1814/1814
f 1799/1799/1799 1815/1815/1815 1814/1814/1814
f 1800/1800/1800 1801/1801/1801 1816/1816/1816
f 1801/1801/1801 1817/1817/1817 1816/1816/1816
f 1802/1802/1802 1803/1803/1803 1818/1818/1818
f 1803/1803/1803 1819/1819/1819 1818/1818/1818
f 1804/1804/1804 1805/1805/1805 1820/1820/1820
f 1805/1805/1805 1821/1821/1821 1820/1820/1820
f 1806/1806/1806 1807/1807/1807 1822/1822/1822
f 1807/1807/1807 1823/1823/1823 1822/1822/1822
f 1808/1808/1808 1809/1809/1809 1824/1824/1824
f 1809/1809/1809 1825/1825/1825 1824/1824/1824
f 1810/1810/1810 1811/1811/1811 1826/1826/1826
f 1811/1811/1811 1827/1827/1827 1826/1826/1826
f 1812/1812/1812 1813/1813/1813 1828/1828/1828
f 1813/1813/1813 1829/1829/1829 1828/1828/1828
f 1814/1814/1814 1815/1815/1815 1830/1830/1830
f 1815/1815/1815 1831/1831/1831 1830/1830/1830
f 1816/1816/1816 1817/1817/1817 1832/1832/1832
f 1817/1817/1817 1833/1833/1833 1832/1832/1832
f 1818/1818/1818 1819/1819/1819 1834/1834/1834
f 1819/1819/1819 1835/1835/1835 1834/1834/1834
f 1820/1820/1820 1821/1821/1821 1836/1836/1836
f 1821/1821/1821 1837/1837/1837 1836/1836/1836
f 1822/1822/1822 1823/1823/1823 1838/1838/1838
f 1823/1823/1823 1839/1839/1839 1838/1838/1838
f 1824/1824/1824 1825/1825/1825 1840/1840/1840
f 1825/1825/1825 1841/1841/1841 1840/1840/1840
f 1826/1826/1826 1827/1827/1827 1842/1842/1842
f 1827/1827/1827 1843/1843/1843 1842/1842/1842
f 1828/1828/1828 1829/1829/1829 1844/1844/1844
f 1829/1829/1829 1845/1845/1845 1844/1844/1844
f 1830/1830/1830 1831/1831/1831 1846/1846/1846
f 1831/1831/1831 1847/1847/1847 1846/1846/1846
f 1832/1832/1832 1833/1833/1833 1848/1848/1848
f 1833/1833/1833 1849/1849/1849 1848/1848/1848
f 1834/1834/1834 1835/1835/1835 1850/1850/1850
f 1835/1835/1835 1851/1851/1851 1850/1850/1850
f 1836/1836/1836 1837/1837/1837 1852/1852/1852
f 1837/1837/1837 1853/1853/1853 1852/1852/1852
f 1838/1838/1838 1839/1839/1839 1854/1854/1854
f 1839/1839/1839 1855/1855/1855 1854/1854/1854
f 1840/1840/1840 1841/1841/1841 1856/1856/1856
f 1841/1841/1841 1857/1857/1857 1856/1856/1856
f 1842/1842/1842 1843/1843/1843 1858/1858/1858
f 1843/1843/1843 1859/1859/1859 1858/1858/1858
f 1844/1844/1844 1845/1845/1845 1860/1860/1860
f 1845/1845/1845 1861/1861/1861 1860/1860/1860
f 1846/1846/1846 1847/1847/1847 1862/1862/1862
f 1847/1847/1847 1863/1863/1863 1862/1862/1862
f 1848/1848/1848 1849/1849/1849 1864/1864/1864
f 1849/1849/1849 1865/1865/1865 1864/1864/1864
f 1850/1850/1850 1851/1851/1851 1866/1866/1866
f 1851/1851/1851 1867/1867/1867 1866/1866/1866
f 1868/1868/1868 1466/1466/1466 1869/1869/1869
f 1870/1870/1870 1871/1871/1871 1856/1856/1856
f 1868/1868/1868 1467/1467/1467 1466/1466/1466
f 1870/1870/1870 1856/1856/1856 1857/1857/1857
f 1868/1868/1868 1872/1872/1872 1467/1467/1467
f 1870/1870/1870 1857/1857/1857 1873/1873/1873
f 1868/1868/1868 1874/1874/1874 1872/1872/1872
f 1870/1870/1870 1873/1873/1873 1875/1875/1875
f 1868/1868/1868 1876/1876/1876 1874/1874/1874
f 1870/1870/1870 1875/1875/1875 1877/1877/1877
f 1868/1868/1868 1878/1878/1878 1876/1876/1876
f 1870/1870/1870 1877/1877/1877 1879/1879/1879
o S12
v 0.00400000018999 1.44700000262 -0.0154499998316
v 0.00400000018999 1.44700000262 -0.0180500000715
v 0.00398390786722 1.44829000360 -0.0178189501166
v 0.00398390786722 1.44829000360 -0.0204273387790
v 0.00400000018999 1.44700000262 -0.0180500000715
v 0.00380000006407 1.44700000262 -0.0182499997318
v 0.00398390786722 1.44829000360 -0.0204273387790
v 0.00378390797414 1.44829000360 -0.0206273384392
v 0.00380000006407 1.44700000262 -0.0182499997318
v -0.00380000006407 1.44700000262 -0.0182499997318
v 0.00378390797414 1.44829000360 -0.0206273384392
v -0.00378390797414 1.44829000360 -0.0206273384392
v -0.00380000006407 1.44700000262 -0.0182499997318
v -0.00400000018999 1.44700000262 -0.0180500000715
v -0.00378390797414 1.44829000360 -0.0206273384392
v -0.00398390786722 1.44829000360 -0.0204273387790
v -0.00400000018999 1.44700000262 -0.0180500000715
v -0.00400000018999 1.44700000262 -0.0154499998316
v -0.00398390786722 1.44829000360 -0.0204273387790
v -0.00398390786722 1.44829000360 -0.0178189501166
v -0.00400000018999 1.44700000262 -0.0154499998316
v -0.00380000006407 1.44700000262 -0.0152500001714
v -0.00398390786722 1.44829000360 -0.0178189501166
v -0.00378390797414 1.44829000360 -0.0176189504564
v -0.00380000006407 1.44700000262 -0.0152500001714
v 0.00380000006407 1.44700000262 -0.0152500001714
v -0.00378390797414 1.44829000360 -0.0176189504564
v 0.00378390797414 1.44829000360 -0.0176189504564
v 0.00380000006407 1.44700000262 -0.0152500001714
v 0.00400000018999 1.44700000262 -0.0154499998316
v 0.00378390797414 1.44829000360 -0.0176189504564
v 0.00398390786722 1.44829000360 -0.0178189501166
v 0.00391107099131 1.45022500134 -0.0199740584940
v 0.00391107099131 1.45022500134 -0.0225378703326
v 0.00391107099131 1.45022500134 -0.0225378703326
v 0.00371107109822 1.45022500134 -0.0227378699929
v 0.00378390797414 1.44829000360 -0.0206273384392
v -0.00378390797414 1.44829000360 -0.0206273384392
v 0.00371107109822 1.45022500134 -0.0227378699929
v -0.00371107109822 1.45022500134 -0.0227378699929
v -0.00371107109822 1.45022500134 -0.0227378699929
v -0.00391107099131 1.45022500134 -0.0225378703326
v -0.00391107099131 1.45022500134 -0.0225378703326
v -0.00391107099131 1.45022500134 -0.0199740584940
v -0.00391107099131 1.45022500134 -0.0199740584940
v -0.00371107109822 1.45022500134 -0.0197740588337
v -0.00371107109822 1.45022500134 -0.0197740588337
v 0.00371107109822 1.45022500134 -0.0197740588337
v 0.00371107109822 1.45022500134 -0.0197740588337
v 0.00391107099131 1.45022500134 -0.0199740584940
v 0.00372192775831 1.45345000005 -0.0228892378509
v 0.00372192775831 1.45345000005 -0.0252393037081
v 0.00372192775831 1.45345000005 -0.0252393037081
v 0.00352192763239 1.45345000005 -0.0254393033683
v 0.00352192763239 1.45345000005 -0.0254393033683
v -0.00352192763239 1.45345000005 -0.0254393033683
v -0.00352192763239 1.45345000005 -0.0254393033683
v -0.00372192775831 1.45345000005 -0.0252393037081
v -0.00372192775831 1.45345000005 -0.0252393037081
v -0.00372192775831 1.45345000005 -0.0228892378509
v -0.00372192775831 1.45345000005 -0.0228892378509
v -0.00352192763239 1.45345000005 -0.0226892381907
v -0.00352192763239 1.45345000005 -0.0226892381907
v 0.00352192763239 1.45345000005 -0.0226892381907
v 0.00352192763239 1.45345000005 -0.0226892381907
v 0.00372192775831 1.45345000005 -0.0228892378509
v 0.00351514574140 1.45774999833 -0.0261741988361
v 0.00351514574140 1.45774999833 -0.0282040536404
v 0.00372192775831 1.45345000005 -0.0252393037081
v 0.00352192763239 1.45345000005 -0.0254393033683
v 0.00351514574140 1.45774999833 -0.0282040536404
v 0.00331514584832 1.45774999833 -0.0284040533006
v 0.00331514584832 1.45774999833 -0.0284040533006
v -0.00331514584832 1.45774999833 -0.0284040533006
v -0.00352192763239 1.45345000005 -0.0254393033683
v -0.00372192775831 1.45345000005 -0.0252393037081
v -0.00331514584832 1.45774999833 -0.0284040533006
v -0.00351514574140 1.45774999833 -0.0282040536404
v -0.00351514574140 1.45774999833 -0.0282040536404
v -0.00351514574140 1.45774999833 -0.0261741988361
v -0.00351514574140 1.45774999833 -0.0261741988361
v -0.00331514584832 1.45774999833 -0.0259741991758
v -0.00331514584832 1.45774999833 -0.0259741991758
v 0.00331514584832 1.45774999833 -0.0259741991758
v 0.00331514584832 1.45774999833 -0.0259741991758
v 0.00351514574140 1.45774999833 -0.0261741988361
v 0.00350000010803 1.46420000321 -0.0302371606231
v 0.00350000010803 1.46420000321 -0.0321444980800
v 0.00350000010803 1.46420000321 -0.0321444980800
v 0.00329999998212 1.46420000321 -0.0323444977403
v 0.00329999998212 1.46420000321 -0.0323444977403
v -0.00329999998212 1.46420000321 -0.0323444977403
v -0.00329999998212 1.46420000321 -0.0323444977403
v -0.00350000010803 1.46420000321 -0.0321444980800
v -0.00350000010803 1.46420000321 -0.0321444980800
v -0.00350000010803 1.46420000321 -0.0302371606231
v -0.00350000010803 1.46420000321 -0.0302371606231
v -0.00329999998212 1.46420000321 -0.0300371609628
v -0.00329999998212 1.46420000321 -0.0300371609628
v 0.00329999998212 1.46420000321 -0.0300371609628
v 0.00329999998212 1.46420000321 -0.0300371609628
v 0.00350000010803 1.46420000321 -0.0302371606231
v 0.00350000010803 1.47279999977 -0.0348392389715
v 0.00350000010803 1.47279999977 -0.0366672538221
v 0.00350000010803 1.47279999977 -0.0366672538221
v 0.00329999998212 1.47279999977 -0.0368672534823
v 0.00329999998212 1.47279999977 -0.0368672534823
v -0.00329999998212 1.47279999977 -0.0368672534823
v -0.00329999998212 1.47279999977 -0.0368672534823
v -0.00350000010803 1.47279999977 -0.0366672538221
v -0.00350000010803 1.47279999977 -0.0366672538221
v -0.00350000010803 1.47279999977 -0.0348392389715
v -0.00350000010803 1.47279999977 -0.0348392389715
v -0.00329999998212 1.47279999977 -0.0346392393112
v -0.00329999998212 1.47279999977 -0.0346392393112
v 0.00329999998212 1.47279999977 -0.0346392393112
v 0.00329999998212 1.47279999977 -0.0346392393112
v 0.00350000010803 1.47279999977 -0.0348392389715
v 0.00350000010803 1.48570000207 -0.0405878983438
v 0.00350000010803 1.48570000207 -0.0423407256603
v 0.00350000010803 1.48570000207 -0.0423407256603
v 0.00329999998212 1.48570000207 -0.0425407290459
v 0.00329999998212 1.48570000207 -0.0425407290459
v -0.00329999998212 1.48570000207 -0.0425407290459
v -0.00329999998212 1.48570000207 -0.0425407290459
v -0.00350000010803 1.48570000207 -0.0423407256603
v -0.00350000010803 1.48570000207 -0.0423407256603
v -0.00350000010803 1.48570000207 -0.0405878983438
v -0.00350000010803 1.48570000207 -0.0405878983438
v -0.00329999998212 1.48570000207 -0.0403878986835
v -0.00329999998212 1.48570000207 -0.0403878986835
v 0.00329999998212 1.48570000207 -0.0403878986835
v 0.00329999998212 1.48570000207 -0.0403878986835
v 0.00350000010803 1.48570000207 -0.0405878983438
v 0.00350000010803 1.50074999979 -0.0459142886102
v 0.00350000010803 1.50074999979 -0.0476063936949
v 0.00350000010803 1.50074999979 -0.0476063936949
v 0.00329999998212 1.50074999979 -0.0478063933551
v 0.00329999998212 1.50074999979 -0.0478063933551
v -0.00329999998212 1.50074999979 -0.0478063933551
v -0.00329999998212 1.50074999979 -0.0478063933551
v -0.00350000010803 1.50074999979 -0.0476063936949
v -0.00350000010803 1.50074999979 -0.0476063936949
v -0.00350000010803 1.50074999979 -0.0459142886102
v -0.00350000010803 1.50074999979 -0.0459142886102
v -0.00329999998212 1.50074999979 -0.0457142889500
v -0.00329999998212 1.50074999979 -0.0457142889500
v 0.00329999998212 1.50074999979 -0.0457142889500
v 0.00329999998212 1.50074999979 -0.0457142889500
v 0.00350000010803 1.50074999979 -0.0459142886102
v 0.00350000010803 1.51795000038 -0.0503668971360
v 0.00350000010803 1.51795000038 -0.0520098358393
v 0.00350000010803 1.51795000038 -0.0520098358393
v 0.00329999998212 1.51795000038 -0.0522098354995
v 0.00329999998212 1.51795000038 -0.0522098354995
v -0.00329999998212 1.51795000038 -0.0522098354995
v -0.00329999998212 1.51795000038 -0.0522098354995
v -0.00350000010803 1.51795000038 -0.0520098358393
v -0.00350000010803 1.51795000038 -0.0520098358393
v -0.00350000010803 1.51795000038 -0.0503668971360
v -0.00350000010803 1.51795000038 -0.0503668971360
v -0.00329999998212 1.51795000038 -0.0501668974757
v -0.00329999998212 1.51795000038 -0.0501668974757
v 0.00329999998212 1.51795000038 -0.0501668974757
v 0.00329999998212 1.51795000038 -0.0501668974757
v 0.00350000010803 1.51795000038 -0.0503668971360
v 0.00350000010803 1.53730000010 -0.0533499829471
v 0.00350000010803 1.53730000010 -0.0549596101046
v 0.00350000010803 1.53730000010 -0.0549596101046
v 0.00329999998212 1.53730000010 -0.0551596097648
v 0.00329999998212 1.53730000010 -0.0551596097648
v -0.00329999998212 1.53730000010 -0.0551596097648
v -0.00329999998212 1.53730000010 -0.0551596097648
v -0.00350000010803 1.53730000010 -0.0549596101046
v -0.00350000010803 1.53730000010 -0.0549596101046
v -0.00350000010803 1.53730000010 -0.0533499829471
v -0.00350000010803 1.53730000010 -0.0533499829471
v -0.00329999998212 1.53730000010 -0.0531499832869
v -0.00329999998212 1.53730000010 -0.0531499832869
v 0.00329999998212 1.53730000010 -0.0531499832869
v 0.00329999998212 1.53730000010 -0.0531499832869
v 0.00350000010803 1.53730000010 -0.0533499829471
v 0.00350000010803 1.55449999999 -0.0542000010610
v 0.00350000010803 1.55449999999 -0.0557999983430
v 0.00350000010803 1.53730000010 -0.0549596101046
v 0.00329999998212 1.53730000010 -0.0551596097648
v 0.00350000010803 1.55449999999 -0.0557999983430
v 0.00329999998212 1.55449999999 -0.0560000017285
v 0.00329999998212 1.53730000010 -0.0551596097648
v -0.00329999998212 1.53730000010 -0.0551596097648
v 0.00329999998212 1.55449999999 -0.0560000017285
v -0.00329999998212 1.55449999999 -0.0560000017285
v -0.00329999998212 1.53730000010 -0.0551596097648
v -0.00350000010803 1.53730000010 -0.0549596101046
v -0.00329999998212 1.55449999999 -0.0560000017285
v -0.00350000010803 1.55449999999 -0.0557999983430
v -0.00350000010803 1.55449999999 -0.0557999983430
v -0.00350000010803 1.55449999999 -0.0542000010610
v -0.00350000010803 1.53730000010 -0.0533499829471
v -0.00329999998212 1.53730000010 -0.0531499832869
v -0.00350000010803 1.55449999999 -0.0542000010610
v -0.00329999998212 1.55449999999 -0.0540000014007
v -0.00329999998212 1.53730000010 -0.0531499832869
v 0.00329999998212 1.53730000010 -0.0531499832869
v -0.00329999998212 1.55449999999 -0.0540000014007
v 0.00329999998212 1.55449999999 -0.0540000014007
v 0.00329999998212 1.53730000010 -0.0531499832869
v 0.00350000010803 1.53730000010 -0.0533499829471
v 0.00329999998212 1.55449999999 -0.0540000014007
v 0.00350000010803 1.55449999999 -0.0542000010610
v 0.00350000010803 1.57169999941 -0.0533499829471
v 0.00350000010803 1.57169999941 -0.0549596101046
v 0.00350000010803 1.55449999999 -0.0557999983430
v 0.00329999998212 1.55449999999 -0.0560000017285
v 0.00350000010803 1.57169999941 -0.0549596101046
v 0.00329999998212 1.57169999941 -0.0551596097648
v 0.00329999998212 1.55449999999 -0.0560000017285
v -0.00329999998212 1.55449999999 -0.0560000017285
v 0.00329999998212 1.57169999941 -0.0551596097648
v -0.00329999998212 1.57169999941 -0.0551596097648
v -0.00329999998212 1.55449999999 -0.0560000017285
v -0.00350000010803 1.55449999999 -0.0557999983430
v -0.00329999998212 1.57169999941 -0.0551596097648
v -0.00350000010803 1.57169999941 -0.0549596101046
v -0.00350000010803 1.57169999941 -0.0549596101046
v -0.00350000010803 1.57169999941 -0.0533499829471
v -0.00350000010803 1.55449999999 -0.0542000010610
v -0.00329999998212 1.55449999999 -0.0540000014007
v -0.00350000010803 1.57169999941 -0.0533499829471
v -0.00329999998212 1.57169999941 -0.0531499832869
v -0.00329999998212 1.55449999999 -0.0540000014007
v 0.00329999998212 1.55449999999 -0.0540000014007
v -0.00329999998212 1.57169999941 -0.0531499832869
v 0.00329999998212 1.57169999941 -0.0531499832869
v 0.00329999998212 1.55449999999 -0.0540000014007
v 0.00350000010803 1.55449999999 -0.0542000010610
v 0.00329999998212 1.57169999941 -0.0531499832869
v 0.00350000010803 1.57169999941 -0.0533499829471
v 0.00350000010803 1.59105000100 -0.0503668971360
v 0.00350000010803 1.59105000100 -0.0520098358393
v 0.00350000010803 1.57169999941 -0.0549596101046
v 0.00329999998212 1.57169999941 -0.0551596097648
v 0.00350000010803 1.59105000100 -0.0520098358393
v 0.00329999998212 1.59105000100 -0.0522098354995
v 0.00329999998212 1.57169999941 -0.0551596097648
v -0.00329999998212 1.57169999941 -0.0551596097648
v 0.00329999998212 1.59105000100 -0.0522098354995
v -0.00329999998212 1.59105000100 -0.0522098354995
v -0.00329999998212 1.57169999941 -0.0551596097648
v -0.00350000010803 1.57169999941 -0.0549596101046
v -0.00329999998212 1.59105000100 -0.0522098354995
v -0.00350000010803 1.59105000100 -0.0520098358393
v -0.00350000010803 1.59105000100 -0.0520098358393
v -0.00350000010803 1.59105000100 -0.0503668971360
v -0.00350000010803 1.57169999941 -0.0533499829471
v -0.00329999998212 1.57169999941 -0.0531499832869
v -0.00350000010803 1.59105000100 -0.0503668971360
v -0.00329999998212 1.59105000100 -0.0501668974757
v -0.00329999998212 1.57169999941 -0.0531499832869
v 0.00329999998212 1.57169999941 -0.0531499832869
v -0.00329999998212 1.59105000100 -0.0501668974757
v 0.00329999998212 1.59105000100 -0.0501668974757
v 0.00329999998212 1.57169999941 -0.0531499832869
v 0.00350000010803 1.57169999941 -0.0533499829471
v 0.00329999998212 1.59105000100 -0.0501668974757
v 0.00350000010803 1.59105000100 -0.0503668971360
v 0.00350000010803 1.60825000158 -0.0459142886102
v 0.00350000010803 1.60825000158 -0.0476063936949
v 0.00350000010803 1.60825000158 -0.0476063936949
v 0.00329999998212 1.60825000158 -0.0478063933551
v 0.00329999998212 1.60825000158 -0.0478063933551
v -0.00329999998212 1.60825000158 -0.0478063933551
v -0.00329999998212 1.60825000158 -0.0478063933551
v -0.00350000010803 1.60825000158 -0.0476063936949
v -0.00350000010803 1.60825000158 -0.0476063936949
v -0.00350000010803 1.60825000158 -0.0459142886102
v -0.00350000010803 1.60825000158 -0.0459142886102
v -0.00329999998212 1.60825000158 -0.0457142889500
v -0.00329999998212 1.60825000158 -0.0457142889500
v 0.00329999998212 1.60825000158 -0.0457142889500
v 0.00329999998212 1.60825000158 -0.0457142889500
v 0.00350000010803 1.60825000158 -0.0459142886102
v 0.00350000010803 1.62329999930 -0.0405878983438
v 0.00350000010803 1.62329999930 -0.0423407256603
v 0.00350000010803 1.62329999930 -0.0423407256603
v 0.00329999998212 1.62329999930 -0.0425407290459
v 0.00329999998212 1.62329999930 -0.0425407290459
v -0.00329999998212 1.62329999930 -0.0425407290459
v -0.00329999998212 1.62329999930 -0.0425407290459
v -0.00350000010803 1.62329999930 -0.0423407256603
v -0.00350000010803 1.62329999930 -0.0423407256603
v -0.00350000010803 1.62329999930 -0.0405878983438
v -0.00350000010803 1.62329999930 -0.0405878983438
v -0.00329999998212 1.62329999930 -0.0403878986835
v -0.00329999998212 1.62329999930 -0.0403878986835
v 0.00329999998212 1.62329999930 -0.0403878986835
v 0.00329999998212 1.62329999930 -0.0403878986835
v 0.00350000010803 1.62329999930 -0.0405878983438
v 0.00350000010803 1.63620000160 -0.0348392389715
v 0.00350000010803 1.63620000160 -0.0366672538221
v 0.00350000010803 1.63620000160 -0.0366672538221
v 0.00329999998212 1.63620000160 -0.0368672534823
v 0.00329999998212 1.63620000160 -0.0368672534823
v -0.00329999998212 1.63620000160 -0.0368672534823
v -0.00329999998212 1.63620000160 -0.0368672534823
v -0.00350000010803 1.63620000160 -0.0366672538221
v -0.00350000010803 1.63620000160 -0.0366672538221
v -0.00350000010803 1.63620000160 -0.0348392389715
v -0.00350000010803 1.63620000160 -0.0348392389715
v -0.00329999998212 1.63620000160 -0.0346392393112
v -0.00329999998212 1.63620000160 -0.0346392393112
v 0.00329999998212 1.63620000160 -0.0346392393112
v 0.00329999998212 1.63620000160 -0.0346392393112
v 0.00350000010803 1.63620000160 -0.0348392389715
v 0.00350000010803 1.64479999816 -0.0302371606231
v 0.00350000010803 1.64479999816 -0.0321444980800
v 0.00350000010803 1.64479999816 -0.0321444980800
v 0.00329999998212 1.64479999816 -0.0323444977403
v 0.00329999998212 1.64479999816 -0.0323444977403
v -0.00329999998212 1.64479999816 -0.0323444977403
v -0.00329999998212 1.64479999816 -0.0323444977403
v -0.00350000010803 1.64479999816 -0.0321444980800
v -0.00350000010803 1.64479999816 -0.0321444980800
v -0.00350000010803 1.64479999816 -0.0302371606231
v -0.00350000010803 1.64479999816 -0.0302371606231
v -0.00329999998212 1.64479999816 -0.0300371609628
v -0.00329999998212 1.64479999816 -0.0300371609628
v 0.00329999998212 1.64479999816 -0.0300371609628
v 0.00329999998212 1.64479999816 -0.0300371609628
v 0.00350000010803 1.64479999816 -0.0302371606231
v 0.00351514574140 1.65125000304 -0.0261741988361
v 0.00351514574140 1.65125000304 -0.0282040536404
v 0.00351514574140 1.65125000304 -0.0282040536404
v 0.00331514584832 1.65125000304 -0.0284040533006
v 0.00331514584832 1.65125000304 -0.0284040533006
v -0.00331514584832 1.65125000304 -0.0284040533006
v -0.00331514584832 1.65125000304 -0.0284040533006
v -0.00351514574140 1.65125000304 -0.0282040536404
v -0.00351514574140 1.65125000304 -0.0282040536404
v -0.00351514574140 1.65125000304 -0.0261741988361
v -0.00351514574140 1.65125000304 -0.0261741988361
v -0.00331514584832 1.65125000304 -0.0259741991758
v -0.00331514584832 1.65125000304 -0.0259741991758
v 0.00331514584832 1.65125000304 -0.0259741991758
v 0.00331514584832 1.65125000304 -0.0259741991758
v 0.00351514574140 1.65125000304 -0.0261741988361
v 0.00372192775831 1.65555000132 -0.0228892378509
v 0.00372192775831 1.65555000132 -0.0252393037081
v 0.00372192775831 1.65555000132 -0.0252393037081
v 0.00352192763239 1.65555000132 -0.0254393033683
v 0.00352192763239 1.65555000132 -0.0254393033683
v -0.00352192763239 1.65555000132 -0.0254393033683
v -0.00352192763239 1.65555000132 -0.0254393033683
v -0.00372192775831 1.65555000132 -0.0252393037081
v -0.00372192775831 1.65555000132 -0.0252393037081
v -0.00372192775831 1.65555000132 -0.0228892378509
v -0.00372192775831 1.65555000132 -0.0228892378509
v -0.00352192763239 1.65555000132 -0.0226892381907
v -0.00352192763239 1.65555000132 -0.0226892381907
v 0.00352192763239 1.65555000132 -0.0226892381907
v 0.00352192763239 1.65555000132 -0.0226892381907
v 0.00372192775831 1.65555000132 -0.0228892378509
v 0.00391107099131 1.65877500004 -0.0199740584940
v 0.00391107099131 1.65877500004 -0.0225378703326
v 0.00391107099131 1.65877500004 -0.0225378703326
v 0.00371107109822 1.65877500004 -0.0227378699929
v 0.00371107109822 1.65877500004 -0.0227378699929
v -0.00371107109822 1.65877500004 -0.0227378699929
v -0.00371107109822 1.65877500004 -0.0227378699929
v -0.00391107099131 1.65877500004 -0.0225378703326
v -0.00391107099131 1.65877500004 -0.0225378703326
v -0.00391107099131 1.65877500004 -0.0199740584940
v -0.00391107099131 1.65877500004 -0.0199740584940
v -0.00371107109822 1.65877500004 -0.0197740588337
v -0.00371107109822 1.65877500004 -0.0197740588337
v 0.00371107109822 1.65877500004 -0.0197740588337
v 0.00371107109822 1.65877500004 -0.0197740588337
v 0.00391107099131 1.65877500004 -0.0199740584940
v 0.00398390786722 1.66070999777 -0.0178189501166
v 0.00398390786722 1.66070999777 -0.0204273387790
v 0.00398390786722 1.66070999777 -0.0204273387790
v 0.00378390797414 1.66070999777 -0.0206273384392
v 0.00378390797414 1.66070999777 -0.0206273384392
v -0.00378390797414 1.66070999777 -0.0206273384392
v -0.00378390797414 1.66070999777 -0.0206273384392
v -0.00398390786722 1.66070999777 -0.0204273387790
v -0.00398390786722 1.66070999777 -0.0204273387790
v -0.00398390786722 1.66070999777 -0.0178189501166
v -0.00398390786722 1.66070999777 -0.0178189501166
v -0.00378390797414 1.66070999777 -0.0176189504564
v -0.00378390797414 1.66070999777 -0.0176189504564
v 0.00378390797414 1.66070999777 -0.0176189504564
v 0.00378390797414 1.66070999777 -0.0176189504564
v 0.00398390786722 1.66070999777 -0.0178189501166
v 0.00400000018999 1.66199999875 -0.0154499998316
v 0.00400000018999 1.66199999875 -0.0180500000715
v 0.00400000018999 1.66199999875 -0.0180500000715
v 0.00380000006407 1.66199999875 -0.0182499997318
v 0.00380000006407 1.66199999875 -0.0182499997318
v -0.00380000006407 1.66199999875 -0.0182499997318
v -0.00380000006407 1.66199999875 -0.0182499997318
v -0.00400000018999 1.66199999875 -0.0180500000715
v -0.00400000018999 1.66199999875 -0.0180500000715
v -0.00400000018999 1.66199999875 -0.0154499998316
v -0.00400000018999 1.66199999875 -0.0154499998316
v -0.00380000006407 1.66199999875 -0.0152500001714
v -0.00380000006407 1.66199999875 -0.0152500001714
v 0.00380000006407 1.66199999875 -0.0152500001714
v 0.00380000006407 1.66199999875 -0.0152500001714
v 0.00400000018999 1.66199999875 -0.0154499998316
v 0.00400000018999 1.44700000262 -0.0154499998316
v 0.00400000018999 1.44700000262 -0.0180500000715
v 0.00400000018999 1.66199999875 -0.0154499998316
v 0.00400000018999 1.66199999875 -0.0180500000715
v -0.00400000018999 1.44700000262 -0.0180500000715
v -0.00400000018999 1.66199999875 -0.0180500000715
v -0.00400000018999 1.44700000262 -0.0154499998316
v -0.00400000018999 1.66199999875 -0.0154499998316
v -0.00380000006407 1.44700000262 -0.0152500001714
v -0.00380000006407 1.66199999875 -0.0152500001714
v 0.00380000006407 1.44700000262 -0.0152500001714
v 0.00380000006407 1.66199999875 -0.0152500001714
vt 0 0
vt 0.125 0
vt 0 0.006000000052154064
vt 0.125 0.006000000052154064
vt 0.125 0
vt 0.25 0
vt 0.125 0.006000000052154064
vt 0.25 0.006000000052154064
vt 0.25 0
vt 0.375 0
vt 0.25 0.006000000052154064
vt 0.375 0.006000000052154064
vt 0.375 0
vt 0.5 0
vt 0.375 0.006000000052154064
vt 0.5 0.006000000052154064
vt 0.5 0
vt 0.625 0
vt 0.5 0.006000000052154064
vt 0.625 0.006000000052154064
vt 0.625 0
vt 0.75 0
vt 0.625 0.006000000052154064
vt 0.75 0.006000000052154064
vt 0.75 0
vt 0.875 0
vt 0.75 0.006000000052154064
vt 0.875 0.006000000052154064
vt 0.875 0
vt 0 0
vt 0.875 0.006000000052154064
vt 0 0.006000000052154064
vt 0 0.014999999664723873
vt 0.125 0.014999999664723873
vt 0.125 0.014999999664723873
vt 0.25 0.014999999664723873
vt 0.25 0.006000000052154064
vt 0.375 0.006000000052154064
vt 0.25 0.014999999664723873
vt 0.375 0.014999999664723873
vt 0.375 0.014999999664723873
vt 0.5 0.014999999664723873
vt 0.5 0.014999999664723873
vt 0.625 0.014999999664723873
vt 0.625 0.014999999664723873
vt 0.75 0.014999999664723873
vt 0.75 0.014999999664723873
vt 0.875 0.014999999664723873
vt 0.875 0.014999999664723873
vt 0 0.014999999664723873
vt 0 0.029999999329447746
vt 0.125 0.029999999329447746
vt 0.125 0.029999999329447746
vt 0.25 0.029999999329447746
vt 0.25 0.029999999329447746
vt 0.375 0.029999999329447746
vt 0.375 0.029999999329447746
vt 0.5 0.029999999329447746
vt 0.5 0.029999999329447746
vt 0.625 0.029999999329447746
vt 0.625 0.029999999329447746
vt 0.75 0.029999999329447746
vt 0.75 0.029999999329447746
vt 0.875 0.029999999329447746
vt 0.875 0.029999999329447746
vt 0 0.029999999329447746
vt 0 0.05000000074505806
vt 0.125 0.05000000074505806
vt 0.125 0.029999999329447746
vt 0.25 0.029999999329447746
vt 0.125 0.05000000074505806
vt 0.25 0.05000000074505806
vt 0.25 0.05000000074505806
vt 0.375 0.05000000074505806
vt 0.375 0.029999999329447746
vt 0.5 0.029999999329447746
vt 0.375 0.05000000074505806
vt 0.5 0.05000000074505806
vt 0.5 0.05000000074505806
vt 0.625 0.05000000074505806
vt 0.625 0.05000000074505806
vt 0.75 0.05000000074505806
vt 0.75 0.05000000074505806
vt 0.875 0.05000000074505806
vt 0.875 0.05000000074505806
vt 0 0.05000000074505806
vt 0 0.07999999821186066
vt 0.125 0.07999999821186066
vt 0.125 0.07999999821186066
vt 0.25 0.07999999821186066
vt 0.25 0.07999999821186066
vt 0.375 0.07999999821186066
vt 0.375 0.07999999821186066
vt 0.5 0.07999999821186066
vt 0.5 0.07999999821186066
vt 0.625 0.07999999821186066
vt 0.625 0.07999999821186066
vt 0.75 0.07999999821186066
vt 0.75 0.07999999821186066
vt 0.875 0.07999999821186066
vt 0.875 0.07999999821186066
vt 0 0.07999999821186066
vt 0 0.11999999731779099
vt 0.125 0.11999999731779099
vt 0.125 0.11999999731779099
vt 0.25 0.11999999731779099
vt 0.25 0.11999999731779099
vt 0.375 0.11999999731779099
vt 0.375 0.11999999731779099
vt 0.5 0.11999999731779099
vt 0.5 0.11999999731779099
vt 0.625 0.11999999731779099
vt 0.625 0.11999999731779099
vt 0.75 0.11999999731779099
vt 0.75 0.11999999731779099
vt 0.875 0.11999999731779099
vt 0.875 0.11999999731779099
vt 0 0.11999999731779099
vt 0 0.18000000715255737
vt 0.125 0.18000000715255737
vt 0.125 0.18000000715255737
vt 0.25 0.18000000715255737
vt 0.25 0.18000000715255737
vt 0.375 0.18000000715255737
vt 0.375 0.18000000715255737
vt 0.5 0.18000000715255737
vt 0.5 0.18000000715255737
vt 0.625 0.18000000715255737
vt 0.625 0.18000000715255737
vt 0.75 0.18000000715255737
vt 0.75 0.18000000715255737
vt 0.875 0.18000000715255737
vt 0.875 0.18000000715255737
vt 0 0.18000000715255737
vt 0 0.25
vt 0.125 0.25
vt 0.125 0.25
vt 0.25 0.25
vt 0.25 0.25
vt 0.375 0.25
vt 0.375 0.25
vt 0.5 0.25
vt 0.5 0.25
vt 0.625 0.25
vt 0.625 0.25
vt 0.75 0.25
vt 0.75 0.25
vt 0.875 0.25
vt 0.875 0.25
vt 0 0.25
vt 0 0.33000001311302185
vt 0.125 0.33000001311302185
vt 0.125 0.33000001311302185
vt 0.25 0.33000001311302185
vt 0.25 0.33000001311302185
vt 0.375 0.33000001311302185
vt 0.375 0.33000001311302185
vt 0.5 0.33000001311302185
vt 0.5 0.33000001311302185
vt 0.625 0.33000001311302185
vt 0.625 0.33000001311302185
vt 0.75 0.33000001311302185
vt 0.75 0.33000001311302185
vt 0.875 0.33000001311302185
vt 0.875 0.33000001311302185
vt 0 0.33000001311302185
vt 0 0.41999998688697815
vt 0.125 0.41999998688697815
vt 0.125 0.41999998688697815
vt 0.25 0.41999998688697815
vt 0.25 0.41999998688697815
vt 0.375 0.41999998688697815
vt 0.375 0.41999998688697815
vt 0.5 0.41999998688697815
vt 0.5 0.41999998688697815
vt 0.625 0.41999998688697815
vt 0.625 0.41999998688697815
vt 0.75 0.41999998688697815
vt 0.75 0.41999998688697815
vt 0.875 0.41999998688697815
vt 0.875 0.41999998688697815
vt 0 0.41999998688697815
vt 0 0.5
vt 0.125 0.5
vt 0.125 0.41999998688697815
vt 0.25 0.41999998688697815
vt 0.125 0.5
vt 0.25 0.5
vt 0.25 0.41999998688697815
vt 0.375 0.41999998688697815
vt 0.25 0.5
vt 0.375 0.5
vt 0.375 0.41999998688697815
vt 0.5 0.41999998688697815
vt 0.375 0.5
vt 0.5 0.5
vt 0.5 0.5
vt 0.625 0.5
vt 0.625 0.41999998688697815
vt 0.75 0.41999998688697815
vt 0.625 0.5
vt 0.75 0.5
vt 0.75 0.41999998688697815
vt 0.875 0.41999998688697815
vt 0.75 0.5
vt 0.875 0.5
vt 0.875 0.41999998688697815
vt 0 0.41999998688697815
vt 0.875 0.5
vt 0 0.5
vt 0 0.5799999833106995
vt 0.125 0.5799999833106995
vt 0.125 0.5
vt 0.25 0.5
vt 0.125 0.5799999833106995
vt 0.25 0.5799999833106995
vt 0.25 0.5
vt 0.375 0.5
vt 0.25 0.5799999833106995
vt 0.375 0.5799999833106995
vt 0.375 0.5
vt 0.5 0.5
vt 0.375 0.5799999833106995
vt 0.5 0.5799999833106995
vt 0.5 0.5799999833106995
vt 0.625 0.5799999833106995
vt 0.625 0.5
vt 0.75 0.5
vt 0.625 0.5799999833106995
vt 0.75 0.5799999833106995
vt 0.75 0.5
vt 0.875 0.5
vt 0.75 0.5799999833106995
vt 0.875 0.5799999833106995
vt 0.875 0.5
vt 0 0.5
vt 0.875 0.5799999833106995
vt 0 0.5799999833106995
vt 0 0.6700000166893005
vt 0.125 0.6700000166893005
vt 0.125 0.5799999833106995
vt 0.25 0.5799999833106995
vt 0.125 0.6700000166893005
vt 0.25 0.6700000166893005
vt 0.25 0.5799999833106995
vt 0.375 0.5799999833106995
vt 0.25 0.6700000166893005
vt 0.375 0.6700000166893005
vt 0.375 0.5799999833106995
vt 0.5 0.5799999833106995
vt 0.375 0.6700000166893005
vt 0.5 0.6700000166893005
vt 0.5 0.6700000166893005
vt 0.625 0.6700000166893005
vt 0.625 0.5799999833106995
vt 0.75 0.5799999833106995
vt 0.625 0.6700000166893005
vt 0.75 0.6700000166893005
vt 0.75 0.5799999833106995
vt 0.875 0.5799999833106995
vt 0.75 0.6700000166893005
vt 0.875 0.6700000166893005
vt 0.875 0.5799999833106995
vt 0 0.5799999833106995
vt 0.875 0.6700000166893005
vt 0 0.6700000166893005
vt 0 0.75
vt 0.125 0.75
vt 0.125 0.75
vt 0.25 0.75
vt 0.25 0.75
vt 0.375 0.75
vt 0.375 0.75
vt 0.5 0.75
vt 0.5 0.75
vt 0.625 0.75
vt 0.625 0.75
vt 0.75 0.75
vt 0.75 0.75
vt 0.875 0.75
vt 0.875 0.75
vt 0 0.75
vt 0 0.8199999928474426
vt 0.125 0.8199999928474426
vt 0.125 0.8199999928474426
vt 0.25 0.8199999928474426
vt 0.25 0.8199999928474426
vt 0.375 0.8199999928474426
vt 0.375 0.8199999928474426
vt 0.5 0.8199999928474426
vt 0.5 0.8199999928474426
vt 0.625 0.8199999928474426
vt 0.625 0.8199999928474426
vt 0.75 0.8199999928474426
vt 0.75 0.8199999928474426
vt 0.875 0.8199999928474426
vt 0.875 0.8199999928474426
vt 0 0.8199999928474426
vt 0 0.8799999952316284
vt 0.125 0.8799999952316284
vt 0.125 0.8799999952316284
vt 0.25 0.8799999952316284
vt 0.25 0.8799999952316284
vt 0.375 0.8799999952316284
vt 0.375 0.8799999952316284
vt 0.5 0.8799999952316284
vt 0.5 0.8799999952316284
vt 0.625 0.8799999952316284
vt 0.625 0.8799999952316284
vt 0.75 0.8799999952316284
vt 0.75 0.8799999952316284
vt 0.875 0.8799999952316284
vt 0.875 0.8799999952316284
vt 0 0.8799999952316284
vt 0 0.9200000166893005
vt 0.125 0.9200000166893005
vt 0.125 0.9200000166893005
vt 0.25 0.9200000166893005
vt 0.25 0.9200000166893005
vt 0.375 0.9200000166893005
vt 0.375 0.9200000166893005
vt 0.5 0.9200000166893005
vt 0.5 0.9200000166893005
vt 0.625 0.9200000166893005
vt 0.625 0.9200000166893005
vt 0.75 0.9200000166893005
vt 0.75 0.9200000166893005
vt 0.875 0.9200000166893005
vt 0.875 0.9200000166893005
vt 0 0.9200000166893005
vt 0 0.949999988079071
vt 0.125 0.949999988079071
vt 0.125 0.949999988079071
vt 0.25 0.949999988079071
vt 0.25 0.949999988079071
vt 0.375 0.949999988079071
vt 0.375 0.949999988079071
vt 0.5 0.949999988079071
vt 0.5 0.949999988079071
vt 0.625 0.949999988079071
vt 0.625 0.949999988079071
vt 0.75 0.949999988079071
vt 0.75 0.949999988079071
vt 0.875 0.949999988079071
vt 0.875 0.949999988079071
vt 0 0.949999988079071
vt 0 0.9700000286102295
vt 0.125 0.9700000286102295
vt 0.125 0.9700000286102295
vt 0.25 0.9700000286102295
vt 0.25 0.9700000286102295
vt 0.375 0.9700000286102295
vt 0.375 0.9700000286102295
vt 0.5 0.9700000286102295
vt 0.5 0.9700000286102295
vt 0.625 0.9700000286102295
vt 0.625 0.9700000286102295
vt 0.75 0.9700000286102295
vt 0.75 0.9700000286102295
vt 0.875 0.9700000286102295
vt 0.875 0.9700000286102295
vt 0 0.9700000286102295
vt 0 0.9850000143051147
vt 0.125 0.9850000143051147
vt 0.125 0.9850000143051147
vt 0.25 0.9850000143051147
vt 0.25 0.9850000143051147
vt 0.375 0.9850000143051147
vt 0.375 0.9850000143051147
vt 0.5 0.9850000143051147
vt 0.5 0.9850000143051147
vt 0.625 0.9850000143051147
vt 0.625 0.9850000143051147
vt 0.75 0.9850000143051147
vt 0.75 0.9850000143051147
vt 0.875 0.9850000143051147
vt 0.875 0.9850000143051147
vt 0 0.9850000143051147
vt 0 0.9940000176429749
vt 0.125 0.9940000176429749
vt 0.125 0.9940000176429749
vt 0.25 0.9940000176429749
vt 0.25 0.9940000176429749
vt 0.375 0.9940000176429749
vt 0.375 0.9940000176429749
vt 0.5 0.9940000176429749
vt 0.5 0.9940000176429749
vt 0.625 0.9940000176429749
vt 0.625 0.9940000176429749
vt 0.75 0.9940000176429749
vt 0.75 0.9940000176429749
vt 0.875 0.9940000176429749
vt 0.875 0.9940000176429749
vt 0 0.9940000176429749
vt 0 1
vt 0.125 1
vt 0.125 1
vt 0.25 1
vt 0.25 1
vt 0.375 1
vt 0.375 1
vt 0.5 1
vt 0.5 1
vt 0.625 1
vt 0.625 1
vt 0.75 1
vt 0.75 1
vt 0.875 1
vt 0.875 1
vt 0 1
vt 0 0
vt 0.125 0
vt 0 1
vt 0.125 1
vt 0.5 0
vt 0.5 1
vt 0.625 0
vt 0.625 1
vt 0.75 0
vt 0.75 1
vt 0.875 0
vt 0.875 1
vn 0.999662539460 0.0259770514302 1.22423352918e-16
vn 0.999662539460 0.0259770514302 1.22423352918e-16
vn 0.999662539460 0.0259770514302 1.22423352918e-16
vn 0.998901890498 0.0468509675364 1.22330200286e-16
vn 0.0558836078630 -0.991495176164 -0.117534412050
vn 0.0558836078630 -0.991495176164 -0.117534412050
vn 0.305513562677 -0.670395080454 -0.676189248009
vn 0.305513562677 -0.670395080454 -0.676189248009
vn 1.03860324629e-9 -0.987663291559 -0.156592536562
vn 1.03860324629e-9 -0.987663291559 -0.156592536562
vn -6.32202581157e-10 -0.718067870013 -0.695973084290
vn -6.32202581157e-10 -0.718067870013 -0.695973084290
vn -0.0558836078630 -0.991495176164 -0.117534412050
vn -0.0558836078630 -0.991495176164 -0.117534412050
vn -0.305513562677 -0.670395080454 -0.676189248009
vn -0.305513562677 -0.670395080454 -0.676189248009
vn -0.999516332018 0.0310982640759 -1.22405447670e-16
vn -0.999516332018 0.0310982640759 -1.22405447670e-16
vn -0.999074529035 0.0430126194643 -1.22351342409e-16
vn -0.999516332018 0.0310982640759 -1.22405447670e-16
vn -0.265945760096 0.767250054401 0.583609635552
vn -0.265945760096 0.767250054401 0.583609635552
vn -0.265945760096 0.767250054401 0.583609635552
vn -0.265945760096 0.767250054401 0.583609635552
vn -3.43657066031e-10 0.797925950171 0.602755487776
vn -3.43657066031e-10 0.797925950171 0.602755487776
vn -3.43657066031e-10 0.797925950171 0.602755487776
vn -3.43657066031e-10 0.797925950171 0.602755487776
vn 0.265945760096 0.767250054401 0.583609635552
vn 0.265945760096 0.767250054401 0.583609635552
vn 0.265945760096 0.767250054401 0.583609635552
vn 0.265945760096 0.767250054401 0.583609635552
vn 0.999662539460 0.0259770514302 1.22423352918e-16
vn 0.998901890498 0.0468509675364 1.22330200286e-16
vn 0.305513562677 -0.670395080454 -0.676189248009
vn 0.305513562677 -0.670395080454 -0.676189248009
vn -3.72974954995e-10 -0.702243928735 -0.711936418899
vn -3.72974954995e-10 -0.702243928735 -0.711936418899
vn -3.72974954995e-10 -0.702243928735 -0.711936418899
vn -3.72974954995e-10 -0.702243928735 -0.711936418899
vn -0.305513562677 -0.670395080454 -0.676189248009
vn -0.305513562677 -0.670395080454 -0.676189248009
vn -0.999074529035 0.0430126194643 -1.22351342409e-16
vn -0.999516332018 0.0310982640759 -1.22405447670e-16
vn -0.265945760096 0.767250054401 0.583609635552
vn -0.265945760096 0.767250054401 0.583609635552
vn -3.43657066031e-10 0.797925950171 0.602755487776
vn -3.43657066031e-10 0.797925950171 0.602755487776
vn 0.265945760096 0.767250054401 0.583609635552
vn 0.265945760096 0.767250054401 0.583609635552
vn 0.998901890498 0.0468509675364 1.22330200286e-16
vn 0.998901890498 0.0468509675364 1.22330200286e-16
vn 0.305513562677 -0.670395080454 -0.676189248009
vn 0.305513562677 -0.670395080454 -0.676189248009
vn -3.72974954995e-10 -0.702243928735 -0.711936418899
vn -3.72974954995e-10 -0.702243928735 -0.711936418899
vn -0.305513562677 -0.670395080454 -0.676189248009
vn -0.305513562677 -0.670395080454 -0.676189248009
vn -0.999074529035 0.0430126194643 -1.22351342409e-16
vn -0.999074529035 0.0430126194643 -1.22351342409e-16
vn -0.315875379577 0.616653379549 0.721083458462
vn -0.315875379577 0.616653379549 0.721083458462
vn 1.54044776039e-9 0.653957295739 0.756531463556
vn 1.54044776039e-9 0.653957295739 0.756531463556
vn 0.315875379577 0.616653379549 0.721083458462
vn 0.315875379577 0.616653379549 0.721083458462
vn 0.999682496848 0.0251973311343 1.22425796993e-16
vn 0.999682496848 0.0251973311343 1.22425796993e-16
vn 0.332092652637 -0.644095141924 -0.689097901763
vn 0.332092652637 -0.644095141924 -0.689097901763
vn 0.344539707460 -0.505368002407 -0.791135621829
vn 0.344539707460 -0.505368002407 -0.791135621829
vn -1.00959462759e-9 -0.535801822523 -0.844343772986
vn -1.00959462759e-9 -0.535801822523 -0.844343772986
vn -0.332092652637 -0.644095141924 -0.689097901763
vn -0.332092652637 -0.644095141924 -0.689097901763
vn -0.344539707460 -0.505368002407 -0.791135621829
vn -0.344539707460 -0.505368002407 -0.791135621829
vn -0.999682496848 0.0251973311343 -1.22425796993e-16
vn -0.999682496848 0.0251973311343 -1.22425796993e-16
vn -0.334289612152 0.543406250964 0.770039026037
vn -0.334289612152 0.543406250964 0.770039026037
vn -1.06397799639e-9 0.578906352260 0.815394036839
vn -1.06397799639e-9 0.578906352260 0.815394036839
vn 0.334289612152 0.543406250964 0.770039026037
vn 0.334289612152 0.543406250964 0.770039026037
vn 0.999999310772 0.00117407684011 1.22464595509e-16
vn 0.999999310772 0.00117407684011 1.22464595509e-16
vn 0.350422623140 -0.462132814667 -0.814639335412
vn 0.350422623140 -0.462132814667 -0.814639335412
vn 4.00041575674e-10 -0.493327703326 -0.869843536006
vn 4.00041575674e-10 -0.493327703326 -0.869843536006
vn -0.350422623140 -0.462132814667 -0.814639335412
vn -0.350422623140 -0.462132814667 -0.814639335412
vn -0.999999310772 0.00117407684011 -1.22464595509e-16
vn -0.999999310772 0.00117407684011 -1.22464595509e-16
vn -0.348790189714 0.471554058746 0.809927264166
vn -0.348790189714 0.471554058746 0.809927264166
vn 4.07306131323e-10 0.503324321025 0.864097580059
vn 4.07306131323e-10 0.503324321025 0.864097580059
vn 0.348790194616 0.471554035570 0.809927275548
vn 0.348790194616 0.471554035570 0.809927275548
vn 1.00000000000 0.00000000000 1.22464679915e-16
vn 1.00000000000 0.00000000000 1.22464679915e-16
vn 0.358476575382 -0.405519540771 -0.840861728797
vn 0.358476575382 -0.405519540771 -0.840861728797
vn 2.62229159700e-9 -0.434430299803 -0.900705453860
vn 2.62229159700e-9 -0.434430299803 -0.900705453860
vn -0.358476571049 -0.405519565673 -0.840861718635
vn -0.358476571049 -0.405519565673 -0.840861718635
vn -1.00000000000 0.00000000000 -1.22464679915e-16
vn -1.00000000000 0.00000000000 -1.22464679915e-16
vn -0.357794798128 0.410709805990 0.838630036247
vn -0.357794798128 0.410709805990 0.838630036247
vn -9.50993627438e-17 0.439869977501 0.898061469440
vn -9.50993627438e-17 0.439869977501 0.898061469440
vn 0.357794798128 0.410709805990 0.838630036247
vn 0.357794798128 0.410709805990 0.838630036247
vn 1.00000000000 0.00000000000 1.22464679915e-16
vn 1.00000000000 0.00000000000 1.22464679915e-16
vn 0.365995473836 -0.341354138345 -0.865750925709
vn 0.365995473836 -0.341354138345 -0.865750925709
vn -4.54093201501e-9 -0.366848353945 -0.930280756120
vn -4.54093201501e-9 -0.366848353945 -0.930280756120
vn -0.365995458673 -0.341354094401 -0.865750949446
vn -0.365995458673 -0.341354094401 -0.865750949446
vn -1.00000000000 0.00000000000 -1.22464679915e-16
vn -1.00000000000 0.00000000000 -1.22464679915e-16
vn -0.365603328482 0.345076293443 0.864440025627
vn -0.365603328482 0.345076293443 0.864440025627
vn -9.87162582526e-17 0.370788545118 0.928717316954
vn -9.87162582526e-17 0.370788545118 0.928717316954
vn 0.365603328482 0.345076293443 0.864440025627
vn 0.365603328482 0.345076293443 0.864440025627
vn 1.00000000000 0.00000000000 1.22464679915e-16
vn 1.00000000000 0.00000000000 1.22464679915e-16
vn 0.372622511478 -0.268656486283 -0.888243297930
vn 0.372622511478 -0.268656486283 -0.888243297930
vn 1.91068863312e-9 -0.289549681534 -0.957162986081
vn 1.91068863312e-9 -0.289549681534 -0.957162986081
vn -0.372622528223 -0.268656528158 -0.888243278240
vn -0.372622528223 -0.268656528158 -0.888243278240
vn -1.00000000000 0.00000000000 -1.22464679915e-16
vn -1.00000000000 0.00000000000 -1.22464679915e-16
vn -0.372401455401 0.271469510418 0.887480400307
vn -0.372401455401 0.271469510418 0.887480400307
vn -1.32249990547e-16 0.292554380879 0.956248887178
vn -1.32249990547e-16 0.292554380879 0.956248887178
vn 0.372401455401 0.271469510418 0.887480400307
vn 0.372401455401 0.271469510418 0.887480400307
vn 1.00000000000 0.00000000000 1.22464679915e-16
vn 1.00000000000 0.00000000000 1.22464679915e-16
vn 0.378083101427 -0.184881668142 -0.907122889801
vn 0.378083101427 -0.184881668142 -0.907122889801
vn 1.04744714879e-16 -0.199746887580 -0.979847529416
vn 1.04744714879e-16 -0.199746887580 -0.979847529416
vn -0.378083101427 -0.184881668142 -0.907122889801
vn -0.378083101427 -0.184881668142 -0.907122889801
vn -1.00000000000 0.00000000000 -1.22464679915e-16
vn -1.00000000000 0.00000000000 -1.22464679915e-16
vn -0.377981331980 0.186871348356 0.906757526486
vn -0.377981331980 0.186871348356 0.906757526486
vn -1.19942954841e-16 0.201888305854 0.979408552117
vn -1.19942954841e-16 0.201888305854 0.979408552117
vn 0.377981331980 0.186871348356 0.906757526486
vn 0.377981331980 0.186871348356 0.906757526486
vn 1.00000000000 0.00000000000 1.22464679915e-16
vn 1.00000000000 0.00000000000 1.22464679915e-16
vn 0.381646206764 -0.0923727207087 -0.919681169391
vn 0.381646206764 -0.0923727207087 -0.919681169391
vn 1.43214640103e-16 -0.121058199284 -0.992645411205
vn 1.43214640103e-16 -0.121058199284 -0.992645411205
vn -0.381646206239 -0.0923727354827 -0.919681168125
vn -0.381646206239 -0.0923727354827 -0.919681168125
vn -1.00000000000 0.00000000000 -1.22464679915e-16
vn -1.00000000000 0.00000000000 -1.22464679915e-16
vn -0.381621890083 0.0934055355604 0.919586939303
vn -0.381621890083 0.0934055355604 0.919586939303
vn -1.21543791060e-16 0.122403886765 0.992480371849
vn -1.21543791060e-16 0.122403886765 0.992480371849
vn 0.381621890083 0.0934055355604 0.919586939303
vn 0.381621890083 0.0934055355604 0.919586939303
vn 1.00000000000 0.00000000000 1.22464679915e-16
vn 1.00000000000 0.00000000000 1.22464679915e-16
vn 0.503966447473 -0.0681037153425 -0.861034089789
vn 0.503966447473 -0.0681037153425 -0.861034089789
vn 0.505468310890 -0.0174530726604 -0.862668636813
vn 0.505468310890 -0.0174530726604 -0.862668636813
vn 2.57695381994e-10 -0.0999595174085 -0.994991504928
vn 2.57695381994e-10 -0.0999595174085 -0.994991504928
vn -3.64892460591e-10 -0.0202412844469 -0.999795124215
vn -3.64892460591e-10 -0.0202412844469 -0.999795124215
vn -0.503966446961 -0.0681037301745 -0.861034088915
vn -0.503966446961 -0.0681037301745 -0.861034088915
vn -0.505468311202 -0.0174530372810 -0.862668637346
vn -0.505468311202 -0.0174530372810 -0.862668637346
vn -1.00000000000 0.00000000000 -1.22464679915e-16
vn -1.00000000000 0.00000000000 -1.22464679915e-16
vn -0.503931940630 0.0688723252628 0.860993148652
vn -0.503931940630 0.0688723252628 0.860993148652
vn -0.505464964158 0.0176527199717 0.862666535509
vn -0.505464964158 0.0176527199717 0.862666535509
vn -1.37158040367e-16 0.101076543571 0.994878652068
vn -1.37158040367e-16 0.101076543571 0.994878652068
vn -1.44133883140e-16 0.0204733224957 0.999790399567
vn -1.44133883140e-16 0.0204733224957 0.999790399567
vn 0.503931940630 0.0688723252628 0.860993148652
vn 0.503931940630 0.0688723252628 0.860993148652
vn 0.505464964158 0.0176527199717 0.862666535509
vn 0.505464964158 0.0176527199717 0.862666535509
vn 1.00000000000 0.00000000000 1.22464679915e-16
vn 1.00000000000 0.00000000000 1.22464679915e-16
vn 0.505468311202 0.0174530372810 -0.862668637346
vn 0.505468311202 0.0174530372810 -0.862668637346
vn 0.503966446961 0.0681037301745 -0.861034088915
vn 0.503966446961 0.0681037301745 -0.861034088915
vn 3.64892705457e-10 0.0202412863088 -0.999795124177
vn 3.64892705457e-10 0.0202412863088 -0.999795124177
vn -2.57695166239e-10 0.0999595100324 -0.994991505669
vn -2.57695166239e-10 0.0999595100324 -0.994991505669
vn -0.505468310873 0.0174530745225 -0.862668636785
vn -0.505468310873 0.0174530745225 -0.862668636785
vn -0.503966447473 0.0681037153425 -0.861034089789
vn -0.503966447473 0.0681037153425 -0.861034089789
vn -1.00000000000 0.00000000000 -1.22464679915e-16
vn -1.00000000000 0.00000000000 -1.22464679915e-16
vn -0.505464964158 -0.0176527199717 0.862666535509
vn -0.505464964158 -0.0176527199717 0.862666535509
vn -0.503931940630 -0.0688723252628 0.860993148652
vn -0.503931940630 -0.0688723252628 0.860993148652
vn -1.44133883135e-16 -0.0204733243576 0.999790399529
vn -1.44133883135e-16 -0.0204733243576 0.999790399529
vn -1.52478585170e-16 -0.101076536196 0.994878652817
vn -1.52478585170e-16 -0.101076536196 0.994878652817
vn 0.505464964158 -0.0176527199717 0.862666535509
vn 0.505464964158 -0.0176527199717 0.862666535509
vn 0.503931940630 -0.0688723252628 0.860993148652
vn 0.503931940630 -0.0688723252628 0.860993148652
vn 1.00000000000 0.00000000000 1.22464679915e-16
vn 1.00000000000 0.00000000000 1.22464679915e-16
vn 0.381646206501 0.0923727280957 -0.919681168758
vn 0.381646206501 0.0923727280957 -0.919681168758
vn 0.378083101427 0.184881668142 -0.907122889801
vn 0.378083101427 0.184881668142 -0.907122889801
vn 9.99133650909e-17 0.121058191942 -0.992645412100
vn 9.99133650909e-17 0.121058191942 -0.992645412100
vn 1.04744714879e-16 0.199746887580 -0.979847529416
vn 1.04744714879e-16 0.199746887580 -0.979847529416
vn -0.381646206764 0.0923727207087 -0.919681169391
vn -0.381646206764 0.0923727207087 -0.919681169391
vn -0.378083101427 0.184881668142 -0.907122889801
vn -0.378083101427 0.184881668142 -0.907122889801
vn -1.00000000000 0.00000000000 -1.22464679915e-16
vn -1.00000000000 0.00000000000 -1.22464679915e-16
vn -0.381621890083 -0.0934055355604 0.919586939303
vn -0.381621890083 -0.0934055355604 0.919586939303
vn -0.377981333032 -0.186871333975 0.906757529011
vn -0.377981333032 -0.186871333975 0.906757529011
vn -1.21543791282e-16 -0.122403872087 0.992480373659
vn -1.21543791282e-16 -0.122403872087 0.992480373659
vn -1.35193260528e-16 -0.201888291560 0.979408555063
vn -1.35193260528e-16 -0.201888291560 0.979408555063
vn 0.381621890083 -0.0934055355604 0.919586939303
vn 0.381621890083 -0.0934055355604 0.919586939303
vn 0.377981333032 -0.186871333975 0.906757529011
vn 0.377981333032 -0.186871333975 0.906757529011
vn 1.00000000000 0.00000000000 1.22464679915e-16
vn 1.00000000000 0.00000000000 1.22464679915e-16
vn 0.372622528223 0.268656528158 -0.888243278240
vn 0.372622528223 0.268656528158 -0.888243278240
vn -1.91068839869e-9 0.289549681534 -0.957162986081
vn -1.91068839869e-9 0.289549681534 -0.957162986081
vn -0.372622511478 0.268656486283 -0.888243297930
vn -0.372622511478 0.268656486283 -0.888243297930
vn -1.00000000000 0.00000000000 -1.22464679915e-16
vn -1.00000000000 0.00000000000 -1.22464679915e-16
vn -0.372401455401 -0.271469510418 0.887480400307
vn -0.372401455401 -0.271469510418 0.887480400307
vn -1.32249990547e-16 -0.292554380879 0.956248887178
vn -1.32249990547e-16 -0.292554380879 0.956248887178
vn 0.372401455401 -0.271469510418 0.887480400307
vn 0.372401455401 -0.271469510418 0.887480400307
vn 1.00000000000 0.00000000000 1.22464679915e-16
vn 1.00000000000 0.00000000000 1.22464679915e-16
vn 0.365995458673 0.341354094401 -0.865750949446
vn 0.365995458673 0.341354094401 -0.865750949446
vn 4.54093224287e-9 0.366848353945 -0.930280756120
vn 4.54093224287e-9 0.366848353945 -0.930280756120
vn -0.365995473836 0.341354138345 -0.865750925709
vn -0.365995473836 0.341354138345 -0.865750925709
vn -1.00000000000 0.00000000000 -1.22464679915e-16
vn -1.00000000000 0.00000000000 -1.22464679915e-16
vn -0.365603328482 -0.345076293443 0.864440025627
vn -0.365603328482 -0.345076293443 0.864440025627
vn -1.28753879651e-16 -0.370788545118 0.928717316954
vn -1.28753879651e-16 -0.370788545118 0.928717316954
vn 0.365603328482 -0.345076293443 0.864440025627
vn 0.365603328482 -0.345076293443 0.864440025627
vn 0.999999827693 -0.000587038292178 1.22464658813e-16
vn 0.999999827693 -0.000587038292178 1.22464658813e-16
vn 0.354618373683 0.434088204187 -0.828138418401
vn 0.354618373683 0.434088204187 -0.828138418401
vn -1.50688529819e-9 0.464271221410 -0.885693080570
vn -1.50688529819e-9 0.464271221410 -0.885693080570
vn -0.354618378271 0.434088180000 -0.828138429115
vn -0.354618378271 0.434088180000 -0.828138429115
vn -0.999999827693 -0.000587038292178 -1.22464658813e-16
vn -0.999999827693 -0.000587038292178 -1.22464658813e-16
vn -0.353487934540 -0.441441381815 0.824727704491
vn -0.353487934540 -0.441441381815 0.824727704491
vn -2.04819940552e-10 -0.472063999572 0.881564280304
vn -2.04819940552e-10 -0.472063999572 0.881564280304
vn 0.353487934540 -0.441441381815 0.824727704491
vn 0.353487934540 -0.441441381815 0.824727704491
vn 0.999999827693 -0.000587038292178 1.22464658813e-16
vn 0.999999827693 -0.000587038292178 1.22464658813e-16
vn 0.354618373683 0.434088204187 -0.828138418401
vn 0.354618373683 0.434088204187 -0.828138418401
vn -1.50688529819e-9 0.464271221410 -0.885693080570
vn -1.50688529819e-9 0.464271221410 -0.885693080570
vn -0.354618378271 0.434088180000 -0.828138429115
vn -0.354618378271 0.434088180000 -0.828138429115
vn -0.999999827693 -0.000587038292178 -1.22464658813e-16
vn -0.999999827693 -0.000587038292178 -1.22464658813e-16
vn -0.353487934540 -0.441441381815 0.824727704491
vn -0.353487934540 -0.441441381815 0.824727704491
vn -2.04819940552e-10 -0.472063999572 0.881564280304
vn -2.04819940552e-10 -0.472063999572 0.881564280304
vn 0.353487934540 -0.441441381815 0.824727704491
vn 0.353487934540 -0.441441381815 0.824727704491
vn 0.999229417581 -0.0392501088116 1.22370310785e-16
vn 0.999229417581 -0.0392501088116 1.22370310785e-16
vn 0.340247382208 0.532640083173 -0.774936294606
vn 0.340247382208 0.532640083173 -0.774936294606
vn -2.41404071680e-10 0.562843080784 -0.826563770325
vn -2.41404071680e-10 0.562843080784 -0.826563770325
vn -0.340247382208 0.532640083173 -0.774936294606
vn -0.340247382208 0.532640083173 -0.774936294606
vn -0.999229417581 -0.0392501088116 -1.22370310785e-16
vn -0.999229417581 -0.0392501088116 -1.22370310785e-16
vn -0.325379916902 -0.580746368409 0.746231576159
vn -0.325379916902 -0.580746368409 0.746231576159
vn -2.50880182437e-10 -0.617490509420 0.786578330986
vn -2.50880182437e-10 -0.617490509420 0.786578330986
vn 0.325379916902 -0.580746368409 0.746231576159
vn 0.325379916902 -0.580746368409 0.746231576159
vn 0.999229417581 -0.0392501088116 1.22370310785e-16
vn 0.999229417581 -0.0392501088116 1.22370310785e-16
vn 0.340247382208 0.532640083173 -0.774936294606
vn 0.340247382208 0.532640083173 -0.774936294606
vn -2.41404071680e-10 0.562843080784 -0.826563770325
vn -2.41404071680e-10 0.562843080784 -0.826563770325
vn -0.340247382208 0.532640083173 -0.774936294606
vn -0.340247382208 0.532640083173 -0.774936294606
vn -0.999229417581 -0.0392501088116 -1.22370310785e-16
vn -0.999229417581 -0.0392501088116 -1.22370310785e-16
vn -0.325379916902 -0.580746368409 0.746231576159
vn -0.325379916902 -0.580746368409 0.746231576159
vn -2.50880182437e-10 -0.617490509420 0.786578330986
vn -2.50880182437e-10 -0.617490509420 0.786578330986
vn 0.325379916902 -0.580746368409 0.746231576159
vn 0.325379916902 -0.580746368409 0.746231576159
vn 0.999516332018 -0.0310982640759 1.22405447670e-16
vn 0.999464300930 -0.0327278347370 1.22399075700e-16
vn 0.288307251173 0.720591310752 -0.630576792937
vn 0.288307251173 0.720591310752 -0.630576792937
vn 1.26474338024e-9 0.751324170454 -0.659933323065
vn 1.26474338024e-9 0.751324170454 -0.659933323065
vn -0.288307251173 0.720591310752 -0.630576792937
vn -0.288307251173 0.720591310752 -0.630576792937
vn -0.999183277869 -0.0404076382168 -1.22364660300e-16
vn -0.999662539460 -0.0259770514302 -1.22423352918e-16
vn -0.265945760096 -0.767250054401 0.583609635552
vn -0.265945760096 -0.767250054401 0.583609635552
vn 3.43656918399e-10 -0.797925950171 0.602755487776
vn 3.43656918399e-10 -0.797925950171 0.602755487776
vn 0.265945760096 -0.767250054401 0.583609635552
vn 0.265945760096 -0.767250054401 0.583609635552
vn 0.999516332018 -0.0310982640759 1.22405447670e-16
vn 0.999464300930 -0.0327278347370 1.22399075700e-16
vn 0.288307251173 0.720591310752 -0.630576792937
vn 0.288307251173 0.720591310752 -0.630576792937
vn 1.26474338024e-9 0.751324170454 -0.659933323065
vn 1.26474338024e-9 0.751324170454 -0.659933323065
vn -0.288307251173 0.720591310752 -0.630576792937
vn -0.288307251173 0.720591310752 -0.630576792937
vn -0.999183277869 -0.0404076382168 -1.22364660300e-16
vn -0.999662539460 -0.0259770514302 -1.22423352918e-16
vn -0.265945760096 -0.767250054401 0.583609635552
vn -0.265945760096 -0.767250054401 0.583609635552
vn 3.43656918399e-10 -0.797925950171 0.602755487776
vn 3.43656918399e-10 -0.797925950171 0.602755487776
vn 0.265945760096 -0.767250054401 0.583609635552
vn 0.265945760096 -0.767250054401 0.583609635552
vn 0.999516332018 -0.0310982640759 1.22405447670e-16
vn 0.999516332018 -0.0310982640759 1.22405447670e-16
vn 0.0558836078630 0.991495176164 -0.117534412050
vn 0.0558836078630 0.991495176164 -0.117534412050
vn -1.03860320794e-9 0.987663291559 -0.156592536562
vn -1.03860320794e-9 0.987663291559 -0.156592536562
vn -0.0558836078630 0.991495176164 -0.117534412050
vn -0.0558836078630 0.991495176164 -0.117534412050
vn -0.999662539460 -0.0259770514302 -1.22423352918e-16
vn -0.999662539460 -0.0259770514302 -1.22423352918e-16
vn -0.265945760096 -0.767250054401 0.583609635552
vn -0.265945760096 -0.767250054401 0.583609635552
vn 3.43656918399e-10 -0.797925950171 0.602755487776
vn 3.43656918399e-10 -0.797925950171 0.602755487776
vn 0.265945760096 -0.767250054401 0.583609635552
vn 0.265945760096 -0.767250054401 0.583609635552
vn 1.03860324629e-9 -0.987663291559 -0.156592536562
vn 1.03860324629e-9 -0.987663291559 -0.156592536562
vn -1.03860320794e-9 0.987663291559 -0.156592536562
vn -1.03860320794e-9 0.987663291559 -0.156592536562
vn 1.03860324629e-9 -0.987663291559 -0.156592536562
vn -1.03860320794e-9 0.987663291559 -0.156592536562
vn 1.03860324629e-9 -0.987663291559 -0.156592536562
vn -1.03860320794e-9 0.987663291559 -0.156592536562
vn 1.03860324629e-9 -0.987663291559 -0.156592536562
vn -1.03860320794e-9 0.987663291559 -0.156592536562
vn 1.03860324629e-9 -0.987663291559 -0.156592536562
vn -1.03860320794e-9 0.987663291559 -0.156592536562
f 1880/1880/1880 1881/1881/1881 1882/1882/1882
f 1881/1881/1881 1883/1883/1883 1882/1882/1882
f 1884/1884/1884 1885/1885/1885 1886/1886/1886
f 1885/1885/1885 1887/1887/1887 1886/1886/1886
f 1888/1888/1888 1889/1889/1889 1890/1890/1890
f 1889/1889/1889 1891/1891/1891 1890/1890/1890
f 1892/1892/1892 1893/1893/1893 1894/1894/1894
f 1893/1893/1893 1895/1895/1895 1894/1894/1894
f 1896/1896/1896 1897/1897/1897 1898/1898/1898
f 1897/1897/1897 1899/1899/1899 1898/1898/1898
f 1900/1900/1900 1901/1901/1901 1902/1902/1902
f 1901/1901/1901 1903/1903/1903 1902/1902/1902
f 1904/1904/1904 1905/1905/1905 1906/1906/1906
f 1905/1905/1905 1907/1907/1907 1906/1906/1906
f 1908/1908/1908 1909/1909/1909 1910/1910/1910
f 1909/1909/1909 1911/1911/1911 1910/1910/1910
f 1882/1882/1882 1883/1883/1883 1912/1912/1912
f 1883/1883/1883 1913/1913/1913 1912/1912/1912
f 1886/1886/1886 1887/1887/1887 1914/1914/1914
f 1887/1887/1887 1915/1915/1915 1914/1914/1914
f 1916/1916/1916 1917/1917/1917 1918/1918/1918
f 1917/1917/1917 1919/1919/1919 1918/1918/1918
f 1894/1894/1894 1895/1895/1895 1920/1920/1920
f 1895/1895/1895 1921/1921/1921 1920/1920/1920
f 1898/1898/1898 1899/1899/1899 1922/1922/1922
f 1899/1899/1899 1923/1923/1923 1922/1922/1922
f 1902/1902/1902 1903/1903/1903 1924/1924/1924
f 1903/1903/1903 1925/1925/1925 1924/1924/1924
f 1906/1906/1906 1907/1907/1907 1926/1926/1926
f 1907/1907/1907 1927/1927/1927 1926/1926/1926
f 1910/1910/1910 1911/1911/1911 1928/1928/1928
f 1911/1911/1911 1929/1929/1929 1928/1928/1928
f 1912/1912/1912 1913/1913/1913 1930/1930/1930
f 1913/1913/1913 1931/1931/1931 1930/1930/1930
f 1914/1914/1914 1915/1915/1915 1932/1932/1932
f 1915/1915/1915 1933/1933/1933 1932/1932/1932
f 1918/1918/1918 1919/1919/1919 1934/1934/1934
f 1919/1919/1919 1935/1935/1935 1934/1934/1934
f 1920/1920/1920 1921/1921/1921 1936/1936/1936
f 1921/1921/1921 1937/1937/1937 1936/1936/1936
f 1922/1922/1922 1923/1923/1923 1938/1938/1938
f 1923/1923/1923 1939/1939/1939 1938/1938/1938
f 1924/1924/1924 1925/1925/1925 1940/1940/1940
f 1925/1925/1925 1941/1941/1941 1940/1940/1940
f 1926/1926/1926 1927/1927/1927 1942/1942/1942
f 1927/1927/1927 1943/1943/1943 1942/1942/1942
f 1928/1928/1928 1929/1929/1929 1944/1944/1944
f 1929/1929/1929 1945/1945/1945 1944/1944/1944
f 1930/1930/1930 1931/1931/1931 1946/1946/1946
f 1931/1931/1931 1947/1947/1947 1946/1946/1946
f 1948/1948/1948 1949/1949/1949 1950/1950/1950
f 1949/1949/1949 1951/1951/1951 1950/1950/1950
f 1934/1934/1934 1935/1935/1935 1952/1952/1952
f 1935/1935/1935 1953/1953/1953 1952/1952/1952
f 1954/1954/1954 1955/1955/1955 1956/1956/1956
f 1955/1955/1955 1957/1957/1957 1956/1956/1956
f 1938/1938/1938 1939/1939/1939 1958/1958/1958
f 1939/1939/1939 1959/1959/1959 1958/1958/1958
f 1940/1940/1940 1941/1941/1941 1960/1960/1960
f 1941/1941/1941 1961/1961/1961 1960/1960/1960
f 1942/1942/1942 1943/1943/1943 1962/1962/1962
f 1943/1943/1943 1963/1963/1963 1962/1962/1962
f 1944/1944/1944 1945/1945/1945 1964/1964/1964
f 1945/1945/1945 1965/1965/1965 1964/1964/1964
f 1946/1946/1946 1947/1947/1947 1966/1966/1966
f 1947/1947/1947 1967/1967/1967 1966/1966/1966
f 1950/1950/1950 1951/1951/1951 1968/1968/1968
f 1951/1951/1951 1969/1969/1969 1968/1968/1968
f 1952/1952/1952 1953/1953/1953 1970/1970/1970
f 1953/1953/1953 1971/1971/1971 1970/1970/1970
f 1956/1956/1956 1957/1957/1957 1972/1972/1972
f 1957/1957/1957 1973/1973/1973 1972/1972/1972
f 1958/1958/1958 1959/1959/1959 1974/1974/1974
f 1959/1959/1959 1975/1975/1975 1974/1974/1974
f 1960/1960/1960 1961/1961/1961 1976/1976/1976
f 1961/1961/1961 1977/1977/1977 1976/1976/1976
f 1962/1962/1962 1963/1963/1963 1978/1978/1978
f 1963/1963/1963 1979/1979/1979 1978/1978/1978
f 1964/1964/1964 1965/1965/1965 1980/1980/1980
f 1965/1965/1965 1981/1981/1981 1980/1980/1980
f 1966/1966/1966 1967/1967/1967 1982/1982/1982
f 1967/1967/1967 1983/1983/1983 1982/1982/1982
f 1968/1968/1968 1969/1969/1969 1984/1984/1984
f 1969/1969/1969 1985/1985/1985 1984/1984/1984
f 1970/1970/1970 1971/1971/1971 1986/1986/1986
f 1971/1971/1971 1987/1987/1987 1986/1986/1986
f 1972/1972/1972 1973/1973/1973 1988/1988/1988
f 1973/1973/1973 1989/1989/1989 1988/1988/1988
f 1974/1974/1974 1975/1975/1975 1990/1990/1990
f 1975/1975/1975 1991/1991/1991 1990/1990/1990
f 1976/1976/1976 1977/1977/1977 1992/1992/1992
f 1977/1977/1977 1993/1993/1993 1992/1992/1992
f 1978/1978/1978 1979/1979/1979 1994/1994/1994
f 1979/1979/1979 1995/1995/1995 1994/1994/1994
f 1980/1980/1980 1981/1981/1981 1996/1996/1996
f 1981/1981/1981 1997/1997/1997 1996/1996/1996
f 1982/1982/1982 1983/1983/1983 1998/1998/1998
f 1983/1983/1983 1999/1999/1999 1998/1998/1998
f 1984/1984/1984 1985/1985/1985 2000/2000/2000
f 1985/1985/1985 2001/2001/2001 2000/2000/2000
f 1986/1986/1986 1987/1987/1987 2002/2002/2002
f 1987/1987/1987 2003/2003/2003 2002/2002/2002
f 1988/1988/1988 1989/1989/1989 2004/2004/2004
f 1989/1989/1989 2005/2005/2005 2004/2004/2004
f 1990/1990/1990 1991/1991/1991 2006/2006/2006
f 1991/1991/1991 2007/2007/2007 2006/2006/2006
f 1992/1992/1992 1993/1993/1993 2008/2008/2008
f 1993/1993/1993 2009/2009/2009 2008/2008/2008
f 1994/1994/1994 1995/1995/1995 2010/2010/2010
f 1995/1995/1995 2011/2011/2011 2010/2010/2010
f 1996/1996/1996 1997/1997/1997 2012/2012/2012
f 1997/1997/1997 2013/2013/2013 2012/2012/2012
f 1998/1998/1998 1999/1999/1999 2014/2014/2014
f 1999/1999/1999 2015/2015/2015 2014/2014/2014
f 2000/2000/2000 2001/2001/2001 2016/2016/2016
f 2001/2001/2001 2017/2017/2017 2016/2016/2016
f 2002/2002/2002 2003/2003/2003 2018/2018/2018
f 2003/2003/2003 2019/2019/2019 2018/2018/2018
f 2004/2004/2004 2005/2005/2005 2020/2020/2020
f 2005/2005/2005 2021/2021/2021 2020/2020/2020
f 2006/2006/2006 2007/2007/2007 2022/2022/2022
f 2007/2007/2007 2023/2023/2023 2022/2022/2022
f 2008/2008/2008 2009/2009/2009 2024/2024/2024
f 2009/2009/2009 2025/2025/2025 2024/2024/2024
f 2010/2010/2010 2011/2011/2011 2026/2026/2026
f 2011/2011/2011 2027/2027/2027 2026/2026/2026
f 2012/2012/2012 2013/2013/2013 2028/2028/2028
f 2013/2013/2013 2029/2029/2029 2028/2028/2028
f 2014/2014/2014 2015/2015/2015 2030/2030/2030
f 2015/2015/2015 2031/2031/2031 2030/2030/2030
f 2016/2016/2016 2017/2017/2017 2032/2032/2032
f 2017/2017/2017 2033/2033/2033 2032/2032/2032
f 2018/2018/2018 2019/2019/2019 2034/2034/2034
f 2019/2019/2019 2035/2035/2035 2034/2034/2034
f 2020/2020/2020 2021/2021/2021 2036/2036/2036
f 2021/2021/2021 2037/2037/2037 2036/2036/2036
f 2022/2022/2022 2023/2023/2023 2038/2038/2038
f 2023/2023/2023 2039/2039/2039 2038/2038/2038
f 2024/2024/2024 2025/2025/2025 2040/2040/2040
f 2025/2025/2025 2041/2041/2041 2040/2040/2040
f 2026/2026/2026 2027/2027/2027 2042/2042/2042
f 2027/2027/2027 2043/2043/2043 2042/2042/2042
f 2028/2028/2028 2029/2029/2029 2044/2044/2044
f 2029/2029/2029 2045/2045/2045 2044/2044/2044
f 2030/2030/2030 2031/2031/2031 2046/2046/2046
f 2031/2031/2031 2047/2047/2047 2046/2046/2046
f 2032/2032/2032 2033/2033/2033 2048/2048/2048
f 2033/2033/2033 2049/2049/2049 2048/2048/2048
f 2034/2034/2034 2035/2035/2035 2050/2050/2050
f 2035/2035/2035 2051/2051/2051 2050/2050/2050
f 2036/2036/2036 2037/2037/2037 2052/2052/2052
f 2037/2037/2037 2053/2053/2053 2052/2052/2052
f 2038/2038/2038 2039/2039/2039 2054/2054/2054
f 2039/2039/2039 2055/2055/2055 2054/2054/2054
f 2040/2040/2040 2041/2041/2041 2056/2056/2056
f 2041/2041/2041 2057/2057/2057 2056/2056/2056
f 2042/2042/2042 2043/2043/2043 2058/2058/2058
f 2043/2043/2043 2059/2059/2059 2058/2058/2058
f 2044/2044/2044 2045/2045/2045 2060/2060/2060
f 2045/2045/2045 2061/2061/2061 2060/2060/2060
f 2046/2046/2046 2047/2047/2047 2062/2062/2062
f 2047/2047/2047 2063/2063/2063 2062/2062/2062
f 2064/2064/2064 2065/2065/2065 2066/2066/2066
f 2065/2065/2065 2067/2067/2067 2066/2066/2066
f 2068/2068/2068 2069/2069/2069 2070/2070/2070
f 2069/2069/2069 2071/2071/2071 2070/2070/2070
f 2072/2072/2072 2073/2073/2073 2074/2074/2074
f 2073/2073/2073 2075/2075/2075 2074/2074/2074
f 2054/2054/2054 2055/2055/2055 2076/2076/2076
f 2055/2055/2055 2077/2077/2077 2076/2076/2076
f 2078/2078/2078 2079/2079/2079 2080/2080/2080
f 2079/2079/2079 2081/2081/2081 2080/2080/2080
f 2082/2082/2082 2083/2083/2083 2084/2084/2084
f 2083/2083/2083 2085/2085/2085 2084/2084/2084
f 2086/2086/2086 2087/2087/2087 2088/2088/2088
f 2087/2087/2087 2089/2089/2089 2088/2088/2088
f 2062/2062/2062 2063/2063/2063 2090/2090/2090
f 2063/2063/2063 2091/2091/2091 2090/2090/2090
f 2092/2092/2092 2093/2093/2093 2094/2094/2094
f 2093/2093/2093 2095/2095/2095 2094/2094/2094
f 2096/2096/2096 2097/2097/2097 2098/2098/2098
f 2097/2097/2097 2099/2099/2099 2098/2098/2098
f 2100/2100/2100 2101/2101/2101 2102/2102/2102
f 2101/2101/2101 2103/2103/2103 2102/2102/2102
f 2076/2076/2076 2077/2077/2077 2104/2104/2104
f 2077/2077/2077 2105/2105/2105 2104/2104/2104
f 2106/2106/2106 2107/2107/2107 2108/2108/2108
f 2107/2107/2107 2109/2109/2109 2108/2108/2108
f 2110/2110/2110 2111/2111/2111 2112/2112/2112
f 2111/2111/2111 2113/2113/2113 2112/2112/2112
f 2114/2114/2114 2115/2115/2115 2116/2116/2116
f 2115/2115/2115 2117/2117/2117 2116/2116/2116
f 2090/2090/2090 2091/2091/2091 2118/2118/2118
f 2091/2091/2091 2119/2119/2119 2118/2118/2118
f 2120/2120/2120 2121/2121/2121 2122/2122/2122
f 2121/2121/2121 2123/2123/2123 2122/2122/2122
f 2124/2124/2124 2125/2125/2125 2126/2126/2126
f 2125/2125/2125 2127/2127/2127 2126/2126/2126
f 2128/2128/2128 2129/2129/2129 2130/2130/2130
f 2129/2129/2129 2131/2131/2131 2130/2130/2130
f 2104/2104/2104 2105/2105/2105 2132/2132/2132
f 2105/2105/2105 2133/2133/2133 2132/2132/2132
f 2134/2134/2134 2135/2135/2135 2136/2136/2136
f 2135/2135/2135 2137/2137/2137 2136/2136/2136
f 2138/2138/2138 2139/2139/2139 2140/2140/2140
f 2139/2139/2139 2141/2141/2141 2140/2140/2140
f 2142/2142/2142 2143/2143/2143 2144/2144/2144
f 2143/2143/2143 2145/2145/2145 2144/2144/2144
f 2118/2118/2118 2119/2119/2119 2146/2146/2146
f 2119/2119/2119 2147/2147/2147 2146/2146/2146
f 2122/2122/2122 2123/2123/2123 2148/2148/2148
f 2123/2123/2123 2149/2149/2149 2148/2148/2148
f 2126/2126/2126 2127/2127/2127 2150/2150/2150
f 2127/2127/2127 2151/2151/2151 2150/2150/2150
f 2130/2130/2130 2131/2131/2131 2152/2152/2152
f 2131/2131/2131 2153/2153/2153 2152/2152/2152
f 2132/2132/2132 2133/2133/2133 2154/2154/2154
f 2133/2133/2133 2155/2155/2155 2154/2154/2154
f 2136/2136/2136 2137/2137/2137 2156/2156/2156
f 2137/2137/2137 2157/2157/2157 2156/2156/2156
f 2140/2140/2140 2141/2141/2141 2158/2158/2158
f 2141/2141/2141 2159/2159/2159 2158/2158/2158
f 2144/2144/2144 2145/2145/2145 2160/2160/2160
f 2145/2145/2145 2161/2161/2161 2160/2160/2160
f 2146/2146/2146 2147/2147/2147 2162/2162/2162
f 2147/2147/2147 2163/2163/2163 2162/2162/2162
f 2148/2148/2148 2149/2149/2149 2164/2164/2164
f 2149/2149/2149 2165/2165/2165 2164/2164/2164
f 2150/2150/2150 2151/2151/2151 2166/2166/2166
f 2151/2151/2151 2167/2167/2167 2166/2166/2166
f 2152/2152/2152 2153/2153/2153 2168/2168/2168
f 2153/2153/2153 2169/2169/2169 2168/2168/2168
f 2154/2154/2154 2155/2155/2155 2170/2170/2170
f 2155/2155/2155 2171/2171/2171 2170/2170/2170
f 2156/2156/2156 2157/2157/2157 2172/2172/2172
f 2157/2157/2157 2173/2173/2173 2172/2172/2172
f 2158/2158/2158 2159/2159/2159 2174/2174/2174
f 2159/2159/2159 2175/2175/2175 2174/2174/2174
f 2160/2160/2160 2161/2161/2161 2176/2176/2176
f 2161/2161/2161 2177/2177/2177 2176/2176/2176
f 2162/2162/2162 2163/2163/2163 2178/2178/2178
f 2163/2163/2163 2179/2179/2179 2178/2178/2178
f 2164/2164/2164 2165/2165/2165 2180/2180/2180
f 2165/2165/2165 2181/2181/2181 2180/2180/2180
f 2166/2166/2166 2167/2167/2167 2182/2182/2182
f 2167/2167/2167 2183/2183/2183 2182/2182/2182
f 2168/2168/2168 2169/2169/2169 2184/2184/2184
f 2169/2169/2169 2185/2185/2185 2184/2184/2184
f 2170/2170/2170 2171/2171/2171 2186/2186/2186
f 2171/2171/2171 2187/2187/2187 2186/2186/2186
f 2172/2172/2172 2173/2173/2173 2188/2188/2188
f 2173/2173/2173 2189/2189/2189 2188/2188/2188
f 2174/2174/2174 2175/2175/2175 2190/2190/2190
f 2175/2175/2175 2191/2191/2191 2190/2190/2190
f 2176/2176/2176 2177/2177/2177 2192/2192/2192
f 2177/2177/2177 2193/2193/2193 2192/2192/2192
f 2178/2178/2178 2179/2179/2179 2194/2194/2194
f 2179/2179/2179 2195/2195/2195 2194/2194/2194
f 2180/2180/2180 2181/2181/2181 2196/2196/2196
f 2181/2181/2181 2197/2197/2197 2196/2196/2196
f 2182/2182/2182 2183/2183/2183 2198/2198/2198
f 2183/2183/2183 2199/2199/2199 2198/2198/2198
f 2184/2184/2184 2185/2185/2185 2200/2200/2200
f 2185/2185/2185 2201/2201/2201 2200/2200/2200
f 2186/2186/2186 2187/2187/2187 2202/2202/2202
f 2187/2187/2187 2203/2203/2203 2202/2202/2202
f 2188/2188/2188 2189/2189/2189 2204/2204/2204
f 2189/2189/2189 2205/2205/2205 2204/2204/2204
f 2190/2190/2190 2191/2191/2191 2206/2206/2206
f 2191/2191/2191 2207/2207/2207 2206/2206/2206
f 2192/2192/2192 2193/2193/2193 2208/2208/2208
f 2193/2193/2193 2209/2209/2209 2208/2208/2208
f 2194/2194/2194 2195/2195/2195 2210/2210/2210
f 2195/2195/2195 2211/2211/2211 2210/2210/2210
f 2196/2196/2196 2197/2197/2197 2212/2212/2212
f 2197/2197/2197 2213/2213/2213 2212/2212/2212
f 2198/2198/2198 2199/2199/2199 2214/2214/2214
f 2199/2199/2199 2215/2215/2215 2214/2214/2214
f 2200/2200/2200 2201/2201/2201 2216/2216/2216
f 2201/2201/2201 2217/2217/2217 2216/2216/2216
f 2202/2202/2202 2203/2203/2203 2218/2218/2218
f 2203/2203/2203 2219/2219/2219 2218/2218/2218
f 2204/2204/2204 2205/2205/2205 2220/2220/2220
f 2205/2205/2205 2221/2221/2221 2220/2220/2220
f 2206/2206/2206 2207/2207/2207 2222/2222/2222
f 2207/2207/2207 2223/2223/2223 2222/2222/2222
f 2208/2208/2208 2209/2209/2209 2224/2224/2224
f 2209/2209/2209 2225/2225/2225 2224/2224/2224
f 2210/2210/2210 2211/2211/2211 2226/2226/2226
f 2211/2211/2211 2227/2227/2227 2226/2226/2226
f 2212/2212/2212 2213/2213/2213 2228/2228/2228
f 2213/2213/2213 2229/2229/2229 2228/2228/2228
f 2214/2214/2214 2215/2215/2215 2230/2230/2230
f 2215/2215/2215 2231/2231/2231 2230/2230/2230
f 2216/2216/2216 2217/2217/2217 2232/2232/2232
f 2217/2217/2217 2233/2233/2233 2232/2232/2232
f 2218/2218/2218 2219/2219/2219 2234/2234/2234
f 2219/2219/2219 2235/2235/2235 2234/2234/2234
f 2220/2220/2220 2221/2221/2221 2236/2236/2236
f 2221/2221/2221 2237/2237/2237 2236/2236/2236
f 2222/2222/2222 2223/2223/2223 2238/2238/2238
f 2223/2223/2223 2239/2239/2239 2238/2238/2238
f 2224/2224/2224 2225/2225/2225 2240/2240/2240
f 2225/2225/2225 2241/2241/2241 2240/2240/2240
f 2226/2226/2226 2227/2227/2227 2242/2242/2242
f 2227/2227/2227 2243/2243/2243 2242/2242/2242
f 2228/2228/2228 2229/2229/2229 2244/2244/2244
f 2229/2229/2229 2245/2245/2245 2244/2244/2244
f 2230/2230/2230 2231/2231/2231 2246/2246/2246
f 2231/2231/2231 2247/2247/2247 2246/2246/2246
f 2232/2232/2232 2233/2233/2233 2248/2248/2248
f 2233/2233/2233 2249/2249/2249 2248/2248/2248
f 2234/2234/2234 2235/2235/2235 2250/2250/2250
f 2235/2235/2235 2251/2251/2251 2250/2250/2250
f 2236/2236/2236 2237/2237/2237 2252/2252/2252
f 2237/2237/2237 2253/2253/2253 2252/2252/2252
f 2238/2238/2238 2239/2239/2239 2254/2254/2254
f 2239/2239/2239 2255/2255/2255 2254/2254/2254
f 2240/2240/2240 2241/2241/2241 2256/2256/2256
f 2241/2241/2241 2257/2257/2257 2256/2256/2256
f 2242/2242/2242 2243/2243/2243 2258/2258/2258
f 2243/2243/2243 2259/2259/2259 2258/2258/2258
f 2244/2244/2244 2245/2245/2245 2260/2260/2260
f 2245/2245/2245 2261/2261/2261 2260/2260/2260
f 2246/2246/2246 2247/2247/2247 2262/2262/2262
f 2247/2247/2247 2263/2263/2263 2262/2262/2262
f 2248/2248/2248 2249/2249/2249 2264/2264/2264
f 2249/2249/2249 2265/2265/2265 2264/2264/2264
f 2250/2250/2250 2251/2251/2251 2266/2266/2266
f 2251/2251/2251 2267/2267/2267 2266/2266/2266
f 2252/2252/2252 2253/2253/2253 2268/2268/2268
f 2253/2253/2253 2269/2269/2269 2268/2268/2268
f 2254/2254/2254 2255/2255/2255 2270/2270/2270
f 2255/2255/2255 2271/2271/2271 2270/2270/2270
f 2256/2256/2256 2257/2257/2257 2272/2272/2272
f 2257/2257/2257 2273/2273/2273 2272/2272/2272
f 2258/2258/2258 2259/2259/2259 2274/2274/2274
f 2259/2259/2259 2275/2275/2275 2274/2274/2274
f 2260/2260/2260 2261/2261/2261 2276/2276/2276
f 2261/2261/2261 2277/2277/2277 2276/2276/2276
f 2262/2262/2262 2263/2263/2263 2278/2278/2278
f 2263/2263/2263 2279/2279/2279 2278/2278/2278
f 2264/2264/2264 2265/2265/2265 2280/2280/2280
f 2265/2265/2265 2281/2281/2281 2280/2280/2280
f 2266/2266/2266 2267/2267/2267 2282/2282/2282
f 2267/2267/2267 2283/2283/2283 2282/2282/2282
f 2268/2268/2268 2269/2269/2269 2284/2284/2284
f 2269/2269/2269 2285/2285/2285 2284/2284/2284
f 2270/2270/2270 2271/2271/2271 2286/2286/2286
f 2271/2271/2271 2287/2287/2287 2286/2286/2286
f 2272/2272/2272 2273/2273/2273 2288/2288/2288
f 2273/2273/2273 2289/2289/2289 2288/2288/2288
f 2290/2290/2290 1888/1888/1888 2291/2291/2291
f 2292/2292/2292 2293/2293/2293 2278/2278/2278
f 2290/2290/2290 1889/1889/1889 1888/1888/1888
f 2292/2292/2292 2278/2278/2278 2279/2279/2279
f 2290/2290/2290 2294/2294/2294 1889/1889/1889
f 2292/2292/2292 2279/2279/2279 2295/2295/2295
f 2290/2290/2290 2296/2296/2296 2294/2294/2294
f 2292/2292/2292 2295/2295/2295 2297/2297/2297
f 2290/2290/2290 2298/2298/2298 2296/2296/2296
f 2292/2292/2292 2297/2297/2297 2299/2299/2299
f 2290/2290/2290 2300/2300/2300 2298/2298/2298
f 2292/2292/2292 2299/2299/2299 2301/2301/2301
o S13
v 0.0140000004321 1.66250000006 0.00000000000
v 0.0129343131557 1.66250000006 0.00535756815225
v 0.00989949516952 1.66250000006 0.00989949516952
v 0.00535756815225 1.66250000006 0.0129343131557
v 8.57252763722e-19 1.66250000006 0.0140000004321
v -0.00535756815225 1.66250000006 0.0129343131557
v -0.00989949516952 1.66250000006 0.00989949516952
v -0.0129343131557 1.66250000006 0.00535756815225
v -0.0140000004321 1.66250000006 1.71450552744e-18
v -0.0129343131557 1.66250000006 -0.00535756815225
v -0.00989949516952 1.66250000006 -0.00989949516952
v -0.00535756815225 1.66250000006 -0.0129343131557
v -2.57175829117e-18 1.66250000006 -0.0140000004321
v 0.00535756815225 1.66250000006 -0.0129343131557
v 0.00989949516952 1.66250000006 -0.00989949516952
v 0.0129343131557 1.66250000006 -0.00535756815225
v 0.0144999995828 1.66199999997 0.00000000000
v 0.0133962528780 1.66199999997 0.00554890977219
v 0.0102530485019 1.66199999997 0.0102530485019
v 0.00554890977219 1.66199999997 0.0133962528780
v 8.87868889542e-19 1.66199999997 0.0144999995828
v -0.00554890977219 1.66199999997 0.0133962528780
v -0.0102530485019 1.66199999997 0.0102530485019
v -0.0133962528780 1.66199999997 0.00554890977219
v -0.0144999995828 1.66199999997 1.77573777908e-18
v -0.0133962528780 1.66199999997 -0.00554890977219
v -0.0102530485019 1.66199999997 -0.0102530485019
v -0.00554890977219 1.66199999997 -0.0133962528780
v -2.66360677202e-18 1.66199999997 -0.0144999995828
v 0.00554890977219 1.66199999997 -0.0133962528780
v 0.0102530485019 1.66199999997 -0.0102530485019
v 0.0133962528780 1.66199999997 -0.00554890977219
v 0.0192000009120 1.66199999997 0.00000000000
v 0.0177384875715 1.66199999997 0.00734752183780
v 0.0135764498264 1.66199999997 0.0135764498264
v 0.00734752183780 1.66199999997 0.0177384875715
v 1.17566094788e-18 1.66199999997 0.0192000009120
v -0.00734752183780 1.66199999997 0.0177384875715
v -0.0135764498264 1.66199999997 0.0135764498264
v -0.0177384875715 1.66199999997 0.00734752183780
v -0.0192000009120 1.66199999997 2.35132189575e-18
v -0.0177384875715 1.66199999997 -0.00734752183780
v -0.0135764498264 1.66199999997 -0.0135764498264
v -0.00734752183780 1.66199999997 -0.0177384875715
v -3.52698274023e-18 1.66199999997 -0.0192000009120
v 0.00734752183780 1.66199999997 -0.0177384875715
v 0.0135764498264 1.66199999997 -0.0135764498264
v 0.0177384875715 1.66199999997 -0.00734752183780
v 0.0199999995530 1.66280000001 0.00000000000
v 0.0184775907546 1.66280000001 0.00765366852283
v 0.0141421351582 1.66280000001 0.0141421351582
v 0.00765366852283 1.66280000001 0.0184775907546
v 1.22464679055e-18 1.66280000001 0.0199999995530
v -0.00765366852283 1.66280000001 0.0184775907546
v -0.0141421351582 1.66280000001 0.0141421351582
v -0.0184775907546 1.66280000001 0.00765366852283
v -0.0199999995530 1.66280000001 2.44929358109e-18
v -0.0184775907546 1.66280000001 -0.00765366852283
v -0.0141421351582 1.66280000001 -0.0141421351582
v -0.00765366852283 1.66280000001 -0.0184775907546
v -3.67394047504e-18 1.66280000001 -0.0199999995530
v 0.00765366852283 1.66280000001 -0.0184775907546
v 0.0141421351582 1.66280000001 -0.0141421351582
v 0.0184775907546 1.66280000001 -0.00765366852283
v 0.0199999995530 1.66719999999 0.00000000000
v 0.0184775907546 1.66719999999 0.00765366852283
v 0.0141421351582 1.66719999999 0.0141421351582
v 0.00765366852283 1.66719999999 0.0184775907546
v 1.22464679055e-18 1.66719999999 0.0199999995530
v -0.00765366852283 1.66719999999 0.0184775907546
v -0.0141421351582 1.66719999999 0.0141421351582
v -0.0184775907546 1.66719999999 0.00765366852283
v -0.0199999995530 1.66719999999 2.44929358109e-18
v -0.0184775907546 1.66719999999 -0.00765366852283
v -0.0141421351582 1.66719999999 -0.0141421351582
v -0.00765366852283 1.66719999999 -0.0184775907546
v -3.67394047504e-18 1.66719999999 -0.0199999995530
v 0.00765366852283 1.66719999999 -0.0184775907546
v 0.0141421351582 1.66719999999 -0.0141421351582
v 0.0184775907546 1.66719999999 -0.00765366852283
v 0.0192000009120 1.66800000003 0.00000000000
v 0.0177384875715 1.66800000003 0.00734752183780
v 0.0135764498264 1.66800000003 0.0135764498264
v 0.00734752183780 1.66800000003 0.0177384875715
v 1.17566094788e-18 1.66800000003 0.0192000009120
v -0.00734752183780 1.66800000003 0.0177384875715
v -0.0135764498264 1.66800000003 0.0135764498264
v -0.0177384875715 1.66800000003 0.00734752183780
v -0.0192000009120 1.66800000003 2.35132189575e-18
v -0.0177384875715 1.66800000003 -0.00734752183780
v -0.0135764498264 1.66800000003 -0.0135764498264
v -0.00734752183780 1.66800000003 -0.0177384875715
v -3.52698274023e-18 1.66800000003 -0.0192000009120
v 0.00734752183780 1.66800000003 -0.0177384875715
v 0.0135764498264 1.66800000003 -0.0135764498264
v 0.0177384875715 1.66800000003 -0.00734752183780
v 0.0144999995828 1.66800000003 0.00000000000
v 0.0133962528780 1.66800000003 0.00554890977219
v 0.0102530485019 1.66800000003 0.0102530485019
v 0.00554890977219 1.66800000003 0.0133962528780
v 8.87868889542e-19 1.66800000003 0.0144999995828
v -0.00554890977219 1.66800000003 0.0133962528780
v -0.0102530485019 1.66800000003 0.0102530485019
v -0.0133962528780 1.66800000003 0.00554890977219
v -0.0144999995828 1.66800000003 1.77573777908e-18
v -0.0133962528780 1.66800000003 -0.00554890977219
v -0.0102530485019 1.66800000003 -0.0102530485019
v -0.00554890977219 1.66800000003 -0.0133962528780
v -2.66360677202e-18 1.66800000003 -0.0144999995828
v 0.00554890977219 1.66800000003 -0.0133962528780
v 0.0102530485019 1.66800000003 -0.0102530485019
v 0.0133962528780 1.66800000003 -0.00554890977219
v 0.0140000004321 1.66749999994 0.00000000000
v 0.0129343131557 1.66749999994 0.00535756815225
v 0.00989949516952 1.66749999994 0.00989949516952
v 0.00535756815225 1.66749999994 0.0129343131557
v 8.57252763722e-19 1.66749999994 0.0140000004321
v -0.00535756815225 1.66749999994 0.0129343131557
v -0.00989949516952 1.66749999994 0.00989949516952
v -0.0129343131557 1.66749999994 0.00535756815225
v -0.0140000004321 1.66749999994 1.71450552744e-18
v -0.0129343131557 1.66749999994 -0.00535756815225
v -0.00989949516952 1.66749999994 -0.00989949516952
v -0.00535756815225 1.66749999994 -0.0129343131557
v -2.57175829117e-18 1.66749999994 -0.0140000004321
v 0.00535756815225 1.66749999994 -0.0129343131557
v 0.00989949516952 1.66749999994 -0.00989949516952
v 0.0129343131557 1.66749999994 -0.00535756815225
v 0.0140000004321 1.66600000005 0.00000000000
v 0.0129343131557 1.66600000005 0.00535756815225
v 0.00989949516952 1.66600000005 0.00989949516952
v 0.00535756815225 1.66600000005 0.0129343131557
v 8.57252763722e-19 1.66600000005 0.0140000004321
v -0.00535756815225 1.66600000005 0.0129343131557
v -0.00989949516952 1.66600000005 0.00989949516952
v -0.0129343131557 1.66600000005 0.00535756815225
v -0.0140000004321 1.66600000005 1.71450552744e-18
v -0.0129343131557 1.66600000005 -0.00535756815225
v -0.00989949516952 1.66600000005 -0.00989949516952
v -0.00535756815225 1.66600000005 -0.0129343131557
v -2.57175829117e-18 1.66600000005 -0.0140000004321
v 0.00535756815225 1.66600000005 -0.0129343131557
v 0.00989949516952 1.66600000005 -0.00989949516952
v 0.0129343131557 1.66600000005 -0.00535756815225
v 0.0149999996647 1.66600000005 0.00000000000
v 0.0138581926003 1.66600000005 0.00574025139213
v 0.0106066018343 1.66600000005 0.0106066018343
v 0.00574025139213 1.66600000005 0.0138581926003
v 9.18485118759e-19 1.66600000005 0.0149999996647
v -0.00574025139213 1.66600000005 0.0138581926003
v -0.0106066018343 1.66600000005 0.0106066018343
v -0.0138581926003 1.66600000005 0.00574025139213
v -0.0149999996647 1.66600000005 1.83697023752e-18
v -0.0138581926003 1.66600000005 -0.00574025139213
v -0.0106066018343 1.66600000005 -0.0106066018343
v -0.00574025139213 1.66600000005 -0.0138581926003
v -2.75545525288e-18 1.66600000005 -0.0149999996647
v 0.00574025139213 1.66600000005 -0.0138581926003
v 0.0106066018343 1.66600000005 -0.0106066018343
v 0.0138581926003 1.66600000005 -0.00574025139213
v 0.0149999996647 1.66399999995 0.00000000000
v 0.0138581926003 1.66399999995 0.00574025139213
v 0.0106066018343 1.66399999995 0.0106066018343
v 0.00574025139213 1.66399999995 0.0138581926003
v 9.18485118759e-19 1.66399999995 0.0149999996647
v -0.00574025139213 1.66399999995 0.0138581926003
v -0.0106066018343 1.66399999995 0.0106066018343
v -0.0138581926003 1.66399999995 0.00574025139213
v -0.0149999996647 1.66399999995 1.83697023752e-18
v -0.0138581926003 1.66399999995 -0.00574025139213
v -0.0106066018343 1.66399999995 -0.0106066018343
v -0.00574025139213 1.66399999995 -0.0138581926003
v -2.75545525288e-18 1.66399999995 -0.0149999996647
v 0.00574025139213 1.66399999995 -0.0138581926003
v 0.0106066018343 1.66399999995 -0.0106066018343
v 0.0138581926003 1.66399999995 -0.00574025139213
v 0.0140000004321 1.66399999995 0.00000000000
v 0.0129343131557 1.66399999995 0.00535756815225
v 0.00989949516952 1.66399999995 0.00989949516952
v 0.00535756815225 1.66399999995 0.0129343131557
v 8.57252763722e-19 1.66399999995 0.0140000004321
v -0.00535756815225 1.66399999995 0.0129343131557
v -0.00989949516952 1.66399999995 0.00989949516952
v -0.0129343131557 1.66399999995 0.00535756815225
v -0.0140000004321 1.66399999995 1.71450552744e-18
v -0.0129343131557 1.66399999995 -0.00535756815225
v -0.00989949516952 1.66399999995 -0.00989949516952
v -0.00535756815225 1.66399999995 -0.0129343131557
v -2.57175829117e-18 1.66399999995 -0.0140000004321
v 0.00535756815225 1.66399999995 -0.0129343131557
v 0.00989949516952 1.66399999995 -0.00989949516952
v 0.0129343131557 1.66399999995 -0.00535756815225
vt 0 0
vt 0.0625 0
vt 0.125 0
vt 0.1875 0
vt 0.25 0
vt 0.3125 0
vt 0.375 0
vt 0.4375 0
vt 0.5 0
vt 0.5625 0
vt 0.625 0
vt 0.6875 0
vt 0.75 0
vt 0.8125 0
vt 0.875 0
vt 0.9375 0
vt 0 0.0833333358168602
vt 0.0625 0.0833333358168602
vt 0.125 0.0833333358168602
vt 0.1875 0.0833333358168602
vt 0.25 0.0833333358168602
vt 0.3125 0.0833333358168602
vt 0.375 0.0833333358168602
vt 0.4375 0.0833333358168602
vt 0.5 0.0833333358168602
vt 0.5625 0.0833333358168602
vt 0.625 0.0833333358168602
vt 0.6875 0.0833333358168602
vt 0.75 0.0833333358168602
vt 0.8125 0.0833333358168602
vt 0.875 0.0833333358168602
vt 0.9375 0.0833333358168602
vt 0 0.1666666716337204
vt 0.0625 0.1666666716337204
vt 0.125 0.1666666716337204
vt 0.1875 0.1666666716337204
vt 0.25 0.1666666716337204
vt 0.3125 0.1666666716337204
vt 0.375 0.1666666716337204
vt 0.4375 0.1666666716337204
vt 0.5 0.1666666716337204
vt 0.5625 0.1666666716337204
vt 0.625 0.1666666716337204
vt 0.6875 0.1666666716337204
vt 0.75 0.1666666716337204
vt 0.8125 0.1666666716337204
vt 0.875 0.1666666716337204
vt 0.9375 0.1666666716337204
vt 0 0.25
vt 0.0625 0.25
vt 0.125 0.25
vt 0.1875 0.25
vt 0.25 0.25
vt 0.3125 0.25
vt 0.375 0.25
vt 0.4375 0.25
vt 0.5 0.25
vt 0.5625 0.25
vt 0.625 0.25
vt 0.6875 0.25
vt 0.75 0.25
vt 0.8125 0.25
vt 0.875 0.25
vt 0.9375 0.25
vt 0 0.3333333432674408
vt 0.0625 0.3333333432674408
vt 0.125 0.3333333432674408
vt 0.1875 0.3333333432674408
vt 0.25 0.3333333432674408
vt 0.3125 0.3333333432674408
vt 0.375 0.3333333432674408
vt 0.4375 0.3333333432674408
vt 0.5 0.3333333432674408
vt 0.5625 0.3333333432674408
vt 0.625 0.3333333432674408
vt 0.6875 0.3333333432674408
vt 0.75 0.3333333432674408
vt 0.8125 0.3333333432674408
vt 0.875 0.3333333432674408
vt 0.9375 0.3333333432674408
vt 0 0.4166666567325592
vt 0.0625 0.4166666567325592
vt 0.125 0.4166666567325592
vt 0.1875 0.4166666567325592
vt 0.25 0.4166666567325592
vt 0.3125 0.4166666567325592
vt 0.375 0.4166666567325592
vt 0.4375 0.4166666567325592
vt 0.5 0.4166666567325592
vt 0.5625 0.4166666567325592
vt 0.625 0.4166666567325592
vt 0.6875 0.4166666567325592
vt 0.75 0.4166666567325592
vt 0.8125 0.4166666567325592
vt 0.875 0.4166666567325592
vt 0.9375 0.4166666567325592
vt 0 0.5
vt 0.0625 0.5
vt 0.125 0.5
vt 0.1875 0.5
vt 0.25 0.5
vt 0.3125 0.5
vt 0.375 0.5
vt 0.4375 0.5
vt 0.5 0.5
vt 0.5625 0.5
vt 0.625 0.5
vt 0.6875 0.5
vt 0.75 0.5
vt 0.8125 0.5
vt 0.875 0.5
vt 0.9375 0.5
vt 0 0.5833333134651184
vt 0.0625 0.5833333134651184
vt 0.125 0.5833333134651184
vt 0.1875 0.5833333134651184
vt 0.25 0.5833333134651184
vt 0.3125 0.5833333134651184
vt 0.375 0.5833333134651184
vt 0.4375 0.5833333134651184
vt 0.5 0.5833333134651184
vt 0.5625 0.5833333134651184
vt 0.625 0.5833333134651184
vt 0.6875 0.5833333134651184
vt 0.75 0.5833333134651184
vt 0.8125 0.5833333134651184
vt 0.875 0.5833333134651184
vt 0.9375 0.5833333134651184
vt 0 0.6666666865348816
vt 0.0625 0.6666666865348816
vt 0.125 0.6666666865348816
vt 0.1875 0.6666666865348816
vt 0.25 0.6666666865348816
vt 0.3125 0.6666666865348816
vt 0.375 0.6666666865348816
vt 0.4375 0.6666666865348816
vt 0.5 0.6666666865348816
vt 0.5625 0.6666666865348816
vt 0.625 0.6666666865348816
vt 0.6875 0.6666666865348816
vt 0.75 0.6666666865348816
vt 0.8125 0.6666666865348816
vt 0.875 0.6666666865348816
vt 0.9375 0.6666666865348816
vt 0 0.75
vt 0.0625 0.75
vt 0.125 0.75
vt 0.1875 0.75
vt 0.25 0.75
vt 0.3125 0.75
vt 0.375 0.75
vt 0.4375 0.75
vt 0.5 0.75
vt 0.5625 0.75
vt 0.625 0.75
vt 0.6875 0.75
vt 0.75 0.75
vt 0.8125 0.75
vt 0.875 0.75
vt 0.9375 0.75
vt 0 0.8333333134651184
vt 0.0625 0.8333333134651184
vt 0.125 0.8333333134651184
vt 0.1875 0.8333333134651184
vt 0.25 0.8333333134651184
vt 0.3125 0.8333333134651184
vt 0.375 0.8333333134651184
vt 0.4375 0.8333333134651184
vt 0.5 0.8333333134651184
vt 0.5625 0.8333333134651184
vt 0.625 0.8333333134651184
vt 0.6875 0.8333333134651184
vt 0.75 0.8333333134651184
vt 0.8125 0.8333333134651184
vt 0.875 0.8333333134651184
vt 0.9375 0.8333333134651184
vt 0 0.9166666865348816
vt 0.0625 0.9166666865348816
vt 0.125 0.9166666865348816
vt 0.1875 0.9166666865348816
vt 0.25 0.9166666865348816
vt 0.3125 0.9166666865348816
vt 0.375 0.9166666865348816
vt 0.4375 0.9166666865348816
vt 0.5 0.9166666865348816
vt 0.5625 0.9166666865348816
vt 0.625 0.9166666865348816
vt 0.6875 0.9166666865348816
vt 0.75 0.9166666865348816
vt 0.8125 0.9166666865348816
vt 0.875 0.9166666865348816
vt 0.9375 0.9166666865348816
vn -0.969152671901 -0.244444753392 -0.0314620578705
vn -0.883340303477 -0.244444863211 -0.399945767702
vn -0.663047370146 -0.244444980056 -0.707541402794
vn -0.341811530282 -0.244444990783 -0.907420257790
vn 0.0314620543781 -0.244444725399 -0.969152679075
vn 0.399945767702 -0.244444863211 -0.883340303477
vn 0.707541402794 -0.244444980056 -0.663047370146
vn 0.907420257790 -0.244444990783 -0.341811530282
vn 0.969152679075 -0.244444725399 0.0314620543781
vn 0.883340303477 -0.244444863211 0.399945767702
vn 0.663047370146 -0.244444980056 0.707541402794
vn 0.341811530282 -0.244444990783 0.907420257790
vn -0.0314620543781 -0.244444725399 0.969152679075
vn -0.399945767702 -0.244444863211 0.883340303477
vn -0.707541402794 -0.244444980056 0.663047370146
vn -0.907420257790 -0.244444990783 0.341811530282
vn -0.0863544123290 -0.996248783879 -0.00559250313160
vn -0.0776409210426 -0.996248783800 -0.0382131934979
vn -0.0571073033404 -0.996248782533 -0.0650162995418
vn -0.0278796107080 -0.996248783479 -0.0819212348747
vn 0.00559250313160 -0.996248783879 -0.0863544123290
vn 0.0382131934979 -0.996248783800 -0.0776409210426
vn 0.0650162995418 -0.996248782533 -0.0571073033404
vn 0.0819212348747 -0.996248783479 -0.0278796107080
vn 0.0863544123290 -0.996248783879 0.00559250313160
vn 0.0776409210426 -0.996248783800 0.0382131934979
vn 0.0571073033404 -0.996248782533 0.0650162995418
vn 0.0278796107080 -0.996248783479 0.0819212348747
vn -0.00559250313160 -0.996248783879 0.0863544123290
vn -0.0382131934979 -0.996248783800 0.0776409210426
vn -0.0650162995418 -0.996248782533 0.0571073033404
vn -0.0819212348747 -0.996248783479 0.0278796107080
vn 0.156233652376 -0.987662785566 -0.0106427380100
vn 0.148413880463 -0.987662784241 0.0499554272438
vn 0.117999433415 -0.987662783367 0.102948336872
vn 0.0696206461174 -0.987662786263 0.140268265357
vn 0.0106427380100 -0.987662785566 0.156233652376
vn -0.0499554272438 -0.987662784241 0.148413880463
vn -0.102948336872 -0.987662783367 0.117999433415
vn -0.140268265357 -0.987662786263 0.0696206461174
vn -0.156233652376 -0.987662785566 0.0106427380100
vn -0.148413880463 -0.987662784241 -0.0499554272438
vn -0.117999433415 -0.987662783367 -0.102948336872
vn -0.0696206461174 -0.987662786263 -0.140268265357
vn -0.0106427380100 -0.987662785566 -0.156233652376
vn 0.0499554272438 -0.987662784241 -0.148413880463
vn 0.102948336872 -0.987662783367 -0.117999433415
vn 0.140268265357 -0.987662786263 -0.0696206461174
vn 0.987589915816 -0.150219026284 -0.0458301464106
vn 0.929952536657 -0.150219153268 0.335592737641
vn 0.730738287862 -0.150219188304 0.665924733073
vn 0.420275867327 -0.150219082955 0.894875646366
vn 0.0458301501281 -0.150219026258 0.987589915648
vn -0.335592737641 -0.150219153268 0.929952536657
vn -0.665924733073 -0.150219188304 0.730738287862
vn -0.894875646366 -0.150219082955 0.420275867327
vn -0.987589915648 -0.150219026258 0.0458301501281
vn -0.929952536657 -0.150219153268 -0.335592737641
vn -0.730738287862 -0.150219188304 -0.665924733073
vn -0.420275867327 -0.150219082955 -0.894875646366
vn -0.0458301501281 -0.150219026258 -0.987589915648
vn 0.335592737641 -0.150219153268 -0.929952536657
vn 0.665924733073 -0.150219188304 -0.730738287862
vn 0.894875646366 -0.150219082955 -0.420275867327
vn 0.987589915985 0.150219026309 0.0458301426931
vn 0.894875646366 0.150219082955 0.420275867327
vn 0.665924733073 0.150219188304 0.730738287862
vn 0.335592737641 0.150219153268 0.929952536657
vn -0.0458301464106 0.150219026284 0.987589915816
vn -0.420275867327 0.150219082955 0.894875646366
vn -0.730738287862 0.150219188304 0.665924733073
vn -0.929952536657 0.150219153268 0.335592737641
vn -0.987589915816 0.150219026284 -0.0458301464106
vn -0.894875646366 0.150219082955 -0.420275867327
vn -0.665924733073 0.150219188304 -0.730738287862
vn -0.335592737641 0.150219153268 -0.929952536657
vn 0.0458301464106 0.150219026284 -0.987589915816
vn 0.420275867327 0.150219082955 -0.894875646366
vn 0.730738287862 0.150219188304 -0.665924733073
vn 0.929952536657 0.150219153268 -0.335592737641
vn 0.156233637840 0.987662787876 0.0106427371035
vn 0.140268236214 0.987662790904 0.0696206389940
vn 0.102948336872 0.987662783367 0.117999433415
vn 0.0499554309598 0.987662784057 0.148413880435
vn -0.0106427380100 0.987662785566 0.156233652376
vn -0.0696206389940 0.987662790904 0.140268236214
vn -0.117999433415 0.987662783367 0.102948336872
vn -0.148413880435 0.987662784057 0.0499554309598
vn -0.156233652376 0.987662785566 -0.0106427380100
vn -0.140268236214 0.987662790904 -0.0696206389940
vn -0.102948336872 0.987662783367 -0.117999433415
vn -0.0499554309598 0.987662784057 -0.148413880435
vn 0.0106427380100 0.987662785566 -0.156233652376
vn 0.0696206389940 0.987662790904 -0.140268236214
vn 0.117999433415 0.987662783367 -0.102948336872
vn 0.148413880435 0.987662784057 -0.0499554309598
vn -0.0863544197240 0.996248783238 0.00559250312800
vn -0.0819212496674 0.996248782159 -0.0278796143964
vn -0.0650162995141 0.996248782109 -0.0571073107667
vn -0.0382131934979 0.996248783800 -0.0776409210426
vn -0.00559250266955 0.996248784522 -0.0863544049342
vn 0.0278796143964 0.996248782159 -0.0819212496674
vn 0.0571073107667 0.996248782109 -0.0650162995141
vn 0.0776409210426 0.996248783800 -0.0382131934979
vn 0.0863544049342 0.996248784522 -0.00559250266955
vn 0.0819212496674 0.996248782159 0.0278796143964
vn 0.0650162995141 0.996248782109 0.0571073107667
vn 0.0382131934979 0.996248783800 0.0776409210426
vn 0.00559250266955 0.996248784522 0.0863544049342
vn -0.0278796143964 0.996248782159 0.0819212496674
vn -0.0571073107667 0.996248782109 0.0650162995141
vn -0.0776409210426 0.996248783800 0.0382131934979
vn -0.969152672015 0.244444753421 0.0314620541489
vn -0.907420257790 0.244444990783 -0.341811530282
vn -0.707541400217 0.244444994067 -0.663047367731
vn -0.399945767702 0.244444863211 -0.883340303477
vn -0.0314620578705 0.244444753392 -0.969152671901
vn 0.341811530282 0.244444990783 -0.907420257790
vn 0.663047367731 0.244444994067 -0.707541400217
vn 0.883340303477 0.244444863211 -0.399945767702
vn 0.969152671901 0.244444753392 -0.0314620578705
vn 0.907420257790 0.244444990783 0.341811530282
vn 0.707541400217 0.244444994067 0.663047367731
vn 0.399945767702 0.244444863211 0.883340303477
vn 0.0314620578705 0.244444753392 0.969152671901
vn -0.341811530282 0.244444990783 0.907420257790
vn -0.663047367731 0.244444994067 0.707541400217
vn -0.883340303477 0.244444863211 0.399945767702
vn -0.824714248869 -0.562899891286 -0.0546819906575
vn -0.741010669908 -0.562900009821 -0.366123976307
vn -0.544494937312 -0.562900077109 -0.621826958592
vn -0.265084924476 -0.562900070968 -0.782862371633
vn 0.0546819869433 -0.562899891401 -0.824714249037
vn 0.366123976307 -0.562900009821 -0.741010669908
vn 0.621826958592 -0.562900077109 -0.544494937312
vn 0.782862371633 -0.562900070968 -0.265084924476
vn 0.824714249037 -0.562899891401 0.0546819869433
vn 0.741010669908 -0.562900009821 0.366123976307
vn 0.544494937312 -0.562900077109 0.621826958592
vn 0.265084924476 -0.562900070968 0.782862371633
vn -0.0546819869433 -0.562899891401 0.824714249037
vn -0.366123976307 -0.562900009821 0.741010669908
vn -0.621826958592 -0.562900077109 0.544494937312
vn -0.782862371633 -0.562900070968 0.265084924476
vn -0.896794876988 -0.438432793348 0.0594612001656
vn -0.851285181648 -0.438432943262 -0.288253523429
vn -0.676175122346 -0.438432964849 -0.592084233242
vn -0.398123439301 -0.438432838280 -0.805775634651
vn -0.0594612075899 -0.438432793153 -0.896794876591
vn 0.288253523429 -0.438432943262 -0.851285181648
vn 0.592084233242 -0.438432964849 -0.676175122346
vn 0.805775634651 -0.438432838280 -0.398123439301
vn 0.896794876591 -0.438432793153 -0.0594612075899
vn 0.851285181648 -0.438432943262 0.288253523429
vn 0.676175122346 -0.438432964849 0.592084233242
vn 0.398123439301 -0.438432838280 0.805775634651
vn 0.0594612075899 -0.438432793153 0.896794876591
vn -0.288253523429 -0.438432943262 0.851285181648
vn -0.592084233242 -0.438432964849 0.676175122346
vn -0.805775634651 -0.438432838280 0.398123439301
vn -0.896794876591 0.438432793153 -0.0594612075899
vn -0.805775593657 0.438432878208 -0.398123478298
vn -0.592084287424 0.438432901229 -0.676175116153
vn -0.288253481476 0.438432924782 -0.851285205371
vn 0.0594612001656 0.438432793348 -0.896794876988
vn 0.398123478298 0.438432878208 -0.805775593657
vn 0.676175116153 0.438432901229 -0.592084287424
vn 0.851285205371 0.438432924782 -0.288253481476
vn 0.896794876988 0.438432793348 0.0594612001656
vn 0.805775593657 0.438432878208 0.398123478298
vn 0.592084287424 0.438432901229 0.676175116153
vn 0.288253481476 0.438432924782 0.851285205371
vn -0.0594612001656 0.438432793348 0.896794876988
vn -0.398123478298 0.438432878208 0.805775593657
vn -0.676175116153 0.438432901229 0.592084287424
vn -0.851285205371 0.438432924782 0.288253481476
vn -0.824714249037 0.562899891401 0.0546819869433
vn -0.782862365448 0.562900066521 -0.265084952185
vn -0.621826958592 0.562900077109 -0.544494937312
vn -0.366123972420 0.562899944240 -0.741010721646
vn -0.0546819906575 0.562899891286 -0.824714248869
vn 0.265084952185 0.562900066521 -0.782862365448
vn 0.544494937312 0.562900077109 -0.621826958592
vn 0.741010721646 0.562899944240 -0.366123972420
vn 0.824714248869 0.562899891286 -0.0546819906575
vn 0.782862365448 0.562900066521 0.265084952185
vn 0.621826958592 0.562900077109 0.544494937312
vn 0.366123972420 0.562899944240 0.741010721646
vn 0.0546819906575 0.562899891286 0.824714248869
vn -0.265084952185 0.562900066521 0.782862365448
vn -0.544494937312 0.562900077109 0.621826958592
vn -0.741010721646 0.562899944240 0.366123972420
f 2302/2302/2302 2318/2318/2318 2303/2303/2303
f 2303/2303/2303 2318/2318/2318 2319/2319/2319
f 2303/2303/2303 2319/2319/2319 2304/2304/2304
f 2304/2304/2304 2319/2319/2319 2320/2320/2320
f 2304/2304/2304 2320/2320/2320 2305/2305/2305
f 2305/2305/2305 2320/2320/2320 2321/2321/2321
f 2305/2305/2305 2321/2321/2321 2306/2306/2306
f 2306/2306/2306 2321/2321/2321 2322/2322/2322
f 2306/2306/2306 2322/2322/2322 2307/2307/2307
f 2307/2307/2307 2322/2322/2322 2323/2323/2323
f 2307/2307/2307 2323/2323/2323 2308/2308/2308
f 2308/2308/2308 2323/2323/2323 2324/2324/2324
f 2308/2308/2308 2324/2324/2324 2309/2309/2309
f 2309/2309/2309 2324/2324/2324 2325/2325/2325
f 2309/2309/2309 2325/2325/2325 2310/2310/2310
f 2310/2310/2310 2325/2325/2325 2326/2326/2326
f 2310/2310/2310 2326/2326/2326 2311/2311/2311
f 2311/2311/2311 2326/2326/2326 2327/2327/2327
f 2311/2311/2311 2327/2327/2327 2312/2312/2312
f 2312/2312/2312 2327/2327/2327 2328/2328/2328
f 2312/2312/2312 2328/2328/2328 2313/2313/2313
f 2313/2313/2313 2328/2328/2328 2329/2329/2329
f 2313/2313/2313 2329/2329/2329 2314/2314/2314
f 2314/2314/2314 2329/2329/2329 2330/2330/2330
f 2314/2314/2314 2330/2330/2330 2315/2315/2315
f 2315/2315/2315 2330/2330/2330 2331/2331/2331
f 2315/2315/2315 2331/2331/2331 2316/2316/2316
f 2316/2316/2316 2331/2331/2331 2332/2332/2332
f 2316/2316/2316 2332/2332/2332 2317/2317/2317
f 2317/2317/2317 2332/2332/2332 2333/2333/2333
f 2317/2317/2317 2333/2333/2333 2302/2302/2302
f 2302/2302/2302 2333/2333/2333 2318/2318/2318
f 2318/2318/2318 2334/2334/2334 2319/2319/2319
f 2319/2319/2319 2334/2334/2334 2335/2335/2335
f 2319/2319/2319 2335/2335/2335 2320/2320/2320
f 2320/2320/2320 2335/2335/2335 2336/2336/2336
f 2320/2320/2320 2336/2336/2336 2321/2321/2321
f 2321/2321/2321 2336/2336/2336 2337/2337/2337
f 2321/2321/2321 2337/2337/2337 2322/2322/2322
f 2322/2322/2322 2337/2337/2337 2338/2338/2338
f 2322/2322/2322 2338/2338/2338 2323/2323/2323
f 2323/2323/2323 2338/2338/2338 2339/2339/2339
f 2323/2323/2323 2339/2339/2339 2324/2324/2324
f 2324/2324/2324 2339/2339/2339 2340/2340/2340
f 2324/2324/2324 2340/2340/2340 2325/2325/2325
f 2325/2325/2325 2340/2340/2340 2341/2341/2341
f 2325/2325/2325 2341/2341/2341 2326/2326/2326
f 2326/2326/2326 2341/2341/2341 2342/2342/2342
f 2326/2326/2326 2342/2342/2342 2327/2327/2327
f 2327/2327/2327 2342/2342/2342 2343/2343/2343
f 2327/2327/2327 2343/2343/2343 2328/2328/2328
f 2328/2328/2328 2343/2343/2343 2344/2344/2344
f 2328/2328/2328 2344/2344/2344 2329/2329/2329
f 2329/2329/2329 2344/2344/2344 2345/2345/2345
f 2329/2329/2329 2345/2345/2345 2330/2330/2330
f 2330/2330/2330 2345/2345/2345 2346/2346/2346
f 2330/2330/2330 2346/2346/2346 2331/2331/2331
f 2331/2331/2331 2346/2346/2346 2347/2347/2347
f 2331/2331/2331 2347/2347/2347 2332/2332/2332
f 2332/2332/2332 2347/2347/2347 2348/2348/2348
f 2332/2332/2332 2348/2348/2348 2333/2333/2333
f 2333/2333/2333 2348/2348/2348 2349/2349/2349
f 2333/2333/2333 2349/2349/2349 2318/2318/2318
f 2318/2318/2318 2349/2349/2349 2334/2334/2334
f 2334/2334/2334 2350/2350/2350 2335/2335/2335
f 2335/2335/2335 2350/2350/2350 2351/2351/2351
f 2335/2335/2335 2351/2351/2351 2336/2336/2336
f 2336/2336/2336 2351/2351/2351 2352/2352/2352
f 2336/2336/2336 2352/2352/2352 2337/2337/2337
f 2337/2337/2337 2352/2352/2352 2353/2353/2353
f 2337/2337/2337 2353/2353/2353 2338/2338/2338
f 2338/2338/2338 2353/2353/2353 2354/2354/2354
f 2338/2338/2338 2354/2354/2354 2339/2339/2339
f 2339/2339/2339 2354/2354/2354 2355/2355/2355
f 2339/2339/2339 2355/2355/2355 2340/2340/2340
f 2340/2340/2340 2355/2355/2355 2356/2356/2356
f 2340/2340/2340 2356/2356/2356 2341/2341/2341
f 2341/2341/2341 2356/2356/2356 2357/2357/2357
f 2341/2341/2341 2357/2357/2357 2342/2342/2342
f 2342/2342/2342 2357/2357/2357 2358/2358/2358
f 2342/2342/2342 2358/2358/2358 2343/2343/2343
f 2343/2343/2343 2358/2358/2358 2359/2359/2359
f 2343/2343/2343 2359/2359/2359 2344/2344/2344
f 2344/2344/2344 2359/2359/2359 2360/2360/2360
f 2344/2344/2344 2360/2360/2360 2345/2345/2345
f 2345/2345/2345 2360/2360/2360 2361/2361/2361
f 2345/2345/2345 2361/2361/2361 2346/2346/2346
f 2346/2346/2346 2361/2361/2361 2362/2362/2362
f 2346/2346/2346 2362/2362/2362 2347/2347/2347
f 2347/2347/2347 2362/2362/2362 2363/2363/2363
f 2347/2347/2347 2363/2363/2363 2348/2348/2348
f 2348/2348/2348 2363/2363/2363 2364/2364/2364
f 2348/2348/2348 2364/2364/2364 2349/2349/2349
f 2349/2349/2349 2364/2364/2364 2365/2365/2365
f 2349/2349/2349 2365/2365/2365 2334/2334/2334
f 2334/2334/2334 2365/2365/2365 2350/2350/2350
f 2350/2350/2350 2366/2366/2366 2351/2351/2351
f 2351/2351/2351 2366/2366/2366 2367/2367/2367
f 2351/2351/2351 2367/2367/2367 2352/2352/2352
f 2352/2352/2352 2367/2367/2367 2368/2368/2368
f 2352/2352/2352 2368/2368/2368 2353/2353/2353
f 2353/2353/2353 2368/2368/2368 2369/2369/2369
f 2353/2353/2353 2369/2369/2369 2354/2354/2354
f 2354/2354/2354 2369/2369/2369 2370/2370/2370
f 2354/2354/2354 2370/2370/2370 2355/2355/2355
f 2355/2355/2355 2370/2370/2370 2371/2371/2371
f 2355/2355/2355 2371/2371/2371 2356/2356/2356
f 2356/2356/2356 2371/2371/2371 2372/2372/2372
f 2356/2356/2356 2372/2372/2372 2357/2357/2357
f 2357/2357/2357 2372/2372/2372 2373/2373/2373
f 2357/2357/2357 2373/2373/2373 2358/2358/2358
f 2358/2358/2358 2373/2373/2373 2374/2374/2374
f 2358/2358/2358 2374/2374/2374 2359/2359/2359
f 2359/2359/2359 2374/2374/2374 2375/2375/2375
f 2359/2359/2359 2375/2375/2375 2360/2360/2360
f 2360/2360/2360 2375/2375/2375 2376/2376/2376
f 2360/2360/2360 2376/2376/2376 2361/2361/2361
f 2361/2361/2361 2376/2376/2376 2377/2377/2377
f 2361/2361/2361 2377/2377/2377 2362/2362/2362
f 2362/2362/2362 2377/2377/2377 2378/2378/2378
f 2362/2362/2362 2378/2378/2378 2363/2363/2363
f 2363/2363/2363 2378/2378/2378 2379/2379/2379
f 2363/2363/2363 2379/2379/2379 2364/2364/2364
f 2364/2364/2364 2379/2379/2379 2380/2380/2380
f 2364/2364/2364 2380/2380/2380 2365/2365/2365
f 2365/2365/2365 2380/2380/2380 2381/2381/2381
f 2365/2365/2365 2381/2381/2381 2350/2350/2350
f 2350/2350/2350 2381/2381/2381 2366/2366/2366
f 2366/2366/2366 2382/2382/2382 2367/2367/2367
f 2367/2367/2367 2382/2382/2382 2383/2383/2383
f 2367/2367/2367 2383/2383/2383 2368/2368/2368
f 2368/2368/2368 2383/2383/2383 2384/2384/2384
f 2368/2368/2368 2384/2384/2384 2369/2369/2369
f 2369/2369/2369 2384/2384/2384 2385/2385/2385
f 2369/2369/2369 2385/2385/2385 2370/2370/2370
f 2370/2370/2370 2385/2385/2385 2386/2386/2386
f 2370/2370/2370 2386/2386/2386 2371/2371/2371
f 2371/2371/2371 2386/2386/2386 2387/2387/2387
f 2371/2371/2371 2387/2387/2387 2372/2372/2372
f 2372/2372/2372 2387/2387/2387 2388/2388/2388
f 2372/2372/2372 2388/2388/2388 2373/2373/2373
f 2373/2373/2373 2388/2388/2388 2389/2389/2389
f 2373/2373/2373 2389/2389/2389 2374/2374/2374
f 2374/2374/2374 2389/2389/2389 2390/2390/2390
f 2374/2374/2374 2390/2390/2390 2375/2375/2375
f 2375/2375/2375 2390/2390/2390 2391/2391/2391
f 2375/2375/2375 2391/2391/2391 2376/2376/2376
f 2376/2376/2376 2391/2391/2391 2392/2392/2392
f 2376/2376/2376 2392/2392/2392 2377/2377/2377
f 2377/2377/2377 2392/2392/2392 2393/2393/2393
f 2377/2377/2377 2393/2393/2393 2378/2378/2378
f 2378/2378/2378 2393/2393/2393 2394/2394/2394
f 2378/2378/2378 2394/2394/2394 2379/2379/2379
f 2379/2379/2379 2394/2394/2394 2395/2395/2395
f 2379/2379/2379 2395/2395/2395 2380/2380/2380
f 2380/2380/2380 2395/2395/2395 2396/2396/2396
f 2380/2380/2380 2396/2396/2396 2381/2381/2381
f 2381/2381/2381 2396/2396/2396 2397/2397/2397
f 2381/2381/2381 2397/2397/2397 2366/2366/2366
f 2366/2366/2366 2397/2397/2397 2382/2382/2382
f 2382/2382/2382 2398/2398/2398 2383/2383/2383
f 2383/2383/2383 2398/2398/2398 2399/2399/2399
f 2383/2383/2383 2399/2399/2399 2384/2384/2384
f 2384/2384/2384 2399/2399/2399 2400/2400/2400
f 2384/2384/2384 2400/2400/2400 2385/2385/2385
f 2385/2385/2385 2400/2400/2400 2401/2401/2401
f 2385/2385/2385 2401/2401/2401 2386/2386/2386
f 2386/2386/2386 2401/2401/2401 2402/2402/2402
f 2386/2386/2386 2402/2402/2402 2387/2387/2387
f 2387/2387/2387 2402/2402/2402 2403/2403/2403
f 2387/2387/2387 2403/2403/2403 2388/2388/2388
f 2388/2388/2388 2403/2403/2403 2404/2404/2404
f 2388/2388/2388 2404/2404/2404 2389/2389/2389
f 2389/2389/2389 2404/2404/2404 2405/2405/2405
f 2389/2389/2389 2405/2405/2405 2390/2390/2390
f 2390/2390/2390 2405/2405/2405 2406/2406/2406
f 2390/2390/2390 2406/2406/2406 2391/2391/2391
f 2391/2391/2391 2406/2406/2406 2407/2407/2407
f 2391/2391/2391 2407/2407/2407 2392/2392/2392
f 2392/2392/2392 2407/2407/2407 2408/2408/2408
f 2392/2392/2392 2408/2408/2408 2393/2393/2393
f 2393/2393/2393 2408/2408/2408 2409/2409/2409
f 2393/2393/2393 2409/2409/2409 2394/2394/2394
f 2394/2394/2394 2409/2409/2409 2410/2410/2410
f 2394/2394/2394 2410/2410/2410 2395/2395/2395
f 2395/2395/2395 2410/2410/2410 2411/2411/2411
f 2395/2395/2395 2411/2411/2411 2396/2396/2396
f 2396/2396/2396 2411/2411/2411 2412/2412/2412
f 2396/2396/2396 2412/2412/2412 2397/2397/2397
f 2397/2397/2397 2412/2412/2412 2413/2413/2413
f 2397/2397/2397 2413/2413/2413 2382/2382/2382
f 2382/2382/2382 2413/2413/2413 2398/2398/2398
f 2398/2398/2398 2414/2414/2414 2399/2399/2399
f 2399/2399/2399 2414/2414/2414 2415/2415/2415
f 2399/2399/2399 2415/2415/2415 2400/2400/2400
f 2400/2400/2400 2415/2415/2415 2416/2416/2416
f 2400/2400/2400 2416/2416/2416 2401/2401/2401
f 2401/2401/2401 2416/2416/2416 2417/2417/2417
f 2401/2401/2401 2417/2417/2417 2402/2402/2402
f 2402/2402/2402 2417/2417/2417 2418/2418/2418
f 2402/2402/2402 2418/2418/2418 2403/2403/2403
f 2403/2403/2403 2418/2418/2418 2419/2419/2419
f 2403/2403/2403 2419/2419/2419 2404/2404/2404
f 2404/2404/2404 2419/2419/2419 2420/2420/2420
f 2404/2404/2404 2420/2420/2420 2405/2405/2405
f 2405/2405/2405 2420/2420/2420 2421/2421/2421
f 2405/2405/2405 2421/2421/2421 2406/2406/2406
f 2406/2406/2406 2421/2421/2421 2422/2422/2422
f 2406/2406/2406 2422/2422/2422 2407/2407/2407
f 2407/2407/2407 2422/2422/2422 2423/2423/2423
f 2407/2407/2407 2423/2423/2423 2408/2408/2408
f 2408/2408/2408 2423/2423/2423 2424/2424/2424
f 2408/2408/2408 2424/2424/2424 2409/2409/2409
f 2409/2409/2409 2424/2424/2424 2425/2425/2425
f 2409/2409/2409 2425/2425/2425 2410/2410/2410
f 2410/2410/2410 2425/2425/2425 2426/2426/2426
f 2410/2410/2410 2426/2426/2426 2411/2411/2411
f 2411/2411/2411 2426/2426/2426 2427/2427/2427
f 2411/2411/2411 2427/2427/2427 2412/2412/2412
f 2412/2412/2412 2427/2427/2427 2428/2428/2428
f 2412/2412/2412 2428/2428/2428 2413/2413/2413
f 2413/2413/2413 2428/2428/2428 2429/2429/2429
f 2413/2413/2413 2429/2429/2429 2398/2398/2398
f 2398/2398/2398 2429/2429/2429 2414/2414/2414
f 2414/2414/2414 2430/2430/2430 2415/2415/2415
f 2415/2415/2415 2430/2430/2430 2431/2431/2431
f 2415/2415/2415 2431/2431/2431 2416/2416/2416
f 2416/2416/2416 2431/2431/2431 2432/2432/2432
f 2416/2416/2416 2432/2432/2432 2417/2417/2417
f 2417/2417/2417 2432/2432/2432 2433/2433/2433
f 2417/2417/2417 2433/2433/2433 2418/2418/2418
f 2418/2418/2418 2433/2433/2433 2434/2434/2434
f 2418/2418/2418 2434/2434/2434 2419/2419/2419
f 2419/2419/2419 2434/2434/2434 2435/2435/2435
f 2419/2419/2419 2435/2435/2435 2420/2420/2420
f 2420/2420/2420 2435/2435/2435 2436/2436/2436
f 2420/2420/2420 2436/2436/2436 2421/2421/2421
f 2421/2421/2421 2436/2436/2436 2437/2437/2437
f 2421/2421/2421 2437/2437/2437 2422/2422/2422
f 2422/2422/2422 2437/2437/2437 2438/2438/2438
f 2422/2422/2422 2438/2438/2438 2423/2423/2423
f 2423/2423/2423 2438/2438/2438 2439/2439/2439
f 2423/2423/2423 2439/2439/2439 2424/2424/2424
f 2424/2424/2424 2439/2439/2439 2440/2440/2440
f 2424/2424/2424 2440/2440/2440 2425/2425/2425
f 2425/2425/2425 2440/2440/2440 2441/2441/2441
f 2425/2425/2425 2441/2441/2441 2426/2426/2426
f 2426/2426/2426 2441/2441/2441 2442/2442/2442
f 2426/2426/2426 2442/2442/2442 2427/2427/2427
f 2427/2427/2427 2442/2442/2442 2443/2443/2443
f 2427/2427/2427 2443/2443/2443 2428/2428/2428
f 2428/2428/2428 2443/2443/2443 2444/2444/2444
f 2428/2428/2428 2444/2444/2444 2429/2429/2429
f 2429/2429/2429 2444/2444/2444 2445/2445/2445
f 2429/2429/2429 2445/2445/2445 2414/2414/2414
f 2414/2414/2414 2445/2445/2445 2430/2430/2430
f 2430/2430/2430 2446/2446/2446 2431/2431/2431
f 2431/2431/2431 2446/2446/2446 2447/2447/2447
f 2431/2431/2431 2447/2447/2447 2432/2432/2432
f 2432/2432/2432 2447/2447/2447 2448/2448/2448
f 2432/2432/2432 2448/2448/2448 2433/2433/2433
f 2433/2433/2433 2448/2448/2448 2449/2449/2449
f 2433/2433/2433 2449/2449/2449 2434/2434/2434
f 2434/2434/2434 2449/2449/2449 2450/2450/2450
f 2434/2434/2434 2450/2450/2450 2435/2435/2435
f 2435/2435/2435 2450/2450/2450 2451/2451/2451
f 2435/2435/2435 2451/2451/2451 2436/2436/2436
f 2436/2436/2436 2451/2451/2451 2452/2452/2452
f 2436/2436/2436 2452/2452/2452 2437/2437/2437
f 2437/2437/2437 2452/2452/2452 2453/2453/2453
f 2437/2437/2437 2453/2453/2453 2438/2438/2438
f 2438/2438/2438 2453/2453/2453 2454/2454/2454
f 2438/2438/2438 2454/2454/2454 2439/2439/2439
f 2439/2439/2439 2454/2454/2454 2455/2455/2455
f 2439/2439/2439 2455/2455/2455 2440/2440/2440
f 2440/2440/2440 2455/2455/2455 2456/2456/2456
f 2440/2440/2440 2456/2456/2456 2441/2441/2441
f 2441/2441/2441 2456/2456/2456 2457/2457/2457
f 2441/2441/2441 2457/2457/2457 2442/2442/2442
f 2442/2442/2442 2457/2457/2457 2458/2458/2458
f 2442/2442/2442 2458/2458/2458 2443/2443/2443
f 2443/2443/2443 2458/2458/2458 2459/2459/2459
f 2443/2443/2443 2459/2459/2459 2444/2444/2444
f 2444/2444/2444 2459/2459/2459 2460/2460/2460
f 2444/2444/2444 2460/2460/2460 2445/2445/2445
f 2445/2445/2445 2460/2460/2460 2461/2461/2461
f 2445/2445/2445 2461/2461/2461 2430/2430/2430
f 2430/2430/2430 2461/2461/2461 2446/2446/2446
f 2446/2446/2446 2462/2462/2462 2447/2447/2447
f 2447/2447/2447 2462/2462/2462 2463/2463/2463
f 2447/2447/2447 2463/2463/2463 2448/2448/2448
f 2448/2448/2448 2463/2463/2463 2464/2464/2464
f 2448/2448/2448 2464/2464/2464 2449/2449/2449
f 2449/2449/2449 2464/2464/2464 2465/2465/2465
f 2449/2449/2449 2465/2465/2465 2450/2450/2450
f 2450/2450/2450 2465/2465/2465 2466/2466/2466
f 2450/2450/2450 2466/2466/2466 2451/2451/2451
f 2451/2451/2451 2466/2466/2466 2467/2467/2467
f 2451/2451/2451 2467/2467/2467 2452/2452/2452
f 2452/2452/2452 2467/2467/2467 2468/2468/2468
f 2452/2452/2452 2468/2468/2468 2453/2453/2453
f 2453/2453/2453 2468/2468/2468 2469/2469/2469
f 2453/2453/2453 2469/2469/2469 2454/2454/2454
f 2454/2454/2454 2469/2469/2469 2470/2470/2470
f 2454/2454/2454 2470/2470/2470 2455/2455/2455
f 2455/2455/2455 2470/2470/2470 2471/2471/2471
f 2455/2455/2455 2471/2471/2471 2456/2456/2456
f 2456/2456/2456 2471/2471/2471 2472/2472/2472
f 2456/2456/2456 2472/2472/2472 2457/2457/2457
f 2457/2457/2457 2472/2472/2472 2473/2473/2473
f 2457/2457/2457 2473/2473/2473 2458/2458/2458
f 2458/2458/2458 2473/2473/2473 2474/2474/2474
f 2458/2458/2458 2474/2474/2474 2459/2459/2459
f 2459/2459/2459 2474/2474/2474 2475/2475/2475
f 2459/2459/2459 2475/2475/2475 2460/2460/2460
f 2460/2460/2460 2475/2475/2475 2476/2476/2476
f 2460/2460/2460 2476/2476/2476 2461/2461/2461
f 2461/2461/2461 2476/2476/2476 2477/2477/2477
f 2461/2461/2461 2477/2477/2477 2446/2446/2446
f 2446/2446/2446 2477/2477/2477 2462/2462/2462
f 2462/2462/2462 2478/2478/2478 2463/2463/2463
f 2463/2463/2463 2478/2478/2478 2479/2479/2479
f 2463/2463/2463 2479/2479/2479 2464/2464/2464
f 2464/2464/2464 2479/2479/2479 2480/2480/2480
f 2464/2464/2464 2480/2480/2480 2465/2465/2465
f 2465/2465/2465 2480/2480/2480 2481/2481/2481
f 2465/2465/2465 2481/2481/2481 2466/2466/2466
f 2466/2466/2466 2481/2481/2481 2482/2482/2482
f 2466/2466/2466 2482/2482/2482 2467/2467/2467
f 2467/2467/2467 2482/2482/2482 2483/2483/2483
f 2467/2467/2467 2483/2483/2483 2468/2468/2468
f 2468/2468/2468 2483/2483/2483 2484/2484/2484
f 2468/2468/2468 2484/2484/2484 2469/2469/2469
f 2469/2469/2469 2484/2484/2484 2485/2485/2485
f 2469/2469/2469 2485/2485/2485 2470/2470/2470
f 2470/2470/2470 2485/2485/2485 2486/2486/2486
f 2470/2470/2470 2486/2486/2486 2471/2471/2471
f 2471/2471/2471 2486/2486/2486 2487/2487/2487
f 2471/2471/2471 2487/2487/2487 2472/2472/2472
f 2472/2472/2472 2487/2487/2487 2488/2488/2488
f 2472/2472/2472 2488/2488/2488 2473/2473/2473
f 2473/2473/2473 2488/2488/2488 2489/2489/2489
f 2473/2473/2473 2489/2489/2489 2474/2474/2474
f 2474/2474/2474 2489/2489/2489 2490/2490/2490
f 2474/2474/2474 2490/2490/2490 2475/2475/2475
f 2475/2475/2475 2490/2490/2490 2491/2491/2491
f 2475/2475/2475 2491/2491/2491 2476/2476/2476
f 2476/2476/2476 2491/2491/2491 2492/2492/2492
f 2476/2476/2476 2492/2492/2492 2477/2477/2477
f 2477/2477/2477 2492/2492/2492 2493/2493/2493
f 2477/2477/2477 2493/2493/2493 2462/2462/2462
f 2462/2462/2462 2493/2493/2493 2478/2478/2478
f 2478/2478/2478 2302/2302/2302 2479/2479/2479
f 2479/2479/2479 2302/2302/2302 2303/2303/2303
f 2479/2479/2479 2303/2303/2303 2480/2480/2480
f 2480/2480/2480 2303/2303/2303 2304/2304/2304
f 2480/2480/2480 2304/2304/2304 2481/2481/2481
f 2481/2481/2481 2304/2304/2304 2305/2305/2305
f 2481/2481/2481 2305/2305/2305 2482/2482/2482
f 2482/2482/2482 2305/2305/2305 2306/2306/2306
f 2482/2482/2482 2306/2306/2306 2483/2483/2483
f 2483/2483/2483 2306/2306/2306 2307/2307/2307
f 2483/2483/2483 2307/2307/2307 2484/2484/2484
f 2484/2484/2484 2307/2307/2307 2308/2308/2308
f 2484/2484/2484 2308/2308/2308 2485/2485/2485
f 2485/2485/2485 2308/2308/2308 2309/2309/2309
f 2485/2485/2485 2309/2309/2309 2486/2486/2486
f 2486/2486/2486 2309/2309/2309 2310/2310/2310
f 2486/2486/2486 2310/2310/2310 2487/2487/2487
f 2487/2487/2487 2310/2310/2310 2311/2311/2311
f 2487/2487/2487 2311/2311/2311 2488/2488/2488
f 2488/2488/2488 2311/2311/2311 2312/2312/2312
f 2488/2488/2488 2312/2312/2312 2489/2489/2489
f 2489/2489/2489 2312/2312/2312 2313/2313/2313
f 2489/2489/2489 2313/2313/2313 2490/2490/2490
f 2490/2490/2490 2313/2313/2313 2314/2314/2314
f 2490/2490/2490 2314/2314/2314 2491/2491/2491
f 2491/2491/2491 2314/2314/2314 2315/2315/2315
f 2491/2491/2491 2315/2315/2315 2492/2492/2492
f 2492/2492/2492 2315/2315/2315 2316/2316/2316
f 2492/2492/2492 2316/2316/2316 2493/2493/2493
f 2493/2493/2493 2316/2316/2316 2317/2317/2317
f 2493/2493/2493 2317/2317/2317 2478/2478/2478
f 2478/2478/2478 2317/2317/2317 2302/2302/2302
o S07
v 0.00630000000820 1.42299999869 0.00000000000
v 0.00999999977648 1.42299999869 0.00000000000
v 0.00582044105977 1.42299999869 0.00241090566851
v 0.00923879537731 1.42299999869 0.00382683426142
v 0.00445477291942 1.42299999869 0.00445477291942
v 0.00707106757909 1.42299999869 0.00707106757909
v 0.00241090566851 1.42299999869 0.00582044105977
v 0.00382683426142 1.42299999869 0.00923879537731
v 3.85763743675e-19 1.42299999869 0.00630000000820
v 6.12323395273e-19 1.42299999869 0.00999999977648
v -0.00241090566851 1.42299999869 0.00582044105977
v -0.00382683426142 1.42299999869 0.00923879537731
v -0.00445477291942 1.42299999869 0.00445477291942
v -0.00707106757909 1.42299999869 0.00707106757909
v -0.00582044105977 1.42299999869 0.00241090566851
v -0.00923879537731 1.42299999869 0.00382683426142
v -0.00630000000820 1.42299999869 7.71527487350e-19
v -0.00999999977648 1.42299999869 1.22464679055e-18
v -0.00582044105977 1.42299999869 -0.00241090566851
v -0.00923879537731 1.42299999869 -0.00382683426142
v -0.00445477291942 1.42299999869 -0.00445477291942
v -0.00707106757909 1.42299999869 -0.00707106757909
v -0.00241090566851 1.42299999869 -0.00582044105977
v -0.00382683426142 1.42299999869 -0.00923879537731
v -1.15729123103e-18 1.42299999869 -0.00630000000820
v -1.83697023752e-18 1.42299999869 -0.00999999977648
v 0.00241090566851 1.42299999869 -0.00582044105977
v 0.00382683426142 1.42299999869 -0.00923879537731
v 0.00445477291942 1.42299999869 -0.00445477291942
v 0.00707106757909 1.42299999869 -0.00707106757909
v 0.00582044105977 1.42299999869 -0.00241090566851
v 0.00923879537731 1.42299999869 -0.00382683426142
v 0.00999999977648 1.42299999869 0.00000000000
v 0.0105999996886 1.42359999394 0.00000000000
v 0.00923879537731 1.42299999869 0.00382683426142
v 0.00979312323034 1.42359999394 0.00405644439161
v 0.00923879537731 1.42299999869 0.00382683426142
v 0.00979312323034 1.42359999394 0.00405644439161
v 0.00707106757909 1.42299999869 0.00707106757909
v 0.00749533204362 1.42359999394 0.00749533204362
v 0.00707106757909 1.42299999869 0.00707106757909
v 0.00749533204362 1.42359999394 0.00749533204362
v 0.00382683426142 1.42299999869 0.00923879537731
v 0.00405644439161 1.42359999394 0.00979312323034
v 0.00382683426142 1.42299999869 0.00923879537731
v 0.00405644439161 1.42359999394 0.00979312323034
v 6.12323395273e-19 1.42299999869 0.00999999977648
v 6.49062828975e-19 1.42359999394 0.0105999996886
v 6.12323395273e-19 1.42299999869 0.00999999977648
v 6.49062828975e-19 1.42359999394 0.0105999996886
v -0.00382683426142 1.42299999869 0.00923879537731
v -0.00405644439161 1.42359999394 0.00979312323034
v -0.00382683426142 1.42299999869 0.00923879537731
v -0.00405644439161 1.42359999394 0.00979312323034
v -0.00707106757909 1.42299999869 0.00707106757909
v -0.00749533204362 1.42359999394 0.00749533204362
v -0.00707106757909 1.42299999869 0.00707106757909
v -0.00749533204362 1.42359999394 0.00749533204362
v -0.00923879537731 1.42299999869 0.00382683426142
v -0.00979312323034 1.42359999394 0.00405644439161
v -0.00923879537731 1.42299999869 0.00382683426142
v -0.00979312323034 1.42359999394 0.00405644439161
v -0.00999999977648 1.42299999869 1.22464679055e-18
v -0.0105999996886 1.42359999394 1.29812565795e-18
v -0.00999999977648 1.42299999869 1.22464679055e-18
v -0.0105999996886 1.42359999394 1.29812565795e-18
v -0.00923879537731 1.42299999869 -0.00382683426142
v -0.00979312323034 1.42359999394 -0.00405644439161
v -0.00923879537731 1.42299999869 -0.00382683426142
v -0.00979312323034 1.42359999394 -0.00405644439161
v -0.00707106757909 1.42299999869 -0.00707106757909
v -0.00749533204362 1.42359999394 -0.00749533204362
v -0.00707106757909 1.42299999869 -0.00707106757909
v -0.00749533204362 1.42359999394 -0.00749533204362
v -0.00382683426142 1.42299999869 -0.00923879537731
v -0.00405644439161 1.42359999394 -0.00979312323034
v -0.00382683426142 1.42299999869 -0.00923879537731
v -0.00405644439161 1.42359999394 -0.00979312323034
v -1.83697023752e-18 1.42299999869 -0.00999999977648
v -1.94718833183e-18 1.42359999394 -0.0105999996886
v -1.83697023752e-18 1.42299999869 -0.00999999977648
v -1.94718833183e-18 1.42359999394 -0.0105999996886
v 0.00382683426142 1.42299999869 -0.00923879537731
v 0.00405644439161 1.42359999394 -0.00979312323034
v 0.00382683426142 1.42299999869 -0.00923879537731
v 0.00405644439161 1.42359999394 -0.00979312323034
v 0.00707106757909 1.42299999869 -0.00707106757909
v 0.00749533204362 1.42359999394 -0.00749533204362
v 0.00707106757909 1.42299999869 -0.00707106757909
v 0.00749533204362 1.42359999394 -0.00749533204362
v 0.00923879537731 1.42299999869 -0.00382683426142
v 0.00979312323034 1.42359999394 -0.00405644439161
v 0.00923879537731 1.42299999869 -0.00382683426142
v 0.00979312323034 1.42359999394 -0.00405644439161
v 0.00999999977648 1.42299999869 0.00000000000
v 0.0105999996886 1.42359999394 0.00000000000
v 0.0105999996886 1.42359999394 0.00000000000
v 0.0105999996886 1.42600000477 0.00000000000
v 0.00979312323034 1.42359999394 0.00405644439161
v 0.00979312323034 1.42600000477 0.00405644439161
v 0.00979312323034 1.42359999394 0.00405644439161
v 0.00979312323034 1.42600000477 0.00405644439161
v 0.00749533204362 1.42359999394 0.00749533204362
v 0.00749533204362 1.42600000477 0.00749533204362
v 0.00749533204362 1.42359999394 0.00749533204362
v 0.00749533204362 1.42600000477 0.00749533204362
v 0.00405644439161 1.42359999394 0.00979312323034
v 0.00405644439161 1.42600000477 0.00979312323034
v 0.00405644439161 1.42359999394 0.00979312323034
v 0.00405644439161 1.42600000477 0.00979312323034
v 6.49062828975e-19 1.42359999394 0.0105999996886
v 6.49062828975e-19 1.42600000477 0.0105999996886
v 6.49062828975e-19 1.42359999394 0.0105999996886
v 6.49062828975e-19 1.42600000477 0.0105999996886
v -0.00405644439161 1.42359999394 0.00979312323034
v -0.00405644439161 1.42600000477 0.00979312323034
v -0.00405644439161 1.42359999394 0.00979312323034
v -0.00405644439161 1.42600000477 0.00979312323034
v -0.00749533204362 1.42359999394 0.00749533204362
v -0.00749533204362 1.42600000477 0.00749533204362
v -0.00749533204362 1.42359999394 0.00749533204362
v -0.00749533204362 1.42600000477 0.00749533204362
v -0.00979312323034 1.42359999394 0.00405644439161
v -0.00979312323034 1.42600000477 0.00405644439161
v -0.00979312323034 1.42359999394 0.00405644439161
v -0.00979312323034 1.42600000477 0.00405644439161
v -0.0105999996886 1.42359999394 1.29812565795e-18
v -0.0105999996886 1.42600000477 1.29812565795e-18
v -0.0105999996886 1.42359999394 1.29812565795e-18
v -0.0105999996886 1.42600000477 1.29812565795e-18
v -0.00979312323034 1.42359999394 -0.00405644439161
v -0.00979312323034 1.42600000477 -0.00405644439161
v -0.00979312323034 1.42359999394 -0.00405644439161
v -0.00979312323034 1.42600000477 -0.00405644439161
v -0.00749533204362 1.42359999394 -0.00749533204362
v -0.00749533204362 1.42600000477 -0.00749533204362
v -0.00749533204362 1.42359999394 -0.00749533204362
v -0.00749533204362 1.42600000477 -0.00749533204362
v -0.00405644439161 1.42359999394 -0.00979312323034
v -0.00405644439161 1.42600000477 -0.00979312323034
v -0.00405644439161 1.42359999394 -0.00979312323034
v -0.00405644439161 1.42600000477 -0.00979312323034
v -1.94718833183e-18 1.42359999394 -0.0105999996886
v -1.94718833183e-18 1.42600000477 -0.0105999996886
v -1.94718833183e-18 1.42359999394 -0.0105999996886
v -1.94718833183e-18 1.42600000477 -0.0105999996886
v 0.00405644439161 1.42359999394 -0.00979312323034
v 0.00405644439161 1.42600000477 -0.00979312323034
v 0.00405644439161 1.42359999394 -0.00979312323034
v 0.00405644439161 1.42600000477 -0.00979312323034
v 0.00749533204362 1.42359999394 -0.00749533204362
v 0.00749533204362 1.42600000477 -0.00749533204362
v 0.00749533204362 1.42359999394 -0.00749533204362
v 0.00749533204362 1.42600000477 -0.00749533204362
v 0.00979312323034 1.42359999394 -0.00405644439161
v 0.00979312323034 1.42600000477 -0.00405644439161
v 0.00979312323034 1.42359999394 -0.00405644439161
v 0.00979312323034 1.42600000477 -0.00405644439161
v 0.0105999996886 1.42359999394 0.00000000000
v 0.0105999996886 1.42600000477 0.00000000000
v 0.0105999996886 1.42600000477 0.00000000000
v 0.0102000003681 1.42649999833 0.00000000000
v 0.00979312323034 1.42600000477 0.00405644439161
v 0.00942357163876 1.42649999833 0.00390337104909
v 0.00979312323034 1.42600000477 0.00405644439161
v 0.00942357163876 1.42649999833 0.00390337104909
v 0.00749533204362 1.42600000477 0.00749533204362
v 0.00721248937771 1.42649999833 0.00721248937771
v 0.00749533204362 1.42600000477 0.00749533204362
v 0.00721248937771 1.42649999833 0.00721248937771
v 0.00405644439161 1.42600000477 0.00979312323034
v 0.00390337104909 1.42649999833 0.00942357163876
v 0.00405644439161 1.42600000477 0.00979312323034
v 0.00390337104909 1.42649999833 0.00942357163876
v 6.49062828975e-19 1.42600000477 0.0105999996886
v 6.24569855941e-19 1.42649999833 0.0102000003681
v -0.00405644439161 1.42600000477 0.00979312323034
v -0.00390337104909 1.42649999833 0.00942357163876
v -0.00405644439161 1.42600000477 0.00979312323034
v -0.00390337104909 1.42649999833 0.00942357163876
v -0.00749533204362 1.42600000477 0.00749533204362
v -0.00721248937771 1.42649999833 0.00721248937771
v -0.00749533204362 1.42600000477 0.00749533204362
v -0.00721248937771 1.42649999833 0.00721248937771
v -0.00979312323034 1.42600000477 0.00405644439161
v -0.00942357163876 1.42649999833 0.00390337104909
v -0.00979312323034 1.42600000477 0.00405644439161
v -0.00942357163876 1.42649999833 0.00390337104909
v -0.0105999996886 1.42600000477 1.29812565795e-18
v -0.0102000003681 1.42649999833 1.24913971188e-18
v -0.00979312323034 1.42600000477 -0.00405644439161
v -0.00942357163876 1.42649999833 -0.00390337104909
v -0.00979312323034 1.42600000477 -0.00405644439161
v -0.00942357163876 1.42649999833 -0.00390337104909
v -0.00749533204362 1.42600000477 -0.00749533204362
v -0.00721248937771 1.42649999833 -0.00721248937771
v -0.00749533204362 1.42600000477 -0.00749533204362
v -0.00721248937771 1.42649999833 -0.00721248937771
v -0.00405644439161 1.42600000477 -0.00979312323034
v -0.00390337104909 1.42649999833 -0.00942357163876
v -0.00405644439161 1.42600000477 -0.00979312323034
v -0.00390337104909 1.42649999833 -0.00942357163876
v -1.94718833183e-18 1.42600000477 -0.0105999996886
v -1.87370967122e-18 1.42649999833 -0.0102000003681
v 0.00405644439161 1.42600000477 -0.00979312323034
v 0.00390337104909 1.42649999833 -0.00942357163876
v 0.00405644439161 1.42600000477 -0.00979312323034
v 0.00390337104909 1.42649999833 -0.00942357163876
v 0.00749533204362 1.42600000477 -0.00749533204362
v 0.00721248937771 1.42649999833 -0.00721248937771
v 0.00749533204362 1.42600000477 -0.00749533204362
v 0.00721248937771 1.42649999833 -0.00721248937771
v 0.00979312323034 1.42600000477 -0.00405644439161
v 0.00942357163876 1.42649999833 -0.00390337104909
v 0.00979312323034 1.42600000477 -0.00405644439161
v 0.00942357163876 1.42649999833 -0.00390337104909
v 0.0102000003681 1.42649999833 0.00000000000
v 0.0120000001043 1.42799999392 0.00000000000
v 0.00942357163876 1.42649999833 0.00390337104909
v 0.0110865542665 1.42799999392 0.00459220120683
v 0.00942357163876 1.42649999833 0.00390337104909
v 0.0110865542665 1.42799999392 0.00459220120683
v 0.00721248937771 1.42649999833 0.00721248937771
v 0.00848528090864 1.42799999392 0.00848528090864
v 0.00721248937771 1.42649999833 0.00721248937771
v 0.00848528090864 1.42799999392 0.00848528090864
v 0.00390337104909 1.42649999833 0.00942357163876
v 0.00459220120683 1.42799999392 0.0110865542665
v 0.00390337104909 1.42649999833 0.00942357163876
v 0.00459220120683 1.42799999392 0.0110865542665
v 6.24569855941e-19 1.42649999833 0.0102000003681
v 7.34788053648e-19 1.42799999392 0.0120000001043
v -0.00390337104909 1.42649999833 0.00942357163876
v -0.00459220120683 1.42799999392 0.0110865542665
v -0.00390337104909 1.42649999833 0.00942357163876
v -0.00459220120683 1.42799999392 0.0110865542665
v -0.00721248937771 1.42649999833 0.00721248937771
v -0.00848528090864 1.42799999392 0.00848528090864
v -0.00721248937771 1.42649999833 0.00721248937771
v -0.00848528090864 1.42799999392 0.00848528090864
v -0.00942357163876 1.42649999833 0.00390337104909
v -0.0110865542665 1.42799999392 0.00459220120683
v -0.00942357163876 1.42649999833 0.00390337104909
v -0.0110865542665 1.42799999392 0.00459220120683
v -0.0102000003681 1.42649999833 1.24913971188e-18
v -0.0120000001043 1.42799999392 1.46957610730e-18
v -0.00942357163876 1.42649999833 -0.00390337104909
v -0.0110865542665 1.42799999392 -0.00459220120683
v -0.00942357163876 1.42649999833 -0.00390337104909
v -0.0110865542665 1.42799999392 -0.00459220120683
v -0.00721248937771 1.42649999833 -0.00721248937771
v -0.00848528090864 1.42799999392 -0.00848528090864
v -0.00721248937771 1.42649999833 -0.00721248937771
v -0.00848528090864 1.42799999392 -0.00848528090864
v -0.00390337104909 1.42649999833 -0.00942357163876
v -0.00459220120683 1.42799999392 -0.0110865542665
v -0.00390337104909 1.42649999833 -0.00942357163876
v -0.00459220120683 1.42799999392 -0.0110865542665
v -1.87370967122e-18 1.42649999833 -0.0102000003681
v -2.20436416095e-18 1.42799999392 -0.0120000001043
v 0.00390337104909 1.42649999833 -0.00942357163876
v 0.00459220120683 1.42799999392 -0.0110865542665
v 0.00390337104909 1.42649999833 -0.00942357163876
v 0.00459220120683 1.42799999392 -0.0110865542665
v 0.00721248937771 1.42649999833 -0.00721248937771
v 0.00848528090864 1.42799999392 -0.00848528090864
v 0.00721248937771 1.42649999833 -0.00721248937771
v 0.00848528090864 1.42799999392 -0.00848528090864
v 0.00942357163876 1.42649999833 -0.00390337104909
v 0.0110865542665 1.42799999392 -0.00459220120683
v 0.00942357163876 1.42649999833 -0.00390337104909
v 0.0110865542665 1.42799999392 -0.00459220120683
v 0.0120000001043 1.42799999392 0.00000000000
v 0.0140000004321 1.43050000644 0.00000000000
v 0.0110865542665 1.42799999392 0.00459220120683
v 0.0129343131557 1.43050000644 0.00535756815225
v 0.0110865542665 1.42799999392 0.00459220120683
v 0.0129343131557 1.43050000644 0.00535756815225
v 0.00848528090864 1.42799999392 0.00848528090864
v 0.00989949516952 1.43050000644 0.00989949516952
v 0.00848528090864 1.42799999392 0.00848528090864
v 0.00989949516952 1.43050000644 0.00989949516952
v 0.00459220120683 1.42799999392 0.0110865542665
v 0.00535756815225 1.43050000644 0.0129343131557
v 0.00459220120683 1.42799999392 0.0110865542665
v 0.00535756815225 1.43050000644 0.0129343131557
v 7.34788053648e-19 1.42799999392 0.0120000001043
v 8.57252763722e-19 1.43050000644 0.0140000004321
v -0.00459220120683 1.42799999392 0.0110865542665
v -0.00535756815225 1.43050000644 0.0129343131557
v -0.00459220120683 1.42799999392 0.0110865542665
v -0.00535756815225 1.43050000644 0.0129343131557
v -0.00848528090864 1.42799999392 0.00848528090864
v -0.00989949516952 1.43050000644 0.00989949516952
v -0.00848528090864 1.42799999392 0.00848528090864
v -0.00989949516952 1.43050000644 0.00989949516952
v -0.0110865542665 1.42799999392 0.00459220120683
v -0.0129343131557 1.43050000644 0.00535756815225
v -0.0110865542665 1.42799999392 0.00459220120683
v -0.0129343131557 1.43050000644 0.00535756815225
v -0.0120000001043 1.42799999392 1.46957610730e-18
v -0.0140000004321 1.43050000644 1.71450552744e-18
v -0.0110865542665 1.42799999392 -0.00459220120683
v -0.0129343131557 1.43050000644 -0.00535756815225
v -0.0110865542665 1.42799999392 -0.00459220120683
v -0.0129343131557 1.43050000644 -0.00535756815225
v -0.00848528090864 1.42799999392 -0.00848528090864
v -0.00989949516952 1.43050000644 -0.00989949516952
v -0.00848528090864 1.42799999392 -0.00848528090864
v -0.00989949516952 1.43050000644 -0.00989949516952
v -0.00459220120683 1.42799999392 -0.0110865542665
v -0.00535756815225 1.43050000644 -0.0129343131557
v -0.00459220120683 1.42799999392 -0.0110865542665
v -0.00535756815225 1.43050000644 -0.0129343131557
v -2.20436416095e-18 1.42799999392 -0.0120000001043
v -2.57175829117e-18 1.43050000644 -0.0140000004321
v 0.00459220120683 1.42799999392 -0.0110865542665
v 0.00535756815225 1.43050000644 -0.0129343131557
v 0.00459220120683 1.42799999392 -0.0110865542665
v 0.00535756815225 1.43050000644 -0.0129343131557
v 0.00848528090864 1.42799999392 -0.00848528090864
v 0.00989949516952 1.43050000644 -0.00989949516952
v 0.00848528090864 1.42799999392 -0.00848528090864
v 0.00989949516952 1.43050000644 -0.00989949516952
v 0.0110865542665 1.42799999392 -0.00459220120683
v 0.0129343131557 1.43050000644 -0.00535756815225
v 0.0110865542665 1.42799999392 -0.00459220120683
v 0.0129343131557 1.43050000644 -0.00535756815225
v 0.0156999994069 1.43349999762 0.00000000000
v 0.0145049085841 1.43349999762 0.00600813003257
v 0.0145049085841 1.43349999762 0.00600813003257
v 0.0111015764996 1.43349999762 0.0111015764996
v 0.00600813003257 1.43349999762 0.0145049085841
v 0.00600813003257 1.43349999762 0.0145049085841
v 9.61347756945e-19 1.43349999762 0.0156999994069
v -0.00600813003257 1.43349999762 0.0145049085841
v -0.00600813003257 1.43349999762 0.0145049085841
v -0.0111015764996 1.43349999762 0.0111015764996
v -0.0145049085841 1.43349999762 0.00600813003257
v -0.0145049085841 1.43349999762 0.00600813003257
v -0.0156999994069 1.43349999762 1.92269551389e-18
v -0.0145049085841 1.43349999762 -0.00600813003257
v -0.0145049085841 1.43349999762 -0.00600813003257
v -0.0111015764996 1.43349999762 -0.0111015764996
v -0.00600813003257 1.43349999762 -0.0145049085841
v -0.00600813003257 1.43349999762 -0.0145049085841
v -2.88404316744e-18 1.43349999762 -0.0156999994069
v 0.00600813003257 1.43349999762 -0.0145049085841
v 0.00600813003257 1.43349999762 -0.0145049085841
v 0.0111015764996 1.43349999762 -0.0111015764996
v 0.0145049085841 1.43349999762 -0.00600813003257
v 0.0145049085841 1.43349999762 -0.00600813003257
v 0.0170000009239 1.43650000370 0.00000000000
v 0.0157059524208 1.43650000370 0.00650561833754
v 0.0157059524208 1.43650000370 0.00650561833754
v 0.0120208151639 1.43650000370 0.0120208151639
v 0.00650561833754 1.43650000370 0.0157059524208
v 0.00650561833754 1.43650000370 0.0157059524208
v 1.04094982883e-18 1.43650000370 0.0170000009239
v 1.04094982883e-18 1.43650000370 0.0170000009239
v -0.00650561833754 1.43650000370 0.0157059524208
v -0.00650561833754 1.43650000370 0.0157059524208
v -0.0120208151639 1.43650000370 0.0120208151639
v -0.0157059524208 1.43650000370 0.00650561833754
v -0.0157059524208 1.43650000370 0.00650561833754
v -0.0170000009239 1.43650000370 2.08189965767e-18
v -0.0170000009239 1.43650000370 2.08189965767e-18
v -0.0157059524208 1.43650000370 -0.00650561833754
v -0.0157059524208 1.43650000370 -0.00650561833754
v -0.0120208151639 1.43650000370 -0.0120208151639
v -0.00650561833754 1.43650000370 -0.0157059524208
v -0.00650561833754 1.43650000370 -0.0157059524208
v -3.12284938310e-18 1.43650000370 -0.0170000009239
v -3.12284938310e-18 1.43650000370 -0.0170000009239
v 0.00650561833754 1.43650000370 -0.0157059524208
v 0.00650561833754 1.43650000370 -0.0157059524208
v 0.0120208151639 1.43650000370 -0.0120208151639
v 0.0157059524208 1.43650000370 -0.00650561833754
v 0.0157059524208 1.43650000370 -0.00650561833754
v 0.0170000009239 1.43650000370 0.00000000000
v 0.0175999999046 1.43900000131 0.00000000000
v 0.0162602793425 1.43900000131 0.00673522846773
v 0.0162602793425 1.43900000131 0.00673522846773
v 0.0124450791627 1.43900000131 0.0124450791627
v 0.00673522846773 1.43900000131 0.0162602793425
v 0.00673522846773 1.43900000131 0.0162602793425
v 1.07768915914e-18 1.43900000131 0.0175999999046
v 1.07768915914e-18 1.43900000131 0.0175999999046
v -0.00673522846773 1.43900000131 0.0162602793425
v -0.00673522846773 1.43900000131 0.0162602793425
v -0.0124450791627 1.43900000131 0.0124450791627
v -0.0162602793425 1.43900000131 0.00673522846773
v -0.0162602793425 1.43900000131 0.00673522846773
v -0.0175999999046 1.43900000131 2.15537831827e-18
v -0.0175999999046 1.43900000131 2.15537831827e-18
v -0.0162602793425 1.43900000131 -0.00673522846773
v -0.0162602793425 1.43900000131 -0.00673522846773
v -0.0124450791627 1.43900000131 -0.0124450791627
v -0.00673522846773 1.43900000131 -0.0162602793425
v -0.00673522846773 1.43900000131 -0.0162602793425
v -3.23306747741e-18 1.43900000131 -0.0175999999046
v -3.23306747741e-18 1.43900000131 -0.0175999999046
v 0.00673522846773 1.43900000131 -0.0162602793425
v 0.00673522846773 1.43900000131 -0.0162602793425
v 0.0124450791627 1.43900000131 -0.0124450791627
v 0.0162602793425 1.43900000131 -0.00673522846773
v 0.0162602793425 1.43900000131 -0.00673522846773
v 0.0175999999046 1.43900000131 0.00000000000
v 0.0179999992251 1.44000000334 0.00000000000
v 0.0166298318654 1.44000000334 0.00688830157742
v 0.0166298318654 1.44000000334 0.00688830157742
v 0.0127279218286 1.44000000334 0.0127279218286
v 0.00688830157742 1.44000000334 0.0166298318654
v 0.00688830157742 1.44000000334 0.0166298318654
v 1.10218208047e-18 1.44000000334 0.0179999992251
v 1.10218208047e-18 1.44000000334 0.0179999992251
v -0.00688830157742 1.44000000334 0.0166298318654
v -0.00688830157742 1.44000000334 0.0166298318654
v -0.0127279218286 1.44000000334 0.0127279218286
v -0.0166298318654 1.44000000334 0.00688830157742
v -0.0166298318654 1.44000000334 0.00688830157742
v -0.0179999992251 1.44000000334 2.20436416095e-18
v -0.0179999992251 1.44000000334 2.20436416095e-18
v -0.0166298318654 1.44000000334 -0.00688830157742
v -0.0166298318654 1.44000000334 -0.00688830157742
v -0.0127279218286 1.44000000334 -0.0127279218286
v -0.00688830157742 1.44000000334 -0.0166298318654
v -0.00688830157742 1.44000000334 -0.0166298318654
v -3.30654634482e-18 1.44000000334 -0.0179999992251
v -3.30654634482e-18 1.44000000334 -0.0179999992251
v 0.00688830157742 1.44000000334 -0.0166298318654
v 0.00688830157742 1.44000000334 -0.0166298318654
v 0.0127279218286 1.44000000334 -0.0127279218286
v 0.0166298318654 1.44000000334 -0.00688830157742
v 0.0166298318654 1.44000000334 -0.00688830157742
v 0.0179999992251 1.44000000334 0.00000000000
v 0.0179999992251 1.44000000334 0.00000000000
v 0.0179999992251 1.44099999791 0.00000000000
v 0.0166298318654 1.44000000334 0.00688830157742
v 0.0166298318654 1.44099999791 0.00688830157742
v 0.0166298318654 1.44000000334 0.00688830157742
v 0.0166298318654 1.44099999791 0.00688830157742
v 0.0127279218286 1.44099999791 0.0127279218286
v 0.00688830157742 1.44000000334 0.0166298318654
v 0.00688830157742 1.44099999791 0.0166298318654
v 0.00688830157742 1.44000000334 0.0166298318654
v 0.00688830157742 1.44099999791 0.0166298318654
v 1.10218208047e-18 1.44000000334 0.0179999992251
v 1.10218208047e-18 1.44099999791 0.0179999992251
v 1.10218208047e-18 1.44000000334 0.0179999992251
v 1.10218208047e-18 1.44099999791 0.0179999992251
v -0.00688830157742 1.44000000334 0.0166298318654
v -0.00688830157742 1.44099999791 0.0166298318654
v -0.00688830157742 1.44000000334 0.0166298318654
v -0.00688830157742 1.44099999791 0.0166298318654
v -0.0127279218286 1.44099999791 0.0127279218286
v -0.0166298318654 1.44000000334 0.00688830157742
v -0.0166298318654 1.44099999791 0.00688830157742
v -0.0166298318654 1.44000000334 0.00688830157742
v -0.0166298318654 1.44099999791 0.00688830157742
v -0.0179999992251 1.44000000334 2.20436416095e-18
v -0.0179999992251 1.44099999791 2.20436416095e-18
v -0.0179999992251 1.44000000334 2.20436416095e-18
v -0.0179999992251 1.44099999791 2.20436416095e-18
v -0.0166298318654 1.44000000334 -0.00688830157742
v -0.0166298318654 1.44099999791 -0.00688830157742
v -0.0166298318654 1.44000000334 -0.00688830157742
v -0.0166298318654 1.44099999791 -0.00688830157742
v -0.0127279218286 1.44099999791 -0.0127279218286
v -0.00688830157742 1.44000000334 -0.0166298318654
v -0.00688830157742 1.44099999791 -0.0166298318654
v -0.00688830157742 1.44000000334 -0.0166298318654
v -0.00688830157742 1.44099999791 -0.0166298318654
v -3.30654634482e-18 1.44000000334 -0.0179999992251
v -3.30654634482e-18 1.44099999791 -0.0179999992251
v -3.30654634482e-18 1.44000000334 -0.0179999992251
v -3.30654634482e-18 1.44099999791 -0.0179999992251
v 0.00688830157742 1.44000000334 -0.0166298318654
v 0.00688830157742 1.44099999791 -0.0166298318654
v 0.00688830157742 1.44000000334 -0.0166298318654
v 0.00688830157742 1.44099999791 -0.0166298318654
v 0.0127279218286 1.44099999791 -0.0127279218286
v 0.0166298318654 1.44000000334 -0.00688830157742
v 0.0166298318654 1.44099999791 -0.00688830157742
v 0.0166298318654 1.44000000334 -0.00688830157742
v 0.0166298318654 1.44099999791 -0.00688830157742
v 0.0179999992251 1.44000000334 0.00000000000
v 0.0179999992251 1.44099999791 0.00000000000
v 0.0179999992251 1.44099999791 0.00000000000
v 0.0144999995828 1.44099999791 0.00000000000
v 0.0166298318654 1.44099999791 0.00688830157742
v 0.0133962528780 1.44099999791 0.00554890977219
v 0.0127279218286 1.44099999791 0.0127279218286
v 0.0102530485019 1.44099999791 0.0102530485019
v 0.00688830157742 1.44099999791 0.0166298318654
v 0.00554890977219 1.44099999791 0.0133962528780
v 1.10218208047e-18 1.44099999791 0.0179999992251
v 8.87868889542e-19 1.44099999791 0.0144999995828
v -0.00688830157742 1.44099999791 0.0166298318654
v -0.00554890977219 1.44099999791 0.0133962528780
v -0.0127279218286 1.44099999791 0.0127279218286
v -0.0102530485019 1.44099999791 0.0102530485019
v -0.0166298318654 1.44099999791 0.00688830157742
v -0.0133962528780 1.44099999791 0.00554890977219
v -0.0179999992251 1.44099999791 2.20436416095e-18
v -0.0144999995828 1.44099999791 1.77573777908e-18
v -0.0166298318654 1.44099999791 -0.00688830157742
v -0.0133962528780 1.44099999791 -0.00554890977219
v -0.0127279218286 1.44099999791 -0.0127279218286
v -0.0102530485019 1.44099999791 -0.0102530485019
v -0.00688830157742 1.44099999791 -0.0166298318654
v -0.00554890977219 1.44099999791 -0.0133962528780
v -3.30654634482e-18 1.44099999791 -0.0179999992251
v -2.66360677202e-18 1.44099999791 -0.0144999995828
v 0.00688830157742 1.44099999791 -0.0166298318654
v 0.00554890977219 1.44099999791 -0.0133962528780
v 0.0127279218286 1.44099999791 -0.0127279218286
v 0.0102530485019 1.44099999791 -0.0102530485019
v 0.0166298318654 1.44099999791 -0.00688830157742
v 0.0133962528780 1.44099999791 -0.00554890977219
v 0.0144999995828 1.44099999791 0.00000000000
v 0.0135000003502 1.43900000131 0.00000000000
v 0.0133962528780 1.44099999791 0.00554890977219
v 0.0124723734334 1.43900000131 0.00516622653231
v 0.0133962528780 1.44099999791 0.00554890977219
v 0.0124723734334 1.43900000131 0.00516622653231
v 0.0102530485019 1.44099999791 0.0102530485019
v 0.00954594183713 1.43900000131 0.00954594183713
v 0.00954594183713 1.43900000131 0.00954594183713
v 0.00554890977219 1.44099999791 0.0133962528780
v 0.00516622653231 1.43900000131 0.0124723734334
v 0.00554890977219 1.44099999791 0.0133962528780
v 0.00516622653231 1.43900000131 0.0124723734334
v 8.87868889542e-19 1.44099999791 0.0144999995828
v 8.26636586204e-19 1.43900000131 0.0135000003502
v -0.00554890977219 1.44099999791 0.0133962528780
v -0.00516622653231 1.43900000131 0.0124723734334
v -0.00554890977219 1.44099999791 0.0133962528780
v -0.00516622653231 1.43900000131 0.0124723734334
v -0.0102530485019 1.44099999791 0.0102530485019
v -0.00954594183713 1.43900000131 0.00954594183713
v -0.00954594183713 1.43900000131 0.00954594183713
v -0.0133962528780 1.44099999791 0.00554890977219
v -0.0124723734334 1.43900000131 0.00516622653231
v -0.0133962528780 1.44099999791 0.00554890977219
v -0.0124723734334 1.43900000131 0.00516622653231
v -0.0144999995828 1.44099999791 1.77573777908e-18
v -0.0135000003502 1.43900000131 1.65327317241e-18
v -0.0133962528780 1.44099999791 -0.00554890977219
v -0.0124723734334 1.43900000131 -0.00516622653231
v -0.0133962528780 1.44099999791 -0.00554890977219
v -0.0124723734334 1.43900000131 -0.00516622653231
v -0.0102530485019 1.44099999791 -0.0102530485019
v -0.00954594183713 1.43900000131 -0.00954594183713
v -0.00954594183713 1.43900000131 -0.00954594183713
v -0.00554890977219 1.44099999791 -0.0133962528780
v -0.00516622653231 1.43900000131 -0.0124723734334
v -0.00554890977219 1.44099999791 -0.0133962528780
v -0.00516622653231 1.43900000131 -0.0124723734334
v -2.66360677202e-18 1.44099999791 -0.0144999995828
v -2.47990981031e-18 1.43900000131 -0.0135000003502
v 0.00554890977219 1.44099999791 -0.0133962528780
v 0.00516622653231 1.43900000131 -0.0124723734334
v 0.00554890977219 1.44099999791 -0.0133962528780
v 0.00516622653231 1.43900000131 -0.0124723734334
v 0.0102530485019 1.44099999791 -0.0102530485019
v 0.00954594183713 1.43900000131 -0.00954594183713
v 0.00954594183713 1.43900000131 -0.00954594183713
v 0.0133962528780 1.44099999791 -0.00554890977219
v 0.0124723734334 1.43900000131 -0.00516622653231
v 0.0133962528780 1.44099999791 -0.00554890977219
v 0.0124723734334 1.43900000131 -0.00516622653231
v 0.0109999999404 1.43600000268 0.00000000000
v 0.0101626748219 1.43600000268 0.00420951796696
v 0.0101626748219 1.43600000268 0.00420951796696
v 0.00777817470953 1.43600000268 0.00777817470953
v 0.00777817470953 1.43600000268 0.00777817470953
v 0.00420951796696 1.43600000268 0.0101626748219
v 0.00420951796696 1.43600000268 0.0101626748219
v 6.73555750310e-19 1.43600000268 0.0109999999404
v -0.00420951796696 1.43600000268 0.0101626748219
v -0.00420951796696 1.43600000268 0.0101626748219
v -0.00777817470953 1.43600000268 0.00777817470953
v -0.00777817470953 1.43600000268 0.00777817470953
v -0.0101626748219 1.43600000268 0.00420951796696
v -0.0101626748219 1.43600000268 0.00420951796696
v -0.0109999999404 1.43600000268 1.34711150062e-18
v -0.0101626748219 1.43600000268 -0.00420951796696
v -0.0101626748219 1.43600000268 -0.00420951796696
v -0.00777817470953 1.43600000268 -0.00777817470953
v -0.00777817470953 1.43600000268 -0.00777817470953
v -0.00420951796696 1.43600000268 -0.0101626748219
v -0.00420951796696 1.43600000268 -0.0101626748219
v -2.02066719923e-18 1.43600000268 -0.0109999999404
v 0.00420951796696 1.43600000268 -0.0101626748219
v 0.00420951796696 1.43600000268 -0.0101626748219
v 0.00777817470953 1.43600000268 -0.00777817470953
v 0.00777817470953 1.43600000268 -0.00777817470953
v 0.0101626748219 1.43600000268 -0.00420951796696
v 0.0101626748219 1.43600000268 -0.00420951796696
v 0.0109999999404 1.43600000268 0.00000000000
v 0.00949999969453 1.43600000268 0.00000000000
v 0.0101626748219 1.43600000268 0.00420951796696
v 0.00877685565501 1.43600000268 0.00363549264148
v 0.00777817470953 1.43600000268 0.00777817470953
v 0.00671751424670 1.43600000268 0.00671751424670
v 0.00420951796696 1.43600000268 0.0101626748219
v 0.00363549264148 1.43600000268 0.00877685565501
v 6.73555750310e-19 1.43600000268 0.0109999999404
v 5.81707217755e-19 1.43600000268 0.00949999969453
v -0.00420951796696 1.43600000268 0.0101626748219
v -0.00363549264148 1.43600000268 0.00877685565501
v -0.00777817470953 1.43600000268 0.00777817470953
v -0.00671751424670 1.43600000268 0.00671751424670
v -0.0101626748219 1.43600000268 0.00420951796696
v -0.00877685565501 1.43600000268 0.00363549264148
v -0.0109999999404 1.43600000268 1.34711150062e-18
v -0.00949999969453 1.43600000268 1.16341443551e-18
v -0.0101626748219 1.43600000268 -0.00420951796696
v -0.00877685565501 1.43600000268 -0.00363549264148
v -0.00777817470953 1.43600000268 -0.00777817470953
v -0.00671751424670 1.43600000268 -0.00671751424670
v -0.00420951796696 1.43600000268 -0.0101626748219
v -0.00363549264148 1.43600000268 -0.00877685565501
v -2.02066719923e-18 1.43600000268 -0.0109999999404
v -1.74512175666e-18 1.43600000268 -0.00949999969453
v 0.00420951796696 1.43600000268 -0.0101626748219
v 0.00363549264148 1.43600000268 -0.00877685565501
v 0.00777817470953 1.43600000268 -0.00777817470953
v 0.00671751424670 1.43600000268 -0.00671751424670
v 0.0101626748219 1.43600000268 -0.00420951796696
v 0.00877685565501 1.43600000268 -0.00363549264148
v 0.00949999969453 1.43600000268 0.00000000000
v 0.00949999969453 1.44839222556 0.00000000000
v 0.00877685565501 1.43600000268 0.00363549264148
v 0.00877685565501 1.44839222556 0.00363549264148
v 0.00877685565501 1.43600000268 0.00363549264148
v 0.00877685565501 1.44839222556 0.00363549264148
v 0.00671751424670 1.43600000268 0.00671751424670
v 0.00671751424670 1.44839222556 0.00671751424670
v 0.00671751424670 1.43600000268 0.00671751424670
v 0.00671751424670 1.44839222556 0.00671751424670
v 0.00363549264148 1.43600000268 0.00877685565501
v 0.00363549264148 1.44839222556 0.00877685565501
v 0.00363549264148 1.43600000268 0.00877685565501
v 0.00363549264148 1.44839222556 0.00877685565501
v 5.81707217755e-19 1.43600000268 0.00949999969453
v 5.81707217755e-19 1.44839222556 0.00949999969453
v 5.81707217755e-19 1.43600000268 0.00949999969453
v -0.00363549264148 1.43600000268 0.00877685565501
v -0.00363549264148 1.44839222556 0.00877685565501
v -0.00363549264148 1.43600000268 0.00877685565501
v -0.00363549264148 1.44839222556 0.00877685565501
v -0.00671751424670 1.43600000268 0.00671751424670
v -0.00671751424670 1.44839222556 0.00671751424670
v -0.00671751424670 1.43600000268 0.00671751424670
v -0.00671751424670 1.44839222556 0.00671751424670
v -0.00877685565501 1.43600000268 0.00363549264148
v -0.00877685565501 1.44839222556 0.00363549264148
v -0.00877685565501 1.43600000268 0.00363549264148
v -0.00877685565501 1.44839222556 0.00363549264148
v -0.00949999969453 1.43600000268 1.16341443551e-18
v -0.00949999969453 1.44839222556 1.16341443551e-18
v -0.00949999969453 1.43600000268 1.16341443551e-18
v -0.00877685565501 1.43600000268 -0.00363549264148
v -0.00877685565501 1.44839222556 -0.00363549264148
v -0.00877685565501 1.43600000268 -0.00363549264148
v -0.00877685565501 1.44839222556 -0.00363549264148
v -0.00671751424670 1.43600000268 -0.00671751424670
v -0.00671751424670 1.44839222556 -0.00671751424670
v -0.00671751424670 1.43600000268 -0.00671751424670
v -0.00671751424670 1.44839222556 -0.00671751424670
v -0.00363549264148 1.43600000268 -0.00877685565501
v -0.00363549264148 1.44839222556 -0.00877685565501
v -0.00363549264148 1.43600000268 -0.00877685565501
v -0.00363549264148 1.44839222556 -0.00877685565501
v -1.74512175666e-18 1.43600000268 -0.00949999969453
v -1.74512175666e-18 1.44839222556 -0.00949999969453
v -1.74512175666e-18 1.43600000268 -0.00949999969453
v 0.00363549264148 1.43600000268 -0.00877685565501
v 0.00363549264148 1.44839222556 -0.00877685565501
v 0.00363549264148 1.43600000268 -0.00877685565501
v 0.00363549264148 1.44839222556 -0.00877685565501
v 0.00671751424670 1.43600000268 -0.00671751424670
v 0.00671751424670 1.44839222556 -0.00671751424670
v 0.00671751424670 1.43600000268 -0.00671751424670
v 0.00671751424670 1.44839222556 -0.00671751424670
v 0.00877685565501 1.43600000268 -0.00363549264148
v 0.00877685565501 1.44839222556 -0.00363549264148
v 0.00877685565501 1.43600000268 -0.00363549264148
v 0.00877685565501 1.44839222556 -0.00363549264148
v 0.00949999969453 1.43600000268 0.00000000000
v 0.00949999969453 1.44839222556 0.00000000000
v 0.00828454643488 1.44839222556 0.00000000000
v 0.00877685565501 1.44839222556 0.00363549264148
v 0.00765392323956 1.44839222556 0.00237776897848
v 0.00671751424670 1.44839222556 0.00671751424670
v 0.00585805904120 1.44839222556 0.00439354451373
v 0.00363549264148 1.44839222556 0.00877685565501
v 0.00317035871558 1.44839222556 0.00574044231325
v 5.81707217755e-19 1.44839222556 0.00949999969453
v 5.07282159128e-19 1.44839222556 0.00621340982616
v -0.00363549264148 1.44839222556 0.00877685565501
v -0.00317035871558 1.44839222556 0.00574044231325
v -0.00671751424670 1.44839222556 0.00671751424670
v -0.00585805904120 1.44839222556 0.00439354451373
v -0.00877685565501 1.44839222556 0.00363549264148
v -0.00765392323956 1.44839222556 0.00237776897848
v -0.00949999969453 1.44839222556 1.16341443551e-18
v -0.00828454643488 1.44839222556 7.60923290391e-19
v -0.00877685565501 1.44839222556 -0.00363549264148
v -0.00765392323956 1.44839222556 -0.00237776897848
v -0.00671751424670 1.44839222556 -0.00671751424670
v -0.00585805904120 1.44839222556 -0.00439354451373
v -0.00363549264148 1.44839222556 -0.00877685565501
v -0.00317035871558 1.44839222556 -0.00574044231325
v -1.74512175666e-18 1.44839222556 -0.00949999969453
v -1.52184658078e-18 1.44839222556 -0.00621340982616
v 0.00363549264148 1.44839222556 -0.00877685565501
v 0.00317035871558 1.44839222556 -0.00574044231325
v 0.00671751424670 1.44839222556 -0.00671751424670
v 0.00585805904120 1.44839222556 -0.00439354451373
v 0.00877685565501 1.44839222556 -0.00363549264148
v 0.00765392323956 1.44839222556 -0.00237776897848
v 0.00519133778289 1.44754454321 0.00000000000
v 0.00479617062956 1.44754454321 0.00148997921497
v 0.00367083004676 1.44754454321 0.00275312247686
v 0.00198663887568 1.44754454321 0.00359712797217
v 3.17877754586e-19 1.44754454321 0.00389350322075
v -0.00198663887568 1.44754454321 0.00359712797217
v -0.00367083004676 1.44754454321 0.00275312247686
v -0.00479617062956 1.44754454321 0.00148997921497
v -0.00519133778289 1.44754454321 4.76816631879e-19
v -0.00479617062956 1.44754454321 -0.00148997921497
v -0.00367083004676 1.44754454321 -0.00275312247686
v -0.00198663887568 1.44754454321 -0.00359712797217
v -9.53633263758e-19 1.44754454321 -0.00389350322075
v 0.00198663887568 1.44754454321 -0.00359712797217
v 0.00367083004676 1.44754454321 -0.00275312247686
v 0.00479617062956 1.44754454321 -0.00148997921497
v 0.00259891687892 1.44713622159 0.00000000000
v 0.00240108603612 1.44713622159 0.000745921803173
v 0.00183771166485 1.44713622159 0.00137828371953
v 0.000994562404230 1.44713622159 0.00180081452709
v 1.59137762531e-19 1.44713622159 0.00194918760099
v -0.000994562404230 1.44713622159 0.00180081452709
v -0.00183771166485 1.44713622159 0.00137828371953
v -0.00240108603612 1.44713622159 0.000745921803173
v -0.00259891687892 1.44713622159 2.38706643797e-19
v -0.00240108603612 1.44713622159 -0.000745921803173
v -0.00183771166485 1.44713622159 -0.00137828371953
v -0.000994562404230 1.44713622159 -0.00180081452709
v -4.77413287594e-19 1.44713622159 -0.00194918760099
v 0.000994562404230 1.44713622159 -0.00180081452709
v 0.00183771166485 1.44713622159 -0.00137828371953
v 0.00240108603612 1.44713622159 -0.000745921803173
v 0.00000000000 1.44700000262 0.00000000000
v 0.00000000000 1.43399999863 0.00000000000
v 0.00630000000820 1.43399999863 0.00000000000
v 0.00582044105977 1.43399999863 0.00241090566851
v 0.00445477291942 1.43399999863 0.00445477291942
v 0.00241090566851 1.43399999863 0.00582044105977
v 3.85763743675e-19 1.43399999863 0.00630000000820
v -0.00241090566851 1.43399999863 0.00582044105977
v -0.00445477291942 1.43399999863 0.00445477291942
v -0.00582044105977 1.43399999863 0.00241090566851
v -0.00630000000820 1.43399999863 7.71527487350e-19
v -0.00582044105977 1.43399999863 -0.00241090566851
v -0.00445477291942 1.43399999863 -0.00445477291942
v -0.00241090566851 1.43399999863 -0.00582044105977
v -1.15729123103e-18 1.43399999863 -0.00630000000820
v 0.00241090566851 1.43399999863 -0.00582044105977
v 0.00445477291942 1.43399999863 -0.00445477291942
v 0.00582044105977 1.43399999863 -0.00241090566851
v 0.00630000000820 1.43399999863 0.00000000000
v 0.00630000000820 1.42299999869 0.00000000000
v 0.00582044105977 1.43399999863 0.00241090566851
v 0.00582044105977 1.42299999869 0.00241090566851
v 0.00582044105977 1.43399999863 0.00241090566851
v 0.00582044105977 1.42299999869 0.00241090566851
v 0.00445477291942 1.43399999863 0.00445477291942
v 0.00445477291942 1.42299999869 0.00445477291942
v 0.00445477291942 1.43399999863 0.00445477291942
v 0.00445477291942 1.42299999869 0.00445477291942
v 0.00241090566851 1.43399999863 0.00582044105977
v 0.00241090566851 1.42299999869 0.00582044105977
v 0.00241090566851 1.43399999863 0.00582044105977
v 0.00241090566851 1.42299999869 0.00582044105977
v 3.85763743675e-19 1.43399999863 0.00630000000820
v 3.85763743675e-19 1.42299999869 0.00630000000820
v 3.85763743675e-19 1.43399999863 0.00630000000820
v 3.85763743675e-19 1.42299999869 0.00630000000820
v -0.00241090566851 1.43399999863 0.00582044105977
v -0.00241090566851 1.42299999869 0.00582044105977
v -0.00241090566851 1.43399999863 0.00582044105977
v -0.00241090566851 1.42299999869 0.00582044105977
v -0.00445477291942 1.43399999863 0.00445477291942
v -0.00445477291942 1.42299999869 0.00445477291942
v -0.00445477291942 1.43399999863 0.00445477291942
v -0.00445477291942 1.42299999869 0.00445477291942
v -0.00582044105977 1.43399999863 0.00241090566851
v -0.00582044105977 1.42299999869 0.00241090566851
v -0.00582044105977 1.43399999863 0.00241090566851
v -0.00582044105977 1.42299999869 0.00241090566851
v -0.00630000000820 1.43399999863 7.71527487350e-19
v -0.00630000000820 1.42299999869 7.71527487350e-19
v -0.00630000000820 1.43399999863 7.71527487350e-19
v -0.00630000000820 1.42299999869 7.71527487350e-19
v -0.00582044105977 1.43399999863 -0.00241090566851
v -0.00582044105977 1.42299999869 -0.00241090566851
v -0.00582044105977 1.43399999863 -0.00241090566851
v -0.00582044105977 1.42299999869 -0.00241090566851
v -0.00445477291942 1.43399999863 -0.00445477291942
v -0.00445477291942 1.42299999869 -0.00445477291942
v -0.00445477291942 1.43399999863 -0.00445477291942
v -0.00445477291942 1.42299999869 -0.00445477291942
v -0.00241090566851 1.43399999863 -0.00582044105977
v -0.00241090566851 1.42299999869 -0.00582044105977
v -0.00241090566851 1.43399999863 -0.00582044105977
v -0.00241090566851 1.42299999869 -0.00582044105977
v -1.15729123103e-18 1.43399999863 -0.00630000000820
v -1.15729123103e-18 1.42299999869 -0.00630000000820
v -1.15729123103e-18 1.43399999863 -0.00630000000820
v -1.15729123103e-18 1.42299999869 -0.00630000000820
v 0.00241090566851 1.43399999863 -0.00582044105977
v 0.00241090566851 1.42299999869 -0.00582044105977
v 0.00241090566851 1.43399999863 -0.00582044105977
v 0.00241090566851 1.42299999869 -0.00582044105977
v 0.00445477291942 1.43399999863 -0.00445477291942
v 0.00445477291942 1.42299999869 -0.00445477291942
v 0.00445477291942 1.43399999863 -0.00445477291942
v 0.00445477291942 1.42299999869 -0.00445477291942
v 0.00582044105977 1.43399999863 -0.00241090566851
v 0.00582044105977 1.42299999869 -0.00241090566851
v 0.00582044105977 1.43399999863 -0.00241090566851
v 0.00582044105977 1.42299999869 -0.00241090566851
v 0.00630000000820 1.43399999863 0.00000000000
v 0.00630000000820 1.42299999869 0.00000000000
vt 0 0
vt 0 0.04545454680919647
vt 0.0625 0
vt 0.0625 0.04545454680919647
vt 0.125 0
vt 0.125 0.04545454680919647
vt 0.1875 0
vt 0.1875 0.04545454680919647
vt 0.25 0
vt 0.25 0.04545454680919647
vt 0.3125 0
vt 0.3125 0.04545454680919647
vt 0.375 0
vt 0.375 0.04545454680919647
vt 0.4375 0
vt 0.4375 0.04545454680919647
vt 0.5 0
vt 0.5 0.04545454680919647
vt 0.5625 0
vt 0.5625 0.04545454680919647
vt 0.625 0
vt 0.625 0.04545454680919647
vt 0.6875 0
vt 0.6875 0.04545454680919647
vt 0.75 0
vt 0.75 0.04545454680919647
vt 0.8125 0
vt 0.8125 0.04545454680919647
vt 0.875 0
vt 0.875 0.04545454680919647
vt 0.9375 0
vt 0.9375 0.04545454680919647
vt 0 0.04545454680919647
vt 0 0.09090909361839294
vt 0.0625 0.04545454680919647
vt 0.0625 0.09090909361839294
vt 0.0625 0.04545454680919647
vt 0.0625 0.09090909361839294
vt 0.125 0.04545454680919647
vt 0.125 0.09090909361839294
vt 0.125 0.04545454680919647
vt 0.125 0.09090909361839294
vt 0.1875 0.04545454680919647
vt 0.1875 0.09090909361839294
vt 0.1875 0.04545454680919647
vt 0.1875 0.09090909361839294
vt 0.25 0.04545454680919647
vt 0.25 0.09090909361839294
vt 0.25 0.04545454680919647
vt 0.25 0.09090909361839294
vt 0.3125 0.04545454680919647
vt 0.3125 0.09090909361839294
vt 0.3125 0.04545454680919647
vt 0.3125 0.09090909361839294
vt 0.375 0.04545454680919647
vt 0.375 0.09090909361839294
vt 0.375 0.04545454680919647
vt 0.375 0.09090909361839294
vt 0.4375 0.04545454680919647
vt 0.4375 0.09090909361839294
vt 0.4375 0.04545454680919647
vt 0.4375 0.09090909361839294
vt 0.5 0.04545454680919647
vt 0.5 0.09090909361839294
vt 0.5 0.04545454680919647
vt 0.5 0.09090909361839294
vt 0.5625 0.04545454680919647
vt 0.5625 0.09090909361839294
vt 0.5625 0.04545454680919647
vt 0.5625 0.09090909361839294
vt 0.625 0.04545454680919647
vt 0.625 0.09090909361839294
vt 0.625 0.04545454680919647
vt 0.625 0.09090909361839294
vt 0.6875 0.04545454680919647
vt 0.6875 0.09090909361839294
vt 0.6875 0.04545454680919647
vt 0.6875 0.09090909361839294
vt 0.75 0.04545454680919647
vt 0.75 0.09090909361839294
vt 0.75 0.04545454680919647
vt 0.75 0.09090909361839294
vt 0.8125 0.04545454680919647
vt 0.8125 0.09090909361839294
vt 0.8125 0.04545454680919647
vt 0.8125 0.09090909361839294
vt 0.875 0.04545454680919647
vt 0.875 0.09090909361839294
vt 0.875 0.04545454680919647
vt 0.875 0.09090909361839294
vt 0.9375 0.04545454680919647
vt 0.9375 0.09090909361839294
vt 0.9375 0.04545454680919647
vt 0.9375 0.09090909361839294
vt 0 0.04545454680919647
vt 0 0.09090909361839294
vt 0 0.09090909361839294
vt 0 0.13636364042758942
vt 0.0625 0.09090909361839294
vt 0.0625 0.13636364042758942
vt 0.0625 0.09090909361839294
vt 0.0625 0.13636364042758942
vt 0.125 0.09090909361839294
vt 0.125 0.13636364042758942
vt 0.125 0.09090909361839294
vt 0.125 0.13636364042758942
vt 0.1875 0.09090909361839294
vt 0.1875 0.13636364042758942
vt 0.1875 0.09090909361839294
vt 0.1875 0.13636364042758942
vt 0.25 0.09090909361839294
vt 0.25 0.13636364042758942
vt 0.25 0.09090909361839294
vt 0.25 0.13636364042758942
vt 0.3125 0.09090909361839294
vt 0.3125 0.13636364042758942
vt 0.3125 0.09090909361839294
vt 0.3125 0.13636364042758942
vt 0.375 0.09090909361839294
vt 0.375 0.13636364042758942
vt 0.375 0.09090909361839294
vt 0.375 0.13636364042758942
vt 0.4375 0.09090909361839294
vt 0.4375 0.13636364042758942
vt 0.4375 0.09090909361839294
vt 0.4375 0.13636364042758942
vt 0.5 0.09090909361839294
vt 0.5 0.13636364042758942
vt 0.5 0.09090909361839294
vt 0.5 0.13636364042758942
vt 0.5625 0.09090909361839294
vt 0.5625 0.13636364042758942
vt 0.5625 0.09090909361839294
vt 0.5625 0.13636364042758942
vt 0.625 0.09090909361839294
vt 0.625 0.13636364042758942
vt 0.625 0.09090909361839294
vt 0.625 0.13636364042758942
vt 0.6875 0.09090909361839294
vt 0.6875 0.13636364042758942
vt 0.6875 0.09090909361839294
vt 0.6875 0.13636364042758942
vt 0.75 0.09090909361839294
vt 0.75 0.13636364042758942
vt 0.75 0.09090909361839294
vt 0.75 0.13636364042758942
vt 0.8125 0.09090909361839294
vt 0.8125 0.13636364042758942
vt 0.8125 0.09090909361839294
vt 0.8125 0.13636364042758942
vt 0.875 0.09090909361839294
vt 0.875 0.13636364042758942
vt 0.875 0.09090909361839294
vt 0.875 0.13636364042758942
vt 0.9375 0.09090909361839294
vt 0.9375 0.13636364042758942
vt 0.9375 0.09090909361839294
vt 0.9375 0.13636364042758942
vt 0 0.09090909361839294
vt 0 0.13636364042758942
vt 0 0.13636364042758942
vt 0 0.1818181872367859
vt 0.0625 0.13636364042758942
vt 0.0625 0.1818181872367859
vt 0.0625 0.13636364042758942
vt 0.0625 0.1818181872367859
vt 0.125 0.13636364042758942
vt 0.125 0.1818181872367859
vt 0.125 0.13636364042758942
vt 0.125 0.1818181872367859
vt 0.1875 0.13636364042758942
vt 0.1875 0.1818181872367859
vt 0.1875 0.13636364042758942
vt 0.1875 0.1818181872367859
vt 0.25 0.13636364042758942
vt 0.25 0.1818181872367859
vt 0.3125 0.13636364042758942
vt 0.3125 0.1818181872367859
vt 0.3125 0.13636364042758942
vt 0.3125 0.1818181872367859
vt 0.375 0.13636364042758942
vt 0.375 0.1818181872367859
vt 0.375 0.13636364042758942
vt 0.375 0.1818181872367859
vt 0.4375 0.13636364042758942
vt 0.4375 0.1818181872367859
vt 0.4375 0.13636364042758942
vt 0.4375 0.1818181872367859
vt 0.5 0.13636364042758942
vt 0.5 0.1818181872367859
vt 0.5625 0.13636364042758942
vt 0.5625 0.1818181872367859
vt 0.5625 0.13636364042758942
vt 0.5625 0.1818181872367859
vt 0.625 0.13636364042758942
vt 0.625 0.1818181872367859
vt 0.625 0.13636364042758942
vt 0.625 0.1818181872367859
vt 0.6875 0.13636364042758942
vt 0.6875 0.1818181872367859
vt 0.6875 0.13636364042758942
vt 0.6875 0.1818181872367859
vt 0.75 0.13636364042758942
vt 0.75 0.1818181872367859
vt 0.8125 0.13636364042758942
vt 0.8125 0.1818181872367859
vt 0.8125 0.13636364042758942
vt 0.8125 0.1818181872367859
vt 0.875 0.13636364042758942
vt 0.875 0.1818181872367859
vt 0.875 0.13636364042758942
vt 0.875 0.1818181872367859
vt 0.9375 0.13636364042758942
vt 0.9375 0.1818181872367859
vt 0.9375 0.13636364042758942
vt 0.9375 0.1818181872367859
vt 0 0.1818181872367859
vt 0 0.22727273404598236
vt 0.0625 0.1818181872367859
vt 0.0625 0.22727273404598236
vt 0.0625 0.1818181872367859
vt 0.0625 0.22727273404598236
vt 0.125 0.1818181872367859
vt 0.125 0.22727273404598236
vt 0.125 0.1818181872367859
vt 0.125 0.22727273404598236
vt 0.1875 0.1818181872367859
vt 0.1875 0.22727273404598236
vt 0.1875 0.1818181872367859
vt 0.1875 0.22727273404598236
vt 0.25 0.1818181872367859
vt 0.25 0.22727273404598236
vt 0.3125 0.1818181872367859
vt 0.3125 0.22727273404598236
vt 0.3125 0.1818181872367859
vt 0.3125 0.22727273404598236
vt 0.375 0.1818181872367859
vt 0.375 0.22727273404598236
vt 0.375 0.1818181872367859
vt 0.375 0.22727273404598236
vt 0.4375 0.1818181872367859
vt 0.4375 0.22727273404598236
vt 0.4375 0.1818181872367859
vt 0.4375 0.22727273404598236
vt 0.5 0.1818181872367859
vt 0.5 0.22727273404598236
vt 0.5625 0.1818181872367859
vt 0.5625 0.22727273404598236
vt 0.5625 0.1818181872367859
vt 0.5625 0.22727273404598236
vt 0.625 0.1818181872367859
vt 0.625 0.22727273404598236
vt 0.625 0.1818181872367859
vt 0.625 0.22727273404598236
vt 0.6875 0.1818181872367859
vt 0.6875 0.22727273404598236
vt 0.6875 0.1818181872367859
vt 0.6875 0.22727273404598236
vt 0.75 0.1818181872367859
vt 0.75 0.22727273404598236
vt 0.8125 0.1818181872367859
vt 0.8125 0.22727273404598236
vt 0.8125 0.1818181872367859
vt 0.8125 0.22727273404598236
vt 0.875 0.1818181872367859
vt 0.875 0.22727273404598236
vt 0.875 0.1818181872367859
vt 0.875 0.22727273404598236
vt 0.9375 0.1818181872367859
vt 0.9375 0.22727273404598236
vt 0.9375 0.1818181872367859
vt 0.9375 0.22727273404598236
vt 0 0.22727273404598236
vt 0 0.27272728085517883
vt 0.0625 0.22727273404598236
vt 0.0625 0.27272728085517883
vt 0.0625 0.22727273404598236
vt 0.0625 0.27272728085517883
vt 0.125 0.22727273404598236
vt 0.125 0.27272728085517883
vt 0.125 0.22727273404598236
vt 0.125 0.27272728085517883
vt 0.1875 0.22727273404598236
vt 0.1875 0.27272728085517883
vt 0.1875 0.22727273404598236
vt 0.1875 0.27272728085517883
vt 0.25 0.22727273404598236
vt 0.25 0.27272728085517883
vt 0.3125 0.22727273404598236
vt 0.3125 0.27272728085517883
vt 0.3125 0.22727273404598236
vt 0.3125 0.27272728085517883
vt 0.375 0.22727273404598236
vt 0.375 0.27272728085517883
vt 0.375 0.22727273404598236
vt 0.375 0.27272728085517883
vt 0.4375 0.22727273404598236
vt 0.4375 0.27272728085517883
vt 0.4375 0.22727273404598236
vt 0.4375 0.27272728085517883
vt 0.5 0.22727273404598236
vt 0.5 0.27272728085517883
vt 0.5625 0.22727273404598236
vt 0.5625 0.27272728085517883
vt 0.5625 0.22727273404598236
vt 0.5625 0.27272728085517883
vt 0.625 0.22727273404598236
vt 0.625 0.27272728085517883
vt 0.625 0.22727273404598236
vt 0.625 0.27272728085517883
vt 0.6875 0.22727273404598236
vt 0.6875 0.27272728085517883
vt 0.6875 0.22727273404598236
vt 0.6875 0.27272728085517883
vt 0.75 0.22727273404598236
vt 0.75 0.27272728085517883
vt 0.8125 0.22727273404598236
vt 0.8125 0.27272728085517883
vt 0.8125 0.22727273404598236
vt 0.8125 0.27272728085517883
vt 0.875 0.22727273404598236
vt 0.875 0.27272728085517883
vt 0.875 0.22727273404598236
vt 0.875 0.27272728085517883
vt 0.9375 0.22727273404598236
vt 0.9375 0.27272728085517883
vt 0.9375 0.22727273404598236
vt 0.9375 0.27272728085517883
vt 0 0.3181818127632141
vt 0.0625 0.3181818127632141
vt 0.0625 0.3181818127632141
vt 0.125 0.3181818127632141
vt 0.1875 0.3181818127632141
vt 0.1875 0.3181818127632141
vt 0.25 0.3181818127632141
vt 0.3125 0.3181818127632141
vt 0.3125 0.3181818127632141
vt 0.375 0.3181818127632141
vt 0.4375 0.3181818127632141
vt 0.4375 0.3181818127632141
vt 0.5 0.3181818127632141
vt 0.5625 0.3181818127632141
vt 0.5625 0.3181818127632141
vt 0.625 0.3181818127632141
vt 0.6875 0.3181818127632141
vt 0.6875 0.3181818127632141
vt 0.75 0.3181818127632141
vt 0.8125 0.3181818127632141
vt 0.8125 0.3181818127632141
vt 0.875 0.3181818127632141
vt 0.9375 0.3181818127632141
vt 0.9375 0.3181818127632141
vt 0 0.3636363744735718
vt 0.0625 0.3636363744735718
vt 0.0625 0.3636363744735718
vt 0.125 0.3636363744735718
vt 0.1875 0.3636363744735718
vt 0.1875 0.3636363744735718
vt 0.25 0.3636363744735718
vt 0.25 0.3636363744735718
vt 0.3125 0.3636363744735718
vt 0.3125 0.3636363744735718
vt 0.375 0.3636363744735718
vt 0.4375 0.3636363744735718
vt 0.4375 0.3636363744735718
vt 0.5 0.3636363744735718
vt 0.5 0.3636363744735718
vt 0.5625 0.3636363744735718
vt 0.5625 0.3636363744735718
vt 0.625 0.3636363744735718
vt 0.6875 0.3636363744735718
vt 0.6875 0.3636363744735718
vt 0.75 0.3636363744735718
vt 0.75 0.3636363744735718
vt 0.8125 0.3636363744735718
vt 0.8125 0.3636363744735718
vt 0.875 0.3636363744735718
vt 0.9375 0.3636363744735718
vt 0.9375 0.3636363744735718
vt 0 0.3636363744735718
vt 0 0.40909090638160706
vt 0.0625 0.40909090638160706
vt 0.0625 0.40909090638160706
vt 0.125 0.40909090638160706
vt 0.1875 0.40909090638160706
vt 0.1875 0.40909090638160706
vt 0.25 0.40909090638160706
vt 0.25 0.40909090638160706
vt 0.3125 0.40909090638160706
vt 0.3125 0.40909090638160706
vt 0.375 0.40909090638160706
vt 0.4375 0.40909090638160706
vt 0.4375 0.40909090638160706
vt 0.5 0.40909090638160706
vt 0.5 0.40909090638160706
vt 0.5625 0.40909090638160706
vt 0.5625 0.40909090638160706
vt 0.625 0.40909090638160706
vt 0.6875 0.40909090638160706
vt 0.6875 0.40909090638160706
vt 0.75 0.40909090638160706
vt 0.75 0.40909090638160706
vt 0.8125 0.40909090638160706
vt 0.8125 0.40909090638160706
vt 0.875 0.40909090638160706
vt 0.9375 0.40909090638160706
vt 0.9375 0.40909090638160706
vt 0 0.40909090638160706
vt 0 0.4545454680919647
vt 0.0625 0.4545454680919647
vt 0.0625 0.4545454680919647
vt 0.125 0.4545454680919647
vt 0.1875 0.4545454680919647
vt 0.1875 0.4545454680919647
vt 0.25 0.4545454680919647
vt 0.25 0.4545454680919647
vt 0.3125 0.4545454680919647
vt 0.3125 0.4545454680919647
vt 0.375 0.4545454680919647
vt 0.4375 0.4545454680919647
vt 0.4375 0.4545454680919647
vt 0.5 0.4545454680919647
vt 0.5 0.4545454680919647
vt 0.5625 0.4545454680919647
vt 0.5625 0.4545454680919647
vt 0.625 0.4545454680919647
vt 0.6875 0.4545454680919647
vt 0.6875 0.4545454680919647
vt 0.75 0.4545454680919647
vt 0.75 0.4545454680919647
vt 0.8125 0.4545454680919647
vt 0.8125 0.4545454680919647
vt 0.875 0.4545454680919647
vt 0.9375 0.4545454680919647
vt 0.9375 0.4545454680919647
vt 0 0.4545454680919647
vt 0 0.4545454680919647
vt 0 0.5
vt 0.0625 0.4545454680919647
vt 0.0625 0.5
vt 0.0625 0.4545454680919647
vt 0.0625 0.5
vt 0.125 0.5
vt 0.1875 0.4545454680919647
vt 0.1875 0.5
vt 0.1875 0.4545454680919647
vt 0.1875 0.5
vt 0.25 0.4545454680919647
vt 0.25 0.5
vt 0.25 0.4545454680919647
vt 0.25 0.5
vt 0.3125 0.4545454680919647
vt 0.3125 0.5
vt 0.3125 0.4545454680919647
vt 0.3125 0.5
vt 0.375 0.5
vt 0.4375 0.4545454680919647
vt 0.4375 0.5
vt 0.4375 0.4545454680919647
vt 0.4375 0.5
vt 0.5 0.4545454680919647
vt 0.5 0.5
vt 0.5 0.4545454680919647
vt 0.5 0.5
vt 0.5625 0.4545454680919647
vt 0.5625 0.5
vt 0.5625 0.4545454680919647
vt 0.5625 0.5
vt 0.625 0.5
vt 0.6875 0.4545454680919647
vt 0.6875 0.5
vt 0.6875 0.4545454680919647
vt 0.6875 0.5
vt 0.75 0.4545454680919647
vt 0.75 0.5
vt 0.75 0.4545454680919647
vt 0.75 0.5
vt 0.8125 0.4545454680919647
vt 0.8125 0.5
vt 0.8125 0.4545454680919647
vt 0.8125 0.5
vt 0.875 0.5
vt 0.9375 0.4545454680919647
vt 0.9375 0.5
vt 0.9375 0.4545454680919647
vt 0.9375 0.5
vt 0 0.4545454680919647
vt 0 0.5
vt 0 0.5
vt 0 0.5454545617103577
vt 0.0625 0.5
vt 0.0625 0.5454545617103577
vt 0.125 0.5
vt 0.125 0.5454545617103577
vt 0.1875 0.5
vt 0.1875 0.5454545617103577
vt 0.25 0.5
vt 0.25 0.5454545617103577
vt 0.3125 0.5
vt 0.3125 0.5454545617103577
vt 0.375 0.5
vt 0.375 0.5454545617103577
vt 0.4375 0.5
vt 0.4375 0.5454545617103577
vt 0.5 0.5
vt 0.5 0.5454545617103577
vt 0.5625 0.5
vt 0.5625 0.5454545617103577
vt 0.625 0.5
vt 0.625 0.5454545617103577
vt 0.6875 0.5
vt 0.6875 0.5454545617103577
vt 0.75 0.5
vt 0.75 0.5454545617103577
vt 0.8125 0.5
vt 0.8125 0.5454545617103577
vt 0.875 0.5
vt 0.875 0.5454545617103577
vt 0.9375 0.5
vt 0.9375 0.5454545617103577
vt 0 0.5454545617103577
vt 0 0.5909090638160706
vt 0.0625 0.5454545617103577
vt 0.0625 0.5909090638160706
vt 0.0625 0.5454545617103577
vt 0.0625 0.5909090638160706
vt 0.125 0.5454545617103577
vt 0.125 0.5909090638160706
vt 0.125 0.5909090638160706
vt 0.1875 0.5454545617103577
vt 0.1875 0.5909090638160706
vt 0.1875 0.5454545617103577
vt 0.1875 0.5909090638160706
vt 0.25 0.5454545617103577
vt 0.25 0.5909090638160706
vt 0.3125 0.5454545617103577
vt 0.3125 0.5909090638160706
vt 0.3125 0.5454545617103577
vt 0.3125 0.5909090638160706
vt 0.375 0.5454545617103577
vt 0.375 0.5909090638160706
vt 0.375 0.5909090638160706
vt 0.4375 0.5454545617103577
vt 0.4375 0.5909090638160706
vt 0.4375 0.5454545617103577
vt 0.4375 0.5909090638160706
vt 0.5 0.5454545617103577
vt 0.5 0.5909090638160706
vt 0.5625 0.5454545617103577
vt 0.5625 0.5909090638160706
vt 0.5625 0.5454545617103577
vt 0.5625 0.5909090638160706
vt 0.625 0.5454545617103577
vt 0.625 0.5909090638160706
vt 0.625 0.5909090638160706
vt 0.6875 0.5454545617103577
vt 0.6875 0.5909090638160706
vt 0.6875 0.5454545617103577
vt 0.6875 0.5909090638160706
vt 0.75 0.5454545617103577
vt 0.75 0.5909090638160706
vt 0.8125 0.5454545617103577
vt 0.8125 0.5909090638160706
vt 0.8125 0.5454545617103577
vt 0.8125 0.5909090638160706
vt 0.875 0.5454545617103577
vt 0.875 0.5909090638160706
vt 0.875 0.5909090638160706
vt 0.9375 0.5454545617103577
vt 0.9375 0.5909090638160706
vt 0.9375 0.5454545617103577
vt 0.9375 0.5909090638160706
vt 0 0.6363636255264282
vt 0.0625 0.6363636255264282
vt 0.0625 0.6363636255264282
vt 0.125 0.6363636255264282
vt 0.125 0.6363636255264282
vt 0.1875 0.6363636255264282
vt 0.1875 0.6363636255264282
vt 0.25 0.6363636255264282
vt 0.3125 0.6363636255264282
vt 0.3125 0.6363636255264282
vt 0.375 0.6363636255264282
vt 0.375 0.6363636255264282
vt 0.4375 0.6363636255264282
vt 0.4375 0.6363636255264282
vt 0.5 0.6363636255264282
vt 0.5625 0.6363636255264282
vt 0.5625 0.6363636255264282
vt 0.625 0.6363636255264282
vt 0.625 0.6363636255264282
vt 0.6875 0.6363636255264282
vt 0.6875 0.6363636255264282
vt 0.75 0.6363636255264282
vt 0.8125 0.6363636255264282
vt 0.8125 0.6363636255264282
vt 0.875 0.6363636255264282
vt 0.875 0.6363636255264282
vt 0.9375 0.6363636255264282
vt 0.9375 0.6363636255264282
vt 0 0.6363636255264282
vt 0 0.6818181872367859
vt 0.0625 0.6363636255264282
vt 0.0625 0.6818181872367859
vt 0.125 0.6363636255264282
vt 0.125 0.6818181872367859
vt 0.1875 0.6363636255264282
vt 0.1875 0.6818181872367859
vt 0.25 0.6363636255264282
vt 0.25 0.6818181872367859
vt 0.3125 0.6363636255264282
vt 0.3125 0.6818181872367859
vt 0.375 0.6363636255264282
vt 0.375 0.6818181872367859
vt 0.4375 0.6363636255264282
vt 0.4375 0.6818181872367859
vt 0.5 0.6363636255264282
vt 0.5 0.6818181872367859
vt 0.5625 0.6363636255264282
vt 0.5625 0.6818181872367859
vt 0.625 0.6363636255264282
vt 0.625 0.6818181872367859
vt 0.6875 0.6363636255264282
vt 0.6875 0.6818181872367859
vt 0.75 0.6363636255264282
vt 0.75 0.6818181872367859
vt 0.8125 0.6363636255264282
vt 0.8125 0.6818181872367859
vt 0.875 0.6363636255264282
vt 0.875 0.6818181872367859
vt 0.9375 0.6363636255264282
vt 0.9375 0.6818181872367859
vt 0 0.6818181872367859
vt 0 0.7272727489471436
vt 0.0625 0.6818181872367859
vt 0.0625 0.7272727489471436
vt 0.0625 0.6818181872367859
vt 0.0625 0.7272727489471436
vt 0.125 0.6818181872367859
vt 0.125 0.7272727489471436
vt 0.125 0.6818181872367859
vt 0.125 0.7272727489471436
vt 0.1875 0.6818181872367859
vt 0.1875 0.7272727489471436
vt 0.1875 0.6818181872367859
vt 0.1875 0.7272727489471436
vt 0.25 0.6818181872367859
vt 0.25 0.7272727489471436
vt 0.25 0.6818181872367859
vt 0.3125 0.6818181872367859
vt 0.3125 0.7272727489471436
vt 0.3125 0.6818181872367859
vt 0.3125 0.7272727489471436
vt 0.375 0.6818181872367859
vt 0.375 0.7272727489471436
vt 0.375 0.6818181872367859
vt 0.375 0.7272727489471436
vt 0.4375 0.6818181872367859
vt 0.4375 0.7272727489471436
vt 0.4375 0.6818181872367859
vt 0.4375 0.7272727489471436
vt 0.5 0.6818181872367859
vt 0.5 0.7272727489471436
vt 0.5 0.6818181872367859
vt 0.5625 0.6818181872367859
vt 0.5625 0.7272727489471436
vt 0.5625 0.6818181872367859
vt 0.5625 0.7272727489471436
vt 0.625 0.6818181872367859
vt 0.625 0.7272727489471436
vt 0.625 0.6818181872367859
vt 0.625 0.7272727489471436
vt 0.6875 0.6818181872367859
vt 0.6875 0.7272727489471436
vt 0.6875 0.6818181872367859
vt 0.6875 0.7272727489471436
vt 0.75 0.6818181872367859
vt 0.75 0.7272727489471436
vt 0.75 0.6818181872367859
vt 0.8125 0.6818181872367859
vt 0.8125 0.7272727489471436
vt 0.8125 0.6818181872367859
vt 0.8125 0.7272727489471436
vt 0.875 0.6818181872367859
vt 0.875 0.7272727489471436
vt 0.875 0.6818181872367859
vt 0.875 0.7272727489471436
vt 0.9375 0.6818181872367859
vt 0.9375 0.7272727489471436
vt 0.9375 0.6818181872367859
vt 0.9375 0.7272727489471436
vt 0 0.6818181872367859
vt 0 0.7272727489471436
vt 0 0.7727272510528564
vt 0.0625 0.7272727489471436
vt 0.0625 0.7727272510528564
vt 0.125 0.7272727489471436
vt 0.125 0.7727272510528564
vt 0.1875 0.7272727489471436
vt 0.1875 0.7727272510528564
vt 0.25 0.7272727489471436
vt 0.25 0.7727272510528564
vt 0.3125 0.7272727489471436
vt 0.3125 0.7727272510528564
vt 0.375 0.7272727489471436
vt 0.375 0.7727272510528564
vt 0.4375 0.7272727489471436
vt 0.4375 0.7727272510528564
vt 0.5 0.7272727489471436
vt 0.5 0.7727272510528564
vt 0.5625 0.7272727489471436
vt 0.5625 0.7727272510528564
vt 0.625 0.7272727489471436
vt 0.625 0.7727272510528564
vt 0.6875 0.7272727489471436
vt 0.6875 0.7727272510528564
vt 0.75 0.7272727489471436
vt 0.75 0.7727272510528564
vt 0.8125 0.7272727489471436
vt 0.8125 0.7727272510528564
vt 0.875 0.7272727489471436
vt 0.875 0.7727272510528564
vt 0.9375 0.7272727489471436
vt 0.9375 0.7727272510528564
vt 0 0.8181818127632141
vt 0.0625 0.8181818127632141
vt 0.125 0.8181818127632141
vt 0.1875 0.8181818127632141
vt 0.25 0.8181818127632141
vt 0.3125 0.8181818127632141
vt 0.375 0.8181818127632141
vt 0.4375 0.8181818127632141
vt 0.5 0.8181818127632141
vt 0.5625 0.8181818127632141
vt 0.625 0.8181818127632141
vt 0.6875 0.8181818127632141
vt 0.75 0.8181818127632141
vt 0.8125 0.8181818127632141
vt 0.875 0.8181818127632141
vt 0.9375 0.8181818127632141
vt 0 0.8636363744735718
vt 0.0625 0.8636363744735718
vt 0.125 0.8636363744735718
vt 0.1875 0.8636363744735718
vt 0.25 0.8636363744735718
vt 0.3125 0.8636363744735718
vt 0.375 0.8636363744735718
vt 0.4375 0.8636363744735718
vt 0.5 0.8636363744735718
vt 0.5625 0.8636363744735718
vt 0.625 0.8636363744735718
vt 0.6875 0.8636363744735718
vt 0.75 0.8636363744735718
vt 0.8125 0.8636363744735718
vt 0.875 0.8636363744735718
vt 0.9375 0.8636363744735718
vt 0 0.9090909361839294
vt 0 0.9545454382896423
vt 0 1
vt 0.0625 1
vt 0.125 1
vt 0.1875 1
vt 0.25 1
vt 0.3125 1
vt 0.375 1
vt 0.4375 1
vt 0.5 1
vt 0.5625 1
vt 0.625 1
vt 0.6875 1
vt 0.75 1
vt 0.8125 1
vt 0.875 1
vt 0.9375 1
vt 0 1
vt 0 0
vt 0.0625 1
vt 0.0625 0
vt 0.0625 1
vt 0.0625 0
vt 0.125 1
vt 0.125 0
vt 0.125 1
vt 0.125 0
vt 0.1875 1
vt 0.1875 0
vt 0.1875 1
vt 0.1875 0
vt 0.25 1
vt 0.25 0
vt 0.25 1
vt 0.25 0
vt 0.3125 1
vt 0.3125 0
vt 0.3125 1
vt 0.3125 0
vt 0.375 1
vt 0.375 0
vt 0.375 1
vt 0.375 0
vt 0.4375 1
vt 0.4375 0
vt 0.4375 1
vt 0.4375 0
vt 0.5 1
vt 0.5 0
vt 0.5 1
vt 0.5 0
vt 0.5625 1
vt 0.5625 0
vt 0.5625 1
vt 0.5625 0
vt 0.625 1
vt 0.625 0
vt 0.625 1
vt 0.625 0
vt 0.6875 1
vt 0.6875 0
vt 0.6875 1
vt 0.6875 0
vt 0.75 1
vt 0.75 0
vt 0.75 1
vt 0.75 0
vt 0.8125 1
vt 0.8125 0
vt 0.8125 1
vt 0.8125 0
vt 0.875 1
vt 0.875 0
vt 0.875 1
vt 0.875 0
vt 0.9375 1
vt 0.9375 0
vt 0.9375 1
vt 0.9375 0
vt 0 1
vt 0 0
vn 0.00000000000 -1.00000000000 0.00000000000
vn 0.00000000000 -1.00000000000 0.00000000000
vn 0.00000000000 -1.00000000000 0.00000000000
vn 0.00000000000 -1.00000000000 0.00000000000
vn 0.00000000000 -1.00000000000 0.00000000000
vn 0.00000000000 -1.00000000000 0.00000000000
vn 0.00000000000 -1.00000000000 0.00000000000
vn 0.00000000000 -1.00000000000 0.00000000000
vn 0.00000000000 -1.00000000000 0.00000000000
vn 0.00000000000 -1.00000000000 0.00000000000
vn 0.00000000000 -1.00000000000 0.00000000000
vn 0.00000000000 -1.00000000000 0.00000000000
vn 0.00000000000 -1.00000000000 0.00000000000
vn 0.00000000000 -1.00000000000 0.00000000000
vn 0.00000000000 -1.00000000000 0.00000000000
vn 0.00000000000 -1.00000000000 0.00000000000
vn 0.00000000000 -1.00000000000 0.00000000000
vn 0.00000000000 -1.00000000000 0.00000000000
vn 0.00000000000 -1.00000000000 0.00000000000
vn 0.00000000000 -1.00000000000 0.00000000000
vn 0.00000000000 -1.00000000000 0.00000000000
vn 0.00000000000 -1.00000000000 0.00000000000
vn 0.00000000000 -1.00000000000 0.00000000000
vn 0.00000000000 -1.00000000000 0.00000000000
vn 0.00000000000 -1.00000000000 0.00000000000
vn 0.00000000000 -1.00000000000 0.00000000000
vn 0.00000000000 -1.00000000000 0.00000000000
vn 0.00000000000 -1.00000000000 0.00000000000
vn 0.00000000000 -1.00000000000 0.00000000000
vn 0.00000000000 -1.00000000000 0.00000000000
vn 0.00000000000 -1.00000000000 0.00000000000
vn 0.00000000000 -1.00000000000 0.00000000000
vn 0.729608161626 -0.666081711476 0.154942196081
vn 0.822965617120 -0.561028358029 0.0893015930778
vn 0.729608161626 -0.666081711476 0.154942196081
vn 0.729608161626 -0.666081711476 0.154942196081
vn 0.628951601738 -0.638670138955 0.443306142839
vn 0.628951601738 -0.638670138955 0.443306142839
vn 0.628951601738 -0.638670138955 0.443306142839
vn 0.628951601738 -0.638670138955 0.443306142839
vn 0.439598176165 -0.629990343953 0.640207474213
vn 0.439598176165 -0.629990343953 0.640207474213
vn 0.439598176165 -0.629990343953 0.640207474213
vn 0.439598176165 -0.629990343953 0.640207474213
vn 0.161840544144 -0.682777826208 0.712476019463
vn 0.161840544144 -0.682777826208 0.712476019463
vn 0.161840544144 -0.682777826208 0.712476019463
vn 0.0547805355628 -0.458648802213 0.886927488102
vn -0.154942196081 -0.666081711476 0.729608161626
vn -0.0893015930778 -0.561028358029 0.822965617120
vn -0.154942196081 -0.666081711476 0.729608161626
vn -0.154942196081 -0.666081711476 0.729608161626
vn -0.443306142839 -0.638670138955 0.628951601738
vn -0.443306142839 -0.638670138955 0.628951601738
vn -0.443306142839 -0.638670138955 0.628951601738
vn -0.443306142839 -0.638670138955 0.628951601738
vn -0.640207474213 -0.629990343953 0.439598176165
vn -0.640207474213 -0.629990343953 0.439598176165
vn -0.640207474213 -0.629990343953 0.439598176165
vn -0.640207474213 -0.629990343953 0.439598176165
vn -0.712476019463 -0.682777826208 0.161840544144
vn -0.712476019463 -0.682777826208 0.161840544144
vn -0.712476019463 -0.682777826208 0.161840544144
vn -0.886927488102 -0.458648802213 0.0547805355628
vn -0.729608161626 -0.666081711476 -0.154942196081
vn -0.822965617120 -0.561028358029 -0.0893015930778
vn -0.729608161626 -0.666081711476 -0.154942196081
vn -0.729608161626 -0.666081711476 -0.154942196081
vn -0.628951601738 -0.638670138955 -0.443306142839
vn -0.628951601738 -0.638670138955 -0.443306142839
vn -0.628951601738 -0.638670138955 -0.443306142839
vn -0.628951601738 -0.638670138955 -0.443306142839
vn -0.439598176165 -0.629990343953 -0.640207474213
vn -0.439598176165 -0.629990343953 -0.640207474213
vn -0.439598176165 -0.629990343953 -0.640207474213
vn -0.439598176165 -0.629990343953 -0.640207474213
vn -0.161840544144 -0.682777826208 -0.712476019463
vn -0.161840544144 -0.682777826208 -0.712476019463
vn -0.161840544144 -0.682777826208 -0.712476019463
vn -0.0547805355628 -0.458648802213 -0.886927488102
vn 0.154942196081 -0.666081711476 -0.729608161626
vn 0.0893015930778 -0.561028358029 -0.822965617120
vn 0.154942196081 -0.666081711476 -0.729608161626
vn 0.154942196081 -0.666081711476 -0.729608161626
vn 0.443306142839 -0.638670138955 -0.628951601738
vn 0.443306142839 -0.638670138955 -0.628951601738
vn 0.443306142839 -0.638670138955 -0.628951601738
vn 0.443306142839 -0.638670138955 -0.628951601738
vn 0.640207474213 -0.629990343953 -0.439598176165
vn 0.640207474213 -0.629990343953 -0.439598176165
vn 0.640207474213 -0.629990343953 -0.439598176165
vn 0.640207474213 -0.629990343953 -0.439598176165
vn 0.712476019463 -0.682777826208 -0.161840544144
vn 0.712476019463 -0.682777826208 -0.161840544144
vn 0.712476019463 -0.682777826208 -0.161840544144
vn 0.886927488102 -0.458648802213 -0.0547805355628
vn 0.951578982944 -0.306859764127 0.0182900076449
vn 0.919887370957 -0.382780286622 0.0853608629686
vn 0.991111052953 -0.128484235878 0.0345062580704
vn 0.977946919452 0.145669889804 0.149666649385
vn 0.871052495096 -0.176696567005 0.458307619396
vn 0.835690548654 0.109688332946 0.538135462970
vn 0.871052495096 -0.176696567005 0.458307619396
vn 0.835690548654 0.109688332946 0.538135462970
vn 0.445198156321 -0.178016323003 0.877558425606
vn 0.552901035540 0.109267079517 0.826051542116
vn 0.445198156321 -0.178016323003 0.877558425606
vn 0.552901035540 0.109267079517 0.826051542116
vn 0.0221973111899 -0.155022229854 0.987661575453
vn 0.149720278216 0.164497670054 0.974948385730
vn 0.0897808836207 -0.188013139779 0.978054421904
vn 0.0865004527611 -0.384233303879 0.919174869033
vn -0.0182900076449 -0.306859764127 0.951578982944
vn -0.0853608629686 -0.382780286622 0.919887370957
vn -0.0345062580704 -0.128484235878 0.991111052953
vn -0.149666649385 0.145669889804 0.977946919452
vn -0.458307619396 -0.176696567005 0.871052495096
vn -0.538135462970 0.109688332946 0.835690548654
vn -0.458307619396 -0.176696567005 0.871052495096
vn -0.538135462970 0.109688332946 0.835690548654
vn -0.877558425606 -0.178016323003 0.445198156321
vn -0.826051542116 0.109267079517 0.552901035540
vn -0.877558425606 -0.178016323003 0.445198156321
vn -0.826051542116 0.109267079517 0.552901035540
vn -0.987661575453 -0.155022229854 0.0221973111899
vn -0.974948385730 0.164497670054 0.149720278216
vn -0.978054421904 -0.188013139779 0.0897808836207
vn -0.919174869033 -0.384233303879 0.0865004527611
vn -0.951578982944 -0.306859764127 -0.0182900076449
vn -0.919887370957 -0.382780286622 -0.0853608629686
vn -0.991111052953 -0.128484235878 -0.0345062580704
vn -0.977946919452 0.145669889804 -0.149666649385
vn -0.871052495096 -0.176696567005 -0.458307619396
vn -0.835690548654 0.109688332946 -0.538135462970
vn -0.871052495096 -0.176696567005 -0.458307619396
vn -0.835690548654 0.109688332946 -0.538135462970
vn -0.445198156321 -0.178016323003 -0.877558425606
vn -0.552901035540 0.109267079517 -0.826051542116
vn -0.445198156321 -0.178016323003 -0.877558425606
vn -0.552901035540 0.109267079517 -0.826051542116
vn -0.0221973111899 -0.155022229854 -0.987661575453
vn -0.149720278216 0.164497670054 -0.974948385730
vn -0.0897808836207 -0.188013139779 -0.978054421904
vn -0.0865004527611 -0.384233303879 -0.919174869033
vn 0.0182900076449 -0.306859764127 -0.951578982944
vn 0.0853608629686 -0.382780286622 -0.919887370957
vn 0.0345062580704 -0.128484235878 -0.991111052953
vn 0.149666649385 0.145669889804 -0.977946919452
vn 0.458307619396 -0.176696567005 -0.871052495096
vn 0.538135462970 0.109688332946 -0.835690548654
vn 0.458307619396 -0.176696567005 -0.871052495096
vn 0.538135462970 0.109688332946 -0.835690548654
vn 0.877558425606 -0.178016323003 -0.445198156321
vn 0.826051542116 0.109267079517 -0.552901035540
vn 0.877558425606 -0.178016323003 -0.445198156321
vn 0.826051542116 0.109267079517 -0.552901035540
vn 0.987661575453 -0.155022229854 -0.0221973111899
vn 0.974948385730 0.164497670054 -0.149720278216
vn 0.978054421904 -0.188013139779 -0.0897808836207
vn 0.919174869033 -0.384233303879 -0.0865004527611
vn 0.898054819772 0.439274600085 0.0231379861857
vn 0.898054819772 0.439274600085 0.0231379861857
vn 0.869686844388 0.445557953169 0.212421522136
vn 0.869686844388 0.445557953169 0.212421522136
vn 0.733151487380 0.397943522123 0.551479691152
vn 0.733151487380 0.397943522123 0.551479691152
vn 0.733151487380 0.397943522123 0.551479691152
vn 0.733151487380 0.397943522123 0.551479691152
vn 0.543594965399 0.388040012586 0.744264376566
vn 0.543594965399 0.388040012586 0.744264376566
vn 0.543594965399 0.388040012586 0.744264376566
vn 0.543594965399 0.388040012586 0.744264376566
vn 0.223584029212 0.444421029319 0.867467653910
vn 0.223584029212 0.444421029319 0.867467653910
vn -0.0231379861857 0.439274600085 0.898054819772
vn -0.0231379861857 0.439274600085 0.898054819772
vn -0.212421522136 0.445557953169 0.869686844388
vn -0.212421522136 0.445557953169 0.869686844388
vn -0.551479691152 0.397943522123 0.733151487380
vn -0.551479691152 0.397943522123 0.733151487380
vn -0.551479691152 0.397943522123 0.733151487380
vn -0.551479691152 0.397943522123 0.733151487380
vn -0.744264376566 0.388040012586 0.543594965399
vn -0.744264376566 0.388040012586 0.543594965399
vn -0.744264376566 0.388040012586 0.543594965399
vn -0.744264376566 0.388040012586 0.543594965399
vn -0.867467653910 0.444421029319 0.223584029212
vn -0.867467653910 0.444421029319 0.223584029212
vn -0.898054819772 0.439274600085 -0.0231379861857
vn -0.898054819772 0.439274600085 -0.0231379861857
vn -0.869686844388 0.445557953169 -0.212421522136
vn -0.869686844388 0.445557953169 -0.212421522136
vn -0.733151487380 0.397943522123 -0.551479691152
vn -0.733151487380 0.397943522123 -0.551479691152
vn -0.733151487380 0.397943522123 -0.551479691152
vn -0.733151487380 0.397943522123 -0.551479691152
vn -0.543594965399 0.388040012586 -0.744264376566
vn -0.543594965399 0.388040012586 -0.744264376566
vn -0.543594965399 0.388040012586 -0.744264376566
vn -0.543594965399 0.388040012586 -0.744264376566
vn -0.223584029212 0.444421029319 -0.867467653910
vn -0.223584029212 0.444421029319 -0.867467653910
vn 0.0231379861857 0.439274600085 -0.898054819772
vn 0.0231379861857 0.439274600085 -0.898054819772
vn 0.212421522136 0.445557953169 -0.869686844388
vn 0.212421522136 0.445557953169 -0.869686844388
vn 0.551479691152 0.397943522123 -0.733151487380
vn 0.551479691152 0.397943522123 -0.733151487380
vn 0.551479691152 0.397943522123 -0.733151487380
vn 0.551479691152 0.397943522123 -0.733151487380
vn 0.744264376566 0.388040012586 -0.543594965399
vn 0.744264376566 0.388040012586 -0.543594965399
vn 0.744264376566 0.388040012586 -0.543594965399
vn 0.744264376566 0.388040012586 -0.543594965399
vn 0.867467653910 0.444421029319 -0.223584029212
vn 0.867467653910 0.444421029319 -0.223584029212
vn 0.796723251745 -0.604322258580 -0.00516409849374
vn 0.796723251745 -0.604322258580 -0.00516409849374
vn 0.241540236271 -0.968821457986 0.0551660838648
vn 0.796723251745 -0.604322258580 -0.00516409849374
vn 0.193770603121 -0.972036186769 0.132659733826
vn 0.792325523077 -0.605493744524 0.0748170490163
vn 0.193770603121 -0.972036186769 0.132659733826
vn 0.193770603121 -0.972036186769 0.132659733826
vn 0.136593464710 -0.972049202834 0.190951754818
vn 0.136593464710 -0.972049202834 0.190951754818
vn 0.136593464710 -0.972049202834 0.190951754818
vn 0.0744224495215 -0.602950995450 0.794299311402
vn 0.0513000744012 -0.968084385422 0.245318008040
vn 0.00516409849374 -0.604322258580 0.796723251745
vn 0.00516409849374 -0.604322258580 0.796723251745
vn 0.00516409849374 -0.604322258580 0.796723251745
vn -0.0551660838648 -0.968821457986 0.241540236271
vn 0.00516409849374 -0.604322258580 0.796723251745
vn -0.132659733826 -0.972036186769 0.193770603121
vn -0.0748170490163 -0.605493744524 0.792325523077
vn -0.132659733826 -0.972036186769 0.193770603121
vn -0.132659733826 -0.972036186769 0.193770603121
vn -0.190951754818 -0.972049202834 0.136593464710
vn -0.190951754818 -0.972049202834 0.136593464710
vn -0.190951754818 -0.972049202834 0.136593464710
vn -0.794299311402 -0.602950995450 0.0744224495215
vn -0.245318008040 -0.968084385422 0.0513000744012
vn -0.796723251745 -0.604322258580 0.00516409849374
vn -0.796723251745 -0.604322258580 0.00516409849374
vn -0.796723251745 -0.604322258580 0.00516409849374
vn -0.241540236271 -0.968821457986 -0.0551660838648
vn -0.796723251745 -0.604322258580 0.00516409849374
vn -0.193770603121 -0.972036186769 -0.132659733826
vn -0.792325523077 -0.605493744524 -0.0748170490163
vn -0.193770603121 -0.972036186769 -0.132659733826
vn -0.193770603121 -0.972036186769 -0.132659733826
vn -0.136593464710 -0.972049202834 -0.190951754818
vn -0.136593464710 -0.972049202834 -0.190951754818
vn -0.136593464710 -0.972049202834 -0.190951754818
vn -0.0744224495215 -0.602950995450 -0.794299311402
vn -0.0513000744012 -0.968084385422 -0.245318008040
vn -0.00516409849374 -0.604322258580 -0.796723251745
vn -0.00516409849374 -0.604322258580 -0.796723251745
vn -0.00516409849374 -0.604322258580 -0.796723251745
vn 0.0551660838648 -0.968821457986 -0.241540236271
vn -0.00516409849374 -0.604322258580 -0.796723251745
vn 0.132659733826 -0.972036186769 -0.193770603121
vn 0.0748170490163 -0.605493744524 -0.792325523077
vn 0.132659733826 -0.972036186769 -0.193770603121
vn 0.132659733826 -0.972036186769 -0.193770603121
vn 0.190951754818 -0.972049202834 -0.136593464710
vn 0.190951754818 -0.972049202834 -0.136593464710
vn 0.190951754818 -0.972049202834 -0.136593464710
vn 0.794299311402 -0.602950995450 -0.0744224495215
vn 0.245318008040 -0.968084385422 -0.0513000744012
vn 0.796723251745 -0.604322258580 -0.00516409849374
vn 0.815459849912 -0.578811766464 -0.00147383299635
vn 0.815459849912 -0.578811766464 -0.00147383299635
vn 0.815459849912 -0.578811766464 -0.00147383299635
vn 0.815459849912 -0.578811766464 -0.00147383299635
vn 0.809702168189 -0.579997368023 0.0893613558360
vn 0.809702168189 -0.579997368023 0.0893613558360
vn 0.695419728163 -0.447003721810 0.562653600690
vn 0.695419728163 -0.447003721810 0.562653600690
vn 0.558004554798 -0.450527844158 0.696889932817
vn 0.558004554798 -0.450527844158 0.696889932817
vn 0.0953563173507 -0.582054507875 0.807539300966
vn 0.0953563173507 -0.582054507875 0.807539300966
vn 0.00147383299635 -0.578811766464 0.815459849912
vn 0.00147383299635 -0.578811766464 0.815459849912
vn 0.00147383299635 -0.578811766464 0.815459849912
vn 0.00147383299635 -0.578811766464 0.815459849912
vn 0.00147383299635 -0.578811766464 0.815459849912
vn 0.00147383299635 -0.578811766464 0.815459849912
vn -0.0893613558360 -0.579997368023 0.809702168189
vn -0.0893613558360 -0.579997368023 0.809702168189
vn -0.562653600690 -0.447003721810 0.695419728163
vn -0.562653600690 -0.447003721810 0.695419728163
vn -0.696889932817 -0.450527844158 0.558004554798
vn -0.696889932817 -0.450527844158 0.558004554798
vn -0.807539300966 -0.582054507875 0.0953563173507
vn -0.807539300966 -0.582054507875 0.0953563173507
vn -0.815459849912 -0.578811766464 0.00147383299635
vn -0.815459849912 -0.578811766464 0.00147383299635
vn -0.815459849912 -0.578811766464 0.00147383299635
vn -0.815459849912 -0.578811766464 0.00147383299635
vn -0.815459849912 -0.578811766464 0.00147383299635
vn -0.815459849912 -0.578811766464 0.00147383299635
vn -0.809702168189 -0.579997368023 -0.0893613558360
vn -0.809702168189 -0.579997368023 -0.0893613558360
vn -0.695419728163 -0.447003721810 -0.562653600690
vn -0.695419728163 -0.447003721810 -0.562653600690
vn -0.558004554798 -0.450527844158 -0.696889932817
vn -0.558004554798 -0.450527844158 -0.696889932817
vn -0.0953563173507 -0.582054507875 -0.807539300966
vn -0.0953563173507 -0.582054507875 -0.807539300966
vn -0.00147383299635 -0.578811766464 -0.815459849912
vn -0.00147383299635 -0.578811766464 -0.815459849912
vn -0.00147383299635 -0.578811766464 -0.815459849912
vn -0.00147383299635 -0.578811766464 -0.815459849912
vn -0.00147383299635 -0.578811766464 -0.815459849912
vn -0.00147383299635 -0.578811766464 -0.815459849912
vn 0.0893613558360 -0.579997368023 -0.809702168189
vn 0.0893613558360 -0.579997368023 -0.809702168189
vn 0.562653600690 -0.447003721810 -0.695419728163
vn 0.562653600690 -0.447003721810 -0.695419728163
vn 0.696889932817 -0.450527844158 -0.558004554798
vn 0.696889932817 -0.450527844158 -0.558004554798
vn 0.807539300966 -0.582054507875 -0.0953563173507
vn 0.807539300966 -0.582054507875 -0.0953563173507
vn 0.815459849912 -0.578811766464 -0.00147383299635
vn 0.815459849912 -0.578811766464 -0.00147383299635
vn 0.815459849912 -0.578811766464 -0.00147383299635
vn 0.815459849912 -0.578811766464 -0.00147383299635
vn 0.809702168189 -0.579997368023 0.0893613558360
vn 0.633970858375 -0.445982397805 0.631807448183
vn 0.0953563173507 -0.582054507875 0.807539300966
vn 0.00147383299635 -0.578811766464 0.815459849912
vn 0.00147383299635 -0.578811766464 0.815459849912
vn 0.00147383299635 -0.578811766464 0.815459849912
vn -0.0893613558360 -0.579997368023 0.809702168189
vn -0.631807448183 -0.445982397805 0.633970858375
vn -0.807539300966 -0.582054507875 0.0953563173507
vn -0.815459849912 -0.578811766464 0.00147383299635
vn -0.815459849912 -0.578811766464 0.00147383299635
vn -0.815459849912 -0.578811766464 0.00147383299635
vn -0.809702168189 -0.579997368023 -0.0893613558360
vn -0.633970858375 -0.445982397805 -0.631807448183
vn -0.0953563173507 -0.582054507875 -0.807539300966
vn -0.00147383299635 -0.578811766464 -0.815459849912
vn -0.00147383299635 -0.578811766464 -0.815459849912
vn -0.00147383299635 -0.578811766464 -0.815459849912
vn 0.0893613558360 -0.579997368023 -0.809702168189
vn 0.631807448183 -0.445982397805 -0.633970858375
vn 0.807539300966 -0.582054507875 -0.0953563173507
vn 0.815459849912 -0.578811766464 -0.00147383299635
vn 0.966172278207 -0.254923969581 0.0390499495083
vn 0.966172278207 -0.254923969581 0.0390499495083
vn 0.950116174394 -0.269331519615 0.157288867046
vn 0.681415686231 -0.232793170363 0.693887600690
vn 0.148887931080 -0.266003248896 0.952404670062
vn 0.0207267276636 -0.255063776409 0.966702059957
vn 0.0207267276636 -0.255063776409 0.966702059957
vn -0.0390499495083 -0.254923969581 0.966172278207
vn -0.0390499495083 -0.254923969581 0.966172278207
vn -0.157288867046 -0.269331519615 0.950116174394
vn -0.693887600690 -0.232793170363 0.681415686231
vn -0.952404670062 -0.266003248896 0.148887931080
vn -0.966702059957 -0.255063776409 0.0207267276636
vn -0.966702059957 -0.255063776409 0.0207267276636
vn -0.966172278207 -0.254923969581 -0.0390499495083
vn -0.966172278207 -0.254923969581 -0.0390499495083
vn -0.950116174394 -0.269331519615 -0.157288867046
vn -0.681415686231 -0.232793170363 -0.693887600690
vn -0.148887931080 -0.266003248896 -0.952404670062
vn -0.0207267276636 -0.255063776409 -0.966702059957
vn -0.0207267276636 -0.255063776409 -0.966702059957
vn 0.0390499495083 -0.254923969581 -0.966172278207
vn 0.0390499495083 -0.254923969581 -0.966172278207
vn 0.157288867046 -0.269331519615 -0.950116174394
vn 0.693887600690 -0.232793170363 -0.681415686231
vn 0.952404670062 -0.266003248896 -0.148887931080
vn 0.966702059957 -0.255063776409 -0.0207267276636
vn 0.966702059957 -0.255063776409 -0.0207267276636
vn 0.966172278207 -0.254923969581 0.0390499495083
vn 0.966172278207 -0.254923969581 0.0390499495083
vn 0.950116174394 -0.269331519615 0.157288867046
vn 0.681415686231 -0.232793170363 0.693887600690
vn 0.148887931080 -0.266003248896 0.952404670062
vn 0.0207267276636 -0.255063776409 0.966702059957
vn 0.0207267276636 -0.255063776409 0.966702059957
vn -0.0390499495083 -0.254923969581 0.966172278207
vn -0.0390499495083 -0.254923969581 0.966172278207
vn -0.157288867046 -0.269331519615 0.950116174394
vn -0.693887600690 -0.232793170363 0.681415686231
vn -0.952404670062 -0.266003248896 0.148887931080
vn -0.966702059957 -0.255063776409 0.0207267276636
vn -0.966702059957 -0.255063776409 0.0207267276636
vn -0.966172278207 -0.254923969581 -0.0390499495083
vn -0.966172278207 -0.254923969581 -0.0390499495083
vn -0.950116174394 -0.269331519615 -0.157288867046
vn -0.681415686231 -0.232793170363 -0.693887600690
vn -0.148887931080 -0.266003248896 -0.952404670062
vn -0.0207267276636 -0.255063776409 -0.966702059957
vn -0.0207267276636 -0.255063776409 -0.966702059957
vn 0.0390499495083 -0.254923969581 -0.966172278207
vn 0.0390499495083 -0.254923969581 -0.966172278207
vn 0.157288867046 -0.269331519615 -0.950116174394
vn 0.693887600690 -0.232793170363 -0.681415686231
vn 0.952404670062 -0.266003248896 -0.148887931080
vn 0.966702059957 -0.255063776409 -0.0207267276636
vn 0.966702059957 -0.255063776409 -0.0207267276636
vn 0.966172278207 -0.254923969581 0.0390499495083
vn 0.966172278207 -0.254923969581 0.0390499495083
vn 0.950116174394 -0.269331519615 0.157288867046
vn 0.681415686231 -0.232793170363 0.693887600690
vn 0.148887931080 -0.266003248896 0.952404670062
vn 0.0207267276636 -0.255063776409 0.966702059957
vn 0.0207267276636 -0.255063776409 0.966702059957
vn -0.0390499495083 -0.254923969581 0.966172278207
vn -0.0390499495083 -0.254923969581 0.966172278207
vn -0.157288867046 -0.269331519615 0.950116174394
vn -0.693887600690 -0.232793170363 0.681415686231
vn -0.952404670062 -0.266003248896 0.148887931080
vn -0.966702059957 -0.255063776409 0.0207267276636
vn -0.966702059957 -0.255063776409 0.0207267276636
vn -0.966172278207 -0.254923969581 -0.0390499495083
vn -0.966172278207 -0.254923969581 -0.0390499495083
vn -0.950116174394 -0.269331519615 -0.157288867046
vn -0.681415686231 -0.232793170363 -0.693887600690
vn -0.148887931080 -0.266003248896 -0.952404670062
vn -0.0207267276636 -0.255063776409 -0.966702059957
vn -0.0207267276636 -0.255063776409 -0.966702059957
vn 0.0390499495083 -0.254923969581 -0.966172278207
vn 0.0390499495083 -0.254923969581 -0.966172278207
vn 0.157288867046 -0.269331519615 -0.950116174394
vn 0.693887600690 -0.232793170363 -0.681415686231
vn 0.952404670062 -0.266003248896 -0.148887931080
vn 0.966702059957 -0.255063776409 -0.0207267276636
vn 0.966702059957 -0.255063776409 -0.0207267276636
vn 0.969973730437 -0.229667824521 0.0800228257575
vn 0.969973730437 -0.229667824521 0.0800228257575
vn 0.969973730437 -0.229667824521 0.0800228257575
vn 0.969973730437 -0.229667824521 0.0800228257575
vn 0.950153489226 -0.201419700279 0.237988342680
vn 0.950153489226 -0.201419700279 0.237988342680
vn 0.681415686231 -0.232793170363 0.693887600690
vn 0.229753377676 -0.195627095549 0.953385244764
vn 0.229753377676 -0.195627095549 0.953385244764
vn 0.0714593234878 -0.225960836826 0.971511845171
vn 0.0714593234878 -0.225960836826 0.971511845171
vn 0.0714593234878 -0.225960836826 0.971511845171
vn 0.0714593234878 -0.225960836826 0.971511845171
vn -0.0800228257575 -0.229667824521 0.969973730437
vn -0.0800228257575 -0.229667824521 0.969973730437
vn -0.0800228257575 -0.229667824521 0.969973730437
vn -0.0800228257575 -0.229667824521 0.969973730437
vn -0.237988342680 -0.201419700279 0.950153489226
vn -0.237988342680 -0.201419700279 0.950153489226
vn -0.693887600690 -0.232793170363 0.681415686231
vn -0.953385244764 -0.195627095549 0.229753377676
vn -0.953385244764 -0.195627095549 0.229753377676
vn -0.971511845171 -0.225960836826 0.0714593234878
vn -0.971511845171 -0.225960836826 0.0714593234878
vn -0.971511845171 -0.225960836826 0.0714593234878
vn -0.971511845171 -0.225960836826 0.0714593234878
vn -0.969973730437 -0.229667824521 -0.0800228257575
vn -0.969973730437 -0.229667824521 -0.0800228257575
vn -0.969973730437 -0.229667824521 -0.0800228257575
vn -0.969973730437 -0.229667824521 -0.0800228257575
vn -0.950153489226 -0.201419700279 -0.237988342680
vn -0.950153489226 -0.201419700279 -0.237988342680
vn -0.681415686231 -0.232793170363 -0.693887600690
vn -0.229753377676 -0.195627095549 -0.953385244764
vn -0.229753377676 -0.195627095549 -0.953385244764
vn -0.0714593234878 -0.225960836826 -0.971511845171
vn -0.0714593234878 -0.225960836826 -0.971511845171
vn -0.0714593234878 -0.225960836826 -0.971511845171
vn -0.0714593234878 -0.225960836826 -0.971511845171
vn 0.0800228257575 -0.229667824521 -0.969973730437
vn 0.0800228257575 -0.229667824521 -0.969973730437
vn 0.0800228257575 -0.229667824521 -0.969973730437
vn 0.0800228257575 -0.229667824521 -0.969973730437
vn 0.237988342680 -0.201419700279 -0.950153489226
vn 0.237988342680 -0.201419700279 -0.950153489226
vn 0.693887600690 -0.232793170363 -0.681415686231
vn 0.953385244764 -0.195627095549 -0.229753377676
vn 0.953385244764 -0.195627095549 -0.229753377676
vn 0.971511845171 -0.225960836826 -0.0714593234878
vn 0.971511845171 -0.225960836826 -0.0714593234878
vn 0.971511845171 -0.225960836826 -0.0714593234878
vn 0.971511845171 -0.225960836826 -0.0714593234878
vn 0.00000000000 1.00000000000 0.00000000000
vn 0.00000000000 1.00000000000 0.00000000000
vn 0.00000000000 1.00000000000 0.00000000000
vn 0.00000000000 1.00000000000 0.00000000000
vn 0.00000000000 1.00000000000 0.00000000000
vn 0.00000000000 1.00000000000 0.00000000000
vn 0.00000000000 1.00000000000 0.00000000000
vn 0.00000000000 1.00000000000 0.00000000000
vn 0.00000000000 1.00000000000 0.00000000000
vn 0.00000000000 1.00000000000 0.00000000000
vn 0.00000000000 1.00000000000 0.00000000000
vn 0.00000000000 1.00000000000 0.00000000000
vn 0.00000000000 1.00000000000 0.00000000000
vn 0.00000000000 1.00000000000 0.00000000000
vn 0.00000000000 1.00000000000 0.00000000000
vn 0.00000000000 1.00000000000 0.00000000000
vn 0.00000000000 1.00000000000 0.00000000000
vn 0.00000000000 1.00000000000 0.00000000000
vn 0.00000000000 1.00000000000 0.00000000000
vn 0.00000000000 1.00000000000 0.00000000000
vn 0.00000000000 1.00000000000 0.00000000000
vn 0.00000000000 1.00000000000 0.00000000000
vn 0.00000000000 1.00000000000 0.00000000000
vn 0.00000000000 1.00000000000 0.00000000000
vn 0.00000000000 1.00000000000 0.00000000000
vn 0.00000000000 1.00000000000 0.00000000000
vn 0.00000000000 1.00000000000 0.00000000000
vn 0.00000000000 1.00000000000 0.00000000000
vn 0.00000000000 1.00000000000 0.00000000000
vn 0.00000000000 1.00000000000 0.00000000000
vn 0.00000000000 1.00000000000 0.00000000000
vn 0.00000000000 1.00000000000 0.00000000000
vn -0.823336958092 0.567552864005 1.54142376492e-9
vn -0.823336958092 0.567552864005 1.54142376492e-9
vn -0.823336958092 0.567552864005 1.54142376492e-9
vn -0.823336958092 0.567552864005 1.54142376492e-9
vn -0.825026298940 0.556810574858 -0.0964032664553
vn -0.825026298940 0.556810574858 -0.0964032664553
vn -0.673206973109 0.446429781183 -0.589485217652
vn -0.733074906960 0.310851038975 -0.604956868176
vn -0.588644559113 0.310183611837 -0.746514373588
vn -0.0964032664553 0.556810574858 -0.825026298940
vn -0.0964032664553 0.556810574858 -0.825026298940
vn -1.54142376492e-9 0.567552864005 -0.823336958092
vn -1.54142376492e-9 0.567552864005 -0.823336958092
vn -1.54142376492e-9 0.567552864005 -0.823336958092
vn -1.54142376492e-9 0.567552864005 -0.823336958092
vn -1.54142376492e-9 0.567552864005 -0.823336958092
vn -1.54142376492e-9 0.567552864005 -0.823336958092
vn 0.0964032664553 0.556810574858 -0.825026298940
vn 0.0964032664553 0.556810574858 -0.825026298940
vn 0.589485217652 0.446429781183 -0.673206973109
vn 0.604956868176 0.310851038975 -0.733074906960
vn 0.746514373588 0.310183611837 -0.588644559113
vn 0.825026298940 0.556810574858 -0.0964032664553
vn 0.825026298940 0.556810574858 -0.0964032664553
vn 0.823336958092 0.567552864005 -1.54142376492e-9
vn 0.823336958092 0.567552864005 -1.54142376492e-9
vn 0.823336958092 0.567552864005 -1.54142376492e-9
vn 0.823336958092 0.567552864005 -1.54142376492e-9
vn 0.823336958092 0.567552864005 -1.54142376492e-9
vn 0.823336958092 0.567552864005 -1.54142376492e-9
vn 0.825026298940 0.556810574858 0.0964032664553
vn 0.825026298940 0.556810574858 0.0964032664553
vn 0.673206973109 0.446429781183 0.589485217652
vn 0.733074906960 0.310851038975 0.604956868176
vn 0.588644559113 0.310183611837 0.746514373588
vn 0.0964032664553 0.556810574858 0.825026298940
vn 0.0964032664553 0.556810574858 0.825026298940
vn 1.54142376492e-9 0.567552864005 0.823336958092
vn 1.54142376492e-9 0.567552864005 0.823336958092
vn 1.54142376492e-9 0.567552864005 0.823336958092
vn 1.54142376492e-9 0.567552864005 0.823336958092
vn 1.54142376492e-9 0.567552864005 0.823336958092
vn 1.54142376492e-9 0.567552864005 0.823336958092
vn -0.0964032664553 0.556810574858 0.825026298940
vn -0.0964032664553 0.556810574858 0.825026298940
vn -0.589485217652 0.446429781183 0.673206973109
vn -0.604956868176 0.310851038975 0.733074906960
vn -0.746514373588 0.310183611837 0.588644559113
vn -0.825026298940 0.556810574858 0.0964032664553
vn -0.825026298940 0.556810574858 0.0964032664553
vn -0.823336958092 0.567552864005 1.54142376492e-9
vn -0.823336958092 0.567552864005 1.54142376492e-9
vn -0.823336958092 0.567552864005 1.54142376492e-9
vn -0.823336958092 0.567552864005 1.54142376492e-9
vn -0.825026298940 0.556810574858 -0.0964032664553
vn -0.733074906960 0.310851038975 -0.604956868176
vn -0.588644559113 0.310183611837 -0.746514373588
vn -0.0964032664553 0.556810574858 -0.825026298940
vn -1.54142376492e-9 0.567552864005 -0.823336958092
vn -1.54142376492e-9 0.567552864005 -0.823336958092
vn -1.54142376492e-9 0.567552864005 -0.823336958092
vn 0.0964032664553 0.556810574858 -0.825026298940
vn 0.604956868176 0.310851038975 -0.733074906960
vn 0.746514373588 0.310183611837 -0.588644559113
vn 0.825026298940 0.556810574858 -0.0964032664553
vn 0.823336958092 0.567552864005 -1.54142376492e-9
vn 0.823336958092 0.567552864005 -1.54142376492e-9
vn 0.823336958092 0.567552864005 -1.54142376492e-9
vn 0.825026298940 0.556810574858 0.0964032664553
vn 0.733074906960 0.310851038975 0.604956868176
vn 0.588644559113 0.310183611837 0.746514373588
vn 0.0964032664553 0.556810574858 0.825026298940
vn 1.54142376492e-9 0.567552864005 0.823336958092
vn 1.54142376492e-9 0.567552864005 0.823336958092
vn 1.54142376492e-9 0.567552864005 0.823336958092
vn -0.0964032664553 0.556810574858 0.825026298940
vn -0.604956868176 0.310851038975 0.733074906960
vn -0.746514373588 0.310183611837 0.588644559113
vn -0.825026298940 0.556810574858 0.0964032664553
vn -0.823336958092 0.567552864005 1.54142376492e-9
vn 0.00000000000 1.00000000000 0.00000000000
vn 0.00000000000 1.00000000000 0.00000000000
vn 0.00000000000 1.00000000000 0.00000000000
vn 0.00000000000 1.00000000000 0.00000000000
vn 0.00000000000 1.00000000000 0.00000000000
vn 0.00000000000 1.00000000000 0.00000000000
vn 0.00000000000 1.00000000000 0.00000000000
vn 0.00000000000 1.00000000000 0.00000000000
vn 0.00000000000 1.00000000000 0.00000000000
vn 0.00000000000 1.00000000000 0.00000000000
vn 0.00000000000 1.00000000000 0.00000000000
vn 0.00000000000 1.00000000000 0.00000000000
vn 0.00000000000 1.00000000000 0.00000000000
vn 0.00000000000 1.00000000000 0.00000000000
vn 0.00000000000 1.00000000000 0.00000000000
vn 0.00000000000 1.00000000000 0.00000000000
vn 0.00000000000 1.00000000000 0.00000000000
vn 0.00000000000 1.00000000000 0.00000000000
vn 0.00000000000 1.00000000000 0.00000000000
vn 0.00000000000 1.00000000000 0.00000000000
vn 0.00000000000 1.00000000000 0.00000000000
vn 0.00000000000 1.00000000000 0.00000000000
vn 0.00000000000 1.00000000000 0.00000000000
vn 0.00000000000 1.00000000000 0.00000000000
vn 0.00000000000 1.00000000000 0.00000000000
vn 0.00000000000 1.00000000000 0.00000000000
vn 0.00000000000 1.00000000000 0.00000000000
vn 0.00000000000 1.00000000000 0.00000000000
vn 0.00000000000 1.00000000000 0.00000000000
vn 0.00000000000 1.00000000000 0.00000000000
vn 0.00000000000 1.00000000000 0.00000000000
vn 0.00000000000 1.00000000000 0.00000000000
vn 0.977194070801 0.168651923535 0.129028201101
vn 1.00000000000 0.00000000000 2.55258209390e-17
vn 0.977194070801 0.168651923535 0.129028201101
vn 1.00000000000 0.00000000000 2.55258209390e-17
vn 0.814806863302 0.277788186830 0.508845260147
vn 0.923879530566 0.00000000000 0.382683437061
vn 0.814806863302 0.277788186830 0.508845260147
vn 0.923879530566 0.00000000000 0.382683437061
vn 0.493285922614 0.276602833576 0.824718055464
vn 0.382683437061 0.00000000000 0.923879530566
vn 0.493285922614 0.276602833576 0.824718055464
vn 0.382683437061 0.00000000000 0.923879530566
vn 0.155189511440 0.188488807951 0.969736141853
vn 2.04206557586e-17 0.00000000000 1.00000000000
vn 0.155189511440 0.188488807951 0.969736141853
vn 2.04206557586e-17 0.00000000000 1.00000000000
vn -0.129028201101 0.168651923535 0.977194070801
vn -0.129028201101 0.168651923535 0.977194070801
vn 2.04206557586e-17 0.00000000000 1.00000000000
vn -0.508845260147 0.277788186830 0.814806863302
vn -0.382683437061 0.00000000000 0.923879530566
vn -0.508845260147 0.277788186830 0.814806863302
vn -0.382683437061 0.00000000000 0.923879530566
vn -0.824718055464 0.276602833576 0.493285922614
vn -0.923879530566 0.00000000000 0.382683437061
vn -0.824718055464 0.276602833576 0.493285922614
vn -0.923879530566 0.00000000000 0.382683437061
vn -0.969736141853 0.188488807951 0.155189511440
vn -1.00000000000 0.00000000000 2.04206557586e-17
vn -0.969736141853 0.188488807951 0.155189511440
vn -1.00000000000 0.00000000000 2.04206557586e-17
vn -0.977194070801 0.168651923535 -0.129028201101
vn -0.977194070801 0.168651923535 -0.129028201101
vn -1.00000000000 0.00000000000 2.04206557586e-17
vn -0.814806863302 0.277788186830 -0.508845260147
vn -0.923879530566 0.00000000000 -0.382683437061
vn -0.814806863302 0.277788186830 -0.508845260147
vn -0.923879530566 0.00000000000 -0.382683437061
vn -0.493285922614 0.276602833576 -0.824718055464
vn -0.382683437061 0.00000000000 -0.923879530566
vn -0.493285922614 0.276602833576 -0.824718055464
vn -0.382683437061 0.00000000000 -0.923879530566
vn -0.155189511440 0.188488807951 -0.969736141853
vn -2.04206557586e-17 0.00000000000 -1.00000000000
vn -0.155189511440 0.188488807951 -0.969736141853
vn -2.04206557586e-17 0.00000000000 -1.00000000000
vn 0.129028201101 0.168651923535 -0.977194070801
vn 0.129028201101 0.168651923535 -0.977194070801
vn -2.04206557586e-17 0.00000000000 -1.00000000000
vn 0.508845260147 0.277788186830 -0.814806863302
vn 0.382683437061 0.00000000000 -0.923879530566
vn 0.508845260147 0.277788186830 -0.814806863302
vn 0.382683437061 0.00000000000 -0.923879530566
vn 0.824718055464 0.276602833576 -0.493285922614
vn 0.923879530566 0.00000000000 -0.382683437061
vn 0.824718055464 0.276602833576 -0.493285922614
vn 0.923879530566 0.00000000000 -0.382683437061
vn 0.969736141853 0.188488807951 -0.155189511440
vn 1.00000000000 0.00000000000 2.55258209390e-17
vn 0.969736141853 0.188488807951 -0.155189511440
vn -1.26380531395e-18 1.00000000000 3.24903276634e-17
vn -1.26380531395e-18 1.00000000000 3.24903276634e-17
vn -1.26380531395e-18 1.00000000000 3.24903276634e-17
vn -1.26380531395e-18 1.00000000000 3.24903276634e-17
vn -1.26380531395e-18 1.00000000000 3.24903276634e-17
vn -1.26380531395e-18 1.00000000000 3.24903276634e-17
vn -1.26380531395e-18 1.00000000000 3.24903276634e-17
vn -1.26380531395e-18 1.00000000000 3.24903276634e-17
vn -1.26380531395e-18 1.00000000000 3.24903276634e-17
vn -1.26380531395e-18 1.00000000000 3.24903276634e-17
vn -1.26380531395e-18 1.00000000000 3.24903276634e-17
vn -1.26380531395e-18 1.00000000000 3.24903276634e-17
vn -1.26380531395e-18 1.00000000000 3.24903276634e-17
vn -1.26380531395e-18 1.00000000000 3.24903276634e-17
vn -1.26380531395e-18 1.00000000000 3.24903276634e-17
vn -1.26380531395e-18 1.00000000000 3.24903276634e-17
vn -1.26380531395e-18 1.00000000000 3.24903276634e-17
vn -1.26380531395e-18 1.00000000000 3.24903276634e-17
vn -1.26380531395e-18 1.00000000000 3.24903276634e-17
vn -1.26380531395e-18 1.00000000000 3.24903276634e-17
vn -1.26380531395e-18 1.00000000000 3.24903276634e-17
vn -1.26380531395e-18 1.00000000000 3.24903276634e-17
vn -1.26380531395e-18 1.00000000000 3.24903276634e-17
vn -1.26380531395e-18 1.00000000000 3.24903276634e-17
vn -1.26380531395e-18 1.00000000000 3.24903276634e-17
vn -1.26380531395e-18 1.00000000000 3.24903276634e-17
vn -1.26380531395e-18 1.00000000000 3.24903276634e-17
vn -1.26380531395e-18 1.00000000000 3.24903276634e-17
vn -1.26380531395e-18 1.00000000000 3.24903276634e-17
vn -1.26380531395e-18 1.00000000000 3.24903276634e-17
vn -1.26380531395e-18 1.00000000000 3.24903276634e-17
vn -1.26380531395e-18 1.00000000000 3.24903276634e-17
vn -1.26380531395e-18 1.00000000000 3.24903276634e-17
vn -1.26380531395e-18 1.00000000000 3.24903276634e-17
vn -1.26380531395e-18 1.00000000000 3.24903276634e-17
vn -1.26380531395e-18 1.00000000000 3.24903276634e-17
vn -1.26380531395e-18 1.00000000000 3.24903276634e-17
vn -1.26380531395e-18 1.00000000000 3.24903276634e-17
vn -1.26380531395e-18 1.00000000000 3.24903276634e-17
vn -1.26380531395e-18 1.00000000000 3.24903276634e-17
vn -1.26380531395e-18 1.00000000000 3.24903276634e-17
vn -1.26380531395e-18 1.00000000000 3.24903276634e-17
vn -1.26380531395e-18 1.00000000000 3.24903276634e-17
vn -1.26380531395e-18 1.00000000000 3.24903276634e-17
vn -1.26380531395e-18 1.00000000000 3.24903276634e-17
vn -1.26380531395e-18 1.00000000000 3.24903276634e-17
vn -1.26380531395e-18 1.00000000000 3.24903276634e-17
vn -1.26380531395e-18 1.00000000000 3.24903276634e-17
vn -1.26380531395e-18 1.00000000000 3.24903276634e-17
vn -1.26380531395e-18 1.00000000000 3.24903276634e-17
vn -1.26380531395e-18 1.00000000000 3.24903276634e-17
vn -1.26380531395e-18 1.00000000000 3.24903276634e-17
vn -1.26380531395e-18 1.00000000000 3.24903276634e-17
vn -1.26380531395e-18 1.00000000000 3.24903276634e-17
vn -1.26380531395e-18 1.00000000000 3.24903276634e-17
vn -1.26380531395e-18 1.00000000000 3.24903276634e-17
vn -1.26380531395e-18 1.00000000000 3.24903276634e-17
vn -1.26380531395e-18 1.00000000000 3.24903276634e-17
vn -1.26380531395e-18 1.00000000000 3.24903276634e-17
vn -1.26380531395e-18 1.00000000000 3.24903276634e-17
vn -1.26380531395e-18 1.00000000000 3.24903276634e-17
vn -1.26380531395e-18 1.00000000000 3.24903276634e-17
vn -1.26380531395e-18 1.00000000000 3.24903276634e-17
vn -1.26380531395e-18 1.00000000000 3.24903276634e-17
vn -1.26380531395e-18 1.00000000000 3.24903276634e-17
vn 1.31264195392e-18 -1.00000000000 -1.08292955511e-17
vn 1.31264195392e-18 -1.00000000000 -1.08292955511e-17
vn 1.31264195392e-18 -1.00000000000 -1.08292955511e-17
vn 1.31264195392e-18 -1.00000000000 -1.08292955511e-17
vn 1.31264195392e-18 -1.00000000000 -1.08292955511e-17
vn 1.31264195392e-18 -1.00000000000 -1.08292955511e-17
vn 1.31264195392e-18 -1.00000000000 -1.08292955511e-17
vn 1.31264195392e-18 -1.00000000000 -1.08292955511e-17
vn 1.31264195392e-18 -1.00000000000 -1.08292955511e-17
vn 1.31264195392e-18 -1.00000000000 -1.08292955511e-17
vn 1.31264195392e-18 -1.00000000000 -1.08292955511e-17
vn 1.31264195392e-18 -1.00000000000 -1.08292955511e-17
vn 1.31264195392e-18 -1.00000000000 -1.08292955511e-17
vn 1.31264195392e-18 -1.00000000000 -1.08292955511e-17
vn 1.31264195392e-18 -1.00000000000 -1.08292955511e-17
vn 1.31264195392e-18 -1.00000000000 -1.08292955511e-17
vn 1.31264195392e-18 -1.00000000000 -1.08292955511e-17
vn -0.977946919452 0.145669889804 -0.149666649385
vn -0.991111052953 -0.128484235878 -0.0345062580704
vn -0.977946919452 0.145669889804 -0.149666649385
vn -0.991111052953 -0.128484235878 -0.0345062580704
vn -0.835690548654 0.109688332946 -0.538135462970
vn -0.871052495096 -0.176696567005 -0.458307619396
vn -0.835690548654 0.109688332946 -0.538135462970
vn -0.871052495096 -0.176696567005 -0.458307619396
vn -0.552901035540 0.109267079517 -0.826051542116
vn -0.445198156321 -0.178016323003 -0.877558425606
vn -0.552901035540 0.109267079517 -0.826051542116
vn -0.445198156321 -0.178016323003 -0.877558425606
vn -0.149720278216 0.164497670054 -0.974948385730
vn -0.0221973111899 -0.155022229854 -0.987661575453
vn -0.149720278216 0.164497670054 -0.974948385730
vn -0.0221973111899 -0.155022229854 -0.987661575453
vn 0.149666649385 0.145669889804 -0.977946919452
vn 0.0345062580704 -0.128484235878 -0.991111052953
vn 0.149666649385 0.145669889804 -0.977946919452
vn 0.0345062580704 -0.128484235878 -0.991111052953
vn 0.538135462970 0.109688332946 -0.835690548654
vn 0.458307619396 -0.176696567005 -0.871052495096
vn 0.538135462970 0.109688332946 -0.835690548654
vn 0.458307619396 -0.176696567005 -0.871052495096
vn 0.826051542116 0.109267079517 -0.552901035540
vn 0.877558425606 -0.178016323003 -0.445198156321
vn 0.826051542116 0.109267079517 -0.552901035540
vn 0.877558425606 -0.178016323003 -0.445198156321
vn 0.974948385730 0.164497670054 -0.149720278216
vn 0.987661575453 -0.155022229854 -0.0221973111899
vn 0.974948385730 0.164497670054 -0.149720278216
vn 0.987661575453 -0.155022229854 -0.0221973111899
vn 0.977946919452 0.145669889804 0.149666649385
vn 0.991111052953 -0.128484235878 0.0345062580704
vn 0.977946919452 0.145669889804 0.149666649385
vn 0.991111052953 -0.128484235878 0.0345062580704
vn 0.835690548654 0.109688332946 0.538135462970
vn 0.871052495096 -0.176696567005 0.458307619396
vn 0.835690548654 0.109688332946 0.538135462970
vn 0.871052495096 -0.176696567005 0.458307619396
vn 0.552901035540 0.109267079517 0.826051542116
vn 0.445198156321 -0.178016323003 0.877558425606
vn 0.552901035540 0.109267079517 0.826051542116
vn 0.445198156321 -0.178016323003 0.877558425606
vn 0.149720278216 0.164497670054 0.974948385730
vn 0.0221973111899 -0.155022229854 0.987661575453
vn 0.149720278216 0.164497670054 0.974948385730
vn 0.0221973111899 -0.155022229854 0.987661575453
vn -0.149666649385 0.145669889804 0.977946919452
vn -0.0345062580704 -0.128484235878 0.991111052953
vn -0.149666649385 0.145669889804 0.977946919452
vn -0.0345062580704 -0.128484235878 0.991111052953
vn -0.538135462970 0.109688332946 0.835690548654
vn -0.458307619396 -0.176696567005 0.871052495096
vn -0.538135462970 0.109688332946 0.835690548654
vn -0.458307619396 -0.176696567005 0.871052495096
vn -0.826051542116 0.109267079517 0.552901035540
vn -0.877558425606 -0.178016323003 0.445198156321
vn -0.826051542116 0.109267079517 0.552901035540
vn -0.877558425606 -0.178016323003 0.445198156321
vn -0.974948385730 0.164497670054 0.149720278216
vn -0.987661575453 -0.155022229854 0.0221973111899
vn -0.974948385730 0.164497670054 0.149720278216
vn -0.987661575453 -0.155022229854 0.0221973111899
f 2494/2494/2494 2495/2495/2495 2496/2496/2496
f 2496/2496/2496 2495/2495/2495 2497/2497/2497
f 2496/2496/2496 2497/2497/2497 2498/2498/2498
f 2498/2498/2498 2497/2497/2497 2499/2499/2499
f 2498/2498/2498 2499/2499/2499 2500/2500/2500
f 2500/2500/2500 2499/2499/2499 2501/2501/2501
f 2500/2500/2500 2501/2501/2501 2502/2502/2502
f 2502/2502/2502 2501/2501/2501 2503/2503/2503
f 2502/2502/2502 2503/2503/2503 2504/2504/2504
f 2504/2504/2504 2503/2503/2503 2505/2505/2505
f 2504/2504/2504 2505/2505/2505 2506/2506/2506
f 2506/2506/2506 2505/2505/2505 2507/2507/2507
f 2506/2506/2506 2507/2507/2507 2508/2508/2508
f 2508/2508/2508 2507/2507/2507 2509/2509/2509
f 2508/2508/2508 2509/2509/2509 2510/2510/2510
f 2510/2510/2510 2509/2509/2509 2511/2511/2511
f 2510/2510/2510 2511/2511/2511 2512/2512/2512
f 2512/2512/2512 2511/2511/2511 2513/2513/2513
f 2512/2512/2512 2513/2513/2513 2514/2514/2514
f 2514/2514/2514 2513/2513/2513 2515/2515/2515
f 2514/2514/2514 2515/2515/2515 2516/2516/2516
f 2516/2516/2516 2515/2515/2515 2517/2517/2517
f 2516/2516/2516 2517/2517/2517 2518/2518/2518
f 2518/2518/2518 2517/2517/2517 2519/2519/2519
f 2518/2518/2518 2519/2519/2519 2520/2520/2520
f 2520/2520/2520 2519/2519/2519 2521/2521/2521
f 2520/2520/2520 2521/2521/2521 2522/2522/2522
f 2522/2522/2522 2521/2521/2521 2523/2523/2523
f 2522/2522/2522 2523/2523/2523 2524/2524/2524
f 2524/2524/2524 2523/2523/2523 2525/2525/2525
f 2524/2524/2524 2525/2525/2525 2494/2494/2494
f 2494/2494/2494 2525/2525/2525 2495/2495/2495
f 2526/2526/2526 2527/2527/2527 2528/2528/2528
f 2528/2528/2528 2527/2527/2527 2529/2529/2529
f 2530/2530/2530 2531/2531/2531 2532/2532/2532
f 2532/2532/2532 2531/2531/2531 2533/2533/2533
f 2534/2534/2534 2535/2535/2535 2536/2536/2536
f 2536/2536/2536 2535/2535/2535 2537/2537/2537
f 2538/2538/2538 2539/2539/2539 2540/2540/2540
f 2540/2540/2540 2539/2539/2539 2541/2541/2541
f 2542/2542/2542 2543/2543/2543 2544/2544/2544
f 2544/2544/2544 2543/2543/2543 2545/2545/2545
f 2546/2546/2546 2547/2547/2547 2548/2548/2548
f 2548/2548/2548 2547/2547/2547 2549/2549/2549
f 2550/2550/2550 2551/2551/2551 2552/2552/2552
f 2552/2552/2552 2551/2551/2551 2553/2553/2553
f 2554/2554/2554 2555/2555/2555 2556/2556/2556
f 2556/2556/2556 2555/2555/2555 2557/2557/2557
f 2558/2558/2558 2559/2559/2559 2560/2560/2560
f 2560/2560/2560 2559/2559/2559 2561/2561/2561
f 2562/2562/2562 2563/2563/2563 2564/2564/2564
f 2564/2564/2564 2563/2563/2563 2565/2565/2565
f 2566/2566/2566 2567/2567/2567 2568/2568/2568
f 2568/2568/2568 2567/2567/2567 2569/2569/2569
f 2570/2570/2570 2571/2571/2571 2572/2572/2572
f 2572/2572/2572 2571/2571/2571 2573/2573/2573
f 2574/2574/2574 2575/2575/2575 2576/2576/2576
f 2576/2576/2576 2575/2575/2575 2577/2577/2577
f 2578/2578/2578 2579/2579/2579 2580/2580/2580
f 2580/2580/2580 2579/2579/2579 2581/2581/2581
f 2582/2582/2582 2583/2583/2583 2584/2584/2584
f 2584/2584/2584 2583/2583/2583 2585/2585/2585
f 2586/2586/2586 2587/2587/2587 2588/2588/2588
f 2588/2588/2588 2587/2587/2587 2589/2589/2589
f 2590/2590/2590 2591/2591/2591 2592/2592/2592
f 2592/2592/2592 2591/2591/2591 2593/2593/2593
f 2594/2594/2594 2595/2595/2595 2596/2596/2596
f 2596/2596/2596 2595/2595/2595 2597/2597/2597
f 2598/2598/2598 2599/2599/2599 2600/2600/2600
f 2600/2600/2600 2599/2599/2599 2601/2601/2601
f 2602/2602/2602 2603/2603/2603 2604/2604/2604
f 2604/2604/2604 2603/2603/2603 2605/2605/2605
f 2606/2606/2606 2607/2607/2607 2608/2608/2608
f 2608/2608/2608 2607/2607/2607 2609/2609/2609
f 2610/2610/2610 2611/2611/2611 2612/2612/2612
f 2612/2612/2612 2611/2611/2611 2613/2613/2613
f 2614/2614/2614 2615/2615/2615 2616/2616/2616
f 2616/2616/2616 2615/2615/2615 2617/2617/2617
f 2618/2618/2618 2619/2619/2619 2620/2620/2620
f 2620/2620/2620 2619/2619/2619 2621/2621/2621
f 2622/2622/2622 2623/2623/2623 2624/2624/2624
f 2624/2624/2624 2623/2623/2623 2625/2625/2625
f 2626/2626/2626 2627/2627/2627 2628/2628/2628
f 2628/2628/2628 2627/2627/2627 2629/2629/2629
f 2630/2630/2630 2631/2631/2631 2632/2632/2632
f 2632/2632/2632 2631/2631/2631 2633/2633/2633
f 2634/2634/2634 2635/2635/2635 2636/2636/2636
f 2636/2636/2636 2635/2635/2635 2637/2637/2637
f 2638/2638/2638 2639/2639/2639 2640/2640/2640
f 2640/2640/2640 2639/2639/2639 2641/2641/2641
f 2642/2642/2642 2643/2643/2643 2644/2644/2644
f 2644/2644/2644 2643/2643/2643 2645/2645/2645
f 2646/2646/2646 2647/2647/2647 2648/2648/2648
f 2648/2648/2648 2647/2647/2647 2649/2649/2649
f 2650/2650/2650 2651/2651/2651 2652/2652/2652
f 2652/2652/2652 2651/2651/2651 2653/2653/2653
f 2654/2654/2654 2655/2655/2655 2656/2656/2656
f 2656/2656/2656 2655/2655/2655 2657/2657/2657
f 2658/2658/2658 2659/2659/2659 2660/2660/2660
f 2660/2660/2660 2659/2659/2659 2661/2661/2661
f 2662/2662/2662 2663/2663/2663 2664/2664/2664
f 2664/2664/2664 2663/2663/2663 2665/2665/2665
f 2666/2666/2666 2667/2667/2667 2668/2668/2668
f 2668/2668/2668 2667/2667/2667 2669/2669/2669
f 2668/2668/2668 2669/2669/2669 2670/2670/2670
f 2670/2670/2670 2669/2669/2669 2671/2671/2671
f 2672/2672/2672 2673/2673/2673 2674/2674/2674
f 2674/2674/2674 2673/2673/2673 2675/2675/2675
f 2676/2676/2676 2677/2677/2677 2678/2678/2678
f 2678/2678/2678 2677/2677/2677 2679/2679/2679
f 2680/2680/2680 2681/2681/2681 2682/2682/2682
f 2682/2682/2682 2681/2681/2681 2683/2683/2683
f 2682/2682/2682 2683/2683/2683 2684/2684/2684
f 2684/2684/2684 2683/2683/2683 2685/2685/2685
f 2686/2686/2686 2687/2687/2687 2688/2688/2688
f 2688/2688/2688 2687/2687/2687 2689/2689/2689
f 2690/2690/2690 2691/2691/2691 2692/2692/2692
f 2692/2692/2692 2691/2691/2691 2693/2693/2693
f 2694/2694/2694 2695/2695/2695 2696/2696/2696
f 2696/2696/2696 2695/2695/2695 2697/2697/2697
f 2696/2696/2696 2697/2697/2697 2698/2698/2698
f 2698/2698/2698 2697/2697/2697 2699/2699/2699
f 2700/2700/2700 2701/2701/2701 2702/2702/2702
f 2702/2702/2702 2701/2701/2701 2703/2703/2703
f 2704/2704/2704 2705/2705/2705 2706/2706/2706
f 2706/2706/2706 2705/2705/2705 2707/2707/2707
f 2708/2708/2708 2709/2709/2709 2654/2654/2654
f 2654/2654/2654 2709/2709/2709 2655/2655/2655
f 2710/2710/2710 2711/2711/2711 2712/2712/2712
f 2712/2712/2712 2711/2711/2711 2713/2713/2713
f 2714/2714/2714 2715/2715/2715 2716/2716/2716
f 2716/2716/2716 2715/2715/2715 2717/2717/2717
f 2718/2718/2718 2719/2719/2719 2720/2720/2720
f 2720/2720/2720 2719/2719/2719 2721/2721/2721
f 2722/2722/2722 2723/2723/2723 2724/2724/2724
f 2724/2724/2724 2723/2723/2723 2725/2725/2725
f 2724/2724/2724 2725/2725/2725 2726/2726/2726
f 2726/2726/2726 2725/2725/2725 2727/2727/2727
f 2728/2728/2728 2729/2729/2729 2730/2730/2730
f 2730/2730/2730 2729/2729/2729 2731/2731/2731
f 2732/2732/2732 2733/2733/2733 2734/2734/2734
f 2734/2734/2734 2733/2733/2733 2735/2735/2735
f 2736/2736/2736 2737/2737/2737 2738/2738/2738
f 2738/2738/2738 2737/2737/2737 2739/2739/2739
f 2738/2738/2738 2739/2739/2739 2740/2740/2740
f 2740/2740/2740 2739/2739/2739 2741/2741/2741
f 2742/2742/2742 2743/2743/2743 2744/2744/2744
f 2744/2744/2744 2743/2743/2743 2745/2745/2745
f 2746/2746/2746 2747/2747/2747 2748/2748/2748
f 2748/2748/2748 2747/2747/2747 2749/2749/2749
f 2750/2750/2750 2751/2751/2751 2752/2752/2752
f 2752/2752/2752 2751/2751/2751 2753/2753/2753
f 2752/2752/2752 2753/2753/2753 2754/2754/2754
f 2754/2754/2754 2753/2753/2753 2755/2755/2755
f 2756/2756/2756 2757/2757/2757 2758/2758/2758
f 2758/2758/2758 2757/2757/2757 2759/2759/2759
f 2760/2760/2760 2761/2761/2761 2762/2762/2762
f 2762/2762/2762 2761/2761/2761 2763/2763/2763
f 2764/2764/2764 2765/2765/2765 2710/2710/2710
f 2710/2710/2710 2765/2765/2765 2711/2711/2711
f 2766/2766/2766 2767/2767/2767 2768/2768/2768
f 2768/2768/2768 2767/2767/2767 2769/2769/2769
f 2770/2770/2770 2771/2771/2771 2772/2772/2772
f 2772/2772/2772 2771/2771/2771 2773/2773/2773
f 2774/2774/2774 2775/2775/2775 2776/2776/2776
f 2776/2776/2776 2775/2775/2775 2777/2777/2777
f 2778/2778/2778 2779/2779/2779 2780/2780/2780
f 2780/2780/2780 2779/2779/2779 2781/2781/2781
f 2780/2780/2780 2781/2781/2781 2782/2782/2782
f 2782/2782/2782 2781/2781/2781 2783/2783/2783
f 2784/2784/2784 2785/2785/2785 2786/2786/2786
f 2786/2786/2786 2785/2785/2785 2787/2787/2787
f 2788/2788/2788 2789/2789/2789 2790/2790/2790
f 2790/2790/2790 2789/2789/2789 2791/2791/2791
f 2792/2792/2792 2793/2793/2793 2794/2794/2794
f 2794/2794/2794 2793/2793/2793 2795/2795/2795
f 2794/2794/2794 2795/2795/2795 2796/2796/2796
f 2796/2796/2796 2795/2795/2795 2797/2797/2797
f 2798/2798/2798 2799/2799/2799 2800/2800/2800
f 2800/2800/2800 2799/2799/2799 2801/2801/2801
f 2802/2802/2802 2803/2803/2803 2804/2804/2804
f 2804/2804/2804 2803/2803/2803 2805/2805/2805
f 2806/2806/2806 2807/2807/2807 2808/2808/2808
f 2808/2808/2808 2807/2807/2807 2809/2809/2809
f 2808/2808/2808 2809/2809/2809 2810/2810/2810
f 2810/2810/2810 2809/2809/2809 2811/2811/2811
f 2812/2812/2812 2813/2813/2813 2814/2814/2814
f 2814/2814/2814 2813/2813/2813 2815/2815/2815
f 2816/2816/2816 2817/2817/2817 2818/2818/2818
f 2818/2818/2818 2817/2817/2817 2819/2819/2819
f 2820/2820/2820 2821/2821/2821 2766/2766/2766
f 2766/2766/2766 2821/2821/2821 2767/2767/2767
f 2767/2767/2767 2822/2822/2822 2769/2769/2769
f 2769/2769/2769 2822/2822/2822 2823/2823/2823
f 2771/2771/2771 2824/2824/2824 2773/2773/2773
f 2773/2773/2773 2824/2824/2824 2825/2825/2825
f 2775/2775/2775 2825/2825/2825 2777/2777/2777
f 2777/2777/2777 2825/2825/2825 2826/2826/2826
f 2779/2779/2779 2827/2827/2827 2781/2781/2781
f 2781/2781/2781 2827/2827/2827 2828/2828/2828
f 2781/2781/2781 2828/2828/2828 2783/2783/2783
f 2783/2783/2783 2828/2828/2828 2829/2829/2829
f 2785/2785/2785 2830/2830/2830 2787/2787/2787
f 2787/2787/2787 2830/2830/2830 2831/2831/2831
f 2789/2789/2789 2831/2831/2831 2791/2791/2791
f 2791/2791/2791 2831/2831/2831 2832/2832/2832
f 2793/2793/2793 2833/2833/2833 2795/2795/2795
f 2795/2795/2795 2833/2833/2833 2834/2834/2834
f 2795/2795/2795 2834/2834/2834 2797/2797/2797
f 2797/2797/2797 2834/2834/2834 2835/2835/2835
f 2799/2799/2799 2836/2836/2836 2801/2801/2801
f 2801/2801/2801 2836/2836/2836 2837/2837/2837
f 2803/2803/2803 2837/2837/2837 2805/2805/2805
f 2805/2805/2805 2837/2837/2837 2838/2838/2838
f 2807/2807/2807 2839/2839/2839 2809/2809/2809
f 2809/2809/2809 2839/2839/2839 2840/2840/2840
f 2809/2809/2809 2840/2840/2840 2811/2811/2811
f 2811/2811/2811 2840/2840/2840 2841/2841/2841
f 2813/2813/2813 2842/2842/2842 2815/2815/2815
f 2815/2815/2815 2842/2842/2842 2843/2843/2843
f 2817/2817/2817 2843/2843/2843 2819/2819/2819
f 2819/2819/2819 2843/2843/2843 2844/2844/2844
f 2821/2821/2821 2845/2845/2845 2767/2767/2767
f 2767/2767/2767 2845/2845/2845 2822/2822/2822
f 2822/2822/2822 2846/2846/2846 2823/2823/2823
f 2823/2823/2823 2846/2846/2846 2847/2847/2847
f 2824/2824/2824 2848/2848/2848 2825/2825/2825
f 2825/2825/2825 2848/2848/2848 2849/2849/2849
f 2825/2825/2825 2849/2849/2849 2826/2826/2826
f 2826/2826/2826 2849/2849/2849 2850/2850/2850
f 2827/2827/2827 2851/2851/2851 2828/2828/2828
f 2828/2828/2828 2851/2851/2851 2852/2852/2852
f 2828/2828/2828 2853/2853/2853 2829/2829/2829
f 2829/2829/2829 2853/2853/2853 2854/2854/2854
f 2830/2830/2830 2855/2855/2855 2831/2831/2831
f 2831/2831/2831 2855/2855/2855 2856/2856/2856
f 2831/2831/2831 2856/2856/2856 2832/2832/2832
f 2832/2832/2832 2856/2856/2856 2857/2857/2857
f 2833/2833/2833 2858/2858/2858 2834/2834/2834
f 2834/2834/2834 2858/2858/2858 2859/2859/2859
f 2834/2834/2834 2860/2860/2860 2835/2835/2835
f 2835/2835/2835 2860/2860/2860 2861/2861/2861
f 2836/2836/2836 2862/2862/2862 2837/2837/2837
f 2837/2837/2837 2862/2862/2862 2863/2863/2863
f 2837/2837/2837 2863/2863/2863 2838/2838/2838
f 2838/2838/2838 2863/2863/2863 2864/2864/2864
f 2839/2839/2839 2865/2865/2865 2840/2840/2840
f 2840/2840/2840 2865/2865/2865 2866/2866/2866
f 2840/2840/2840 2867/2867/2867 2841/2841/2841
f 2841/2841/2841 2867/2867/2867 2868/2868/2868
f 2842/2842/2842 2869/2869/2869 2843/2843/2843
f 2843/2843/2843 2869/2869/2869 2870/2870/2870
f 2843/2843/2843 2870/2870/2870 2844/2844/2844
f 2844/2844/2844 2870/2870/2870 2871/2871/2871
f 2845/2845/2845 2872/2872/2872 2822/2822/2822
f 2822/2822/2822 2872/2872/2872 2873/2873/2873
f 2846/2846/2846 2874/2874/2874 2847/2847/2847
f 2847/2847/2847 2874/2874/2874 2875/2875/2875
f 2848/2848/2848 2876/2876/2876 2849/2849/2849
f 2849/2849/2849 2876/2876/2876 2877/2877/2877
f 2849/2849/2849 2877/2877/2877 2850/2850/2850
f 2850/2850/2850 2877/2877/2877 2878/2878/2878
f 2851/2851/2851 2879/2879/2879 2852/2852/2852
f 2852/2852/2852 2879/2879/2879 2880/2880/2880
f 2853/2853/2853 2881/2881/2881 2854/2854/2854
f 2854/2854/2854 2881/2881/2881 2882/2882/2882
f 2855/2855/2855 2883/2883/2883 2856/2856/2856
f 2856/2856/2856 2883/2883/2883 2884/2884/2884
f 2856/2856/2856 2884/2884/2884 2857/2857/2857
f 2857/2857/2857 2884/2884/2884 2885/2885/2885
f 2858/2858/2858 2886/2886/2886 2859/2859/2859
f 2859/2859/2859 2886/2886/2886 2887/2887/2887
f 2860/2860/2860 2888/2888/2888 2861/2861/2861
f 2861/2861/2861 2888/2888/2888 2889/2889/2889
f 2862/2862/2862 2890/2890/2890 2863/2863/2863
f 2863/2863/2863 2890/2890/2890 2891/2891/2891
f 2863/2863/2863 2891/2891/2891 2864/2864/2864
f 2864/2864/2864 2891/2891/2891 2892/2892/2892
f 2865/2865/2865 2893/2893/2893 2866/2866/2866
f 2866/2866/2866 2893/2893/2893 2894/2894/2894
f 2867/2867/2867 2895/2895/2895 2868/2868/2868
f 2868/2868/2868 2895/2895/2895 2896/2896/2896
f 2869/2869/2869 2897/2897/2897 2870/2870/2870
f 2870/2870/2870 2897/2897/2897 2898/2898/2898
f 2870/2870/2870 2898/2898/2898 2871/2871/2871
f 2871/2871/2871 2898/2898/2898 2899/2899/2899
f 2872/2872/2872 2900/2900/2900 2873/2873/2873
f 2873/2873/2873 2900/2900/2900 2901/2901/2901
f 2874/2874/2874 2902/2902/2902 2875/2875/2875
f 2875/2875/2875 2902/2902/2902 2903/2903/2903
f 2876/2876/2876 2904/2904/2904 2877/2877/2877
f 2877/2877/2877 2904/2904/2904 2905/2905/2905
f 2877/2877/2877 2905/2905/2905 2878/2878/2878
f 2878/2878/2878 2905/2905/2905 2906/2906/2906
f 2879/2879/2879 2907/2907/2907 2880/2880/2880
f 2880/2880/2880 2907/2907/2907 2908/2908/2908
f 2881/2881/2881 2909/2909/2909 2882/2882/2882
f 2882/2882/2882 2909/2909/2909 2910/2910/2910
f 2883/2883/2883 2911/2911/2911 2884/2884/2884
f 2884/2884/2884 2911/2911/2911 2912/2912/2912
f 2884/2884/2884 2912/2912/2912 2885/2885/2885
f 2885/2885/2885 2912/2912/2912 2913/2913/2913
f 2886/2886/2886 2914/2914/2914 2887/2887/2887
f 2887/2887/2887 2914/2914/2914 2915/2915/2915
f 2888/2888/2888 2916/2916/2916 2889/2889/2889
f 2889/2889/2889 2916/2916/2916 2917/2917/2917
f 2890/2890/2890 2918/2918/2918 2891/2891/2891
f 2891/2891/2891 2918/2918/2918 2919/2919/2919
f 2891/2891/2891 2919/2919/2919 2892/2892/2892
f 2892/2892/2892 2919/2919/2919 2920/2920/2920
f 2893/2893/2893 2921/2921/2921 2894/2894/2894
f 2894/2894/2894 2921/2921/2921 2922/2922/2922
f 2895/2895/2895 2923/2923/2923 2896/2896/2896
f 2896/2896/2896 2923/2923/2923 2924/2924/2924
f 2897/2897/2897 2925/2925/2925 2898/2898/2898
f 2898/2898/2898 2925/2925/2925 2926/2926/2926
f 2898/2898/2898 2926/2926/2926 2899/2899/2899
f 2899/2899/2899 2926/2926/2926 2927/2927/2927
f 2900/2900/2900 2928/2928/2928 2901/2901/2901
f 2901/2901/2901 2928/2928/2928 2929/2929/2929
f 2930/2930/2930 2931/2931/2931 2932/2932/2932
f 2932/2932/2932 2931/2931/2931 2933/2933/2933
f 2934/2934/2934 2935/2935/2935 2905/2905/2905
f 2905/2905/2905 2935/2935/2935 2936/2936/2936
f 2905/2905/2905 2936/2936/2936 2937/2937/2937
f 2937/2937/2937 2936/2936/2936 2938/2938/2938
f 2939/2939/2939 2940/2940/2940 2941/2941/2941
f 2941/2941/2941 2940/2940/2940 2942/2942/2942
f 2943/2943/2943 2944/2944/2944 2945/2945/2945
f 2945/2945/2945 2944/2944/2944 2946/2946/2946
f 2947/2947/2947 2948/2948/2948 2912/2912/2912
f 2912/2912/2912 2948/2948/2948 2949/2949/2949
f 2912/2912/2912 2949/2949/2949 2950/2950/2950
f 2950/2950/2950 2949/2949/2949 2951/2951/2951
f 2952/2952/2952 2953/2953/2953 2954/2954/2954
f 2954/2954/2954 2953/2953/2953 2955/2955/2955
f 2956/2956/2956 2957/2957/2957 2958/2958/2958
f 2958/2958/2958 2957/2957/2957 2959/2959/2959
f 2960/2960/2960 2961/2961/2961 2919/2919/2919
f 2919/2919/2919 2961/2961/2961 2962/2962/2962
f 2919/2919/2919 2962/2962/2962 2963/2963/2963
f 2963/2963/2963 2962/2962/2962 2964/2964/2964
f 2965/2965/2965 2966/2966/2966 2967/2967/2967
f 2967/2967/2967 2966/2966/2966 2968/2968/2968
f 2969/2969/2969 2970/2970/2970 2971/2971/2971
f 2971/2971/2971 2970/2970/2970 2972/2972/2972
f 2973/2973/2973 2974/2974/2974 2926/2926/2926
f 2926/2926/2926 2974/2974/2974 2975/2975/2975
f 2926/2926/2926 2975/2975/2975 2976/2976/2976
f 2976/2976/2976 2975/2975/2975 2977/2977/2977
f 2978/2978/2978 2979/2979/2979 2980/2980/2980
f 2980/2980/2980 2979/2979/2979 2981/2981/2981
f 2982/2982/2982 2983/2983/2983 2984/2984/2984
f 2984/2984/2984 2983/2983/2983 2985/2985/2985
f 2984/2984/2984 2985/2985/2985 2986/2986/2986
f 2986/2986/2986 2985/2985/2985 2987/2987/2987
f 2986/2986/2986 2987/2987/2987 2988/2988/2988
f 2988/2988/2988 2987/2987/2987 2989/2989/2989
f 2988/2988/2988 2989/2989/2989 2990/2990/2990
f 2990/2990/2990 2989/2989/2989 2991/2991/2991
f 2990/2990/2990 2991/2991/2991 2992/2992/2992
f 2992/2992/2992 2991/2991/2991 2993/2993/2993
f 2992/2992/2992 2993/2993/2993 2994/2994/2994
f 2994/2994/2994 2993/2993/2993 2995/2995/2995
f 2994/2994/2994 2995/2995/2995 2996/2996/2996
f 2996/2996/2996 2995/2995/2995 2997/2997/2997
f 2996/2996/2996 2997/2997/2997 2998/2998/2998
f 2998/2998/2998 2997/2997/2997 2999/2999/2999
f 2998/2998/2998 2999/2999/2999 3000/3000/3000
f 3000/3000/3000 2999/2999/2999 3001/3001/3001
f 3000/3000/3000 3001/3001/3001 3002/3002/3002
f 3002/3002/3002 3001/3001/3001 3003/3003/3003
f 3002/3002/3002 3003/3003/3003 3004/3004/3004
f 3004/3004/3004 3003/3003/3003 3005/3005/3005
f 3004/3004/3004 3005/3005/3005 3006/3006/3006
f 3006/3006/3006 3005/3005/3005 3007/3007/3007
f 3006/3006/3006 3007/3007/3007 3008/3008/3008
f 3008/3008/3008 3007/3007/3007 3009/3009/3009
f 3008/3008/3008 3009/3009/3009 3010/3010/3010
f 3010/3010/3010 3009/3009/3009 3011/3011/3011
f 3010/3010/3010 3011/3011/3011 3012/3012/3012
f 3012/3012/3012 3011/3011/3011 3013/3013/3013
f 3012/3012/3012 3013/3013/3013 2982/2982/2982
f 2982/2982/2982 3013/3013/3013 2983/2983/2983
f 3014/3014/3014 3015/3015/3015 3016/3016/3016
f 3016/3016/3016 3015/3015/3015 3017/3017/3017
f 3018/3018/3018 3019/3019/3019 3020/3020/3020
f 3020/3020/3020 3019/3019/3019 3021/3021/3021
f 3020/3020/3020 3022/3022/3022 3023/3023/3023
f 3023/3023/3023 3022/3022/3022 3024/3024/3024
f 3025/3025/3025 3026/3026/3026 3027/3027/3027
f 3027/3027/3027 3026/3026/3026 3028/3028/3028
f 3027/3027/3027 3028/3028/3028 3029/3029/3029
f 3029/3029/3029 3028/3028/3028 3030/3030/3030
f 3031/3031/3031 3032/3032/3032 3033/3033/3033
f 3033/3033/3033 3032/3032/3032 3034/3034/3034
f 3033/3033/3033 3035/3035/3035 3036/3036/3036
f 3036/3036/3036 3035/3035/3035 3037/3037/3037
f 3038/3038/3038 3039/3039/3039 3040/3040/3040
f 3040/3040/3040 3039/3039/3039 3041/3041/3041
f 3040/3040/3040 3041/3041/3041 3042/3042/3042
f 3042/3042/3042 3041/3041/3041 3043/3043/3043
f 3044/3044/3044 3045/3045/3045 3046/3046/3046
f 3046/3046/3046 3045/3045/3045 3047/3047/3047
f 3046/3046/3046 3048/3048/3048 3049/3049/3049
f 3049/3049/3049 3048/3048/3048 3050/3050/3050
f 3051/3051/3051 3052/3052/3052 3053/3053/3053
f 3053/3053/3053 3052/3052/3052 3054/3054/3054
f 3053/3053/3053 3054/3054/3054 3055/3055/3055
f 3055/3055/3055 3054/3054/3054 3056/3056/3056
f 3057/3057/3057 3058/3058/3058 3059/3059/3059
f 3059/3059/3059 3058/3058/3058 3060/3060/3060
f 3059/3059/3059 3061/3061/3061 3062/3062/3062
f 3062/3062/3062 3061/3061/3061 3063/3063/3063
f 3064/3064/3064 3065/3065/3065 3014/3014/3014
f 3014/3014/3014 3065/3065/3065 3015/3015/3015
f 3015/3015/3015 3066/3066/3066 3017/3017/3017
f 3017/3017/3017 3066/3066/3066 3067/3067/3067
f 3019/3019/3019 3068/3068/3068 3021/3021/3021
f 3021/3021/3021 3068/3068/3068 3069/3069/3069
f 3022/3022/3022 3070/3070/3070 3024/3024/3024
f 3024/3024/3024 3070/3070/3070 3071/3071/3071
f 3026/3026/3026 3072/3072/3072 3028/3028/3028
f 3028/3028/3028 3072/3072/3072 3073/3073/3073
f 3028/3028/3028 3073/3073/3073 3030/3030/3030
f 3030/3030/3030 3073/3073/3073 3074/3074/3074
f 3032/3032/3032 3075/3075/3075 3034/3034/3034
f 3034/3034/3034 3075/3075/3075 3076/3076/3076
f 3035/3035/3035 3077/3077/3077 3037/3037/3037
f 3037/3037/3037 3077/3077/3077 3078/3078/3078
f 3039/3039/3039 3079/3079/3079 3041/3041/3041
f 3041/3041/3041 3079/3079/3079 3080/3080/3080
f 3041/3041/3041 3080/3080/3080 3043/3043/3043
f 3043/3043/3043 3080/3080/3080 3081/3081/3081
f 3045/3045/3045 3082/3082/3082 3047/3047/3047
f 3047/3047/3047 3082/3082/3082 3083/3083/3083
f 3048/3048/3048 3084/3084/3084 3050/3050/3050
f 3050/3050/3050 3084/3084/3084 3085/3085/3085
f 3052/3052/3052 3086/3086/3086 3054/3054/3054
f 3054/3054/3054 3086/3086/3086 3087/3087/3087
f 3054/3054/3054 3087/3087/3087 3056/3056/3056
f 3056/3056/3056 3087/3087/3087 3088/3088/3088
f 3058/3058/3058 3089/3089/3089 3060/3060/3060
f 3060/3060/3060 3089/3089/3089 3090/3090/3090
f 3061/3061/3061 3091/3091/3091 3063/3063/3063
f 3063/3063/3063 3091/3091/3091 3092/3092/3092
f 3065/3065/3065 3093/3093/3093 3015/3015/3015
f 3015/3015/3015 3093/3093/3093 3066/3066/3066
f 3094/3094/3094 3095/3095/3095 3096/3096/3096
f 3096/3096/3096 3095/3095/3095 3097/3097/3097
f 3096/3096/3096 3097/3097/3097 3098/3098/3098
f 3098/3098/3098 3097/3097/3097 3099/3099/3099
f 3098/3098/3098 3099/3099/3099 3100/3100/3100
f 3100/3100/3100 3099/3099/3099 3101/3101/3101
f 3100/3100/3100 3101/3101/3101 3102/3102/3102
f 3102/3102/3102 3101/3101/3101 3103/3103/3103
f 3102/3102/3102 3103/3103/3103 3104/3104/3104
f 3104/3104/3104 3103/3103/3103 3105/3105/3105
f 3104/3104/3104 3105/3105/3105 3106/3106/3106
f 3106/3106/3106 3105/3105/3105 3107/3107/3107
f 3106/3106/3106 3107/3107/3107 3108/3108/3108
f 3108/3108/3108 3107/3107/3107 3109/3109/3109
f 3108/3108/3108 3109/3109/3109 3110/3110/3110
f 3110/3110/3110 3109/3109/3109 3111/3111/3111
f 3110/3110/3110 3111/3111/3111 3112/3112/3112
f 3112/3112/3112 3111/3111/3111 3113/3113/3113
f 3112/3112/3112 3113/3113/3113 3114/3114/3114
f 3114/3114/3114 3113/3113/3113 3115/3115/3115
f 3114/3114/3114 3115/3115/3115 3116/3116/3116
f 3116/3116/3116 3115/3115/3115 3117/3117/3117
f 3116/3116/3116 3117/3117/3117 3118/3118/3118
f 3118/3118/3118 3117/3117/3117 3119/3119/3119
f 3118/3118/3118 3119/3119/3119 3120/3120/3120
f 3120/3120/3120 3119/3119/3119 3121/3121/3121
f 3120/3120/3120 3121/3121/3121 3122/3122/3122
f 3122/3122/3122 3121/3121/3121 3123/3123/3123
f 3122/3122/3122 3123/3123/3123 3124/3124/3124
f 3124/3124/3124 3123/3123/3123 3125/3125/3125
f 3124/3124/3124 3125/3125/3125 3094/3094/3094
f 3094/3094/3094 3125/3125/3125 3095/3095/3095
f 3126/3126/3126 3127/3127/3127 3128/3128/3128
f 3128/3128/3128 3127/3127/3127 3129/3129/3129
f 3130/3130/3130 3131/3131/3131 3132/3132/3132
f 3132/3132/3132 3131/3131/3131 3133/3133/3133
f 3134/3134/3134 3135/3135/3135 3136/3136/3136
f 3136/3136/3136 3135/3135/3135 3137/3137/3137
f 3138/3138/3138 3139/3139/3139 3140/3140/3140
f 3140/3140/3140 3139/3139/3139 3141/3141/3141
f 3142/3142/3142 3141/3141/3141 3143/3143/3143
f 3143/3143/3143 3141/3141/3141 3144/3144/3144
f 3145/3145/3145 3146/3146/3146 3147/3147/3147
f 3147/3147/3147 3146/3146/3146 3148/3148/3148
f 3149/3149/3149 3150/3150/3150 3151/3151/3151
f 3151/3151/3151 3150/3150/3150 3152/3152/3152
f 3153/3153/3153 3154/3154/3154 3155/3155/3155
f 3155/3155/3155 3154/3154/3154 3156/3156/3156
f 3157/3157/3157 3156/3156/3156 3158/3158/3158
f 3158/3158/3158 3156/3156/3156 3159/3159/3159
f 3160/3160/3160 3161/3161/3161 3162/3162/3162
f 3162/3162/3162 3161/3161/3161 3163/3163/3163
f 3164/3164/3164 3165/3165/3165 3166/3166/3166
f 3166/3166/3166 3165/3165/3165 3167/3167/3167
f 3168/3168/3168 3169/3169/3169 3170/3170/3170
f 3170/3170/3170 3169/3169/3169 3171/3171/3171
f 3172/3172/3172 3171/3171/3171 3173/3173/3173
f 3173/3173/3173 3171/3171/3171 3174/3174/3174
f 3175/3175/3175 3176/3176/3176 3177/3177/3177
f 3177/3177/3177 3176/3176/3176 3178/3178/3178
f 3179/3179/3179 3180/3180/3180 3181/3181/3181
f 3181/3181/3181 3180/3180/3180 3182/3182/3182
f 3183/3183/3183 3184/3184/3184 3185/3185/3185
f 3185/3185/3185 3184/3184/3184 3127/3127/3127
f 3186/3186/3186 3187/3187/3187 3188/3188/3188
f 3188/3188/3188 3187/3187/3187 3189/3189/3189
f 3188/3188/3188 3189/3189/3189 3190/3190/3190
f 3190/3190/3190 3189/3189/3189 3191/3191/3191
f 3190/3190/3190 3191/3191/3191 3192/3192/3192
f 3192/3192/3192 3191/3191/3191 3193/3193/3193
f 3192/3192/3192 3193/3193/3193 3194/3194/3194
f 3194/3194/3194 3193/3193/3193 3195/3195/3195
f 3194/3194/3194 3195/3195/3195 3196/3196/3196
f 3196/3196/3196 3195/3195/3195 3197/3197/3197
f 3196/3196/3196 3197/3197/3197 3198/3198/3198
f 3198/3198/3198 3197/3197/3197 3199/3199/3199
f 3198/3198/3198 3199/3199/3199 3200/3200/3200
f 3200/3200/3200 3199/3199/3199 3201/3201/3201
f 3200/3200/3200 3201/3201/3201 3202/3202/3202
f 3202/3202/3202 3201/3201/3201 3203/3203/3203
f 3202/3202/3202 3203/3203/3203 3204/3204/3204
f 3204/3204/3204 3203/3203/3203 3205/3205/3205
f 3204/3204/3204 3205/3205/3205 3206/3206/3206
f 3206/3206/3206 3205/3205/3205 3207/3207/3207
f 3206/3206/3206 3207/3207/3207 3208/3208/3208
f 3208/3208/3208 3207/3207/3207 3209/3209/3209
f 3208/3208/3208 3209/3209/3209 3210/3210/3210
f 3210/3210/3210 3209/3209/3209 3211/3211/3211
f 3210/3210/3210 3211/3211/3211 3212/3212/3212
f 3212/3212/3212 3211/3211/3211 3213/3213/3213
f 3212/3212/3212 3213/3213/3213 3214/3214/3214
f 3214/3214/3214 3213/3213/3213 3215/3215/3215
f 3214/3214/3214 3215/3215/3215 3216/3216/3216
f 3216/3216/3216 3215/3215/3215 3217/3217/3217
f 3216/3216/3216 3217/3217/3217 3186/3186/3186
f 3186/3186/3186 3217/3217/3217 3187/3187/3187
f 3187/3187/3187 3218/3218/3218 3189/3189/3189
f 3189/3189/3189 3218/3218/3218 3219/3219/3219
f 3189/3189/3189 3219/3219/3219 3191/3191/3191
f 3191/3191/3191 3219/3219/3219 3220/3220/3220
f 3191/3191/3191 3220/3220/3220 3193/3193/3193
f 3193/3193/3193 3220/3220/3220 3221/3221/3221
f 3193/3193/3193 3221/3221/3221 3195/3195/3195
f 3195/3195/3195 3221/3221/3221 3222/3222/3222
f 3195/3195/3195 3222/3222/3222 3197/3197/3197
f 3197/3197/3197 3222/3222/3222 3223/3223/3223
f 3197/3197/3197 3223/3223/3223 3199/3199/3199
f 3199/3199/3199 3223/3223/3223 3224/3224/3224
f 3199/3199/3199 3224/3224/3224 3201/3201/3201
f 3201/3201/3201 3224/3224/3224 3225/3225/3225
f 3201/3201/3201 3225/3225/3225 3203/3203/3203
f 3203/3203/3203 3225/3225/3225 3226/3226/3226
f 3203/3203/3203 3226/3226/3226 3205/3205/3205
f 3205/3205/3205 3226/3226/3226 3227/3227/3227
f 3205/3205/3205 3227/3227/3227 3207/3207/3207
f 3207/3207/3207 3227/3227/3227 3228/3228/3228
f 3207/3207/3207 3228/3228/3228 3209/3209/3209
f 3209/3209/3209 3228/3228/3228 3229/3229/3229
f 3209/3209/3209 3229/3229/3229 3211/3211/3211
f 3211/3211/3211 3229/3229/3229 3230/3230/3230
f 3211/3211/3211 3230/3230/3230 3213/3213/3213
f 3213/3213/3213 3230/3230/3230 3231/3231/3231
f 3213/3213/3213 3231/3231/3231 3215/3215/3215
f 3215/3215/3215 3231/3231/3231 3232/3232/3232
f 3215/3215/3215 3232/3232/3232 3217/3217/3217
f 3217/3217/3217 3232/3232/3232 3233/3233/3233
f 3217/3217/3217 3233/3233/3233 3187/3187/3187
f 3187/3187/3187 3233/3233/3233 3218/3218/3218
f 3218/3218/3218 3234/3234/3234 3219/3219/3219
f 3219/3219/3219 3234/3234/3234 3235/3235/3235
f 3219/3219/3219 3235/3235/3235 3220/3220/3220
f 3220/3220/3220 3235/3235/3235 3236/3236/3236
f 3220/3220/3220 3236/3236/3236 3221/3221/3221
f 3221/3221/3221 3236/3236/3236 3237/3237/3237
f 3221/3221/3221 3237/3237/3237 3222/3222/3222
f 3222/3222/3222 3237/3237/3237 3238/3238/3238
f 3222/3222/3222 3238/3238/3238 3223/3223/3223
f 3223/3223/3223 3238/3238/3238 3239/3239/3239
f 3223/3223/3223 3239/3239/3239 3224/3224/3224
f 3224/3224/3224 3239/3239/3239 3240/3240/3240
f 3224/3224/3224 3240/3240/3240 3225/3225/3225
f 3225/3225/3225 3240/3240/3240 3241/3241/3241
f 3225/3225/3225 3241/3241/3241 3226/3226/3226
f 3226/3226/3226 3241/3241/3241 3242/3242/3242
f 3226/3226/3226 3242/3242/3242 3227/3227/3227
f 3227/3227/3227 3242/3242/3242 3243/3243/3243
f 3227/3227/3227 3243/3243/3243 3228/3228/3228
f 3228/3228/3228 3243/3243/3243 3244/3244/3244
f 3228/3228/3228 3244/3244/3244 3229/3229/3229
f 3229/3229/3229 3244/3244/3244 3245/3245/3245
f 3229/3229/3229 3245/3245/3245 3230/3230/3230
f 3230/3230/3230 3245/3245/3245 3246/3246/3246
f 3230/3230/3230 3246/3246/3246 3231/3231/3231
f 3231/3231/3231 3246/3246/3246 3247/3247/3247
f 3231/3231/3231 3247/3247/3247 3232/3232/3232
f 3232/3232/3232 3247/3247/3247 3248/3248/3248
f 3232/3232/3232 3248/3248/3248 3233/3233/3233
f 3233/3233/3233 3248/3248/3248 3249/3249/3249
f 3233/3233/3233 3249/3249/3249 3218/3218/3218
f 3218/3218/3218 3249/3249/3249 3234/3234/3234
f 3234/3234/3234 3250/3250/3250 3235/3235/3235
f 3235/3235/3235 3250/3250/3250 3236/3236/3236
f 3236/3236/3236 3250/3250/3250 3237/3237/3237
f 3237/3237/3237 3250/3250/3250 3238/3238/3238
f 3238/3238/3238 3250/3250/3250 3239/3239/3239
f 3239/3239/3239 3250/3250/3250 3240/3240/3240
f 3240/3240/3240 3250/3250/3250 3241/3241/3241
f 3241/3241/3241 3250/3250/3250 3242/3242/3242
f 3242/3242/3242 3250/3250/3250 3243/3243/3243
f 3243/3243/3243 3250/3250/3250 3244/3244/3244
f 3244/3244/3244 3250/3250/3250 3245/3245/3245
f 3245/3245/3245 3250/3250/3250 3246/3246/3246
f 3246/3246/3246 3250/3250/3250 3247/3247/3247
f 3247/3247/3247 3250/3250/3250 3248/3248/3248
f 3248/3248/3248 3250/3250/3250 3249/3249/3249
f 3249/3249/3249 3250/3250/3250 3234/3234/3234
f 3251/3251/3251 3252/3252/3252 3253/3253/3253
f 3251/3251/3251 3253/3253/3253 3254/3254/3254
f 3251/3251/3251 3254/3254/3254 3255/3255/3255
f 3251/3251/3251 3255/3255/3255 3256/3256/3256
f 3251/3251/3251 3256/3256/3256 3257/3257/3257
f 3251/3251/3251 3257/3257/3257 3258/3258/3258
f 3251/3251/3251 3258/3258/3258 3259/3259/3259
f 3251/3251/3251 3259/3259/3259 3260/3260/3260
f 3251/3251/3251 3260/3260/3260 3261/3261/3261
f 3251/3251/3251 3261/3261/3261 3262/3262/3262
f 3251/3251/3251 3262/3262/3262 3263/3263/3263
f 3251/3251/3251 3263/3263/3263 3264/3264/3264
f 3251/3251/3251 3264/3264/3264 3265/3265/3265
f 3251/3251/3251 3265/3265/3265 3266/3266/3266
f 3251/3251/3251 3266/3266/3266 3267/3267/3267
f 3251/3251/3251 3267/3267/3267 3252/3252/3252
f 3268/3268/3268 3269/3269/3269 3270/3270/3270
f 3270/3270/3270 3269/3269/3269 3271/3271/3271
f 3272/3272/3272 3273/3273/3273 3274/3274/3274
f 3274/3274/3274 3273/3273/3273 3275/3275/3275
f 3276/3276/3276 3277/3277/3277 3278/3278/3278
f 3278/3278/3278 3277/3277/3277 3279/3279/3279
f 3280/3280/3280 3281/3281/3281 3282/3282/3282
f 3282/3282/3282 3281/3281/3281 3283/3283/3283
f 3284/3284/3284 3285/3285/3285 3286/3286/3286
f 3286/3286/3286 3285/3285/3285 3287/3287/3287
f 3288/3288/3288 3289/3289/3289 3290/3290/3290
f 3290/3290/3290 3289/3289/3289 3291/3291/3291
f 3292/3292/3292 3293/3293/3293 3294/3294/3294
f 3294/3294/3294 3293/3293/3293 3295/3295/3295
f 3296/3296/3296 3297/3297/3297 3298/3298/3298
f 3298/3298/3298 3297/3297/3297 3299/3299/3299
f 3300/3300/3300 3301/3301/3301 3302/3302/3302
f 3302/3302/3302 3301/3301/3301 3303/3303/3303
f 3304/3304/3304 3305/3305/3305 3306/3306/3306
f 3306/3306/3306 3305/3305/3305 3307/3307/3307
f 3308/3308/3308 3309/3309/3309 3310/3310/3310
f 3310/3310/3310 3309/3309/3309 3311/3311/3311
f 3312/3312/3312 3313/3313/3313 3314/3314/3314
f 3314/3314/3314 3313/3313/3313 3315/3315/3315
f 3316/3316/3316 3317/3317/3317 3318/3318/3318
f 3318/3318/3318 3317/3317/3317 3319/3319/3319
f 3320/3320/3320 3321/3321/3321 3322/3322/3322
f 3322/3322/3322 3321/3321/3321 3323/3323/3323
f 3324/3324/3324 3325/3325/3325 3326/3326/3326
f 3326/3326/3326 3325/3325/3325 3327/3327/3327
f 3328/3328/3328 3329/3329/3329 3330/3330/3330
f 3330/3330/3330 3329/3329/3329 3331/3331/3331
o S14
v 0.00680000009015 1.67800000137 0.00000000000
v 0.00628238078207 1.67800000137 0.00260224728845
v 0.00850000046194 1.67800000137 0.00000000000
v 0.00785297621042 1.67800000137 0.00325280916877
v 0.00480832625180 1.67800000137 0.00480832625180
v 0.00601040758193 1.67800000137 0.00601040758193
v 0.00260224728845 1.67800000137 0.00628238078207
v 0.00325280916877 1.67800000137 0.00785297621042
v 4.16379921194e-19 1.67800000137 0.00680000009015
v 5.20474914417e-19 1.67800000137 0.00850000046194
v -0.00260224728845 1.67800000137 0.00628238078207
v -0.00325280916877 1.67800000137 0.00785297621042
v -0.00480832625180 1.67800000137 0.00480832625180
v -0.00601040758193 1.67800000137 0.00601040758193
v -0.00628238078207 1.67800000137 0.00260224728845
v -0.00785297621042 1.67800000137 0.00325280916877
v -0.00680000009015 1.67800000137 8.32759842387e-19
v -0.00850000046194 1.67800000137 1.04094982883e-18
v -0.00628238078207 1.67800000137 -0.00260224728845
v -0.00785297621042 1.67800000137 -0.00325280916877
v -0.00480832625180 1.67800000137 -0.00480832625180
v -0.00601040758193 1.67800000137 -0.00601040758193
v -0.00260224728845 1.67800000137 -0.00628238078207
v -0.00325280916877 1.67800000137 -0.00785297621042
v -1.24913971188e-18 1.67800000137 -0.00680000009015
v -1.56142469155e-18 1.67800000137 -0.00850000046194
v 0.00260224728845 1.67800000137 -0.00628238078207
v 0.00325280916877 1.67800000137 -0.00785297621042
v 0.00480832625180 1.67800000137 -0.00480832625180
v 0.00601040758193 1.67800000137 -0.00601040758193
v 0.00628238078207 1.67800000137 -0.00260224728845
v 0.00785297621042 1.67800000137 -0.00325280916877
v 0.00850000046194 1.67800000137 0.00000000000
v 0.00785297621042 1.67800000137 0.00325280916877
v 0.00899999961257 1.67750000036 0.00000000000
v 0.00831491593271 1.67750000036 0.00344415078871
v 0.00785297621042 1.67800000137 0.00325280916877
v 0.00601040758193 1.67800000137 0.00601040758193
v 0.00831491593271 1.67750000036 0.00344415078871
v 0.00636396091431 1.67750000036 0.00636396091431
v 0.00601040758193 1.67800000137 0.00601040758193
v 0.00325280916877 1.67800000137 0.00785297621042
v 0.00636396091431 1.67750000036 0.00636396091431
v 0.00344415078871 1.67750000036 0.00831491593271
v 0.00325280916877 1.67800000137 0.00785297621042
v 5.20474914417e-19 1.67800000137 0.00850000046194
v 0.00344415078871 1.67750000036 0.00831491593271
v 5.51091040236e-19 1.67750000036 0.00899999961257
v 5.20474914417e-19 1.67800000137 0.00850000046194
v -0.00325280916877 1.67800000137 0.00785297621042
v 5.51091040236e-19 1.67750000036 0.00899999961257
v -0.00344415078871 1.67750000036 0.00831491593271
v -0.00325280916877 1.67800000137 0.00785297621042
v -0.00601040758193 1.67800000137 0.00601040758193
v -0.00344415078871 1.67750000036 0.00831491593271
v -0.00636396091431 1.67750000036 0.00636396091431
v -0.00601040758193 1.67800000137 0.00601040758193
v -0.00785297621042 1.67800000137 0.00325280916877
v -0.00636396091431 1.67750000036 0.00636396091431
v -0.00831491593271 1.67750000036 0.00344415078871
v -0.00785297621042 1.67800000137 0.00325280916877
v -0.00850000046194 1.67800000137 1.04094982883e-18
v -0.00831491593271 1.67750000036 0.00344415078871
v -0.00899999961257 1.67750000036 1.10218208047e-18
v -0.00850000046194 1.67800000137 1.04094982883e-18
v -0.00785297621042 1.67800000137 -0.00325280916877
v -0.00899999961257 1.67750000036 1.10218208047e-18
v -0.00831491593271 1.67750000036 -0.00344415078871
v -0.00785297621042 1.67800000137 -0.00325280916877
v -0.00601040758193 1.67800000137 -0.00601040758193
v -0.00831491593271 1.67750000036 -0.00344415078871
v -0.00636396091431 1.67750000036 -0.00636396091431
v -0.00601040758193 1.67800000137 -0.00601040758193
v -0.00325280916877 1.67800000137 -0.00785297621042
v -0.00636396091431 1.67750000036 -0.00636396091431
v -0.00344415078871 1.67750000036 -0.00831491593271
v -0.00325280916877 1.67800000137 -0.00785297621042
v -1.56142469155e-18 1.67800000137 -0.00850000046194
v -0.00344415078871 1.67750000036 -0.00831491593271
v -1.65327317241e-18 1.67750000036 -0.00899999961257
v -1.56142469155e-18 1.67800000137 -0.00850000046194
v 0.00325280916877 1.67800000137 -0.00785297621042
v -1.65327317241e-18 1.67750000036 -0.00899999961257
v 0.00344415078871 1.67750000036 -0.00831491593271
v 0.00325280916877 1.67800000137 -0.00785297621042
v 0.00601040758193 1.67800000137 -0.00601040758193
v 0.00344415078871 1.67750000036 -0.00831491593271
v 0.00636396091431 1.67750000036 -0.00636396091431
v 0.00601040758193 1.67800000137 -0.00601040758193
v 0.00785297621042 1.67800000137 -0.00325280916877
v 0.00636396091431 1.67750000036 -0.00636396091431
v 0.00831491593271 1.67750000036 -0.00344415078871
v 0.00785297621042 1.67800000137 -0.00325280916877
v 0.00850000046194 1.67800000137 0.00000000000
v 0.00831491593271 1.67750000036 -0.00344415078871
v 0.00899999961257 1.67750000036 0.00000000000
v 0.00899999961257 1.67750000036 0.00000000000
v 0.00831491593271 1.67750000036 0.00344415078871
v 0.00899999961257 1.67450000173 0.00000000000
v 0.00831491593271 1.67450000173 0.00344415078871
v 0.00831491593271 1.67750000036 0.00344415078871
v 0.00636396091431 1.67750000036 0.00636396091431
v 0.00831491593271 1.67450000173 0.00344415078871
v 0.00636396091431 1.67450000173 0.00636396091431
v 0.00636396091431 1.67750000036 0.00636396091431
v 0.00344415078871 1.67750000036 0.00831491593271
v 0.00636396091431 1.67450000173 0.00636396091431
v 0.00344415078871 1.67450000173 0.00831491593271
v 0.00344415078871 1.67750000036 0.00831491593271
v 5.51091040236e-19 1.67750000036 0.00899999961257
v 0.00344415078871 1.67450000173 0.00831491593271
v 5.51091040236e-19 1.67450000173 0.00899999961257
v 5.51091040236e-19 1.67750000036 0.00899999961257
v -0.00344415078871 1.67750000036 0.00831491593271
v -0.00344415078871 1.67450000173 0.00831491593271
v -0.00344415078871 1.67750000036 0.00831491593271
v -0.00636396091431 1.67750000036 0.00636396091431
v -0.00344415078871 1.67450000173 0.00831491593271
v -0.00636396091431 1.67450000173 0.00636396091431
v -0.00636396091431 1.67750000036 0.00636396091431
v -0.00831491593271 1.67750000036 0.00344415078871
v -0.00636396091431 1.67450000173 0.00636396091431
v -0.00831491593271 1.67450000173 0.00344415078871
v -0.00831491593271 1.67750000036 0.00344415078871
v -0.00899999961257 1.67750000036 1.10218208047e-18
v -0.00831491593271 1.67450000173 0.00344415078871
v -0.00899999961257 1.67450000173 1.10218208047e-18
v -0.00899999961257 1.67750000036 1.10218208047e-18
v -0.00831491593271 1.67750000036 -0.00344415078871
v -0.00831491593271 1.67450000173 -0.00344415078871
v -0.00831491593271 1.67750000036 -0.00344415078871
v -0.00636396091431 1.67750000036 -0.00636396091431
v -0.00831491593271 1.67450000173 -0.00344415078871
v -0.00636396091431 1.67450000173 -0.00636396091431
v -0.00636396091431 1.67750000036 -0.00636396091431
v -0.00344415078871 1.67750000036 -0.00831491593271
v -0.00636396091431 1.67450000173 -0.00636396091431
v -0.00344415078871 1.67450000173 -0.00831491593271
v -0.00344415078871 1.67750000036 -0.00831491593271
v -1.65327317241e-18 1.67750000036 -0.00899999961257
v -0.00344415078871 1.67450000173 -0.00831491593271
v -1.65327317241e-18 1.67450000173 -0.00899999961257
v -1.65327317241e-18 1.67750000036 -0.00899999961257
v 0.00344415078871 1.67750000036 -0.00831491593271
v 0.00344415078871 1.67450000173 -0.00831491593271
v 0.00344415078871 1.67750000036 -0.00831491593271
v 0.00636396091431 1.67750000036 -0.00636396091431
v 0.00344415078871 1.67450000173 -0.00831491593271
v 0.00636396091431 1.67450000173 -0.00636396091431
v 0.00636396091431 1.67750000036 -0.00636396091431
v 0.00831491593271 1.67750000036 -0.00344415078871
v 0.00636396091431 1.67450000173 -0.00636396091431
v 0.00831491593271 1.67450000173 -0.00344415078871
v 0.00831491593271 1.67750000036 -0.00344415078871
v 0.00899999961257 1.67750000036 0.00000000000
v 0.00831491593271 1.67450000173 -0.00344415078871
v 0.00899999961257 1.67450000173 0.00000000000
v 0.00831491593271 1.67450000173 0.00344415078871
v 0.00800000037998 1.67400000072 0.00000000000
v 0.00739103648812 1.67400000072 0.00306146754883
v 0.00831491593271 1.67450000173 0.00344415078871
v 0.00636396091431 1.67450000173 0.00636396091431
v 0.00739103648812 1.67400000072 0.00306146754883
v 0.00565685424954 1.67400000072 0.00565685424954
v 0.00636396091431 1.67450000173 0.00636396091431
v 0.00344415078871 1.67450000173 0.00831491593271
v 0.00565685424954 1.67400000072 0.00565685424954
v 0.00306146754883 1.67400000072 0.00739103648812
v 0.00344415078871 1.67450000173 0.00831491593271
v 5.51091040236e-19 1.67450000173 0.00899999961257
v 0.00306146754883 1.67400000072 0.00739103648812
v 4.89858736898e-19 1.67400000072 0.00800000037998
v 5.51091040236e-19 1.67450000173 0.00899999961257
v -0.00344415078871 1.67450000173 0.00831491593271
v 4.89858736898e-19 1.67400000072 0.00800000037998
v -0.00306146754883 1.67400000072 0.00739103648812
v -0.00344415078871 1.67450000173 0.00831491593271
v -0.00636396091431 1.67450000173 0.00636396091431
v -0.00306146754883 1.67400000072 0.00739103648812
v -0.00565685424954 1.67400000072 0.00565685424954
v -0.00636396091431 1.67450000173 0.00636396091431
v -0.00831491593271 1.67450000173 0.00344415078871
v -0.00565685424954 1.67400000072 0.00565685424954
v -0.00739103648812 1.67400000072 0.00306146754883
v -0.00831491593271 1.67450000173 0.00344415078871
v -0.00899999961257 1.67450000173 1.10218208047e-18
v -0.00739103648812 1.67400000072 0.00306146754883
v -0.00800000037998 1.67400000072 9.79717473796e-19
v -0.00899999961257 1.67450000173 1.10218208047e-18
v -0.00831491593271 1.67450000173 -0.00344415078871
v -0.00800000037998 1.67400000072 9.79717473796e-19
v -0.00739103648812 1.67400000072 -0.00306146754883
v -0.00831491593271 1.67450000173 -0.00344415078871
v -0.00636396091431 1.67450000173 -0.00636396091431
v -0.00739103648812 1.67400000072 -0.00306146754883
v -0.00565685424954 1.67400000072 -0.00565685424954
v -0.00636396091431 1.67450000173 -0.00636396091431
v -0.00344415078871 1.67450000173 -0.00831491593271
v -0.00565685424954 1.67400000072 -0.00565685424954
v -0.00306146754883 1.67400000072 -0.00739103648812
v -0.00344415078871 1.67450000173 -0.00831491593271
v -1.65327317241e-18 1.67450000173 -0.00899999961257
v -0.00306146754883 1.67400000072 -0.00739103648812
v -1.46957610730e-18 1.67400000072 -0.00800000037998
v -1.65327317241e-18 1.67450000173 -0.00899999961257
v 0.00344415078871 1.67450000173 -0.00831491593271
v -1.46957610730e-18 1.67400000072 -0.00800000037998
v 0.00306146754883 1.67400000072 -0.00739103648812
v 0.00344415078871 1.67450000173 -0.00831491593271
v 0.00636396091431 1.67450000173 -0.00636396091431
v 0.00306146754883 1.67400000072 -0.00739103648812
v 0.00565685424954 1.67400000072 -0.00565685424954
v 0.00636396091431 1.67450000173 -0.00636396091431
v 0.00831491593271 1.67450000173 -0.00344415078871
v 0.00565685424954 1.67400000072 -0.00565685424954
v 0.00739103648812 1.67400000072 -0.00306146754883
v 0.00831491593271 1.67450000173 -0.00344415078871
v 0.00899999961257 1.67450000173 0.00000000000
v 0.00739103648812 1.67400000072 -0.00306146754883
v 0.00800000037998 1.67400000072 0.00000000000
v 0.00800000037998 1.67400000072 0.00000000000
v 0.00739103648812 1.67400000072 0.00306146754883
v 0.00800000037998 1.67249999768 0.00000000000
v 0.00739103648812 1.67249999768 0.00306146754883
v 0.00739103648812 1.67400000072 0.00306146754883
v 0.00565685424954 1.67400000072 0.00565685424954
v 0.00739103648812 1.67249999768 0.00306146754883
v 0.00565685424954 1.67249999768 0.00565685424954
v 0.00565685424954 1.67400000072 0.00565685424954
v 0.00306146754883 1.67400000072 0.00739103648812
v 0.00565685424954 1.67249999768 0.00565685424954
v 0.00306146754883 1.67249999768 0.00739103648812
v 0.00306146754883 1.67400000072 0.00739103648812
v 4.89858736898e-19 1.67400000072 0.00800000037998
v 0.00306146754883 1.67249999768 0.00739103648812
v 4.89858736898e-19 1.67249999768 0.00800000037998
v 4.89858736898e-19 1.67400000072 0.00800000037998
v -0.00306146754883 1.67400000072 0.00739103648812
v 4.89858736898e-19 1.67249999768 0.00800000037998
v -0.00306146754883 1.67249999768 0.00739103648812
v -0.00306146754883 1.67400000072 0.00739103648812
v -0.00565685424954 1.67400000072 0.00565685424954
v -0.00306146754883 1.67249999768 0.00739103648812
v -0.00565685424954 1.67249999768 0.00565685424954
v -0.00565685424954 1.67400000072 0.00565685424954
v -0.00739103648812 1.67400000072 0.00306146754883
v -0.00565685424954 1.67249999768 0.00565685424954
v -0.00739103648812 1.67249999768 0.00306146754883
v -0.00739103648812 1.67400000072 0.00306146754883
v -0.00800000037998 1.67400000072 9.79717473796e-19
v -0.00739103648812 1.67249999768 0.00306146754883
v -0.00800000037998 1.67249999768 9.79717473796e-19
v -0.00800000037998 1.67400000072 9.79717473796e-19
v -0.00739103648812 1.67400000072 -0.00306146754883
v -0.00800000037998 1.67249999768 9.79717473796e-19
v -0.00739103648812 1.67249999768 -0.00306146754883
v -0.00739103648812 1.67400000072 -0.00306146754883
v -0.00565685424954 1.67400000072 -0.00565685424954
v -0.00739103648812 1.67249999768 -0.00306146754883
v -0.00565685424954 1.67249999768 -0.00565685424954
v -0.00565685424954 1.67400000072 -0.00565685424954
v -0.00306146754883 1.67400000072 -0.00739103648812
v -0.00565685424954 1.67249999768 -0.00565685424954
v -0.00306146754883 1.67249999768 -0.00739103648812
v -0.00306146754883 1.67400000072 -0.00739103648812
v -1.46957610730e-18 1.67400000072 -0.00800000037998
v -0.00306146754883 1.67249999768 -0.00739103648812
v -1.46957610730e-18 1.67249999768 -0.00800000037998
v -1.46957610730e-18 1.67400000072 -0.00800000037998
v 0.00306146754883 1.67400000072 -0.00739103648812
v -1.46957610730e-18 1.67249999768 -0.00800000037998
v 0.00306146754883 1.67249999768 -0.00739103648812
v 0.00306146754883 1.67400000072 -0.00739103648812
v 0.00565685424954 1.67400000072 -0.00565685424954
v 0.00306146754883 1.67249999768 -0.00739103648812
v 0.00565685424954 1.67249999768 -0.00565685424954
v 0.00565685424954 1.67400000072 -0.00565685424954
v 0.00739103648812 1.67400000072 -0.00306146754883
v 0.00565685424954 1.67249999768 -0.00565685424954
v 0.00739103648812 1.67249999768 -0.00306146754883
v 0.00739103648812 1.67400000072 -0.00306146754883
v 0.00800000037998 1.67400000072 0.00000000000
v 0.00739103648812 1.67249999768 -0.00306146754883
v 0.00800000037998 1.67249999768 0.00000000000
v 0.00800000037998 1.67249999768 0.00000000000
v 0.00739103648812 1.67249999768 0.00306146754883
v 0.00999999977648 1.67150000310 0.00000000000
v 0.00923879537731 1.67150000310 0.00382683426142
v 0.00739103648812 1.67249999768 0.00306146754883
v 0.00565685424954 1.67249999768 0.00565685424954
v 0.00923879537731 1.67150000310 0.00382683426142
v 0.00707106757909 1.67150000310 0.00707106757909
v 0.00565685424954 1.67249999768 0.00565685424954
v 0.00306146754883 1.67249999768 0.00739103648812
v 0.00707106757909 1.67150000310 0.00707106757909
v 0.00382683426142 1.67150000310 0.00923879537731
v 0.00306146754883 1.67249999768 0.00739103648812
v 4.89858736898e-19 1.67249999768 0.00800000037998
v 0.00382683426142 1.67150000310 0.00923879537731
v 6.12323395273e-19 1.67150000310 0.00999999977648
v 4.89858736898e-19 1.67249999768 0.00800000037998
v -0.00306146754883 1.67249999768 0.00739103648812
v 6.12323395273e-19 1.67150000310 0.00999999977648
v -0.00382683426142 1.67150000310 0.00923879537731
v -0.00306146754883 1.67249999768 0.00739103648812
v -0.00565685424954 1.67249999768 0.00565685424954
v -0.00382683426142 1.67150000310 0.00923879537731
v -0.00707106757909 1.67150000310 0.00707106757909
v -0.00565685424954 1.67249999768 0.00565685424954
v -0.00739103648812 1.67249999768 0.00306146754883
v -0.00707106757909 1.67150000310 0.00707106757909
v -0.00923879537731 1.67150000310 0.00382683426142
v -0.00739103648812 1.67249999768 0.00306146754883
v -0.00800000037998 1.67249999768 9.79717473796e-19
v -0.00923879537731 1.67150000310 0.00382683426142
v -0.00999999977648 1.67150000310 1.22464679055e-18
v -0.00800000037998 1.67249999768 9.79717473796e-19
v -0.00739103648812 1.67249999768 -0.00306146754883
v -0.00999999977648 1.67150000310 1.22464679055e-18
v -0.00923879537731 1.67150000310 -0.00382683426142
v -0.00739103648812 1.67249999768 -0.00306146754883
v -0.00565685424954 1.67249999768 -0.00565685424954
v -0.00923879537731 1.67150000310 -0.00382683426142
v -0.00707106757909 1.67150000310 -0.00707106757909
v -0.00565685424954 1.67249999768 -0.00565685424954
v -0.00306146754883 1.67249999768 -0.00739103648812
v -0.00707106757909 1.67150000310 -0.00707106757909
v -0.00382683426142 1.67150000310 -0.00923879537731
v -0.00306146754883 1.67249999768 -0.00739103648812
v -1.46957610730e-18 1.67249999768 -0.00800000037998
v -0.00382683426142 1.67150000310 -0.00923879537731
v -1.83697023752e-18 1.67150000310 -0.00999999977648
v -1.46957610730e-18 1.67249999768 -0.00800000037998
v 0.00306146754883 1.67249999768 -0.00739103648812
v -1.83697023752e-18 1.67150000310 -0.00999999977648
v 0.00382683426142 1.67150000310 -0.00923879537731
v 0.00306146754883 1.67249999768 -0.00739103648812
v 0.00565685424954 1.67249999768 -0.00565685424954
v 0.00382683426142 1.67150000310 -0.00923879537731
v 0.00707106757909 1.67150000310 -0.00707106757909
v 0.00565685424954 1.67249999768 -0.00565685424954
v 0.00739103648812 1.67249999768 -0.00306146754883
v 0.00707106757909 1.67150000310 -0.00707106757909
v 0.00923879537731 1.67150000310 -0.00382683426142
v 0.00739103648812 1.67249999768 -0.00306146754883
v 0.00800000037998 1.67249999768 0.00000000000
v 0.00923879537731 1.67150000310 -0.00382683426142
v 0.00999999977648 1.67150000310 0.00000000000
v 0.00999999977648 1.67150000310 0.00000000000
v 0.00923879537731 1.67150000310 0.00382683426142
v 0.0175000000745 1.66899999803 0.00000000000
v 0.0161678921431 1.66899999803 0.00669695995748
v 0.00923879537731 1.67150000310 0.00382683426142
v 0.00707106757909 1.67150000310 0.00707106757909
v 0.0123743684962 1.66899999803 0.0123743684962
v 0.00707106757909 1.67150000310 0.00707106757909
v 0.00382683426142 1.67150000310 0.00923879537731
v 0.00669695995748 1.66899999803 0.0161678921431
v 0.00382683426142 1.67150000310 0.00923879537731
v 6.12323395273e-19 1.67150000310 0.00999999977648
v 1.07156595465e-18 1.66899999803 0.0175000000745
v 6.12323395273e-19 1.67150000310 0.00999999977648
v -0.00382683426142 1.67150000310 0.00923879537731
v -0.00669695995748 1.66899999803 0.0161678921431
v -0.00382683426142 1.67150000310 0.00923879537731
v -0.00707106757909 1.67150000310 0.00707106757909
v -0.0123743684962 1.66899999803 0.0123743684962
v -0.00707106757909 1.67150000310 0.00707106757909
v -0.00923879537731 1.67150000310 0.00382683426142
v -0.0161678921431 1.66899999803 0.00669695995748
v -0.00923879537731 1.67150000310 0.00382683426142
v -0.00999999977648 1.67150000310 1.22464679055e-18
v -0.0175000000745 1.66899999803 2.14313190931e-18
v -0.00999999977648 1.67150000310 1.22464679055e-18
v -0.00923879537731 1.67150000310 -0.00382683426142
v -0.0161678921431 1.66899999803 -0.00669695995748
v -0.00923879537731 1.67150000310 -0.00382683426142
v -0.00707106757909 1.67150000310 -0.00707106757909
v -0.0123743684962 1.66899999803 -0.0123743684962
v -0.00707106757909 1.67150000310 -0.00707106757909
v -0.00382683426142 1.67150000310 -0.00923879537731
v -0.00669695995748 1.66899999803 -0.0161678921431
v -0.00382683426142 1.67150000310 -0.00923879537731
v -1.83697023752e-18 1.67150000310 -0.00999999977648
v -3.21469786396e-18 1.66899999803 -0.0175000000745
v -1.83697023752e-18 1.67150000310 -0.00999999977648
v 0.00382683426142 1.67150000310 -0.00923879537731
v 0.00669695995748 1.66899999803 -0.0161678921431
v 0.00382683426142 1.67150000310 -0.00923879537731
v 0.00707106757909 1.67150000310 -0.00707106757909
v 0.0123743684962 1.66899999803 -0.0123743684962
v 0.00707106757909 1.67150000310 -0.00707106757909
v 0.00923879537731 1.67150000310 -0.00382683426142
v 0.0161678921431 1.66899999803 -0.00669695995748
v 0.00923879537731 1.67150000310 -0.00382683426142
v 0.00999999977648 1.67150000310 0.00000000000
v 0.0175000000745 1.66899999803 0.00000000000
v 0.0161678921431 1.66899999803 0.00669695995748
v 0.0179999992251 1.66849999702 0.00000000000
v 0.0166298318654 1.66849999702 0.00688830157742
v 0.0161678921431 1.66899999803 0.00669695995748
v 0.0123743684962 1.66899999803 0.0123743684962
v 0.0166298318654 1.66849999702 0.00688830157742
v 0.0127279218286 1.66849999702 0.0127279218286
v 0.0123743684962 1.66899999803 0.0123743684962
v 0.00669695995748 1.66899999803 0.0161678921431
v 0.0127279218286 1.66849999702 0.0127279218286
v 0.00688830157742 1.66849999702 0.0166298318654
v 0.00669695995748 1.66899999803 0.0161678921431
v 1.07156595465e-18 1.66899999803 0.0175000000745
v 0.00688830157742 1.66849999702 0.0166298318654
v 1.10218208047e-18 1.66849999702 0.0179999992251
v 1.07156595465e-18 1.66899999803 0.0175000000745
v -0.00669695995748 1.66899999803 0.0161678921431
v 1.10218208047e-18 1.66849999702 0.0179999992251
v -0.00688830157742 1.66849999702 0.0166298318654
v -0.00669695995748 1.66899999803 0.0161678921431
v -0.0123743684962 1.66899999803 0.0123743684962
v -0.00688830157742 1.66849999702 0.0166298318654
v -0.0127279218286 1.66849999702 0.0127279218286
v -0.0123743684962 1.66899999803 0.0123743684962
v -0.0161678921431 1.66899999803 0.00669695995748
v -0.0127279218286 1.66849999702 0.0127279218286
v -0.0166298318654 1.66849999702 0.00688830157742
v -0.0161678921431 1.66899999803 0.00669695995748
v -0.0175000000745 1.66899999803 2.14313190931e-18
v -0.0166298318654 1.66849999702 0.00688830157742
v -0.0179999992251 1.66849999702 2.20436416095e-18
v -0.0175000000745 1.66899999803 2.14313190931e-18
v -0.0161678921431 1.66899999803 -0.00669695995748
v -0.0179999992251 1.66849999702 2.20436416095e-18
v -0.0166298318654 1.66849999702 -0.00688830157742
v -0.0161678921431 1.66899999803 -0.00669695995748
v -0.0123743684962 1.66899999803 -0.0123743684962
v -0.0166298318654 1.66849999702 -0.00688830157742
v -0.0127279218286 1.66849999702 -0.0127279218286
v -0.0123743684962 1.66899999803 -0.0123743684962
v -0.00669695995748 1.66899999803 -0.0161678921431
v -0.0127279218286 1.66849999702 -0.0127279218286
v -0.00688830157742 1.66849999702 -0.0166298318654
v -0.00669695995748 1.66899999803 -0.0161678921431
v -3.21469786396e-18 1.66899999803 -0.0175000000745
v -0.00688830157742 1.66849999702 -0.0166298318654
v -3.30654634482e-18 1.66849999702 -0.0179999992251
v -3.21469786396e-18 1.66899999803 -0.0175000000745
v 0.00669695995748 1.66899999803 -0.0161678921431
v -3.30654634482e-18 1.66849999702 -0.0179999992251
v 0.00688830157742 1.66849999702 -0.0166298318654
v 0.00669695995748 1.66899999803 -0.0161678921431
v 0.0123743684962 1.66899999803 -0.0123743684962
v 0.00688830157742 1.66849999702 -0.0166298318654
v 0.0127279218286 1.66849999702 -0.0127279218286
v 0.0123743684962 1.66899999803 -0.0123743684962
v 0.0161678921431 1.66899999803 -0.00669695995748
v 0.0127279218286 1.66849999702 -0.0127279218286
v 0.0166298318654 1.66849999702 -0.00688830157742
v 0.0161678921431 1.66899999803 -0.00669695995748
v 0.0175000000745 1.66899999803 0.00000000000
v 0.0166298318654 1.66849999702 -0.00688830157742
v 0.0179999992251 1.66849999702 0.00000000000
v 0.0179999992251 1.66849999702 0.00000000000
v 0.0166298318654 1.66849999702 0.00688830157742
v 0.0179999992251 1.66800000346 0.00000000000
v 0.0166298318654 1.66800000346 0.00688830157742
v 0.0166298318654 1.66849999702 0.00688830157742
v 0.0127279218286 1.66849999702 0.0127279218286
v 0.0166298318654 1.66800000346 0.00688830157742
v 0.0127279218286 1.66800000346 0.0127279218286
v 0.0127279218286 1.66849999702 0.0127279218286
v 0.00688830157742 1.66849999702 0.0166298318654
v 0.0127279218286 1.66800000346 0.0127279218286
v 0.00688830157742 1.66800000346 0.0166298318654
v 0.00688830157742 1.66849999702 0.0166298318654
v 1.10218208047e-18 1.66849999702 0.0179999992251
v 0.00688830157742 1.66800000346 0.0166298318654
v 1.10218208047e-18 1.66800000346 0.0179999992251
v 1.10218208047e-18 1.66849999702 0.0179999992251
v -0.00688830157742 1.66849999702 0.0166298318654
v 1.10218208047e-18 1.66800000346 0.0179999992251
v -0.00688830157742 1.66800000346 0.0166298318654
v -0.00688830157742 1.66849999702 0.0166298318654
v -0.0127279218286 1.66849999702 0.0127279218286
v -0.00688830157742 1.66800000346 0.0166298318654
v -0.0127279218286 1.66800000346 0.0127279218286
v -0.0127279218286 1.66849999702 0.0127279218286
v -0.0166298318654 1.66849999702 0.00688830157742
v -0.0127279218286 1.66800000346 0.0127279218286
v -0.0166298318654 1.66800000346 0.00688830157742
v -0.0166298318654 1.66849999702 0.00688830157742
v -0.0179999992251 1.66849999702 2.20436416095e-18
v -0.0166298318654 1.66800000346 0.00688830157742
v -0.0179999992251 1.66800000346 2.20436416095e-18
v -0.0179999992251 1.66849999702 2.20436416095e-18
v -0.0166298318654 1.66849999702 -0.00688830157742
v -0.0179999992251 1.66800000346 2.20436416095e-18
v -0.0166298318654 1.66800000346 -0.00688830157742
v -0.0166298318654 1.66849999702 -0.00688830157742
v -0.0127279218286 1.66849999702 -0.0127279218286
v -0.0166298318654 1.66800000346 -0.00688830157742
v -0.0127279218286 1.66800000346 -0.0127279218286
v -0.0127279218286 1.66849999702 -0.0127279218286
v -0.00688830157742 1.66849999702 -0.0166298318654
v -0.0127279218286 1.66800000346 -0.0127279218286
v -0.00688830157742 1.66800000346 -0.0166298318654
v -0.00688830157742 1.66849999702 -0.0166298318654
v -3.30654634482e-18 1.66849999702 -0.0179999992251
v -0.00688830157742 1.66800000346 -0.0166298318654
v -3.30654634482e-18 1.66800000346 -0.0179999992251
v -3.30654634482e-18 1.66849999702 -0.0179999992251
v 0.00688830157742 1.66849999702 -0.0166298318654
v -3.30654634482e-18 1.66800000346 -0.0179999992251
v 0.00688830157742 1.66800000346 -0.0166298318654
v 0.00688830157742 1.66849999702 -0.0166298318654
v 0.0127279218286 1.66849999702 -0.0127279218286
v 0.00688830157742 1.66800000346 -0.0166298318654
v 0.0127279218286 1.66800000346 -0.0127279218286
v 0.0127279218286 1.66849999702 -0.0127279218286
v 0.0166298318654 1.66849999702 -0.00688830157742
v 0.0127279218286 1.66800000346 -0.0127279218286
v 0.0166298318654 1.66800000346 -0.00688830157742
v 0.0166298318654 1.66849999702 -0.00688830157742
v 0.0179999992251 1.66849999702 0.00000000000
v 0.0166298318654 1.66800000346 -0.00688830157742
v 0.0179999992251 1.66800000346 0.00000000000
v 0.0179999992251 1.66800000346 0.00000000000
v 0.0166298318654 1.66800000346 0.00688830157742
v 0.0140000004321 1.66800000346 0.00000000000
v 0.0129343131557 1.66800000346 0.00535756815225
v 0.0127279218286 1.66800000346 0.0127279218286
v 0.00989949516952 1.66800000346 0.00989949516952
v 0.00688830157742 1.66800000346 0.0166298318654
v 0.00535756815225 1.66800000346 0.0129343131557
v 1.10218208047e-18 1.66800000346 0.0179999992251
v 8.57252763722e-19 1.66800000346 0.0140000004321
v -0.00688830157742 1.66800000346 0.0166298318654
v -0.00535756815225 1.66800000346 0.0129343131557
v -0.0127279218286 1.66800000346 0.0127279218286
v -0.00989949516952 1.66800000346 0.00989949516952
v -0.0166298318654 1.66800000346 0.00688830157742
v -0.0129343131557 1.66800000346 0.00535756815225
v -0.0179999992251 1.66800000346 2.20436416095e-18
v -0.0140000004321 1.66800000346 1.71450552744e-18
v -0.0166298318654 1.66800000346 -0.00688830157742
v -0.0129343131557 1.66800000346 -0.00535756815225
v -0.0127279218286 1.66800000346 -0.0127279218286
v -0.00989949516952 1.66800000346 -0.00989949516952
v -0.00688830157742 1.66800000346 -0.0166298318654
v -0.00535756815225 1.66800000346 -0.0129343131557
v -3.30654634482e-18 1.66800000346 -0.0179999992251
v -2.57175829117e-18 1.66800000346 -0.0140000004321
v 0.00688830157742 1.66800000346 -0.0166298318654
v 0.00535756815225 1.66800000346 -0.0129343131557
v 0.0127279218286 1.66800000346 -0.0127279218286
v 0.00989949516952 1.66800000346 -0.00989949516952
v 0.0166298318654 1.66800000346 -0.00688830157742
v 0.0129343131557 1.66800000346 -0.00535756815225
v 0.0131999999285 1.66750000244 0.00000000000
v 0.0121952099726 1.66750000244 0.00505142146721
v 0.00989949516952 1.66800000346 0.00989949516952
v 0.00933380983770 1.66750000244 0.00933380983770
v 0.00989949516952 1.66800000346 0.00989949516952
v 0.00933380983770 1.66750000244 0.00933380983770
v 0.00505142146721 1.66750000244 0.0121952099726
v 8.08266869353e-19 1.66750000244 0.0131999999285
v -0.00505142146721 1.66750000244 0.0121952099726
v -0.00989949516952 1.66800000346 0.00989949516952
v -0.00933380983770 1.66750000244 0.00933380983770
v -0.00989949516952 1.66800000346 0.00989949516952
v -0.00933380983770 1.66750000244 0.00933380983770
v -0.0121952099726 1.66750000244 0.00505142146721
v -0.0131999999285 1.66750000244 1.61653373871e-18
v -0.0121952099726 1.66750000244 -0.00505142146721
v -0.00989949516952 1.66800000346 -0.00989949516952
v -0.00933380983770 1.66750000244 -0.00933380983770
v -0.00989949516952 1.66800000346 -0.00989949516952
v -0.00933380983770 1.66750000244 -0.00933380983770
v -0.00505142146721 1.66750000244 -0.0121952099726
v -2.42480076316e-18 1.66750000244 -0.0131999999285
v 0.00505142146721 1.66750000244 -0.0121952099726
v 0.00989949516952 1.66800000346 -0.00989949516952
v 0.00933380983770 1.66750000244 -0.00933380983770
v 0.00989949516952 1.66800000346 -0.00989949516952
v 0.00933380983770 1.66750000244 -0.00933380983770
v 0.0121952099726 1.66750000244 -0.00505142146721
v 0.0131999999285 1.66750000244 0.00000000000
v 0.0121952099726 1.66750000244 0.00505142146721
v 0.0131999999285 1.66199999875 0.00000000000
v 0.0121952099726 1.66199999875 0.00505142146721
v 0.0121952099726 1.66750000244 0.00505142146721
v 0.00933380983770 1.66750000244 0.00933380983770
v 0.0121952099726 1.66199999875 0.00505142146721
v 0.00933380983770 1.66199999875 0.00933380983770
v 0.00933380983770 1.66750000244 0.00933380983770
v 0.00505142146721 1.66750000244 0.0121952099726
v 0.00933380983770 1.66199999875 0.00933380983770
v 0.00505142146721 1.66199999875 0.0121952099726
v 0.00505142146721 1.66750000244 0.0121952099726
v 8.08266869353e-19 1.66750000244 0.0131999999285
v 0.00505142146721 1.66199999875 0.0121952099726
v 8.08266869353e-19 1.66199999875 0.0131999999285
v 8.08266869353e-19 1.66750000244 0.0131999999285
v -0.00505142146721 1.66750000244 0.0121952099726
v -0.00505142146721 1.66199999875 0.0121952099726
v -0.00505142146721 1.66750000244 0.0121952099726
v -0.00933380983770 1.66750000244 0.00933380983770
v -0.00505142146721 1.66199999875 0.0121952099726
v -0.00933380983770 1.66199999875 0.00933380983770
v -0.00933380983770 1.66750000244 0.00933380983770
v -0.0121952099726 1.66750000244 0.00505142146721
v -0.00933380983770 1.66199999875 0.00933380983770
v -0.0121952099726 1.66199999875 0.00505142146721
v -0.0121952099726 1.66750000244 0.00505142146721
v -0.0131999999285 1.66750000244 1.61653373871e-18
v -0.0121952099726 1.66199999875 0.00505142146721
v -0.0131999999285 1.66199999875 1.61653373871e-18
v -0.0131999999285 1.66750000244 1.61653373871e-18
v -0.0121952099726 1.66750000244 -0.00505142146721
v -0.0121952099726 1.66199999875 -0.00505142146721
v -0.0121952099726 1.66750000244 -0.00505142146721
v -0.00933380983770 1.66750000244 -0.00933380983770
v -0.0121952099726 1.66199999875 -0.00505142146721
v -0.00933380983770 1.66199999875 -0.00933380983770
v -0.00933380983770 1.66750000244 -0.00933380983770
v -0.00505142146721 1.66750000244 -0.0121952099726
v -0.00933380983770 1.66199999875 -0.00933380983770
v -0.00505142146721 1.66199999875 -0.0121952099726
v -0.00505142146721 1.66750000244 -0.0121952099726
v -2.42480076316e-18 1.66750000244 -0.0131999999285
v -0.00505142146721 1.66199999875 -0.0121952099726
v -2.42480076316e-18 1.66199999875 -0.0131999999285
v -2.42480076316e-18 1.66750000244 -0.0131999999285
v 0.00505142146721 1.66750000244 -0.0121952099726
v 0.00505142146721 1.66199999875 -0.0121952099726
v 0.00505142146721 1.66750000244 -0.0121952099726
v 0.00933380983770 1.66750000244 -0.00933380983770
v 0.00505142146721 1.66199999875 -0.0121952099726
v 0.00933380983770 1.66199999875 -0.00933380983770
v 0.00933380983770 1.66750000244 -0.00933380983770
v 0.0121952099726 1.66750000244 -0.00505142146721
v 0.00933380983770 1.66199999875 -0.00933380983770
v 0.0121952099726 1.66199999875 -0.00505142146721
v 0.0121952099726 1.66750000244 -0.00505142146721
v 0.0131999999285 1.66750000244 0.00000000000
v 0.0121952099726 1.66199999875 -0.00505142146721
v 0.0131999999285 1.66199999875 0.00000000000
v 0.0121952099726 1.66199999875 0.00505142146721
v 0.00800000037998 1.66199999875 0.00000000000
v 0.00739103648812 1.66199999875 0.00306146754883
v 0.00933380983770 1.66199999875 0.00933380983770
v 0.00565685424954 1.66199999875 0.00565685424954
v 0.00505142146721 1.66199999875 0.0121952099726
v 0.00306146754883 1.66199999875 0.00739103648812
v 8.08266869353e-19 1.66199999875 0.0131999999285
v 4.89858736898e-19 1.66199999875 0.00800000037998
v -0.00505142146721 1.66199999875 0.0121952099726
v -0.00306146754883 1.66199999875 0.00739103648812
v -0.00933380983770 1.66199999875 0.00933380983770
v -0.00565685424954 1.66199999875 0.00565685424954
v -0.0121952099726 1.66199999875 0.00505142146721
v -0.00739103648812 1.66199999875 0.00306146754883
v -0.0131999999285 1.66199999875 1.61653373871e-18
v -0.00800000037998 1.66199999875 9.79717473796e-19
v -0.0121952099726 1.66199999875 -0.00505142146721
v -0.00739103648812 1.66199999875 -0.00306146754883
v -0.00933380983770 1.66199999875 -0.00933380983770
v -0.00565685424954 1.66199999875 -0.00565685424954
v -0.00505142146721 1.66199999875 -0.0121952099726
v -0.00306146754883 1.66199999875 -0.00739103648812
v -2.42480076316e-18 1.66199999875 -0.0131999999285
v -1.46957610730e-18 1.66199999875 -0.00800000037998
v 0.00505142146721 1.66199999875 -0.0121952099726
v 0.00306146754883 1.66199999875 -0.00739103648812
v 0.00933380983770 1.66199999875 -0.00933380983770
v 0.00565685424954 1.66199999875 -0.00565685424954
v 0.0121952099726 1.66199999875 -0.00505142146721
v 0.00739103648812 1.66199999875 -0.00306146754883
v 0.00800000037998 1.66199999875 0.00000000000
v 0.00739103648812 1.66199999875 0.00306146754883
v 0.00899999961257 1.66499999738 0.00000000000
v 0.00831491593271 1.66499999738 0.00344415078871
v 0.00739103648812 1.66199999875 0.00306146754883
v 0.00565685424954 1.66199999875 0.00565685424954
v 0.00831491593271 1.66499999738 0.00344415078871
v 0.00636396091431 1.66499999738 0.00636396091431
v 0.00565685424954 1.66199999875 0.00565685424954
v 0.00306146754883 1.66199999875 0.00739103648812
v 0.00636396091431 1.66499999738 0.00636396091431
v 0.00344415078871 1.66499999738 0.00831491593271
v 0.00306146754883 1.66199999875 0.00739103648812
v 4.89858736898e-19 1.66199999875 0.00800000037998
v 0.00344415078871 1.66499999738 0.00831491593271
v 5.51091040236e-19 1.66499999738 0.00899999961257
v 4.89858736898e-19 1.66199999875 0.00800000037998
v -0.00306146754883 1.66199999875 0.00739103648812
v 5.51091040236e-19 1.66499999738 0.00899999961257
v -0.00344415078871 1.66499999738 0.00831491593271
v -0.00306146754883 1.66199999875 0.00739103648812
v -0.00565685424954 1.66199999875 0.00565685424954
v -0.00344415078871 1.66499999738 0.00831491593271
v -0.00636396091431 1.66499999738 0.00636396091431
v -0.00565685424954 1.66199999875 0.00565685424954
v -0.00739103648812 1.66199999875 0.00306146754883
v -0.00636396091431 1.66499999738 0.00636396091431
v -0.00831491593271 1.66499999738 0.00344415078871
v -0.00739103648812 1.66199999875 0.00306146754883
v -0.00800000037998 1.66199999875 9.79717473796e-19
v -0.00831491593271 1.66499999738 0.00344415078871
v -0.00899999961257 1.66499999738 1.10218208047e-18
v -0.00800000037998 1.66199999875 9.79717473796e-19
v -0.00739103648812 1.66199999875 -0.00306146754883
v -0.00899999961257 1.66499999738 1.10218208047e-18
v -0.00831491593271 1.66499999738 -0.00344415078871
v -0.00739103648812 1.66199999875 -0.00306146754883
v -0.00565685424954 1.66199999875 -0.00565685424954
v -0.00831491593271 1.66499999738 -0.00344415078871
v -0.00636396091431 1.66499999738 -0.00636396091431
v -0.00565685424954 1.66199999875 -0.00565685424954
v -0.00306146754883 1.66199999875 -0.00739103648812
v -0.00636396091431 1.66499999738 -0.00636396091431
v -0.00344415078871 1.66499999738 -0.00831491593271
v -0.00306146754883 1.66199999875 -0.00739103648812
v -1.46957610730e-18 1.66199999875 -0.00800000037998
v -0.00344415078871 1.66499999738 -0.00831491593271
v -1.65327317241e-18 1.66499999738 -0.00899999961257
v -1.46957610730e-18 1.66199999875 -0.00800000037998
v 0.00306146754883 1.66199999875 -0.00739103648812
v -1.65327317241e-18 1.66499999738 -0.00899999961257
v 0.00344415078871 1.66499999738 -0.00831491593271
v 0.00306146754883 1.66199999875 -0.00739103648812
v 0.00565685424954 1.66199999875 -0.00565685424954
v 0.00344415078871 1.66499999738 -0.00831491593271
v 0.00636396091431 1.66499999738 -0.00636396091431
v 0.00565685424954 1.66199999875 -0.00565685424954
v 0.00739103648812 1.66199999875 -0.00306146754883
v 0.00636396091431 1.66499999738 -0.00636396091431
v 0.00831491593271 1.66499999738 -0.00344415078871
v 0.00739103648812 1.66199999875 -0.00306146754883
v 0.00800000037998 1.66199999875 0.00000000000
v 0.00831491593271 1.66499999738 -0.00344415078871
v 0.00899999961257 1.66499999738 0.00000000000
v 0.00899999961257 1.66499999738 0.00000000000
v 0.00831491593271 1.66499999738 0.00344415078871
v 0.00000000000 1.67199999666 0.00000000000
v 0.00831491593271 1.66499999738 0.00344415078871
v 0.00636396091431 1.66499999738 0.00636396091431
v 0.00000000000 1.67199999666 0.00000000000
v 0.00636396091431 1.66499999738 0.00636396091431
v 0.00344415078871 1.66499999738 0.00831491593271
v 0.00000000000 1.67199999666 0.00000000000
v 0.00344415078871 1.66499999738 0.00831491593271
v 5.51091040236e-19 1.66499999738 0.00899999961257
v 0.00000000000 1.67199999666 0.00000000000
v 5.51091040236e-19 1.66499999738 0.00899999961257
v -0.00344415078871 1.66499999738 0.00831491593271
v 0.00000000000 1.67199999666 0.00000000000
v -0.00344415078871 1.66499999738 0.00831491593271
v -0.00636396091431 1.66499999738 0.00636396091431
v 0.00000000000 1.67199999666 0.00000000000
v -0.00636396091431 1.66499999738 0.00636396091431
v -0.00831491593271 1.66499999738 0.00344415078871
v 0.00000000000 1.67199999666 0.00000000000
v -0.00831491593271 1.66499999738 0.00344415078871
v -0.00899999961257 1.66499999738 1.10218208047e-18
v 0.00000000000 1.67199999666 0.00000000000
v -0.00899999961257 1.66499999738 1.10218208047e-18
v -0.00831491593271 1.66499999738 -0.00344415078871
v 0.00000000000 1.67199999666 0.00000000000
v -0.00831491593271 1.66499999738 -0.00344415078871
v -0.00636396091431 1.66499999738 -0.00636396091431
v 0.00000000000 1.67199999666 0.00000000000
v -0.00636396091431 1.66499999738 -0.00636396091431
v -0.00344415078871 1.66499999738 -0.00831491593271
v 0.00000000000 1.67199999666 0.00000000000
v -0.00344415078871 1.66499999738 -0.00831491593271
v -1.65327317241e-18 1.66499999738 -0.00899999961257
v 0.00000000000 1.67199999666 0.00000000000
v -1.65327317241e-18 1.66499999738 -0.00899999961257
v 0.00344415078871 1.66499999738 -0.00831491593271
v 0.00000000000 1.67199999666 0.00000000000
v 0.00344415078871 1.66499999738 -0.00831491593271
v 0.00636396091431 1.66499999738 -0.00636396091431
v 0.00000000000 1.67199999666 0.00000000000
v 0.00636396091431 1.66499999738 -0.00636396091431
v 0.00831491593271 1.66499999738 -0.00344415078871
v 0.00000000000 1.67199999666 0.00000000000
v 0.00831491593271 1.66499999738 -0.00344415078871
v 0.00899999961257 1.66499999738 0.00000000000
v 0.00000000000 1.67199999666 0.00000000000
v 0.00000000000 1.67400000072 0.00000000000
v 0.00582044105977 1.67400000072 0.00241090566851
v 0.00630000000820 1.67400000072 0.00000000000
v 0.00445477291942 1.67400000072 0.00445477291942
v 0.00241090566851 1.67400000072 0.00582044105977
v 3.85763743675e-19 1.67400000072 0.00630000000820
v -0.00241090566851 1.67400000072 0.00582044105977
v -0.00445477291942 1.67400000072 0.00445477291942
v -0.00582044105977 1.67400000072 0.00241090566851
v -0.00630000000820 1.67400000072 7.71527487350e-19
v -0.00582044105977 1.67400000072 -0.00241090566851
v -0.00445477291942 1.67400000072 -0.00445477291942
v -0.00241090566851 1.67400000072 -0.00582044105977
v -1.15729123103e-18 1.67400000072 -0.00630000000820
v 0.00241090566851 1.67400000072 -0.00582044105977
v 0.00445477291942 1.67400000072 -0.00445477291942
v 0.00582044105977 1.67400000072 -0.00241090566851
v 0.00630000000820 1.67400000072 0.00000000000
v 0.00582044105977 1.67400000072 0.00241090566851
v 0.00630000000820 1.67725000358 0.00000000000
v 0.00582044105977 1.67725000358 0.00241090566851
v 0.00582044105977 1.67400000072 0.00241090566851
v 0.00445477291942 1.67400000072 0.00445477291942
v 0.00582044105977 1.67725000358 0.00241090566851
v 0.00445477291942 1.67725000358 0.00445477291942
v 0.00445477291942 1.67400000072 0.00445477291942
v 0.00241090566851 1.67400000072 0.00582044105977
v 0.00445477291942 1.67725000358 0.00445477291942
v 0.00241090566851 1.67725000358 0.00582044105977
v 0.00241090566851 1.67400000072 0.00582044105977
v 3.85763743675e-19 1.67400000072 0.00630000000820
v 0.00241090566851 1.67725000358 0.00582044105977
v 3.85763743675e-19 1.67725000358 0.00630000000820
v 3.85763743675e-19 1.67400000072 0.00630000000820
v -0.00241090566851 1.67400000072 0.00582044105977
v 3.85763743675e-19 1.67725000358 0.00630000000820
v -0.00241090566851 1.67725000358 0.00582044105977
v -0.00241090566851 1.67400000072 0.00582044105977
v -0.00445477291942 1.67400000072 0.00445477291942
v -0.00241090566851 1.67725000358 0.00582044105977
v -0.00445477291942 1.67725000358 0.00445477291942
v -0.00445477291942 1.67400000072 0.00445477291942
v -0.00582044105977 1.67400000072 0.00241090566851
v -0.00445477291942 1.67725000358 0.00445477291942
v -0.00582044105977 1.67725000358 0.00241090566851
v -0.00582044105977 1.67400000072 0.00241090566851
v -0.00630000000820 1.67400000072 7.71527487350e-19
v -0.00582044105977 1.67725000358 0.00241090566851
v -0.00630000000820 1.67725000358 7.71527487350e-19
v -0.00630000000820 1.67400000072 7.71527487350e-19
v -0.00582044105977 1.67400000072 -0.00241090566851
v -0.00630000000820 1.67725000358 7.71527487350e-19
v -0.00582044105977 1.67725000358 -0.00241090566851
v -0.00582044105977 1.67400000072 -0.00241090566851
v -0.00445477291942 1.67400000072 -0.00445477291942
v -0.00582044105977 1.67725000358 -0.00241090566851
v -0.00445477291942 1.67725000358 -0.00445477291942
v -0.00445477291942 1.67400000072 -0.00445477291942
v -0.00241090566851 1.67400000072 -0.00582044105977
v -0.00445477291942 1.67725000358 -0.00445477291942
v -0.00241090566851 1.67725000358 -0.00582044105977
v -0.00241090566851 1.67400000072 -0.00582044105977
v -1.15729123103e-18 1.67400000072 -0.00630000000820
v -0.00241090566851 1.67725000358 -0.00582044105977
v -1.15729123103e-18 1.67725000358 -0.00630000000820
v -1.15729123103e-18 1.67400000072 -0.00630000000820
v 0.00241090566851 1.67400000072 -0.00582044105977
v -1.15729123103e-18 1.67725000358 -0.00630000000820
v 0.00241090566851 1.67725000358 -0.00582044105977
v 0.00241090566851 1.67400000072 -0.00582044105977
v 0.00445477291942 1.67400000072 -0.00445477291942
v 0.00241090566851 1.67725000358 -0.00582044105977
v 0.00445477291942 1.67725000358 -0.00445477291942
v 0.00445477291942 1.67400000072 -0.00445477291942
v 0.00582044105977 1.67400000072 -0.00241090566851
v 0.00445477291942 1.67725000358 -0.00445477291942
v 0.00582044105977 1.67725000358 -0.00241090566851
v 0.00582044105977 1.67400000072 -0.00241090566851
v 0.00630000000820 1.67400000072 0.00000000000
v 0.00582044105977 1.67725000358 -0.00241090566851
v 0.00630000000820 1.67725000358 0.00000000000
v 0.00630000000820 1.67725000358 0.00000000000
v 0.00582044105977 1.67725000358 0.00241090566851
v 0.00680000009015 1.67800000137 0.00000000000
v 0.00628238078207 1.67800000137 0.00260224728845
v 0.00582044105977 1.67725000358 0.00241090566851
v 0.00445477291942 1.67725000358 0.00445477291942
v 0.00628238078207 1.67800000137 0.00260224728845
v 0.00480832625180 1.67800000137 0.00480832625180
v 0.00445477291942 1.67725000358 0.00445477291942
v 0.00241090566851 1.67725000358 0.00582044105977
v 0.00480832625180 1.67800000137 0.00480832625180
v 0.00260224728845 1.67800000137 0.00628238078207
v 0.00241090566851 1.67725000358 0.00582044105977
v 3.85763743675e-19 1.67725000358 0.00630000000820
v 0.00260224728845 1.67800000137 0.00628238078207
v 4.16379921194e-19 1.67800000137 0.00680000009015
v 3.85763743675e-19 1.67725000358 0.00630000000820
v -0.00241090566851 1.67725000358 0.00582044105977
v 4.16379921194e-19 1.67800000137 0.00680000009015
v -0.00260224728845 1.67800000137 0.00628238078207
v -0.00241090566851 1.67725000358 0.00582044105977
v -0.00445477291942 1.67725000358 0.00445477291942
v -0.00260224728845 1.67800000137 0.00628238078207
v -0.00480832625180 1.67800000137 0.00480832625180
v -0.00445477291942 1.67725000358 0.00445477291942
v -0.00582044105977 1.67725000358 0.00241090566851
v -0.00480832625180 1.67800000137 0.00480832625180
v -0.00628238078207 1.67800000137 0.00260224728845
v -0.00582044105977 1.67725000358 0.00241090566851
v -0.00630000000820 1.67725000358 7.71527487350e-19
v -0.00628238078207 1.67800000137 0.00260224728845
v -0.00680000009015 1.67800000137 8.32759842387e-19
v -0.00630000000820 1.67725000358 7.71527487350e-19
v -0.00582044105977 1.67725000358 -0.00241090566851
v -0.00680000009015 1.67800000137 8.32759842387e-19
v -0.00628238078207 1.67800000137 -0.00260224728845
v -0.00582044105977 1.67725000358 -0.00241090566851
v -0.00445477291942 1.67725000358 -0.00445477291942
v -0.00628238078207 1.67800000137 -0.00260224728845
v -0.00480832625180 1.67800000137 -0.00480832625180
v -0.00445477291942 1.67725000358 -0.00445477291942
v -0.00241090566851 1.67725000358 -0.00582044105977
v -0.00480832625180 1.67800000137 -0.00480832625180
v -0.00260224728845 1.67800000137 -0.00628238078207
v -0.00241090566851 1.67725000358 -0.00582044105977
v -1.15729123103e-18 1.67725000358 -0.00630000000820
v -0.00260224728845 1.67800000137 -0.00628238078207
v -1.24913971188e-18 1.67800000137 -0.00680000009015
v -1.15729123103e-18 1.67725000358 -0.00630000000820
v 0.00241090566851 1.67725000358 -0.00582044105977
v -1.24913971188e-18 1.67800000137 -0.00680000009015
v 0.00260224728845 1.67800000137 -0.00628238078207
v 0.00241090566851 1.67725000358 -0.00582044105977
v 0.00445477291942 1.67725000358 -0.00445477291942
v 0.00260224728845 1.67800000137 -0.00628238078207
v 0.00480832625180 1.67800000137 -0.00480832625180
v 0.00445477291942 1.67725000358 -0.00445477291942
v 0.00582044105977 1.67725000358 -0.00241090566851
v 0.00480832625180 1.67800000137 -0.00480832625180
v 0.00628238078207 1.67800000137 -0.00260224728845
v 0.00582044105977 1.67725000358 -0.00241090566851
v 0.00630000000820 1.67725000358 0.00000000000
v 0.00628238078207 1.67800000137 -0.00260224728845
v 0.00680000009015 1.67800000137 0.00000000000
vt 0 0
vt 0.0625 0
vt 0 0.0555555559694767
vt 0.0625 0.0555555559694767
vt 0.125 0
vt 0.125 0.0555555559694767
vt 0.1875 0
vt 0.1875 0.0555555559694767
vt 0.25 0
vt 0.25 0.0555555559694767
vt 0.3125 0
vt 0.3125 0.0555555559694767
vt 0.375 0
vt 0.375 0.0555555559694767
vt 0.4375 0
vt 0.4375 0.0555555559694767
vt 0.5 0
vt 0.5 0.0555555559694767
vt 0.5625 0
vt 0.5625 0.0555555559694767
vt 0.625 0
vt 0.625 0.0555555559694767
vt 0.6875 0
vt 0.6875 0.0555555559694767
vt 0.75 0
vt 0.75 0.0555555559694767
vt 0.8125 0
vt 0.8125 0.0555555559694767
vt 0.875 0
vt 0.875 0.0555555559694767
vt 0.9375 0
vt 0.9375 0.0555555559694767
vt 0 0.0555555559694767
vt 0.0625 0.0555555559694767
vt 0 0.1111111119389534
vt 0.0625 0.1111111119389534
vt 0.0625 0.0555555559694767
vt 0.125 0.0555555559694767
vt 0.0625 0.1111111119389534
vt 0.125 0.1111111119389534
vt 0.125 0.0555555559694767
vt 0.1875 0.0555555559694767
vt 0.125 0.1111111119389534
vt 0.1875 0.1111111119389534
vt 0.1875 0.0555555559694767
vt 0.25 0.0555555559694767
vt 0.1875 0.1111111119389534
vt 0.25 0.1111111119389534
vt 0.25 0.0555555559694767
vt 0.3125 0.0555555559694767
vt 0.25 0.1111111119389534
vt 0.3125 0.1111111119389534
vt 0.3125 0.0555555559694767
vt 0.375 0.0555555559694767
vt 0.3125 0.1111111119389534
vt 0.375 0.1111111119389534
vt 0.375 0.0555555559694767
vt 0.4375 0.0555555559694767
vt 0.375 0.1111111119389534
vt 0.4375 0.1111111119389534
vt 0.4375 0.0555555559694767
vt 0.5 0.0555555559694767
vt 0.4375 0.1111111119389534
vt 0.5 0.1111111119389534
vt 0.5 0.0555555559694767
vt 0.5625 0.0555555559694767
vt 0.5 0.1111111119389534
vt 0.5625 0.1111111119389534
vt 0.5625 0.0555555559694767
vt 0.625 0.0555555559694767
vt 0.5625 0.1111111119389534
vt 0.625 0.1111111119389534
vt 0.625 0.0555555559694767
vt 0.6875 0.0555555559694767
vt 0.625 0.1111111119389534
vt 0.6875 0.1111111119389534
vt 0.6875 0.0555555559694767
vt 0.75 0.0555555559694767
vt 0.6875 0.1111111119389534
vt 0.75 0.1111111119389534
vt 0.75 0.0555555559694767
vt 0.8125 0.0555555559694767
vt 0.75 0.1111111119389534
vt 0.8125 0.1111111119389534
vt 0.8125 0.0555555559694767
vt 0.875 0.0555555559694767
vt 0.8125 0.1111111119389534
vt 0.875 0.1111111119389534
vt 0.875 0.0555555559694767
vt 0.9375 0.0555555559694767
vt 0.875 0.1111111119389534
vt 0.9375 0.1111111119389534
vt 0.9375 0.0555555559694767
vt 0 0.0555555559694767
vt 0.9375 0.1111111119389534
vt 0 0.1111111119389534
vt 0 0.1111111119389534
vt 0.0625 0.1111111119389534
vt 0 0.1666666716337204
vt 0.0625 0.1666666716337204
vt 0.0625 0.1111111119389534
vt 0.125 0.1111111119389534
vt 0.0625 0.1666666716337204
vt 0.125 0.1666666716337204
vt 0.125 0.1111111119389534
vt 0.1875 0.1111111119389534
vt 0.125 0.1666666716337204
vt 0.1875 0.1666666716337204
vt 0.1875 0.1111111119389534
vt 0.25 0.1111111119389534
vt 0.1875 0.1666666716337204
vt 0.25 0.1666666716337204
vt 0.25 0.1111111119389534
vt 0.3125 0.1111111119389534
vt 0.3125 0.1666666716337204
vt 0.3125 0.1111111119389534
vt 0.375 0.1111111119389534
vt 0.3125 0.1666666716337204
vt 0.375 0.1666666716337204
vt 0.375 0.1111111119389534
vt 0.4375 0.1111111119389534
vt 0.375 0.1666666716337204
vt 0.4375 0.1666666716337204
vt 0.4375 0.1111111119389534
vt 0.5 0.1111111119389534
vt 0.4375 0.1666666716337204
vt 0.5 0.1666666716337204
vt 0.5 0.1111111119389534
vt 0.5625 0.1111111119389534
vt 0.5625 0.1666666716337204
vt 0.5625 0.1111111119389534
vt 0.625 0.1111111119389534
vt 0.5625 0.1666666716337204
vt 0.625 0.1666666716337204
vt 0.625 0.1111111119389534
vt 0.6875 0.1111111119389534
vt 0.625 0.1666666716337204
vt 0.6875 0.1666666716337204
vt 0.6875 0.1111111119389534
vt 0.75 0.1111111119389534
vt 0.6875 0.1666666716337204
vt 0.75 0.1666666716337204
vt 0.75 0.1111111119389534
vt 0.8125 0.1111111119389534
vt 0.8125 0.1666666716337204
vt 0.8125 0.1111111119389534
vt 0.875 0.1111111119389534
vt 0.8125 0.1666666716337204
vt 0.875 0.1666666716337204
vt 0.875 0.1111111119389534
vt 0.9375 0.1111111119389534
vt 0.875 0.1666666716337204
vt 0.9375 0.1666666716337204
vt 0.9375 0.1111111119389534
vt 0 0.1111111119389534
vt 0.9375 0.1666666716337204
vt 0 0.1666666716337204
vt 0.0625 0.1666666716337204
vt 0 0.2222222238779068
vt 0.0625 0.2222222238779068
vt 0.0625 0.1666666716337204
vt 0.125 0.1666666716337204
vt 0.0625 0.2222222238779068
vt 0.125 0.2222222238779068
vt 0.125 0.1666666716337204
vt 0.1875 0.1666666716337204
vt 0.125 0.2222222238779068
vt 0.1875 0.2222222238779068
vt 0.1875 0.1666666716337204
vt 0.25 0.1666666716337204
vt 0.1875 0.2222222238779068
vt 0.25 0.2222222238779068
vt 0.25 0.1666666716337204
vt 0.3125 0.1666666716337204
vt 0.25 0.2222222238779068
vt 0.3125 0.2222222238779068
vt 0.3125 0.1666666716337204
vt 0.375 0.1666666716337204
vt 0.3125 0.2222222238779068
vt 0.375 0.2222222238779068
vt 0.375 0.1666666716337204
vt 0.4375 0.1666666716337204
vt 0.375 0.2222222238779068
vt 0.4375 0.2222222238779068
vt 0.4375 0.1666666716337204
vt 0.5 0.1666666716337204
vt 0.4375 0.2222222238779068
vt 0.5 0.2222222238779068
vt 0.5 0.1666666716337204
vt 0.5625 0.1666666716337204
vt 0.5 0.2222222238779068
vt 0.5625 0.2222222238779068
vt 0.5625 0.1666666716337204
vt 0.625 0.1666666716337204
vt 0.5625 0.2222222238779068
vt 0.625 0.2222222238779068
vt 0.625 0.1666666716337204
vt 0.6875 0.1666666716337204
vt 0.625 0.2222222238779068
vt 0.6875 0.2222222238779068
vt 0.6875 0.1666666716337204
vt 0.75 0.1666666716337204
vt 0.6875 0.2222222238779068
vt 0.75 0.2222222238779068
vt 0.75 0.1666666716337204
vt 0.8125 0.1666666716337204
vt 0.75 0.2222222238779068
vt 0.8125 0.2222222238779068
vt 0.8125 0.1666666716337204
vt 0.875 0.1666666716337204
vt 0.8125 0.2222222238779068
vt 0.875 0.2222222238779068
vt 0.875 0.1666666716337204
vt 0.9375 0.1666666716337204
vt 0.875 0.2222222238779068
vt 0.9375 0.2222222238779068
vt 0.9375 0.1666666716337204
vt 0 0.1666666716337204
vt 0.9375 0.2222222238779068
vt 0 0.2222222238779068
vt 0 0.2222222238779068
vt 0.0625 0.2222222238779068
vt 0 0.2777777910232544
vt 0.0625 0.2777777910232544
vt 0.0625 0.2222222238779068
vt 0.125 0.2222222238779068
vt 0.0625 0.2777777910232544
vt 0.125 0.2777777910232544
vt 0.125 0.2222222238779068
vt 0.1875 0.2222222238779068
vt 0.125 0.2777777910232544
vt 0.1875 0.2777777910232544
vt 0.1875 0.2222222238779068
vt 0.25 0.2222222238779068
vt 0.1875 0.2777777910232544
vt 0.25 0.2777777910232544
vt 0.25 0.2222222238779068
vt 0.3125 0.2222222238779068
vt 0.25 0.2777777910232544
vt 0.3125 0.2777777910232544
vt 0.3125 0.2222222238779068
vt 0.375 0.2222222238779068
vt 0.3125 0.2777777910232544
vt 0.375 0.2777777910232544
vt 0.375 0.2222222238779068
vt 0.4375 0.2222222238779068
vt 0.375 0.2777777910232544
vt 0.4375 0.2777777910232544
vt 0.4375 0.2222222238779068
vt 0.5 0.2222222238779068
vt 0.4375 0.2777777910232544
vt 0.5 0.2777777910232544
vt 0.5 0.2222222238779068
vt 0.5625 0.2222222238779068
vt 0.5 0.2777777910232544
vt 0.5625 0.2777777910232544
vt 0.5625 0.2222222238779068
vt 0.625 0.2222222238779068
vt 0.5625 0.2777777910232544
vt 0.625 0.2777777910232544
vt 0.625 0.2222222238779068
vt 0.6875 0.2222222238779068
vt 0.625 0.2777777910232544
vt 0.6875 0.2777777910232544
vt 0.6875 0.2222222238779068
vt 0.75 0.2222222238779068
vt 0.6875 0.2777777910232544
vt 0.75 0.2777777910232544
vt 0.75 0.2222222238779068
vt 0.8125 0.2222222238779068
vt 0.75 0.2777777910232544
vt 0.8125 0.2777777910232544
vt 0.8125 0.2222222238779068
vt 0.875 0.2222222238779068
vt 0.8125 0.2777777910232544
vt 0.875 0.2777777910232544
vt 0.875 0.2222222238779068
vt 0.9375 0.2222222238779068
vt 0.875 0.2777777910232544
vt 0.9375 0.2777777910232544
vt 0.9375 0.2222222238779068
vt 0 0.2222222238779068
vt 0.9375 0.2777777910232544
vt 0 0.2777777910232544
vt 0 0.2777777910232544
vt 0.0625 0.2777777910232544
vt 0 0.3333333432674408
vt 0.0625 0.3333333432674408
vt 0.0625 0.2777777910232544
vt 0.125 0.2777777910232544
vt 0.0625 0.3333333432674408
vt 0.125 0.3333333432674408
vt 0.125 0.2777777910232544
vt 0.1875 0.2777777910232544
vt 0.125 0.3333333432674408
vt 0.1875 0.3333333432674408
vt 0.1875 0.2777777910232544
vt 0.25 0.2777777910232544
vt 0.1875 0.3333333432674408
vt 0.25 0.3333333432674408
vt 0.25 0.2777777910232544
vt 0.3125 0.2777777910232544
vt 0.25 0.3333333432674408
vt 0.3125 0.3333333432674408
vt 0.3125 0.2777777910232544
vt 0.375 0.2777777910232544
vt 0.3125 0.3333333432674408
vt 0.375 0.3333333432674408
vt 0.375 0.2777777910232544
vt 0.4375 0.2777777910232544
vt 0.375 0.3333333432674408
vt 0.4375 0.3333333432674408
vt 0.4375 0.2777777910232544
vt 0.5 0.2777777910232544
vt 0.4375 0.3333333432674408
vt 0.5 0.3333333432674408
vt 0.5 0.2777777910232544
vt 0.5625 0.2777777910232544
vt 0.5 0.3333333432674408
vt 0.5625 0.3333333432674408
vt 0.5625 0.2777777910232544
vt 0.625 0.2777777910232544
vt 0.5625 0.3333333432674408
vt 0.625 0.3333333432674408
vt 0.625 0.2777777910232544
vt 0.6875 0.2777777910232544
vt 0.625 0.3333333432674408
vt 0.6875 0.3333333432674408
vt 0.6875 0.2777777910232544
vt 0.75 0.2777777910232544
vt 0.6875 0.3333333432674408
vt 0.75 0.3333333432674408
vt 0.75 0.2777777910232544
vt 0.8125 0.2777777910232544
vt 0.75 0.3333333432674408
vt 0.8125 0.3333333432674408
vt 0.8125 0.2777777910232544
vt 0.875 0.2777777910232544
vt 0.8125 0.3333333432674408
vt 0.875 0.3333333432674408
vt 0.875 0.2777777910232544
vt 0.9375 0.2777777910232544
vt 0.875 0.3333333432674408
vt 0.9375 0.3333333432674408
vt 0.9375 0.2777777910232544
vt 0 0.2777777910232544
vt 0.9375 0.3333333432674408
vt 0 0.3333333432674408
vt 0 0.3333333432674408
vt 0.0625 0.3333333432674408
vt 0 0.3888888955116272
vt 0.0625 0.3888888955116272
vt 0.0625 0.3333333432674408
vt 0.125 0.3333333432674408
vt 0.125 0.3888888955116272
vt 0.125 0.3333333432674408
vt 0.1875 0.3333333432674408
vt 0.1875 0.3888888955116272
vt 0.1875 0.3333333432674408
vt 0.25 0.3333333432674408
vt 0.25 0.3888888955116272
vt 0.25 0.3333333432674408
vt 0.3125 0.3333333432674408
vt 0.3125 0.3888888955116272
vt 0.3125 0.3333333432674408
vt 0.375 0.3333333432674408
vt 0.375 0.3888888955116272
vt 0.375 0.3333333432674408
vt 0.4375 0.3333333432674408
vt 0.4375 0.3888888955116272
vt 0.4375 0.3333333432674408
vt 0.5 0.3333333432674408
vt 0.5 0.3888888955116272
vt 0.5 0.3333333432674408
vt 0.5625 0.3333333432674408
vt 0.5625 0.3888888955116272
vt 0.5625 0.3333333432674408
vt 0.625 0.3333333432674408
vt 0.625 0.3888888955116272
vt 0.625 0.3333333432674408
vt 0.6875 0.3333333432674408
vt 0.6875 0.3888888955116272
vt 0.6875 0.3333333432674408
vt 0.75 0.3333333432674408
vt 0.75 0.3888888955116272
vt 0.75 0.3333333432674408
vt 0.8125 0.3333333432674408
vt 0.8125 0.3888888955116272
vt 0.8125 0.3333333432674408
vt 0.875 0.3333333432674408
vt 0.875 0.3888888955116272
vt 0.875 0.3333333432674408
vt 0.9375 0.3333333432674408
vt 0.9375 0.3888888955116272
vt 0.9375 0.3333333432674408
vt 0 0.3333333432674408
vt 0 0.3888888955116272
vt 0.0625 0.3888888955116272
vt 0 0.4444444477558136
vt 0.0625 0.4444444477558136
vt 0.0625 0.3888888955116272
vt 0.125 0.3888888955116272
vt 0.0625 0.4444444477558136
vt 0.125 0.4444444477558136
vt 0.125 0.3888888955116272
vt 0.1875 0.3888888955116272
vt 0.125 0.4444444477558136
vt 0.1875 0.4444444477558136
vt 0.1875 0.3888888955116272
vt 0.25 0.3888888955116272
vt 0.1875 0.4444444477558136
vt 0.25 0.4444444477558136
vt 0.25 0.3888888955116272
vt 0.3125 0.3888888955116272
vt 0.25 0.4444444477558136
vt 0.3125 0.4444444477558136
vt 0.3125 0.3888888955116272
vt 0.375 0.3888888955116272
vt 0.3125 0.4444444477558136
vt 0.375 0.4444444477558136
vt 0.375 0.3888888955116272
vt 0.4375 0.3888888955116272
vt 0.375 0.4444444477558136
vt 0.4375 0.4444444477558136
vt 0.4375 0.3888888955116272
vt 0.5 0.3888888955116272
vt 0.4375 0.4444444477558136
vt 0.5 0.4444444477558136
vt 0.5 0.3888888955116272
vt 0.5625 0.3888888955116272
vt 0.5 0.4444444477558136
vt 0.5625 0.4444444477558136
vt 0.5625 0.3888888955116272
vt 0.625 0.3888888955116272
vt 0.5625 0.4444444477558136
vt 0.625 0.4444444477558136
vt 0.625 0.3888888955116272
vt 0.6875 0.3888888955116272
vt 0.625 0.4444444477558136
vt 0.6875 0.4444444477558136
vt 0.6875 0.3888888955116272
vt 0.75 0.3888888955116272
vt 0.6875 0.4444444477558136
vt 0.75 0.4444444477558136
vt 0.75 0.3888888955116272
vt 0.8125 0.3888888955116272
vt 0.75 0.4444444477558136
vt 0.8125 0.4444444477558136
vt 0.8125 0.3888888955116272
vt 0.875 0.3888888955116272
vt 0.8125 0.4444444477558136
vt 0.875 0.4444444477558136
vt 0.875 0.3888888955116272
vt 0.9375 0.3888888955116272
vt 0.875 0.4444444477558136
vt 0.9375 0.4444444477558136
vt 0.9375 0.3888888955116272
vt 0 0.3888888955116272
vt 0.9375 0.4444444477558136
vt 0 0.4444444477558136
vt 0 0.4444444477558136
vt 0.0625 0.4444444477558136
vt 0 0.5
vt 0.0625 0.5
vt 0.0625 0.4444444477558136
vt 0.125 0.4444444477558136
vt 0.0625 0.5
vt 0.125 0.5
vt 0.125 0.4444444477558136
vt 0.1875 0.4444444477558136
vt 0.125 0.5
vt 0.1875 0.5
vt 0.1875 0.4444444477558136
vt 0.25 0.4444444477558136
vt 0.1875 0.5
vt 0.25 0.5
vt 0.25 0.4444444477558136
vt 0.3125 0.4444444477558136
vt 0.25 0.5
vt 0.3125 0.5
vt 0.3125 0.4444444477558136
vt 0.375 0.4444444477558136
vt 0.3125 0.5
vt 0.375 0.5
vt 0.375 0.4444444477558136
vt 0.4375 0.4444444477558136
vt 0.375 0.5
vt 0.4375 0.5
vt 0.4375 0.4444444477558136
vt 0.5 0.4444444477558136
vt 0.4375 0.5
vt 0.5 0.5
vt 0.5 0.4444444477558136
vt 0.5625 0.4444444477558136
vt 0.5 0.5
vt 0.5625 0.5
vt 0.5625 0.4444444477558136
vt 0.625 0.4444444477558136
vt 0.5625 0.5
vt 0.625 0.5
vt 0.625 0.4444444477558136
vt 0.6875 0.4444444477558136
vt 0.625 0.5
vt 0.6875 0.5
vt 0.6875 0.4444444477558136
vt 0.75 0.4444444477558136
vt 0.6875 0.5
vt 0.75 0.5
vt 0.75 0.4444444477558136
vt 0.8125 0.4444444477558136
vt 0.75 0.5
vt 0.8125 0.5
vt 0.8125 0.4444444477558136
vt 0.875 0.4444444477558136
vt 0.8125 0.5
vt 0.875 0.5
vt 0.875 0.4444444477558136
vt 0.9375 0.4444444477558136
vt 0.875 0.5
vt 0.9375 0.5
vt 0.9375 0.4444444477558136
vt 0 0.4444444477558136
vt 0.9375 0.5
vt 0 0.5
vt 0 0.5
vt 0.0625 0.5
vt 0 0.5555555820465088
vt 0.0625 0.5555555820465088
vt 0.125 0.5
vt 0.125 0.5555555820465088
vt 0.1875 0.5
vt 0.1875 0.5555555820465088
vt 0.25 0.5
vt 0.25 0.5555555820465088
vt 0.3125 0.5
vt 0.3125 0.5555555820465088
vt 0.375 0.5
vt 0.375 0.5555555820465088
vt 0.4375 0.5
vt 0.4375 0.5555555820465088
vt 0.5 0.5
vt 0.5 0.5555555820465088
vt 0.5625 0.5
vt 0.5625 0.5555555820465088
vt 0.625 0.5
vt 0.625 0.5555555820465088
vt 0.6875 0.5
vt 0.6875 0.5555555820465088
vt 0.75 0.5
vt 0.75 0.5555555820465088
vt 0.8125 0.5
vt 0.8125 0.5555555820465088
vt 0.875 0.5
vt 0.875 0.5555555820465088
vt 0.9375 0.5
vt 0.9375 0.5555555820465088
vt 0 0.6111111044883728
vt 0.0625 0.6111111044883728
vt 0.125 0.5555555820465088
vt 0.125 0.6111111044883728
vt 0.125 0.5555555820465088
vt 0.125 0.6111111044883728
vt 0.1875 0.6111111044883728
vt 0.25 0.6111111044883728
vt 0.3125 0.6111111044883728
vt 0.375 0.5555555820465088
vt 0.375 0.6111111044883728
vt 0.375 0.5555555820465088
vt 0.375 0.6111111044883728
vt 0.4375 0.6111111044883728
vt 0.5 0.6111111044883728
vt 0.5625 0.6111111044883728
vt 0.625 0.5555555820465088
vt 0.625 0.6111111044883728
vt 0.625 0.5555555820465088
vt 0.625 0.6111111044883728
vt 0.6875 0.6111111044883728
vt 0.75 0.6111111044883728
vt 0.8125 0.6111111044883728
vt 0.875 0.5555555820465088
vt 0.875 0.6111111044883728
vt 0.875 0.5555555820465088
vt 0.875 0.6111111044883728
vt 0.9375 0.6111111044883728
vt 0 0.6111111044883728
vt 0.0625 0.6111111044883728
vt 0 0.6666666865348816
vt 0.0625 0.6666666865348816
vt 0.0625 0.6111111044883728
vt 0.125 0.6111111044883728
vt 0.0625 0.6666666865348816
vt 0.125 0.6666666865348816
vt 0.125 0.6111111044883728
vt 0.1875 0.6111111044883728
vt 0.125 0.6666666865348816
vt 0.1875 0.6666666865348816
vt 0.1875 0.6111111044883728
vt 0.25 0.6111111044883728
vt 0.1875 0.6666666865348816
vt 0.25 0.6666666865348816
vt 0.25 0.6111111044883728
vt 0.3125 0.6111111044883728
vt 0.3125 0.6666666865348816
vt 0.3125 0.6111111044883728
vt 0.375 0.6111111044883728
vt 0.3125 0.6666666865348816
vt 0.375 0.6666666865348816
vt 0.375 0.6111111044883728
vt 0.4375 0.6111111044883728
vt 0.375 0.6666666865348816
vt 0.4375 0.6666666865348816
vt 0.4375 0.6111111044883728
vt 0.5 0.6111111044883728
vt 0.4375 0.6666666865348816
vt 0.5 0.6666666865348816
vt 0.5 0.6111111044883728
vt 0.5625 0.6111111044883728
vt 0.5625 0.6666666865348816
vt 0.5625 0.6111111044883728
vt 0.625 0.6111111044883728
vt 0.5625 0.6666666865348816
vt 0.625 0.6666666865348816
vt 0.625 0.6111111044883728
vt 0.6875 0.6111111044883728
vt 0.625 0.6666666865348816
vt 0.6875 0.6666666865348816
vt 0.6875 0.6111111044883728
vt 0.75 0.6111111044883728
vt 0.6875 0.6666666865348816
vt 0.75 0.6666666865348816
vt 0.75 0.6111111044883728
vt 0.8125 0.6111111044883728
vt 0.8125 0.6666666865348816
vt 0.8125 0.6111111044883728
vt 0.875 0.6111111044883728
vt 0.8125 0.6666666865348816
vt 0.875 0.6666666865348816
vt 0.875 0.6111111044883728
vt 0.9375 0.6111111044883728
vt 0.875 0.6666666865348816
vt 0.9375 0.6666666865348816
vt 0.9375 0.6111111044883728
vt 0 0.6111111044883728
vt 0.9375 0.6666666865348816
vt 0 0.6666666865348816
vt 0.0625 0.6666666865348816
vt 0 0.7222222089767456
vt 0.0625 0.7222222089767456
vt 0.125 0.6666666865348816
vt 0.125 0.7222222089767456
vt 0.1875 0.6666666865348816
vt 0.1875 0.7222222089767456
vt 0.25 0.6666666865348816
vt 0.25 0.7222222089767456
vt 0.3125 0.6666666865348816
vt 0.3125 0.7222222089767456
vt 0.375 0.6666666865348816
vt 0.375 0.7222222089767456
vt 0.4375 0.6666666865348816
vt 0.4375 0.7222222089767456
vt 0.5 0.6666666865348816
vt 0.5 0.7222222089767456
vt 0.5625 0.6666666865348816
vt 0.5625 0.7222222089767456
vt 0.625 0.6666666865348816
vt 0.625 0.7222222089767456
vt 0.6875 0.6666666865348816
vt 0.6875 0.7222222089767456
vt 0.75 0.6666666865348816
vt 0.75 0.7222222089767456
vt 0.8125 0.6666666865348816
vt 0.8125 0.7222222089767456
vt 0.875 0.6666666865348816
vt 0.875 0.7222222089767456
vt 0.9375 0.6666666865348816
vt 0.9375 0.7222222089767456
vt 0 0.7222222089767456
vt 0.0625 0.7222222089767456
vt 0 0.7777777910232544
vt 0.0625 0.7777777910232544
vt 0.0625 0.7222222089767456
vt 0.125 0.7222222089767456
vt 0.0625 0.7777777910232544
vt 0.125 0.7777777910232544
vt 0.125 0.7222222089767456
vt 0.1875 0.7222222089767456
vt 0.125 0.7777777910232544
vt 0.1875 0.7777777910232544
vt 0.1875 0.7222222089767456
vt 0.25 0.7222222089767456
vt 0.1875 0.7777777910232544
vt 0.25 0.7777777910232544
vt 0.25 0.7222222089767456
vt 0.3125 0.7222222089767456
vt 0.25 0.7777777910232544
vt 0.3125 0.7777777910232544
vt 0.3125 0.7222222089767456
vt 0.375 0.7222222089767456
vt 0.3125 0.7777777910232544
vt 0.375 0.7777777910232544
vt 0.375 0.7222222089767456
vt 0.4375 0.7222222089767456
vt 0.375 0.7777777910232544
vt 0.4375 0.7777777910232544
vt 0.4375 0.7222222089767456
vt 0.5 0.7222222089767456
vt 0.4375 0.7777777910232544
vt 0.5 0.7777777910232544
vt 0.5 0.7222222089767456
vt 0.5625 0.7222222089767456
vt 0.5 0.7777777910232544
vt 0.5625 0.7777777910232544
vt 0.5625 0.7222222089767456
vt 0.625 0.7222222089767456
vt 0.5625 0.7777777910232544
vt 0.625 0.7777777910232544
vt 0.625 0.7222222089767456
vt 0.6875 0.7222222089767456
vt 0.625 0.7777777910232544
vt 0.6875 0.7777777910232544
vt 0.6875 0.7222222089767456
vt 0.75 0.7222222089767456
vt 0.6875 0.7777777910232544
vt 0.75 0.7777777910232544
vt 0.75 0.7222222089767456
vt 0.8125 0.7222222089767456
vt 0.75 0.7777777910232544
vt 0.8125 0.7777777910232544
vt 0.8125 0.7222222089767456
vt 0.875 0.7222222089767456
vt 0.8125 0.7777777910232544
vt 0.875 0.7777777910232544
vt 0.875 0.7222222089767456
vt 0.9375 0.7222222089767456
vt 0.875 0.7777777910232544
vt 0.9375 0.7777777910232544
vt 0.9375 0.7222222089767456
vt 0 0.7222222089767456
vt 0.9375 0.7777777910232544
vt 0 0.7777777910232544
vt 0 0.7777777910232544
vt 0.0625 0.7777777910232544
vt 0 0.8333333134651184
vt 0.0625 0.7777777910232544
vt 0.125 0.7777777910232544
vt 0 0.8333333134651184
vt 0.125 0.7777777910232544
vt 0.1875 0.7777777910232544
vt 0 0.8333333134651184
vt 0.1875 0.7777777910232544
vt 0.25 0.7777777910232544
vt 0 0.8333333134651184
vt 0.25 0.7777777910232544
vt 0.3125 0.7777777910232544
vt 0 0.8333333134651184
vt 0.3125 0.7777777910232544
vt 0.375 0.7777777910232544
vt 0 0.8333333134651184
vt 0.375 0.7777777910232544
vt 0.4375 0.7777777910232544
vt 0 0.8333333134651184
vt 0.4375 0.7777777910232544
vt 0.5 0.7777777910232544
vt 0 0.8333333134651184
vt 0.5 0.7777777910232544
vt 0.5625 0.7777777910232544
vt 0 0.8333333134651184
vt 0.5625 0.7777777910232544
vt 0.625 0.7777777910232544
vt 0 0.8333333134651184
vt 0.625 0.7777777910232544
vt 0.6875 0.7777777910232544
vt 0 0.8333333134651184
vt 0.6875 0.7777777910232544
vt 0.75 0.7777777910232544
vt 0 0.8333333134651184
vt 0.75 0.7777777910232544
vt 0.8125 0.7777777910232544
vt 0 0.8333333134651184
vt 0.8125 0.7777777910232544
vt 0.875 0.7777777910232544
vt 0 0.8333333134651184
vt 0.875 0.7777777910232544
vt 0.9375 0.7777777910232544
vt 0 0.8333333134651184
vt 0.9375 0.7777777910232544
vt 0 0.7777777910232544
vt 0 0.8333333134651184
vt 0 0.8888888955116272
vt 0.0625 0.9444444179534912
vt 0 0.9444444179534912
vt 0.125 0.9444444179534912
vt 0.1875 0.9444444179534912
vt 0.25 0.9444444179534912
vt 0.3125 0.9444444179534912
vt 0.375 0.9444444179534912
vt 0.4375 0.9444444179534912
vt 0.5 0.9444444179534912
vt 0.5625 0.9444444179534912
vt 0.625 0.9444444179534912
vt 0.6875 0.9444444179534912
vt 0.75 0.9444444179534912
vt 0.8125 0.9444444179534912
vt 0.875 0.9444444179534912
vt 0.9375 0.9444444179534912
vt 0 0.9444444179534912
vt 0.0625 0.9444444179534912
vt 0 1
vt 0.0625 1
vt 0.0625 0.9444444179534912
vt 0.125 0.9444444179534912
vt 0.0625 1
vt 0.125 1
vt 0.125 0.9444444179534912
vt 0.1875 0.9444444179534912
vt 0.125 1
vt 0.1875 1
vt 0.1875 0.9444444179534912
vt 0.25 0.9444444179534912
vt 0.1875 1
vt 0.25 1
vt 0.25 0.9444444179534912
vt 0.3125 0.9444444179534912
vt 0.25 1
vt 0.3125 1
vt 0.3125 0.9444444179534912
vt 0.375 0.9444444179534912
vt 0.3125 1
vt 0.375 1
vt 0.375 0.9444444179534912
vt 0.4375 0.9444444179534912
vt 0.375 1
vt 0.4375 1
vt 0.4375 0.9444444179534912
vt 0.5 0.9444444179534912
vt 0.4375 1
vt 0.5 1
vt 0.5 0.9444444179534912
vt 0.5625 0.9444444179534912
vt 0.5 1
vt 0.5625 1
vt 0.5625 0.9444444179534912
vt 0.625 0.9444444179534912
vt 0.5625 1
vt 0.625 1
vt 0.625 0.9444444179534912
vt 0.6875 0.9444444179534912
vt 0.625 1
vt 0.6875 1
vt 0.6875 0.9444444179534912
vt 0.75 0.9444444179534912
vt 0.6875 1
vt 0.75 1
vt 0.75 0.9444444179534912
vt 0.8125 0.9444444179534912
vt 0.75 1
vt 0.8125 1
vt 0.8125 0.9444444179534912
vt 0.875 0.9444444179534912
vt 0.8125 1
vt 0.875 1
vt 0.875 0.9444444179534912
vt 0.9375 0.9444444179534912
vt 0.875 1
vt 0.9375 1
vt 0.9375 0.9444444179534912
vt 0 0.9444444179534912
vt 0.9375 1
vt 0 1
vt 0 1
vt 0.0625 1
vt 0 0
vt 0.0625 0
vt 0.0625 1
vt 0.125 1
vt 0.0625 0
vt 0.125 0
vt 0.125 1
vt 0.1875 1
vt 0.125 0
vt 0.1875 0
vt 0.1875 1
vt 0.25 1
vt 0.1875 0
vt 0.25 0
vt 0.25 1
vt 0.3125 1
vt 0.25 0
vt 0.3125 0
vt 0.3125 1
vt 0.375 1
vt 0.3125 0
vt 0.375 0
vt 0.375 1
vt 0.4375 1
vt 0.375 0
vt 0.4375 0
vt 0.4375 1
vt 0.5 1
vt 0.4375 0
vt 0.5 0
vt 0.5 1
vt 0.5625 1
vt 0.5 0
vt 0.5625 0
vt 0.5625 1
vt 0.625 1
vt 0.5625 0
vt 0.625 0
vt 0.625 1
vt 0.6875 1
vt 0.625 0
vt 0.6875 0
vt 0.6875 1
vt 0.75 1
vt 0.6875 0
vt 0.75 0
vt 0.75 1
vt 0.8125 1
vt 0.75 0
vt 0.8125 0
vt 0.8125 1
vt 0.875 1
vt 0.8125 0
vt 0.875 0
vt 0.875 1
vt 0.9375 1
vt 0.875 0
vt 0.9375 0
vt 0.9375 1
vt 0 1
vt 0.9375 0
vt 0 0
vn 0.00000000000 1.00000000000 0.00000000000
vn 0.00000000000 1.00000000000 0.00000000000
vn 0.00000000000 1.00000000000 0.00000000000
vn 0.00000000000 1.00000000000 0.00000000000
vn 0.00000000000 1.00000000000 0.00000000000
vn 0.00000000000 1.00000000000 0.00000000000
vn 0.00000000000 1.00000000000 0.00000000000
vn 0.00000000000 1.00000000000 0.00000000000
vn 0.00000000000 1.00000000000 0.00000000000
vn 0.00000000000 1.00000000000 0.00000000000
vn 0.00000000000 1.00000000000 0.00000000000
vn 0.00000000000 1.00000000000 0.00000000000
vn 0.00000000000 1.00000000000 0.00000000000
vn 0.00000000000 1.00000000000 0.00000000000
vn 0.00000000000 1.00000000000 0.00000000000
vn 0.00000000000 1.00000000000 0.00000000000
vn 0.00000000000 1.00000000000 0.00000000000
vn 0.00000000000 1.00000000000 0.00000000000
vn 0.00000000000 1.00000000000 0.00000000000
vn 0.00000000000 1.00000000000 0.00000000000
vn 0.00000000000 1.00000000000 0.00000000000
vn 0.00000000000 1.00000000000 0.00000000000
vn 0.00000000000 1.00000000000 0.00000000000
vn 0.00000000000 1.00000000000 0.00000000000
vn 0.00000000000 1.00000000000 0.00000000000
vn 0.00000000000 1.00000000000 0.00000000000
vn 0.00000000000 1.00000000000 0.00000000000
vn 0.00000000000 1.00000000000 0.00000000000
vn 0.00000000000 1.00000000000 0.00000000000
vn 0.00000000000 1.00000000000 0.00000000000
vn 0.00000000000 1.00000000000 0.00000000000
vn 0.00000000000 1.00000000000 0.00000000000
vn 0.758544259933 0.633912200439 0.150883822382
vn 0.758544259933 0.633912200439 0.150883822382
vn 0.758544259933 0.633912200439 0.150883822382
vn 0.758544259933 0.633912200439 0.150883822382
vn 0.643062822574 0.633912138799 0.429680819337
vn 0.643062822574 0.633912138799 0.429680819337
vn 0.643062822574 0.633912138799 0.429680819337
vn 0.643062822574 0.633912138799 0.429680819337
vn 0.429680819337 0.633912138799 0.643062822574
vn 0.429680819337 0.633912138799 0.643062822574
vn 0.429680819337 0.633912138799 0.643062822574
vn 0.429680819337 0.633912138799 0.643062822574
vn 0.150883822382 0.633912200439 0.758544259933
vn 0.150883822382 0.633912200439 0.758544259933
vn 0.150883822382 0.633912200439 0.758544259933
vn 0.150883822382 0.633912200439 0.758544259933
vn -0.150883822382 0.633912200439 0.758544259933
vn -0.150883822382 0.633912200439 0.758544259933
vn -0.150883822382 0.633912200439 0.758544259933
vn -0.150883822382 0.633912200439 0.758544259933
vn -0.429680819337 0.633912138799 0.643062822574
vn -0.429680819337 0.633912138799 0.643062822574
vn -0.429680819337 0.633912138799 0.643062822574
vn -0.429680819337 0.633912138799 0.643062822574
vn -0.643062822574 0.633912138799 0.429680819337
vn -0.643062822574 0.633912138799 0.429680819337
vn -0.643062822574 0.633912138799 0.429680819337
vn -0.643062822574 0.633912138799 0.429680819337
vn -0.758544259933 0.633912200439 0.150883822382
vn -0.758544259933 0.633912200439 0.150883822382
vn -0.758544259933 0.633912200439 0.150883822382
vn -0.758544259933 0.633912200439 0.150883822382
vn -0.758544259933 0.633912200439 -0.150883822382
vn -0.758544259933 0.633912200439 -0.150883822382
vn -0.758544259933 0.633912200439 -0.150883822382
vn -0.758544259933 0.633912200439 -0.150883822382
vn -0.643062822574 0.633912138799 -0.429680819337
vn -0.643062822574 0.633912138799 -0.429680819337
vn -0.643062822574 0.633912138799 -0.429680819337
vn -0.643062822574 0.633912138799 -0.429680819337
vn -0.429680819337 0.633912138799 -0.643062822574
vn -0.429680819337 0.633912138799 -0.643062822574
vn -0.429680819337 0.633912138799 -0.643062822574
vn -0.429680819337 0.633912138799 -0.643062822574
vn -0.150883822382 0.633912200439 -0.758544259933
vn -0.150883822382 0.633912200439 -0.758544259933
vn -0.150883822382 0.633912200439 -0.758544259933
vn -0.150883822382 0.633912200439 -0.758544259933
vn 0.150883822382 0.633912200439 -0.758544259933
vn 0.150883822382 0.633912200439 -0.758544259933
vn 0.150883822382 0.633912200439 -0.758544259933
vn 0.150883822382 0.633912200439 -0.758544259933
vn 0.429680819337 0.633912138799 -0.643062822574
vn 0.429680819337 0.633912138799 -0.643062822574
vn 0.429680819337 0.633912138799 -0.643062822574
vn 0.429680819337 0.633912138799 -0.643062822574
vn 0.643062822574 0.633912138799 -0.429680819337
vn 0.643062822574 0.633912138799 -0.429680819337
vn 0.643062822574 0.633912138799 -0.429680819337
vn 0.643062822574 0.633912138799 -0.429680819337
vn 0.758544259933 0.633912200439 -0.150883822382
vn 0.758544259933 0.633912200439 -0.150883822382
vn 0.758544259933 0.633912200439 -0.150883822382
vn 0.758544259933 0.633912200439 -0.150883822382
vn 0.939974856246 0.330422256561 0.0852549235786
vn 0.939974856246 0.330422256561 0.0852549235786
vn 0.999927037224 0.00000000000 0.0120797445189
vn 0.999927037224 0.00000000000 0.0120797445189
vn 0.784285031832 0.332078973225 0.524042502462
vn 0.784285031832 0.332078973225 0.524042502462
vn 0.771134937833 0.00000000000 0.636671742465
vn 0.771134937833 0.00000000000 0.636671742465
vn 0.524042502462 0.332078973225 0.784285031832
vn 0.524042502462 0.332078973225 0.784285031832
vn 0.643191286848 0.00000000000 0.765705536432
vn 0.643191286848 0.00000000000 0.765705536432
vn 0.0852549235786 0.330422256561 0.939974856246
vn 0.0852549235786 0.330422256561 0.939974856246
vn -0.0120797445189 0.00000000000 0.999927037224
vn -0.0120797445189 0.00000000000 0.999927037224
vn -0.0852549235786 0.330422256561 0.939974856246
vn -0.0852549235786 0.330422256561 0.939974856246
vn -0.0120797445189 0.00000000000 0.999927037224
vn -0.524042502462 0.332078973225 0.784285031832
vn -0.524042502462 0.332078973225 0.784285031832
vn -0.636671742465 0.00000000000 0.771134937833
vn -0.636671742465 0.00000000000 0.771134937833
vn -0.784285031832 0.332078973225 0.524042502462
vn -0.784285031832 0.332078973225 0.524042502462
vn -0.765705536432 0.00000000000 0.643191286848
vn -0.765705536432 0.00000000000 0.643191286848
vn -0.939974856246 0.330422256561 0.0852549235786
vn -0.939974856246 0.330422256561 0.0852549235786
vn -0.999927037224 0.00000000000 -0.0120797445189
vn -0.999927037224 0.00000000000 -0.0120797445189
vn -0.939974856246 0.330422256561 -0.0852549235786
vn -0.939974856246 0.330422256561 -0.0852549235786
vn -0.999927037224 0.00000000000 -0.0120797445189
vn -0.784285031832 0.332078973225 -0.524042502462
vn -0.784285031832 0.332078973225 -0.524042502462
vn -0.771134937833 0.00000000000 -0.636671742465
vn -0.771134937833 0.00000000000 -0.636671742465
vn -0.524042502462 0.332078973225 -0.784285031832
vn -0.524042502462 0.332078973225 -0.784285031832
vn -0.643191286848 0.00000000000 -0.765705536432
vn -0.643191286848 0.00000000000 -0.765705536432
vn -0.0852549235786 0.330422256561 -0.939974856246
vn -0.0852549235786 0.330422256561 -0.939974856246
vn 0.0120797445189 0.00000000000 -0.999927037224
vn 0.0120797445189 0.00000000000 -0.999927037224
vn 0.0852549235786 0.330422256561 -0.939974856246
vn 0.0852549235786 0.330422256561 -0.939974856246
vn 0.0120797445189 0.00000000000 -0.999927037224
vn 0.524042502462 0.332078973225 -0.784285031832
vn 0.524042502462 0.332078973225 -0.784285031832
vn 0.636671742465 0.00000000000 -0.771134937833
vn 0.636671742465 0.00000000000 -0.771134937833
vn 0.784285031832 0.332078973225 -0.524042502462
vn 0.784285031832 0.332078973225 -0.524042502462
vn 0.765705536432 0.00000000000 -0.643191286848
vn 0.765705536432 0.00000000000 -0.643191286848
vn 0.939974856246 0.330422256561 -0.0852549235786
vn 0.939974856246 0.330422256561 -0.0852549235786
vn 0.999927037224 0.00000000000 0.0120797445189
vn 0.213867114060 -0.976322357750 0.0324886331091
vn 0.213867114060 -0.976322357750 0.0324886331091
vn 0.213867114060 -0.976322357750 0.0324886331091
vn 0.213867114060 -0.976322357750 0.0324886331091
vn 0.174284756099 -0.979091763021 0.104900635728
vn 0.174284756099 -0.979091763021 0.104900635728
vn 0.174284756099 -0.979091763021 0.104900635728
vn 0.174284756099 -0.979091763021 0.104900635728
vn 0.104900635728 -0.979091763021 0.174284756099
vn 0.104900635728 -0.979091763021 0.174284756099
vn 0.104900635728 -0.979091763021 0.174284756099
vn 0.104900635728 -0.979091763021 0.174284756099
vn 0.0324886331091 -0.976322357750 0.213867114060
vn 0.0324886331091 -0.976322357750 0.213867114060
vn 0.0324886331091 -0.976322357750 0.213867114060
vn 0.0324886331091 -0.976322357750 0.213867114060
vn -0.0324886331091 -0.976322357750 0.213867114060
vn -0.0324886331091 -0.976322357750 0.213867114060
vn -0.0324886331091 -0.976322357750 0.213867114060
vn -0.0324886331091 -0.976322357750 0.213867114060
vn -0.104900635728 -0.979091763021 0.174284756099
vn -0.104900635728 -0.979091763021 0.174284756099
vn -0.104900635728 -0.979091763021 0.174284756099
vn -0.104900635728 -0.979091763021 0.174284756099
vn -0.174284756099 -0.979091763021 0.104900635728
vn -0.174284756099 -0.979091763021 0.104900635728
vn -0.174284756099 -0.979091763021 0.104900635728
vn -0.174284756099 -0.979091763021 0.104900635728
vn -0.213867114060 -0.976322357750 0.0324886331091
vn -0.213867114060 -0.976322357750 0.0324886331091
vn -0.213867114060 -0.976322357750 0.0324886331091
vn -0.213867114060 -0.976322357750 0.0324886331091
vn -0.213867114060 -0.976322357750 -0.0324886331091
vn -0.213867114060 -0.976322357750 -0.0324886331091
vn -0.213867114060 -0.976322357750 -0.0324886331091
vn -0.213867114060 -0.976322357750 -0.0324886331091
vn -0.174284756099 -0.979091763021 -0.104900635728
vn -0.174284756099 -0.979091763021 -0.104900635728
vn -0.174284756099 -0.979091763021 -0.104900635728
vn -0.174284756099 -0.979091763021 -0.104900635728
vn -0.104900635728 -0.979091763021 -0.174284756099
vn -0.104900635728 -0.979091763021 -0.174284756099
vn -0.104900635728 -0.979091763021 -0.174284756099
vn -0.104900635728 -0.979091763021 -0.174284756099
vn -0.0324886331091 -0.976322357750 -0.213867114060
vn -0.0324886331091 -0.976322357750 -0.213867114060
vn -0.0324886331091 -0.976322357750 -0.213867114060
vn -0.0324886331091 -0.976322357750 -0.213867114060
vn 0.0324886331091 -0.976322357750 -0.213867114060
vn 0.0324886331091 -0.976322357750 -0.213867114060
vn 0.0324886331091 -0.976322357750 -0.213867114060
vn 0.0324886331091 -0.976322357750 -0.213867114060
vn 0.104900635728 -0.979091763021 -0.174284756099
vn 0.104900635728 -0.979091763021 -0.174284756099
vn 0.104900635728 -0.979091763021 -0.174284756099
vn 0.104900635728 -0.979091763021 -0.174284756099
vn 0.174284756099 -0.979091763021 -0.104900635728
vn 0.174284756099 -0.979091763021 -0.104900635728
vn 0.174284756099 -0.979091763021 -0.104900635728
vn 0.174284756099 -0.979091763021 -0.104900635728
vn 0.213867114060 -0.976322357750 -0.0324886331091
vn 0.213867114060 -0.976322357750 -0.0324886331091
vn 0.213867114060 -0.976322357750 -0.0324886331091
vn 0.213867114060 -0.976322357750 -0.0324886331091
vn 0.957903217957 0.00000000000 0.287091318272
vn 0.957903217957 0.00000000000 0.287091318272
vn 0.957903217957 0.00000000000 0.287091318272
vn 0.957903217957 0.00000000000 0.287091318272
vn 0.771134937833 0.00000000000 0.636671742465
vn 0.771134937833 0.00000000000 0.636671742465
vn 0.771134937833 0.00000000000 0.636671742465
vn 0.771134937833 0.00000000000 0.636671742465
vn 0.643191286848 0.00000000000 0.765705536432
vn 0.643191286848 0.00000000000 0.765705536432
vn 0.643191286848 0.00000000000 0.765705536432
vn 0.643191286848 0.00000000000 0.765705536432
vn 0.264410254613 0.00000000000 0.964410295080
vn 0.264410254613 0.00000000000 0.964410295080
vn 0.264410254613 0.00000000000 0.964410295080
vn 0.264410254613 0.00000000000 0.964410295080
vn -0.287091318272 0.00000000000 0.957903217957
vn -0.287091318272 0.00000000000 0.957903217957
vn -0.287091318272 0.00000000000 0.957903217957
vn -0.287091318272 0.00000000000 0.957903217957
vn -0.636671742465 0.00000000000 0.771134937833
vn -0.636671742465 0.00000000000 0.771134937833
vn -0.636671742465 0.00000000000 0.771134937833
vn -0.636671742465 0.00000000000 0.771134937833
vn -0.765705536432 0.00000000000 0.643191286848
vn -0.765705536432 0.00000000000 0.643191286848
vn -0.765705536432 0.00000000000 0.643191286848
vn -0.765705536432 0.00000000000 0.643191286848
vn -0.964410295080 0.00000000000 0.264410254613
vn -0.964410295080 0.00000000000 0.264410254613
vn -0.964410295080 0.00000000000 0.264410254613
vn -0.964410295080 0.00000000000 0.264410254613
vn -0.957903217957 0.00000000000 -0.287091318272
vn -0.957903217957 0.00000000000 -0.287091318272
vn -0.957903217957 0.00000000000 -0.287091318272
vn -0.957903217957 0.00000000000 -0.287091318272
vn -0.771134937833 0.00000000000 -0.636671742465
vn -0.771134937833 0.00000000000 -0.636671742465
vn -0.771134937833 0.00000000000 -0.636671742465
vn -0.771134937833 0.00000000000 -0.636671742465
vn -0.643191286848 0.00000000000 -0.765705536432
vn -0.643191286848 0.00000000000 -0.765705536432
vn -0.643191286848 0.00000000000 -0.765705536432
vn -0.643191286848 0.00000000000 -0.765705536432
vn -0.264410254613 0.00000000000 -0.964410295080
vn -0.264410254613 0.00000000000 -0.964410295080
vn -0.264410254613 0.00000000000 -0.964410295080
vn -0.264410254613 0.00000000000 -0.964410295080
vn 0.287091318272 0.00000000000 -0.957903217957
vn 0.287091318272 0.00000000000 -0.957903217957
vn 0.287091318272 0.00000000000 -0.957903217957
vn 0.287091318272 0.00000000000 -0.957903217957
vn 0.636671742465 0.00000000000 -0.771134937833
vn 0.636671742465 0.00000000000 -0.771134937833
vn 0.636671742465 0.00000000000 -0.771134937833
vn 0.636671742465 0.00000000000 -0.771134937833
vn 0.765705536432 0.00000000000 -0.643191286848
vn 0.765705536432 0.00000000000 -0.643191286848
vn 0.765705536432 0.00000000000 -0.643191286848
vn 0.765705536432 0.00000000000 -0.643191286848
vn 0.964410295080 0.00000000000 -0.264410254613
vn 0.964410295080 0.00000000000 -0.264410254613
vn 0.964410295080 0.00000000000 -0.264410254613
vn 0.964410295080 0.00000000000 -0.264410254613
vn 0.0822879052184 0.996474177603 0.0163680794567
vn 0.0822879052184 0.996474177603 0.0163680794567
vn 0.0822879052184 0.996474177603 0.0163680794567
vn 0.0822879052184 0.996474177603 0.0163680794567
vn 0.0697603205324 0.996474177331 0.0466123544961
vn 0.0697603205324 0.996474177331 0.0466123544961
vn 0.0697603205324 0.996474177331 0.0466123544961
vn 0.0697603205324 0.996474177331 0.0466123544961
vn 0.0466123544961 0.996474177331 0.0697603205324
vn 0.0466123544961 0.996474177331 0.0697603205324
vn 0.0466123544961 0.996474177331 0.0697603205324
vn 0.0466123544961 0.996474177331 0.0697603205324
vn 0.0163680794567 0.996474177603 0.0822879052184
vn 0.0163680794567 0.996474177603 0.0822879052184
vn 0.0163680794567 0.996474177603 0.0822879052184
vn 0.0163680794567 0.996474177603 0.0822879052184
vn -0.0163680794567 0.996474177603 0.0822879052184
vn -0.0163680794567 0.996474177603 0.0822879052184
vn -0.0163680794567 0.996474177603 0.0822879052184
vn -0.0163680794567 0.996474177603 0.0822879052184
vn -0.0466123544961 0.996474177331 0.0697603205324
vn -0.0466123544961 0.996474177331 0.0697603205324
vn -0.0466123544961 0.996474177331 0.0697603205324
vn -0.0466123544961 0.996474177331 0.0697603205324
vn -0.0697603205324 0.996474177331 0.0466123544961
vn -0.0697603205324 0.996474177331 0.0466123544961
vn -0.0697603205324 0.996474177331 0.0466123544961
vn -0.0697603205324 0.996474177331 0.0466123544961
vn -0.0822879052184 0.996474177603 0.0163680794567
vn -0.0822879052184 0.996474177603 0.0163680794567
vn -0.0822879052184 0.996474177603 0.0163680794567
vn -0.0822879052184 0.996474177603 0.0163680794567
vn -0.0822879052184 0.996474177603 -0.0163680794567
vn -0.0822879052184 0.996474177603 -0.0163680794567
vn -0.0822879052184 0.996474177603 -0.0163680794567
vn -0.0822879052184 0.996474177603 -0.0163680794567
vn -0.0697603205324 0.996474177331 -0.0466123544961
vn -0.0697603205324 0.996474177331 -0.0466123544961
vn -0.0697603205324 0.996474177331 -0.0466123544961
vn -0.0697603205324 0.996474177331 -0.0466123544961
vn -0.0466123544961 0.996474177331 -0.0697603205324
vn -0.0466123544961 0.996474177331 -0.0697603205324
vn -0.0466123544961 0.996474177331 -0.0697603205324
vn -0.0466123544961 0.996474177331 -0.0697603205324
vn -0.0163680794567 0.996474177603 -0.0822879052184
vn -0.0163680794567 0.996474177603 -0.0822879052184
vn -0.0163680794567 0.996474177603 -0.0822879052184
vn -0.0163680794567 0.996474177603 -0.0822879052184
vn 0.0163680794567 0.996474177603 -0.0822879052184
vn 0.0163680794567 0.996474177603 -0.0822879052184
vn 0.0163680794567 0.996474177603 -0.0822879052184
vn 0.0163680794567 0.996474177603 -0.0822879052184
vn 0.0466123544961 0.996474177331 -0.0697603205324
vn 0.0466123544961 0.996474177331 -0.0697603205324
vn 0.0466123544961 0.996474177331 -0.0697603205324
vn 0.0466123544961 0.996474177331 -0.0697603205324
vn 0.0697603205324 0.996474177331 -0.0466123544961
vn 0.0697603205324 0.996474177331 -0.0466123544961
vn 0.0697603205324 0.996474177331 -0.0466123544961
vn 0.0697603205324 0.996474177331 -0.0466123544961
vn 0.0822879052184 0.996474177603 -0.0163680794567
vn 0.0822879052184 0.996474177603 -0.0163680794567
vn 0.0822879052184 0.996474177603 -0.0163680794567
vn 0.0822879052184 0.996474177603 -0.0163680794567
vn 0.0153913758986 0.999876858694 0.00306153484268
vn 0.0153913758986 0.999876858694 0.00306153484268
vn 0.570128121896 0.821526378026 0.00695232555816
vn 0.570128121896 0.821526378026 0.00695232555816
vn 0.0130481766786 0.999876858710 0.00871851483160
vn 0.0130481766786 0.999876858710 0.00871851483160
vn 0.412223157555 0.807248169834 0.422400829397
vn 0.00871851483160 0.999876858710 0.0130481766786
vn 0.00871851483160 0.999876858710 0.0130481766786
vn -0.00695232555816 0.821526378026 0.570128121896
vn 0.00306153460989 0.999876858709 0.0153913749675
vn 0.00306153460989 0.999876858709 0.0153913749675
vn -0.00695232555816 0.821526378026 0.570128121896
vn -0.00306153484268 0.999876858694 0.0153913758986
vn -0.00306153484268 0.999876858694 0.0153913758986
vn -0.00695232555816 0.821526378026 0.570128121896
vn -0.00871851483160 0.999876858710 0.0130481766786
vn -0.00871851483160 0.999876858710 0.0130481766786
vn -0.422400829397 0.807248169834 0.412223157555
vn -0.0130481766786 0.999876858710 0.00871851483160
vn -0.0130481766786 0.999876858710 0.00871851483160
vn -0.570128121896 0.821526378026 -0.00695232555816
vn -0.0153913749675 0.999876858709 0.00306153460989
vn -0.0153913749675 0.999876858709 0.00306153460989
vn -0.570128121896 0.821526378026 -0.00695232555816
vn -0.0153913758986 0.999876858694 -0.00306153484268
vn -0.0153913758986 0.999876858694 -0.00306153484268
vn -0.570128121896 0.821526378026 -0.00695232555816
vn -0.0130481766786 0.999876858710 -0.00871851483160
vn -0.0130481766786 0.999876858710 -0.00871851483160
vn -0.412223157555 0.807248169834 -0.422400829397
vn -0.00871851483160 0.999876858710 -0.0130481766786
vn -0.00871851483160 0.999876858710 -0.0130481766786
vn 0.00695232555816 0.821526378026 -0.570128121896
vn -0.00306153460989 0.999876858709 -0.0153913749675
vn -0.00306153460989 0.999876858709 -0.0153913749675
vn 0.00695232555816 0.821526378026 -0.570128121896
vn 0.00306153484268 0.999876858694 -0.0153913758986
vn 0.00306153484268 0.999876858694 -0.0153913758986
vn 0.00695232555816 0.821526378026 -0.570128121896
vn 0.00871851483160 0.999876858710 -0.0130481766786
vn 0.00871851483160 0.999876858710 -0.0130481766786
vn 0.422400829397 0.807248169834 -0.412223157555
vn 0.0130481766786 0.999876858710 -0.00871851483160
vn 0.0130481766786 0.999876858710 -0.00871851483160
vn 0.570128121896 0.821526378026 0.00695232555816
vn 0.0153913749675 0.999876858709 -0.00306153460989
vn 0.0153913749675 0.999876858709 -0.00306153460989
vn 0.742119781265 0.667474262799 0.0611255982006
vn 0.742119781265 0.667474262799 0.0611255982006
vn 0.742119781265 0.667474262799 0.0611255982006
vn 0.742119781265 0.667474262799 0.0611255982006
vn 0.641863385298 0.753513193016 0.142229612120
vn 0.567146774120 0.655747945468 0.498336401059
vn 0.641863385298 0.753513193016 0.142229612120
vn 0.567146774120 0.655747945468 0.498336401059
vn 0.489756818103 0.655330473146 0.575048024158
vn 0.146759989000 0.736880372691 0.659900615223
vn 0.489756818103 0.655330473146 0.575048024158
vn 0.146759989000 0.736880372691 0.659900615223
vn 0.0498595955896 0.667893006372 0.742585316827
vn 0.0498595955896 0.667893006372 0.742585316827
vn 0.0498595955896 0.667893006372 0.742585316827
vn 0.0498595955896 0.667893006372 0.742585316827
vn -0.0611255982006 0.667474262799 0.742119781265
vn -0.0611255982006 0.667474262799 0.742119781265
vn -0.0611255982006 0.667474262799 0.742119781265
vn -0.0611255982006 0.667474262799 0.742119781265
vn -0.142229612120 0.753513193016 0.641863385298
vn -0.498336401059 0.655747945468 0.567146774120
vn -0.142229612120 0.753513193016 0.641863385298
vn -0.498336401059 0.655747945468 0.567146774120
vn -0.575048024158 0.655330473146 0.489756818103
vn -0.659900615223 0.736880372691 0.146759989000
vn -0.575048024158 0.655330473146 0.489756818103
vn -0.659900615223 0.736880372691 0.146759989000
vn -0.742585316827 0.667893006372 0.0498595955896
vn -0.742585316827 0.667893006372 0.0498595955896
vn -0.742585316827 0.667893006372 0.0498595955896
vn -0.742585316827 0.667893006372 0.0498595955896
vn -0.742119781265 0.667474262799 -0.0611255982006
vn -0.742119781265 0.667474262799 -0.0611255982006
vn -0.742119781265 0.667474262799 -0.0611255982006
vn -0.742119781265 0.667474262799 -0.0611255982006
vn -0.641863385298 0.753513193016 -0.142229612120
vn -0.567146774120 0.655747945468 -0.498336401059
vn -0.641863385298 0.753513193016 -0.142229612120
vn -0.567146774120 0.655747945468 -0.498336401059
vn -0.489756818103 0.655330473146 -0.575048024158
vn -0.146759989000 0.736880372691 -0.659900615223
vn -0.489756818103 0.655330473146 -0.575048024158
vn -0.146759989000 0.736880372691 -0.659900615223
vn -0.0498595955896 0.667893006372 -0.742585316827
vn -0.0498595955896 0.667893006372 -0.742585316827
vn -0.0498595955896 0.667893006372 -0.742585316827
vn -0.0498595955896 0.667893006372 -0.742585316827
vn 0.0611255982006 0.667474262799 -0.742119781265
vn 0.0611255982006 0.667474262799 -0.742119781265
vn 0.0611255982006 0.667474262799 -0.742119781265
vn 0.0611255982006 0.667474262799 -0.742119781265
vn 0.142229612120 0.753513193016 -0.641863385298
vn 0.498336401059 0.655747945468 -0.567146774120
vn 0.142229612120 0.753513193016 -0.641863385298
vn 0.498336401059 0.655747945468 -0.567146774120
vn 0.575048024158 0.655330473146 -0.489756818103
vn 0.659900615223 0.736880372691 -0.146759989000
vn 0.575048024158 0.655330473146 -0.489756818103
vn 0.659900615223 0.736880372691 -0.146759989000
vn 0.742585316827 0.667893006372 -0.0498595955896
vn 0.742585316827 0.667893006372 -0.0498595955896
vn 0.742585316827 0.667893006372 -0.0498595955896
vn 0.742585316827 0.667893006372 -0.0498595955896
vn 0.989857781078 0.141747145158 0.00945093005828
vn 0.989857781078 0.141747145158 0.00945093005828
vn 0.989857781078 0.141747145158 0.00945093005828
vn 0.989857781078 0.141747145158 0.00945093005828
vn 0.975009386707 0.103345104085 0.196663380665
vn 0.718704398379 0.254081098787 0.647230085047
vn 0.975009386707 0.103345104085 0.196663380665
vn 0.718704398379 0.254081098787 0.647230085047
vn 0.647230085047 0.254081098787 0.718704398379
vn 0.214260442029 0.0988535275693 0.971761515532
vn 0.647230085047 0.254081098787 0.718704398379
vn 0.214260442029 0.0988535275693 0.971761515532
vn 0.0468901911137 0.141597552215 0.988813148772
vn 0.0468901911137 0.141597552215 0.988813148772
vn 0.0468901911137 0.141597552215 0.988813148772
vn 0.0468901911137 0.141597552215 0.988813148772
vn -0.00945093005828 0.141747145158 0.989857781078
vn -0.00945093005828 0.141747145158 0.989857781078
vn -0.00945093005828 0.141747145158 0.989857781078
vn -0.00945093005828 0.141747145158 0.989857781078
vn -0.196663380665 0.103345104085 0.975009386707
vn -0.647230085047 0.254081098787 0.718704398379
vn -0.196663380665 0.103345104085 0.975009386707
vn -0.647230085047 0.254081098787 0.718704398379
vn -0.718704398379 0.254081098787 0.647230085047
vn -0.971761515532 0.0988535275693 0.214260442029
vn -0.718704398379 0.254081098787 0.647230085047
vn -0.971761515532 0.0988535275693 0.214260442029
vn -0.988813148772 0.141597552215 0.0468901911137
vn -0.988813148772 0.141597552215 0.0468901911137
vn -0.988813148772 0.141597552215 0.0468901911137
vn -0.988813148772 0.141597552215 0.0468901911137
vn -0.989857781078 0.141747145158 -0.00945093005828
vn -0.989857781078 0.141747145158 -0.00945093005828
vn -0.989857781078 0.141747145158 -0.00945093005828
vn -0.989857781078 0.141747145158 -0.00945093005828
vn -0.975009386707 0.103345104085 -0.196663380665
vn -0.718704398379 0.254081098787 -0.647230085047
vn -0.975009386707 0.103345104085 -0.196663380665
vn -0.718704398379 0.254081098787 -0.647230085047
vn -0.647230085047 0.254081098787 -0.718704398379
vn -0.214260442029 0.0988535275693 -0.971761515532
vn -0.647230085047 0.254081098787 -0.718704398379
vn -0.214260442029 0.0988535275693 -0.971761515532
vn -0.0468901911137 0.141597552215 -0.988813148772
vn -0.0468901911137 0.141597552215 -0.988813148772
vn -0.0468901911137 0.141597552215 -0.988813148772
vn -0.0468901911137 0.141597552215 -0.988813148772
vn 0.00945093005828 0.141747145158 -0.989857781078
vn 0.00945093005828 0.141747145158 -0.989857781078
vn 0.00945093005828 0.141747145158 -0.989857781078
vn 0.00945093005828 0.141747145158 -0.989857781078
vn 0.196663380665 0.103345104085 -0.975009386707
vn 0.647230085047 0.254081098787 -0.718704398379
vn 0.196663380665 0.103345104085 -0.975009386707
vn 0.647230085047 0.254081098787 -0.718704398379
vn 0.718704398379 0.254081098787 -0.647230085047
vn 0.971761515532 0.0988535275693 -0.214260442029
vn 0.718704398379 0.254081098787 -0.647230085047
vn 0.971761515532 0.0988535275693 -0.214260442029
vn 0.988813148772 0.141597552215 -0.0468901911137
vn 0.988813148772 0.141597552215 -0.0468901911137
vn 0.988813148772 0.141597552215 -0.0468901911137
vn 0.988813148772 0.141597552215 -0.0468901911137
vn 0.261950767289 -0.965081237781 -3.35680630145e-10
vn 0.261950767289 -0.965081237781 -3.35680630145e-10
vn 0.261950767289 -0.965081237781 -3.35680630145e-10
vn 0.261950767289 -0.965081237781 -3.35680630145e-10
vn 0.00000000000 -1.00000000000 0.00000000000
vn -8.52028394371e-19 -1.00000000000 -4.95241503065e-17
vn 3.35680630145e-10 -0.965081237781 0.261950767289
vn 3.35680630145e-10 -0.965081237781 0.261950767289
vn 3.35680630145e-10 -0.965081237781 0.261950767289
vn 3.35680630145e-10 -0.965081237781 0.261950767289
vn 3.35680630145e-10 -0.965081237781 0.261950767289
vn 3.35680630145e-10 -0.965081237781 0.261950767289
vn 0.00000000000 -1.00000000000 0.00000000000
vn -8.52028394371e-19 -1.00000000000 -4.95241503065e-17
vn -0.261950767289 -0.965081237781 3.35680657900e-10
vn -0.261950767289 -0.965081237781 3.35680657900e-10
vn -0.261950767289 -0.965081237781 3.35680657900e-10
vn -0.261950767289 -0.965081237781 3.35680657900e-10
vn -0.261950767289 -0.965081237781 3.35680657900e-10
vn -0.261950767289 -0.965081237781 3.35680657900e-10
vn 0.00000000000 -1.00000000000 0.00000000000
vn -8.52028394371e-19 -1.00000000000 -4.95241503065e-17
vn -3.35680657900e-10 -0.965081237781 -0.261950767289
vn -3.35680657900e-10 -0.965081237781 -0.261950767289
vn -3.35680657900e-10 -0.965081237781 -0.261950767289
vn -3.35680657900e-10 -0.965081237781 -0.261950767289
vn -3.35680657900e-10 -0.965081237781 -0.261950767289
vn -3.35680657900e-10 -0.965081237781 -0.261950767289
vn 0.00000000000 -1.00000000000 0.00000000000
vn -8.52028394371e-19 -1.00000000000 -4.95241503065e-17
vn 0.261950767289 -0.965081237781 -3.35680630145e-10
vn 0.261950767289 -0.965081237781 -3.35680630145e-10
vn 0.261950767289 -0.965081237781 -3.35680630145e-10
vn 0.261950767289 -0.965081237781 -3.35680630145e-10
vn 0.217121315552 -0.967164267204 0.132104559254
vn 0.217121315552 -0.967164267204 0.132104559254
vn 0.132104559254 -0.967164267204 0.217121315552
vn 0.132104559254 -0.967164267204 0.217121315552
vn 3.35680630145e-10 -0.965081237781 0.261950767289
vn 3.35680630145e-10 -0.965081237781 0.261950767289
vn 3.35680630145e-10 -0.965081237781 0.261950767289
vn -0.132104559254 -0.967164267204 0.217121315552
vn -0.132104559254 -0.967164267204 0.217121315552
vn -0.217121315552 -0.967164267204 0.132104559254
vn -0.217121315552 -0.967164267204 0.132104559254
vn -0.261950767289 -0.965081237781 3.35680657900e-10
vn -0.261950767289 -0.965081237781 3.35680657900e-10
vn -0.261950767289 -0.965081237781 3.35680657900e-10
vn -0.217121315552 -0.967164267204 -0.132104559254
vn -0.217121315552 -0.967164267204 -0.132104559254
vn -0.132104559254 -0.967164267204 -0.217121315552
vn -0.132104559254 -0.967164267204 -0.217121315552
vn -3.35680657900e-10 -0.965081237781 -0.261950767289
vn -3.35680657900e-10 -0.965081237781 -0.261950767289
vn -3.35680657900e-10 -0.965081237781 -0.261950767289
vn 0.132104559254 -0.967164267204 -0.217121315552
vn 0.132104559254 -0.967164267204 -0.217121315552
vn 0.217121315552 -0.967164267204 -0.132104559254
vn 0.217121315552 -0.967164267204 -0.132104559254
vn 0.261950767289 -0.965081237781 -3.35680630145e-10
vn 0.985447117535 0.154228211825 0.0714677355107
vn 0.985447117535 0.154228211825 0.0714677355107
vn 0.997809103078 0.00000000000 0.0661588528750
vn 0.997809103078 0.00000000000 0.0661588528750
vn 0.984854944415 0.0908940739692 0.147644863704
vn 0.915869297213 0.00000000000 0.401476562731
vn 0.989336638189 0.00000000000 0.145646889211
vn 0.775967464157 0.280993068893 0.564727712976
vn 0.408676087344 0.00000000000 0.912679492283
vn 0.165215759933 0.0874695029996 0.982371029049
vn 0.549156744362 0.280120471848 0.787375000475
vn 0.0824395664199 0.00000000000 0.996596065559
vn 0.111839197299 0.153653531885 0.981775221773
vn 0.111839197299 0.153653531885 0.981775221773
vn -0.0661588528750 0.00000000000 0.997809103078
vn -0.0661588528750 0.00000000000 0.997809103078
vn -0.0714677355107 0.154228211825 0.985447117535
vn -0.0714677355107 0.154228211825 0.985447117535
vn -0.0661588528750 0.00000000000 0.997809103078
vn -0.147644863704 0.0908940739692 0.984854944415
vn -0.401476562731 0.00000000000 0.915869297213
vn -0.145646889211 0.00000000000 0.989336638189
vn -0.564727712976 0.280993068893 0.775967464157
vn -0.912679492283 0.00000000000 0.408676087344
vn -0.982371029049 0.0874695029996 0.165215759933
vn -0.787375000475 0.280120471848 0.549156744362
vn -0.996596065559 0.00000000000 0.0824395664199
vn -0.981775221773 0.153653531885 0.111839197299
vn -0.981775221773 0.153653531885 0.111839197299
vn -0.997809103078 0.00000000000 -0.0661588528750
vn -0.997809103078 0.00000000000 -0.0661588528750
vn -0.985447117535 0.154228211825 -0.0714677355107
vn -0.985447117535 0.154228211825 -0.0714677355107
vn -0.997809103078 0.00000000000 -0.0661588528750
vn -0.984854944415 0.0908940739692 -0.147644863704
vn -0.915869297213 0.00000000000 -0.401476562731
vn -0.989336638189 0.00000000000 -0.145646889211
vn -0.775967464157 0.280993068893 -0.564727712976
vn -0.408676087344 0.00000000000 -0.912679492283
vn -0.165215759933 0.0874695029996 -0.982371029049
vn -0.549156744362 0.280120471848 -0.787375000475
vn -0.0824395664199 0.00000000000 -0.996596065559
vn -0.111839197299 0.153653531885 -0.981775221773
vn -0.111839197299 0.153653531885 -0.981775221773
vn 0.0661588528750 0.00000000000 -0.997809103078
vn 0.0661588528750 0.00000000000 -0.997809103078
vn 0.0714677355107 0.154228211825 -0.985447117535
vn 0.0714677355107 0.154228211825 -0.985447117535
vn 0.0661588528750 0.00000000000 -0.997809103078
vn 0.147644863704 0.0908940739692 -0.984854944415
vn 0.401476562731 0.00000000000 -0.915869297213
vn 0.145646889211 0.00000000000 -0.989336638189
vn 0.564727712976 0.280993068893 -0.775967464157
vn 0.912679492283 0.00000000000 -0.408676087344
vn 0.982371029049 0.0874695029996 -0.165215759933
vn 0.787375000475 0.280120471848 -0.549156744362
vn 0.996596065559 0.00000000000 -0.0824395664199
vn 0.981775221773 0.153653531885 -0.111839197299
vn 0.981775221773 0.153653531885 -0.111839197299
vn 0.997809103078 0.00000000000 0.0661588528750
vn 0.00000000000 -1.00000000000 0.00000000000
vn 0.00000000000 -1.00000000000 0.00000000000
vn 0.00000000000 -1.00000000000 -7.50388721360e-18
vn 0.00000000000 -1.00000000000 -7.50388721360e-18
vn 0.00000000000 -1.00000000000 -7.50388721360e-18
vn 0.00000000000 -1.00000000000 -7.50388721360e-18
vn 0.00000000000 -1.00000000000 0.00000000000
vn 0.00000000000 -1.00000000000 -7.50388721360e-18
vn 0.00000000000 -1.00000000000 0.00000000000
vn 0.00000000000 -1.00000000000 -7.50388721360e-18
vn 0.00000000000 -1.00000000000 0.00000000000
vn 0.00000000000 -1.00000000000 -7.50388721360e-18
vn 0.00000000000 -1.00000000000 -7.50388721360e-18
vn 0.00000000000 -1.00000000000 -7.50388721360e-18
vn 0.00000000000 -1.00000000000 0.00000000000
vn 0.00000000000 -1.00000000000 -7.50388721360e-18
vn 0.00000000000 -1.00000000000 0.00000000000
vn 0.00000000000 -1.00000000000 -7.50388721360e-18
vn 0.00000000000 -1.00000000000 0.00000000000
vn 0.00000000000 -1.00000000000 -7.50388721360e-18
vn 0.00000000000 -1.00000000000 -7.50388721360e-18
vn 0.00000000000 -1.00000000000 -7.50388721360e-18
vn 0.00000000000 -1.00000000000 0.00000000000
vn 0.00000000000 -1.00000000000 -7.50388721360e-18
vn 0.00000000000 -1.00000000000 0.00000000000
vn 0.00000000000 -1.00000000000 -7.50388721360e-18
vn 0.00000000000 -1.00000000000 0.00000000000
vn 0.00000000000 -1.00000000000 -7.50388721360e-18
vn 0.00000000000 -1.00000000000 -7.50388721360e-18
vn 0.00000000000 -1.00000000000 -7.50388721360e-18
vn 0.00000000000 -1.00000000000 0.00000000000
vn 0.00000000000 -1.00000000000 -7.50388721360e-18
vn -0.917123233713 0.346558353025 -0.196932176476
vn -0.917123233713 0.346558353025 -0.196932176476
vn -0.917123233713 0.346558353025 -0.196932176476
vn -0.917123233713 0.346558353025 -0.196932176476
vn -0.771329184040 0.324598201390 -0.547437026061
vn -0.771329184040 0.324598201390 -0.547437026061
vn -0.771329184040 0.324598201390 -0.547437026061
vn -0.771329184040 0.324598201390 -0.547437026061
vn -0.536627938394 0.323872530452 -0.779189989511
vn -0.536627938394 0.323872530452 -0.779189989511
vn -0.536627938394 0.323872530452 -0.779189989511
vn -0.536627938394 0.323872530452 -0.779189989511
vn -0.210721131447 0.335625016768 -0.918124421242
vn -0.210721131447 0.335625016768 -0.918124421242
vn -0.210721131447 0.335625016768 -0.918124421242
vn -0.210721131447 0.335625016768 -0.918124421242
vn 0.196932176476 0.346558353025 -0.917123233713
vn 0.196932176476 0.346558353025 -0.917123233713
vn 0.196932176476 0.346558353025 -0.917123233713
vn 0.196932176476 0.346558353025 -0.917123233713
vn 0.547437026061 0.324598201390 -0.771329184040
vn 0.547437026061 0.324598201390 -0.771329184040
vn 0.547437026061 0.324598201390 -0.771329184040
vn 0.547437026061 0.324598201390 -0.771329184040
vn 0.779189989511 0.323872530452 -0.536627938394
vn 0.779189989511 0.323872530452 -0.536627938394
vn 0.779189989511 0.323872530452 -0.536627938394
vn 0.779189989511 0.323872530452 -0.536627938394
vn 0.918124421242 0.335625016768 -0.210721131447
vn 0.918124421242 0.335625016768 -0.210721131447
vn 0.918124421242 0.335625016768 -0.210721131447
vn 0.918124421242 0.335625016768 -0.210721131447
vn 0.917123233713 0.346558353025 0.196932176476
vn 0.917123233713 0.346558353025 0.196932176476
vn 0.917123233713 0.346558353025 0.196932176476
vn 0.917123233713 0.346558353025 0.196932176476
vn 0.771329184040 0.324598201390 0.547437026061
vn 0.771329184040 0.324598201390 0.547437026061
vn 0.771329184040 0.324598201390 0.547437026061
vn 0.771329184040 0.324598201390 0.547437026061
vn 0.536627938394 0.323872530452 0.779189989511
vn 0.536627938394 0.323872530452 0.779189989511
vn 0.536627938394 0.323872530452 0.779189989511
vn 0.536627938394 0.323872530452 0.779189989511
vn 0.210721131447 0.335625016768 0.918124421242
vn 0.210721131447 0.335625016768 0.918124421242
vn 0.210721131447 0.335625016768 0.918124421242
vn 0.210721131447 0.335625016768 0.918124421242
vn -0.196932176476 0.346558353025 0.917123233713
vn -0.196932176476 0.346558353025 0.917123233713
vn -0.196932176476 0.346558353025 0.917123233713
vn -0.196932176476 0.346558353025 0.917123233713
vn -0.547437026061 0.324598201390 0.771329184040
vn -0.547437026061 0.324598201390 0.771329184040
vn -0.547437026061 0.324598201390 0.771329184040
vn -0.547437026061 0.324598201390 0.771329184040
vn -0.779189989511 0.323872530452 0.536627938394
vn -0.779189989511 0.323872530452 0.536627938394
vn -0.779189989511 0.323872530452 0.536627938394
vn -0.779189989511 0.323872530452 0.536627938394
vn -0.918124421242 0.335625016768 0.210721131447
vn -0.918124421242 0.335625016768 0.210721131447
vn -0.918124421242 0.335625016768 0.210721131447
vn -0.918124421242 0.335625016768 0.210721131447
vn -0.0860067208495 -0.996147663308 -0.0171078010156
vn -0.0860067208495 -0.996147663308 -0.0171078010156
vn -0.306619796720 -0.950621794719 -0.0479844106319
vn -0.0729129814577 -0.996147662985 -0.0487188943341
vn -0.0729129814577 -0.996147662985 -0.0487188943341
vn -0.266994676662 -0.949907392634 -0.162449339959
vn -0.0487188943341 -0.996147662985 -0.0729129814577
vn -0.0487188943341 -0.996147662985 -0.0729129814577
vn -0.162449339959 -0.949907392634 -0.266994676662
vn -0.0171078010156 -0.996147663308 -0.0860067208495
vn -0.0171078010156 -0.996147663308 -0.0860067208495
vn -0.0479844069152 -0.950621794889 -0.306619796775
vn 0.0171078010156 -0.996147663308 -0.0860067208495
vn 0.0171078010156 -0.996147663308 -0.0860067208495
vn 0.0479844106319 -0.950621794719 -0.306619796720
vn 0.0487188943341 -0.996147662985 -0.0729129814577
vn 0.0487188943341 -0.996147662985 -0.0729129814577
vn 0.162449339959 -0.949907392634 -0.266994676662
vn 0.0729129814577 -0.996147662985 -0.0487188943341
vn 0.0729129814577 -0.996147662985 -0.0487188943341
vn 0.266994676662 -0.949907392634 -0.162449339959
vn 0.0860067208495 -0.996147663308 -0.0171078010156
vn 0.0860067208495 -0.996147663308 -0.0171078010156
vn 0.306619796775 -0.950621794889 -0.0479844069152
vn 0.0860067208495 -0.996147663308 0.0171078010156
vn 0.0860067208495 -0.996147663308 0.0171078010156
vn 0.306619796720 -0.950621794719 0.0479844106319
vn 0.0729129814577 -0.996147662985 0.0487188943341
vn 0.0729129814577 -0.996147662985 0.0487188943341
vn 0.266994676662 -0.949907392634 0.162449339959
vn 0.0487188943341 -0.996147662985 0.0729129814577
vn 0.0487188943341 -0.996147662985 0.0729129814577
vn 0.162449339959 -0.949907392634 0.266994676662
vn 0.0171078010156 -0.996147663308 0.0860067208495
vn 0.0171078010156 -0.996147663308 0.0860067208495
vn 0.0479844069152 -0.950621794889 0.306619796775
vn -0.0171078010156 -0.996147663308 0.0860067208495
vn -0.0171078010156 -0.996147663308 0.0860067208495
vn -0.0479844106319 -0.950621794719 0.306619796720
vn -0.0487188943341 -0.996147662985 0.0729129814577
vn -0.0487188943341 -0.996147662985 0.0729129814577
vn -0.162449339959 -0.949907392634 0.266994676662
vn -0.0729129814577 -0.996147662985 0.0487188943341
vn -0.0729129814577 -0.996147662985 0.0487188943341
vn -0.266994676662 -0.949907392634 0.162449339959
vn -0.0860067208495 -0.996147663308 0.0171078010156
vn -0.0860067208495 -0.996147663308 0.0171078010156
vn -0.306619796775 -0.950621794889 0.0479844069152
vn -4.65243930500e-18 1.00000000000 -3.49708371796e-17
vn -4.65243930500e-18 1.00000000000 -3.49708371796e-17
vn -4.65243930500e-18 1.00000000000 -3.49708371796e-17
vn -4.65243930500e-18 1.00000000000 -3.49708371796e-17
vn -4.65243930500e-18 1.00000000000 -3.49708371796e-17
vn -4.65243930500e-18 1.00000000000 -3.49708371796e-17
vn -4.65243930500e-18 1.00000000000 -3.49708371796e-17
vn -4.65243930500e-18 1.00000000000 -3.49708371796e-17
vn -4.65243930500e-18 1.00000000000 -3.49708371796e-17
vn -4.65243930500e-18 1.00000000000 -3.49708371796e-17
vn -4.65243930500e-18 1.00000000000 -3.49708371796e-17
vn -4.65243930500e-18 1.00000000000 -3.49708371796e-17
vn -4.65243930500e-18 1.00000000000 -3.49708371796e-17
vn -4.65243930500e-18 1.00000000000 -3.49708371796e-17
vn -4.65243930500e-18 1.00000000000 -3.49708371796e-17
vn -4.65243930500e-18 1.00000000000 -3.49708371796e-17
vn -4.65243930500e-18 1.00000000000 -3.49708371796e-17
vn -0.957903217957 0.00000000000 -0.287091318272
vn -0.957903217957 0.00000000000 -0.287091318272
vn -0.925127283906 0.332078939484 -0.184019255854
vn -0.925127283906 0.332078939484 -0.184019255854
vn -0.915869297213 0.00000000000 -0.401476562731
vn -0.915869297213 0.00000000000 -0.401476562731
vn -0.835797865851 0.330422289941 -0.438478092666
vn -0.835797865851 0.330422289941 -0.438478092666
vn -0.408676087344 0.00000000000 -0.912679492283
vn -0.408676087344 0.00000000000 -0.912679492283
vn -0.438478092666 0.330422289941 -0.835797865851
vn -0.438478092666 0.330422289941 -0.835797865851
vn -0.264410254613 0.00000000000 -0.964410295080
vn -0.264410254613 0.00000000000 -0.964410295080
vn -0.184019255854 0.332078939484 -0.925127283906
vn -0.184019255854 0.332078939484 -0.925127283906
vn 0.287091318272 0.00000000000 -0.957903217957
vn 0.287091318272 0.00000000000 -0.957903217957
vn 0.184019255854 0.332078939484 -0.925127283906
vn 0.184019255854 0.332078939484 -0.925127283906
vn 0.401476562731 0.00000000000 -0.915869297213
vn 0.401476562731 0.00000000000 -0.915869297213
vn 0.438478092666 0.330422289941 -0.835797865851
vn 0.438478092666 0.330422289941 -0.835797865851
vn 0.912679492283 0.00000000000 -0.408676087344
vn 0.912679492283 0.00000000000 -0.408676087344
vn 0.835797865851 0.330422289941 -0.438478092666
vn 0.835797865851 0.330422289941 -0.438478092666
vn 0.964410295080 0.00000000000 -0.264410254613
vn 0.964410295080 0.00000000000 -0.264410254613
vn 0.925127283906 0.332078939484 -0.184019255854
vn 0.925127283906 0.332078939484 -0.184019255854
vn 0.957903217957 0.00000000000 0.287091318272
vn 0.957903217957 0.00000000000 0.287091318272
vn 0.925127283906 0.332078939484 0.184019255854
vn 0.925127283906 0.332078939484 0.184019255854
vn 0.915869297213 0.00000000000 0.401476562731
vn 0.915869297213 0.00000000000 0.401476562731
vn 0.835797865851 0.330422289941 0.438478092666
vn 0.835797865851 0.330422289941 0.438478092666
vn 0.408676087344 0.00000000000 0.912679492283
vn 0.408676087344 0.00000000000 0.912679492283
vn 0.438478092666 0.330422289941 0.835797865851
vn 0.438478092666 0.330422289941 0.835797865851
vn 0.264410254613 0.00000000000 0.964410295080
vn 0.264410254613 0.00000000000 0.964410295080
vn 0.184019255854 0.332078939484 0.925127283906
vn 0.184019255854 0.332078939484 0.925127283906
vn -0.287091318272 0.00000000000 0.957903217957
vn -0.287091318272 0.00000000000 0.957903217957
vn -0.184019255854 0.332078939484 0.925127283906
vn -0.184019255854 0.332078939484 0.925127283906
vn -0.401476562731 0.00000000000 0.915869297213
vn -0.401476562731 0.00000000000 0.915869297213
vn -0.438478092666 0.330422289941 0.835797865851
vn -0.438478092666 0.330422289941 0.835797865851
vn -0.912679492283 0.00000000000 0.408676087344
vn -0.912679492283 0.00000000000 0.408676087344
vn -0.835797865851 0.330422289941 0.438478092666
vn -0.835797865851 0.330422289941 0.438478092666
vn -0.964410295080 0.00000000000 0.264410254613
vn -0.964410295080 0.00000000000 0.264410254613
vn -0.925127283906 0.332078939484 0.184019255854
vn -0.925127283906 0.332078939484 0.184019255854
vn -0.818759393555 0.550553568181 -0.162861364444
vn -0.818759393555 0.550553568181 -0.162861364444
vn -0.818759393555 0.550553568181 -0.162861364444
vn -0.818759393555 0.550553568181 -0.162861364444
vn -0.694110697390 0.550553564891 -0.463789943784
vn -0.694110697390 0.550553564891 -0.463789943784
vn -0.694110697390 0.550553564891 -0.463789943784
vn -0.694110697390 0.550553564891 -0.463789943784
vn -0.463789943784 0.550553564891 -0.694110697390
vn -0.463789943784 0.550553564891 -0.694110697390
vn -0.463789943784 0.550553564891 -0.694110697390
vn -0.463789943784 0.550553564891 -0.694110697390
vn -0.162861364444 0.550553568181 -0.818759393555
vn -0.162861364444 0.550553568181 -0.818759393555
vn -0.162861364444 0.550553568181 -0.818759393555
vn -0.162861364444 0.550553568181 -0.818759393555
vn 0.162861364444 0.550553568181 -0.818759393555
vn 0.162861364444 0.550553568181 -0.818759393555
vn 0.162861364444 0.550553568181 -0.818759393555
vn 0.162861364444 0.550553568181 -0.818759393555
vn 0.463789943784 0.550553564891 -0.694110697390
vn 0.463789943784 0.550553564891 -0.694110697390
vn 0.463789943784 0.550553564891 -0.694110697390
vn 0.463789943784 0.550553564891 -0.694110697390
vn 0.694110697390 0.550553564891 -0.463789943784
vn 0.694110697390 0.550553564891 -0.463789943784
vn 0.694110697390 0.550553564891 -0.463789943784
vn 0.694110697390 0.550553564891 -0.463789943784
vn 0.818759393555 0.550553568181 -0.162861364444
vn 0.818759393555 0.550553568181 -0.162861364444
vn 0.818759393555 0.550553568181 -0.162861364444
vn 0.818759393555 0.550553568181 -0.162861364444
vn 0.818759393555 0.550553568181 0.162861364444
vn 0.818759393555 0.550553568181 0.162861364444
vn 0.818759393555 0.550553568181 0.162861364444
vn 0.818759393555 0.550553568181 0.162861364444
vn 0.694110697390 0.550553564891 0.463789943784
vn 0.694110697390 0.550553564891 0.463789943784
vn 0.694110697390 0.550553564891 0.463789943784
vn 0.694110697390 0.550553564891 0.463789943784
vn 0.463789943784 0.550553564891 0.694110697390
vn 0.463789943784 0.550553564891 0.694110697390
vn 0.463789943784 0.550553564891 0.694110697390
vn 0.463789943784 0.550553564891 0.694110697390
vn 0.162861364444 0.550553568181 0.818759393555
vn 0.162861364444 0.550553568181 0.818759393555
vn 0.162861364444 0.550553568181 0.818759393555
vn 0.162861364444 0.550553568181 0.818759393555
vn -0.162861364444 0.550553568181 0.818759393555
vn -0.162861364444 0.550553568181 0.818759393555
vn -0.162861364444 0.550553568181 0.818759393555
vn -0.162861364444 0.550553568181 0.818759393555
vn -0.463789943784 0.550553564891 0.694110697390
vn -0.463789943784 0.550553564891 0.694110697390
vn -0.463789943784 0.550553564891 0.694110697390
vn -0.463789943784 0.550553564891 0.694110697390
vn -0.694110697390 0.550553564891 0.463789943784
vn -0.694110697390 0.550553564891 0.463789943784
vn -0.694110697390 0.550553564891 0.463789943784
vn -0.694110697390 0.550553564891 0.463789943784
vn -0.818759393555 0.550553568181 0.162861364444
vn -0.818759393555 0.550553568181 0.162861364444
vn -0.818759393555 0.550553568181 0.162861364444
vn -0.818759393555 0.550553568181 0.162861364444
f 3332/3332/3332 3333/3333/3333 3334/3334/3334
f 3333/3333/3333 3335/3335/3335 3334/3334/3334
f 3333/3333/3333 3336/3336/3336 3335/3335/3335
f 3336/3336/3336 3337/3337/3337 3335/3335/3335
f 3336/3336/3336 3338/3338/3338 3337/3337/3337
f 3338/3338/3338 3339/3339/3339 3337/3337/3337
f 3338/3338/3338 3340/3340/3340 3339/3339/3339
f 3340/3340/3340 3341/3341/3341 3339/3339/3339
f 3340/3340/3340 3342/3342/3342 3341/3341/3341
f 3342/3342/3342 3343/3343/3343 3341/3341/3341
f 3342/3342/3342 3344/3344/3344 3343/3343/3343
f 3344/3344/3344 3345/3345/3345 3343/3343/3343
f 3344/3344/3344 3346/3346/3346 3345/3345/3345
f 3346/3346/3346 3347/3347/3347 3345/3345/3345
f 3346/3346/3346 3348/3348/3348 3347/3347/3347
f 3348/3348/3348 3349/3349/3349 3347/3347/3347
f 3348/3348/3348 3350/3350/3350 3349/3349/3349
f 3350/3350/3350 3351/3351/3351 3349/3349/3349
f 3350/3350/3350 3352/3352/3352 3351/3351/3351
f 3352/3352/3352 3353/3353/3353 3351/3351/3351
f 3352/3352/3352 3354/3354/3354 3353/3353/3353
f 3354/3354/3354 3355/3355/3355 3353/3353/3353
f 3354/3354/3354 3356/3356/3356 3355/3355/3355
f 3356/3356/3356 3357/3357/3357 3355/3355/3355
f 3356/3356/3356 3358/3358/3358 3357/3357/3357
f 3358/3358/3358 3359/3359/3359 3357/3357/3357
f 3358/3358/3358 3360/3360/3360 3359/3359/3359
f 3360/3360/3360 3361/3361/3361 3359/3359/3359
f 3360/3360/3360 3362/3362/3362 3361/3361/3361
f 3362/3362/3362 3363/3363/3363 3361/3361/3361
f 3362/3362/3362 3332/3332/3332 3363/3363/3363
f 3332/3332/3332 3334/3334/3334 3363/3363/3363
f 3364/3364/3364 3365/3365/3365 3366/3366/3366
f 3365/3365/3365 3367/3367/3367 3366/3366/3366
f 3368/3368/3368 3369/3369/3369 3370/3370/3370
f 3369/3369/3369 3371/3371/3371 3370/3370/3370
f 3372/3372/3372 3373/3373/3373 3374/3374/3374
f 3373/3373/3373 3375/3375/3375 3374/3374/3374
f 3376/3376/3376 3377/3377/3377 3378/3378/3378
f 3377/3377/3377 3379/3379/3379 3378/3378/3378
f 3380/3380/3380 3381/3381/3381 3382/3382/3382
f 3381/3381/3381 3383/3383/3383 3382/3382/3382
f 3384/3384/3384 3385/3385/3385 3386/3386/3386
f 3385/3385/3385 3387/3387/3387 3386/3386/3386
f 3388/3388/3388 3389/3389/3389 3390/3390/3390
f 3389/3389/3389 3391/3391/3391 3390/3390/3390
f 3392/3392/3392 3393/3393/3393 3394/3394/3394
f 3393/3393/3393 3395/3395/3395 3394/3394/3394
f 3396/3396/3396 3397/3397/3397 3398/3398/3398
f 3397/3397/3397 3399/3399/3399 3398/3398/3398
f 3400/3400/3400 3401/3401/3401 3402/3402/3402
f 3401/3401/3401 3403/3403/3403 3402/3402/3402
f 3404/3404/3404 3405/3405/3405 3406/3406/3406
f 3405/3405/3405 3407/3407/3407 3406/3406/3406
f 3408/3408/3408 3409/3409/3409 3410/3410/3410
f 3409/3409/3409 3411/3411/3411 3410/3410/3410
f 3412/3412/3412 3413/3413/3413 3414/3414/3414
f 3413/3413/3413 3415/3415/3415 3414/3414/3414
f 3416/3416/3416 3417/3417/3417 3418/3418/3418
f 3417/3417/3417 3419/3419/3419 3418/3418/3418
f 3420/3420/3420 3421/3421/3421 3422/3422/3422
f 3421/3421/3421 3423/3423/3423 3422/3422/3422
f 3424/3424/3424 3425/3425/3425 3426/3426/3426
f 3425/3425/3425 3427/3427/3427 3426/3426/3426
f 3428/3428/3428 3429/3429/3429 3430/3430/3430
f 3429/3429/3429 3431/3431/3431 3430/3430/3430
f 3432/3432/3432 3433/3433/3433 3434/3434/3434
f 3433/3433/3433 3435/3435/3435 3434/3434/3434
f 3436/3436/3436 3437/3437/3437 3438/3438/3438
f 3437/3437/3437 3439/3439/3439 3438/3438/3438
f 3440/3440/3440 3441/3441/3441 3442/3442/3442
f 3441/3441/3441 3443/3443/3443 3442/3442/3442
f 3444/3444/3444 3445/3445/3445 3443/3443/3443
f 3445/3445/3445 3446/3446/3446 3443/3443/3443
f 3447/3447/3447 3448/3448/3448 3449/3449/3449
f 3448/3448/3448 3450/3450/3450 3449/3449/3449
f 3451/3451/3451 3452/3452/3452 3453/3453/3453
f 3452/3452/3452 3454/3454/3454 3453/3453/3453
f 3455/3455/3455 3456/3456/3456 3457/3457/3457
f 3456/3456/3456 3458/3458/3458 3457/3457/3457
f 3459/3459/3459 3460/3460/3460 3458/3458/3458
f 3460/3460/3460 3461/3461/3461 3458/3458/3458
f 3462/3462/3462 3463/3463/3463 3464/3464/3464
f 3463/3463/3463 3465/3465/3465 3464/3464/3464
f 3466/3466/3466 3467/3467/3467 3468/3468/3468
f 3467/3467/3467 3469/3469/3469 3468/3468/3468
f 3470/3470/3470 3471/3471/3471 3472/3472/3472
f 3471/3471/3471 3473/3473/3473 3472/3472/3472
f 3474/3474/3474 3475/3475/3475 3473/3473/3473
f 3475/3475/3475 3476/3476/3476 3473/3473/3473
f 3477/3477/3477 3478/3478/3478 3479/3479/3479
f 3478/3478/3478 3480/3480/3480 3479/3479/3479
f 3481/3481/3481 3482/3482/3482 3483/3483/3483
f 3482/3482/3482 3484/3484/3484 3483/3483/3483
f 3485/3485/3485 3486/3486/3486 3487/3487/3487
f 3486/3486/3486 3430/3430/3430 3487/3487/3487
f 3488/3488/3488 3489/3489/3489 3490/3490/3490
f 3489/3489/3489 3491/3491/3491 3490/3490/3490
f 3492/3492/3492 3493/3493/3493 3494/3494/3494
f 3493/3493/3493 3495/3495/3495 3494/3494/3494
f 3496/3496/3496 3497/3497/3497 3498/3498/3498
f 3497/3497/3497 3499/3499/3499 3498/3498/3498
f 3500/3500/3500 3501/3501/3501 3502/3502/3502
f 3501/3501/3501 3503/3503/3503 3502/3502/3502
f 3504/3504/3504 3505/3505/3505 3506/3506/3506
f 3505/3505/3505 3507/3507/3507 3506/3506/3506
f 3508/3508/3508 3509/3509/3509 3510/3510/3510
f 3509/3509/3509 3511/3511/3511 3510/3510/3510
f 3512/3512/3512 3513/3513/3513 3514/3514/3514
f 3513/3513/3513 3515/3515/3515 3514/3514/3514
f 3516/3516/3516 3517/3517/3517 3518/3518/3518
f 3517/3517/3517 3519/3519/3519 3518/3518/3518
f 3520/3520/3520 3521/3521/3521 3522/3522/3522
f 3521/3521/3521 3523/3523/3523 3522/3522/3522
f 3524/3524/3524 3525/3525/3525 3526/3526/3526
f 3525/3525/3525 3527/3527/3527 3526/3526/3526
f 3528/3528/3528 3529/3529/3529 3530/3530/3530
f 3529/3529/3529 3531/3531/3531 3530/3530/3530
f 3532/3532/3532 3533/3533/3533 3534/3534/3534
f 3533/3533/3533 3535/3535/3535 3534/3534/3534
f 3536/3536/3536 3537/3537/3537 3538/3538/3538
f 3537/3537/3537 3539/3539/3539 3538/3538/3538
f 3540/3540/3540 3541/3541/3541 3542/3542/3542
f 3541/3541/3541 3543/3543/3543 3542/3542/3542
f 3544/3544/3544 3545/3545/3545 3546/3546/3546
f 3545/3545/3545 3547/3547/3547 3546/3546/3546
f 3548/3548/3548 3549/3549/3549 3550/3550/3550
f 3549/3549/3549 3551/3551/3551 3550/3550/3550
f 3552/3552/3552 3553/3553/3553 3554/3554/3554
f 3553/3553/3553 3555/3555/3555 3554/3554/3554
f 3556/3556/3556 3557/3557/3557 3558/3558/3558
f 3557/3557/3557 3559/3559/3559 3558/3558/3558
f 3560/3560/3560 3561/3561/3561 3562/3562/3562
f 3561/3561/3561 3563/3563/3563 3562/3562/3562
f 3564/3564/3564 3565/3565/3565 3566/3566/3566
f 3565/3565/3565 3567/3567/3567 3566/3566/3566
f 3568/3568/3568 3569/3569/3569 3570/3570/3570
f 3569/3569/3569 3571/3571/3571 3570/3570/3570
f 3572/3572/3572 3573/3573/3573 3574/3574/3574
f 3573/3573/3573 3575/3575/3575 3574/3574/3574
f 3576/3576/3576 3577/3577/3577 3578/3578/3578
f 3577/3577/3577 3579/3579/3579 3578/3578/3578
f 3580/3580/3580 3581/3581/3581 3582/3582/3582
f 3581/3581/3581 3583/3583/3583 3582/3582/3582
f 3584/3584/3584 3585/3585/3585 3586/3586/3586
f 3585/3585/3585 3587/3587/3587 3586/3586/3586
f 3588/3588/3588 3589/3589/3589 3590/3590/3590
f 3589/3589/3589 3591/3591/3591 3590/3590/3590
f 3592/3592/3592 3593/3593/3593 3594/3594/3594
f 3593/3593/3593 3595/3595/3595 3594/3594/3594
f 3596/3596/3596 3597/3597/3597 3598/3598/3598
f 3597/3597/3597 3599/3599/3599 3598/3598/3598
f 3600/3600/3600 3601/3601/3601 3602/3602/3602
f 3601/3601/3601 3603/3603/3603 3602/3602/3602
f 3604/3604/3604 3605/3605/3605 3606/3606/3606
f 3605/3605/3605 3607/3607/3607 3606/3606/3606
f 3608/3608/3608 3609/3609/3609 3610/3610/3610
f 3609/3609/3609 3611/3611/3611 3610/3610/3610
f 3612/3612/3612 3613/3613/3613 3614/3614/3614
f 3613/3613/3613 3615/3615/3615 3614/3614/3614
f 3616/3616/3616 3617/3617/3617 3618/3618/3618
f 3617/3617/3617 3619/3619/3619 3618/3618/3618
f 3620/3620/3620 3621/3621/3621 3622/3622/3622
f 3621/3621/3621 3623/3623/3623 3622/3622/3622
f 3624/3624/3624 3625/3625/3625 3626/3626/3626
f 3625/3625/3625 3627/3627/3627 3626/3626/3626
f 3628/3628/3628 3629/3629/3629 3630/3630/3630
f 3629/3629/3629 3631/3631/3631 3630/3630/3630
f 3632/3632/3632 3633/3633/3633 3634/3634/3634
f 3633/3633/3633 3635/3635/3635 3634/3634/3634
f 3636/3636/3636 3637/3637/3637 3638/3638/3638
f 3637/3637/3637 3639/3639/3639 3638/3638/3638
f 3640/3640/3640 3641/3641/3641 3642/3642/3642
f 3641/3641/3641 3643/3643/3643 3642/3642/3642
f 3644/3644/3644 3645/3645/3645 3646/3646/3646
f 3645/3645/3645 3647/3647/3647 3646/3646/3646
f 3648/3648/3648 3649/3649/3649 3650/3650/3650
f 3649/3649/3649 3651/3651/3651 3650/3650/3650
f 3652/3652/3652 3653/3653/3653 3654/3654/3654
f 3653/3653/3653 3655/3655/3655 3654/3654/3654
f 3656/3656/3656 3657/3657/3657 3658/3658/3658
f 3657/3657/3657 3659/3659/3659 3658/3658/3658
f 3660/3660/3660 3661/3661/3661 3662/3662/3662
f 3661/3661/3661 3663/3663/3663 3662/3662/3662
f 3664/3664/3664 3665/3665/3665 3666/3666/3666
f 3665/3665/3665 3667/3667/3667 3666/3666/3666
f 3668/3668/3668 3669/3669/3669 3670/3670/3670
f 3669/3669/3669 3671/3671/3671 3670/3670/3670
f 3672/3672/3672 3673/3673/3673 3674/3674/3674
f 3673/3673/3673 3675/3675/3675 3674/3674/3674
f 3676/3676/3676 3677/3677/3677 3678/3678/3678
f 3677/3677/3677 3679/3679/3679 3678/3678/3678
f 3680/3680/3680 3681/3681/3681 3682/3682/3682
f 3681/3681/3681 3683/3683/3683 3682/3682/3682
f 3684/3684/3684 3685/3685/3685 3683/3683/3683
f 3685/3685/3685 3686/3686/3686 3683/3683/3683
f 3687/3687/3687 3688/3688/3688 3686/3686/3686
f 3688/3688/3688 3689/3689/3689 3686/3686/3686
f 3690/3690/3690 3691/3691/3691 3689/3689/3689
f 3691/3691/3691 3692/3692/3692 3689/3689/3689
f 3693/3693/3693 3694/3694/3694 3692/3692/3692
f 3694/3694/3694 3695/3695/3695 3692/3692/3692
f 3696/3696/3696 3697/3697/3697 3695/3695/3695
f 3697/3697/3697 3698/3698/3698 3695/3695/3695
f 3699/3699/3699 3700/3700/3700 3698/3698/3698
f 3700/3700/3700 3701/3701/3701 3698/3698/3698
f 3702/3702/3702 3703/3703/3703 3701/3701/3701
f 3703/3703/3703 3704/3704/3704 3701/3701/3701
f 3705/3705/3705 3706/3706/3706 3704/3704/3704
f 3706/3706/3706 3707/3707/3707 3704/3704/3704
f 3708/3708/3708 3709/3709/3709 3707/3707/3707
f 3709/3709/3709 3710/3710/3710 3707/3707/3707
f 3711/3711/3711 3712/3712/3712 3710/3710/3710
f 3712/3712/3712 3713/3713/3713 3710/3710/3710
f 3714/3714/3714 3715/3715/3715 3713/3713/3713
f 3715/3715/3715 3716/3716/3716 3713/3713/3713
f 3717/3717/3717 3718/3718/3718 3716/3716/3716
f 3718/3718/3718 3719/3719/3719 3716/3716/3716
f 3720/3720/3720 3721/3721/3721 3719/3719/3719
f 3721/3721/3721 3722/3722/3722 3719/3719/3719
f 3723/3723/3723 3724/3724/3724 3722/3722/3722
f 3724/3724/3724 3725/3725/3725 3722/3722/3722
f 3726/3726/3726 3727/3727/3727 3725/3725/3725
f 3727/3727/3727 3682/3682/3682 3725/3725/3725
f 3728/3728/3728 3729/3729/3729 3730/3730/3730
f 3729/3729/3729 3731/3731/3731 3730/3730/3730
f 3732/3732/3732 3733/3733/3733 3734/3734/3734
f 3733/3733/3733 3735/3735/3735 3734/3734/3734
f 3736/3736/3736 3737/3737/3737 3738/3738/3738
f 3737/3737/3737 3739/3739/3739 3738/3738/3738
f 3740/3740/3740 3741/3741/3741 3742/3742/3742
f 3741/3741/3741 3743/3743/3743 3742/3742/3742
f 3744/3744/3744 3745/3745/3745 3746/3746/3746
f 3745/3745/3745 3747/3747/3747 3746/3746/3746
f 3748/3748/3748 3749/3749/3749 3750/3750/3750
f 3749/3749/3749 3751/3751/3751 3750/3750/3750
f 3752/3752/3752 3753/3753/3753 3754/3754/3754
f 3753/3753/3753 3755/3755/3755 3754/3754/3754
f 3756/3756/3756 3757/3757/3757 3758/3758/3758
f 3757/3757/3757 3759/3759/3759 3758/3758/3758
f 3760/3760/3760 3761/3761/3761 3762/3762/3762
f 3761/3761/3761 3763/3763/3763 3762/3762/3762
f 3764/3764/3764 3765/3765/3765 3766/3766/3766
f 3765/3765/3765 3767/3767/3767 3766/3766/3766
f 3768/3768/3768 3769/3769/3769 3770/3770/3770
f 3769/3769/3769 3771/3771/3771 3770/3770/3770
f 3772/3772/3772 3773/3773/3773 3774/3774/3774
f 3773/3773/3773 3775/3775/3775 3774/3774/3774
f 3776/3776/3776 3777/3777/3777 3778/3778/3778
f 3777/3777/3777 3779/3779/3779 3778/3778/3778
f 3780/3780/3780 3781/3781/3781 3782/3782/3782
f 3781/3781/3781 3783/3783/3783 3782/3782/3782
f 3784/3784/3784 3785/3785/3785 3786/3786/3786
f 3785/3785/3785 3787/3787/3787 3786/3786/3786
f 3788/3788/3788 3789/3789/3789 3790/3790/3790
f 3789/3789/3789 3791/3791/3791 3790/3790/3790
f 3792/3792/3792 3793/3793/3793 3794/3794/3794
f 3793/3793/3793 3795/3795/3795 3794/3794/3794
f 3796/3796/3796 3797/3797/3797 3798/3798/3798
f 3797/3797/3797 3799/3799/3799 3798/3798/3798
f 3800/3800/3800 3801/3801/3801 3802/3802/3802
f 3801/3801/3801 3803/3803/3803 3802/3802/3802
f 3804/3804/3804 3805/3805/3805 3806/3806/3806
f 3805/3805/3805 3807/3807/3807 3806/3806/3806
f 3808/3808/3808 3809/3809/3809 3810/3810/3810
f 3809/3809/3809 3811/3811/3811 3810/3810/3810
f 3812/3812/3812 3813/3813/3813 3814/3814/3814
f 3813/3813/3813 3815/3815/3815 3814/3814/3814
f 3816/3816/3816 3817/3817/3817 3818/3818/3818
f 3817/3817/3817 3819/3819/3819 3818/3818/3818
f 3820/3820/3820 3821/3821/3821 3822/3822/3822
f 3821/3821/3821 3823/3823/3823 3822/3822/3822
f 3824/3824/3824 3825/3825/3825 3826/3826/3826
f 3825/3825/3825 3827/3827/3827 3826/3826/3826
f 3828/3828/3828 3829/3829/3829 3830/3830/3830
f 3829/3829/3829 3831/3831/3831 3830/3830/3830
f 3832/3832/3832 3833/3833/3833 3834/3834/3834
f 3833/3833/3833 3835/3835/3835 3834/3834/3834
f 3836/3836/3836 3837/3837/3837 3838/3838/3838
f 3837/3837/3837 3839/3839/3839 3838/3838/3838
f 3840/3840/3840 3841/3841/3841 3842/3842/3842
f 3841/3841/3841 3843/3843/3843 3842/3842/3842
f 3844/3844/3844 3845/3845/3845 3846/3846/3846
f 3845/3845/3845 3847/3847/3847 3846/3846/3846
f 3848/3848/3848 3849/3849/3849 3850/3850/3850
f 3849/3849/3849 3851/3851/3851 3850/3850/3850
f 3852/3852/3852 3853/3853/3853 3854/3854/3854
f 3853/3853/3853 3855/3855/3855 3854/3854/3854
f 3856/3856/3856 3857/3857/3857 3858/3858/3858
f 3857/3857/3857 3859/3859/3859 3858/3858/3858
f 3857/3857/3857 3860/3860/3860 3859/3859/3859
f 3860/3860/3860 3861/3861/3861 3859/3859/3859
f 3860/3860/3860 3862/3862/3862 3861/3861/3861
f 3862/3862/3862 3863/3863/3863 3861/3861/3861
f 3862/3862/3862 3864/3864/3864 3863/3863/3863
f 3864/3864/3864 3865/3865/3865 3863/3863/3863
f 3864/3864/3864 3866/3866/3866 3865/3865/3865
f 3866/3866/3866 3867/3867/3867 3865/3865/3865
f 3866/3866/3866 3868/3868/3868 3867/3867/3867
f 3868/3868/3868 3869/3869/3869 3867/3867/3867
f 3868/3868/3868 3870/3870/3870 3869/3869/3869
f 3870/3870/3870 3871/3871/3871 3869/3869/3869
f 3870/3870/3870 3872/3872/3872 3871/3871/3871
f 3872/3872/3872 3873/3873/3873 3871/3871/3871
f 3872/3872/3872 3874/3874/3874 3873/3873/3873
f 3874/3874/3874 3875/3875/3875 3873/3873/3873
f 3874/3874/3874 3876/3876/3876 3875/3875/3875
f 3876/3876/3876 3877/3877/3877 3875/3875/3875
f 3876/3876/3876 3878/3878/3878 3877/3877/3877
f 3878/3878/3878 3879/3879/3879 3877/3877/3877
f 3878/3878/3878 3880/3880/3880 3879/3879/3879
f 3880/3880/3880 3881/3881/3881 3879/3879/3879
f 3880/3880/3880 3882/3882/3882 3881/3881/3881
f 3882/3882/3882 3883/3883/3883 3881/3881/3881
f 3882/3882/3882 3884/3884/3884 3883/3883/3883
f 3884/3884/3884 3885/3885/3885 3883/3883/3883
f 3884/3884/3884 3886/3886/3886 3885/3885/3885
f 3886/3886/3886 3887/3887/3887 3885/3885/3885
f 3886/3886/3886 3856/3856/3856 3887/3887/3887
f 3856/3856/3856 3858/3858/3858 3887/3887/3887
f 3858/3858/3858 3859/3859/3859 3888/3888/3888
f 3859/3859/3859 3889/3889/3889 3888/3888/3888
f 3859/3859/3859 3890/3890/3890 3889/3889/3889
f 3890/3890/3890 3891/3891/3891 3889/3889/3889
f 3892/3892/3892 3863/3863/3863 3893/3893/3893
f 3863/3863/3863 3894/3894/3894 3893/3893/3893
f 3863/3863/3863 3865/3865/3865 3894/3894/3894
f 3865/3865/3865 3895/3895/3895 3894/3894/3894
f 3865/3865/3865 3867/3867/3867 3895/3895/3895
f 3867/3867/3867 3896/3896/3896 3895/3895/3895
f 3867/3867/3867 3897/3897/3897 3896/3896/3896
f 3897/3897/3897 3898/3898/3898 3896/3896/3896
f 3899/3899/3899 3871/3871/3871 3900/3900/3900
f 3871/3871/3871 3901/3901/3901 3900/3900/3900
f 3871/3871/3871 3873/3873/3873 3901/3901/3901
f 3873/3873/3873 3902/3902/3902 3901/3901/3901
f 3873/3873/3873 3875/3875/3875 3902/3902/3902
f 3875/3875/3875 3903/3903/3903 3902/3902/3902
f 3875/3875/3875 3904/3904/3904 3903/3903/3903
f 3904/3904/3904 3905/3905/3905 3903/3903/3903
f 3906/3906/3906 3879/3879/3879 3907/3907/3907
f 3879/3879/3879 3908/3908/3908 3907/3907/3907
f 3879/3879/3879 3881/3881/3881 3908/3908/3908
f 3881/3881/3881 3909/3909/3909 3908/3908/3908
f 3881/3881/3881 3883/3883/3883 3909/3909/3909
f 3883/3883/3883 3910/3910/3910 3909/3909/3909
f 3883/3883/3883 3911/3911/3911 3910/3910/3910
f 3911/3911/3911 3912/3912/3912 3910/3910/3910
f 3913/3913/3913 3887/3887/3887 3914/3914/3914
f 3887/3887/3887 3915/3915/3915 3914/3914/3914
f 3887/3887/3887 3858/3858/3858 3915/3915/3915
f 3858/3858/3858 3888/3888/3888 3915/3915/3915
f 3916/3916/3916 3917/3917/3917 3918/3918/3918
f 3917/3917/3917 3919/3919/3919 3918/3918/3918
f 3920/3920/3920 3921/3921/3921 3922/3922/3922
f 3921/3921/3921 3923/3923/3923 3922/3922/3922
f 3924/3924/3924 3925/3925/3925 3926/3926/3926
f 3925/3925/3925 3927/3927/3927 3926/3926/3926
f 3928/3928/3928 3929/3929/3929 3930/3930/3930
f 3929/3929/3929 3931/3931/3931 3930/3930/3930
f 3932/3932/3932 3933/3933/3933 3931/3931/3931
f 3933/3933/3933 3934/3934/3934 3931/3931/3931
f 3935/3935/3935 3936/3936/3936 3937/3937/3937
f 3936/3936/3936 3938/3938/3938 3937/3937/3937
f 3939/3939/3939 3940/3940/3940 3941/3941/3941
f 3940/3940/3940 3942/3942/3942 3941/3941/3941
f 3943/3943/3943 3944/3944/3944 3945/3945/3945
f 3944/3944/3944 3946/3946/3946 3945/3945/3945
f 3947/3947/3947 3948/3948/3948 3946/3946/3946
f 3948/3948/3948 3949/3949/3949 3946/3946/3946
f 3950/3950/3950 3951/3951/3951 3952/3952/3952
f 3951/3951/3951 3953/3953/3953 3952/3952/3952
f 3954/3954/3954 3955/3955/3955 3956/3956/3956
f 3955/3955/3955 3957/3957/3957 3956/3956/3956
f 3958/3958/3958 3959/3959/3959 3960/3960/3960
f 3959/3959/3959 3961/3961/3961 3960/3960/3960
f 3962/3962/3962 3963/3963/3963 3961/3961/3961
f 3963/3963/3963 3964/3964/3964 3961/3961/3961
f 3965/3965/3965 3966/3966/3966 3967/3967/3967
f 3966/3966/3966 3968/3968/3968 3967/3967/3967
f 3969/3969/3969 3970/3970/3970 3971/3971/3971
f 3970/3970/3970 3972/3972/3972 3971/3971/3971
f 3973/3973/3973 3974/3974/3974 3975/3975/3975
f 3974/3974/3974 3918/3918/3918 3975/3975/3975
f 3976/3976/3976 3977/3977/3977 3978/3978/3978
f 3977/3977/3977 3979/3979/3979 3978/3978/3978
f 3977/3977/3977 3980/3980/3980 3979/3979/3979
f 3980/3980/3980 3981/3981/3981 3979/3979/3979
f 3980/3980/3980 3982/3982/3982 3981/3981/3981
f 3982/3982/3982 3983/3983/3983 3981/3981/3981
f 3982/3982/3982 3984/3984/3984 3983/3983/3983
f 3984/3984/3984 3985/3985/3985 3983/3983/3983
f 3984/3984/3984 3986/3986/3986 3985/3985/3985
f 3986/3986/3986 3987/3987/3987 3985/3985/3985
f 3986/3986/3986 3988/3988/3988 3987/3987/3987
f 3988/3988/3988 3989/3989/3989 3987/3987/3987
f 3988/3988/3988 3990/3990/3990 3989/3989/3989
f 3990/3990/3990 3991/3991/3991 3989/3989/3989
f 3990/3990/3990 3992/3992/3992 3991/3991/3991
f 3992/3992/3992 3993/3993/3993 3991/3991/3991
f 3992/3992/3992 3994/3994/3994 3993/3993/3993
f 3994/3994/3994 3995/3995/3995 3993/3993/3993
f 3994/3994/3994 3996/3996/3996 3995/3995/3995
f 3996/3996/3996 3997/3997/3997 3995/3995/3995
f 3996/3996/3996 3998/3998/3998 3997/3997/3997
f 3998/3998/3998 3999/3999/3999 3997/3997/3997
f 3998/3998/3998 4000/4000/4000 3999/3999/3999
f 4000/4000/4000 4001/4001/4001 3999/3999/3999
f 4000/4000/4000 4002/4002/4002 4001/4001/4001
f 4002/4002/4002 4003/4003/4003 4001/4001/4001
f 4002/4002/4002 4004/4004/4004 4003/4003/4003
f 4004/4004/4004 4005/4005/4005 4003/4003/4003
f 4004/4004/4004 4006/4006/4006 4005/4005/4005
f 4006/4006/4006 4007/4007/4007 4005/4005/4005
f 4006/4006/4006 3976/3976/3976 4007/4007/4007
f 3976/3976/3976 3978/3978/3978 4007/4007/4007
f 4008/4008/4008 4009/4009/4009 4010/4010/4010
f 4009/4009/4009 4011/4011/4011 4010/4010/4010
f 4012/4012/4012 4013/4013/4013 4014/4014/4014
f 4013/4013/4013 4015/4015/4015 4014/4014/4014
f 4016/4016/4016 4017/4017/4017 4018/4018/4018
f 4017/4017/4017 4019/4019/4019 4018/4018/4018
f 4020/4020/4020 4021/4021/4021 4022/4022/4022
f 4021/4021/4021 4023/4023/4023 4022/4022/4022
f 4024/4024/4024 4025/4025/4025 4026/4026/4026
f 4025/4025/4025 4027/4027/4027 4026/4026/4026
f 4028/4028/4028 4029/4029/4029 4030/4030/4030
f 4029/4029/4029 4031/4031/4031 4030/4030/4030
f 4032/4032/4032 4033/4033/4033 4034/4034/4034
f 4033/4033/4033 4035/4035/4035 4034/4034/4034
f 4036/4036/4036 4037/4037/4037 4038/4038/4038
f 4037/4037/4037 4039/4039/4039 4038/4038/4038
f 4040/4040/4040 4041/4041/4041 4042/4042/4042
f 4041/4041/4041 4043/4043/4043 4042/4042/4042
f 4044/4044/4044 4045/4045/4045 4046/4046/4046
f 4045/4045/4045 4047/4047/4047 4046/4046/4046
f 4048/4048/4048 4049/4049/4049 4050/4050/4050
f 4049/4049/4049 4051/4051/4051 4050/4050/4050
f 4052/4052/4052 4053/4053/4053 4054/4054/4054
f 4053/4053/4053 4055/4055/4055 4054/4054/4054
f 4056/4056/4056 4057/4057/4057 4058/4058/4058
f 4057/4057/4057 4059/4059/4059 4058/4058/4058
f 4060/4060/4060 4061/4061/4061 4062/4062/4062
f 4061/4061/4061 4063/4063/4063 4062/4062/4062
f 4064/4064/4064 4065/4065/4065 4066/4066/4066
f 4065/4065/4065 4067/4067/4067 4066/4066/4066
f 4068/4068/4068 4069/4069/4069 4070/4070/4070
f 4069/4069/4069 4071/4071/4071 4070/4070/4070
f 4072/4072/4072 4073/4073/4073 4074/4074/4074
f 4075/4075/4075 4076/4076/4076 4077/4077/4077
f 4078/4078/4078 4079/4079/4079 4080/4080/4080
f 4081/4081/4081 4082/4082/4082 4083/4083/4083
f 4084/4084/4084 4085/4085/4085 4086/4086/4086
f 4087/4087/4087 4088/4088/4088 4089/4089/4089
f 4090/4090/4090 4091/4091/4091 4092/4092/4092
f 4093/4093/4093 4094/4094/4094 4095/4095/4095
f 4096/4096/4096 4097/4097/4097 4098/4098/4098
f 4099/4099/4099 4100/4100/4100 4101/4101/4101
f 4102/4102/4102 4103/4103/4103 4104/4104/4104
f 4105/4105/4105 4106/4106/4106 4107/4107/4107
f 4108/4108/4108 4109/4109/4109 4110/4110/4110
f 4111/4111/4111 4112/4112/4112 4113/4113/4113
f 4114/4114/4114 4115/4115/4115 4116/4116/4116
f 4117/4117/4117 4118/4118/4118 4119/4119/4119
f 4120/4120/4120 4121/4121/4121 4122/4122/4122
f 4120/4120/4120 4123/4123/4123 4121/4121/4121
f 4120/4120/4120 4124/4124/4124 4123/4123/4123
f 4120/4120/4120 4125/4125/4125 4124/4124/4124
f 4120/4120/4120 4126/4126/4126 4125/4125/4125
f 4120/4120/4120 4127/4127/4127 4126/4126/4126
f 4120/4120/4120 4128/4128/4128 4127/4127/4127
f 4120/4120/4120 4129/4129/4129 4128/4128/4128
f 4120/4120/4120 4130/4130/4130 4129/4129/4129
f 4120/4120/4120 4131/4131/4131 4130/4130/4130
f 4120/4120/4120 4132/4132/4132 4131/4131/4131
f 4120/4120/4120 4133/4133/4133 4132/4132/4132
f 4120/4120/4120 4134/4134/4134 4133/4133/4133
f 4120/4120/4120 4135/4135/4135 4134/4134/4134
f 4120/4120/4120 4136/4136/4136 4135/4135/4135
f 4120/4120/4120 4122/4122/4122 4136/4136/4136
f 4137/4137/4137 4138/4138/4138 4139/4139/4139
f 4138/4138/4138 4140/4140/4140 4139/4139/4139
f 4141/4141/4141 4142/4142/4142 4143/4143/4143
f 4142/4142/4142 4144/4144/4144 4143/4143/4143
f 4145/4145/4145 4146/4146/4146 4147/4147/4147
f 4146/4146/4146 4148/4148/4148 4147/4147/4147
f 4149/4149/4149 4150/4150/4150 4151/4151/4151
f 4150/4150/4150 4152/4152/4152 4151/4151/4151
f 4153/4153/4153 4154/4154/4154 4155/4155/4155
f 4154/4154/4154 4156/4156/4156 4155/4155/4155
f 4157/4157/4157 4158/4158/4158 4159/4159/4159
f 4158/4158/4158 4160/4160/4160 4159/4159/4159
f 4161/4161/4161 4162/4162/4162 4163/4163/4163
f 4162/4162/4162 4164/4164/4164 4163/4163/4163
f 4165/4165/4165 4166/4166/4166 4167/4167/4167
f 4166/4166/4166 4168/4168/4168 4167/4167/4167
f 4169/4169/4169 4170/4170/4170 4171/4171/4171
f 4170/4170/4170 4172/4172/4172 4171/4171/4171
f 4173/4173/4173 4174/4174/4174 4175/4175/4175
f 4174/4174/4174 4176/4176/4176 4175/4175/4175
f 4177/4177/4177 4178/4178/4178 4179/4179/4179
f 4178/4178/4178 4180/4180/4180 4179/4179/4179
f 4181/4181/4181 4182/4182/4182 4183/4183/4183
f 4182/4182/4182 4184/4184/4184 4183/4183/4183
f 4185/4185/4185 4186/4186/4186 4187/4187/4187
f 4186/4186/4186 4188/4188/4188 4187/4187/4187
f 4189/4189/4189 4190/4190/4190 4191/4191/4191
f 4190/4190/4190 4192/4192/4192 4191/4191/4191
f 4193/4193/4193 4194/4194/4194 4195/4195/4195
f 4194/4194/4194 4196/4196/4196 4195/4195/4195
f 4197/4197/4197 4198/4198/4198 4199/4199/4199
f 4198/4198/4198 4200/4200/4200 4199/4199/4199
f 4201/4201/4201 4202/4202/4202 4203/4203/4203
f 4202/4202/4202 4204/4204/4204 4203/4203/4203
f 4205/4205/4205 4206/4206/4206 4207/4207/4207
f 4206/4206/4206 4208/4208/4208 4207/4207/4207
f 4209/4209/4209 4210/4210/4210 4211/4211/4211
f 4210/4210/4210 4212/4212/4212 4211/4211/4211
f 4213/4213/4213 4214/4214/4214 4215/4215/4215
f 4214/4214/4214 4216/4216/4216 4215/4215/4215
f 4217/4217/4217 4218/4218/4218 4219/4219/4219
f 4218/4218/4218 4220/4220/4220 4219/4219/4219
f 4221/4221/4221 4222/4222/4222 4223/4223/4223
f 4222/4222/4222 4224/4224/4224 4223/4223/4223
f 4225/4225/4225 4226/4226/4226 4227/4227/4227
f 4226/4226/4226 4228/4228/4228 4227/4227/4227
f 4229/4229/4229 4230/4230/4230 4231/4231/4231
f 4230/4230/4230 4232/4232/4232 4231/4231/4231
f 4233/4233/4233 4234/4234/4234 4235/4235/4235
f 4234/4234/4234 4236/4236/4236 4235/4235/4235
f 4237/4237/4237 4238/4238/4238 4239/4239/4239
f 4238/4238/4238 4240/4240/4240 4239/4239/4239
f 4241/4241/4241 4242/4242/4242 4243/4243/4243
f 4242/4242/4242 4244/4244/4244 4243/4243/4243
f 4245/4245/4245 4246/4246/4246 4247/4247/4247
f 4246/4246/4246 4248/4248/4248 4247/4247/4247
f 4249/4249/4249 4250/4250/4250 4251/4251/4251
f 4250/4250/4250 4252/4252/4252 4251/4251/4251
f 4253/4253/4253 4254/4254/4254 4255/4255/4255
f 4254/4254/4254 4256/4256/4256 4255/4255/4255
f 4257/4257/4257 4258/4258/4258 4259/4259/4259
f 4258/4258/4258 4260/4260/4260 4259/4259/4259
f 4261/4261/4261 4262/4262/4262 4263/4263/4263
f 4262/4262/4262 4264/4264/4264 4263/4263/4263
o S16
v 0.00000000000 1.66199999875 0.00000000000
v 0.0111936582252 1.66199999875 0.00347742391750
v 0.0121159283444 1.66199999875 0.00000000000
v 0.00856725499034 1.66199999875 0.00642544124275
v 0.00463656522334 1.66199999875 0.00839524343610
v 7.41886659171e-19 1.66199999875 0.00908694602549
v -0.00463656522334 1.66199999875 0.00839524343610
v -0.00856725499034 1.66199999875 0.00642544124275
v -0.0111936582252 1.66199999875 0.00347742391750
v -0.0121159283444 1.66199999875 1.11282996291e-18
v -0.0111936582252 1.66199999875 -0.00347742391750
v -0.00856725499034 1.66199999875 -0.00642544124275
v -0.00463656522334 1.66199999875 -0.00839524343610
v -2.22565992582e-18 1.66199999875 -0.00908694602549
v 0.00463656522334 1.66199999875 -0.00839524343610
v 0.00856725499034 1.66199999875 -0.00642544124275
v 0.0111936582252 1.66199999875 -0.00347742391750
v 0.0134585900232 1.66128591275 0.00000000000
v 0.0124341165647 1.66128591275 0.00386278470978
v 0.00856725499034 1.66199999875 0.00642544124275
v 0.00951666012406 1.66128591275 0.00713749555871
v 0.00856725499034 1.66199999875 0.00642544124275
v 0.00463656522334 1.66199999875 0.00839524343610
v 0.00951666012406 1.66128591275 0.00713749555871
v 0.00515037961304 1.66128591275 0.00932558719069
v 0.00463656522334 1.66199999875 0.00839524343610
v 7.41886659171e-19 1.66199999875 0.00908694602549
v 0.00515037961304 1.66128591275 0.00932558719069
v 8.24100967434e-19 1.66128591275 0.0100939432159
v 7.41886659171e-19 1.66199999875 0.00908694602549
v -0.00463656522334 1.66199999875 0.00839524343610
v -0.00515037961304 1.66128591275 0.00932558719069
v -0.00463656522334 1.66199999875 0.00839524343610
v -0.00856725499034 1.66199999875 0.00642544124275
v -0.00515037961304 1.66128591275 0.00932558719069
v -0.00951666012406 1.66128591275 0.00713749555871
v -0.00856725499034 1.66199999875 0.00642544124275
v -0.00951666012406 1.66128591275 0.00713749555871
v -0.0124341165647 1.66128591275 0.00386278470978
v -0.0134585900232 1.66128591275 1.23615142530e-18
v -0.0124341165647 1.66128591275 -0.00386278470978
v -0.00856725499034 1.66199999875 -0.00642544124275
v -0.00951666012406 1.66128591275 -0.00713749555871
v -0.00856725499034 1.66199999875 -0.00642544124275
v -0.00463656522334 1.66199999875 -0.00839524343610
v -0.00951666012406 1.66128591275 -0.00713749555871
v -0.00515037961304 1.66128591275 -0.00932558719069
v -0.00463656522334 1.66199999875 -0.00839524343610
v -2.22565992582e-18 1.66199999875 -0.00908694602549
v -0.00515037961304 1.66128591275 -0.00932558719069
v -2.47230285060e-18 1.66128591275 -0.0100939432159
v -2.22565992582e-18 1.66199999875 -0.00908694602549
v 0.00463656522334 1.66199999875 -0.00839524343610
v 0.00515037961304 1.66128591275 -0.00932558719069
v 0.00463656522334 1.66199999875 -0.00839524343610
v 0.00856725499034 1.66199999875 -0.00642544124275
v 0.00515037961304 1.66128591275 -0.00932558719069
v 0.00951666012406 1.66128591275 -0.00713749555871
v 0.00856725499034 1.66199999875 -0.00642544124275
v 0.00951666012406 1.66128591275 -0.00713749555871
v 0.0124341165647 1.66128591275 -0.00386278470978
v 0.0198995377868 1.65670286691 0.00000000000
v 0.0183847770095 1.65670286691 0.00571141764522
v 0.0140710985288 1.65670286691 0.0105533236638
v 0.00951666012406 1.66128591275 0.00713749555871
v 0.00761522352695 1.65670286691 0.0137885818258
v 0.00515037961304 1.66128591275 0.00932558719069
v 1.21849525513e-18 1.65670286691 0.0149246538058
v -0.00515037961304 1.66128591275 0.00932558719069
v -0.00761522352695 1.65670286691 0.0137885818258
v -0.00951666012406 1.66128591275 0.00713749555871
v -0.0140710985288 1.65670286691 0.0105533236638
v -0.0183847770095 1.65670286691 0.00571141764522
v -0.0198995377868 1.65670286691 1.82774303779e-18
v -0.0183847770095 1.65670286691 -0.00571141764522
v -0.0140710985288 1.65670286691 -0.0105533236638
v -0.00951666012406 1.66128591275 -0.00713749555871
v -0.00761522352695 1.65670286691 -0.0137885818258
v -0.00515037961304 1.66128591275 -0.00932558719069
v -3.65548607557e-18 1.65670286691 -0.0149246538058
v 0.00515037961304 1.66128591275 -0.00932558719069
v 0.00761522352695 1.65670286691 -0.0137885818258
v 0.00951666012406 1.66128591275 -0.00713749555871
v 0.0140710985288 1.65670286691 -0.0105533236638
v 0.0183847770095 1.65670286691 -0.00571141764522
v 0.0260000005364 1.65039677000 0.00000000000
v 0.0240208674222 1.65039677000 0.00746232690290
v 0.0183847770095 1.65670286691 0.00571141764522
v 0.0240208674222 1.65039677000 0.00746232690290
v 0.0183847770095 1.65039677000 0.0137885818258
v 0.00994976889342 1.65039677000 0.0180156510323
v 1.59204081737e-18 1.65039677000 0.0195000004023
v -0.00994976889342 1.65039677000 0.0180156510323
v -0.0183847770095 1.65039677000 0.0137885818258
v -0.0183847770095 1.65670286691 0.00571141764522
v -0.0240208674222 1.65039677000 0.00746232690290
v -0.0240208674222 1.65039677000 0.00746232690290
v -0.0260000005364 1.65039677000 2.38806132945e-18
v -0.0240208674222 1.65039677000 -0.00746232690290
v -0.0183847770095 1.65670286691 -0.00571141764522
v -0.0240208674222 1.65039677000 -0.00746232690290
v -0.0183847770095 1.65039677000 -0.0137885818258
v -0.00994976889342 1.65039677000 -0.0180156510323
v -4.77612265891e-18 1.65039677000 -0.0195000004023
v 0.00994976889342 1.65039677000 -0.0180156510323
v 0.0183847770095 1.65039677000 -0.0137885818258
v 0.0183847770095 1.65670286691 -0.00571141764522
v 0.0240208674222 1.65039677000 -0.00746232690290
v 0.0240208674222 1.65039677000 -0.00746232690290
v 0.0316555947065 1.64247551388 0.00000000000
v 0.0292459558696 1.64247551388 0.00908555369824
v 0.0292459558696 1.64247551388 0.00908555369824
v 0.0223838854581 1.64247551388 0.0167879145592
v 0.0121140712872 1.64247551388 0.0219344664365
v 1.93834618467e-18 1.64247551388 0.0237416960299
v -0.0121140712872 1.64247551388 0.0219344664365
v -0.0223838854581 1.64247551388 0.0167879145592
v -0.0292459558696 1.64247551388 0.00908555369824
v -0.0292459558696 1.64247551388 0.00908555369824
v -0.0316555947065 1.64247551388 2.90751917361e-18
v -0.0292459558696 1.64247551388 -0.00908555369824
v -0.0292459558696 1.64247551388 -0.00908555369824
v -0.0223838854581 1.64247551388 -0.0167879145592
v -0.0121140712872 1.64247551388 -0.0219344664365
v -5.81503834722e-18 1.64247551388 -0.0237416960299
v 0.0121140712872 1.64247551388 -0.0219344664365
v 0.0223838854581 1.64247551388 -0.0167879145592
v 0.0292459558696 1.64247551388 -0.00908555369824
v 0.0292459558696 1.64247551388 -0.00908555369824
v 0.0367695540190 1.63307463950 0.00000000000
v 0.0339706353843 1.63307463950 0.0105533236638
v 0.0260000005364 1.63307463950 0.0195000004023
v 0.0140710985288 1.63307463950 0.0254779774696
v 2.25148574531e-18 1.63307463950 0.0275771636516
v -0.0140710985288 1.63307463950 0.0254779774696
v -0.0260000005364 1.63307463950 0.0195000004023
v -0.0339706353843 1.63307463950 0.0105533236638
v -0.0367695540190 1.63307463950 3.37722872136e-18
v -0.0339706353843 1.63307463950 -0.0105533236638
v -0.0260000005364 1.63307463950 -0.0195000004023
v -0.0140710985288 1.63307463950 -0.0254779774696
v -6.75445744273e-18 1.63307463950 -0.0275771636516
v 0.0140710985288 1.63307463950 -0.0254779774696
v 0.0260000005364 1.63307463950 -0.0195000004023
v 0.0339706353843 1.63307463950 -0.0105533236638
v 0.0412543751299 1.62235499746 0.00000000000
v 0.0381140708923 1.62235499746 0.0118405241519
v 0.0291712470353 1.62235499746 0.0218784362078
v 0.0157873649150 1.62235499746 0.0285855531693
v 2.52610185046e-18 1.62235499746 0.0309407804161
v -0.0157873649150 1.62235499746 0.0285855531693
v -0.0291712470353 1.62235499746 0.0218784362078
v -0.0381140708923 1.62235499746 0.0118405241519
v -0.0412543751299 1.62235499746 3.78915267230e-18
v -0.0381140708923 1.62235499746 -0.0118405241519
v -0.0291712470353 1.62235499746 -0.0218784362078
v -0.0157873649150 1.62235499746 -0.0285855531693
v -7.57830534459e-18 1.62235499746 -0.0309407804161
v 0.0157873649150 1.62235499746 -0.0285855531693
v 0.0291712470353 1.62235499746 -0.0218784362078
v 0.0381140708923 1.62235499746 -0.0118405241519
v 0.0450333207846 1.61049999869 0.00000000000
v 0.0416053645313 1.61049999869 0.0129251293838
v 0.0318433679640 1.61049999869 0.0238825250417
v 0.0172335058451 1.61049999869 0.0312040224671
v 2.75749570066e-18 1.61049999869 0.0337749905884
v -0.0172335058451 1.61049999869 0.0312040224671
v -0.0318433679640 1.61049999869 0.0238825250417
v -0.0416053645313 1.61049999869 0.0129251293838
v -0.0450333207846 1.61049999869 4.13624344759e-18
v -0.0416053645313 1.61049999869 -0.0129251293838
v -0.0318433679640 1.61049999869 -0.0238825250417
v -0.0172335058451 1.61049999869 -0.0312040224671
v -8.27248689517e-18 1.61049999869 -0.0337749905884
v 0.0172335058451 1.61049999869 -0.0312040224671
v 0.0318433679640 1.61049999869 -0.0238825250417
v 0.0416053645313 1.61049999869 -0.0129251293838
v 0.0480417348444 1.59771249270 0.00000000000
v 0.0443847775459 1.59771249270 0.0137885818258
v 0.0339706353843 1.59771249270 0.0254779774696
v 0.0183847770095 1.59771249270 0.0332885831594
v 2.94170778910e-18 1.59771249270 0.0360313020647
v -0.0183847770095 1.59771249270 0.0332885831594
v -0.0339706353843 1.59771249270 0.0254779774696
v -0.0443847775459 1.59771249270 0.0137885818258
v -0.0480417348444 1.59771249270 4.41256189044e-18
v -0.0443847775459 1.59771249270 -0.0137885818258
v -0.0339706353843 1.59771249270 -0.0254779774696
v -0.0183847770095 1.59771249270 -0.0332885831594
v -8.82512378088e-18 1.59771249270 -0.0360313020647
v 0.0183847770095 1.59771249270 -0.0332885831594
v 0.0339706353843 1.59771249270 -0.0254779774696
v 0.0443847775459 1.59771249270 -0.0137885818258
v 0.0502281412482 1.58421127512 0.00000000000
v 0.0464047528803 1.58421127512 0.0144161088392
v 0.0355166606605 1.58421127512 0.0266374945641
v 0.0192214790732 1.58421127512 0.0348035655916
v 3.07558676444e-18 1.58421127512 0.0376711077988
v -0.0192214790732 1.58421127512 0.0348035655916
v -0.0355166606605 1.58421127512 0.0266374945641
v -0.0464047528803 1.58421127512 0.0144161088392
v -0.0502281412482 1.58421127512 4.61338025006e-18
v -0.0464047528803 1.58421127512 -0.0144161088392
v -0.0355166606605 1.58421127512 -0.0266374945641
v -0.0192214790732 1.58421127512 -0.0348035655916
v -9.22676050012e-18 1.58421127512 -0.0376711077988
v 0.0192214790732 1.58421127512 -0.0348035655916
v 0.0355166606605 1.58421127512 -0.0266374945641
v 0.0464047528803 1.58421127512 -0.0144161088392
v 0.0515551343560 1.57022735490 0.00000000000
v 0.0476307310164 1.57022735490 0.0147969713435
v 0.0364549830556 1.57022735490 0.0273412372917
v 0.0197292957455 1.57022735490 0.0357230491936
v 3.15684133640e-18 1.57022735490 0.0386663489044
v -0.0197292957455 1.57022735490 0.0357230491936
v -0.0364549830556 1.57022735490 0.0273412372917
v -0.0476307310164 1.57022735490 0.0147969713435
v -0.0515551343560 1.57022735490 4.73526200460e-18
v -0.0476307310164 1.57022735490 -0.0147969713435
v -0.0364549830556 1.57022735490 -0.0273412372917
v -0.0197292957455 1.57022735490 -0.0357230491936
v -9.47052400920e-18 1.57022735490 -0.0386663489044
v 0.0197292957455 1.57022735490 -0.0357230491936
v 0.0364549830556 1.57022735490 -0.0273412372917
v 0.0476307310164 1.57022735490 -0.0147969713435
v 0.0520000010729 1.55600000000 0.00000000000
v 0.0480417348444 1.55600000000 0.0149246538058
v 0.0367695540190 1.55600000000 0.0275771636516
v 0.0198995377868 1.55600000000 0.0360313020647
v 3.18408163474e-18 1.55600000000 0.0390000008047
v -0.0198995377868 1.55600000000 0.0360313020647
v -0.0367695540190 1.55600000000 0.0275771636516
v -0.0480417348444 1.55600000000 0.0149246538058
v -0.0520000010729 1.55600000000 4.77612265891e-18
v -0.0480417348444 1.55600000000 -0.0149246538058
v -0.0367695540190 1.55600000000 -0.0275771636516
v -0.0198995377868 1.55600000000 -0.0360313020647
v -9.55224531782e-18 1.55600000000 -0.0390000008047
v 0.0198995377868 1.55600000000 -0.0360313020647
v 0.0367695540190 1.55600000000 -0.0275771636516
v 0.0480417348444 1.55600000000 -0.0149246538058
v 0.0515551343560 1.54177264510 0.00000000000
v 0.0476307310164 1.54177264510 0.0147969713435
v 0.0364549830556 1.54177264510 0.0273412372917
v 0.0197292957455 1.54177264510 0.0357230491936
v 3.15684133640e-18 1.54177264510 0.0386663489044
v -0.0197292957455 1.54177264510 0.0357230491936
v -0.0364549830556 1.54177264510 0.0273412372917
v -0.0476307310164 1.54177264510 0.0147969713435
v -0.0515551343560 1.54177264510 4.73526200460e-18
v -0.0476307310164 1.54177264510 -0.0147969713435
v -0.0364549830556 1.54177264510 -0.0273412372917
v -0.0197292957455 1.54177264510 -0.0357230491936
v -9.47052400920e-18 1.54177264510 -0.0386663489044
v 0.0197292957455 1.54177264510 -0.0357230491936
v 0.0364549830556 1.54177264510 -0.0273412372917
v 0.0476307310164 1.54177264510 -0.0147969713435
v 0.0502281412482 1.52778872488 0.00000000000
v 0.0464047528803 1.52778872488 0.0144161088392
v 0.0355166606605 1.52778872488 0.0266374945641
v 0.0192214790732 1.52778872488 0.0348035655916
v 3.07558676444e-18 1.52778872488 0.0376711077988
v -0.0192214790732 1.52778872488 0.0348035655916
v -0.0355166606605 1.52778872488 0.0266374945641
v -0.0464047528803 1.52778872488 0.0144161088392
v -0.0502281412482 1.52778872488 4.61338025006e-18
v -0.0464047528803 1.52778872488 -0.0144161088392
v -0.0355166606605 1.52778872488 -0.0266374945641
v -0.0192214790732 1.52778872488 -0.0348035655916
v -9.22676050012e-18 1.52778872488 -0.0376711077988
v 0.0192214790732 1.52778872488 -0.0348035655916
v 0.0355166606605 1.52778872488 -0.0266374945641
v 0.0464047528803 1.52778872488 -0.0144161088392
v 0.0480417348444 1.51428750730 0.00000000000
v 0.0443847775459 1.51428750730 0.0137885818258
v 0.0339706353843 1.51428750730 0.0254779774696
v 0.0183847770095 1.51428750730 0.0332885831594
v 2.94170778910e-18 1.51428750730 0.0360313020647
v -0.0183847770095 1.51428750730 0.0332885831594
v -0.0339706353843 1.51428750730 0.0254779774696
v -0.0443847775459 1.51428750730 0.0137885818258
v -0.0480417348444 1.51428750730 4.41256189044e-18
v -0.0443847775459 1.51428750730 -0.0137885818258
v -0.0339706353843 1.51428750730 -0.0254779774696
v -0.0183847770095 1.51428750730 -0.0332885831594
v -8.82512378088e-18 1.51428750730 -0.0360313020647
v 0.0183847770095 1.51428750730 -0.0332885831594
v 0.0339706353843 1.51428750730 -0.0254779774696
v 0.0443847775459 1.51428750730 -0.0137885818258
v 0.0450333207846 1.50150000131 0.00000000000
v 0.0416053645313 1.50150000131 0.0129251293838
v 0.0318433679640 1.50150000131 0.0238825250417
v 0.0172335058451 1.50150000131 0.0312040224671
v 2.75749570066e-18 1.50150000131 0.0337749905884
v -0.0172335058451 1.50150000131 0.0312040224671
v -0.0318433679640 1.50150000131 0.0238825250417
v -0.0416053645313 1.50150000131 0.0129251293838
v -0.0450333207846 1.50150000131 4.13624344759e-18
v -0.0416053645313 1.50150000131 -0.0129251293838
v -0.0318433679640 1.50150000131 -0.0238825250417
v -0.0172335058451 1.50150000131 -0.0312040224671
v -8.27248689517e-18 1.50150000131 -0.0337749905884
v 0.0172335058451 1.50150000131 -0.0312040224671
v 0.0318433679640 1.50150000131 -0.0238825250417
v 0.0416053645313 1.50150000131 -0.0129251293838
v 0.0412543751299 1.48964500254 0.00000000000
v 0.0381140708923 1.48964500254 0.0118405241519
v 0.0291712470353 1.48964500254 0.0218784362078
v 0.0157873649150 1.48964500254 0.0285855531693
v 2.52610185046e-18 1.48964500254 0.0309407804161
v -0.0157873649150 1.48964500254 0.0285855531693
v -0.0291712470353 1.48964500254 0.0218784362078
v -0.0381140708923 1.48964500254 0.0118405241519
v -0.0412543751299 1.48964500254 3.78915267230e-18
v -0.0381140708923 1.48964500254 -0.0118405241519
v -0.0291712470353 1.48964500254 -0.0218784362078
v -0.0157873649150 1.48964500254 -0.0285855531693
v -7.57830534459e-18 1.48964500254 -0.0309407804161
v 0.0157873649150 1.48964500254 -0.0285855531693
v 0.0291712470353 1.48964500254 -0.0218784362078
v 0.0381140708923 1.48964500254 -0.0118405241519
v 0.0367695540190 1.47892536050 0.00000000000
v 0.0339706353843 1.47892536050 0.0105533236638
v 0.0260000005364 1.47892536050 0.0195000004023
v 0.0140710985288 1.47892536050 0.0254779774696
v 2.25148574531e-18 1.47892536050 0.0275771636516
v -0.0140710985288 1.47892536050 0.0254779774696
v -0.0260000005364 1.47892536050 0.0195000004023
v -0.0339706353843 1.47892536050 0.0105533236638
v -0.0367695540190 1.47892536050 3.37722872136e-18
v -0.0339706353843 1.47892536050 -0.0105533236638
v -0.0260000005364 1.47892536050 -0.0195000004023
v -0.0140710985288 1.47892536050 -0.0254779774696
v -6.75445744273e-18 1.47892536050 -0.0275771636516
v 0.0140710985288 1.47892536050 -0.0254779774696
v 0.0260000005364 1.47892536050 -0.0195000004023
v 0.0339706353843 1.47892536050 -0.0105533236638
v 0.0316555947065 1.46952448612 0.00000000000
v 0.0292459558696 1.46952448612 0.00908555369824
v 0.0292459558696 1.46952448612 0.00908555369824
v 0.0223838854581 1.46952448612 0.0167879145592
v 0.0121140712872 1.46952448612 0.0219344664365
v 1.93834618467e-18 1.46952448612 0.0237416960299
v -0.0121140712872 1.46952448612 0.0219344664365
v -0.0223838854581 1.46952448612 0.0167879145592
v -0.0292459558696 1.46952448612 0.00908555369824
v -0.0292459558696 1.46952448612 0.00908555369824
v -0.0316555947065 1.46952448612 2.90751917361e-18
v -0.0292459558696 1.46952448612 -0.00908555369824
v -0.0292459558696 1.46952448612 -0.00908555369824
v -0.0223838854581 1.46952448612 -0.0167879145592
v -0.0121140712872 1.46952448612 -0.0219344664365
v -5.81503834722e-18 1.46952448612 -0.0237416960299
v 0.0121140712872 1.46952448612 -0.0219344664365
v 0.0223838854581 1.46952448612 -0.0167879145592
v 0.0292459558696 1.46952448612 -0.00908555369824
v 0.0292459558696 1.46952448612 -0.00908555369824
v 0.0260000005364 1.46160323000 0.00000000000
v 0.0240208674222 1.46160323000 0.00746232690290
v 0.0240208674222 1.46160323000 0.00746232690290
v 0.0183847770095 1.46160323000 0.0137885818258
v 0.00994976889342 1.46160323000 0.0180156510323
v 1.59204081737e-18 1.46160323000 0.0195000004023
v -0.00994976889342 1.46160323000 0.0180156510323
v -0.0183847770095 1.46160323000 0.0137885818258
v -0.0240208674222 1.46160323000 0.00746232690290
v -0.0240208674222 1.46160323000 0.00746232690290
v -0.0260000005364 1.46160323000 2.38806132945e-18
v -0.0240208674222 1.46160323000 -0.00746232690290
v -0.0240208674222 1.46160323000 -0.00746232690290
v -0.0183847770095 1.46160323000 -0.0137885818258
v -0.00994976889342 1.46160323000 -0.0180156510323
v -4.77612265891e-18 1.46160323000 -0.0195000004023
v 0.00994976889342 1.46160323000 -0.0180156510323
v 0.0183847770095 1.46160323000 -0.0137885818258
v 0.0240208674222 1.46160323000 -0.00746232690290
v 0.0240208674222 1.46160323000 -0.00746232690290
v 0.0198995377868 1.45529713309 0.00000000000
v 0.0183847770095 1.45529713309 0.00571141764522
v 0.0183847770095 1.45529713309 0.00571141764522
v 0.0140710985288 1.45529713309 0.0105533236638
v 0.00761522352695 1.45529713309 0.0137885818258
v 1.21849525513e-18 1.45529713309 0.0149246538058
v -0.00761522352695 1.45529713309 0.0137885818258
v -0.0140710985288 1.45529713309 0.0105533236638
v -0.0183847770095 1.45529713309 0.00571141764522
v -0.0183847770095 1.45529713309 0.00571141764522
v -0.0198995377868 1.45529713309 1.82774303779e-18
v -0.0183847770095 1.45529713309 -0.00571141764522
v -0.0183847770095 1.45529713309 -0.00571141764522
v -0.0140710985288 1.45529713309 -0.0105533236638
v -0.00761522352695 1.45529713309 -0.0137885818258
v -3.65548607557e-18 1.45529713309 -0.0149246538058
v 0.00761522352695 1.45529713309 -0.0137885818258
v 0.0140710985288 1.45529713309 -0.0105533236638
v 0.0183847770095 1.45529713309 -0.00571141764522
v 0.0183847770095 1.45529713309 -0.00571141764522
v 0.0134585900232 1.45071408725 0.00000000000
v 0.0124341165647 1.45071408725 0.00386278470978
v 0.00951666012406 1.45071408725 0.00713749555871
v 0.00951666012406 1.45071408725 0.00713749555871
v 0.00515037961304 1.45071408725 0.00932558719069
v 0.00515037961304 1.45071408725 0.00932558719069
v 8.24100967434e-19 1.45071408725 0.0100939432159
v -0.00515037961304 1.45071408725 0.00932558719069
v -0.00515037961304 1.45071408725 0.00932558719069
v -0.00951666012406 1.45071408725 0.00713749555871
v -0.00951666012406 1.45071408725 0.00713749555871
v -0.0124341165647 1.45071408725 0.00386278470978
v -0.0134585900232 1.45071408725 1.23615142530e-18
v -0.0124341165647 1.45071408725 -0.00386278470978
v -0.00951666012406 1.45071408725 -0.00713749555871
v -0.00951666012406 1.45071408725 -0.00713749555871
v -0.00515037961304 1.45071408725 -0.00932558719069
v -0.00515037961304 1.45071408725 -0.00932558719069
v -2.47230285060e-18 1.45071408725 -0.0100939432159
v 0.00515037961304 1.45071408725 -0.00932558719069
v 0.00515037961304 1.45071408725 -0.00932558719069
v 0.00951666012406 1.45071408725 -0.00713749555871
v 0.00951666012406 1.45071408725 -0.00713749555871
v 0.0124341165647 1.45071408725 -0.00386278470978
v 0.00828454643488 1.44839222556 0.00000000000
v 0.00765392323956 1.44839222556 0.00237776897848
v 0.00951666012406 1.45071408725 0.00713749555871
v 0.00765392323956 1.44839222556 0.00237776897848
v 0.00585805904120 1.44839222556 0.00439354451373
v 0.00951666012406 1.45071408725 0.00713749555871
v 0.00515037961304 1.45071408725 0.00932558719069
v 0.00585805904120 1.44839222556 0.00439354451373
v 0.00317035871558 1.44839222556 0.00574044231325
v 0.00515037961304 1.45071408725 0.00932558719069
v 0.00317035871558 1.44839222556 0.00574044231325
v 5.07282159128e-19 1.44839222556 0.00621340982616
v -0.00515037961304 1.45071408725 0.00932558719069
v -0.00317035871558 1.44839222556 0.00574044231325
v -0.00515037961304 1.45071408725 0.00932558719069
v -0.00951666012406 1.45071408725 0.00713749555871
v -0.00317035871558 1.44839222556 0.00574044231325
v -0.00585805904120 1.44839222556 0.00439354451373
v -0.00951666012406 1.45071408725 0.00713749555871
v -0.00585805904120 1.44839222556 0.00439354451373
v -0.00765392323956 1.44839222556 0.00237776897848
v -0.00765392323956 1.44839222556 0.00237776897848
v -0.00828454643488 1.44839222556 7.60923290391e-19
v -0.00828454643488 1.44839222556 7.60923290391e-19
v -0.00765392323956 1.44839222556 -0.00237776897848
v -0.00951666012406 1.45071408725 -0.00713749555871
v -0.00765392323956 1.44839222556 -0.00237776897848
v -0.00585805904120 1.44839222556 -0.00439354451373
v -0.00951666012406 1.45071408725 -0.00713749555871
v -0.00515037961304 1.45071408725 -0.00932558719069
v -0.00585805904120 1.44839222556 -0.00439354451373
v -0.00317035871558 1.44839222556 -0.00574044231325
v -0.00515037961304 1.45071408725 -0.00932558719069
v -0.00317035871558 1.44839222556 -0.00574044231325
v -1.52184658078e-18 1.44839222556 -0.00621340982616
v 0.00515037961304 1.45071408725 -0.00932558719069
v 0.00317035871558 1.44839222556 -0.00574044231325
v 0.00515037961304 1.45071408725 -0.00932558719069
v 0.00951666012406 1.45071408725 -0.00713749555871
v 0.00317035871558 1.44839222556 -0.00574044231325
v 0.00585805904120 1.44839222556 -0.00439354451373
v 0.00951666012406 1.45071408725 -0.00713749555871
v 0.00585805904120 1.44839222556 -0.00439354451373
v 0.00765392323956 1.44839222556 -0.00237776897848
v 0.00765392323956 1.44839222556 -0.00237776897848
v 0.00828454643488 1.44839222556 0.00000000000
v 0.00828454643488 1.44839222556 0.00000000000
v 0.00765392323956 1.44839222556 0.00237776897848
v 0.00519133778289 1.44754454321 0.00000000000
v 0.00479617062956 1.44754454321 0.00148997921497
v 0.00585805904120 1.44839222556 0.00439354451373
v 0.00367083004676 1.44754454321 0.00275312247686
v 0.00585805904120 1.44839222556 0.00439354451373
v 0.00317035871558 1.44839222556 0.00574044231325
v 0.00367083004676 1.44754454321 0.00275312247686
v 0.00198663887568 1.44754454321 0.00359712797217
v 5.07282159128e-19 1.44839222556 0.00621340982616
v 3.17877754586e-19 1.44754454321 0.00389350322075
v 5.07282159128e-19 1.44839222556 0.00621340982616
v -0.00317035871558 1.44839222556 0.00574044231325
v 3.17877754586e-19 1.44754454321 0.00389350322075
v -0.00198663887568 1.44754454321 0.00359712797217
v -0.00585805904120 1.44839222556 0.00439354451373
v -0.00367083004676 1.44754454321 0.00275312247686
v -0.00585805904120 1.44839222556 0.00439354451373
v -0.00765392323956 1.44839222556 0.00237776897848
v -0.00367083004676 1.44754454321 0.00275312247686
v -0.00479617062956 1.44754454321 0.00148997921497
v -0.00828454643488 1.44839222556 7.60923290391e-19
v -0.00519133778289 1.44754454321 4.76816631879e-19
v -0.00765392323956 1.44839222556 -0.00237776897848
v -0.00479617062956 1.44754454321 -0.00148997921497
v -0.00585805904120 1.44839222556 -0.00439354451373
v -0.00367083004676 1.44754454321 -0.00275312247686
v -0.00585805904120 1.44839222556 -0.00439354451373
v -0.00317035871558 1.44839222556 -0.00574044231325
v -0.00367083004676 1.44754454321 -0.00275312247686
v -0.00198663887568 1.44754454321 -0.00359712797217
v -1.52184658078e-18 1.44839222556 -0.00621340982616
v -9.53633263758e-19 1.44754454321 -0.00389350322075
v -1.52184658078e-18 1.44839222556 -0.00621340982616
v 0.00317035871558 1.44839222556 -0.00574044231325
v -9.53633263758e-19 1.44754454321 -0.00389350322075
v 0.00198663887568 1.44754454321 -0.00359712797217
v 0.00585805904120 1.44839222556 -0.00439354451373
v 0.00367083004676 1.44754454321 -0.00275312247686
v 0.00585805904120 1.44839222556 -0.00439354451373
v 0.00765392323956 1.44839222556 -0.00237776897848
v 0.00367083004676 1.44754454321 -0.00275312247686
v 0.00479617062956 1.44754454321 -0.00148997921497
v 0.00259891687892 1.44713622159 0.00000000000
v 0.00240108603612 1.44713622159 0.000745921803173
v 0.00183771166485 1.44713622159 0.00137828371953
v 0.00198663887568 1.44754454321 0.00359712797217
v 0.000994562404230 1.44713622159 0.00180081452709
v 3.17877754586e-19 1.44754454321 0.00389350322075
v 1.59137762531e-19 1.44713622159 0.00194918760099
v -0.00198663887568 1.44754454321 0.00359712797217
v -0.000994562404230 1.44713622159 0.00180081452709
v -0.00183771166485 1.44713622159 0.00137828371953
v -0.00240108603612 1.44713622159 0.000745921803173
v -0.00259891687892 1.44713622159 2.38706643797e-19
v -0.00240108603612 1.44713622159 -0.000745921803173
v -0.00183771166485 1.44713622159 -0.00137828371953
v -0.00198663887568 1.44754454321 -0.00359712797217
v -0.000994562404230 1.44713622159 -0.00180081452709
v -9.53633263758e-19 1.44754454321 -0.00389350322075
v -4.77413287594e-19 1.44713622159 -0.00194918760099
v 0.00198663887568 1.44754454321 -0.00359712797217
v 0.000994562404230 1.44713622159 -0.00180081452709
v 0.00183771166485 1.44713622159 -0.00137828371953
v 0.00240108603612 1.44713622159 -0.000745921803173
v 0.00000000000 1.44700000262 0.00000000000
vt 0 0
vt 0.0625 0.03846153989434242
vt 0 0.03846153989434242
vt 0.125 0.03846153989434242
vt 0.1875 0.03846153989434242
vt 0.25 0.03846153989434242
vt 0.3125 0.03846153989434242
vt 0.375 0.03846153989434242
vt 0.4375 0.03846153989434242
vt 0.5 0.03846153989434242
vt 0.5625 0.03846153989434242
vt 0.625 0.03846153989434242
vt 0.6875 0.03846153989434242
vt 0.75 0.03846153989434242
vt 0.8125 0.03846153989434242
vt 0.875 0.03846153989434242
vt 0.9375 0.03846153989434242
vt 0 0.07692307978868484
vt 0.0625 0.07692307978868484
vt 0.125 0.03846153989434242
vt 0.125 0.07692307978868484
vt 0.125 0.03846153989434242
vt 0.1875 0.03846153989434242
vt 0.125 0.07692307978868484
vt 0.1875 0.07692307978868484
vt 0.1875 0.03846153989434242
vt 0.25 0.03846153989434242
vt 0.1875 0.07692307978868484
vt 0.25 0.07692307978868484
vt 0.25 0.03846153989434242
vt 0.3125 0.03846153989434242
vt 0.3125 0.07692307978868484
vt 0.3125 0.03846153989434242
vt 0.375 0.03846153989434242
vt 0.3125 0.07692307978868484
vt 0.375 0.07692307978868484
vt 0.375 0.03846153989434242
vt 0.375 0.07692307978868484
vt 0.4375 0.07692307978868484
vt 0.5 0.07692307978868484
vt 0.5625 0.07692307978868484
vt 0.625 0.03846153989434242
vt 0.625 0.07692307978868484
vt 0.625 0.03846153989434242
vt 0.6875 0.03846153989434242
vt 0.625 0.07692307978868484
vt 0.6875 0.07692307978868484
vt 0.6875 0.03846153989434242
vt 0.75 0.03846153989434242
vt 0.6875 0.07692307978868484
vt 0.75 0.07692307978868484
vt 0.75 0.03846153989434242
vt 0.8125 0.03846153989434242
vt 0.8125 0.07692307978868484
vt 0.8125 0.03846153989434242
vt 0.875 0.03846153989434242
vt 0.8125 0.07692307978868484
vt 0.875 0.07692307978868484
vt 0.875 0.03846153989434242
vt 0.875 0.07692307978868484
vt 0.9375 0.07692307978868484
vt 0 0.11538461595773697
vt 0.0625 0.11538461595773697
vt 0.125 0.11538461595773697
vt 0.125 0.07692307978868484
vt 0.1875 0.11538461595773697
vt 0.1875 0.07692307978868484
vt 0.25 0.11538461595773697
vt 0.3125 0.07692307978868484
vt 0.3125 0.11538461595773697
vt 0.375 0.07692307978868484
vt 0.375 0.11538461595773697
vt 0.4375 0.11538461595773697
vt 0.5 0.11538461595773697
vt 0.5625 0.11538461595773697
vt 0.625 0.11538461595773697
vt 0.625 0.07692307978868484
vt 0.6875 0.11538461595773697
vt 0.6875 0.07692307978868484
vt 0.75 0.11538461595773697
vt 0.8125 0.07692307978868484
vt 0.8125 0.11538461595773697
vt 0.875 0.07692307978868484
vt 0.875 0.11538461595773697
vt 0.9375 0.11538461595773697
vt 0 0.1538461595773697
vt 0.0625 0.1538461595773697
vt 0.0625 0.11538461595773697
vt 0.0625 0.1538461595773697
vt 0.125 0.1538461595773697
vt 0.1875 0.1538461595773697
vt 0.25 0.1538461595773697
vt 0.3125 0.1538461595773697
vt 0.375 0.1538461595773697
vt 0.4375 0.11538461595773697
vt 0.4375 0.1538461595773697
vt 0.4375 0.1538461595773697
vt 0.5 0.1538461595773697
vt 0.5625 0.1538461595773697
vt 0.5625 0.11538461595773697
vt 0.5625 0.1538461595773697
vt 0.625 0.1538461595773697
vt 0.6875 0.1538461595773697
vt 0.75 0.1538461595773697
vt 0.8125 0.1538461595773697
vt 0.875 0.1538461595773697
vt 0.9375 0.11538461595773697
vt 0.9375 0.1538461595773697
vt 0.9375 0.1538461595773697
vt 0 0.19230769574642181
vt 0.0625 0.19230769574642181
vt 0.0625 0.19230769574642181
vt 0.125 0.19230769574642181
vt 0.1875 0.19230769574642181
vt 0.25 0.19230769574642181
vt 0.3125 0.19230769574642181
vt 0.375 0.19230769574642181
vt 0.4375 0.19230769574642181
vt 0.4375 0.19230769574642181
vt 0.5 0.19230769574642181
vt 0.5625 0.19230769574642181
vt 0.5625 0.19230769574642181
vt 0.625 0.19230769574642181
vt 0.6875 0.19230769574642181
vt 0.75 0.19230769574642181
vt 0.8125 0.19230769574642181
vt 0.875 0.19230769574642181
vt 0.9375 0.19230769574642181
vt 0.9375 0.19230769574642181
vt 0 0.23076923191547394
vt 0.0625 0.23076923191547394
vt 0.125 0.23076923191547394
vt 0.1875 0.23076923191547394
vt 0.25 0.23076923191547394
vt 0.3125 0.23076923191547394
vt 0.375 0.23076923191547394
vt 0.4375 0.23076923191547394
vt 0.5 0.23076923191547394
vt 0.5625 0.23076923191547394
vt 0.625 0.23076923191547394
vt 0.6875 0.23076923191547394
vt 0.75 0.23076923191547394
vt 0.8125 0.23076923191547394
vt 0.875 0.23076923191547394
vt 0.9375 0.23076923191547394
vt 0 0.26923078298568726
vt 0.0625 0.26923078298568726
vt 0.125 0.26923078298568726
vt 0.1875 0.26923078298568726
vt 0.25 0.26923078298568726
vt 0.3125 0.26923078298568726
vt 0.375 0.26923078298568726
vt 0.4375 0.26923078298568726
vt 0.5 0.26923078298568726
vt 0.5625 0.26923078298568726
vt 0.625 0.26923078298568726
vt 0.6875 0.26923078298568726
vt 0.75 0.26923078298568726
vt 0.8125 0.26923078298568726
vt 0.875 0.26923078298568726
vt 0.9375 0.26923078298568726
vt 0 0.3076923191547394
vt 0.0625 0.3076923191547394
vt 0.125 0.3076923191547394
vt 0.1875 0.3076923191547394
vt 0.25 0.3076923191547394
vt 0.3125 0.3076923191547394
vt 0.375 0.3076923191547394
vt 0.4375 0.3076923191547394
vt 0.5 0.3076923191547394
vt 0.5625 0.3076923191547394
vt 0.625 0.3076923191547394
vt 0.6875 0.3076923191547394
vt 0.75 0.3076923191547394
vt 0.8125 0.3076923191547394
vt 0.875 0.3076923191547394
vt 0.9375 0.3076923191547394
vt 0 0.3461538553237915
vt 0.0625 0.3461538553237915
vt 0.125 0.3461538553237915
vt 0.1875 0.3461538553237915
vt 0.25 0.3461538553237915
vt 0.3125 0.3461538553237915
vt 0.375 0.3461538553237915
vt 0.4375 0.3461538553237915
vt 0.5 0.3461538553237915
vt 0.5625 0.3461538553237915
vt 0.625 0.3461538553237915
vt 0.6875 0.3461538553237915
vt 0.75 0.3461538553237915
vt 0.8125 0.3461538553237915
vt 0.875 0.3461538553237915
vt 0.9375 0.3461538553237915
vt 0 0.38461539149284363
vt 0.0625 0.38461539149284363
vt 0.125 0.38461539149284363
vt 0.1875 0.38461539149284363
vt 0.25 0.38461539149284363
vt 0.3125 0.38461539149284363
vt 0.375 0.38461539149284363
vt 0.4375 0.38461539149284363
vt 0.5 0.38461539149284363
vt 0.5625 0.38461539149284363
vt 0.625 0.38461539149284363
vt 0.6875 0.38461539149284363
vt 0.75 0.38461539149284363
vt 0.8125 0.38461539149284363
vt 0.875 0.38461539149284363
vt 0.9375 0.38461539149284363
vt 0 0.42307692766189575
vt 0.0625 0.42307692766189575
vt 0.125 0.42307692766189575
vt 0.1875 0.42307692766189575
vt 0.25 0.42307692766189575
vt 0.3125 0.42307692766189575
vt 0.375 0.42307692766189575
vt 0.4375 0.42307692766189575
vt 0.5 0.42307692766189575
vt 0.5625 0.42307692766189575
vt 0.625 0.42307692766189575
vt 0.6875 0.42307692766189575
vt 0.75 0.42307692766189575
vt 0.8125 0.42307692766189575
vt 0.875 0.42307692766189575
vt 0.9375 0.42307692766189575
vt 0 0.4615384638309479
vt 0.0625 0.4615384638309479
vt 0.125 0.4615384638309479
vt 0.1875 0.4615384638309479
vt 0.25 0.4615384638309479
vt 0.3125 0.4615384638309479
vt 0.375 0.4615384638309479
vt 0.4375 0.4615384638309479
vt 0.5 0.4615384638309479
vt 0.5625 0.4615384638309479
vt 0.625 0.4615384638309479
vt 0.6875 0.4615384638309479
vt 0.75 0.4615384638309479
vt 0.8125 0.4615384638309479
vt 0.875 0.4615384638309479
vt 0.9375 0.4615384638309479
vt 0 0.5
vt 0.0625 0.5
vt 0.125 0.5
vt 0.1875 0.5
vt 0.25 0.5
vt 0.3125 0.5
vt 0.375 0.5
vt 0.4375 0.5
vt 0.5 0.5
vt 0.5625 0.5
vt 0.625 0.5
vt 0.6875 0.5
vt 0.75 0.5
vt 0.8125 0.5
vt 0.875 0.5
vt 0.9375 0.5
vt 0 0.5384615659713745
vt 0.0625 0.5384615659713745
vt 0.125 0.5384615659713745
vt 0.1875 0.5384615659713745
vt 0.25 0.5384615659713745
vt 0.3125 0.5384615659713745
vt 0.375 0.5384615659713745
vt 0.4375 0.5384615659713745
vt 0.5 0.5384615659713745
vt 0.5625 0.5384615659713745
vt 0.625 0.5384615659713745
vt 0.6875 0.5384615659713745
vt 0.75 0.5384615659713745
vt 0.8125 0.5384615659713745
vt 0.875 0.5384615659713745
vt 0.9375 0.5384615659713745
vt 0 0.5769230723381042
vt 0.0625 0.5769230723381042
vt 0.125 0.5769230723381042
vt 0.1875 0.5769230723381042
vt 0.25 0.5769230723381042
vt 0.3125 0.5769230723381042
vt 0.375 0.5769230723381042
vt 0.4375 0.5769230723381042
vt 0.5 0.5769230723381042
vt 0.5625 0.5769230723381042
vt 0.625 0.5769230723381042
vt 0.6875 0.5769230723381042
vt 0.75 0.5769230723381042
vt 0.8125 0.5769230723381042
vt 0.875 0.5769230723381042
vt 0.9375 0.5769230723381042
vt 0 0.6153846383094788
vt 0.0625 0.6153846383094788
vt 0.125 0.6153846383094788
vt 0.1875 0.6153846383094788
vt 0.25 0.6153846383094788
vt 0.3125 0.6153846383094788
vt 0.375 0.6153846383094788
vt 0.4375 0.6153846383094788
vt 0.5 0.6153846383094788
vt 0.5625 0.6153846383094788
vt 0.625 0.6153846383094788
vt 0.6875 0.6153846383094788
vt 0.75 0.6153846383094788
vt 0.8125 0.6153846383094788
vt 0.875 0.6153846383094788
vt 0.9375 0.6153846383094788
vt 0 0.6538461446762085
vt 0.0625 0.6538461446762085
vt 0.125 0.6538461446762085
vt 0.1875 0.6538461446762085
vt 0.25 0.6538461446762085
vt 0.3125 0.6538461446762085
vt 0.375 0.6538461446762085
vt 0.4375 0.6538461446762085
vt 0.5 0.6538461446762085
vt 0.5625 0.6538461446762085
vt 0.625 0.6538461446762085
vt 0.6875 0.6538461446762085
vt 0.75 0.6538461446762085
vt 0.8125 0.6538461446762085
vt 0.875 0.6538461446762085
vt 0.9375 0.6538461446762085
vt 0 0.692307710647583
vt 0.0625 0.692307710647583
vt 0.125 0.692307710647583
vt 0.1875 0.692307710647583
vt 0.25 0.692307710647583
vt 0.3125 0.692307710647583
vt 0.375 0.692307710647583
vt 0.4375 0.692307710647583
vt 0.5 0.692307710647583
vt 0.5625 0.692307710647583
vt 0.625 0.692307710647583
vt 0.6875 0.692307710647583
vt 0.75 0.692307710647583
vt 0.8125 0.692307710647583
vt 0.875 0.692307710647583
vt 0.9375 0.692307710647583
vt 0 0.7307692170143127
vt 0.0625 0.7307692170143127
vt 0.0625 0.7307692170143127
vt 0.125 0.7307692170143127
vt 0.1875 0.7307692170143127
vt 0.25 0.7307692170143127
vt 0.3125 0.7307692170143127
vt 0.375 0.7307692170143127
vt 0.4375 0.7307692170143127
vt 0.4375 0.7307692170143127
vt 0.5 0.7307692170143127
vt 0.5625 0.7307692170143127
vt 0.5625 0.7307692170143127
vt 0.625 0.7307692170143127
vt 0.6875 0.7307692170143127
vt 0.75 0.7307692170143127
vt 0.8125 0.7307692170143127
vt 0.875 0.7307692170143127
vt 0.9375 0.7307692170143127
vt 0.9375 0.7307692170143127
vt 0 0.7692307829856873
vt 0.0625 0.7692307829856873
vt 0.0625 0.7692307829856873
vt 0.125 0.7692307829856873
vt 0.1875 0.7692307829856873
vt 0.25 0.7692307829856873
vt 0.3125 0.7692307829856873
vt 0.375 0.7692307829856873
vt 0.4375 0.7692307829856873
vt 0.4375 0.7692307829856873
vt 0.5 0.7692307829856873
vt 0.5625 0.7692307829856873
vt 0.5625 0.7692307829856873
vt 0.625 0.7692307829856873
vt 0.6875 0.7692307829856873
vt 0.75 0.7692307829856873
vt 0.8125 0.7692307829856873
vt 0.875 0.7692307829856873
vt 0.9375 0.7692307829856873
vt 0.9375 0.7692307829856873
vt 0 0.807692289352417
vt 0.0625 0.807692289352417
vt 0.0625 0.807692289352417
vt 0.125 0.807692289352417
vt 0.1875 0.807692289352417
vt 0.25 0.807692289352417
vt 0.3125 0.807692289352417
vt 0.375 0.807692289352417
vt 0.4375 0.807692289352417
vt 0.4375 0.807692289352417
vt 0.5 0.807692289352417
vt 0.5625 0.807692289352417
vt 0.5625 0.807692289352417
vt 0.625 0.807692289352417
vt 0.6875 0.807692289352417
vt 0.75 0.807692289352417
vt 0.8125 0.807692289352417
vt 0.875 0.807692289352417
vt 0.9375 0.807692289352417
vt 0.9375 0.807692289352417
vt 0 0.8461538553237915
vt 0.0625 0.8461538553237915
vt 0.125 0.8461538553237915
vt 0.125 0.8461538553237915
vt 0.1875 0.8461538553237915
vt 0.1875 0.8461538553237915
vt 0.25 0.8461538553237915
vt 0.3125 0.8461538553237915
vt 0.3125 0.8461538553237915
vt 0.375 0.8461538553237915
vt 0.375 0.8461538553237915
vt 0.4375 0.8461538553237915
vt 0.5 0.8461538553237915
vt 0.5625 0.8461538553237915
vt 0.625 0.8461538553237915
vt 0.625 0.8461538553237915
vt 0.6875 0.8461538553237915
vt 0.6875 0.8461538553237915
vt 0.75 0.8461538553237915
vt 0.8125 0.8461538553237915
vt 0.8125 0.8461538553237915
vt 0.875 0.8461538553237915
vt 0.875 0.8461538553237915
vt 0.9375 0.8461538553237915
vt 0 0.8846153616905212
vt 0.0625 0.8846153616905212
vt 0.125 0.8461538553237915
vt 0.0625 0.8846153616905212
vt 0.125 0.8846153616905212
vt 0.125 0.8461538553237915
vt 0.1875 0.8461538553237915
vt 0.125 0.8846153616905212
vt 0.1875 0.8846153616905212
vt 0.1875 0.8461538553237915
vt 0.1875 0.8846153616905212
vt 0.25 0.8846153616905212
vt 0.3125 0.8461538553237915
vt 0.3125 0.8846153616905212
vt 0.3125 0.8461538553237915
vt 0.375 0.8461538553237915
vt 0.3125 0.8846153616905212
vt 0.375 0.8846153616905212
vt 0.375 0.8461538553237915
vt 0.375 0.8846153616905212
vt 0.4375 0.8846153616905212
vt 0.4375 0.8846153616905212
vt 0.5 0.8846153616905212
vt 0.5 0.8846153616905212
vt 0.5625 0.8846153616905212
vt 0.625 0.8461538553237915
vt 0.5625 0.8846153616905212
vt 0.625 0.8846153616905212
vt 0.625 0.8461538553237915
vt 0.6875 0.8461538553237915
vt 0.625 0.8846153616905212
vt 0.6875 0.8846153616905212
vt 0.6875 0.8461538553237915
vt 0.6875 0.8846153616905212
vt 0.75 0.8846153616905212
vt 0.8125 0.8461538553237915
vt 0.8125 0.8846153616905212
vt 0.8125 0.8461538553237915
vt 0.875 0.8461538553237915
vt 0.8125 0.8846153616905212
vt 0.875 0.8846153616905212
vt 0.875 0.8461538553237915
vt 0.875 0.8846153616905212
vt 0.9375 0.8846153616905212
vt 0.9375 0.8846153616905212
vt 0 0.8846153616905212
vt 0 0.8846153616905212
vt 0.0625 0.8846153616905212
vt 0 0.9230769276618958
vt 0.0625 0.9230769276618958
vt 0.125 0.8846153616905212
vt 0.125 0.9230769276618958
vt 0.125 0.8846153616905212
vt 0.1875 0.8846153616905212
vt 0.125 0.9230769276618958
vt 0.1875 0.9230769276618958
vt 0.25 0.8846153616905212
vt 0.25 0.9230769276618958
vt 0.25 0.8846153616905212
vt 0.3125 0.8846153616905212
vt 0.25 0.9230769276618958
vt 0.3125 0.9230769276618958
vt 0.375 0.8846153616905212
vt 0.375 0.9230769276618958
vt 0.375 0.8846153616905212
vt 0.4375 0.8846153616905212
vt 0.375 0.9230769276618958
vt 0.4375 0.9230769276618958
vt 0.5 0.8846153616905212
vt 0.5 0.9230769276618958
vt 0.5625 0.8846153616905212
vt 0.5625 0.9230769276618958
vt 0.625 0.8846153616905212
vt 0.625 0.9230769276618958
vt 0.625 0.8846153616905212
vt 0.6875 0.8846153616905212
vt 0.625 0.9230769276618958
vt 0.6875 0.9230769276618958
vt 0.75 0.8846153616905212
vt 0.75 0.9230769276618958
vt 0.75 0.8846153616905212
vt 0.8125 0.8846153616905212
vt 0.75 0.9230769276618958
vt 0.8125 0.9230769276618958
vt 0.875 0.8846153616905212
vt 0.875 0.9230769276618958
vt 0.875 0.8846153616905212
vt 0.9375 0.8846153616905212
vt 0.875 0.9230769276618958
vt 0.9375 0.9230769276618958
vt 0 0.9615384340286255
vt 0.0625 0.9615384340286255
vt 0.125 0.9615384340286255
vt 0.1875 0.9230769276618958
vt 0.1875 0.9615384340286255
vt 0.25 0.9230769276618958
vt 0.25 0.9615384340286255
vt 0.3125 0.9230769276618958
vt 0.3125 0.9615384340286255
vt 0.375 0.9615384340286255
vt 0.4375 0.9615384340286255
vt 0.5 0.9615384340286255
vt 0.5625 0.9615384340286255
vt 0.625 0.9615384340286255
vt 0.6875 0.9230769276618958
vt 0.6875 0.9615384340286255
vt 0.75 0.9230769276618958
vt 0.75 0.9615384340286255
vt 0.8125 0.9230769276618958
vt 0.8125 0.9615384340286255
vt 0.875 0.9615384340286255
vt 0.9375 0.9615384340286255
vt 0 1
vn -5.05999284716e-18 1.00000000000 3.31710642203e-17
vn 0.488678501049 0.872400616612 -0.0105112676311
vn 0.488678501049 0.872400616612 -0.0105112676311
vn -5.05999284716e-18 1.00000000000 3.31710642203e-17
vn -5.05999284716e-18 1.00000000000 3.31710642203e-17
vn -5.05999284716e-18 1.00000000000 3.31710642203e-17
vn -5.05999284716e-18 1.00000000000 3.31710642203e-17
vn -5.05999284716e-18 1.00000000000 3.31710642203e-17
vn -0.488678501049 0.872400616612 0.0105112676311
vn -0.488678501049 0.872400616612 0.0105112676311
vn -0.488678501049 0.872400616612 0.0105112676311
vn -5.05999284716e-18 1.00000000000 3.31710642203e-17
vn -5.05999284716e-18 1.00000000000 3.31710642203e-17
vn -5.05999284716e-18 1.00000000000 3.31710642203e-17
vn -5.05999284716e-18 1.00000000000 3.31710642203e-17
vn -5.05999284716e-18 1.00000000000 3.31710642203e-17
vn 0.488678501049 0.872400616612 -0.0105112676311
vn 0.488678501049 0.872400616612 -0.0105112676311
vn 0.488678501049 0.872400616612 -0.0105112676311
vn 0.0587179898459 0.988251769507 0.141105059208
vn 0.0587179898459 0.988251769507 0.141105059208
vn 0.0462648796734 0.978138273658 0.202743874174
vn 0.0462648796734 0.978138273658 0.202743874174
vn 0.0462648796734 0.978138273658 0.202743874174
vn 0.0462648796734 0.978138273658 0.202743874174
vn 0.0222154038562 0.964430879036 0.263399991256
vn 0.0222154038562 0.964430879036 0.263399991256
vn 0.0222154038562 0.964430879036 0.263399991256
vn 0.00308868596824 0.703857552822 0.710334432049
vn -0.00972175573143 0.964623366821 0.263452552934
vn -0.00972175573143 0.964623366821 0.263452552934
vn -0.00972175573143 0.964623366821 0.263452552934
vn -0.0402759500530 0.979841472379 0.195674568746
vn -0.0402759500530 0.979841472379 0.195674568746
vn -0.0402759500530 0.979841472379 0.195674568746
vn -0.0402759500530 0.979841472379 0.195674568746
vn -0.0535199353617 0.990482645850 0.126805933571
vn -0.0535199353617 0.990482645850 0.126805933571
vn -0.488678501049 0.872400616612 0.0105112676311
vn -0.488678501049 0.872400616612 0.0105112676311
vn -0.488678501049 0.872400616612 0.0105112676311
vn -0.0587179898459 0.988251769507 -0.141105059208
vn -0.0587179898459 0.988251769507 -0.141105059208
vn -0.0462648796734 0.978138273658 -0.202743874174
vn -0.0462648796734 0.978138273658 -0.202743874174
vn -0.0462648796734 0.978138273658 -0.202743874174
vn -0.0462648796734 0.978138273658 -0.202743874174
vn -0.0222154038562 0.964430879036 -0.263399991256
vn -0.0222154038562 0.964430879036 -0.263399991256
vn -0.0222154038562 0.964430879036 -0.263399991256
vn -0.00308868596824 0.703857552822 -0.710334432049
vn 0.00972175573143 0.964623366821 -0.263452552934
vn 0.00972175573143 0.964623366821 -0.263452552934
vn 0.00972175573143 0.964623366821 -0.263452552934
vn 0.0402759500530 0.979841472379 -0.195674568746
vn 0.0402759500530 0.979841472379 -0.195674568746
vn 0.0402759500530 0.979841472379 -0.195674568746
vn 0.0402759500530 0.979841472379 -0.195674568746
vn 0.0535199353617 0.990482645850 -0.126805933571
vn 0.0535199353617 0.990482645850 -0.126805933571
vn 0.488678501049 0.872400616612 -0.0105112676311
vn 0.488678501049 0.872400616612 -0.0105112676311
vn 0.488678501049 0.872400616612 -0.0105112676311
vn 0.432420090189 0.704002952725 0.563376169318
vn 0.0222154038562 0.964430879036 0.263399991256
vn 0.00308868596824 0.703857552822 0.710334432049
vn 0.00644346941775 0.958112194843 0.286320631102
vn 0.00308868596824 0.703857552822 0.710334432049
vn 0.00644346941775 0.958112194843 0.286320631102
vn 0.00308868596824 0.703857552822 0.710334432049
vn -0.00972175573143 0.964623366821 0.263452552934
vn -0.425852381313 0.704045344028 0.568304410402
vn -0.488678501049 0.872400616612 0.0105112676311
vn -0.488678501049 0.872400616612 0.0105112676311
vn -0.488678501049 0.872400616612 0.0105112676311
vn -0.432420090189 0.704002952725 -0.563376169318
vn -0.0222154038562 0.964430879036 -0.263399991256
vn -0.00308868596824 0.703857552822 -0.710334432049
vn -0.00644346941775 0.958112194843 -0.286320631102
vn -0.00308868596824 0.703857552822 -0.710334432049
vn -0.00644346941775 0.958112194843 -0.286320631102
vn -0.00308868596824 0.703857552822 -0.710334432049
vn 0.00972175573143 0.964623366821 -0.263452552934
vn 0.425852381313 0.704045344028 -0.568304410402
vn 0.488678501049 0.872400616612 -0.0105112676311
vn 0.752149279032 0.658984060803 -0.00338668839683
vn 0.752149279032 0.658984060803 -0.00338668839683
vn 0.481946675001 0.876132842300 0.0108924330699
vn 0.751310958397 0.650742602415 0.109844932493
vn 0.496082847643 0.578249997109 0.647710389849
vn 0.00196925878412 0.551398401392 0.834239728712
vn 0.00196925878412 0.551398401392 0.834239728712
vn 0.00196925878412 0.551398401392 0.834239728712
vn -0.491672808874 0.578961545280 0.650431685961
vn -0.485292809381 0.874089933335 0.0213934009866
vn -0.756850794548 0.643574489415 0.113968203314
vn -0.752149279032 0.658984060803 0.00338668839683
vn -0.752149279032 0.658984060803 0.00338668839683
vn -0.752149279032 0.658984060803 0.00338668839683
vn -0.481946675001 0.876132842300 -0.0108924330699
vn -0.751310958397 0.650742602415 -0.109844932493
vn -0.496082847643 0.578249997109 -0.647710389849
vn -0.00196925878412 0.551398401392 -0.834239728712
vn -0.00196925878412 0.551398401392 -0.834239728712
vn -0.00196925878412 0.551398401392 -0.834239728712
vn 0.491672808874 0.578961545280 -0.650431685961
vn 0.485292809381 0.874089933335 -0.0213934009866
vn 0.756850794548 0.643574489415 -0.113968203314
vn 0.752149279032 0.658984060803 -0.00338668839683
vn 0.847654481861 0.530541670920 -0.00272301264944
vn 0.828565885683 0.559888177398 -0.00194984404375
vn 0.814068619704 0.543079855904 0.205807075983
vn 0.536672718983 0.469739145741 0.700947592662
vn 0.271563237893 0.437048385180 0.857462603754
vn 0.00108421852220 0.425509729683 0.904953200124
vn -0.269151598251 0.437686026154 0.857897639388
vn -0.533732949013 0.470746724321 0.702514527024
vn -0.820802040864 0.532440250287 0.206860797612
vn -0.828565885683 0.559888177398 0.00194984404375
vn -0.847654481861 0.530541670920 0.00272301264944
vn -0.828565885683 0.559888177398 0.00194984404375
vn -0.814068619704 0.543079855904 -0.205807075983
vn -0.536672718983 0.469739145741 -0.700947592662
vn -0.271563237893 0.437048385180 -0.857462603754
vn -0.00108421852220 0.425509729683 -0.904953200124
vn 0.269151598251 0.437686026154 -0.857897639388
vn 0.533732949013 0.470746724321 -0.702514527024
vn 0.820802040864 0.532440250287 -0.206860797612
vn 0.828565885683 0.559888177398 -0.00194984404375
vn 0.901617691695 0.432529919523 -0.00184573591123
vn 0.801590448263 0.414043220793 0.431301477587
vn 0.562994236889 0.377505746228 0.735205346005
vn 0.282804306843 0.348837252141 0.893495548702
vn 0.000688919490174 0.338879279212 0.940829612369
vn -0.281248026560 0.349488250301 0.893732348333
vn -0.561017570106 0.378599761045 0.736153181728
vn -0.799738568890 0.414973607749 0.433837672755
vn -0.901617691695 0.432529919523 0.00184573591123
vn -0.801590448263 0.414043220793 -0.431301477587
vn -0.562994236889 0.377505746228 -0.735205346005
vn -0.282804306843 0.348837252141 -0.893495548702
vn -0.000688919490174 0.338879279212 -0.940829612369
vn 0.281248026560 0.349488250301 -0.893732348333
vn 0.561017570106 0.378599761045 -0.736153181728
vn 0.799738568890 0.414973607749 -0.433837672755
vn 0.938527512436 0.345202143534 -0.00126035719425
vn 0.831558938900 0.329231439479 0.447343704990
vn 0.580407441071 0.298239171715 0.757747054633
vn 0.290123168753 0.274325821699 0.916828168471
vn 0.000449978914691 0.266120757844 0.963939593420
vn -0.289096149742 0.274950954115 0.916965315067
vn -0.579066326658 0.299328411677 0.758343386134
vn -0.830259123837 0.330206296648 0.449036289112
vn -0.938527512436 0.345202143534 0.00126035719425
vn -0.831558938900 0.329231439479 -0.447343704990
vn -0.580407441071 0.298239171715 -0.757747054633
vn -0.290123168753 0.274325821699 -0.916828168471
vn -0.000449978914691 0.266120757844 -0.963939593420
vn 0.289096149742 0.274950954115 -0.916965315067
vn 0.579066326658 0.299328411677 -0.758343386134
vn 0.830259123837 0.330206296648 -0.449036289112
vn 0.963811533799 0.266583179179 -0.000857843043080
vn 0.851920364813 0.253545552053 0.458199023407
vn 0.592057281677 0.228644562424 0.772780589357
vn 0.294965171209 0.209673668247 0.932219126932
vn 0.000297035316310 0.203236709116 0.979129588889
vn -0.294282406006 0.210264563159 0.932301817543
vn -0.591148917064 0.229697765535 0.773163562490
vn -0.851019227387 0.254518784227 0.459332627942
vn -0.963811533799 0.266583179179 0.000857843043080
vn -0.851920364813 0.253545552053 -0.458199023407
vn -0.592057281677 0.228644562424 -0.772780589357
vn -0.294965171209 0.209673668247 -0.932219126932
vn -0.000297035316310 0.203236709116 -0.979129588889
vn 0.294282406006 0.210264563159 -0.932301817543
vn 0.591148917064 0.229697765535 -0.773163562490
vn 0.851019227387 0.254518784227 -0.459332627942
vn 0.980888377781 0.194570469074 -0.000568241003801
vn 0.865585400750 0.184635373955 0.465480066912
vn 0.599789569135 0.165983962604 0.782752704828
vn 0.298151737260 0.151928487379 0.942349869365
vn 0.000192729741201 0.147221743691 0.989103493594
vn -0.297706671182 0.152488518660 0.942400121822
vn -0.599189988322 0.166996968432 0.782996405119
vn -0.864981170411 0.185591160380 0.466222582060
vn -0.980888377781 0.194570469074 0.000568241003801
vn -0.865585400750 0.184635373955 -0.465480066912
vn -0.599789569135 0.165983962604 -0.782752704828
vn -0.298151737260 0.151928487379 -0.942349869365
vn -0.000192729741201 0.147221743691 -0.989103493594
vn 0.297706671182 0.152488518660 -0.942400121822
vn 0.599189988322 0.166996968432 -0.782996405119
vn 0.864981170411 0.185591160380 -0.466222582060
vn 0.991871595653 0.127242356573 -0.000347031280493
vn 0.874322131456 0.120463418058 0.470158883098
vn 0.604690779865 0.108062615638 0.789095388308
vn 0.300155553337 0.0988339568435 0.948756287345
vn 0.000116130652010 0.0958114655632 0.995399492455
vn -0.299886612553 0.0993709559136 0.948785240575
vn -0.604325479120 0.109042913770 0.789240367849
vn -0.873950315895 0.121400276183 0.470608986622
vn -0.991871595653 0.127242356573 0.000347031280493
vn -0.874322131456 0.120463418058 -0.470158883098
vn -0.604690779865 0.108062615638 -0.789095388308
vn -0.300155553337 0.0988339568435 -0.948756287345
vn -0.000116130652010 0.0958114655632 -0.995399492455
vn 0.299886612553 0.0993709559136 -0.948785240575
vn 0.604325479120 0.109042913770 -0.789240367849
vn 0.873950315895 0.121400276183 -0.470608986622
vn 0.998020002609 0.0628971165322 -0.000164691913313
vn 0.879169886288 0.0592808987554 0.472806605375
vn 0.607385522825 0.0530885165789 0.792631336795
vn 0.301244058226 0.0486052049132 0.952307487862
vn 0.0000547072480329 0.0472318562120 0.998883951601
vn -0.301117188009 0.0491282205018 0.952320774233
vn -0.607212428876 0.0540480878572 0.792699104590
vn -0.878992682410 0.0602046627713 0.473019304945
vn -0.998020002609 0.0628971165322 0.000164691913313
vn -0.879169886288 0.0592808987554 -0.472806605375
vn -0.607385522825 0.0530885165789 -0.792631336795
vn -0.301244058226 0.0486052049132 -0.952307487862
vn -0.0000547072480329 0.0472318562120 -0.998883951601
vn 0.301117188009 0.0491282205018 -0.952320774233
vn 0.607212428876 0.0540480878572 -0.792699104590
vn 0.878992682410 0.0602046627713 -0.473019304945
vn 1.00000000000 -5.98505446538e-19 0.00000000000
vn 0.880672138060 -0.000459477324733 0.473726053881
vn 0.608194887670 -0.000476276327415 0.793787598652
vn 0.301552267524 -0.000259156049243 0.953449612087
vn 3.27486694036e-17 -4.67838134337e-18 1.00000000000
vn -0.301552267524 0.000259156049243 0.953449612087
vn -0.608194887670 0.000476276327415 0.793787598652
vn -0.880672138060 0.000459477324733 0.473726053881
vn -1.00000000000 1.13716034325e-17 8.61847884374e-17
vn -0.880672138060 -0.000459477324733 -0.473726053881
vn -0.608194887670 -0.000476276327415 -0.793787598652
vn -0.301552267524 -0.000259156049243 -0.953449612087
vn -8.42108641806e-17 5.84797667921e-19 -1.00000000000
vn 0.301552267524 0.000259156049243 -0.953449612087
vn 0.608194887670 0.000476276327415 -0.793787598652
vn 0.880672138060 0.000459477324733 -0.473726053881
vn 0.998020002609 -0.0628971165322 0.000164691913313
vn 0.878992682410 -0.0602046627713 0.473019304945
vn 0.607212428876 -0.0540480878572 0.792699104590
vn 0.301117188009 -0.0491282205018 0.952320774233
vn -0.0000547072480329 -0.0472318562120 0.998883951601
vn -0.301244058226 -0.0486052049132 0.952307487862
vn -0.607385522825 -0.0530885165789 0.792631336795
vn -0.879169886288 -0.0592808987554 0.472806605375
vn -0.998020002609 -0.0628971165322 -0.000164691913313
vn -0.878992682410 -0.0602046627713 -0.473019304945
vn -0.607212428876 -0.0540480878572 -0.792699104590
vn -0.301117188009 -0.0491282205018 -0.952320774233
vn 0.0000547072480329 -0.0472318562120 -0.998883951601
vn 0.301244058226 -0.0486052049132 -0.952307487862
vn 0.607385522825 -0.0530885165789 -0.792631336795
vn 0.879169886288 -0.0592808987554 -0.472806605375
vn 0.991871595653 -0.127242356573 0.000347031280493
vn 0.873950315895 -0.121400276183 0.470608986622
vn 0.604325479120 -0.109042913770 0.789240367849
vn 0.299886612553 -0.0993709559136 0.948785240575
vn -0.000116130652010 -0.0958114655632 0.995399492455
vn -0.300155553337 -0.0988339568435 0.948756287345
vn -0.604690779865 -0.108062615638 0.789095388308
vn -0.874322131456 -0.120463418058 0.470158883098
vn -0.991871595653 -0.127242356573 -0.000347031280493
vn -0.873950315895 -0.121400276183 -0.470608986622
vn -0.604325479120 -0.109042913770 -0.789240367849
vn -0.299886612553 -0.0993709559136 -0.948785240575
vn 0.000116130652010 -0.0958114655632 -0.995399492455
vn 0.300155553337 -0.0988339568435 -0.948756287345
vn 0.604690779865 -0.108062615638 -0.789095388308
vn 0.874322131456 -0.120463418058 -0.470158883098
vn 0.980888377781 -0.194570469074 0.000568241003801
vn 0.864981170411 -0.185591160380 0.466222582060
vn 0.599189988322 -0.166996968432 0.782996405119
vn 0.297706671182 -0.152488518660 0.942400121822
vn -0.000192729741201 -0.147221743691 0.989103493594
vn -0.298151737260 -0.151928487379 0.942349869365
vn -0.599789569135 -0.165983962604 0.782752704828
vn -0.865585400750 -0.184635373955 0.465480066912
vn -0.980888377781 -0.194570469074 -0.000568241003801
vn -0.864981170411 -0.185591160380 -0.466222582060
vn -0.599189988322 -0.166996968432 -0.782996405119
vn -0.297706671182 -0.152488518660 -0.942400121822
vn 0.000192729741201 -0.147221743691 -0.989103493594
vn 0.298151737260 -0.151928487379 -0.942349869365
vn 0.599789569135 -0.165983962604 -0.782752704828
vn 0.865585400750 -0.184635373955 -0.465480066912
vn 0.963811533799 -0.266583179179 0.000857843043080
vn 0.851019227387 -0.254518784227 0.459332627942
vn 0.591148917064 -0.229697765535 0.773163562490
vn 0.294282406006 -0.210264563159 0.932301817543
vn -0.000297035316310 -0.203236709116 0.979129588889
vn -0.294965171209 -0.209673668247 0.932219126932
vn -0.592057281677 -0.228644562424 0.772780589357
vn -0.851920364813 -0.253545552053 0.458199023407
vn -0.963811533799 -0.266583179179 -0.000857843043080
vn -0.851019227387 -0.254518784227 -0.459332627942
vn -0.591148917064 -0.229697765535 -0.773163562490
vn -0.294282406006 -0.210264563159 -0.932301817543
vn 0.000297035316310 -0.203236709116 -0.979129588889
vn 0.294965171209 -0.209673668247 -0.932219126932
vn 0.592057281677 -0.228644562424 -0.772780589357
vn 0.851920364813 -0.253545552053 -0.458199023407
vn 0.938527512436 -0.345202143534 0.00126035719425
vn 0.830259123837 -0.330206296648 0.449036289112
vn 0.579066326658 -0.299328411677 0.758343386134
vn 0.289096149742 -0.274950954115 0.916965315067
vn -0.000449978914691 -0.266120757844 0.963939593420
vn -0.290123168753 -0.274325821699 0.916828168471
vn -0.580407441071 -0.298239171715 0.757747054633
vn -0.831558938900 -0.329231439479 0.447343704990
vn -0.938527512436 -0.345202143534 -0.00126035719425
vn -0.830259123837 -0.330206296648 -0.449036289112
vn -0.579066326658 -0.299328411677 -0.758343386134
vn -0.289096149742 -0.274950954115 -0.916965315067
vn 0.000449978914691 -0.266120757844 -0.963939593420
vn 0.290123168753 -0.274325821699 -0.916828168471
vn 0.580407441071 -0.298239171715 -0.757747054633
vn 0.831558938900 -0.329231439479 -0.447343704990
vn 0.901617691695 -0.432529919523 0.00184573591123
vn 0.799738568890 -0.414973607749 0.433837672755
vn 0.561017570106 -0.378599761045 0.736153181728
vn 0.281248026560 -0.349488250301 0.893732348333
vn -0.000688919490174 -0.338879279212 0.940829612369
vn -0.282804306843 -0.348837252141 0.893495548702
vn -0.562994236889 -0.377505746228 0.735205346005
vn -0.801590448263 -0.414043220793 0.431301477587
vn -0.901617691695 -0.432529919523 -0.00184573591123
vn -0.799738568890 -0.414973607749 -0.433837672755
vn -0.561017570106 -0.378599761045 -0.736153181728
vn -0.281248026560 -0.349488250301 -0.893732348333
vn 0.000688919490174 -0.338879279212 -0.940829612369
vn 0.282804306843 -0.348837252141 -0.893495548702
vn 0.562994236889 -0.377505746228 -0.735205346005
vn 0.801590448263 -0.414043220793 -0.431301477587
vn 0.847654481861 -0.530541670920 0.00272301264944
vn 0.828565885683 -0.559888177398 0.00194984404375
vn 0.820802040864 -0.532440250287 0.206860797612
vn 0.533732949013 -0.470746724321 0.702514527024
vn 0.269151598251 -0.437686026154 0.857897639388
vn -0.00108421852220 -0.425509729683 0.904953200124
vn -0.271563237893 -0.437048385180 0.857462603754
vn -0.536672718983 -0.469739145741 0.700947592662
vn -0.814068619704 -0.543079855904 0.205807075983
vn -0.828565885683 -0.559888177398 -0.00194984404375
vn -0.847654481861 -0.530541670920 -0.00272301264944
vn -0.828565885683 -0.559888177398 -0.00194984404375
vn -0.820802040864 -0.532440250287 -0.206860797612
vn -0.533732949013 -0.470746724321 -0.702514527024
vn -0.269151598251 -0.437686026154 -0.857897639388
vn 0.00108421852220 -0.425509729683 -0.904953200124
vn 0.271563237893 -0.437048385180 -0.857462603754
vn 0.536672718983 -0.469739145741 -0.700947592662
vn 0.814068619704 -0.543079855904 -0.205807075983
vn 0.828565885683 -0.559888177398 0.00194984404375
vn 0.752149279032 -0.658984060803 0.00338668839683
vn 0.752149279032 -0.658984060803 0.00338668839683
vn 0.756850794548 -0.643574489415 0.113968203314
vn 0.491672808874 -0.578961545280 0.650431685961
vn -0.00196925878412 -0.551398401392 0.834239728712
vn -0.00196925878412 -0.551398401392 0.834239728712
vn -0.00196925878412 -0.551398401392 0.834239728712
vn -0.496082847643 -0.578249997109 0.647710389849
vn -0.751310958397 -0.650742602415 0.109844932493
vn -0.752149279032 -0.658984060803 -0.00338668839683
vn -0.752149279032 -0.658984060803 -0.00338668839683
vn -0.752149279032 -0.658984060803 -0.00338668839683
vn -0.756850794548 -0.643574489415 -0.113968203314
vn -0.491672808874 -0.578961545280 -0.650431685961
vn 0.00196925878412 -0.551398401392 -0.834239728712
vn 0.00196925878412 -0.551398401392 -0.834239728712
vn 0.00196925878412 -0.551398401392 -0.834239728712
vn 0.496082847643 -0.578249997109 -0.647710389849
vn 0.751310958397 -0.650742602415 -0.109844932493
vn 0.752149279032 -0.658984060803 0.00338668839683
vn 0.556680266471 -0.830705470425 0.00595838301849
vn 0.556680266471 -0.830705470425 0.00595838301849
vn 0.553802185460 -0.832377125606 0.0212475915643
vn 0.425852381313 -0.704045344028 0.568304410402
vn -0.00350544420886 -0.710732411511 0.703453730596
vn -0.00350544420886 -0.710732411511 0.703453730596
vn -0.00350544420886 -0.710732411511 0.703453730596
vn -0.432420090189 -0.704002952725 0.563376169318
vn -0.550843362491 -0.834240145271 0.0247985890276
vn -0.556680266471 -0.830705470425 -0.00595838301849
vn -0.556680266471 -0.830705470425 -0.00595838301849
vn -0.556680266471 -0.830705470425 -0.00595838301849
vn -0.553802185460 -0.832377125606 -0.0212475915643
vn -0.425852381313 -0.704045344028 -0.568304410402
vn 0.00350544420886 -0.710732411511 -0.703453730596
vn 0.00350544420886 -0.710732411511 -0.703453730596
vn 0.00350544420886 -0.710732411511 -0.703453730596
vn 0.432420090189 -0.704002952725 -0.563376169318
vn 0.550843362491 -0.834240145271 -0.0247985890276
vn 0.556680266471 -0.830705470425 0.00595838301849
vn 0.556680266471 -0.830705470425 0.00595838301849
vn 0.556680266471 -0.830705470425 0.00595838301849
vn 0.0164790193198 -0.998474851143 0.0526916839538
vn 0.0135564607934 -0.996445174828 0.0831458714115
vn 0.0135564607934 -0.996445174828 0.0831458714115
vn -0.000404576542123 -0.994462738313 0.105089002395
vn -0.00350544420886 -0.710732411511 0.703453730596
vn -0.000404576542123 -0.994462738313 0.105089002395
vn -0.0155362583561 -0.996530675072 0.0817633066593
vn -0.0155362583561 -0.996530675072 0.0817633066593
vn -0.0167458279359 -0.998450210319 0.0530731077013
vn -0.556680266471 -0.830705470425 -0.00595838301849
vn -0.556680266471 -0.830705470425 -0.00595838301849
vn -0.556680266471 -0.830705470425 -0.00595838301849
vn -0.0164790193198 -0.998474851143 -0.0526916839538
vn -0.0135564607934 -0.996445174828 -0.0831458714115
vn -0.0135564607934 -0.996445174828 -0.0831458714115
vn 0.000404576542123 -0.994462738313 -0.105089002395
vn 0.00350544420886 -0.710732411511 -0.703453730596
vn 0.000404576542123 -0.994462738313 -0.105089002395
vn 0.0155362583561 -0.996530675072 -0.0817633066593
vn 0.0155362583561 -0.996530675072 -0.0817633066593
vn 0.0167458279359 -0.998450210319 -0.0530731077013
vn 0.556680266471 -0.830705470425 0.00595838301849
vn 0.00439150921235 -0.999965154988 0.00709953920982
vn 0.00439150921235 -0.999965154988 0.00709953920982
vn 0.00475204779581 -0.999893659044 0.0137872639179
vn 0.00475204779581 -0.999893659044 0.0137872639179
vn 0.00475204779581 -0.999893659044 0.0137872639179
vn 0.00185990808095 -0.999803707043 0.0197253168422
vn 0.00185990808095 -0.999803707043 0.0197253168422
vn 0.00185990808095 -0.999803707043 0.0197253168422
vn 0.00185990808095 -0.999803707043 0.0197253168422
vn -0.00148757839461 -0.999254116091 0.0385875444461
vn -0.00148757839461 -0.999254116091 0.0385875444461
vn -0.00148757839461 -0.999254116091 0.0385875444461
vn -0.00148757839461 -0.999254116091 0.0385875444461
vn -0.00148757839461 -0.999254116091 0.0385875444461
vn -0.00272917391410 -0.999772821634 0.0211389860427
vn -0.00272917391410 -0.999772821634 0.0211389860427
vn -0.00272917391410 -0.999772821634 0.0211389860427
vn -0.00272917391410 -0.999772821634 0.0211389860427
vn -0.00562234351217 -0.999869028375 0.0151761441216
vn -0.00562234351217 -0.999869028375 0.0151761441216
vn -0.00562234351217 -0.999869028375 0.0151761441216
vn -0.00591227460118 -0.999946715694 0.00846231544428
vn -0.00591227460118 -0.999946715694 0.00846231544428
vn -0.00439150921235 -0.999965154988 -0.00709953920982
vn -0.00439150921235 -0.999965154988 -0.00709953920982
vn -0.00475204779581 -0.999893659044 -0.0137872639179
vn -0.00475204779581 -0.999893659044 -0.0137872639179
vn -0.00475204779581 -0.999893659044 -0.0137872639179
vn -0.00185990808095 -0.999803707043 -0.0197253168422
vn -0.00185990808095 -0.999803707043 -0.0197253168422
vn -0.00185990808095 -0.999803707043 -0.0197253168422
vn -0.00185990808095 -0.999803707043 -0.0197253168422
vn 0.00148757839461 -0.999254116091 -0.0385875444461
vn 0.00148757839461 -0.999254116091 -0.0385875444461
vn 0.00148757839461 -0.999254116091 -0.0385875444461
vn 0.00148757839461 -0.999254116091 -0.0385875444461
vn 0.00148757839461 -0.999254116091 -0.0385875444461
vn 0.00272917391410 -0.999772821634 -0.0211389860427
vn 0.00272917391410 -0.999772821634 -0.0211389860427
vn 0.00272917391410 -0.999772821634 -0.0211389860427
vn 0.00272917391410 -0.999772821634 -0.0211389860427
vn 0.00562234351217 -0.999869028375 -0.0151761441216
vn 0.00562234351217 -0.999869028375 -0.0151761441216
vn 0.00562234351217 -0.999869028375 -0.0151761441216
vn 0.00591227460118 -0.999946715694 -0.00846231544428
vn 0.00591227460118 -0.999946715694 -0.00846231544428
vn 1.32360757711e-18 -1.00000000000 -3.40277454022e-17
vn 1.32360757711e-18 -1.00000000000 -3.40277454022e-17
vn 1.32360757711e-18 -1.00000000000 -3.40277454022e-17
vn 1.32360757711e-18 -1.00000000000 -3.40277454022e-17
vn 1.32360757711e-18 -1.00000000000 -3.40277454022e-17
vn 1.32360757711e-18 -1.00000000000 -3.40277454022e-17
vn 0.00322746757801 -0.999917842903 0.0124052769582
vn 0.00322746757801 -0.999917842903 0.0124052769582
vn 0.00322746757801 -0.999917842903 0.0124052769582
vn 0.00322746757801 -0.999917842903 0.0124052769582
vn 0.00322746757801 -0.999917842903 0.0124052769582
vn 0.00322746757801 -0.999917842903 0.0124052769582
vn -0.00256886700450 -0.999919751492 0.0124053011880
vn -0.00256886700450 -0.999919751492 0.0124053011880
vn -0.00256886700450 -0.999919751492 0.0124053011880
vn -0.00256886700450 -0.999919751492 0.0124053011880
vn -0.00256886700450 -0.999919751492 0.0124053011880
vn -0.00256886700450 -0.999919751492 0.0124053011880
vn 1.32360757711e-18 -1.00000000000 -3.40277454022e-17
vn 1.32360757711e-18 -1.00000000000 -3.40277454022e-17
vn 1.32360757711e-18 -1.00000000000 -3.40277454022e-17
vn 1.32360757711e-18 -1.00000000000 -3.40277454022e-17
vn 1.32360757711e-18 -1.00000000000 -3.40277454022e-17
vn 1.32360757711e-18 -1.00000000000 -3.40277454022e-17
vn 1.32360757711e-18 -1.00000000000 -3.40277454022e-17
vn 1.32360757711e-18 -1.00000000000 -3.40277454022e-17
vn 1.32360757711e-18 -1.00000000000 -3.40277454022e-17
vn 1.32360757711e-18 -1.00000000000 -3.40277454022e-17
vn -0.00322746757801 -0.999917842903 -0.0124052769582
vn -0.00322746757801 -0.999917842903 -0.0124052769582
vn -0.00322746757801 -0.999917842903 -0.0124052769582
vn -0.00322746757801 -0.999917842903 -0.0124052769582
vn -0.00322746757801 -0.999917842903 -0.0124052769582
vn -0.00322746757801 -0.999917842903 -0.0124052769582
vn 0.00256886700450 -0.999919751492 -0.0124053011880
vn 0.00256886700450 -0.999919751492 -0.0124053011880
vn 0.00256886700450 -0.999919751492 -0.0124053011880
vn 0.00256886700450 -0.999919751492 -0.0124053011880
vn 0.00256886700450 -0.999919751492 -0.0124053011880
vn 0.00256886700450 -0.999919751492 -0.0124053011880
vn 1.32360757711e-18 -1.00000000000 -3.40277454022e-17
vn 1.32360757711e-18 -1.00000000000 -3.40277454022e-17
vn 1.32360757711e-18 -1.00000000000 -3.40277454022e-17
vn 1.32360757711e-18 -1.00000000000 -3.40277454022e-17
vn 1.32360757711e-18 -1.00000000000 -3.40277454022e-17
vn 1.32360757711e-18 -1.00000000000 -3.40277454022e-17
vn 1.32360757711e-18 -1.00000000000 -3.40277454022e-17
vn 1.32360757711e-18 -1.00000000000 -3.40277454022e-17
vn 1.32360757711e-18 -1.00000000000 -3.40277454022e-17
vn 1.32360757711e-18 -1.00000000000 -3.40277454022e-17
vn 1.32360757711e-18 -1.00000000000 -3.40277454022e-17
vn 1.32360757711e-18 -1.00000000000 -3.40277454022e-17
vn 1.32360757711e-18 -1.00000000000 -3.40277454022e-17
vn 1.32360757711e-18 -1.00000000000 -3.40277454022e-17
vn 1.32360757711e-18 -1.00000000000 -3.40277454022e-17
vn 1.32360757711e-18 -1.00000000000 -3.40277454022e-17
vn 1.32360757711e-18 -1.00000000000 -3.40277454022e-17
vn 1.32360757711e-18 -1.00000000000 -3.40277454022e-17
vn 1.32360757711e-18 -1.00000000000 -3.40277454022e-17
vn 1.32360757711e-18 -1.00000000000 -3.40277454022e-17
vn 1.32360757711e-18 -1.00000000000 -3.40277454022e-17
vn 1.32360757711e-18 -1.00000000000 -3.40277454022e-17
vn 1.32360757711e-18 -1.00000000000 -3.40277454022e-17
vn 1.32360757711e-18 -1.00000000000 -3.40277454022e-17
vn 1.32360757711e-18 -1.00000000000 -3.40277454022e-17
vn 1.32360757711e-18 -1.00000000000 -3.40277454022e-17
vn 1.32360757711e-18 -1.00000000000 -3.40277454022e-17
f 4265/4265/4265 4266/4266/4266 4267/4267/4267
f 4265/4265/4265 4268/4268/4268 4266/4266/4266
f 4265/4265/4265 4269/4269/4269 4268/4268/4268
f 4265/4265/4265 4270/4270/4270 4269/4269/4269
f 4265/4265/4265 4271/4271/4271 4270/4270/4270
f 4265/4265/4265 4272/4272/4272 4271/4271/4271
f 4265/4265/4265 4273/4273/4273 4272/4272/4272
f 4265/4265/4265 4274/4274/4274 4273/4273/4273
f 4265/4265/4265 4275/4275/4275 4274/4274/4274
f 4265/4265/4265 4276/4276/4276 4275/4275/4275
f 4265/4265/4265 4277/4277/4277 4276/4276/4276
f 4265/4265/4265 4278/4278/4278 4277/4277/4277
f 4265/4265/4265 4279/4279/4279 4278/4278/4278
f 4265/4265/4265 4280/4280/4280 4279/4279/4279
f 4265/4265/4265 4281/4281/4281 4280/4280/4280
f 4265/4265/4265 4267/4267/4267 4281/4281/4281
f 4267/4267/4267 4266/4266/4266 4282/4282/4282
f 4266/4266/4266 4283/4283/4283 4282/4282/4282
f 4266/4266/4266 4284/4284/4284 4283/4283/4283
f 4284/4284/4284 4285/4285/4285 4283/4283/4283
f 4286/4286/4286 4287/4287/4287 4288/4288/4288
f 4287/4287/4287 4289/4289/4289 4288/4288/4288
f 4290/4290/4290 4291/4291/4291 4292/4292/4292
f 4291/4291/4291 4293/4293/4293 4292/4292/4292
f 4294/4294/4294 4295/4295/4295 4293/4293/4293
f 4295/4295/4295 4296/4296/4296 4293/4293/4293
f 4297/4297/4297 4298/4298/4298 4299/4299/4299
f 4298/4298/4298 4300/4300/4300 4299/4299/4299
f 4301/4301/4301 4273/4273/4273 4302/4302/4302
f 4273/4273/4273 4303/4303/4303 4302/4302/4302
f 4273/4273/4273 4274/4274/4274 4303/4303/4303
f 4274/4274/4274 4304/4304/4304 4303/4303/4303
f 4274/4274/4274 4275/4275/4275 4304/4304/4304
f 4275/4275/4275 4305/4305/4305 4304/4304/4304
f 4275/4275/4275 4306/4306/4306 4305/4305/4305
f 4306/4306/4306 4307/4307/4307 4305/4305/4305
f 4308/4308/4308 4309/4309/4309 4310/4310/4310
f 4309/4309/4309 4311/4311/4311 4310/4310/4310
f 4312/4312/4312 4313/4313/4313 4314/4314/4314
f 4313/4313/4313 4315/4315/4315 4314/4314/4314
f 4316/4316/4316 4317/4317/4317 4315/4315/4315
f 4317/4317/4317 4318/4318/4318 4315/4315/4315
f 4319/4319/4319 4320/4320/4320 4321/4321/4321
f 4320/4320/4320 4322/4322/4322 4321/4321/4321
f 4323/4323/4323 4281/4281/4281 4324/4324/4324
f 4281/4281/4281 4325/4325/4325 4324/4324/4324
f 4281/4281/4281 4267/4267/4267 4325/4325/4325
f 4267/4267/4267 4282/4282/4282 4325/4325/4325
f 4282/4282/4282 4283/4283/4283 4326/4326/4326
f 4283/4283/4283 4327/4327/4327 4326/4326/4326
f 4283/4283/4283 4288/4288/4288 4327/4327/4327
f 4288/4288/4288 4328/4328/4328 4327/4327/4327
f 4329/4329/4329 4292/4292/4292 4328/4328/4328
f 4292/4292/4292 4330/4330/4330 4328/4328/4328
f 4331/4331/4331 4293/4293/4293 4330/4330/4330
f 4293/4293/4293 4332/4332/4332 4330/4330/4330
f 4293/4293/4293 4333/4333/4333 4332/4332/4332
f 4333/4333/4333 4334/4334/4334 4332/4332/4332
f 4296/4296/4296 4335/4335/4335 4334/4334/4334
f 4335/4335/4335 4336/4336/4336 4334/4334/4334
f 4300/4300/4300 4303/4303/4303 4336/4336/4336
f 4303/4303/4303 4337/4337/4337 4336/4336/4336
f 4303/4303/4303 4304/4304/4304 4337/4337/4337
f 4304/4304/4304 4338/4338/4338 4337/4337/4337
f 4304/4304/4304 4305/4305/4305 4338/4338/4338
f 4305/4305/4305 4339/4339/4339 4338/4338/4338
f 4305/4305/4305 4310/4310/4310 4339/4339/4339
f 4310/4310/4310 4340/4340/4340 4339/4339/4339
f 4341/4341/4341 4314/4314/4314 4340/4340/4340
f 4314/4314/4314 4342/4342/4342 4340/4340/4340
f 4343/4343/4343 4315/4315/4315 4342/4342/4342
f 4315/4315/4315 4344/4344/4344 4342/4342/4342
f 4315/4315/4315 4345/4345/4345 4344/4344/4344
f 4345/4345/4345 4346/4346/4346 4344/4344/4344
f 4318/4318/4318 4347/4347/4347 4346/4346/4346
f 4347/4347/4347 4348/4348/4348 4346/4346/4346
f 4322/4322/4322 4325/4325/4325 4348/4348/4348
f 4325/4325/4325 4349/4349/4349 4348/4348/4348
f 4325/4325/4325 4282/4282/4282 4349/4349/4349
f 4282/4282/4282 4326/4326/4326 4349/4349/4349
f 4326/4326/4326 4327/4327/4327 4350/4350/4350
f 4327/4327/4327 4351/4351/4351 4350/4350/4350
f 4352/4352/4352 4328/4328/4328 4353/4353/4353
f 4328/4328/4328 4354/4354/4354 4353/4353/4353
f 4328/4328/4328 4330/4330/4330 4354/4354/4354
f 4330/4330/4330 4355/4355/4355 4354/4354/4354
f 4330/4330/4330 4332/4332/4332 4355/4355/4355
f 4332/4332/4332 4356/4356/4356 4355/4355/4355
f 4332/4332/4332 4334/4334/4334 4356/4356/4356
f 4334/4334/4334 4357/4357/4357 4356/4356/4356
f 4334/4334/4334 4336/4336/4336 4357/4357/4357
f 4336/4336/4336 4358/4358/4358 4357/4357/4357
f 4336/4336/4336 4359/4359/4359 4358/4358/4358
f 4359/4359/4359 4360/4360/4360 4358/4358/4358
f 4337/4337/4337 4338/4338/4338 4361/4361/4361
f 4338/4338/4338 4362/4362/4362 4361/4361/4361
f 4338/4338/4338 4339/4339/4339 4362/4362/4362
f 4339/4339/4339 4363/4363/4363 4362/4362/4362
f 4364/4364/4364 4340/4340/4340 4365/4365/4365
f 4340/4340/4340 4366/4366/4366 4365/4365/4365
f 4340/4340/4340 4342/4342/4342 4366/4366/4366
f 4342/4342/4342 4367/4367/4367 4366/4366/4366
f 4342/4342/4342 4344/4344/4344 4367/4367/4367
f 4344/4344/4344 4368/4368/4368 4367/4367/4367
f 4344/4344/4344 4346/4346/4346 4368/4368/4368
f 4346/4346/4346 4369/4369/4369 4368/4368/4368
f 4346/4346/4346 4348/4348/4348 4369/4369/4369
f 4348/4348/4348 4370/4370/4370 4369/4369/4369
f 4348/4348/4348 4371/4371/4371 4370/4370/4370
f 4371/4371/4371 4372/4372/4372 4370/4370/4370
f 4349/4349/4349 4326/4326/4326 4373/4373/4373
f 4326/4326/4326 4350/4350/4350 4373/4373/4373
f 4350/4350/4350 4351/4351/4351 4374/4374/4374
f 4351/4351/4351 4375/4375/4375 4374/4374/4374
f 4353/4353/4353 4354/4354/4354 4376/4376/4376
f 4354/4354/4354 4377/4377/4377 4376/4376/4376
f 4354/4354/4354 4355/4355/4355 4377/4377/4377
f 4355/4355/4355 4378/4378/4378 4377/4377/4377
f 4355/4355/4355 4356/4356/4356 4378/4378/4378
f 4356/4356/4356 4379/4379/4379 4378/4378/4378
f 4356/4356/4356 4357/4357/4357 4379/4379/4379
f 4357/4357/4357 4380/4380/4380 4379/4379/4379
f 4357/4357/4357 4358/4358/4358 4380/4380/4380
f 4358/4358/4358 4381/4381/4381 4380/4380/4380
f 4358/4358/4358 4360/4360/4360 4381/4381/4381
f 4360/4360/4360 4382/4382/4382 4381/4381/4381
f 4361/4361/4361 4362/4362/4362 4383/4383/4383
f 4362/4362/4362 4384/4384/4384 4383/4383/4383
f 4362/4362/4362 4363/4363/4363 4384/4384/4384
f 4363/4363/4363 4385/4385/4385 4384/4384/4384
f 4365/4365/4365 4366/4366/4366 4386/4386/4386
f 4366/4366/4366 4387/4387/4387 4386/4386/4386
f 4366/4366/4366 4367/4367/4367 4387/4387/4387
f 4367/4367/4367 4388/4388/4388 4387/4387/4387
f 4367/4367/4367 4368/4368/4368 4388/4388/4388
f 4368/4368/4368 4389/4389/4389 4388/4388/4388
f 4368/4368/4368 4369/4369/4369 4389/4389/4389
f 4369/4369/4369 4390/4390/4390 4389/4389/4389
f 4369/4369/4369 4370/4370/4370 4390/4390/4390
f 4370/4370/4370 4391/4391/4391 4390/4390/4390
f 4370/4370/4370 4372/4372/4372 4391/4391/4391
f 4372/4372/4372 4392/4392/4392 4391/4391/4391
f 4373/4373/4373 4350/4350/4350 4393/4393/4393
f 4350/4350/4350 4374/4374/4374 4393/4393/4393
f 4374/4374/4374 4375/4375/4375 4394/4394/4394
f 4375/4375/4375 4395/4395/4395 4394/4394/4394
f 4376/4376/4376 4377/4377/4377 4395/4395/4395
f 4377/4377/4377 4396/4396/4396 4395/4395/4395
f 4377/4377/4377 4378/4378/4378 4396/4396/4396
f 4378/4378/4378 4397/4397/4397 4396/4396/4396
f 4378/4378/4378 4379/4379/4379 4397/4397/4397
f 4379/4379/4379 4398/4398/4398 4397/4397/4397
f 4379/4379/4379 4380/4380/4380 4398/4398/4398
f 4380/4380/4380 4399/4399/4399 4398/4398/4398
f 4380/4380/4380 4381/4381/4381 4399/4399/4399
f 4381/4381/4381 4400/4400/4400 4399/4399/4399
f 4381/4381/4381 4382/4382/4382 4400/4400/4400
f 4382/4382/4382 4401/4401/4401 4400/4400/4400
f 4383/4383/4383 4384/4384/4384 4401/4401/4401
f 4384/4384/4384 4402/4402/4402 4401/4401/4401
f 4384/4384/4384 4385/4385/4385 4402/4402/4402
f 4385/4385/4385 4403/4403/4403 4402/4402/4402
f 4386/4386/4386 4387/4387/4387 4403/4403/4403
f 4387/4387/4387 4404/4404/4404 4403/4403/4403
f 4387/4387/4387 4388/4388/4388 4404/4404/4404
f 4388/4388/4388 4405/4405/4405 4404/4404/4404
f 4388/4388/4388 4389/4389/4389 4405/4405/4405
f 4389/4389/4389 4406/4406/4406 4405/4405/4405
f 4389/4389/4389 4390/4390/4390 4406/4406/4406
f 4390/4390/4390 4407/4407/4407 4406/4406/4406
f 4390/4390/4390 4391/4391/4391 4407/4407/4407
f 4391/4391/4391 4408/4408/4408 4407/4407/4407
f 4391/4391/4391 4392/4392/4392 4408/4408/4408
f 4392/4392/4392 4409/4409/4409 4408/4408/4408
f 4393/4393/4393 4374/4374/4374 4409/4409/4409
f 4374/4374/4374 4394/4394/4394 4409/4409/4409
f 4394/4394/4394 4395/4395/4395 4410/4410/4410
f 4395/4395/4395 4411/4411/4411 4410/4410/4410
f 4395/4395/4395 4396/4396/4396 4411/4411/4411
f 4396/4396/4396 4412/4412/4412 4411/4411/4411
f 4396/4396/4396 4397/4397/4397 4412/4412/4412
f 4397/4397/4397 4413/4413/4413 4412/4412/4412
f 4397/4397/4397 4398/4398/4398 4413/4413/4413
f 4398/4398/4398 4414/4414/4414 4413/4413/4413
f 4398/4398/4398 4399/4399/4399 4414/4414/4414
f 4399/4399/4399 4415/4415/4415 4414/4414/4414
f 4399/4399/4399 4400/4400/4400 4415/4415/4415
f 4400/4400/4400 4416/4416/4416 4415/4415/4415
f 4400/4400/4400 4401/4401/4401 4416/4416/4416
f 4401/4401/4401 4417/4417/4417 4416/4416/4416
f 4401/4401/4401 4402/4402/4402 4417/4417/4417
f 4402/4402/4402 4418/4418/4418 4417/4417/4417
f 4402/4402/4402 4403/4403/4403 4418/4418/4418
f 4403/4403/4403 4419/4419/4419 4418/4418/4418
f 4403/4403/4403 4404/4404/4404 4419/4419/4419
f 4404/4404/4404 4420/4420/4420 4419/4419/4419
f 4404/4404/4404 4405/4405/4405 4420/4420/4420
f 4405/4405/4405 4421/4421/4421 4420/4420/4420
f 4405/4405/4405 4406/4406/4406 4421/4421/4421
f 4406/4406/4406 4422/4422/4422 4421/4421/4421
f 4406/4406/4406 4407/4407/4407 4422/4422/4422
f 4407/4407/4407 4423/4423/4423 4422/4422/4422
f 4407/4407/4407 4408/4408/4408 4423/4423/4423
f 4408/4408/4408 4424/4424/4424 4423/4423/4423
f 4408/4408/4408 4409/4409/4409 4424/4424/4424
f 4409/4409/4409 4425/4425/4425 4424/4424/4424
f 4409/4409/4409 4394/4394/4394 4425/4425/4425
f 4394/4394/4394 4410/4410/4410 4425/4425/4425
f 4410/4410/4410 4411/4411/4411 4426/4426/4426
f 4411/4411/4411 4427/4427/4427 4426/4426/4426
f 4411/4411/4411 4412/4412/4412 4427/4427/4427
f 4412/4412/4412 4428/4428/4428 4427/4427/4427
f 4412/4412/4412 4413/4413/4413 4428/4428/4428
f 4413/4413/4413 4429/4429/4429 4428/4428/4428
f 4413/4413/4413 4414/4414/4414 4429/4429/4429
f 4414/4414/4414 4430/4430/4430 4429/4429/4429
f 4414/4414/4414 4415/4415/4415 4430/4430/4430
f 4415/4415/4415 4431/4431/4431 4430/4430/4430
f 4415/4415/4415 4416/4416/4416 4431/4431/4431
f 4416/4416/4416 4432/4432/4432 4431/4431/4431
f 4416/4416/4416 4417/4417/4417 4432/4432/4432
f 4417/4417/4417 4433/4433/4433 4432/4432/4432
f 4417/4417/4417 4418/4418/4418 4433/4433/4433
f 4418/4418/4418 4434/4434/4434 4433/4433/4433
f 4418/4418/4418 4419/4419/4419 4434/4434/4434
f 4419/4419/4419 4435/4435/4435 4434/4434/4434
f 4419/4419/4419 4420/4420/4420 4435/4435/4435
f 4420/4420/4420 4436/4436/4436 4435/4435/4435
f 4420/4420/4420 4421/4421/4421 4436/4436/4436
f 4421/4421/4421 4437/4437/4437 4436/4436/4436
f 4421/4421/4421 4422/4422/4422 4437/4437/4437
f 4422/4422/4422 4438/4438/4438 4437/4437/4437
f 4422/4422/4422 4423/4423/4423 4438/4438/4438
f 4423/4423/4423 4439/4439/4439 4438/4438/4438
f 4423/4423/4423 4424/4424/4424 4439/4439/4439
f 4424/4424/4424 4440/4440/4440 4439/4439/4439
f 4424/4424/4424 4425/4425/4425 4440/4440/4440
f 4425/4425/4425 4441/4441/4441 4440/4440/4440
f 4425/4425/4425 4410/4410/4410 4441/4441/4441
f 4410/4410/4410 4426/4426/4426 4441/4441/4441
f 4426/4426/4426 4427/4427/4427 4442/4442/4442
f 4427/4427/4427 4443/4443/4443 4442/4442/4442
f 4427/4427/4427 4428/4428/4428 4443/4443/4443
f 4428/4428/4428 4444/4444/4444 4443/4443/4443
f 4428/4428/4428 4429/4429/4429 4444/4444/4444
f 4429/4429/4429 4445/4445/4445 4444/4444/4444
f 4429/4429/4429 4430/4430/4430 4445/4445/4445
f 4430/4430/4430 4446/4446/4446 4445/4445/4445
f 4430/4430/4430 4431/4431/4431 4446/4446/4446
f 4431/4431/4431 4447/4447/4447 4446/4446/4446
f 4431/4431/4431 4432/4432/4432 4447/4447/4447
f 4432/4432/4432 4448/4448/4448 4447/4447/4447
f 4432/4432/4432 4433/4433/4433 4448/4448/4448
f 4433/4433/4433 4449/4449/4449 4448/4448/4448
f 4433/4433/4433 4434/4434/4434 4449/4449/4449
f 4434/4434/4434 4450/4450/4450 4449/4449/4449
f 4434/4434/4434 4435/4435/4435 4450/4450/4450
f 4435/4435/4435 4451/4451/4451 4450/4450/4450
f 4435/4435/4435 4436/4436/4436 4451/4451/4451
f 4436/4436/4436 4452/4452/4452 4451/4451/4451
f 4436/4436/4436 4437/4437/4437 4452/4452/4452
f 4437/4437/4437 4453/4453/4453 4452/4452/4452
f 4437/4437/4437 4438/4438/4438 4453/4453/4453
f 4438/4438/4438 4454/4454/4454 4453/4453/4453
f 4438/4438/4438 4439/4439/4439 4454/4454/4454
f 4439/4439/4439 4455/4455/4455 4454/4454/4454
f 4439/4439/4439 4440/4440/4440 4455/4455/4455
f 4440/4440/4440 4456/4456/4456 4455/4455/4455
f 4440/4440/4440 4441/4441/4441 4456/4456/4456
f 4441/4441/4441 4457/4457/4457 4456/4456/4456
f 4441/4441/4441 4426/4426/4426 4457/4457/4457
f 4426/4426/4426 4442/4442/4442 4457/4457/4457
f 4442/4442/4442 4443/4443/4443 4458/4458/4458
f 4443/4443/4443 4459/4459/4459 4458/4458/4458
f 4443/4443/4443 4444/4444/4444 4459/4459/4459
f 4444/4444/4444 4460/4460/4460 4459/4459/4459
f 4444/4444/4444 4445/4445/4445 4460/4460/4460
f 4445/4445/4445 4461/4461/4461 4460/4460/4460
f 4445/4445/4445 4446/4446/4446 4461/4461/4461
f 4446/4446/4446 4462/4462/4462 4461/4461/4461
f 4446/4446/4446 4447/4447/4447 4462/4462/4462
f 4447/4447/4447 4463/4463/4463 4462/4462/4462
f 4447/4447/4447 4448/4448/4448 4463/4463/4463
f 4448/4448/4448 4464/4464/4464 4463/4463/4463
f 4448/4448/4448 4449/4449/4449 4464/4464/4464
f 4449/4449/4449 4465/4465/4465 4464/4464/4464
f 4449/4449/4449 4450/4450/4450 4465/4465/4465
f 4450/4450/4450 4466/4466/4466 4465/4465/4465
f 4450/4450/4450 4451/4451/4451 4466/4466/4466
f 4451/4451/4451 4467/4467/4467 4466/4466/4466
f 4451/4451/4451 4452/4452/4452 4467/4467/4467
f 4452/4452/4452 4468/4468/4468 4467/4467/4467
f 4452/4452/4452 4453/4453/4453 4468/4468/4468
f 4453/4453/4453 4469/4469/4469 4468/4468/4468
f 4453/4453/4453 4454/4454/4454 4469/4469/4469
f 4454/4454/4454 4470/4470/4470 4469/4469/4469
f 4454/4454/4454 4455/4455/4455 4470/4470/4470
f 4455/4455/4455 4471/4471/4471 4470/4470/4470
f 4455/4455/4455 4456/4456/4456 4471/4471/4471
f 4456/4456/4456 4472/4472/4472 4471/4471/4471
f 4456/4456/4456 4457/4457/4457 4472/4472/4472
f 4457/4457/4457 4473/4473/4473 4472/4472/4472
f 4457/4457/4457 4442/4442/4442 4473/4473/4473
f 4442/4442/4442 4458/4458/4458 4473/4473/4473
f 4458/4458/4458 4459/4459/4459 4474/4474/4474
f 4459/4459/4459 4475/4475/4475 4474/4474/4474
f 4459/4459/4459 4460/4460/4460 4475/4475/4475
f 4460/4460/4460 4476/4476/4476 4475/4475/4475
f 4460/4460/4460 4461/4461/4461 4476/4476/4476
f 4461/4461/4461 4477/4477/4477 4476/4476/4476
f 4461/4461/4461 4462/4462/4462 4477/4477/4477
f 4462/4462/4462 4478/4478/4478 4477/4477/4477
f 4462/4462/4462 4463/4463/4463 4478/4478/4478
f 4463/4463/4463 4479/4479/4479 4478/4478/4478
f 4463/4463/4463 4464/4464/4464 4479/4479/4479
f 4464/4464/4464 4480/4480/4480 4479/4479/4479
f 4464/4464/4464 4465/4465/4465 4480/4480/4480
f 4465/4465/4465 4481/4481/4481 4480/4480/4480
f 4465/4465/4465 4466/4466/4466 4481/4481/4481
f 4466/4466/4466 4482/4482/4482 4481/4481/4481
f 4466/4466/4466 4467/4467/4467 4482/4482/4482
f 4467/4467/4467 4483/4483/4483 4482/4482/4482
f 4467/4467/4467 4468/4468/4468 4483/4483/4483
f 4468/4468/4468 4484/4484/4484 4483/4483/4483
f 4468/4468/4468 4469/4469/4469 4484/4484/4484
f 4469/4469/4469 4485/4485/4485 4484/4484/4484
f 4469/4469/4469 4470/4470/4470 4485/4485/4485
f 4470/4470/4470 4486/4486/4486 4485/4485/4485
f 4470/4470/4470 4471/4471/4471 4486/4486/4486
f 4471/4471/4471 4487/4487/4487 4486/4486/4486
f 4471/4471/4471 4472/4472/4472 4487/4487/4487
f 4472/4472/4472 4488/4488/4488 4487/4487/4487
f 4472/4472/4472 4473/4473/4473 4488/4488/4488
f 4473/4473/4473 4489/4489/4489 4488/4488/4488
f 4473/4473/4473 4458/4458/4458 4489/4489/4489
f 4458/4458/4458 4474/4474/4474 4489/4489/4489
f 4474/4474/4474 4475/4475/4475 4490/4490/4490
f 4475/4475/4475 4491/4491/4491 4490/4490/4490
f 4475/4475/4475 4476/4476/4476 4491/4491/4491
f 4476/4476/4476 4492/4492/4492 4491/4491/4491
f 4476/4476/4476 4477/4477/4477 4492/4492/4492
f 4477/4477/4477 4493/4493/4493 4492/4492/4492
f 4477/4477/4477 4478/4478/4478 4493/4493/4493
f 4478/4478/4478 4494/4494/4494 4493/4493/4493
f 4478/4478/4478 4479/4479/4479 4494/4494/4494
f 4479/4479/4479 4495/4495/4495 4494/4494/4494
f 4479/4479/4479 4480/4480/4480 4495/4495/4495
f 4480/4480/4480 4496/4496/4496 4495/4495/4495
f 4480/4480/4480 4481/4481/4481 4496/4496/4496
f 4481/4481/4481 4497/4497/4497 4496/4496/4496
f 4481/4481/4481 4482/4482/4482 4497/4497/4497
f 4482/4482/4482 4498/4498/4498 4497/4497/4497
f 4482/4482/4482 4483/4483/4483 4498/4498/4498
f 4483/4483/4483 4499/4499/4499 4498/4498/4498
f 4483/4483/4483 4484/4484/4484 4499/4499/4499
f 4484/4484/4484 4500/4500/4500 4499/4499/4499
f 4484/4484/4484 4485/4485/4485 4500/4500/4500
f 4485/4485/4485 4501/4501/4501 4500/4500/4500
f 4485/4485/4485 4486/4486/4486 4501/4501/4501
f 4486/4486/4486 4502/4502/4502 4501/4501/4501
f 4486/4486/4486 4487/4487/4487 4502/4502/4502
f 4487/4487/4487 4503/4503/4503 4502/4502/4502
f 4487/4487/4487 4488/4488/4488 4503/4503/4503
f 4488/4488/4488 4504/4504/4504 4503/4503/4503
f 4488/4488/4488 4489/4489/4489 4504/4504/4504
f 4489/4489/4489 4505/4505/4505 4504/4504/4504
f 4489/4489/4489 4474/4474/4474 4505/4505/4505
f 4474/4474/4474 4490/4490/4490 4505/4505/4505
f 4490/4490/4490 4491/4491/4491 4506/4506/4506
f 4491/4491/4491 4507/4507/4507 4506/4506/4506
f 4491/4491/4491 4492/4492/4492 4507/4507/4507
f 4492/4492/4492 4508/4508/4508 4507/4507/4507
f 4492/4492/4492 4493/4493/4493 4508/4508/4508
f 4493/4493/4493 4509/4509/4509 4508/4508/4508
f 4493/4493/4493 4494/4494/4494 4509/4509/4509
f 4494/4494/4494 4510/4510/4510 4509/4509/4509
f 4494/4494/4494 4495/4495/4495 4510/4510/4510
f 4495/4495/4495 4511/4511/4511 4510/4510/4510
f 4495/4495/4495 4496/4496/4496 4511/4511/4511
f 4496/4496/4496 4512/4512/4512 4511/4511/4511
f 4496/4496/4496 4497/4497/4497 4512/4512/4512
f 4497/4497/4497 4513/4513/4513 4512/4512/4512
f 4497/4497/4497 4498/4498/4498 4513/4513/4513
f 4498/4498/4498 4514/4514/4514 4513/4513/4513
f 4498/4498/4498 4499/4499/4499 4514/4514/4514
f 4499/4499/4499 4515/4515/4515 4514/4514/4514
f 4499/4499/4499 4500/4500/4500 4515/4515/4515
f 4500/4500/4500 4516/4516/4516 4515/4515/4515
f 4500/4500/4500 4501/4501/4501 4516/4516/4516
f 4501/4501/4501 4517/4517/4517 4516/4516/4516
f 4501/4501/4501 4502/4502/4502 4517/4517/4517
f 4502/4502/4502 4518/4518/4518 4517/4517/4517
f 4502/4502/4502 4503/4503/4503 4518/4518/4518
f 4503/4503/4503 4519/4519/4519 4518/4518/4518
f 4503/4503/4503 4504/4504/4504 4519/4519/4519
f 4504/4504/4504 4520/4520/4520 4519/4519/4519
f 4504/4504/4504 4505/4505/4505 4520/4520/4520
f 4505/4505/4505 4521/4521/4521 4520/4520/4520
f 4505/4505/4505 4490/4490/4490 4521/4521/4521
f 4490/4490/4490 4506/4506/4506 4521/4521/4521
f 4506/4506/4506 4507/4507/4507 4522/4522/4522
f 4507/4507/4507 4523/4523/4523 4522/4522/4522
f 4507/4507/4507 4508/4508/4508 4523/4523/4523
f 4508/4508/4508 4524/4524/4524 4523/4523/4523
f 4508/4508/4508 4509/4509/4509 4524/4524/4524
f 4509/4509/4509 4525/4525/4525 4524/4524/4524
f 4509/4509/4509 4510/4510/4510 4525/4525/4525
f 4510/4510/4510 4526/4526/4526 4525/4525/4525
f 4510/4510/4510 4511/4511/4511 4526/4526/4526
f 4511/4511/4511 4527/4527/4527 4526/4526/4526
f 4511/4511/4511 4512/4512/4512 4527/4527/4527
f 4512/4512/4512 4528/4528/4528 4527/4527/4527
f 4512/4512/4512 4513/4513/4513 4528/4528/4528
f 4513/4513/4513 4529/4529/4529 4528/4528/4528
f 4513/4513/4513 4514/4514/4514 4529/4529/4529
f 4514/4514/4514 4530/4530/4530 4529/4529/4529
f 4514/4514/4514 4515/4515/4515 4530/4530/4530
f 4515/4515/4515 4531/4531/4531 4530/4530/4530
f 4515/4515/4515 4516/4516/4516 4531/4531/4531
f 4516/4516/4516 4532/4532/4532 4531/4531/4531
f 4516/4516/4516 4517/4517/4517 4532/4532/4532
f 4517/4517/4517 4533/4533/4533 4532/4532/4532
f 4517/4517/4517 4518/4518/4518 4533/4533/4533
f 4518/4518/4518 4534/4534/4534 4533/4533/4533
f 4518/4518/4518 4519/4519/4519 4534/4534/4534
f 4519/4519/4519 4535/4535/4535 4534/4534/4534
f 4519/4519/4519 4520/4520/4520 4535/4535/4535
f 4520/4520/4520 4536/4536/4536 4535/4535/4535
f 4520/4520/4520 4521/4521/4521 4536/4536/4536
f 4521/4521/4521 4537/4537/4537 4536/4536/4536
f 4521/4521/4521 4506/4506/4506 4537/4537/4537
f 4506/4506/4506 4522/4522/4522 4537/4537/4537
f 4522/4522/4522 4523/4523/4523 4538/4538/4538
f 4523/4523/4523 4539/4539/4539 4538/4538/4538
f 4523/4523/4523 4524/4524/4524 4539/4539/4539
f 4524/4524/4524 4540/4540/4540 4539/4539/4539
f 4524/4524/4524 4525/4525/4525 4540/4540/4540
f 4525/4525/4525 4541/4541/4541 4540/4540/4540
f 4525/4525/4525 4526/4526/4526 4541/4541/4541
f 4526/4526/4526 4542/4542/4542 4541/4541/4541
f 4526/4526/4526 4527/4527/4527 4542/4542/4542
f 4527/4527/4527 4543/4543/4543 4542/4542/4542
f 4527/4527/4527 4528/4528/4528 4543/4543/4543
f 4528/4528/4528 4544/4544/4544 4543/4543/4543
f 4528/4528/4528 4529/4529/4529 4544/4544/4544
f 4529/4529/4529 4545/4545/4545 4544/4544/4544
f 4529/4529/4529 4530/4530/4530 4545/4545/4545
f 4530/4530/4530 4546/4546/4546 4545/4545/4545
f 4530/4530/4530 4531/4531/4531 4546/4546/4546
f 4531/4531/4531 4547/4547/4547 4546/4546/4546
f 4531/4531/4531 4532/4532/4532 4547/4547/4547
f 4532/4532/4532 4548/4548/4548 4547/4547/4547
f 4532/4532/4532 4533/4533/4533 4548/4548/4548
f 4533/4533/4533 4549/4549/4549 4548/4548/4548
f 4533/4533/4533 4534/4534/4534 4549/4549/4549
f 4534/4534/4534 4550/4550/4550 4549/4549/4549
f 4534/4534/4534 4535/4535/4535 4550/4550/4550
f 4535/4535/4535 4551/4551/4551 4550/4550/4550
f 4535/4535/4535 4536/4536/4536 4551/4551/4551
f 4536/4536/4536 4552/4552/4552 4551/4551/4551
f 4536/4536/4536 4537/4537/4537 4552/4552/4552
f 4537/4537/4537 4553/4553/4553 4552/4552/4552
f 4537/4537/4537 4522/4522/4522 4553/4553/4553
f 4522/4522/4522 4538/4538/4538 4553/4553/4553
f 4538/4538/4538 4539/4539/4539 4554/4554/4554
f 4539/4539/4539 4555/4555/4555 4554/4554/4554
f 4539/4539/4539 4540/4540/4540 4555/4555/4555
f 4540/4540/4540 4556/4556/4556 4555/4555/4555
f 4540/4540/4540 4541/4541/4541 4556/4556/4556
f 4541/4541/4541 4557/4557/4557 4556/4556/4556
f 4541/4541/4541 4542/4542/4542 4557/4557/4557
f 4542/4542/4542 4558/4558/4558 4557/4557/4557
f 4542/4542/4542 4543/4543/4543 4558/4558/4558
f 4543/4543/4543 4559/4559/4559 4558/4558/4558
f 4543/4543/4543 4544/4544/4544 4559/4559/4559
f 4544/4544/4544 4560/4560/4560 4559/4559/4559
f 4544/4544/4544 4545/4545/4545 4560/4560/4560
f 4545/4545/4545 4561/4561/4561 4560/4560/4560
f 4545/4545/4545 4546/4546/4546 4561/4561/4561
f 4546/4546/4546 4562/4562/4562 4561/4561/4561
f 4546/4546/4546 4547/4547/4547 4562/4562/4562
f 4547/4547/4547 4563/4563/4563 4562/4562/4562
f 4547/4547/4547 4548/4548/4548 4563/4563/4563
f 4548/4548/4548 4564/4564/4564 4563/4563/4563
f 4548/4548/4548 4549/4549/4549 4564/4564/4564
f 4549/4549/4549 4565/4565/4565 4564/4564/4564
f 4549/4549/4549 4550/4550/4550 4565/4565/4565
f 4550/4550/4550 4566/4566/4566 4565/4565/4565
f 4550/4550/4550 4551/4551/4551 4566/4566/4566
f 4551/4551/4551 4567/4567/4567 4566/4566/4566
f 4551/4551/4551 4552/4552/4552 4567/4567/4567
f 4552/4552/4552 4568/4568/4568 4567/4567/4567
f 4552/4552/4552 4553/4553/4553 4568/4568/4568
f 4553/4553/4553 4569/4569/4569 4568/4568/4568
f 4553/4553/4553 4538/4538/4538 4569/4569/4569
f 4538/4538/4538 4554/4554/4554 4569/4569/4569
f 4554/4554/4554 4555/4555/4555 4570/4570/4570
f 4555/4555/4555 4571/4571/4571 4570/4570/4570
f 4555/4555/4555 4556/4556/4556 4571/4571/4571
f 4556/4556/4556 4572/4572/4572 4571/4571/4571
f 4556/4556/4556 4557/4557/4557 4572/4572/4572
f 4557/4557/4557 4573/4573/4573 4572/4572/4572
f 4557/4557/4557 4558/4558/4558 4573/4573/4573
f 4558/4558/4558 4574/4574/4574 4573/4573/4573
f 4558/4558/4558 4559/4559/4559 4574/4574/4574
f 4559/4559/4559 4575/4575/4575 4574/4574/4574
f 4559/4559/4559 4560/4560/4560 4575/4575/4575
f 4560/4560/4560 4576/4576/4576 4575/4575/4575
f 4560/4560/4560 4561/4561/4561 4576/4576/4576
f 4561/4561/4561 4577/4577/4577 4576/4576/4576
f 4561/4561/4561 4562/4562/4562 4577/4577/4577
f 4562/4562/4562 4578/4578/4578 4577/4577/4577
f 4562/4562/4562 4563/4563/4563 4578/4578/4578
f 4563/4563/4563 4579/4579/4579 4578/4578/4578
f 4563/4563/4563 4564/4564/4564 4579/4579/4579
f 4564/4564/4564 4580/4580/4580 4579/4579/4579
f 4564/4564/4564 4565/4565/4565 4580/4580/4580
f 4565/4565/4565 4581/4581/4581 4580/4580/4580
f 4565/4565/4565 4566/4566/4566 4581/4581/4581
f 4566/4566/4566 4582/4582/4582 4581/4581/4581
f 4566/4566/4566 4567/4567/4567 4582/4582/4582
f 4567/4567/4567 4583/4583/4583 4582/4582/4582
f 4567/4567/4567 4568/4568/4568 4583/4583/4583
f 4568/4568/4568 4584/4584/4584 4583/4583/4583
f 4568/4568/4568 4569/4569/4569 4584/4584/4584
f 4569/4569/4569 4585/4585/4585 4584/4584/4584
f 4569/4569/4569 4554/4554/4554 4585/4585/4585
f 4554/4554/4554 4570/4570/4570 4585/4585/4585
f 4570/4570/4570 4571/4571/4571 4586/4586/4586
f 4571/4571/4571 4587/4587/4587 4586/4586/4586
f 4571/4571/4571 4572/4572/4572 4587/4587/4587
f 4572/4572/4572 4588/4588/4588 4587/4587/4587
f 4572/4572/4572 4573/4573/4573 4588/4588/4588
f 4573/4573/4573 4589/4589/4589 4588/4588/4588
f 4573/4573/4573 4574/4574/4574 4589/4589/4589
f 4574/4574/4574 4590/4590/4590 4589/4589/4589
f 4574/4574/4574 4575/4575/4575 4590/4590/4590
f 4575/4575/4575 4591/4591/4591 4590/4590/4590
f 4575/4575/4575 4576/4576/4576 4591/4591/4591
f 4576/4576/4576 4592/4592/4592 4591/4591/4591
f 4576/4576/4576 4577/4577/4577 4592/4592/4592
f 4577/4577/4577 4593/4593/4593 4592/4592/4592
f 4577/4577/4577 4578/4578/4578 4593/4593/4593
f 4578/4578/4578 4594/4594/4594 4593/4593/4593
f 4578/4578/4578 4579/4579/4579 4594/4594/4594
f 4579/4579/4579 4595/4595/4595 4594/4594/4594
f 4579/4579/4579 4580/4580/4580 4595/4595/4595
f 4580/4580/4580 4596/4596/4596 4595/4595/4595
f 4580/4580/4580 4581/4581/4581 4596/4596/4596
f 4581/4581/4581 4597/4597/4597 4596/4596/4596
f 4581/4581/4581 4582/4582/4582 4597/4597/4597
f 4582/4582/4582 4598/4598/4598 4597/4597/4597
f 4582/4582/4582 4583/4583/4583 4598/4598/4598
f 4583/4583/4583 4599/4599/4599 4598/4598/4598
f 4583/4583/4583 4584/4584/4584 4599/4599/4599
f 4584/4584/4584 4600/4600/4600 4599/4599/4599
f 4584/4584/4584 4585/4585/4585 4600/4600/4600
f 4585/4585/4585 4601/4601/4601 4600/4600/4600
f 4585/4585/4585 4570/4570/4570 4601/4601/4601
f 4570/4570/4570 4586/4586/4586 4601/4601/4601
f 4586/4586/4586 4587/4587/4587 4602/4602/4602
f 4587/4587/4587 4603/4603/4603 4602/4602/4602
f 4587/4587/4587 4588/4588/4588 4604/4604/4604
f 4588/4588/4588 4605/4605/4605 4604/4604/4604
f 4588/4588/4588 4589/4589/4589 4605/4605/4605
f 4589/4589/4589 4606/4606/4606 4605/4605/4605
f 4589/4589/4589 4590/4590/4590 4606/4606/4606
f 4590/4590/4590 4607/4607/4607 4606/4606/4606
f 4590/4590/4590 4591/4591/4591 4607/4607/4607
f 4591/4591/4591 4608/4608/4608 4607/4607/4607
f 4591/4591/4591 4592/4592/4592 4608/4608/4608
f 4592/4592/4592 4609/4609/4609 4608/4608/4608
f 4592/4592/4592 4593/4593/4593 4609/4609/4609
f 4593/4593/4593 4610/4610/4610 4609/4609/4609
f 4593/4593/4593 4594/4594/4594 4611/4611/4611
f 4594/4594/4594 4612/4612/4612 4611/4611/4611
f 4594/4594/4594 4595/4595/4595 4612/4612/4612
f 4595/4595/4595 4613/4613/4613 4612/4612/4612
f 4595/4595/4595 4596/4596/4596 4614/4614/4614
f 4596/4596/4596 4615/4615/4615 4614/4614/4614
f 4596/4596/4596 4597/4597/4597 4615/4615/4615
f 4597/4597/4597 4616/4616/4616 4615/4615/4615
f 4597/4597/4597 4598/4598/4598 4616/4616/4616
f 4598/4598/4598 4617/4617/4617 4616/4616/4616
f 4598/4598/4598 4599/4599/4599 4617/4617/4617
f 4599/4599/4599 4618/4618/4618 4617/4617/4617
f 4599/4599/4599 4600/4600/4600 4618/4618/4618
f 4600/4600/4600 4619/4619/4619 4618/4618/4618
f 4600/4600/4600 4601/4601/4601 4619/4619/4619
f 4601/4601/4601 4620/4620/4620 4619/4619/4619
f 4601/4601/4601 4586/4586/4586 4621/4621/4621
f 4586/4586/4586 4602/4602/4602 4621/4621/4621
f 4602/4602/4602 4603/4603/4603 4622/4622/4622
f 4603/4603/4603 4623/4623/4623 4622/4622/4622
f 4604/4604/4604 4605/4605/4605 4624/4624/4624
f 4605/4605/4605 4625/4625/4625 4624/4624/4624
f 4605/4605/4605 4606/4606/4606 4625/4625/4625
f 4606/4606/4606 4626/4626/4626 4625/4625/4625
f 4606/4606/4606 4607/4607/4607 4626/4626/4626
f 4607/4607/4607 4627/4627/4627 4626/4626/4626
f 4607/4607/4607 4608/4608/4608 4627/4627/4627
f 4608/4608/4608 4628/4628/4628 4627/4627/4627
f 4608/4608/4608 4609/4609/4609 4628/4628/4628
f 4609/4609/4609 4629/4629/4629 4628/4628/4628
f 4609/4609/4609 4610/4610/4610 4629/4629/4629
f 4610/4610/4610 4630/4630/4630 4629/4629/4629
f 4611/4611/4611 4612/4612/4612 4631/4631/4631
f 4612/4612/4612 4632/4632/4632 4631/4631/4631
f 4612/4612/4612 4613/4613/4613 4632/4632/4632
f 4613/4613/4613 4633/4633/4633 4632/4632/4632
f 4614/4614/4614 4615/4615/4615 4634/4634/4634
f 4615/4615/4615 4635/4635/4635 4634/4634/4634
f 4615/4615/4615 4616/4616/4616 4635/4635/4635
f 4616/4616/4616 4636/4636/4636 4635/4635/4635
f 4616/4616/4616 4617/4617/4617 4636/4636/4636
f 4617/4617/4617 4637/4637/4637 4636/4636/4636
f 4617/4617/4617 4618/4618/4618 4637/4637/4637
f 4618/4618/4618 4638/4638/4638 4637/4637/4637
f 4618/4618/4618 4619/4619/4619 4638/4638/4638
f 4619/4619/4619 4639/4639/4639 4638/4638/4638
f 4619/4619/4619 4620/4620/4620 4639/4639/4639
f 4620/4620/4620 4640/4640/4640 4639/4639/4639
f 4621/4621/4621 4602/4602/4602 4641/4641/4641
f 4602/4602/4602 4622/4622/4622 4641/4641/4641
f 4622/4622/4622 4623/4623/4623 4642/4642/4642
f 4623/4623/4623 4643/4643/4643 4642/4642/4642
f 4624/4624/4624 4625/4625/4625 4644/4644/4644
f 4625/4625/4625 4645/4645/4645 4644/4644/4644
f 4625/4625/4625 4626/4626/4626 4645/4645/4645
f 4626/4626/4626 4646/4646/4646 4645/4645/4645
f 4626/4626/4626 4627/4627/4627 4646/4646/4646
f 4627/4627/4627 4647/4647/4647 4646/4646/4646
f 4627/4627/4627 4628/4628/4628 4647/4647/4647
f 4628/4628/4628 4648/4648/4648 4647/4647/4647
f 4628/4628/4628 4629/4629/4629 4648/4648/4648
f 4629/4629/4629 4649/4649/4649 4648/4648/4648
f 4629/4629/4629 4630/4630/4630 4649/4649/4649
f 4630/4630/4630 4650/4650/4650 4649/4649/4649
f 4631/4631/4631 4632/4632/4632 4651/4651/4651
f 4632/4632/4632 4652/4652/4652 4651/4651/4651
f 4632/4632/4632 4633/4633/4633 4652/4652/4652
f 4633/4633/4633 4653/4653/4653 4652/4652/4652
f 4634/4634/4634 4635/4635/4635 4654/4654/4654
f 4635/4635/4635 4655/4655/4655 4654/4654/4654
f 4635/4635/4635 4636/4636/4636 4655/4655/4655
f 4636/4636/4636 4656/4656/4656 4655/4655/4655
f 4636/4636/4636 4637/4637/4637 4656/4656/4656
f 4637/4637/4637 4657/4657/4657 4656/4656/4656
f 4637/4637/4637 4638/4638/4638 4657/4657/4657
f 4638/4638/4638 4658/4658/4658 4657/4657/4657
f 4638/4638/4638 4639/4639/4639 4658/4658/4658
f 4639/4639/4639 4659/4659/4659 4658/4658/4658
f 4639/4639/4639 4640/4640/4640 4659/4659/4659
f 4640/4640/4640 4660/4660/4660 4659/4659/4659
f 4641/4641/4641 4622/4622/4622 4661/4661/4661
f 4622/4622/4622 4642/4642/4642 4661/4661/4661
f 4642/4642/4642 4643/4643/4643 4662/4662/4662
f 4643/4643/4643 4663/4663/4663 4662/4662/4662
f 4643/4643/4643 4645/4645/4645 4663/4663/4663
f 4645/4645/4645 4664/4664/4664 4663/4663/4663
f 4645/4645/4645 4646/4646/4646 4665/4665/4665
f 4646/4646/4646 4666/4666/4666 4665/4665/4665
f 4646/4646/4646 4647/4647/4647 4667/4667/4667
f 4647/4647/4647 4668/4668/4668 4667/4667/4667
f 4647/4647/4647 4648/4648/4648 4668/4668/4668
f 4648/4648/4648 4669/4669/4669 4668/4668/4668
f 4648/4648/4648 4649/4649/4649 4670/4670/4670
f 4649/4649/4649 4671/4671/4671 4670/4670/4670
f 4649/4649/4649 4651/4651/4651 4672/4672/4672
f 4651/4651/4651 4673/4673/4673 4672/4672/4672
f 4651/4651/4651 4652/4652/4652 4673/4673/4673
f 4652/4652/4652 4674/4674/4674 4673/4673/4673
f 4652/4652/4652 4653/4653/4653 4674/4674/4674
f 4653/4653/4653 4675/4675/4675 4674/4674/4674
f 4653/4653/4653 4655/4655/4655 4675/4675/4675
f 4655/4655/4655 4676/4676/4676 4675/4675/4675
f 4655/4655/4655 4656/4656/4656 4677/4677/4677
f 4656/4656/4656 4678/4678/4678 4677/4677/4677
f 4656/4656/4656 4657/4657/4657 4679/4679/4679
f 4657/4657/4657 4680/4680/4680 4679/4679/4679
f 4657/4657/4657 4658/4658/4658 4680/4680/4680
f 4658/4658/4658 4681/4681/4681 4680/4680/4680
f 4658/4658/4658 4659/4659/4659 4682/4682/4682
f 4659/4659/4659 4683/4683/4683 4682/4682/4682
f 4659/4659/4659 4661/4661/4661 4684/4684/4684
f 4661/4661/4661 4685/4685/4685 4684/4684/4684
f 4661/4661/4661 4642/4642/4642 4685/4685/4685
f 4642/4642/4642 4662/4662/4662 4685/4685/4685
f 4662/4662/4662 4663/4663/4663 4686/4686/4686
f 4663/4663/4663 4687/4687/4687 4686/4686/4686
f 4663/4663/4663 4688/4688/4688 4689/4689/4689
f 4688/4688/4688 4690/4690/4690 4689/4689/4689
f 4691/4691/4691 4692/4692/4692 4693/4693/4693
f 4692/4692/4692 4694/4694/4694 4693/4693/4693
f 4695/4695/4695 4668/4668/4668 4696/4696/4696
f 4668/4668/4668 4697/4697/4697 4696/4696/4696
f 4668/4668/4668 4698/4698/4698 4697/4697/4697
f 4698/4698/4698 4699/4699/4699 4697/4697/4697
f 4700/4700/4700 4701/4701/4701 4702/4702/4702
f 4701/4701/4701 4703/4703/4703 4702/4702/4702
f 4704/4704/4704 4673/4673/4673 4705/4705/4705
f 4673/4673/4673 4706/4706/4706 4705/4705/4705
f 4673/4673/4673 4674/4674/4674 4707/4707/4707
f 4674/4674/4674 4708/4708/4708 4707/4707/4707
f 4674/4674/4674 4675/4675/4675 4709/4709/4709
f 4675/4675/4675 4710/4710/4710 4709/4709/4709
f 4675/4675/4675 4711/4711/4711 4712/4712/4712
f 4711/4711/4711 4713/4713/4713 4712/4712/4712
f 4714/4714/4714 4715/4715/4715 4716/4716/4716
f 4715/4715/4715 4717/4717/4717 4716/4716/4716
f 4718/4718/4718 4680/4680/4680 4719/4719/4719
f 4680/4680/4680 4720/4720/4720 4719/4719/4719
f 4680/4680/4680 4721/4721/4721 4720/4720/4720
f 4721/4721/4721 4722/4722/4722 4720/4720/4720
f 4723/4723/4723 4724/4724/4724 4725/4725/4725
f 4724/4724/4724 4726/4726/4726 4725/4725/4725
f 4727/4727/4727 4685/4685/4685 4728/4728/4728
f 4685/4685/4685 4729/4729/4729 4728/4728/4728
f 4685/4685/4685 4662/4662/4662 4730/4730/4730
f 4662/4662/4662 4731/4731/4731 4730/4730/4730
f 4732/4732/4732 4733/4733/4733 4734/4734/4734
f 4733/4733/4733 4735/4735/4735 4734/4734/4734
f 4733/4733/4733 4736/4736/4736 4735/4735/4735
f 4736/4736/4736 4737/4737/4737 4735/4735/4735
f 4738/4738/4738 4739/4739/4739 4740/4740/4740
f 4739/4739/4739 4741/4741/4741 4740/4740/4740
f 4739/4739/4739 4742/4742/4742 4741/4741/4741
f 4742/4742/4742 4743/4743/4743 4741/4741/4741
f 4744/4744/4744 4745/4745/4745 4746/4746/4746
f 4745/4745/4745 4747/4747/4747 4746/4746/4746
f 4745/4745/4745 4748/4748/4748 4747/4747/4747
f 4748/4748/4748 4749/4749/4749 4747/4747/4747
f 4750/4750/4750 4751/4751/4751 4752/4752/4752
f 4751/4751/4751 4753/4753/4753 4752/4752/4752
f 4751/4751/4751 4754/4754/4754 4753/4753/4753
f 4754/4754/4754 4755/4755/4755 4753/4753/4753
f 4754/4754/4754 4756/4756/4756 4755/4755/4755
f 4756/4756/4756 4757/4757/4757 4755/4755/4755
f 4756/4756/4756 4758/4758/4758 4757/4757/4757
f 4758/4758/4758 4759/4759/4759 4757/4757/4757
f 4760/4760/4760 4761/4761/4761 4762/4762/4762
f 4761/4761/4761 4763/4763/4763 4762/4762/4762
f 4761/4761/4761 4764/4764/4764 4763/4763/4763
f 4764/4764/4764 4765/4765/4765 4763/4763/4763
f 4766/4766/4766 4767/4767/4767 4768/4768/4768
f 4767/4767/4767 4769/4769/4769 4768/4768/4768
f 4767/4767/4767 4770/4770/4770 4769/4769/4769
f 4770/4770/4770 4771/4771/4771 4769/4769/4769
f 4772/4772/4772 4773/4773/4773 4774/4774/4774
f 4773/4773/4773 4775/4775/4775 4774/4774/4774
f 4773/4773/4773 4732/4732/4732 4775/4775/4775
f 4732/4732/4732 4734/4734/4734 4775/4775/4775
f 4734/4734/4734 4735/4735/4735 4776/4776/4776
f 4735/4735/4735 4777/4777/4777 4776/4776/4776
f 4735/4735/4735 4737/4737/4737 4777/4777/4777
f 4737/4737/4737 4778/4778/4778 4777/4777/4777
f 4737/4737/4737 4779/4779/4779 4778/4778/4778
f 4779/4779/4779 4780/4780/4780 4778/4778/4778
f 4779/4779/4779 4781/4781/4781 4780/4780/4780
f 4781/4781/4781 4782/4782/4782 4780/4780/4780
f 4781/4781/4781 4783/4783/4783 4782/4782/4782
f 4783/4783/4783 4784/4784/4784 4782/4782/4782
f 4783/4783/4783 4752/4752/4752 4784/4784/4784
f 4752/4752/4752 4785/4785/4785 4784/4784/4784
f 4752/4752/4752 4753/4753/4753 4785/4785/4785
f 4753/4753/4753 4786/4786/4786 4785/4785/4785
f 4753/4753/4753 4755/4755/4755 4786/4786/4786
f 4755/4755/4755 4787/4787/4787 4786/4786/4786
f 4755/4755/4755 4757/4757/4757 4787/4787/4787
f 4757/4757/4757 4788/4788/4788 4787/4787/4787
f 4757/4757/4757 4759/4759/4759 4788/4788/4788
f 4759/4759/4759 4789/4789/4789 4788/4788/4788
f 4759/4759/4759 4790/4790/4790 4789/4789/4789
f 4790/4790/4790 4791/4791/4791 4789/4789/4789
f 4790/4790/4790 4792/4792/4792 4791/4791/4791
f 4792/4792/4792 4793/4793/4793 4791/4791/4791
f 4792/4792/4792 4794/4794/4794 4793/4793/4793
f 4794/4794/4794 4795/4795/4795 4793/4793/4793
f 4794/4794/4794 4774/4774/4774 4795/4795/4795
f 4774/4774/4774 4796/4796/4796 4795/4795/4795
f 4774/4774/4774 4775/4775/4775 4796/4796/4796
f 4775/4775/4775 4797/4797/4797 4796/4796/4796
f 4775/4775/4775 4734/4734/4734 4797/4797/4797
f 4734/4734/4734 4776/4776/4776 4797/4797/4797
f 4776/4776/4776 4777/4777/4777 4798/4798/4798
f 4777/4777/4777 4778/4778/4778 4798/4798/4798
f 4778/4778/4778 4780/4780/4780 4798/4798/4798
f 4780/4780/4780 4782/4782/4782 4798/4798/4798
f 4782/4782/4782 4784/4784/4784 4798/4798/4798
f 4784/4784/4784 4785/4785/4785 4798/4798/4798
f 4785/4785/4785 4786/4786/4786 4798/4798/4798
f 4786/4786/4786 4787/4787/4787 4798/4798/4798
f 4787/4787/4787 4788/4788/4788 4798/4798/4798
f 4788/4788/4788 4789/4789/4789 4798/4798/4798
f 4789/4789/4789 4791/4791/4791 4798/4798/4798
f 4791/4791/4791 4793/4793/4793 4798/4798/4798
f 4793/4793/4793 4795/4795/4795 4798/4798/4798
f 4795/4795/4795 4796/4796/4796 4798/4798/4798
f 4796/4796/4796 4797/4797/4797 4798/4798/4798
f 4797/4797/4797 4776/4776/4776 4798/4798/4798
o S08
v 0.0140000004321 1.44649999994 -3.06161692944e-19
v 0.0129343131557 1.44649999994 -0.00535756815225
v 0.00989949516952 1.44649999994 -0.00989949516952
v 0.00535756815225 1.44649999994 -0.0129343131557
v 8.57252763722e-19 1.44649999994 -0.0140000004321
v -0.00535756815225 1.44649999994 -0.0129343131557
v -0.00989949516952 1.44649999994 -0.00989949516952
v -0.0129343131557 1.44649999994 -0.00535756815225
v -0.0140000004321 1.44649999994 -2.02066722039e-18
v -0.0129343131557 1.44649999994 0.00535756815225
v -0.00989949516952 1.44649999994 0.00989949516952
v -0.00535756815225 1.44649999994 0.0129343131557
v -2.57175829117e-18 1.44649999994 0.0140000004321
v 0.00535756815225 1.44649999994 0.0129343131557
v 0.00989949516952 1.44649999994 0.00989949516952
v 0.0129343131557 1.44649999994 0.00535756815225
v 0.0144999995828 1.44700000003 -3.67394042938e-19
v 0.0133962528780 1.44700000003 -0.00554890977219
v 0.0102530485019 1.44700000003 -0.0102530485019
v 0.00554890977219 1.44700000003 -0.0133962528780
v 8.87868889542e-19 1.44700000003 -0.0144999995828
v -0.00554890977219 1.44700000003 -0.0133962528780
v -0.0102530485019 1.44700000003 -0.0102530485019
v -0.0133962528780 1.44700000003 -0.00554890977219
v -0.0144999995828 1.44700000003 -2.14313182202e-18
v -0.0133962528780 1.44700000003 0.00554890977219
v -0.0102530485019 1.44700000003 0.0102530485019
v -0.00554890977219 1.44700000003 0.0133962528780
v -2.66360677202e-18 1.44700000003 0.0144999995828
v 0.00554890977219 1.44700000003 0.0133962528780
v 0.0102530485019 1.44700000003 0.0102530485019
v 0.0133962528780 1.44700000003 0.00554890977219
v 0.0192000009120 1.44700000003 -3.67394042938e-19
v 0.0177384875715 1.44700000003 -0.00734752183780
v 0.0135764498264 1.44700000003 -0.0135764498264
v 0.00734752183780 1.44700000003 -0.0177384875715
v 1.17566094788e-18 1.44700000003 -0.0192000009120
v -0.00734752183780 1.44700000003 -0.0177384875715
v -0.0135764498264 1.44700000003 -0.0135764498264
v -0.0177384875715 1.44700000003 -0.00734752183780
v -0.0192000009120 1.44700000003 -2.71871593869e-18
v -0.0177384875715 1.44700000003 0.00734752183780
v -0.0135764498264 1.44700000003 0.0135764498264
v -0.00734752183780 1.44700000003 0.0177384875715
v -3.52698274023e-18 1.44700000003 0.0192000009120
v 0.00734752183780 1.44700000003 0.0177384875715
v 0.0135764498264 1.44700000003 0.0135764498264
v 0.0177384875715 1.44700000003 0.00734752183780
v 0.0199999995530 1.44619999999 -2.69422294353e-19
v 0.0184775907546 1.44619999999 -0.00765366852283
v 0.0141421351582 1.44619999999 -0.0141421351582
v 0.00765366852283 1.44619999999 -0.0184775907546
v 1.22464679055e-18 1.44619999999 -0.0199999995530
v -0.00765366852283 1.44619999999 -0.0184775907546
v -0.0141421351582 1.44619999999 -0.0141421351582
v -0.0184775907546 1.44619999999 -0.00765366852283
v -0.0199999995530 1.44619999999 -2.71871587545e-18
v -0.0184775907546 1.44619999999 0.00765366852283
v -0.0141421351582 1.44619999999 0.0141421351582
v -0.00765366852283 1.44619999999 0.0184775907546
v -3.67394047504e-18 1.44619999999 0.0199999995530
v 0.00765366852283 1.44619999999 0.0184775907546
v 0.0141421351582 1.44619999999 0.0141421351582
v 0.0184775907546 1.44619999999 0.00765366852283
v 0.0199999995530 1.44180000001 2.69422294353e-19
v 0.0184775907546 1.44180000001 -0.00765366852283
v 0.0141421351582 1.44180000001 -0.0141421351582
v 0.00765366852283 1.44180000001 -0.0184775907546
v 1.22464679055e-18 1.44180000001 -0.0199999995530
v -0.00765366852283 1.44180000001 -0.0184775907546
v -0.0141421351582 1.44180000001 -0.0141421351582
v -0.0184775907546 1.44180000001 -0.00765366852283
v -0.0199999995530 1.44180000001 -2.17987128674e-18
v -0.0184775907546 1.44180000001 0.00765366852283
v -0.0141421351582 1.44180000001 0.0141421351582
v -0.00765366852283 1.44180000001 0.0184775907546
v -3.67394047504e-18 1.44180000001 0.0199999995530
v 0.00765366852283 1.44180000001 0.0184775907546
v 0.0141421351582 1.44180000001 0.0141421351582
v 0.0184775907546 1.44180000001 0.00765366852283
v 0.0192000009120 1.44099999997 3.67394042938e-19
v 0.0177384875715 1.44099999997 -0.00734752183780
v 0.0135764498264 1.44099999997 -0.0135764498264
v 0.00734752183780 1.44099999997 -0.0177384875715
v 1.17566094788e-18 1.44099999997 -0.0192000009120
v -0.00734752183780 1.44099999997 -0.0177384875715
v -0.0135764498264 1.44099999997 -0.0135764498264
v -0.0177384875715 1.44099999997 -0.00734752183780
v -0.0192000009120 1.44099999997 -1.98392785281e-18
v -0.0177384875715 1.44099999997 0.00734752183780
v -0.0135764498264 1.44099999997 0.0135764498264
v -0.00734752183780 1.44099999997 0.0177384875715
v -3.52698274023e-18 1.44099999997 0.0192000009120
v 0.00734752183780 1.44099999997 0.0177384875715
v 0.0135764498264 1.44099999997 0.0135764498264
v 0.0177384875715 1.44099999997 0.00734752183780
v 0.0144999995828 1.44099999997 3.67394042938e-19
v 0.0133962528780 1.44099999997 -0.00554890977219
v 0.0102530485019 1.44099999997 -0.0102530485019
v 0.00554890977219 1.44099999997 -0.0133962528780
v 8.87868889542e-19 1.44099999997 -0.0144999995828
v -0.00554890977219 1.44099999997 -0.0133962528780
v -0.0102530485019 1.44099999997 -0.0102530485019
v -0.0133962528780 1.44099999997 -0.00554890977219
v -0.0144999995828 1.44099999997 -1.40834373615e-18
v -0.0133962528780 1.44099999997 0.00554890977219
v -0.0102530485019 1.44099999997 0.0102530485019
v -0.00554890977219 1.44099999997 0.0133962528780
v -2.66360677202e-18 1.44099999997 0.0144999995828
v 0.00554890977219 1.44099999997 0.0133962528780
v 0.0102530485019 1.44099999997 0.0102530485019
v 0.0133962528780 1.44099999997 0.00554890977219
v 0.0140000004321 1.44150000006 3.06161692944e-19
v 0.0129343131557 1.44150000006 -0.00535756815225
v 0.00989949516952 1.44150000006 -0.00989949516952
v 0.00535756815225 1.44150000006 -0.0129343131557
v 8.57252763722e-19 1.44150000006 -0.0140000004321
v -0.00535756815225 1.44150000006 -0.0129343131557
v -0.00989949516952 1.44150000006 -0.00989949516952
v -0.0129343131557 1.44150000006 -0.00535756815225
v -0.0140000004321 1.44150000006 -1.40834383450e-18
v -0.0129343131557 1.44150000006 0.00535756815225
v -0.00989949516952 1.44150000006 0.00989949516952
v -0.00535756815225 1.44150000006 0.0129343131557
v -2.57175829117e-18 1.44150000006 0.0140000004321
v 0.00535756815225 1.44150000006 0.0129343131557
v 0.00989949516952 1.44150000006 0.00989949516952
v 0.0129343131557 1.44150000006 0.00535756815225
v 0.0140000004321 1.44299999995 1.22464685731e-19
v 0.0129343131557 1.44299999995 -0.00535756815225
v 0.00989949516952 1.44299999995 -0.00989949516952
v 0.00535756815225 1.44299999995 -0.0129343131557
v 8.57252763722e-19 1.44299999995 -0.0140000004321
v -0.00535756815225 1.44299999995 -0.0129343131557
v -0.00989949516952 1.44299999995 -0.00989949516952
v -0.0129343131557 1.44299999995 -0.00535756815225
v -0.0140000004321 1.44299999995 -1.59204084171e-18
v -0.0129343131557 1.44299999995 0.00535756815225
v -0.00989949516952 1.44299999995 0.00989949516952
v -0.00535756815225 1.44299999995 0.0129343131557
v -2.57175829117e-18 1.44299999995 0.0140000004321
v 0.00535756815225 1.44299999995 0.0129343131557
v 0.00989949516952 1.44299999995 0.00989949516952
v 0.0129343131557 1.44299999995 0.00535756815225
v 0.0149999996647 1.44299999995 1.22464685731e-19
v 0.0138581926003 1.44299999995 -0.00574025139213
v 0.0106066018343 1.44299999995 -0.0106066018343
v 0.00574025139213 1.44299999995 -0.0138581926003
v 9.18485118759e-19 1.44299999995 -0.0149999996647
v -0.00574025139213 1.44299999995 -0.0138581926003
v -0.0106066018343 1.44299999995 -0.0106066018343
v -0.0138581926003 1.44299999995 -0.00574025139213
v -0.0149999996647 1.44299999995 -1.71450555179e-18
v -0.0138581926003 1.44299999995 0.00574025139213
v -0.0106066018343 1.44299999995 0.0106066018343
v -0.00574025139213 1.44299999995 0.0138581926003
v -2.75545525288e-18 1.44299999995 0.0149999996647
v 0.00574025139213 1.44299999995 0.0138581926003
v 0.0106066018343 1.44299999995 0.0106066018343
v 0.0138581926003 1.44299999995 0.00574025139213
v 0.0149999996647 1.44500000005 -1.22464685731e-19
v 0.0138581926003 1.44500000005 -0.00574025139213
v 0.0106066018343 1.44500000005 -0.0106066018343
v 0.00574025139213 1.44500000005 -0.0138581926003
v 9.18485118759e-19 1.44500000005 -0.0149999996647
v -0.00574025139213 1.44500000005 -0.0138581926003
v -0.0106066018343 1.44500000005 -0.0106066018343
v -0.0138581926003 1.44500000005 -0.00574025139213
v -0.0149999996647 1.44500000005 -1.95943492325e-18
v -0.0138581926003 1.44500000005 0.00574025139213
v -0.0106066018343 1.44500000005 0.0106066018343
v -0.00574025139213 1.44500000005 0.0138581926003
v -2.75545525288e-18 1.44500000005 0.0149999996647
v 0.00574025139213 1.44500000005 0.0138581926003
v 0.0106066018343 1.44500000005 0.0106066018343
v 0.0138581926003 1.44500000005 0.00574025139213
v 0.0140000004321 1.44500000005 -1.22464685731e-19
v 0.0129343131557 1.44500000005 -0.00535756815225
v 0.00989949516952 1.44500000005 -0.00989949516952
v 0.00535756815225 1.44500000005 -0.0129343131557
v 8.57252763722e-19 1.44500000005 -0.0140000004321
v -0.00535756815225 1.44500000005 -0.0129343131557
v -0.00989949516952 1.44500000005 -0.00989949516952
v -0.0129343131557 1.44500000005 -0.00535756815225
v -0.0140000004321 1.44500000005 -1.83697021318e-18
v -0.0129343131557 1.44500000005 0.00535756815225
v -0.00989949516952 1.44500000005 0.00989949516952
v -0.00535756815225 1.44500000005 0.0129343131557
v -2.57175829117e-18 1.44500000005 0.0140000004321
v 0.00535756815225 1.44500000005 0.0129343131557
v 0.00989949516952 1.44500000005 0.00989949516952
v 0.0129343131557 1.44500000005 0.00535756815225
vt 0 0
vt 0.0625 0
vt 0.125 0
vt 0.1875 0
vt 0.25 0
vt 0.3125 0
vt 0.375 0
vt 0.4375 0
vt 0.5 0
vt 0.5625 0
vt 0.625 0
vt 0.6875 0
vt 0.75 0
vt 0.8125 0
vt 0.875 0
vt 0.9375 0
vt 0 0.0833333358168602
vt 0.0625 0.0833333358168602
vt 0.125 0.0833333358168602
vt 0.1875 0.0833333358168602
vt 0.25 0.0833333358168602
vt 0.3125 0.0833333358168602
vt 0.375 0.0833333358168602
vt 0.4375 0.0833333358168602
vt 0.5 0.0833333358168602
vt 0.5625 0.0833333358168602
vt 0.625 0.0833333358168602
vt 0.6875 0.0833333358168602
vt 0.75 0.0833333358168602
vt 0.8125 0.0833333358168602
vt 0.875 0.0833333358168602
vt 0.9375 0.0833333358168602
vt 0 0.1666666716337204
vt 0.0625 0.1666666716337204
vt 0.125 0.1666666716337204
vt 0.1875 0.1666666716337204
vt 0.25 0.1666666716337204
vt 0.3125 0.1666666716337204
vt 0.375 0.1666666716337204
vt 0.4375 0.1666666716337204
vt 0.5 0.1666666716337204
vt 0.5625 0.1666666716337204
vt 0.625 0.1666666716337204
vt 0.6875 0.1666666716337204
vt 0.75 0.1666666716337204
vt 0.8125 0.1666666716337204
vt 0.875 0.1666666716337204
vt 0.9375 0.1666666716337204
vt 0 0.25
vt 0.0625 0.25
vt 0.125 0.25
vt 0.1875 0.25
vt 0.25 0.25
vt 0.3125 0.25
vt 0.375 0.25
vt 0.4375 0.25
vt 0.5 0.25
vt 0.5625 0.25
vt 0.625 0.25
vt 0.6875 0.25
vt 0.75 0.25
vt 0.8125 0.25
vt 0.875 0.25
vt 0.9375 0.25
vt 0 0.3333333432674408
vt 0.0625 0.3333333432674408
vt 0.125 0.3333333432674408
vt 0.1875 0.3333333432674408
vt 0.25 0.3333333432674408
vt 0.3125 0.3333333432674408
vt 0.375 0.3333333432674408
vt 0.4375 0.3333333432674408
vt 0.5 0.3333333432674408
vt 0.5625 0.3333333432674408
vt 0.625 0.3333333432674408
vt 0.6875 0.3333333432674408
vt 0.75 0.3333333432674408
vt 0.8125 0.3333333432674408
vt 0.875 0.3333333432674408
vt 0.9375 0.3333333432674408
vt 0 0.4166666567325592
vt 0.0625 0.4166666567325592
vt 0.125 0.4166666567325592
vt 0.1875 0.4166666567325592
vt 0.25 0.4166666567325592
vt 0.3125 0.4166666567325592
vt 0.375 0.4166666567325592
vt 0.4375 0.4166666567325592
vt 0.5 0.4166666567325592
vt 0.5625 0.4166666567325592
vt 0.625 0.4166666567325592
vt 0.6875 0.4166666567325592
vt 0.75 0.4166666567325592
vt 0.8125 0.4166666567325592
vt 0.875 0.4166666567325592
vt 0.9375 0.4166666567325592
vt 0 0.5
vt 0.0625 0.5
vt 0.125 0.5
vt 0.1875 0.5
vt 0.25 0.5
vt 0.3125 0.5
vt 0.375 0.5
vt 0.4375 0.5
vt 0.5 0.5
vt 0.5625 0.5
vt 0.625 0.5
vt 0.6875 0.5
vt 0.75 0.5
vt 0.8125 0.5
vt 0.875 0.5
vt 0.9375 0.5
vt 0 0.5833333134651184
vt 0.0625 0.5833333134651184
vt 0.125 0.5833333134651184
vt 0.1875 0.5833333134651184
vt 0.25 0.5833333134651184
vt 0.3125 0.5833333134651184
vt 0.375 0.5833333134651184
vt 0.4375 0.5833333134651184
vt 0.5 0.5833333134651184
vt 0.5625 0.5833333134651184
vt 0.625 0.5833333134651184
vt 0.6875 0.5833333134651184
vt 0.75 0.5833333134651184
vt 0.8125 0.5833333134651184
vt 0.875 0.5833333134651184
vt 0.9375 0.5833333134651184
vt 0 0.6666666865348816
vt 0.0625 0.6666666865348816
vt 0.125 0.6666666865348816
vt 0.1875 0.6666666865348816
vt 0.25 0.6666666865348816
vt 0.3125 0.6666666865348816
vt 0.375 0.6666666865348816
vt 0.4375 0.6666666865348816
vt 0.5 0.6666666865348816
vt 0.5625 0.6666666865348816
vt 0.625 0.6666666865348816
vt 0.6875 0.6666666865348816
vt 0.75 0.6666666865348816
vt 0.8125 0.6666666865348816
vt 0.875 0.6666666865348816
vt 0.9375 0.6666666865348816
vt 0 0.75
vt 0.0625 0.75
vt 0.125 0.75
vt 0.1875 0.75
vt 0.25 0.75
vt 0.3125 0.75
vt 0.375 0.75
vt 0.4375 0.75
vt 0.5 0.75
vt 0.5625 0.75
vt 0.625 0.75
vt 0.6875 0.75
vt 0.75 0.75
vt 0.8125 0.75
vt 0.875 0.75
vt 0.9375 0.75
vt 0 0.8333333134651184
vt 0.0625 0.8333333134651184
vt 0.125 0.8333333134651184
vt 0.1875 0.8333333134651184
vt 0.25 0.8333333134651184
vt 0.3125 0.8333333134651184
vt 0.375 0.8333333134651184
vt 0.4375 0.8333333134651184
vt 0.5 0.8333333134651184
vt 0.5625 0.8333333134651184
vt 0.625 0.8333333134651184
vt 0.6875 0.8333333134651184
vt 0.75 0.8333333134651184
vt 0.8125 0.8333333134651184
vt 0.875 0.8333333134651184
vt 0.9375 0.8333333134651184
vt 0 0.9166666865348816
vt 0.0625 0.9166666865348816
vt 0.125 0.9166666865348816
vt 0.1875 0.9166666865348816
vt 0.25 0.9166666865348816
vt 0.3125 0.9166666865348816
vt 0.375 0.9166666865348816
vt 0.4375 0.9166666865348816
vt 0.5 0.9166666865348816
vt 0.5625 0.9166666865348816
vt 0.625 0.9166666865348816
vt 0.6875 0.9166666865348816
vt 0.75 0.9166666865348816
vt 0.8125 0.9166666865348816
vt 0.875 0.9166666865348816
vt 0.9375 0.9166666865348816
vn -0.969152671901 0.244444753392 0.0314620578705
vn -0.883340303477 0.244444863211 0.399945767702
vn -0.663047370146 0.244444980056 0.707541402794
vn -0.341811530282 0.244444990783 0.907420257790
vn 0.0314620543781 0.244444725399 0.969152679075
vn 0.399945767702 0.244444863211 0.883340303477
vn 0.707541402794 0.244444980056 0.663047370146
vn 0.907420257790 0.244444990783 0.341811530282
vn 0.969152679075 0.244444725399 -0.0314620543781
vn 0.883340303477 0.244444863211 -0.399945767702
vn 0.663047370146 0.244444980056 -0.707541402794
vn 0.341811530282 0.244444990783 -0.907420257790
vn -0.0314620543781 0.244444725399 -0.969152679075
vn -0.399945767702 0.244444863211 -0.883340303477
vn -0.707541402794 0.244444980056 -0.663047370146
vn -0.907420257790 0.244444990783 -0.341811530282
vn -0.0863544123290 0.996248783879 0.00559250313160
vn -0.0776409210426 0.996248783800 0.0382131934979
vn -0.0571073033404 0.996248782533 0.0650162995418
vn -0.0278796107080 0.996248783479 0.0819212348747
vn 0.00559250313160 0.996248783879 0.0863544123290
vn 0.0382131934979 0.996248783800 0.0776409210426
vn 0.0650162995418 0.996248782533 0.0571073033404
vn 0.0819212348747 0.996248783479 0.0278796107080
vn 0.0863544123290 0.996248783879 -0.00559250313160
vn 0.0776409210426 0.996248783800 -0.0382131934979
vn 0.0571073033404 0.996248782533 -0.0650162995418
vn 0.0278796107080 0.996248783479 -0.0819212348747
vn -0.00559250313160 0.996248783879 -0.0863544123290
vn -0.0382131934979 0.996248783800 -0.0776409210426
vn -0.0650162995418 0.996248782533 -0.0571073033404
vn -0.0819212348747 0.996248783479 -0.0278796107080
vn 0.156233652376 0.987662785566 0.0106427380100
vn 0.148413880463 0.987662784241 -0.0499554272438
vn 0.117999433415 0.987662783367 -0.102948336872
vn 0.0696206461174 0.987662786263 -0.140268265357
vn 0.0106427380100 0.987662785566 -0.156233652376
vn -0.0499554272438 0.987662784241 -0.148413880463
vn -0.102948336872 0.987662783367 -0.117999433415
vn -0.140268265357 0.987662786263 -0.0696206461174
vn -0.156233652376 0.987662785566 -0.0106427380100
vn -0.148413880463 0.987662784241 0.0499554272438
vn -0.117999433415 0.987662783367 0.102948336872
vn -0.0696206461174 0.987662786263 0.140268265357
vn -0.0106427380100 0.987662785566 0.156233652376
vn 0.0499554272438 0.987662784241 0.148413880463
vn 0.102948336872 0.987662783367 0.117999433415
vn 0.140268265357 0.987662786263 0.0696206461174
vn 0.987589915816 0.150219026284 0.0458301464106
vn 0.929952536657 0.150219153268 -0.335592737641
vn 0.730738287862 0.150219188304 -0.665924733073
vn 0.420275867327 0.150219082955 -0.894875646366
vn 0.0458301501281 0.150219026258 -0.987589915648
vn -0.335592737641 0.150219153268 -0.929952536657
vn -0.665924733073 0.150219188304 -0.730738287862
vn -0.894875646366 0.150219082955 -0.420275867327
vn -0.987589915648 0.150219026258 -0.0458301501281
vn -0.929952536657 0.150219153268 0.335592737641
vn -0.730738287862 0.150219188304 0.665924733073
vn -0.420275867327 0.150219082955 0.894875646366
vn -0.0458301501281 0.150219026258 0.987589915648
vn 0.335592737641 0.150219153268 0.929952536657
vn 0.665924733073 0.150219188304 0.730738287862
vn 0.894875646366 0.150219082955 0.420275867327
vn 0.987589915985 -0.150219026309 -0.0458301426931
vn 0.894875646366 -0.150219082955 -0.420275867327
vn 0.665924733073 -0.150219188304 -0.730738287862
vn 0.335592737641 -0.150219153268 -0.929952536657
vn -0.0458301464106 -0.150219026284 -0.987589915816
vn -0.420275867327 -0.150219082955 -0.894875646366
vn -0.730738287862 -0.150219188304 -0.665924733073
vn -0.929952536657 -0.150219153268 -0.335592737641
vn -0.987589915816 -0.150219026284 0.0458301464106
vn -0.894875646366 -0.150219082955 0.420275867327
vn -0.665924733073 -0.150219188304 0.730738287862
vn -0.335592737641 -0.150219153268 0.929952536657
vn 0.0458301464106 -0.150219026284 0.987589915816
vn 0.420275867327 -0.150219082955 0.894875646366
vn 0.730738287862 -0.150219188304 0.665924733073
vn 0.929952536657 -0.150219153268 0.335592737641
vn 0.156233637840 -0.987662787876 -0.0106427371035
vn 0.140268236214 -0.987662790904 -0.0696206389940
vn 0.102948336872 -0.987662783367 -0.117999433415
vn 0.0499554309598 -0.987662784057 -0.148413880435
vn -0.0106427380100 -0.987662785566 -0.156233652376
vn -0.0696206389940 -0.987662790904 -0.140268236214
vn -0.117999433415 -0.987662783367 -0.102948336872
vn -0.148413880435 -0.987662784057 -0.0499554309598
vn -0.156233652376 -0.987662785566 0.0106427380100
vn -0.140268236214 -0.987662790904 0.0696206389940
vn -0.102948336872 -0.987662783367 0.117999433415
vn -0.0499554309598 -0.987662784057 0.148413880435
vn 0.0106427380100 -0.987662785566 0.156233652376
vn 0.0696206389940 -0.987662790904 0.140268236214
vn 0.117999433415 -0.987662783367 0.102948336872
vn 0.148413880435 -0.987662784057 0.0499554309598
vn -0.0863544197240 -0.996248783238 -0.00559250312800
vn -0.0819212496674 -0.996248782159 0.0278796143964
vn -0.0650162995141 -0.996248782109 0.0571073107667
vn -0.0382131934979 -0.996248783800 0.0776409210426
vn -0.00559250266955 -0.996248784522 0.0863544049342
vn 0.0278796143964 -0.996248782159 0.0819212496674
vn 0.0571073107667 -0.996248782109 0.0650162995141
vn 0.0776409210426 -0.996248783800 0.0382131934979
vn 0.0863544049342 -0.996248784522 0.00559250266955
vn 0.0819212496674 -0.996248782159 -0.0278796143964
vn 0.0650162995141 -0.996248782109 -0.0571073107667
vn 0.0382131934979 -0.996248783800 -0.0776409210426
vn 0.00559250266955 -0.996248784522 -0.0863544049342
vn -0.0278796143964 -0.996248782159 -0.0819212496674
vn -0.0571073107667 -0.996248782109 -0.0650162995141
vn -0.0776409210426 -0.996248783800 -0.0382131934979
vn -0.969152672015 -0.244444753421 -0.0314620541489
vn -0.907420257790 -0.244444990783 0.341811530282
vn -0.707541400217 -0.244444994067 0.663047367731
vn -0.399945767702 -0.244444863211 0.883340303477
vn -0.0314620578705 -0.244444753392 0.969152671901
vn 0.341811530282 -0.244444990783 0.907420257790
vn 0.663047367731 -0.244444994067 0.707541400217
vn 0.883340303477 -0.244444863211 0.399945767702
vn 0.969152671901 -0.244444753392 0.0314620578705
vn 0.907420257790 -0.244444990783 -0.341811530282
vn 0.707541400217 -0.244444994067 -0.663047367731
vn 0.399945767702 -0.244444863211 -0.883340303477
vn 0.0314620578705 -0.244444753392 -0.969152671901
vn -0.341811530282 -0.244444990783 -0.907420257790
vn -0.663047367731 -0.244444994067 -0.707541400217
vn -0.883340303477 -0.244444863211 -0.399945767702
vn -0.824714248869 0.562899891286 0.0546819906575
vn -0.741010669908 0.562900009821 0.366123976307
vn -0.544494937312 0.562900077109 0.621826958592
vn -0.265084924476 0.562900070968 0.782862371633
vn 0.0546819869433 0.562899891401 0.824714249037
vn 0.366123976307 0.562900009821 0.741010669908
vn 0.621826958592 0.562900077109 0.544494937312
vn 0.782862371633 0.562900070968 0.265084924476
vn 0.824714249037 0.562899891401 -0.0546819869433
vn 0.741010669908 0.562900009821 -0.366123976307
vn 0.544494937312 0.562900077109 -0.621826958592
vn 0.265084924476 0.562900070968 -0.782862371633
vn -0.0546819869433 0.562899891401 -0.824714249037
vn -0.366123976307 0.562900009821 -0.741010669908
vn -0.621826958592 0.562900077109 -0.544494937312
vn -0.782862371633 0.562900070968 -0.265084924476
vn -0.896794876988 0.438432793348 -0.0594612001656
vn -0.851285181648 0.438432943262 0.288253523429
vn -0.676175122346 0.438432964849 0.592084233242
vn -0.398123439301 0.438432838280 0.805775634651
vn -0.0594612075899 0.438432793153 0.896794876591
vn 0.288253523429 0.438432943262 0.851285181648
vn 0.592084233242 0.438432964849 0.676175122346
vn 0.805775634651 0.438432838280 0.398123439301
vn 0.896794876591 0.438432793153 0.0594612075899
vn 0.851285181648 0.438432943262 -0.288253523429
vn 0.676175122346 0.438432964849 -0.592084233242
vn 0.398123439301 0.438432838280 -0.805775634651
vn 0.0594612075899 0.438432793153 -0.896794876591
vn -0.288253523429 0.438432943262 -0.851285181648
vn -0.592084233242 0.438432964849 -0.676175122346
vn -0.805775634651 0.438432838280 -0.398123439301
vn -0.896794876591 -0.438432793153 0.0594612075899
vn -0.805775593657 -0.438432878208 0.398123478298
vn -0.592084287424 -0.438432901229 0.676175116153
vn -0.288253481476 -0.438432924782 0.851285205371
vn 0.0594612001656 -0.438432793348 0.896794876988
vn 0.398123478298 -0.438432878208 0.805775593657
vn 0.676175116153 -0.438432901229 0.592084287424
vn 0.851285205371 -0.438432924782 0.288253481476
vn 0.896794876988 -0.438432793348 -0.0594612001656
vn 0.805775593657 -0.438432878208 -0.398123478298
vn 0.592084287424 -0.438432901229 -0.676175116153
vn 0.288253481476 -0.438432924782 -0.851285205371
vn -0.0594612001656 -0.438432793348 -0.896794876988
vn -0.398123478298 -0.438432878208 -0.805775593657
vn -0.676175116153 -0.438432901229 -0.592084287424
vn -0.851285205371 -0.438432924782 -0.288253481476
vn -0.824714249037 -0.562899891401 -0.0546819869433
vn -0.782862365448 -0.562900066521 0.265084952185
vn -0.621826958592 -0.562900077109 0.544494937312
vn -0.366123972420 -0.562899944240 0.741010721646
vn -0.0546819906575 -0.562899891286 0.824714248869
vn 0.265084952185 -0.562900066521 0.782862365448
vn 0.544494937312 -0.562900077109 0.621826958592
vn 0.741010721646 -0.562899944240 0.366123972420
vn 0.824714248869 -0.562899891286 0.0546819906575
vn 0.782862365448 -0.562900066521 -0.265084952185
vn 0.621826958592 -0.562900077109 -0.544494937312
vn 0.366123972420 -0.562899944240 -0.741010721646
vn 0.0546819906575 -0.562899891286 -0.824714248869
vn -0.265084952185 -0.562900066521 -0.782862365448
vn -0.544494937312 -0.562900077109 -0.621826958592
vn -0.741010721646 -0.562899944240 -0.366123972420
f 4799/4799/4799 4815/4815/4815 4800/4800/4800
f 4800/4800/4800 4815/4815/4815 4816/4816/4816
f 4800/4800/4800 4816/4816/4816 4801/4801/4801
f 4801/4801/4801 4816/4816/4816 4817/4817/4817
f 4801/4801/4801 4817/4817/4817 4802/4802/4802
f 4802/4802/4802 4817/4817/4817 4818/4818/4818
f 4802/4802/4802 4818/4818/4818 4803/4803/4803
f 4803/4803/4803 4818/4818/4818 4819/4819/4819
f 4803/4803/4803 4819/4819/4819 4804/4804/4804
f 4804/4804/4804 4819/4819/4819 4820/4820/4820
f 4804/4804/4804 4820/4820/4820 4805/4805/4805
f 4805/4805/4805 4820/4820/4820 4821/4821/4821
f 4805/4805/4805 4821/4821/4821 4806/4806/4806
f 4806/4806/4806 4821/4821/4821 4822/4822/4822
f 4806/4806/4806 4822/4822/4822 4807/4807/4807
f 4807/4807/4807 4822/4822/4822 4823/4823/4823
f 4807/4807/4807 4823/4823/4823 4808/4808/4808
f 4808/4808/4808 4823/4823/4823 4824/4824/4824
f 4808/4808/4808 4824/4824/4824 4809/4809/4809
f 4809/4809/4809 4824/4824/4824 4825/4825/4825
f 4809/4809/4809 4825/4825/4825 4810/4810/4810
f 4810/4810/4810 4825/4825/4825 4826/4826/4826
f 4810/4810/4810 4826/4826/4826 4811/4811/4811
f 4811/4811/4811 4826/4826/4826 4827/4827/4827
f 4811/4811/4811 4827/4827/4827 4812/4812/4812
f 4812/4812/4812 4827/4827/4827 4828/4828/4828
f 4812/4812/4812 4828/4828/4828 4813/4813/4813
f 4813/4813/4813 4828/4828/4828 4829/4829/4829
f 4813/4813/4813 4829/4829/4829 4814/4814/4814
f 4814/4814/4814 4829/4829/4829 4830/4830/4830
f 4814/4814/4814 4830/4830/4830 4799/4799/4799
f 4799/4799/4799 4830/4830/4830 4815/4815/4815
f 4815/4815/4815 4831/4831/4831 4816/4816/4816
f 4816/4816/4816 4831/4831/4831 4832/4832/4832
f 4816/4816/4816 4832/4832/4832 4817/4817/4817
f 4817/4817/4817 4832/4832/4832 4833/4833/4833
f 4817/4817/4817 4833/4833/4833 4818/4818/4818
f 4818/4818/4818 4833/4833/4833 4834/4834/4834
f 4818/4818/4818 4834/4834/4834 4819/4819/4819
f 4819/4819/4819 4834/4834/4834 4835/4835/4835
f 4819/4819/4819 4835/4835/4835 4820/4820/4820
f 4820/4820/4820 4835/4835/4835 4836/4836/4836
f 4820/4820/4820 4836/4836/4836 4821/4821/4821
f 4821/4821/4821 4836/4836/4836 4837/4837/4837
f 4821/4821/4821 4837/4837/4837 4822/4822/4822
f 4822/4822/4822 4837/4837/4837 4838/4838/4838
f 4822/4822/4822 4838/4838/4838 4823/4823/4823
f 4823/4823/4823 4838/4838/4838 4839/4839/4839
f 4823/4823/4823 4839/4839/4839 4824/4824/4824
f 4824/4824/4824 4839/4839/4839 4840/4840/4840
f 4824/4824/4824 4840/4840/4840 4825/4825/4825
f 4825/4825/4825 4840/4840/4840 4841/4841/4841
f 4825/4825/4825 4841/4841/4841 4826/4826/4826
f 4826/4826/4826 4841/4841/4841 4842/4842/4842
f 4826/4826/4826 4842/4842/4842 4827/4827/4827
f 4827/4827/4827 4842/4842/4842 4843/4843/4843
f 4827/4827/4827 4843/4843/4843 4828/4828/4828
f 4828/4828/4828 4843/4843/4843 4844/4844/4844
f 4828/4828/4828 4844/4844/4844 4829/4829/4829
f 4829/4829/4829 4844/4844/4844 4845/4845/4845
f 4829/4829/4829 4845/4845/4845 4830/4830/4830
f 4830/4830/4830 4845/4845/4845 4846/4846/4846
f 4830/4830/4830 4846/4846/4846 4815/4815/4815
f 4815/4815/4815 4846/4846/4846 4831/4831/4831
f 4831/4831/4831 4847/4847/4847 4832/4832/4832
f 4832/4832/4832 4847/4847/4847 4848/4848/4848
f 4832/4832/4832 4848/4848/4848 4833/4833/4833
f 4833/4833/4833 4848/4848/4848 4849/4849/4849
f 4833/4833/4833 4849/4849/4849 4834/4834/4834
f 4834/4834/4834 4849/4849/4849 4850/4850/4850
f 4834/4834/4834 4850/4850/4850 4835/4835/4835
f 4835/4835/4835 4850/4850/4850 4851/4851/4851
f 4835/4835/4835 4851/4851/4851 4836/4836/4836
f 4836/4836/4836 4851/4851/4851 4852/4852/4852
f 4836/4836/4836 4852/4852/4852 4837/4837/4837
f 4837/4837/4837 4852/4852/4852 4853/4853/4853
f 4837/4837/4837 4853/4853/4853 4838/4838/4838
f 4838/4838/4838 4853/4853/4853 4854/4854/4854
f 4838/4838/4838 4854/4854/4854 4839/4839/4839
f 4839/4839/4839 4854/4854/4854 4855/4855/4855
f 4839/4839/4839 4855/4855/4855 4840/4840/4840
f 4840/4840/4840 4855/4855/4855 4856/4856/4856
f 4840/4840/4840 4856/4856/4856 4841/4841/4841
f 4841/4841/4841 4856/4856/4856 4857/4857/4857
f 4841/4841/4841 4857/4857/4857 4842/4842/4842
f 4842/4842/4842 4857/4857/4857 4858/4858/4858
f 4842/4842/4842 4858/4858/4858 4843/4843/4843
f 4843/4843/4843 4858/4858/4858 4859/4859/4859
f 4843/4843/4843 4859/4859/4859 4844/4844/4844
f 4844/4844/4844 4859/4859/4859 4860/4860/4860
f 4844/4844/4844 4860/4860/4860 4845/4845/4845
f 4845/4845/4845 4860/4860/4860 4861/4861/4861
f 4845/4845/4845 4861/4861/4861 4846/4846/4846
f 4846/4846/4846 4861/4861/4861 4862/4862/4862
f 4846/4846/4846 4862/4862/4862 4831/4831/4831
f 4831/4831/4831 4862/4862/4862 4847/4847/4847
f 4847/4847/4847 4863/4863/4863 4848/4848/4848
f 4848/4848/4848 4863/4863/4863 4864/4864/4864
f 4848/4848/4848 4864/4864/4864 4849/4849/4849
f 4849/4849/4849 4864/4864/4864 4865/4865/4865
f 4849/4849/4849 4865/4865/4865 4850/4850/4850
f 4850/4850/4850 4865/4865/4865 4866/4866/4866
f 4850/4850/4850 4866/4866/4866 4851/4851/4851
f 4851/4851/4851 4866/4866/4866 4867/4867/4867
f 4851/4851/4851 4867/4867/4867 4852/4852/4852
f 4852/4852/4852 4867/4867/4867 4868/4868/4868
f 4852/4852/4852 4868/4868/4868 4853/4853/4853
f 4853/4853/4853 4868/4868/4868 4869/4869/4869
f 4853/4853/4853 4869/4869/4869 4854/4854/4854
f 4854/4854/4854 4869/4869/4869 4870/4870/4870
f 4854/4854/4854 4870/4870/4870 4855/4855/4855
f 4855/4855/4855 4870/4870/4870 4871/4871/4871
f 4855/4855/4855 4871/4871/4871 4856/4856/4856
f 4856/4856/4856 4871/4871/4871 4872/4872/4872
f 4856/4856/4856 4872/4872/4872 4857/4857/4857
f 4857/4857/4857 4872/4872/4872 4873/4873/4873
f 4857/4857/4857 4873/4873/4873 4858/4858/4858
f 4858/4858/4858 4873/4873/4873 4874/4874/4874
f 4858/4858/4858 4874/4874/4874 4859/4859/4859
f 4859/4859/4859 4874/4874/4874 4875/4875/4875
f 4859/4859/4859 4875/4875/4875 4860/4860/4860
f 4860/4860/4860 4875/4875/4875 4876/4876/4876
f 4860/4860/4860 4876/4876/4876 4861/4861/4861
f 4861/4861/4861 4876/4876/4876 4877/4877/4877
f 4861/4861/4861 4877/4877/4877 4862/4862/4862
f 4862/4862/4862 4877/4877/4877 4878/4878/4878
f 4862/4862/4862 4878/4878/4878 4847/4847/4847
f 4847/4847/4847 4878/4878/4878 4863/4863/4863
f 4863/4863/4863 4879/4879/4879 4864/4864/4864
f 4864/4864/4864 4879/4879/4879 4880/4880/4880
f 4864/4864/4864 4880/4880/4880 4865/4865/4865
f 4865/4865/4865 4880/4880/4880 4881/4881/4881
f 4865/4865/4865 4881/4881/4881 4866/4866/4866
f 4866/4866/4866 4881/4881/4881 4882/4882/4882
f 4866/4866/4866 4882/4882/4882 4867/4867/4867
f 4867/4867/4867 4882/4882/4882 4883/4883/4883
f 4867/4867/4867 4883/4883/4883 4868/4868/4868
f 4868/4868/4868 4883/4883/4883 4884/4884/4884
f 4868/4868/4868 4884/4884/4884 4869/4869/4869
f 4869/4869/4869 4884/4884/4884 4885/4885/4885
f 4869/4869/4869 4885/4885/4885 4870/4870/4870
f 4870/4870/4870 4885/4885/4885 4886/4886/4886
f 4870/4870/4870 4886/4886/4886 4871/4871/4871
f 4871/4871/4871 4886/4886/4886 4887/4887/4887
f 4871/4871/4871 4887/4887/4887 4872/4872/4872
f 4872/4872/4872 4887/4887/4887 4888/4888/4888
f 4872/4872/4872 4888/4888/4888 4873/4873/4873
f 4873/4873/4873 4888/4888/4888 4889/4889/4889
f 4873/4873/4873 4889/4889/4889 4874/4874/4874
f 4874/4874/4874 4889/4889/4889 4890/4890/4890
f 4874/4874/4874 4890/4890/4890 4875/4875/4875
f 4875/4875/4875 4890/4890/4890 4891/4891/4891
f 4875/4875/4875 4891/4891/4891 4876/4876/4876
f 4876/4876/4876 4891/4891/4891 4892/4892/4892
f 4876/4876/4876 4892/4892/4892 4877/4877/4877
f 4877/4877/4877 4892/4892/4892 4893/4893/4893
f 4877/4877/4877 4893/4893/4893 4878/4878/4878
f 4878/4878/4878 4893/4893/4893 4894/4894/4894
f 4878/4878/4878 4894/4894/4894 4863/4863/4863
f 4863/4863/4863 4894/4894/4894 4879/4879/4879
f 4879/4879/4879 4895/4895/4895 4880/4880/4880
f 4880/4880/4880 4895/4895/4895 4896/4896/4896
f 4880/4880/4880 4896/4896/4896 4881/4881/4881
f 4881/4881/4881 4896/4896/4896 4897/4897/4897
f 4881/4881/4881 4897/4897/4897 4882/4882/4882
f 4882/4882/4882 4897/4897/4897 4898/4898/4898
f 4882/4882/4882 4898/4898/4898 4883/4883/4883
f 4883/4883/4883 4898/4898/4898 4899/4899/4899
f 4883/4883/4883 4899/4899/4899 4884/4884/4884
f 4884/4884/4884 4899/4899/4899 4900/4900/4900
f 4884/4884/4884 4900/4900/4900 4885/4885/4885
f 4885/4885/4885 4900/4900/4900 4901/4901/4901
f 4885/4885/4885 4901/4901/4901 4886/4886/4886
f 4886/4886/4886 4901/4901/4901 4902/4902/4902
f 4886/4886/4886 4902/4902/4902 4887/4887/4887
f 4887/4887/4887 4902/4902/4902 4903/4903/4903
f 4887/4887/4887 4903/4903/4903 4888/4888/4888
f 4888/4888/4888 4903/4903/4903 4904/4904/4904
f 4888/4888/4888 4904/4904/4904 4889/4889/4889
f 4889/4889/4889 4904/4904/4904 4905/4905/4905
f 4889/4889/4889 4905/4905/4905 4890/4890/4890
f 4890/4890/4890 4905/4905/4905 4906/4906/4906
f 4890/4890/4890 4906/4906/4906 4891/4891/4891
f 4891/4891/4891 4906/4906/4906 4907/4907/4907
f 4891/4891/4891 4907/4907/4907 4892/4892/4892
f 4892/4892/4892 4907/4907/4907 4908/4908/4908
f 4892/4892/4892 4908/4908/4908 4893/4893/4893
f 4893/4893/4893 4908/4908/4908 4909/4909/4909
f 4893/4893/4893 4909/4909/4909 4894/4894/4894
f 4894/4894/4894 4909/4909/4909 4910/4910/4910
f 4894/4894/4894 4910/4910/4910 4879/4879/4879
f 4879/4879/4879 4910/4910/4910 4895/4895/4895
f 4895/4895/4895 4911/4911/4911 4896/4896/4896
f 4896/4896/4896 4911/4911/4911 4912/4912/4912
f 4896/4896/4896 4912/4912/4912 4897/4897/4897
f 4897/4897/4897 4912/4912/4912 4913/4913/4913
f 4897/4897/4897 4913/4913/4913 4898/4898/4898
f 4898/4898/4898 4913/4913/4913 4914/4914/4914
f 4898/4898/4898 4914/4914/4914 4899/4899/4899
f 4899/4899/4899 4914/4914/4914 4915/4915/4915
f 4899/4899/4899 4915/4915/4915 4900/4900/4900
f 4900/4900/4900 4915/4915/4915 4916/4916/4916
f 4900/4900/4900 4916/4916/4916 4901/4901/4901
f 4901/4901/4901 4916/4916/4916 4917/4917/4917
f 4901/4901/4901 4917/4917/4917 4902/4902/4902
f 4902/4902/4902 4917/4917/4917 4918/4918/4918
f 4902/4902/4902 4918/4918/4918 4903/4903/4903
f 4903/4903/4903 4918/4918/4918 4919/4919/4919
f 4903/4903/4903 4919/4919/4919 4904/4904/4904
f 4904/4904/4904 4919/4919/4919 4920/4920/4920
f 4904/4904/4904 4920/4920/4920 4905/4905/4905
f 4905/4905/4905 4920/4920/4920 4921/4921/4921
f 4905/4905/4905 4921/4921/4921 4906/4906/4906
f 4906/4906/4906 4921/4921/4921 4922/4922/4922
f 4906/4906/4906 4922/4922/4922 4907/4907/4907
f 4907/4907/4907 4922/4922/4922 4923/4923/4923
f 4907/4907/4907 4923/4923/4923 4908/4908/4908
f 4908/4908/4908 4923/4923/4923 4924/4924/4924
f 4908/4908/4908 4924/4924/4924 4909/4909/4909
f 4909/4909/4909 4924/4924/4924 4925/4925/4925
f 4909/4909/4909 4925/4925/4925 4910/4910/4910
f 4910/4910/4910 4925/4925/4925 4926/4926/4926
f 4910/4910/4910 4926/4926/4926 4895/4895/4895
f 4895/4895/4895 4926/4926/4926 4911/4911/4911
f 4911/4911/4911 4927/4927/4927 4912/4912/4912
f 4912/4912/4912 4927/4927/4927 4928/4928/4928
f 4912/4912/4912 4928/4928/4928 4913/4913/4913
f 4913/4913/4913 4928/4928/4928 4929/4929/4929
f 4913/4913/4913 4929/4929/4929 4914/4914/4914
f 4914/4914/4914 4929/4929/4929 4930/4930/4930
f 4914/4914/4914 4930/4930/4930 4915/4915/4915
f 4915/4915/4915 4930/4930/4930 4931/4931/4931
f 4915/4915/4915 4931/4931/4931 4916/4916/4916
f 4916/4916/4916 4931/4931/4931 4932/4932/4932
f 4916/4916/4916 4932/4932/4932 4917/4917/4917
f 4917/4917/4917 4932/4932/4932 4933/4933/4933
f 4917/4917/4917 4933/4933/4933 4918/4918/4918
f 4918/4918/4918 4933/4933/4933 4934/4934/4934
f 4918/4918/4918 4934/4934/4934 4919/4919/4919
f 4919/4919/4919 4934/4934/4934 4935/4935/4935
f 4919/4919/4919 4935/4935/4935 4920/4920/4920
f 4920/4920/4920 4935/4935/4935 4936/4936/4936
f 4920/4920/4920 4936/4936/4936 4921/4921/4921
f 4921/4921/4921 4936/4936/4936 4937/4937/4937
f 4921/4921/4921 4937/4937/4937 4922/4922/4922
f 4922/4922/4922 4937/4937/4937 4938/4938/4938
f 4922/4922/4922 4938/4938/4938 4923/4923/4923
f 4923/4923/4923 4938/4938/4938 4939/4939/4939
f 4923/4923/4923 4939/4939/4939 4924/4924/4924
f 4924/4924/4924 4939/4939/4939 4940/4940/4940
f 4924/4924/4924 4940/4940/4940 4925/4925/4925
f 4925/4925/4925 4940/4940/4940 4941/4941/4941
f 4925/4925/4925 4941/4941/4941 4926/4926/4926
f 4926/4926/4926 4941/4941/4941 4942/4942/4942
f 4926/4926/4926 4942/4942/4942 4911/4911/4911
f 4911/4911/4911 4942/4942/4942 4927/4927/4927
f 4927/4927/4927 4943/4943/4943 4928/4928/4928
f 4928/4928/4928 4943/4943/4943 4944/4944/4944
f 4928/4928/4928 4944/4944/4944 4929/4929/4929
f 4929/4929/4929 4944/4944/4944 4945/4945/4945
f 4929/4929/4929 4945/4945/4945 4930/4930/4930
f 4930/4930/4930 4945/4945/4945 4946/4946/4946
f 4930/4930/4930 4946/4946/4946 4931/4931/4931
f 4931/4931/4931 4946/4946/4946 4947/4947/4947
f 4931/4931/4931 4947/4947/4947 4932/4932/4932
f 4932/4932/4932 4947/4947/4947 4948/4948/4948
f 4932/4932/4932 4948/4948/4948 4933/4933/4933
f 4933/4933/4933 4948/4948/4948 4949/4949/4949
f 4933/4933/4933 4949/4949/4949 4934/4934/4934
f 4934/4934/4934 4949/4949/4949 4950/4950/4950
f 4934/4934/4934 4950/4950/4950 4935/4935/4935
f 4935/4935/4935 4950/4950/4950 4951/4951/4951
f 4935/4935/4935 4951/4951/4951 4936/4936/4936
f 4936/4936/4936 4951/4951/4951 4952/4952/4952
f 4936/4936/4936 4952/4952/4952 4937/4937/4937
f 4937/4937/4937 4952/4952/4952 4953/4953/4953
f 4937/4937/4937 4953/4953/4953 4938/4938/4938
f 4938/4938/4938 4953/4953/4953 4954/4954/4954
f 4938/4938/4938 4954/4954/4954 4939/4939/4939
f 4939/4939/4939 4954/4954/4954 4955/4955/4955
f 4939/4939/4939 4955/4955/4955 4940/4940/4940
f 4940/4940/4940 4955/4955/4955 4956/4956/4956
f 4940/4940/4940 4956/4956/4956 4941/4941/4941
f 4941/4941/4941 4956/4956/4956 4957/4957/4957
f 4941/4941/4941 4957/4957/4957 4942/4942/4942
f 4942/4942/4942 4957/4957/4957 4958/4958/4958
f 4942/4942/4942 4958/4958/4958 4927/4927/4927
f 4927/4927/4927 4958/4958/4958 4943/4943/4943
f 4943/4943/4943 4959/4959/4959 4944/4944/4944
f 4944/4944/4944 4959/4959/4959 4960/4960/4960
f 4944/4944/4944 4960/4960/4960 4945/4945/4945
f 4945/4945/4945 4960/4960/4960 4961/4961/4961
f 4945/4945/4945 4961/4961/4961 4946/4946/4946
f 4946/4946/4946 4961/4961/4961 4962/4962/4962
f 4946/4946/4946 4962/4962/4962 4947/4947/4947
f 4947/4947/4947 4962/4962/4962 4963/4963/4963
f 4947/4947/4947 4963/4963/4963 4948/4948/4948
f 4948/4948/4948 4963/4963/4963 4964/4964/4964
f 4948/4948/4948 4964/4964/4964 4949/4949/4949
f 4949/4949/4949 4964/4964/4964 4965/4965/4965
f 4949/4949/4949 4965/4965/4965 4950/4950/4950
f 4950/4950/4950 4965/4965/4965 4966/4966/4966
f 4950/4950/4950 4966/4966/4966 4951/4951/4951
f 4951/4951/4951 4966/4966/4966 4967/4967/4967
f 4951/4951/4951 4967/4967/4967 4952/4952/4952
f 4952/4952/4952 4967/4967/4967 4968/4968/4968
f 4952/4952/4952 4968/4968/4968 4953/4953/4953
f 4953/4953/4953 4968/4968/4968 4969/4969/4969
f 4953/4953/4953 4969/4969/4969 4954/4954/4954
f 4954/4954/4954 4969/4969/4969 4970/4970/4970
f 4954/4954/4954 4970/4970/4970 4955/4955/4955
f 4955/4955/4955 4970/4970/4970 4971/4971/4971
f 4955/4955/4955 4971/4971/4971 4956/4956/4956
f 4956/4956/4956 4971/4971/4971 4972/4972/4972
f 4956/4956/4956 4972/4972/4972 4957/4957/4957
f 4957/4957/4957 4972/4972/4972 4973/4973/4973
f 4957/4957/4957 4973/4973/4973 4958/4958/4958
f 4958/4958/4958 4973/4973/4973 4974/4974/4974
f 4958/4958/4958 4974/4974/4974 4943/4943/4943
f 4943/4943/4943 4974/4974/4974 4959/4959/4959
f 4959/4959/4959 4975/4975/4975 4960/4960/4960
f 4960/4960/4960 4975/4975/4975 4976/4976/4976
f 4960/4960/4960 4976/4976/4976 4961/4961/4961
f 4961/4961/4961 4976/4976/4976 4977/4977/4977
f 4961/4961/4961 4977/4977/4977 4962/4962/4962
f 4962/4962/4962 4977/4977/4977 4978/4978/4978
f 4962/4962/4962 4978/4978/4978 4963/4963/4963
f 4963/4963/4963 4978/4978/4978 4979/4979/4979
f 4963/4963/4963 4979/4979/4979 4964/4964/4964
f 4964/4964/4964 4979/4979/4979 4980/4980/4980
f 4964/4964/4964 4980/4980/4980 4965/4965/4965
f 4965/4965/4965 4980/4980/4980 4981/4981/4981
f 4965/4965/4965 4981/4981/4981 4966/4966/4966
f 4966/4966/4966 4981/4981/4981 4982/4982/4982
f 4966/4966/4966 4982/4982/4982 4967/4967/4967
f 4967/4967/4967 4982/4982/4982 4983/4983/4983
f 4967/4967/4967 4983/4983/4983 4968/4968/4968
f 4968/4968/4968 4983/4983/4983 4984/4984/4984
f 4968/4968/4968 4984/4984/4984 4969/4969/4969
f 4969/4969/4969 4984/4984/4984 4985/4985/4985
f 4969/4969/4969 4985/4985/4985 4970/4970/4970
f 4970/4970/4970 4985/4985/4985 4986/4986/4986
f 4970/4970/4970 4986/4986/4986 4971/4971/4971
f 4971/4971/4971 4986/4986/4986 4987/4987/4987
f 4971/4971/4971 4987/4987/4987 4972/4972/4972
f 4972/4972/4972 4987/4987/4987 4988/4988/4988
f 4972/4972/4972 4988/4988/4988 4973/4973/4973
f 4973/4973/4973 4988/4988/4988 4989/4989/4989
f 4973/4973/4973 4989/4989/4989 4974/4974/4974
f 4974/4974/4974 4989/4989/4989 4990/4990/4990
f 4974/4974/4974 4990/4990/4990 4959/4959/4959
f 4959/4959/4959 4990/4990/4990 4975/4975/4975
f 4975/4975/4975 4799/4799/4799 4976/4976/4976
f 4976/4976/4976 4799/4799/4799 4800/4800/4800
f 4976/4976/4976 4800/4800/4800 4977/4977/4977
f 4977/4977/4977 4800/4800/4800 4801/4801/4801
f 4977/4977/4977 4801/4801/4801 4978/4978/4978
f 4978/4978/4978 4801/4801/4801 4802/4802/4802
f 4978/4978/4978 4802/4802/4802 4979/4979/4979
f 4979/4979/4979 4802/4802/4802 4803/4803/4803
f 4979/4979/4979 4803/4803/4803 4980/4980/4980
f 4980/4980/4980 4803/4803/4803 4804/4804/4804
f 4980/4980/4980 4804/4804/4804 4981/4981/4981
f 4981/4981/4981 4804/4804/4804 4805/4805/4805
f 4981/4981/4981 4805/4805/4805 4982/4982/4982
f 4982/4982/4982 4805/4805/4805 4806/4806/4806
f 4982/4982/4982 4806/4806/4806 4983/4983/4983
f 4983/4983/4983 4806/4806/4806 4807/4807/4807
f 4983/4983/4983 4807/4807/4807 4984/4984/4984
f 4984/4984/4984 4807/4807/4807 4808/4808/4808
f 4984/4984/4984 4808/4808/4808 4985/4985/4985
f 4985/4985/4985 4808/4808/4808 4809/4809/4809
f 4985/4985/4985 4809/4809/4809 4986/4986/4986
f 4986/4986/4986 4809/4809/4809 4810/4810/4810
f 4986/4986/4986 4810/4810/4810 4987/4987/4987
f 4987/4987/4987 4810/4810/4810 4811/4811/4811
f 4987/4987/4987 4811/4811/4811 4988/4988/4988
f 4988/4988/4988 4811/4811/4811 4812/4812/4812
f 4988/4988/4988 4812/4812/4812 4989/4989/4989
f 4989/4989/4989 4812/4812/4812 4813/4813/4813
f 4989/4989/4989 4813/4813/4813 4990/4990/4990
f 4990/4990/4990 4813/4813/4813 4814/4814/4814
f 4990/4990/4990 4814/4814/4814 4975/4975/4975
f 4975/4975/4975 4814/4814/4814 4799/4799/4799
o S15
v 0.00000000000 1.67400002480 0.00000000000
v 0.00600000005215 1.67400002480 0.00000000000
v 0.00554327713326 1.67400002480 0.00229610060342
v 0.00424264045432 1.67400002480 0.00424264045432
v 0.00229610060342 1.67400002480 0.00554327713326
v 3.67394026824e-19 1.67400002480 0.00600000005215
v -0.00229610060342 1.67400002480 0.00554327713326
v -0.00424264045432 1.67400002480 0.00424264045432
v -0.00554327713326 1.67400002480 0.00229610060342
v -0.00600000005215 1.67400002480 7.34788053648e-19
v -0.00554327713326 1.67400002480 -0.00229610060342
v -0.00424264045432 1.67400002480 -0.00424264045432
v -0.00229610060342 1.67400002480 -0.00554327713326
v -1.10218208047e-18 1.67400002480 -0.00600000005215
v 0.00229610060342 1.67400002480 -0.00554327713326
v 0.00424264045432 1.67400002480 -0.00424264045432
v 0.00554327713326 1.67400002480 -0.00229610060342
v 0.00600000005215 1.67400002480 0.00000000000
v 0.00600000005215 1.67400002480 0.00000000000
v 0.00600000005215 1.67760765553 0.00000000000
v 0.00554327713326 1.67400002480 0.00229610060342
v 0.00554327713326 1.67760765553 0.00229610060342
v 0.00554327713326 1.67400002480 0.00229610060342
v 0.00554327713326 1.67760765553 0.00229610060342
v 0.00424264045432 1.67400002480 0.00424264045432
v 0.00424264045432 1.67760765553 0.00424264045432
v 0.00424264045432 1.67400002480 0.00424264045432
v 0.00424264045432 1.67760765553 0.00424264045432
v 0.00229610060342 1.67400002480 0.00554327713326
v 0.00229610060342 1.67760765553 0.00554327713326
v 0.00229610060342 1.67400002480 0.00554327713326
v 0.00229610060342 1.67760765553 0.00554327713326
v 3.67394026824e-19 1.67400002480 0.00600000005215
v 3.67394026824e-19 1.67760765553 0.00600000005215
v 3.67394026824e-19 1.67400002480 0.00600000005215
v 3.67394026824e-19 1.67760765553 0.00600000005215
v -0.00229610060342 1.67400002480 0.00554327713326
v -0.00229610060342 1.67760765553 0.00554327713326
v -0.00229610060342 1.67400002480 0.00554327713326
v -0.00229610060342 1.67760765553 0.00554327713326
v -0.00424264045432 1.67400002480 0.00424264045432
v -0.00424264045432 1.67760765553 0.00424264045432
v -0.00424264045432 1.67400002480 0.00424264045432
v -0.00424264045432 1.67760765553 0.00424264045432
v -0.00554327713326 1.67400002480 0.00229610060342
v -0.00554327713326 1.67760765553 0.00229610060342
v -0.00554327713326 1.67400002480 0.00229610060342
v -0.00554327713326 1.67760765553 0.00229610060342
v -0.00600000005215 1.67400002480 7.34788053648e-19
v -0.00600000005215 1.67760765553 7.34788053648e-19
v -0.00600000005215 1.67400002480 7.34788053648e-19
v -0.00600000005215 1.67760765553 7.34788053648e-19
v -0.00554327713326 1.67400002480 -0.00229610060342
v -0.00554327713326 1.67760765553 -0.00229610060342
v -0.00554327713326 1.67400002480 -0.00229610060342
v -0.00554327713326 1.67760765553 -0.00229610060342
v -0.00424264045432 1.67400002480 -0.00424264045432
v -0.00424264045432 1.67760765553 -0.00424264045432
v -0.00424264045432 1.67400002480 -0.00424264045432
v -0.00424264045432 1.67760765553 -0.00424264045432
v -0.00229610060342 1.67400002480 -0.00554327713326
v -0.00229610060342 1.67760765553 -0.00554327713326
v -0.00229610060342 1.67400002480 -0.00554327713326
v -0.00229610060342 1.67760765553 -0.00554327713326
v -1.10218208047e-18 1.67400002480 -0.00600000005215
v -1.10218208047e-18 1.67760765553 -0.00600000005215
v -1.10218208047e-18 1.67400002480 -0.00600000005215
v -1.10218208047e-18 1.67760765553 -0.00600000005215
v 0.00229610060342 1.67400002480 -0.00554327713326
v 0.00229610060342 1.67760765553 -0.00554327713326
v 0.00229610060342 1.67400002480 -0.00554327713326
v 0.00229610060342 1.67760765553 -0.00554327713326
v 0.00424264045432 1.67400002480 -0.00424264045432
v 0.00424264045432 1.67760765553 -0.00424264045432
v 0.00424264045432 1.67400002480 -0.00424264045432
v 0.00424264045432 1.67760765553 -0.00424264045432
v 0.00554327713326 1.67400002480 -0.00229610060342
v 0.00554327713326 1.67760765553 -0.00229610060342
v 0.00554327713326 1.67400002480 -0.00229610060342
v 0.00554327713326 1.67760765553 -0.00229610060342
v 0.00600000005215 1.67400002480 0.00000000000
v 0.00600000005215 1.67760765553 0.00000000000
v 0.00600000005215 1.67760765553 0.00000000000
v 0.00810708291829 1.67915272713 0.00000000000
v 0.00554327713326 1.67760765553 0.00229610060342
v 0.00748996762559 1.67915272713 0.00310244620778
v 0.00554327713326 1.67760765553 0.00229610060342
v 0.00748996762559 1.67915272713 0.00310244620778
v 0.00424264045432 1.67760765553 0.00424264045432
v 0.00573257310316 1.67915272713 0.00573257310316
v 0.00424264045432 1.67760765553 0.00424264045432
v 0.00573257310316 1.67915272713 0.00573257310316
v 0.00229610060342 1.67760765553 0.00554327713326
v 0.00310244620778 1.67915272713 0.00748996762559
v 0.00229610060342 1.67760765553 0.00554327713326
v 0.00310244620778 1.67915272713 0.00748996762559
v 3.67394026824e-19 1.67760765553 0.00600000005215
v 4.96415642518e-19 1.67915272713 0.00810708291829
v 3.67394026824e-19 1.67760765553 0.00600000005215
v 4.96415642518e-19 1.67915272713 0.00810708291829
v -0.00229610060342 1.67760765553 0.00554327713326
v -0.00310244620778 1.67915272713 0.00748996762559
v -0.00229610060342 1.67760765553 0.00554327713326
v -0.00310244620778 1.67915272713 0.00748996762559
v -0.00424264045432 1.67760765553 0.00424264045432
v -0.00573257310316 1.67915272713 0.00573257310316
v -0.00424264045432 1.67760765553 0.00424264045432
v -0.00573257310316 1.67915272713 0.00573257310316
v -0.00554327713326 1.67760765553 0.00229610060342
v -0.00748996762559 1.67915272713 0.00310244620778
v -0.00554327713326 1.67760765553 0.00229610060342
v -0.00748996762559 1.67915272713 0.00310244620778
v -0.00600000005215 1.67760765553 7.34788053648e-19
v -0.00810708291829 1.67915272713 9.92831285035e-19
v -0.00600000005215 1.67760765553 7.34788053648e-19
v -0.00810708291829 1.67915272713 9.92831285035e-19
v -0.00554327713326 1.67760765553 -0.00229610060342
v -0.00748996762559 1.67915272713 -0.00310244620778
v -0.00554327713326 1.67760765553 -0.00229610060342
v -0.00748996762559 1.67915272713 -0.00310244620778
v -0.00424264045432 1.67760765553 -0.00424264045432
v -0.00573257310316 1.67915272713 -0.00573257310316
v -0.00424264045432 1.67760765553 -0.00424264045432
v -0.00573257310316 1.67915272713 -0.00573257310316
v -0.00229610060342 1.67760765553 -0.00554327713326
v -0.00310244620778 1.67915272713 -0.00748996762559
v -0.00229610060342 1.67760765553 -0.00554327713326
v -0.00310244620778 1.67915272713 -0.00748996762559
v -1.10218208047e-18 1.67760765553 -0.00600000005215
v -1.48924687585e-18 1.67915272713 -0.00810708291829
v -1.10218208047e-18 1.67760765553 -0.00600000005215
v -1.48924687585e-18 1.67915272713 -0.00810708291829
v 0.00229610060342 1.67760765553 -0.00554327713326
v 0.00310244620778 1.67915272713 -0.00748996762559
v 0.00229610060342 1.67760765553 -0.00554327713326
v 0.00310244620778 1.67915272713 -0.00748996762559
v 0.00424264045432 1.67760765553 -0.00424264045432
v 0.00573257310316 1.67915272713 -0.00573257310316
v 0.00424264045432 1.67760765553 -0.00424264045432
v 0.00573257310316 1.67915272713 -0.00573257310316
v 0.00554327713326 1.67760765553 -0.00229610060342
v 0.00748996762559 1.67915272713 -0.00310244620778
v 0.00554327713326 1.67760765553 -0.00229610060342
v 0.00748996762559 1.67915272713 -0.00310244620778
v 0.00600000005215 1.67760765553 0.00000000000
v 0.00810708291829 1.67915272713 0.00000000000
v 0.00810708291829 1.67915272713 0.00000000000
v 0.00982982479036 1.68111705780 0.00000000000
v 0.00748996762559 1.67915272713 0.00310244620778
v 0.00908157415688 1.68111705780 0.00376171106473
v 0.00748996762559 1.67915272713 0.00310244620778
v 0.00908157415688 1.68111705780 0.00376171106473
v 0.00573257310316 1.67915272713 0.00573257310316
v 0.00695073558018 1.68111705780 0.00695073558018
v 0.00573257310316 1.67915272713 0.00573257310316
v 0.00695073558018 1.68111705780 0.00695073558018
v 0.00310244620778 1.67915272713 0.00748996762559
v 0.00376171106473 1.68111705780 0.00908157415688
v 0.00310244620778 1.67915272713 0.00748996762559
v 0.00376171106473 1.68111705780 0.00908157415688
v 4.96415642518e-19 1.67915272713 0.00810708291829
v 6.01903142603e-19 1.68111705780 0.00982982479036
v 4.96415642518e-19 1.67915272713 0.00810708291829
v 6.01903142603e-19 1.68111705780 0.00982982479036
v -0.00310244620778 1.67915272713 0.00748996762559
v -0.00376171106473 1.68111705780 0.00908157415688
v -0.00310244620778 1.67915272713 0.00748996762559
v -0.00376171106473 1.68111705780 0.00908157415688
v -0.00573257310316 1.67915272713 0.00573257310316
v -0.00695073558018 1.68111705780 0.00695073558018
v -0.00573257310316 1.67915272713 0.00573257310316
v -0.00695073558018 1.68111705780 0.00695073558018
v -0.00748996762559 1.67915272713 0.00310244620778
v -0.00908157415688 1.68111705780 0.00376171106473
v -0.00748996762559 1.67915272713 0.00310244620778
v -0.00908157415688 1.68111705780 0.00376171106473
v -0.00810708291829 1.67915272713 9.92831285035e-19
v -0.00982982479036 1.68111705780 1.20380628521e-18
v -0.00810708291829 1.67915272713 9.92831285035e-19
v -0.00982982479036 1.68111705780 1.20380628521e-18
v -0.00748996762559 1.67915272713 -0.00310244620778
v -0.00908157415688 1.68111705780 -0.00376171106473
v -0.00748996762559 1.67915272713 -0.00310244620778
v -0.00908157415688 1.68111705780 -0.00376171106473
v -0.00573257310316 1.67915272713 -0.00573257310316
v -0.00695073558018 1.68111705780 -0.00695073558018
v -0.00573257310316 1.67915272713 -0.00573257310316
v -0.00695073558018 1.68111705780 -0.00695073558018
v -0.00310244620778 1.67915272713 -0.00748996762559
v -0.00376171106473 1.68111705780 -0.00908157415688
v -0.00310244620778 1.67915272713 -0.00748996762559
v -0.00376171106473 1.68111705780 -0.00908157415688
v -1.48924687585e-18 1.67915272713 -0.00810708291829
v -1.80570942781e-18 1.68111705780 -0.00982982479036
v -1.48924687585e-18 1.67915272713 -0.00810708291829
v -1.80570942781e-18 1.68111705780 -0.00982982479036
v 0.00310244620778 1.67915272713 -0.00748996762559
v 0.00376171106473 1.68111705780 -0.00908157415688
v 0.00310244620778 1.67915272713 -0.00748996762559
v 0.00376171106473 1.68111705780 -0.00908157415688
v 0.00573257310316 1.67915272713 -0.00573257310316
v 0.00695073558018 1.68111705780 -0.00695073558018
v 0.00573257310316 1.67915272713 -0.00573257310316
v 0.00695073558018 1.68111705780 -0.00695073558018
v 0.00748996762559 1.67915272713 -0.00310244620778
v 0.00908157415688 1.68111705780 -0.00376171106473
v 0.00748996762559 1.67915272713 -0.00310244620778
v 0.00908157415688 1.68111705780 -0.00376171106473
v 0.00810708291829 1.67915272713 0.00000000000
v 0.00982982479036 1.68111705780 0.00000000000
v 0.00982982479036 1.68111705780 0.00000000000
v 0.0110865542665 1.68340778351 0.00000000000
v 0.00908157415688 1.68111705780 0.00376171106473
v 0.0102426409721 1.68340778351 0.00424264045432
v 0.0102426409721 1.68340778351 0.00424264045432
v 0.00783937796950 1.68340778351 0.00783937796950
v 0.00783937796950 1.68340778351 0.00783937796950
v 0.00424264045432 1.68340778351 0.0102426409721
v 0.00376171106473 1.68111705780 0.00908157415688
v 0.00424264045432 1.68340778351 0.0102426409721
v 6.01903142603e-19 1.68111705780 0.00982982479036
v 6.78855651591e-19 1.68340778351 0.0110865542665
v 6.01903142603e-19 1.68111705780 0.00982982479036
v -0.00376171106473 1.68111705780 0.00908157415688
v -0.00424264045432 1.68340778351 0.0102426409721
v -0.00424264045432 1.68340778351 0.0102426409721
v -0.00783937796950 1.68340778351 0.00783937796950
v -0.00783937796950 1.68340778351 0.00783937796950
v -0.0102426409721 1.68340778351 0.00424264045432
v -0.00908157415688 1.68111705780 0.00376171106473
v -0.0102426409721 1.68340778351 0.00424264045432
v -0.00982982479036 1.68111705780 1.20380628521e-18
v -0.0110865542665 1.68340778351 1.35771130318e-18
v -0.00982982479036 1.68111705780 1.20380628521e-18
v -0.00908157415688 1.68111705780 -0.00376171106473
v -0.0102426409721 1.68340778351 -0.00424264045432
v -0.0102426409721 1.68340778351 -0.00424264045432
v -0.00783937796950 1.68340778351 -0.00783937796950
v -0.00783937796950 1.68340778351 -0.00783937796950
v -0.00424264045432 1.68340778351 -0.0102426409721
v -0.00376171106473 1.68111705780 -0.00908157415688
v -0.00424264045432 1.68340778351 -0.0102426409721
v -1.80570942781e-18 1.68111705780 -0.00982982479036
v -2.03656705817e-18 1.68340778351 -0.0110865542665
v -1.80570942781e-18 1.68111705780 -0.00982982479036
v 0.00376171106473 1.68111705780 -0.00908157415688
v 0.00424264045432 1.68340778351 -0.0102426409721
v 0.00424264045432 1.68340778351 -0.0102426409721
v 0.00783937796950 1.68340778351 -0.00783937796950
v 0.00783937796950 1.68340778351 -0.00783937796950
v 0.0102426409721 1.68340778351 -0.00424264045432
v 0.00908157415688 1.68111705780 -0.00376171106473
v 0.0102426409721 1.68340778351 -0.00424264045432
v 0.00982982479036 1.68111705780 0.00000000000
v 0.0110865542665 1.68340778351 0.00000000000
v 0.0118176927790 1.68591618538 0.00000000000
v 0.0109181245789 1.68591618538 0.00452243536711
v 0.0102426409721 1.68340778351 0.00424264045432
v 0.0109181245789 1.68591618538 0.00452243536711
v 0.00783937796950 1.68340778351 0.00783937796950
v 0.00835637096316 1.68591618538 0.00835637096316
v 0.00783937796950 1.68340778351 0.00783937796950
v 0.00835637096316 1.68591618538 0.00835637096316
v 0.00424264045432 1.68340778351 0.0102426409721
v 0.00452243536711 1.68591618538 0.0109181245789
v 0.00452243536711 1.68591618538 0.0109181245789
v 7.23624992788e-19 1.68591618538 0.0118176927790
v -0.00452243536711 1.68591618538 0.0109181245789
v -0.00424264045432 1.68340778351 0.0102426409721
v -0.00452243536711 1.68591618538 0.0109181245789
v -0.00783937796950 1.68340778351 0.00783937796950
v -0.00835637096316 1.68591618538 0.00835637096316
v -0.00783937796950 1.68340778351 0.00783937796950
v -0.00835637096316 1.68591618538 0.00835637096316
v -0.0102426409721 1.68340778351 0.00424264045432
v -0.0109181245789 1.68591618538 0.00452243536711
v -0.0109181245789 1.68591618538 0.00452243536711
v -0.0118176927790 1.68591618538 1.44724998558e-18
v -0.0109181245789 1.68591618538 -0.00452243536711
v -0.0102426409721 1.68340778351 -0.00424264045432
v -0.0109181245789 1.68591618538 -0.00452243536711
v -0.00783937796950 1.68340778351 -0.00783937796950
v -0.00835637096316 1.68591618538 -0.00835637096316
v -0.00783937796950 1.68340778351 -0.00783937796950
v -0.00835637096316 1.68591618538 -0.00835637096316
v -0.00424264045432 1.68340778351 -0.0102426409721
v -0.00452243536711 1.68591618538 -0.0109181245789
v -0.00452243536711 1.68591618538 -0.0109181245789
v -2.17087492667e-18 1.68591618538 -0.0118176927790
v 0.00452243536711 1.68591618538 -0.0109181245789
v 0.00424264045432 1.68340778351 -0.0102426409721
v 0.00452243536711 1.68591618538 -0.0109181245789
v 0.00783937796950 1.68340778351 -0.00783937796950
v 0.00835637096316 1.68591618538 -0.00835637096316
v 0.00783937796950 1.68340778351 -0.00783937796950
v 0.00835637096316 1.68591618538 -0.00835637096316
v 0.0102426409721 1.68340778351 -0.00424264045432
v 0.0109181245789 1.68591618538 -0.00452243536711
v 0.0109181245789 1.68591618538 -0.00452243536711
v 0.0118176927790 1.68591618538 0.00000000000
v 0.0119885783643 1.68852341175 0.00000000000
v 0.0110760023817 1.68852341175 0.00458783050999
v 0.0110760023817 1.68852341175 0.00458783050999
v 0.00847720541060 1.68852341175 0.00847720541060
v 0.00847720541060 1.68852341175 0.00847720541060
v 0.00458783050999 1.68852341175 0.0110760023817
v 0.00458783050999 1.68852341175 0.0110760023817
v 7.34088724139e-19 1.68852341175 0.0119885783643
v -0.00458783050999 1.68852341175 0.0110760023817
v -0.00458783050999 1.68852341175 0.0110760023817
v -0.00847720541060 1.68852341175 0.00847720541060
v -0.00847720541060 1.68852341175 0.00847720541060
v -0.0110760023817 1.68852341175 0.00458783050999
v -0.0110760023817 1.68852341175 0.00458783050999
v -0.0119885783643 1.68852341175 1.46817744828e-18
v -0.0110760023817 1.68852341175 -0.00458783050999
v -0.0110760023817 1.68852341175 -0.00458783050999
v -0.00847720541060 1.68852341175 -0.00847720541060
v -0.00847720541060 1.68852341175 -0.00847720541060
v -0.00458783050999 1.68852341175 -0.0110760023817
v -0.00458783050999 1.68852341175 -0.0110760023817
v -2.20226622412e-18 1.68852341175 -0.0119885783643
v 0.00458783050999 1.68852341175 -0.0110760023817
v 0.00458783050999 1.68852341175 -0.0110760023817
v 0.00847720541060 1.68852341175 -0.00847720541060
v 0.00847720541060 1.68852341175 -0.00847720541060
v 0.0110760023817 1.68852341175 -0.00458783050999
v 0.0110760023817 1.68852341175 -0.00458783050999
v 0.0119885783643 1.68852341175 0.00000000000
v 0.0115911103785 1.69110584259 0.00000000000
v 0.0107087893412 1.69110584259 0.00443572551012
v 0.0107087893412 1.69110584259 0.00443572551012
v 0.00847720541060 1.68852341175 0.00847720541060
v 0.00819615274668 1.69110584259 0.00819615274668
v 0.00847720541060 1.68852341175 0.00847720541060
v 0.00819615274668 1.69110584259 0.00819615274668
v 0.00443572551012 1.69110584259 0.0107087893412
v 0.00443572551012 1.69110584259 0.0107087893412
v 7.09750795771e-19 1.69110584259 0.0115911103785
v -0.00443572551012 1.69110584259 0.0107087893412
v -0.00443572551012 1.69110584259 0.0107087893412
v -0.00847720541060 1.68852341175 0.00847720541060
v -0.00819615274668 1.69110584259 0.00819615274668
v -0.00847720541060 1.68852341175 0.00847720541060
v -0.00819615274668 1.69110584259 0.00819615274668
v -0.0107087893412 1.69110584259 0.00443572551012
v -0.0107087893412 1.69110584259 0.00443572551012
v -0.0115911103785 1.69110584259 1.41950159154e-18
v -0.0107087893412 1.69110584259 -0.00443572551012
v -0.0107087893412 1.69110584259 -0.00443572551012
v -0.00847720541060 1.68852341175 -0.00847720541060
v -0.00819615274668 1.69110584259 -0.00819615274668
v -0.00847720541060 1.68852341175 -0.00847720541060
v -0.00819615274668 1.69110584259 -0.00819615274668
v -0.00443572551012 1.69110584259 -0.0107087893412
v -0.00443572551012 1.69110584259 -0.0107087893412
v -2.12925243901e-18 1.69110584259 -0.0115911103785
v 0.00443572551012 1.69110584259 -0.0107087893412
v 0.00443572551012 1.69110584259 -0.0107087893412
v 0.00847720541060 1.68852341175 -0.00847720541060
v 0.00819615274668 1.69110584259 -0.00819615274668
v 0.00847720541060 1.68852341175 -0.00847720541060
v 0.00819615274668 1.69110584259 -0.00819615274668
v 0.0107087893412 1.69110584259 -0.00443572551012
v 0.0107087893412 1.69110584259 -0.00443572551012
v 0.0115911103785 1.69110584259 0.00000000000
v 0.0106441304088 1.69354093075 0.00000000000
v 0.00983389373869 1.69354093075 0.00407333206385
v 0.00983389373869 1.69354093075 0.00407333206385
v 0.00819615274668 1.69110584259 0.00819615274668
v 0.00752653647214 1.69354093075 0.00752653647214
v 0.00819615274668 1.69110584259 0.00819615274668
v 0.00752653647214 1.69354093075 0.00752653647214
v 0.00407333206385 1.69354093075 0.00983389373869
v 0.00407333206385 1.69354093075 0.00983389373869
v 6.51764969542e-19 1.69354093075 0.0106441304088
v -0.00407333206385 1.69354093075 0.00983389373869
v -0.00407333206385 1.69354093075 0.00983389373869
v -0.00819615274668 1.69110584259 0.00819615274668
v -0.00752653647214 1.69354093075 0.00752653647214
v -0.00819615274668 1.69110584259 0.00819615274668
v -0.00752653647214 1.69354093075 0.00752653647214
v -0.00983389373869 1.69354093075 0.00407333206385
v -0.00983389373869 1.69354093075 0.00407333206385
v -0.0106441304088 1.69354093075 1.30352993908e-18
v -0.00983389373869 1.69354093075 -0.00407333206385
v -0.00983389373869 1.69354093075 -0.00407333206385
v -0.00819615274668 1.69110584259 -0.00819615274668
v -0.00752653647214 1.69354093075 -0.00752653647214
v -0.00819615274668 1.69110584259 -0.00819615274668
v -0.00752653647214 1.69354093075 -0.00752653647214
v -0.00407333206385 1.69354093075 -0.00983389373869
v -0.00407333206385 1.69354093075 -0.00983389373869
v -1.95529490863e-18 1.69354093075 -0.0106441304088
v 0.00407333206385 1.69354093075 -0.00983389373869
v 0.00407333206385 1.69354093075 -0.00983389373869
v 0.00819615274668 1.69110584259 -0.00819615274668
v 0.00752653647214 1.69354093075 -0.00752653647214
v 0.00819615274668 1.69110584259 -0.00819615274668
v 0.00752653647214 1.69354093075 -0.00752653647214
v 0.00983389373869 1.69354093075 -0.00407333206385
v 0.00983389373869 1.69354093075 -0.00407333206385
v 0.0106441304088 1.69354093075 0.00000000000
v 0.00919253285974 1.69571340084 0.00000000000
v 0.00983389373869 1.69354093075 0.00407333206385
v 0.00849279295653 1.69571340084 0.00351783027872
v 0.00983389373869 1.69354093075 0.00407333206385
v 0.00849279295653 1.69571340084 0.00351783027872
v 0.00752653647214 1.69354093075 0.00752653647214
v 0.00650010257959 1.69571340084 0.00650010257959
v 0.00752653647214 1.69354093075 0.00752653647214
v 0.00650010257959 1.69571340084 0.00650010257959
v 0.00407333206385 1.69354093075 0.00983389373869
v 0.00351783027872 1.69571340084 0.00849279295653
v 0.00407333206385 1.69354093075 0.00983389373869
v 0.00351783027872 1.69571340084 0.00849279295653
v 5.62880328519e-19 1.69571340084 0.00919253285974
v 5.62880328519e-19 1.69571340084 0.00919253285974
v -0.00407333206385 1.69354093075 0.00983389373869
v -0.00351783027872 1.69571340084 0.00849279295653
v -0.00407333206385 1.69354093075 0.00983389373869
v -0.00351783027872 1.69571340084 0.00849279295653
v -0.00752653647214 1.69354093075 0.00752653647214
v -0.00650010257959 1.69571340084 0.00650010257959
v -0.00752653647214 1.69354093075 0.00752653647214
v -0.00650010257959 1.69571340084 0.00650010257959
v -0.00983389373869 1.69354093075 0.00407333206385
v -0.00849279295653 1.69571340084 0.00351783027872
v -0.00983389373869 1.69354093075 0.00407333206385
v -0.00849279295653 1.69571340084 0.00351783027872
v -0.00919253285974 1.69571340084 1.12576065704e-18
v -0.00919253285974 1.69571340084 1.12576065704e-18
v -0.00983389373869 1.69354093075 -0.00407333206385
v -0.00849279295653 1.69571340084 -0.00351783027872
v -0.00983389373869 1.69354093075 -0.00407333206385
v -0.00849279295653 1.69571340084 -0.00351783027872
v -0.00752653647214 1.69354093075 -0.00752653647214
v -0.00650010257959 1.69571340084 -0.00650010257959
v -0.00752653647214 1.69354093075 -0.00752653647214
v -0.00650010257959 1.69571340084 -0.00650010257959
v -0.00407333206385 1.69354093075 -0.00983389373869
v -0.00351783027872 1.69571340084 -0.00849279295653
v -0.00407333206385 1.69354093075 -0.00983389373869
v -0.00351783027872 1.69571340084 -0.00849279295653
v -1.68864093386e-18 1.69571340084 -0.00919253285974
v -1.68864093386e-18 1.69571340084 -0.00919253285974
v 0.00407333206385 1.69354093075 -0.00983389373869
v 0.00351783027872 1.69571340084 -0.00849279295653
v 0.00407333206385 1.69354093075 -0.00983389373869
v 0.00351783027872 1.69571340084 -0.00849279295653
v 0.00752653647214 1.69354093075 -0.00752653647214
v 0.00650010257959 1.69571340084 -0.00650010257959
v 0.00752653647214 1.69354093075 -0.00752653647214
v 0.00650010257959 1.69571340084 -0.00650010257959
v 0.00983389373869 1.69354093075 -0.00407333206385
v 0.00849279295653 1.69571340084 -0.00351783027872
v 0.00983389373869 1.69354093075 -0.00407333206385
v 0.00849279295653 1.69571340084 -0.00351783027872
v 0.00919253285974 1.69571340084 0.00000000000
v 0.00919253285974 1.69571340084 0.00000000000
v 0.00730513734743 1.69752025604 0.00000000000
v 0.00849279295653 1.69571340084 0.00351783027872
v 0.00674906652421 1.69752025604 0.00279555493034
v 0.00849279295653 1.69571340084 0.00351783027872
v 0.00674906652421 1.69752025604 0.00279555493034
v 0.00650010257959 1.69571340084 0.00650010257959
v 0.00516551220790 1.69752025604 0.00516551220790
v 0.00650010257959 1.69571340084 0.00650010257959
v 0.00516551220790 1.69752025604 0.00516551220790
v 0.00351783027872 1.69571340084 0.00849279295653
v 0.00279555493034 1.69752025604 0.00674906652421
v 0.00351783027872 1.69571340084 0.00849279295653
v 0.00279555493034 1.69752025604 0.00674906652421
v 5.62880328519e-19 1.69571340084 0.00919253285974
v 4.47310634140e-19 1.69752025604 0.00730513734743
v 5.62880328519e-19 1.69571340084 0.00919253285974
v 4.47310634140e-19 1.69752025604 0.00730513734743
v -0.00351783027872 1.69571340084 0.00849279295653
v -0.00279555493034 1.69752025604 0.00674906652421
v -0.00351783027872 1.69571340084 0.00849279295653
v -0.00279555493034 1.69752025604 0.00674906652421
v -0.00650010257959 1.69571340084 0.00650010257959
v -0.00516551220790 1.69752025604 0.00516551220790
v -0.00650010257959 1.69571340084 0.00650010257959
v -0.00516551220790 1.69752025604 0.00516551220790
v -0.00849279295653 1.69571340084 0.00351783027872
v -0.00674906652421 1.69752025604 0.00279555493034
v -0.00849279295653 1.69571340084 0.00351783027872
v -0.00674906652421 1.69752025604 0.00279555493034
v -0.00919253285974 1.69571340084 1.12576065704e-18
v -0.00730513734743 1.69752025604 8.94621268280e-19
v -0.00919253285974 1.69571340084 1.12576065704e-18
v -0.00730513734743 1.69752025604 8.94621268280e-19
v -0.00849279295653 1.69571340084 -0.00351783027872
v -0.00674906652421 1.69752025604 -0.00279555493034
v -0.00849279295653 1.69571340084 -0.00351783027872
v -0.00674906652421 1.69752025604 -0.00279555493034
v -0.00650010257959 1.69571340084 -0.00650010257959
v -0.00516551220790 1.69752025604 -0.00516551220790
v -0.00650010257959 1.69571340084 -0.00650010257959
v -0.00516551220790 1.69752025604 -0.00516551220790
v -0.00351783027872 1.69571340084 -0.00849279295653
v -0.00279555493034 1.69752025604 -0.00674906652421
v -0.00351783027872 1.69571340084 -0.00849279295653
v -0.00279555493034 1.69752025604 -0.00674906652421
v -1.68864093386e-18 1.69571340084 -0.00919253285974
v -1.34193190242e-18 1.69752025604 -0.00730513734743
v -1.68864093386e-18 1.69571340084 -0.00919253285974
v -1.34193190242e-18 1.69752025604 -0.00730513734743
v 0.00351783027872 1.69571340084 -0.00849279295653
v 0.00279555493034 1.69752025604 -0.00674906652421
v 0.00351783027872 1.69571340084 -0.00849279295653
v 0.00279555493034 1.69752025604 -0.00674906652421
v 0.00650010257959 1.69571340084 -0.00650010257959
v 0.00516551220790 1.69752025604 -0.00516551220790
v 0.00650010257959 1.69571340084 -0.00650010257959
v 0.00516551220790 1.69752025604 -0.00516551220790
v 0.00849279295653 1.69571340084 -0.00351783027872
v 0.00674906652421 1.69752025604 -0.00279555493034
v 0.00849279295653 1.69571340084 -0.00351783027872
v 0.00674906652421 1.69752025604 -0.00279555493034
v 0.00919253285974 1.69571340084 0.00000000000
v 0.00730513734743 1.69752025604 0.00000000000
v 0.00730513734743 1.69752025604 0.00000000000
v 0.00507141929120 1.69887566566 0.00000000000
v 0.00674906652421 1.69752025604 0.00279555493034
v 0.00468538049608 1.69887566566 0.00194074807223
v 0.00674906652421 1.69752025604 0.00279555493034
v 0.00468538049608 1.69887566566 0.00194074807223
v 0.00516551220790 1.69752025604 0.00516551220790
v 0.00358603475615 1.69887566566 0.00358603475615
v 0.00516551220790 1.69752025604 0.00516551220790
v 0.00358603475615 1.69887566566 0.00358603475615
v 0.00279555493034 1.69752025604 0.00674906652421
v 0.00194074807223 1.69887566566 0.00468538049608
v 0.00279555493034 1.69752025604 0.00674906652421
v 0.00194074807223 1.69887566566 0.00468538049608
v 4.47310634140e-19 1.69752025604 0.00730513734743
v 3.10534872288e-19 1.69887566566 0.00507141929120
v 4.47310634140e-19 1.69752025604 0.00730513734743
v 3.10534872288e-19 1.69887566566 0.00507141929120
v -0.00279555493034 1.69752025604 0.00674906652421
v -0.00194074807223 1.69887566566 0.00468538049608
v -0.00279555493034 1.69752025604 0.00674906652421
v -0.00194074807223 1.69887566566 0.00468538049608
v -0.00516551220790 1.69752025604 0.00516551220790
v -0.00358603475615 1.69887566566 0.00358603475615
v -0.00516551220790 1.69752025604 0.00516551220790
v -0.00358603475615 1.69887566566 0.00358603475615
v -0.00674906652421 1.69752025604 0.00279555493034
v -0.00468538049608 1.69887566566 0.00194074807223
v -0.00674906652421 1.69752025604 0.00279555493034
v -0.00468538049608 1.69887566566 0.00194074807223
v -0.00730513734743 1.69752025604 8.94621268280e-19
v -0.00507141929120 1.69887566566 6.21069744577e-19
v -0.00730513734743 1.69752025604 8.94621268280e-19
v -0.00507141929120 1.69887566566 6.21069744577e-19
v -0.00674906652421 1.69752025604 -0.00279555493034
v -0.00468538049608 1.69887566566 -0.00194074807223
v -0.00674906652421 1.69752025604 -0.00279555493034
v -0.00468538049608 1.69887566566 -0.00194074807223
v -0.00516551220790 1.69752025604 -0.00516551220790
v -0.00358603475615 1.69887566566 -0.00358603475615
v -0.00516551220790 1.69752025604 -0.00516551220790
v -0.00358603475615 1.69887566566 -0.00358603475615
v -0.00279555493034 1.69752025604 -0.00674906652421
v -0.00194074807223 1.69887566566 -0.00468538049608
v -0.00279555493034 1.69752025604 -0.00674906652421
v -0.00194074807223 1.69887566566 -0.00468538049608
v -1.34193190242e-18 1.69752025604 -0.00730513734743
v -9.31604616865e-19 1.69887566566 -0.00507141929120
v -1.34193190242e-18 1.69752025604 -0.00730513734743
v -9.31604616865e-19 1.69887566566 -0.00507141929120
v 0.00279555493034 1.69752025604 -0.00674906652421
v 0.00194074807223 1.69887566566 -0.00468538049608
v 0.00279555493034 1.69752025604 -0.00674906652421
v 0.00194074807223 1.69887566566 -0.00468538049608
v 0.00516551220790 1.69752025604 -0.00516551220790
v 0.00358603475615 1.69887566566 -0.00358603475615
v 0.00516551220790 1.69752025604 -0.00516551220790
v 0.00358603475615 1.69887566566 -0.00358603475615
v 0.00674906652421 1.69752025604 -0.00279555493034
v 0.00468538049608 1.69887566566 -0.00194074807223
v 0.00674906652421 1.69752025604 -0.00279555493034
v 0.00468538049608 1.69887566566 -0.00194074807223
v 0.00730513734743 1.69752025604 0.00000000000
v 0.00507141929120 1.69887566566 0.00000000000
v 0.00507141929120 1.69887566566 0.00000000000
v 0.00259727542289 1.69971549511 0.00000000000
v 0.00468538049608 1.69887566566 0.00194074807223
v 0.00239956961013 1.69971549511 0.000993934227154
v 0.00468538049608 1.69887566566 0.00194074807223
v 0.00239956961013 1.69971549511 0.000993934227154
v 0.00358603475615 1.69887566566 0.00358603475615
v 0.00183655100409 1.69971549511 0.00183655100409
v 0.00358603475615 1.69887566566 0.00358603475615
v 0.00183655100409 1.69971549511 0.00183655100409
v 0.00194074807223 1.69887566566 0.00468538049608
v 0.000993934227154 1.69971549511 0.00239956961013
v 0.00194074807223 1.69887566566 0.00468538049608
v 0.000993934227154 1.69971549511 0.00239956961013
v 3.10534872288e-19 1.69887566566 0.00507141929120
v 1.59037247162e-19 1.69971549511 0.00259727542289
v 3.10534872288e-19 1.69887566566 0.00507141929120
v 1.59037247162e-19 1.69971549511 0.00259727542289
v -0.00194074807223 1.69887566566 0.00468538049608
v -0.000993934227154 1.69971549511 0.00239956961013
v -0.00194074807223 1.69887566566 0.00468538049608
v -0.000993934227154 1.69971549511 0.00239956961013
v -0.00358603475615 1.69887566566 0.00358603475615
v -0.00183655100409 1.69971549511 0.00183655100409
v -0.00358603475615 1.69887566566 0.00358603475615
v -0.00183655100409 1.69971549511 0.00183655100409
v -0.00468538049608 1.69887566566 0.00194074807223
v -0.00239956961013 1.69971549511 0.000993934227154
v -0.00468538049608 1.69887566566 0.00194074807223
v -0.00239956961013 1.69971549511 0.000993934227154
v -0.00507141929120 1.69887566566 6.21069744577e-19
v -0.00259727542289 1.69971549511 3.18074494325e-19
v -0.00507141929120 1.69887566566 6.21069744577e-19
v -0.00259727542289 1.69971549511 3.18074494325e-19
v -0.00468538049608 1.69887566566 -0.00194074807223
v -0.00239956961013 1.69971549511 -0.000993934227154
v -0.00468538049608 1.69887566566 -0.00194074807223
v -0.00239956961013 1.69971549511 -0.000993934227154
v -0.00358603475615 1.69887566566 -0.00358603475615
v -0.00183655100409 1.69971549511 -0.00183655100409
v -0.00358603475615 1.69887566566 -0.00358603475615
v -0.00183655100409 1.69971549511 -0.00183655100409
v -0.00194074807223 1.69887566566 -0.00468538049608
v -0.000993934227154 1.69971549511 -0.00239956961013
v -0.00194074807223 1.69887566566 -0.00468538049608
v -0.000993934227154 1.69971549511 -0.00239956961013
v -9.31604616865e-19 1.69887566566 -0.00507141929120
v -4.77111728562e-19 1.69971549511 -0.00259727542289
v -9.31604616865e-19 1.69887566566 -0.00507141929120
v -4.77111728562e-19 1.69971549511 -0.00259727542289
v 0.00194074807223 1.69887566566 -0.00468538049608
v 0.000993934227154 1.69971549511 -0.00239956961013
v 0.00194074807223 1.69887566566 -0.00468538049608
v 0.000993934227154 1.69971549511 -0.00239956961013
v 0.00358603475615 1.69887566566 -0.00358603475615
v 0.00183655100409 1.69971549511 -0.00183655100409
v 0.00358603475615 1.69887566566 -0.00358603475615
v 0.00183655100409 1.69971549511 -0.00183655100409
v 0.00468538049608 1.69887566566 -0.00194074807223
v 0.00239956961013 1.69971549511 -0.000993934227154
v 0.00468538049608 1.69887566566 -0.00194074807223
v 0.00239956961013 1.69971549511 -0.000993934227154
v 0.00507141929120 1.69887566566 0.00000000000
v 0.00259727542289 1.69971549511 0.00000000000
v 0.00259727542289 1.69971549511 0.00000000000
v 0.00000000000 1.70000004768 0.00000000000
v 0.00239956961013 1.69971549511 0.000993934227154
v 0.00239956961013 1.69971549511 0.000993934227154
v 0.00183655100409 1.69971549511 0.00183655100409
v 0.00183655100409 1.69971549511 0.00183655100409
v 0.000993934227154 1.69971549511 0.00239956961013
v 0.000993934227154 1.69971549511 0.00239956961013
v 1.59037247162e-19 1.69971549511 0.00259727542289
v 1.59037247162e-19 1.69971549511 0.00259727542289
v -0.000993934227154 1.69971549511 0.00239956961013
v -0.000993934227154 1.69971549511 0.00239956961013
v -0.00183655100409 1.69971549511 0.00183655100409
v -0.00183655100409 1.69971549511 0.00183655100409
v -0.00239956961013 1.69971549511 0.000993934227154
v -0.00239956961013 1.69971549511 0.000993934227154
v -0.00259727542289 1.69971549511 3.18074494325e-19
v -0.00259727542289 1.69971549511 3.18074494325e-19
v -0.00239956961013 1.69971549511 -0.000993934227154
v -0.00239956961013 1.69971549511 -0.000993934227154
v -0.00183655100409 1.69971549511 -0.00183655100409
v -0.00183655100409 1.69971549511 -0.00183655100409
v -0.000993934227154 1.69971549511 -0.00239956961013
v -0.000993934227154 1.69971549511 -0.00239956961013
v -4.77111728562e-19 1.69971549511 -0.00259727542289
v -4.77111728562e-19 1.69971549511 -0.00259727542289
v 0.000993934227154 1.69971549511 -0.00239956961013
v 0.000993934227154 1.69971549511 -0.00239956961013
v 0.00183655100409 1.69971549511 -0.00183655100409
v 0.00183655100409 1.69971549511 -0.00183655100409
v 0.00239956961013 1.69971549511 -0.000993934227154
v 0.00239956961013 1.69971549511 -0.000993934227154
v 0.00259727542289 1.69971549511 0.00000000000
vt 0 0
vt 0 0.006000000052154064
vt 0.0625 0.006000000052154064
vt 0.125 0.006000000052154064
vt 0.1875 0.006000000052154064
vt 0.25 0.006000000052154064
vt 0.3125 0.006000000052154064
vt 0.375 0.006000000052154064
vt 0.4375 0.006000000052154064
vt 0.5 0.006000000052154064
vt 0.5625 0.006000000052154064
vt 0.625 0.006000000052154064
vt 0.6875 0.006000000052154064
vt 0.75 0.006000000052154064
vt 0.8125 0.006000000052154064
vt 0.875 0.006000000052154064
vt 0.9375 0.006000000052154064
vt 1 0.006000000052154064
vt 0 0.006000000052154064
vt 0 0.009607695043087006
vt 0.0625 0.006000000052154064
vt 0.0625 0.009607695043087006
vt 0.0625 0.006000000052154064
vt 0.0625 0.009607695043087006
vt 0.125 0.006000000052154064
vt 0.125 0.009607695043087006
vt 0.125 0.006000000052154064
vt 0.125 0.009607695043087006
vt 0.1875 0.006000000052154064
vt 0.1875 0.009607695043087006
vt 0.1875 0.006000000052154064
vt 0.1875 0.009607695043087006
vt 0.25 0.006000000052154064
vt 0.25 0.009607695043087006
vt 0.25 0.006000000052154064
vt 0.25 0.009607695043087006
vt 0.3125 0.006000000052154064
vt 0.3125 0.009607695043087006
vt 0.3125 0.006000000052154064
vt 0.3125 0.009607695043087006
vt 0.375 0.006000000052154064
vt 0.375 0.009607695043087006
vt 0.375 0.006000000052154064
vt 0.375 0.009607695043087006
vt 0.4375 0.006000000052154064
vt 0.4375 0.009607695043087006
vt 0.4375 0.006000000052154064
vt 0.4375 0.009607695043087006
vt 0.5 0.006000000052154064
vt 0.5 0.009607695043087006
vt 0.5 0.006000000052154064
vt 0.5 0.009607695043087006
vt 0.5625 0.006000000052154064
vt 0.5625 0.009607695043087006
vt 0.5625 0.006000000052154064
vt 0.5625 0.009607695043087006
vt 0.625 0.006000000052154064
vt 0.625 0.009607695043087006
vt 0.625 0.006000000052154064
vt 0.625 0.009607695043087006
vt 0.6875 0.006000000052154064
vt 0.6875 0.009607695043087006
vt 0.6875 0.006000000052154064
vt 0.6875 0.009607695043087006
vt 0.75 0.006000000052154064
vt 0.75 0.009607695043087006
vt 0.75 0.006000000052154064
vt 0.75 0.009607695043087006
vt 0.8125 0.006000000052154064
vt 0.8125 0.009607695043087006
vt 0.8125 0.006000000052154064
vt 0.8125 0.009607695043087006
vt 0.875 0.006000000052154064
vt 0.875 0.009607695043087006
vt 0.875 0.006000000052154064
vt 0.875 0.009607695043087006
vt 0.9375 0.006000000052154064
vt 0.9375 0.009607695043087006
vt 0.9375 0.006000000052154064
vt 0.9375 0.009607695043087006
vt 1 0.006000000052154064
vt 1 0.009607695043087006
vt 0 0.009607695043087006
vt 0 0.012220500037074089
vt 0.0625 0.009607695043087006
vt 0.0625 0.012220500037074089
vt 0.0625 0.009607695043087006
vt 0.0625 0.012220500037074089
vt 0.125 0.009607695043087006
vt 0.125 0.012220500037074089
vt 0.125 0.009607695043087006
vt 0.125 0.012220500037074089
vt 0.1875 0.009607695043087006
vt 0.1875 0.012220500037074089
vt 0.1875 0.009607695043087006
vt 0.1875 0.012220500037074089
vt 0.25 0.009607695043087006
vt 0.25 0.012220500037074089
vt 0.25 0.009607695043087006
vt 0.25 0.012220500037074089
vt 0.3125 0.009607695043087006
vt 0.3125 0.012220500037074089
vt 0.3125 0.009607695043087006
vt 0.3125 0.012220500037074089
vt 0.375 0.009607695043087006
vt 0.375 0.012220500037074089
vt 0.375 0.009607695043087006
vt 0.375 0.012220500037074089
vt 0.4375 0.009607695043087006
vt 0.4375 0.012220500037074089
vt 0.4375 0.009607695043087006
vt 0.4375 0.012220500037074089
vt 0.5 0.009607695043087006
vt 0.5 0.012220500037074089
vt 0.5 0.009607695043087006
vt 0.5 0.012220500037074089
vt 0.5625 0.009607695043087006
vt 0.5625 0.012220500037074089
vt 0.5625 0.009607695043087006
vt 0.5625 0.012220500037074089
vt 0.625 0.009607695043087006
vt 0.625 0.012220500037074089
vt 0.625 0.009607695043087006
vt 0.625 0.012220500037074089
vt 0.6875 0.009607695043087006
vt 0.6875 0.012220500037074089
vt 0.6875 0.009607695043087006
vt 0.6875 0.012220500037074089
vt 0.75 0.009607695043087006
vt 0.75 0.012220500037074089
vt 0.75 0.009607695043087006
vt 0.75 0.012220500037074089
vt 0.8125 0.009607695043087006
vt 0.8125 0.012220500037074089
vt 0.8125 0.009607695043087006
vt 0.8125 0.012220500037074089
vt 0.875 0.009607695043087006
vt 0.875 0.012220500037074089
vt 0.875 0.009607695043087006
vt 0.875 0.012220500037074089
vt 0.9375 0.009607695043087006
vt 0.9375 0.012220500037074089
vt 0.9375 0.009607695043087006
vt 0.9375 0.012220500037074089
vt 1 0.009607695043087006
vt 1 0.012220500037074089
vt 0 0.012220500037074089
vt 0 0.014833305031061172
vt 0.0625 0.012220500037074089
vt 0.0625 0.014833305031061172
vt 0.0625 0.012220500037074089
vt 0.0625 0.014833305031061172
vt 0.125 0.012220500037074089
vt 0.125 0.014833305031061172
vt 0.125 0.012220500037074089
vt 0.125 0.014833305031061172
vt 0.1875 0.012220500037074089
vt 0.1875 0.014833305031061172
vt 0.1875 0.012220500037074089
vt 0.1875 0.014833305031061172
vt 0.25 0.012220500037074089
vt 0.25 0.014833305031061172
vt 0.25 0.012220500037074089
vt 0.25 0.014833305031061172
vt 0.3125 0.012220500037074089
vt 0.3125 0.014833305031061172
vt 0.3125 0.012220500037074089
vt 0.3125 0.014833305031061172
vt 0.375 0.012220500037074089
vt 0.375 0.014833305031061172
vt 0.375 0.012220500037074089
vt 0.375 0.014833305031061172
vt 0.4375 0.012220500037074089
vt 0.4375 0.014833305031061172
vt 0.4375 0.012220500037074089
vt 0.4375 0.014833305031061172
vt 0.5 0.012220500037074089
vt 0.5 0.014833305031061172
vt 0.5 0.012220500037074089
vt 0.5 0.014833305031061172
vt 0.5625 0.012220500037074089
vt 0.5625 0.014833305031061172
vt 0.5625 0.012220500037074089
vt 0.5625 0.014833305031061172
vt 0.625 0.012220500037074089
vt 0.625 0.014833305031061172
vt 0.625 0.012220500037074089
vt 0.625 0.014833305031061172
vt 0.6875 0.012220500037074089
vt 0.6875 0.014833305031061172
vt 0.6875 0.012220500037074089
vt 0.6875 0.014833305031061172
vt 0.75 0.012220500037074089
vt 0.75 0.014833305031061172
vt 0.75 0.012220500037074089
vt 0.75 0.014833305031061172
vt 0.8125 0.012220500037074089
vt 0.8125 0.014833305031061172
vt 0.8125 0.012220500037074089
vt 0.8125 0.014833305031061172
vt 0.875 0.012220500037074089
vt 0.875 0.014833305031061172
vt 0.875 0.012220500037074089
vt 0.875 0.014833305031061172
vt 0.9375 0.012220500037074089
vt 0.9375 0.014833305031061172
vt 0.9375 0.012220500037074089
vt 0.9375 0.014833305031061172
vt 1 0.012220500037074089
vt 1 0.014833305031061172
vt 0 0.014833305031061172
vt 0 0.017446110025048256
vt 0.0625 0.014833305031061172
vt 0.0625 0.017446110025048256
vt 0.0625 0.017446110025048256
vt 0.125 0.017446110025048256
vt 0.125 0.017446110025048256
vt 0.1875 0.017446110025048256
vt 0.1875 0.014833305031061172
vt 0.1875 0.017446110025048256
vt 0.25 0.014833305031061172
vt 0.25 0.017446110025048256
vt 0.25 0.014833305031061172
vt 0.3125 0.014833305031061172
vt 0.3125 0.017446110025048256
vt 0.3125 0.017446110025048256
vt 0.375 0.017446110025048256
vt 0.375 0.017446110025048256
vt 0.4375 0.017446110025048256
vt 0.4375 0.014833305031061172
vt 0.4375 0.017446110025048256
vt 0.5 0.014833305031061172
vt 0.5 0.017446110025048256
vt 0.5 0.014833305031061172
vt 0.5625 0.014833305031061172
vt 0.5625 0.017446110025048256
vt 0.5625 0.017446110025048256
vt 0.625 0.017446110025048256
vt 0.625 0.017446110025048256
vt 0.6875 0.017446110025048256
vt 0.6875 0.014833305031061172
vt 0.6875 0.017446110025048256
vt 0.75 0.014833305031061172
vt 0.75 0.017446110025048256
vt 0.75 0.014833305031061172
vt 0.8125 0.014833305031061172
vt 0.8125 0.017446110025048256
vt 0.8125 0.017446110025048256
vt 0.875 0.017446110025048256
vt 0.875 0.017446110025048256
vt 0.9375 0.017446110025048256
vt 0.9375 0.014833305031061172
vt 0.9375 0.017446110025048256
vt 1 0.014833305031061172
vt 1 0.017446110025048256
vt 0 0.02005891501903534
vt 0.0625 0.02005891501903534
vt 0.0625 0.017446110025048256
vt 0.0625 0.02005891501903534
vt 0.125 0.017446110025048256
vt 0.125 0.02005891501903534
vt 0.125 0.017446110025048256
vt 0.125 0.02005891501903534
vt 0.1875 0.017446110025048256
vt 0.1875 0.02005891501903534
vt 0.1875 0.02005891501903534
vt 0.25 0.02005891501903534
vt 0.3125 0.02005891501903534
vt 0.3125 0.017446110025048256
vt 0.3125 0.02005891501903534
vt 0.375 0.017446110025048256
vt 0.375 0.02005891501903534
vt 0.375 0.017446110025048256
vt 0.375 0.02005891501903534
vt 0.4375 0.017446110025048256
vt 0.4375 0.02005891501903534
vt 0.4375 0.02005891501903534
vt 0.5 0.02005891501903534
vt 0.5625 0.02005891501903534
vt 0.5625 0.017446110025048256
vt 0.5625 0.02005891501903534
vt 0.625 0.017446110025048256
vt 0.625 0.02005891501903534
vt 0.625 0.017446110025048256
vt 0.625 0.02005891501903534
vt 0.6875 0.017446110025048256
vt 0.6875 0.02005891501903534
vt 0.6875 0.02005891501903534
vt 0.75 0.02005891501903534
vt 0.8125 0.02005891501903534
vt 0.8125 0.017446110025048256
vt 0.8125 0.02005891501903534
vt 0.875 0.017446110025048256
vt 0.875 0.02005891501903534
vt 0.875 0.017446110025048256
vt 0.875 0.02005891501903534
vt 0.9375 0.017446110025048256
vt 0.9375 0.02005891501903534
vt 0.9375 0.02005891501903534
vt 1 0.02005891501903534
vt 0 0.022671720013022423
vt 0.0625 0.022671720013022423
vt 0.0625 0.022671720013022423
vt 0.125 0.022671720013022423
vt 0.125 0.022671720013022423
vt 0.1875 0.022671720013022423
vt 0.1875 0.022671720013022423
vt 0.25 0.022671720013022423
vt 0.3125 0.022671720013022423
vt 0.3125 0.022671720013022423
vt 0.375 0.022671720013022423
vt 0.375 0.022671720013022423
vt 0.4375 0.022671720013022423
vt 0.4375 0.022671720013022423
vt 0.5 0.022671720013022423
vt 0.5625 0.022671720013022423
vt 0.5625 0.022671720013022423
vt 0.625 0.022671720013022423
vt 0.625 0.022671720013022423
vt 0.6875 0.022671720013022423
vt 0.6875 0.022671720013022423
vt 0.75 0.022671720013022423
vt 0.8125 0.022671720013022423
vt 0.8125 0.022671720013022423
vt 0.875 0.022671720013022423
vt 0.875 0.022671720013022423
vt 0.9375 0.022671720013022423
vt 0.9375 0.022671720013022423
vt 1 0.022671720013022423
vt 0 0.025284525007009506
vt 0.0625 0.025284525007009506
vt 0.0625 0.025284525007009506
vt 0.125 0.022671720013022423
vt 0.125 0.025284525007009506
vt 0.125 0.022671720013022423
vt 0.125 0.025284525007009506
vt 0.1875 0.025284525007009506
vt 0.1875 0.025284525007009506
vt 0.25 0.025284525007009506
vt 0.3125 0.025284525007009506
vt 0.3125 0.025284525007009506
vt 0.375 0.022671720013022423
vt 0.375 0.025284525007009506
vt 0.375 0.022671720013022423
vt 0.375 0.025284525007009506
vt 0.4375 0.025284525007009506
vt 0.4375 0.025284525007009506
vt 0.5 0.025284525007009506
vt 0.5625 0.025284525007009506
vt 0.5625 0.025284525007009506
vt 0.625 0.022671720013022423
vt 0.625 0.025284525007009506
vt 0.625 0.022671720013022423
vt 0.625 0.025284525007009506
vt 0.6875 0.025284525007009506
vt 0.6875 0.025284525007009506
vt 0.75 0.025284525007009506
vt 0.8125 0.025284525007009506
vt 0.8125 0.025284525007009506
vt 0.875 0.022671720013022423
vt 0.875 0.025284525007009506
vt 0.875 0.022671720013022423
vt 0.875 0.025284525007009506
vt 0.9375 0.025284525007009506
vt 0.9375 0.025284525007009506
vt 1 0.025284525007009506
vt 0 0.02789733000099659
vt 0.0625 0.02789733000099659
vt 0.0625 0.02789733000099659
vt 0.125 0.025284525007009506
vt 0.125 0.02789733000099659
vt 0.125 0.025284525007009506
vt 0.125 0.02789733000099659
vt 0.1875 0.02789733000099659
vt 0.1875 0.02789733000099659
vt 0.25 0.02789733000099659
vt 0.3125 0.02789733000099659
vt 0.3125 0.02789733000099659
vt 0.375 0.025284525007009506
vt 0.375 0.02789733000099659
vt 0.375 0.025284525007009506
vt 0.375 0.02789733000099659
vt 0.4375 0.02789733000099659
vt 0.4375 0.02789733000099659
vt 0.5 0.02789733000099659
vt 0.5625 0.02789733000099659
vt 0.5625 0.02789733000099659
vt 0.625 0.025284525007009506
vt 0.625 0.02789733000099659
vt 0.625 0.025284525007009506
vt 0.625 0.02789733000099659
vt 0.6875 0.02789733000099659
vt 0.6875 0.02789733000099659
vt 0.75 0.02789733000099659
vt 0.8125 0.02789733000099659
vt 0.8125 0.02789733000099659
vt 0.875 0.025284525007009506
vt 0.875 0.02789733000099659
vt 0.875 0.025284525007009506
vt 0.875 0.02789733000099659
vt 0.9375 0.02789733000099659
vt 0.9375 0.02789733000099659
vt 1 0.02789733000099659
vt 0 0.030510134994983673
vt 0.0625 0.02789733000099659
vt 0.0625 0.030510134994983673
vt 0.0625 0.02789733000099659
vt 0.0625 0.030510134994983673
vt 0.125 0.02789733000099659
vt 0.125 0.030510134994983673
vt 0.125 0.02789733000099659
vt 0.125 0.030510134994983673
vt 0.1875 0.02789733000099659
vt 0.1875 0.030510134994983673
vt 0.1875 0.02789733000099659
vt 0.1875 0.030510134994983673
vt 0.25 0.030510134994983673
vt 0.25 0.030510134994983673
vt 0.3125 0.02789733000099659
vt 0.3125 0.030510134994983673
vt 0.3125 0.02789733000099659
vt 0.3125 0.030510134994983673
vt 0.375 0.02789733000099659
vt 0.375 0.030510134994983673
vt 0.375 0.02789733000099659
vt 0.375 0.030510134994983673
vt 0.4375 0.02789733000099659
vt 0.4375 0.030510134994983673
vt 0.4375 0.02789733000099659
vt 0.4375 0.030510134994983673
vt 0.5 0.030510134994983673
vt 0.5 0.030510134994983673
vt 0.5625 0.02789733000099659
vt 0.5625 0.030510134994983673
vt 0.5625 0.02789733000099659
vt 0.5625 0.030510134994983673
vt 0.625 0.02789733000099659
vt 0.625 0.030510134994983673
vt 0.625 0.02789733000099659
vt 0.625 0.030510134994983673
vt 0.6875 0.02789733000099659
vt 0.6875 0.030510134994983673
vt 0.6875 0.02789733000099659
vt 0.6875 0.030510134994983673
vt 0.75 0.030510134994983673
vt 0.75 0.030510134994983673
vt 0.8125 0.02789733000099659
vt 0.8125 0.030510134994983673
vt 0.8125 0.02789733000099659
vt 0.8125 0.030510134994983673
vt 0.875 0.02789733000099659
vt 0.875 0.030510134994983673
vt 0.875 0.02789733000099659
vt 0.875 0.030510134994983673
vt 0.9375 0.02789733000099659
vt 0.9375 0.030510134994983673
vt 0.9375 0.02789733000099659
vt 0.9375 0.030510134994983673
vt 1 0.030510134994983673
vt 0 0.030510134994983673
vt 0 0.033122941851615906
vt 0.0625 0.030510134994983673
vt 0.0625 0.033122941851615906
vt 0.0625 0.030510134994983673
vt 0.0625 0.033122941851615906
vt 0.125 0.030510134994983673
vt 0.125 0.033122941851615906
vt 0.125 0.030510134994983673
vt 0.125 0.033122941851615906
vt 0.1875 0.030510134994983673
vt 0.1875 0.033122941851615906
vt 0.1875 0.030510134994983673
vt 0.1875 0.033122941851615906
vt 0.25 0.030510134994983673
vt 0.25 0.033122941851615906
vt 0.25 0.030510134994983673
vt 0.25 0.033122941851615906
vt 0.3125 0.030510134994983673
vt 0.3125 0.033122941851615906
vt 0.3125 0.030510134994983673
vt 0.3125 0.033122941851615906
vt 0.375 0.030510134994983673
vt 0.375 0.033122941851615906
vt 0.375 0.030510134994983673
vt 0.375 0.033122941851615906
vt 0.4375 0.030510134994983673
vt 0.4375 0.033122941851615906
vt 0.4375 0.030510134994983673
vt 0.4375 0.033122941851615906
vt 0.5 0.030510134994983673
vt 0.5 0.033122941851615906
vt 0.5 0.030510134994983673
vt 0.5 0.033122941851615906
vt 0.5625 0.030510134994983673
vt 0.5625 0.033122941851615906
vt 0.5625 0.030510134994983673
vt 0.5625 0.033122941851615906
vt 0.625 0.030510134994983673
vt 0.625 0.033122941851615906
vt 0.625 0.030510134994983673
vt 0.625 0.033122941851615906
vt 0.6875 0.030510134994983673
vt 0.6875 0.033122941851615906
vt 0.6875 0.030510134994983673
vt 0.6875 0.033122941851615906
vt 0.75 0.030510134994983673
vt 0.75 0.033122941851615906
vt 0.75 0.030510134994983673
vt 0.75 0.033122941851615906
vt 0.8125 0.030510134994983673
vt 0.8125 0.033122941851615906
vt 0.8125 0.030510134994983673
vt 0.8125 0.033122941851615906
vt 0.875 0.030510134994983673
vt 0.875 0.033122941851615906
vt 0.875 0.030510134994983673
vt 0.875 0.033122941851615906
vt 0.9375 0.030510134994983673
vt 0.9375 0.033122941851615906
vt 0.9375 0.030510134994983673
vt 0.9375 0.033122941851615906
vt 1 0.030510134994983673
vt 1 0.033122941851615906
vt 0 0.033122941851615906
vt 0 0.03573574498295784
vt 0.0625 0.033122941851615906
vt 0.0625 0.03573574498295784
vt 0.0625 0.033122941851615906
vt 0.0625 0.03573574498295784
vt 0.125 0.033122941851615906
vt 0.125 0.03573574498295784
vt 0.125 0.033122941851615906
vt 0.125 0.03573574498295784
vt 0.1875 0.033122941851615906
vt 0.1875 0.03573574498295784
vt 0.1875 0.033122941851615906
vt 0.1875 0.03573574498295784
vt 0.25 0.033122941851615906
vt 0.25 0.03573574498295784
vt 0.25 0.033122941851615906
vt 0.25 0.03573574498295784
vt 0.3125 0.033122941851615906
vt 0.3125 0.03573574498295784
vt 0.3125 0.033122941851615906
vt 0.3125 0.03573574498295784
vt 0.375 0.033122941851615906
vt 0.375 0.03573574498295784
vt 0.375 0.033122941851615906
vt 0.375 0.03573574498295784
vt 0.4375 0.033122941851615906
vt 0.4375 0.03573574498295784
vt 0.4375 0.033122941851615906
vt 0.4375 0.03573574498295784
vt 0.5 0.033122941851615906
vt 0.5 0.03573574498295784
vt 0.5 0.033122941851615906
vt 0.5 0.03573574498295784
vt 0.5625 0.033122941851615906
vt 0.5625 0.03573574498295784
vt 0.5625 0.033122941851615906
vt 0.5625 0.03573574498295784
vt 0.625 0.033122941851615906
vt 0.625 0.03573574498295784
vt 0.625 0.033122941851615906
vt 0.625 0.03573574498295784
vt 0.6875 0.033122941851615906
vt 0.6875 0.03573574498295784
vt 0.6875 0.033122941851615906
vt 0.6875 0.03573574498295784
vt 0.75 0.033122941851615906
vt 0.75 0.03573574498295784
vt 0.75 0.033122941851615906
vt 0.75 0.03573574498295784
vt 0.8125 0.033122941851615906
vt 0.8125 0.03573574498295784
vt 0.8125 0.033122941851615906
vt 0.8125 0.03573574498295784
vt 0.875 0.033122941851615906
vt 0.875 0.03573574498295784
vt 0.875 0.033122941851615906
vt 0.875 0.03573574498295784
vt 0.9375 0.033122941851615906
vt 0.9375 0.03573574498295784
vt 0.9375 0.033122941851615906
vt 0.9375 0.03573574498295784
vt 1 0.033122941851615906
vt 1 0.03573574498295784
vt 0 0.03573574498295784
vt 0 0.03834855183959007
vt 0.0625 0.03573574498295784
vt 0.0625 0.03834855183959007
vt 0.0625 0.03573574498295784
vt 0.0625 0.03834855183959007
vt 0.125 0.03573574498295784
vt 0.125 0.03834855183959007
vt 0.125 0.03573574498295784
vt 0.125 0.03834855183959007
vt 0.1875 0.03573574498295784
vt 0.1875 0.03834855183959007
vt 0.1875 0.03573574498295784
vt 0.1875 0.03834855183959007
vt 0.25 0.03573574498295784
vt 0.25 0.03834855183959007
vt 0.25 0.03573574498295784
vt 0.25 0.03834855183959007
vt 0.3125 0.03573574498295784
vt 0.3125 0.03834855183959007
vt 0.3125 0.03573574498295784
vt 0.3125 0.03834855183959007
vt 0.375 0.03573574498295784
vt 0.375 0.03834855183959007
vt 0.375 0.03573574498295784
vt 0.375 0.03834855183959007
vt 0.4375 0.03573574498295784
vt 0.4375 0.03834855183959007
vt 0.4375 0.03573574498295784
vt 0.4375 0.03834855183959007
vt 0.5 0.03573574498295784
vt 0.5 0.03834855183959007
vt 0.5 0.03573574498295784
vt 0.5 0.03834855183959007
vt 0.5625 0.03573574498295784
vt 0.5625 0.03834855183959007
vt 0.5625 0.03573574498295784
vt 0.5625 0.03834855183959007
vt 0.625 0.03573574498295784
vt 0.625 0.03834855183959007
vt 0.625 0.03573574498295784
vt 0.625 0.03834855183959007
vt 0.6875 0.03573574498295784
vt 0.6875 0.03834855183959007
vt 0.6875 0.03573574498295784
vt 0.6875 0.03834855183959007
vt 0.75 0.03573574498295784
vt 0.75 0.03834855183959007
vt 0.75 0.03573574498295784
vt 0.75 0.03834855183959007
vt 0.8125 0.03573574498295784
vt 0.8125 0.03834855183959007
vt 0.8125 0.03573574498295784
vt 0.8125 0.03834855183959007
vt 0.875 0.03573574498295784
vt 0.875 0.03834855183959007
vt 0.875 0.03573574498295784
vt 0.875 0.03834855183959007
vt 0.9375 0.03573574498295784
vt 0.9375 0.03834855183959007
vt 0.9375 0.03573574498295784
vt 0.9375 0.03834855183959007
vt 1 0.03573574498295784
vt 1 0.03834855183959007
vt 0 0.03834855183959007
vt 0 0.04096135497093201
vt 0.0625 0.03834855183959007
vt 0.0625 0.03834855183959007
vt 0.125 0.03834855183959007
vt 0.125 0.03834855183959007
vt 0.1875 0.03834855183959007
vt 0.1875 0.03834855183959007
vt 0.25 0.03834855183959007
vt 0.25 0.03834855183959007
vt 0.3125 0.03834855183959007
vt 0.3125 0.03834855183959007
vt 0.375 0.03834855183959007
vt 0.375 0.03834855183959007
vt 0.4375 0.03834855183959007
vt 0.4375 0.03834855183959007
vt 0.5 0.03834855183959007
vt 0.5 0.03834855183959007
vt 0.5625 0.03834855183959007
vt 0.5625 0.03834855183959007
vt 0.625 0.03834855183959007
vt 0.625 0.03834855183959007
vt 0.6875 0.03834855183959007
vt 0.6875 0.03834855183959007
vt 0.75 0.03834855183959007
vt 0.75 0.03834855183959007
vt 0.8125 0.03834855183959007
vt 0.8125 0.03834855183959007
vt 0.875 0.03834855183959007
vt 0.875 0.03834855183959007
vt 0.9375 0.03834855183959007
vt 0.9375 0.03834855183959007
vt 1 0.03834855183959007
vn -6.39741403030e-18 -1.00000000000 -1.01292385367e-17
vn -6.39741403030e-18 -1.00000000000 -1.01292385367e-17
vn -6.39741403030e-18 -1.00000000000 -1.01292385367e-17
vn -6.39741403030e-18 -1.00000000000 -1.01292385367e-17
vn -6.39741403030e-18 -1.00000000000 -1.01292385367e-17
vn -6.39741403030e-18 -1.00000000000 -1.01292385367e-17
vn -6.39741403030e-18 -1.00000000000 -1.01292385367e-17
vn -6.39741403030e-18 -1.00000000000 -1.01292385367e-17
vn -6.39741403030e-18 -1.00000000000 -1.01292385367e-17
vn -6.39741403030e-18 -1.00000000000 -1.01292385367e-17
vn -6.39741403030e-18 -1.00000000000 -1.01292385367e-17
vn -6.39741403030e-18 -1.00000000000 -1.01292385367e-17
vn -6.39741403030e-18 -1.00000000000 -1.01292385367e-17
vn -6.39741403030e-18 -1.00000000000 -1.01292385367e-17
vn -6.39741403030e-18 -1.00000000000 -1.01292385367e-17
vn -6.39741403030e-18 -1.00000000000 -1.01292385367e-17
vn -6.39741403030e-18 -1.00000000000 -1.01292385367e-17
vn -6.39741403030e-18 -1.00000000000 -1.01292385367e-17
vn 0.865926196608 -0.469578559013 0.172243429320
vn 0.865926196608 -0.469578559013 0.172243429320
vn 0.865926196608 -0.469578559013 0.172243429320
vn 0.865926196608 -0.469578559013 0.172243429320
vn 0.734096775507 -0.469578570556 0.490507788180
vn 0.734096775507 -0.469578570556 0.490507788180
vn 0.734096775507 -0.469578570556 0.490507788180
vn 0.734096775507 -0.469578570556 0.490507788180
vn 0.490507788180 -0.469578570556 0.734096775507
vn 0.490507788180 -0.469578570556 0.734096775507
vn 0.490507788180 -0.469578570556 0.734096775507
vn 0.490507788180 -0.469578570556 0.734096775507
vn 0.172243429320 -0.469578559013 0.865926196608
vn 0.172243429320 -0.469578559013 0.865926196608
vn 0.172243429320 -0.469578559013 0.865926196608
vn 0.172243429320 -0.469578559013 0.865926196608
vn -0.172243429320 -0.469578559013 0.865926196608
vn -0.172243429320 -0.469578559013 0.865926196608
vn -0.172243429320 -0.469578559013 0.865926196608
vn -0.172243429320 -0.469578559013 0.865926196608
vn -0.490507788180 -0.469578570556 0.734096775507
vn -0.490507788180 -0.469578570556 0.734096775507
vn -0.490507788180 -0.469578570556 0.734096775507
vn -0.490507788180 -0.469578570556 0.734096775507
vn -0.734096775507 -0.469578570556 0.490507788180
vn -0.734096775507 -0.469578570556 0.490507788180
vn -0.734096775507 -0.469578570556 0.490507788180
vn -0.734096775507 -0.469578570556 0.490507788180
vn -0.865926196608 -0.469578559013 0.172243429320
vn -0.865926196608 -0.469578559013 0.172243429320
vn -0.865926196608 -0.469578559013 0.172243429320
vn -0.865926196608 -0.469578559013 0.172243429320
vn -0.865926196608 -0.469578559013 -0.172243429320
vn -0.865926196608 -0.469578559013 -0.172243429320
vn -0.865926196608 -0.469578559013 -0.172243429320
vn -0.865926196608 -0.469578559013 -0.172243429320
vn -0.734096775507 -0.469578570556 -0.490507788180
vn -0.734096775507 -0.469578570556 -0.490507788180
vn -0.734096775507 -0.469578570556 -0.490507788180
vn -0.734096775507 -0.469578570556 -0.490507788180
vn -0.490507788180 -0.469578570556 -0.734096775507
vn -0.490507788180 -0.469578570556 -0.734096775507
vn -0.490507788180 -0.469578570556 -0.734096775507
vn -0.490507788180 -0.469578570556 -0.734096775507
vn -0.172243429320 -0.469578559013 -0.865926196608
vn -0.172243429320 -0.469578559013 -0.865926196608
vn -0.172243429320 -0.469578559013 -0.865926196608
vn -0.172243429320 -0.469578559013 -0.865926196608
vn 0.172243429320 -0.469578559013 -0.865926196608
vn 0.172243429320 -0.469578559013 -0.865926196608
vn 0.172243429320 -0.469578559013 -0.865926196608
vn 0.172243429320 -0.469578559013 -0.865926196608
vn 0.490507788180 -0.469578570556 -0.734096775507
vn 0.490507788180 -0.469578570556 -0.734096775507
vn 0.490507788180 -0.469578570556 -0.734096775507
vn 0.490507788180 -0.469578570556 -0.734096775507
vn 0.734096775507 -0.469578570556 -0.490507788180
vn 0.734096775507 -0.469578570556 -0.490507788180
vn 0.734096775507 -0.469578570556 -0.490507788180
vn 0.734096775507 -0.469578570556 -0.490507788180
vn 0.865926196608 -0.469578559013 -0.172243429320
vn 0.865926196608 -0.469578559013 -0.172243429320
vn 0.865926196608 -0.469578559013 -0.172243429320
vn 0.865926196608 -0.469578559013 -0.172243429320
vn 0.340341706682 -0.937861652539 0.0676981786222
vn 0.340341706682 -0.937861652539 0.0676981786222
vn 0.340341706682 -0.937861652539 0.0676981786222
vn 0.340341706682 -0.937861652539 0.0676981786222
vn 0.288527793387 -0.937861643011 0.192788098729
vn 0.288527793387 -0.937861643011 0.192788098729
vn 0.288527793387 -0.937861643011 0.192788098729
vn 0.288527793387 -0.937861643011 0.192788098729
vn 0.192788098729 -0.937861643011 0.288527793387
vn 0.192788098729 -0.937861643011 0.288527793387
vn 0.192788098729 -0.937861643011 0.288527793387
vn 0.192788098729 -0.937861643011 0.288527793387
vn 0.0676981786222 -0.937861652539 0.340341706682
vn 0.0676981786222 -0.937861652539 0.340341706682
vn 0.0676981786222 -0.937861652539 0.340341706682
vn 0.0676981786222 -0.937861652539 0.340341706682
vn -0.0676981786222 -0.937861652539 0.340341706682
vn -0.0676981786222 -0.937861652539 0.340341706682
vn -0.0676981786222 -0.937861652539 0.340341706682
vn -0.0676981786222 -0.937861652539 0.340341706682
vn -0.192788098729 -0.937861643011 0.288527793387
vn -0.192788098729 -0.937861643011 0.288527793387
vn -0.192788098729 -0.937861643011 0.288527793387
vn -0.192788098729 -0.937861643011 0.288527793387
vn -0.288527793387 -0.937861643011 0.192788098729
vn -0.288527793387 -0.937861643011 0.192788098729
vn -0.288527793387 -0.937861643011 0.192788098729
vn -0.288527793387 -0.937861643011 0.192788098729
vn -0.340341706682 -0.937861652539 0.0676981786222
vn -0.340341706682 -0.937861652539 0.0676981786222
vn -0.340341706682 -0.937861652539 0.0676981786222
vn -0.340341706682 -0.937861652539 0.0676981786222
vn -0.340341706682 -0.937861652539 -0.0676981786222
vn -0.340341706682 -0.937861652539 -0.0676981786222
vn -0.340341706682 -0.937861652539 -0.0676981786222
vn -0.340341706682 -0.937861652539 -0.0676981786222
vn -0.288527793387 -0.937861643011 -0.192788098729
vn -0.288527793387 -0.937861643011 -0.192788098729
vn -0.288527793387 -0.937861643011 -0.192788098729
vn -0.288527793387 -0.937861643011 -0.192788098729
vn -0.192788098729 -0.937861643011 -0.288527793387
vn -0.192788098729 -0.937861643011 -0.288527793387
vn -0.192788098729 -0.937861643011 -0.288527793387
vn -0.192788098729 -0.937861643011 -0.288527793387
vn -0.0676981786222 -0.937861652539 -0.340341706682
vn -0.0676981786222 -0.937861652539 -0.340341706682
vn -0.0676981786222 -0.937861652539 -0.340341706682
vn -0.0676981786222 -0.937861652539 -0.340341706682
vn 0.0676981786222 -0.937861652539 -0.340341706682
vn 0.0676981786222 -0.937861652539 -0.340341706682
vn 0.0676981786222 -0.937861652539 -0.340341706682
vn 0.0676981786222 -0.937861652539 -0.340341706682
vn 0.192788098729 -0.937861643011 -0.288527793387
vn 0.192788098729 -0.937861643011 -0.288527793387
vn 0.192788098729 -0.937861643011 -0.288527793387
vn 0.192788098729 -0.937861643011 -0.288527793387
vn 0.288527793387 -0.937861643011 -0.192788098729
vn 0.288527793387 -0.937861643011 -0.192788098729
vn 0.288527793387 -0.937861643011 -0.192788098729
vn 0.288527793387 -0.937861643011 -0.192788098729
vn 0.340341706682 -0.937861652539 -0.0676981786222
vn 0.340341706682 -0.937861652539 -0.0676981786222
vn 0.340341706682 -0.937861652539 -0.0676981786222
vn 0.340341706682 -0.937861652539 -0.0676981786222
vn 0.455724664728 -0.885492936703 0.0906492636910
vn 0.806167952657 -0.553477639765 0.209178713996
vn 0.455724664728 -0.885492936703 0.0906492636910
vn 0.806167952657 -0.553477639765 0.209178713996
vn 0.386344709997 -0.885492941377 0.258147275464
vn 0.676488414067 -0.547990453117 0.492005984644
vn 0.386344709997 -0.885492941377 0.258147275464
vn 0.676488414067 -0.547990453117 0.492005984644
vn 0.258147275464 -0.885492941377 0.386344709997
vn 0.507467995287 -0.544110726255 0.668146504394
vn 0.258147275464 -0.885492941377 0.386344709997
vn 0.507467995287 -0.544110726255 0.668146504394
vn 0.0906492710803 -0.885492936105 0.455724664420
vn 0.192445224065 -0.564702646186 0.802543305451
vn 0.0906492710803 -0.885492936105 0.455724664420
vn 0.192445224065 -0.564702646186 0.802543305451
vn -0.0906492636910 -0.885492936703 0.455724664728
vn -0.209178713996 -0.553477639765 0.806167952657
vn -0.0906492636910 -0.885492936703 0.455724664728
vn -0.209178713996 -0.553477639765 0.806167952657
vn -0.258147275464 -0.885492941377 0.386344709997
vn -0.492005984644 -0.547990453117 0.676488414067
vn -0.258147275464 -0.885492941377 0.386344709997
vn -0.492005984644 -0.547990453117 0.676488414067
vn -0.386344709997 -0.885492941377 0.258147275464
vn -0.668146504394 -0.544110726255 0.507467995287
vn -0.386344709997 -0.885492941377 0.258147275464
vn -0.668146504394 -0.544110726255 0.507467995287
vn -0.455724664420 -0.885492936105 0.0906492710803
vn -0.802543305451 -0.564702646186 0.192445224065
vn -0.455724664420 -0.885492936105 0.0906492710803
vn -0.802543305451 -0.564702646186 0.192445224065
vn -0.455724664728 -0.885492936703 -0.0906492636910
vn -0.806167952657 -0.553477639765 -0.209178713996
vn -0.455724664728 -0.885492936703 -0.0906492636910
vn -0.806167952657 -0.553477639765 -0.209178713996
vn -0.386344709997 -0.885492941377 -0.258147275464
vn -0.676488414067 -0.547990453117 -0.492005984644
vn -0.386344709997 -0.885492941377 -0.258147275464
vn -0.676488414067 -0.547990453117 -0.492005984644
vn -0.258147275464 -0.885492941377 -0.386344709997
vn -0.507467995287 -0.544110726255 -0.668146504394
vn -0.258147275464 -0.885492941377 -0.386344709997
vn -0.507467995287 -0.544110726255 -0.668146504394
vn -0.0906492710803 -0.885492936105 -0.455724664420
vn -0.192445224065 -0.564702646186 -0.802543305451
vn -0.0906492710803 -0.885492936105 -0.455724664420
vn -0.192445224065 -0.564702646186 -0.802543305451
vn 0.0906492636910 -0.885492936703 -0.455724664728
vn 0.209178713996 -0.553477639765 -0.806167952657
vn 0.0906492636910 -0.885492936703 -0.455724664728
vn 0.209178713996 -0.553477639765 -0.806167952657
vn 0.258147275464 -0.885492941377 -0.386344709997
vn 0.492005984644 -0.547990453117 -0.676488414067
vn 0.258147275464 -0.885492941377 -0.386344709997
vn 0.492005984644 -0.547990453117 -0.676488414067
vn 0.386344709997 -0.885492941377 -0.258147275464
vn 0.668146504394 -0.544110726255 -0.507467995287
vn 0.386344709997 -0.885492941377 -0.258147275464
vn 0.668146504394 -0.544110726255 -0.507467995287
vn 0.455724664420 -0.885492936105 -0.0906492710803
vn 0.802543305451 -0.564702646186 -0.192445224065
vn 0.455724664420 -0.885492936105 -0.0906492710803
vn 0.802543305451 -0.564702646186 -0.192445224065
vn 0.816560156030 -0.537577693195 0.210332440111
vn 0.983129048327 -0.182909239790 -0.00121833282215
vn 0.816560156030 -0.537577693195 0.210332440111
vn 0.983129048327 -0.182909239790 -0.00121833282215
vn 0.976050231756 -0.193144539829 0.100105603360
vn 0.676488414067 -0.547990453117 0.492005984644
vn 0.507467995287 -0.544110726255 0.668146504394
vn 0.0886112739158 -0.186486897660 0.978453207433
vn 0.195386590167 -0.532668714098 0.823461062470
vn 0.00121833282215 -0.182909239790 0.983129048327
vn 0.195386590167 -0.532668714098 0.823461062470
vn 0.00121833282215 -0.182909239790 0.983129048327
vn -0.210332440111 -0.537577693195 0.816560156030
vn -0.210332440111 -0.537577693195 0.816560156030
vn 0.00121833282215 -0.182909239790 0.983129048327
vn -0.100105603360 -0.193144539829 0.976050231756
vn -0.492005984644 -0.547990453117 0.676488414067
vn -0.668146504394 -0.544110726255 0.507467995287
vn -0.978453207433 -0.186486897660 0.0886112739158
vn -0.823461062470 -0.532668714098 0.195386590167
vn -0.983129048327 -0.182909239790 0.00121833282215
vn -0.823461062470 -0.532668714098 0.195386590167
vn -0.983129048327 -0.182909239790 0.00121833282215
vn -0.816560156030 -0.537577693195 -0.210332440111
vn -0.816560156030 -0.537577693195 -0.210332440111
vn -0.983129048327 -0.182909239790 0.00121833282215
vn -0.976050231756 -0.193144539829 -0.100105603360
vn -0.676488414067 -0.547990453117 -0.492005984644
vn -0.507467995287 -0.544110726255 -0.668146504394
vn -0.0886112739158 -0.186486897660 -0.978453207433
vn -0.195386590167 -0.532668714098 -0.823461062470
vn -0.00121833282215 -0.182909239790 -0.983129048327
vn -0.195386590167 -0.532668714098 -0.823461062470
vn -0.00121833282215 -0.182909239790 -0.983129048327
vn 0.210332440111 -0.537577693195 -0.816560156030
vn 0.210332440111 -0.537577693195 -0.816560156030
vn -0.00121833282215 -0.182909239790 -0.983129048327
vn 0.100105603360 -0.193144539829 -0.976050231756
vn 0.492005984644 -0.547990453117 -0.676488414067
vn 0.668146504394 -0.544110726255 -0.507467995287
vn 0.978453207433 -0.186486897660 -0.0886112739158
vn 0.823461062470 -0.532668714098 -0.195386590167
vn 0.983129048327 -0.182909239790 -0.00121833282215
vn 0.823461062470 -0.532668714098 -0.195386590167
vn 0.983129048327 -0.182909239790 -0.00121833282215
vn 0.983129048327 -0.182909239790 -0.00121833282215
vn 0.983129048327 -0.182909239790 -0.00121833282215
vn 0.976096221934 -0.185367287928 0.113468648058
vn 0.976096221934 -0.185367287928 0.113468648058
vn 0.690035356992 -0.465737262756 0.554021667610
vn 0.690035356992 -0.465737262756 0.554021667610
vn 0.554772792773 -0.465781300023 0.689401863174
vn 0.554772792773 -0.465781300023 0.689401863174
vn 0.114935287315 -0.170683295978 0.978599556613
vn 0.114935287315 -0.170683295978 0.978599556613
vn 0.00121833282215 -0.182909239790 0.983129048327
vn 0.00121833282215 -0.182909239790 0.983129048327
vn 0.00121833282215 -0.182909239790 0.983129048327
vn -0.113468648058 -0.185367287928 0.976096221934
vn -0.113468648058 -0.185367287928 0.976096221934
vn -0.554021667610 -0.465737262756 0.690035356992
vn -0.554021667610 -0.465737262756 0.690035356992
vn -0.689401863174 -0.465781300023 0.554772792773
vn -0.689401863174 -0.465781300023 0.554772792773
vn -0.978599556613 -0.170683295978 0.114935287315
vn -0.978599556613 -0.170683295978 0.114935287315
vn -0.983129048327 -0.182909239790 0.00121833282215
vn -0.983129048327 -0.182909239790 0.00121833282215
vn -0.983129048327 -0.182909239790 0.00121833282215
vn -0.976096221934 -0.185367287928 -0.113468648058
vn -0.976096221934 -0.185367287928 -0.113468648058
vn -0.690035356992 -0.465737262756 -0.554021667610
vn -0.690035356992 -0.465737262756 -0.554021667610
vn -0.554772792773 -0.465781300023 -0.689401863174
vn -0.554772792773 -0.465781300023 -0.689401863174
vn -0.114935287315 -0.170683295978 -0.978599556613
vn -0.114935287315 -0.170683295978 -0.978599556613
vn -0.00121833282215 -0.182909239790 -0.983129048327
vn -0.00121833282215 -0.182909239790 -0.983129048327
vn -0.00121833282215 -0.182909239790 -0.983129048327
vn 0.113468648058 -0.185367287928 -0.976096221934
vn 0.113468648058 -0.185367287928 -0.976096221934
vn 0.554021667610 -0.465737262756 -0.690035356992
vn 0.554021667610 -0.465737262756 -0.690035356992
vn 0.689401863174 -0.465781300023 -0.554772792773
vn 0.689401863174 -0.465781300023 -0.554772792773
vn 0.978599556613 -0.170683295978 -0.114935287315
vn 0.978599556613 -0.170683295978 -0.114935287315
vn 0.983129048327 -0.182909239790 -0.00121833282215
vn 0.983129048327 -0.182909239790 -0.00121833282215
vn 0.983129048327 -0.182909239790 -0.00121833282215
vn 0.983129048327 -0.182909239790 -0.00121833282215
vn 0.976096221934 -0.185367287928 0.113468648058
vn 0.690035356992 -0.465737262756 0.554021667610
vn 0.554772792773 -0.465781300023 0.689401863174
vn 0.114935287315 -0.170683295978 0.978599556613
vn 0.00121833282215 -0.182909239790 0.983129048327
vn 0.00121833282215 -0.182909239790 0.983129048327
vn 0.00121833282215 -0.182909239790 0.983129048327
vn -0.113468648058 -0.185367287928 0.976096221934
vn -0.554021667610 -0.465737262756 0.690035356992
vn -0.689401863174 -0.465781300023 0.554772792773
vn -0.978599556613 -0.170683295978 0.114935287315
vn -0.983129048327 -0.182909239790 0.00121833282215
vn -0.983129048327 -0.182909239790 0.00121833282215
vn -0.983129048327 -0.182909239790 0.00121833282215
vn -0.976096221934 -0.185367287928 -0.113468648058
vn -0.690035356992 -0.465737262756 -0.554021667610
vn -0.554772792773 -0.465781300023 -0.689401863174
vn -0.114935287315 -0.170683295978 -0.978599556613
vn -0.00121833282215 -0.182909239790 -0.983129048327
vn -0.00121833282215 -0.182909239790 -0.983129048327
vn -0.00121833282215 -0.182909239790 -0.983129048327
vn 0.113468648058 -0.185367287928 -0.976096221934
vn 0.554021667610 -0.465737262756 -0.690035356992
vn 0.689401863174 -0.465781300023 -0.554772792773
vn 0.978599556613 -0.170683295978 -0.114935287315
vn 0.983129048327 -0.182909239790 -0.00121833282215
vn 0.983129048327 -0.182909239790 -0.00121833282215
vn 0.946581532355 0.322457131270 0.00219114075862
vn 0.946581532355 0.322457131270 0.00219114075862
vn 0.944227397990 0.319031626171 0.0815686360475
vn 0.703251069418 -0.419362727163 0.574084346093
vn 0.591307657804 0.684288641465 0.426736814657
vn 0.574925244121 -0.419404894308 0.702538609831
vn 0.425335425147 0.685813586577 0.590550167710
vn 0.0780828982737 0.329041248940 0.941081780449
vn -0.00219114075862 0.322457131270 0.946581532355
vn -0.00219114075862 0.322457131270 0.946581532355
vn -0.00219114075862 0.322457131270 0.946581532355
vn -0.0815686360475 0.319031626171 0.944227397990
vn -0.574084346093 -0.419362727163 0.703251069418
vn -0.426736814657 0.684288641465 0.591307657804
vn -0.702538609831 -0.419404894308 0.574925244121
vn -0.590550167710 0.685813586577 0.425335425147
vn -0.941081780449 0.329041248940 0.0780828982737
vn -0.946581532355 0.322457131270 -0.00219114075862
vn -0.946581532355 0.322457131270 -0.00219114075862
vn -0.946581532355 0.322457131270 -0.00219114075862
vn -0.944227397990 0.319031626171 -0.0815686360475
vn -0.703251069418 -0.419362727163 -0.574084346093
vn -0.591307657804 0.684288641465 -0.426736814657
vn -0.574925244121 -0.419404894308 -0.702538609831
vn -0.425335425147 0.685813586577 -0.590550167710
vn -0.0780828982737 0.329041248940 -0.941081780449
vn 0.00219114075862 0.322457131270 -0.946581532355
vn 0.00219114075862 0.322457131270 -0.946581532355
vn 0.00219114075862 0.322457131270 -0.946581532355
vn 0.0815686360475 0.319031626171 -0.944227397990
vn 0.574084346093 -0.419362727163 -0.703251069418
vn 0.426736814657 0.684288641465 -0.591307657804
vn 0.702538609831 -0.419404894308 -0.574925244121
vn 0.590550167710 0.685813586577 -0.425335425147
vn 0.941081780449 0.329041248940 -0.0780828982737
vn 0.946581532355 0.322457131270 0.00219114075862
vn 0.946581532355 0.322457131270 0.00219114075862
vn 0.946581532355 0.322457131270 0.00219114075862
vn 0.580431985864 0.803580327232 0.131747362294
vn 0.482319636641 0.806263528828 0.342500934586
vn 0.482319636641 0.806263528828 0.342500934586
vn 0.482319636641 0.806263528828 0.342500934586
vn 0.341589394226 0.806957013529 0.481806044034
vn 0.341589394226 0.806957013529 0.481806044034
vn 0.341589394226 0.806957013529 0.481806044034
vn 0.131998405545 0.804204289315 0.579510036135
vn -0.00219114075862 0.322457131270 0.946581532355
vn -0.131747362294 0.803580327232 0.580431985864
vn -0.342500934586 0.806263528828 0.482319636641
vn -0.342500934586 0.806263528828 0.482319636641
vn -0.342500934586 0.806263528828 0.482319636641
vn -0.481806044034 0.806957013529 0.341589394226
vn -0.481806044034 0.806957013529 0.341589394226
vn -0.481806044034 0.806957013529 0.341589394226
vn -0.579510036135 0.804204289315 0.131998405545
vn -0.946581532355 0.322457131270 -0.00219114075862
vn -0.580431985864 0.803580327232 -0.131747362294
vn -0.482319636641 0.806263528828 -0.342500934586
vn -0.482319636641 0.806263528828 -0.342500934586
vn -0.482319636641 0.806263528828 -0.342500934586
vn -0.341589394226 0.806957013529 -0.481806044034
vn -0.341589394226 0.806957013529 -0.481806044034
vn -0.341589394226 0.806957013529 -0.481806044034
vn -0.131998405545 0.804204289315 -0.579510036135
vn 0.00219114075862 0.322457131270 -0.946581532355
vn 0.131747362294 0.803580327232 -0.580431985864
vn 0.342500934586 0.806263528828 -0.482319636641
vn 0.342500934586 0.806263528828 -0.482319636641
vn 0.342500934586 0.806263528828 -0.482319636641
vn 0.481806044034 0.806957013529 -0.341589394226
vn 0.481806044034 0.806957013529 -0.341589394226
vn 0.481806044034 0.806957013529 -0.341589394226
vn 0.579510036135 0.804204289315 -0.131998405545
vn 0.946581532355 0.322457131270 0.00219114075862
vn 0.451605265056 0.887377032901 0.0928153330774
vn 0.451605265056 0.887377032901 0.0928153330774
vn 0.451605265056 0.887377032901 0.0928153330774
vn 0.375068325454 0.889903399427 0.259606800622
vn 0.375068325454 0.889903399427 0.259606800622
vn 0.375068325454 0.889903399427 0.259606800622
vn 0.375068325454 0.889903399427 0.259606800622
vn 0.255431496575 0.890324808413 0.376930346459
vn 0.255431496575 0.890324808413 0.376930346459
vn 0.255431496575 0.890324808413 0.376930346459
vn 0.255431496575 0.890324808413 0.376930346459
vn 0.0970797364795 0.887556828099 0.450353640664
vn 0.0970797364795 0.887556828099 0.450353640664
vn 0.0970797364795 0.887556828099 0.450353640664
vn -0.0928153330774 0.887377032901 0.451605265056
vn -0.0928153330774 0.887377032901 0.451605265056
vn -0.0928153330774 0.887377032901 0.451605265056
vn -0.259606800622 0.889903399427 0.375068325454
vn -0.259606800622 0.889903399427 0.375068325454
vn -0.259606800622 0.889903399427 0.375068325454
vn -0.259606800622 0.889903399427 0.375068325454
vn -0.376930346459 0.890324808413 0.255431496575
vn -0.376930346459 0.890324808413 0.255431496575
vn -0.376930346459 0.890324808413 0.255431496575
vn -0.376930346459 0.890324808413 0.255431496575
vn -0.450353640664 0.887556828099 0.0970797364795
vn -0.450353640664 0.887556828099 0.0970797364795
vn -0.450353640664 0.887556828099 0.0970797364795
vn -0.451605265056 0.887377032901 -0.0928153330774
vn -0.451605265056 0.887377032901 -0.0928153330774
vn -0.451605265056 0.887377032901 -0.0928153330774
vn -0.375068325454 0.889903399427 -0.259606800622
vn -0.375068325454 0.889903399427 -0.259606800622
vn -0.375068325454 0.889903399427 -0.259606800622
vn -0.375068325454 0.889903399427 -0.259606800622
vn -0.255431496575 0.890324808413 -0.376930346459
vn -0.255431496575 0.890324808413 -0.376930346459
vn -0.255431496575 0.890324808413 -0.376930346459
vn -0.255431496575 0.890324808413 -0.376930346459
vn -0.0970797364795 0.887556828099 -0.450353640664
vn -0.0970797364795 0.887556828099 -0.450353640664
vn -0.0970797364795 0.887556828099 -0.450353640664
vn 0.0928153330774 0.887377032901 -0.451605265056
vn 0.0928153330774 0.887377032901 -0.451605265056
vn 0.0928153330774 0.887377032901 -0.451605265056
vn 0.259606800622 0.889903399427 -0.375068325454
vn 0.259606800622 0.889903399427 -0.375068325454
vn 0.259606800622 0.889903399427 -0.375068325454
vn 0.259606800622 0.889903399427 -0.375068325454
vn 0.376930346459 0.890324808413 -0.255431496575
vn 0.376930346459 0.890324808413 -0.255431496575
vn 0.376930346459 0.890324808413 -0.255431496575
vn 0.376930346459 0.890324808413 -0.255431496575
vn 0.450353640664 0.887556828099 -0.0970797364795
vn 0.450353640664 0.887556828099 -0.0970797364795
vn 0.450353640664 0.887556828099 -0.0970797364795
vn 0.349626962528 0.934923123511 0.0606608621540
vn 0.349626962528 0.934923123511 0.0606608621540
vn 0.349626962528 0.934923123511 0.0606608621540
vn 0.349626962528 0.934923123511 0.0606608621540
vn 0.292167537766 0.937522151754 0.188918884302
vn 0.292167537766 0.937522151754 0.188918884302
vn 0.292167537766 0.937522151754 0.188918884302
vn 0.292167537766 0.937522151754 0.188918884302
vn 0.186404527578 0.937190420233 0.294834645728
vn 0.186404527578 0.937190420233 0.294834645728
vn 0.186404527578 0.937190420233 0.294834645728
vn 0.186404527578 0.937190420233 0.294834645728
vn 0.0638218160070 0.935553625756 0.347370391853
vn 0.0638218160070 0.935553625756 0.347370391853
vn 0.0638218160070 0.935553625756 0.347370391853
vn 0.0638218160070 0.935553625756 0.347370391853
vn -0.0606608621540 0.934923123511 0.349626962528
vn -0.0606608621540 0.934923123511 0.349626962528
vn -0.0606608621540 0.934923123511 0.349626962528
vn -0.0606608621540 0.934923123511 0.349626962528
vn -0.188918884302 0.937522151754 0.292167537766
vn -0.188918884302 0.937522151754 0.292167537766
vn -0.188918884302 0.937522151754 0.292167537766
vn -0.188918884302 0.937522151754 0.292167537766
vn -0.294834645728 0.937190420233 0.186404527578
vn -0.294834645728 0.937190420233 0.186404527578
vn -0.294834645728 0.937190420233 0.186404527578
vn -0.294834645728 0.937190420233 0.186404527578
vn -0.347370391853 0.935553625756 0.0638218160070
vn -0.347370391853 0.935553625756 0.0638218160070
vn -0.347370391853 0.935553625756 0.0638218160070
vn -0.347370391853 0.935553625756 0.0638218160070
vn -0.349626962528 0.934923123511 -0.0606608621540
vn -0.349626962528 0.934923123511 -0.0606608621540
vn -0.349626962528 0.934923123511 -0.0606608621540
vn -0.349626962528 0.934923123511 -0.0606608621540
vn -0.292167537766 0.937522151754 -0.188918884302
vn -0.292167537766 0.937522151754 -0.188918884302
vn -0.292167537766 0.937522151754 -0.188918884302
vn -0.292167537766 0.937522151754 -0.188918884302
vn -0.186404527578 0.937190420233 -0.294834645728
vn -0.186404527578 0.937190420233 -0.294834645728
vn -0.186404527578 0.937190420233 -0.294834645728
vn -0.186404527578 0.937190420233 -0.294834645728
vn -0.0638218160070 0.935553625756 -0.347370391853
vn -0.0638218160070 0.935553625756 -0.347370391853
vn -0.0638218160070 0.935553625756 -0.347370391853
vn -0.0638218160070 0.935553625756 -0.347370391853
vn 0.0606608621540 0.934923123511 -0.349626962528
vn 0.0606608621540 0.934923123511 -0.349626962528
vn 0.0606608621540 0.934923123511 -0.349626962528
vn 0.0606608621540 0.934923123511 -0.349626962528
vn 0.188918884302 0.937522151754 -0.292167537766
vn 0.188918884302 0.937522151754 -0.292167537766
vn 0.188918884302 0.937522151754 -0.292167537766
vn 0.188918884302 0.937522151754 -0.292167537766
vn 0.294834645728 0.937190420233 -0.186404527578
vn 0.294834645728 0.937190420233 -0.186404527578
vn 0.294834645728 0.937190420233 -0.186404527578
vn 0.294834645728 0.937190420233 -0.186404527578
vn 0.347370391853 0.935553625756 -0.0638218160070
vn 0.347370391853 0.935553625756 -0.0638218160070
vn 0.347370391853 0.935553625756 -0.0638218160070
vn 0.347370391853 0.935553625756 -0.0638218160070
vn 0.244633037507 0.968284859740 0.0507849127150
vn 0.244633037507 0.968284859740 0.0507849127150
vn 0.244633037507 0.968284859740 0.0507849127150
vn 0.244633037507 0.968284859740 0.0507849127150
vn 0.208032248560 0.967263332375 0.145341767572
vn 0.208032248560 0.967263332375 0.145341767572
vn 0.208032248560 0.967263332375 0.145341767572
vn 0.208032248560 0.967263332375 0.145341767572
vn 0.142161862381 0.967528709805 0.208993302734
vn 0.142161862381 0.967528709805 0.208993302734
vn 0.142161862381 0.967528709805 0.208993302734
vn 0.142161862381 0.967528709805 0.208993302734
vn 0.0548582365676 0.966949446368 0.248996670760
vn 0.0548582365676 0.966949446368 0.248996670760
vn 0.0548582365676 0.966949446368 0.248996670760
vn 0.0548582365676 0.966949446368 0.248996670760
vn -0.0507849127150 0.968284859740 0.244633037507
vn -0.0507849127150 0.968284859740 0.244633037507
vn -0.0507849127150 0.968284859740 0.244633037507
vn -0.0507849127150 0.968284859740 0.244633037507
vn -0.145341767572 0.967263332375 0.208032248560
vn -0.145341767572 0.967263332375 0.208032248560
vn -0.145341767572 0.967263332375 0.208032248560
vn -0.145341767572 0.967263332375 0.208032248560
vn -0.208993302734 0.967528709805 0.142161862381
vn -0.208993302734 0.967528709805 0.142161862381
vn -0.208993302734 0.967528709805 0.142161862381
vn -0.208993302734 0.967528709805 0.142161862381
vn -0.248996670760 0.966949446368 0.0548582365676
vn -0.248996670760 0.966949446368 0.0548582365676
vn -0.248996670760 0.966949446368 0.0548582365676
vn -0.248996670760 0.966949446368 0.0548582365676
vn -0.244633037507 0.968284859740 -0.0507849127150
vn -0.244633037507 0.968284859740 -0.0507849127150
vn -0.244633037507 0.968284859740 -0.0507849127150
vn -0.244633037507 0.968284859740 -0.0507849127150
vn -0.208032248560 0.967263332375 -0.145341767572
vn -0.208032248560 0.967263332375 -0.145341767572
vn -0.208032248560 0.967263332375 -0.145341767572
vn -0.208032248560 0.967263332375 -0.145341767572
vn -0.142161862381 0.967528709805 -0.208993302734
vn -0.142161862381 0.967528709805 -0.208993302734
vn -0.142161862381 0.967528709805 -0.208993302734
vn -0.142161862381 0.967528709805 -0.208993302734
vn -0.0548582365676 0.966949446368 -0.248996670760
vn -0.0548582365676 0.966949446368 -0.248996670760
vn -0.0548582365676 0.966949446368 -0.248996670760
vn -0.0548582365676 0.966949446368 -0.248996670760
vn 0.0507849127150 0.968284859740 -0.244633037507
vn 0.0507849127150 0.968284859740 -0.244633037507
vn 0.0507849127150 0.968284859740 -0.244633037507
vn 0.0507849127150 0.968284859740 -0.244633037507
vn 0.145341767572 0.967263332375 -0.208032248560
vn 0.145341767572 0.967263332375 -0.208032248560
vn 0.145341767572 0.967263332375 -0.208032248560
vn 0.145341767572 0.967263332375 -0.208032248560
vn 0.208993302734 0.967528709805 -0.142161862381
vn 0.208993302734 0.967528709805 -0.142161862381
vn 0.208993302734 0.967528709805 -0.142161862381
vn 0.208993302734 0.967528709805 -0.142161862381
vn 0.248996670760 0.966949446368 -0.0548582365676
vn 0.248996670760 0.966949446368 -0.0548582365676
vn 0.248996670760 0.966949446368 -0.0548582365676
vn 0.248996670760 0.966949446368 -0.0548582365676
vn 0.154109988653 0.987559940331 0.0312326055711
vn 0.154109988653 0.987559940331 0.0312326055711
vn 0.154109988653 0.987559940331 0.0312326055711
vn 0.154109988653 0.987559940331 0.0312326055711
vn 0.126705795917 0.988100829785 0.0871916937534
vn 0.126705795917 0.988100829785 0.0871916937534
vn 0.126705795917 0.988100829785 0.0871916937534
vn 0.126705795917 0.988100829785 0.0871916937534
vn 0.0852085727233 0.988300147873 0.126500264220
vn 0.0852085727233 0.988300147873 0.126500264220
vn 0.0852085727233 0.988300147873 0.126500264220
vn 0.0852085727233 0.988300147873 0.126500264220
vn 0.0332635709292 0.987124662742 0.156455856573
vn 0.0332635709292 0.987124662742 0.156455856573
vn 0.0332635709292 0.987124662742 0.156455856573
vn 0.0332635709292 0.987124662742 0.156455856573
vn -0.0312326055711 0.987559940331 0.154109988653
vn -0.0312326055711 0.987559940331 0.154109988653
vn -0.0312326055711 0.987559940331 0.154109988653
vn -0.0312326055711 0.987559940331 0.154109988653
vn -0.0871916937534 0.988100829785 0.126705795917
vn -0.0871916937534 0.988100829785 0.126705795917
vn -0.0871916937534 0.988100829785 0.126705795917
vn -0.0871916937534 0.988100829785 0.126705795917
vn -0.126500264220 0.988300147873 0.0852085727233
vn -0.126500264220 0.988300147873 0.0852085727233
vn -0.126500264220 0.988300147873 0.0852085727233
vn -0.126500264220 0.988300147873 0.0852085727233
vn -0.156455856573 0.987124662742 0.0332635709292
vn -0.156455856573 0.987124662742 0.0332635709292
vn -0.156455856573 0.987124662742 0.0332635709292
vn -0.156455856573 0.987124662742 0.0332635709292
vn -0.154109988653 0.987559940331 -0.0312326055711
vn -0.154109988653 0.987559940331 -0.0312326055711
vn -0.154109988653 0.987559940331 -0.0312326055711
vn -0.154109988653 0.987559940331 -0.0312326055711
vn -0.126705795917 0.988100829785 -0.0871916937534
vn -0.126705795917 0.988100829785 -0.0871916937534
vn -0.126705795917 0.988100829785 -0.0871916937534
vn -0.126705795917 0.988100829785 -0.0871916937534
vn -0.0852085727233 0.988300147873 -0.126500264220
vn -0.0852085727233 0.988300147873 -0.126500264220
vn -0.0852085727233 0.988300147873 -0.126500264220
vn -0.0852085727233 0.988300147873 -0.126500264220
vn -0.0332635709292 0.987124662742 -0.156455856573
vn -0.0332635709292 0.987124662742 -0.156455856573
vn -0.0332635709292 0.987124662742 -0.156455856573
vn -0.0332635709292 0.987124662742 -0.156455856573
vn 0.0312326055711 0.987559940331 -0.154109988653
vn 0.0312326055711 0.987559940331 -0.154109988653
vn 0.0312326055711 0.987559940331 -0.154109988653
vn 0.0312326055711 0.987559940331 -0.154109988653
vn 0.0871916937534 0.988100829785 -0.126705795917
vn 0.0871916937534 0.988100829785 -0.126705795917
vn 0.0871916937534 0.988100829785 -0.126705795917
vn 0.0871916937534 0.988100829785 -0.126705795917
vn 0.126500264220 0.988300147873 -0.0852085727233
vn 0.126500264220 0.988300147873 -0.0852085727233
vn 0.126500264220 0.988300147873 -0.0852085727233
vn 0.126500264220 0.988300147873 -0.0852085727233
vn 0.156455856573 0.987124662742 -0.0332635709292
vn 0.156455856573 0.987124662742 -0.0332635709292
vn 0.156455856573 0.987124662742 -0.0332635709292
vn 0.156455856573 0.987124662742 -0.0332635709292
vn 0.0607693756928 0.998050396259 0.0142298807112
vn 1.74551280630e-18 1.00000000000 4.36378180895e-18
vn 0.0607693756928 0.998050396259 0.0142298807112
vn 0.0490484938568 0.998216436155 0.0340322176789
vn 0.0490484938568 0.998216436155 0.0340322176789
vn 0.0357088260855 0.998127283069 0.0496669561369
vn 0.0357088260855 0.998127283069 0.0496669561369
vn 0.0131590233481 0.998065035478 0.0607702646049
vn 0.0131590233481 0.998065035478 0.0607702646049
vn -0.0142298807112 0.998050396259 0.0607693756928
vn -0.0142298807112 0.998050396259 0.0607693756928
vn -0.0340322176789 0.998216436155 0.0490484938568
vn -0.0340322176789 0.998216436155 0.0490484938568
vn -0.0496669561369 0.998127283069 0.0357088260855
vn -0.0496669561369 0.998127283069 0.0357088260855
vn -0.0607702646049 0.998065035478 0.0131590233481
vn -0.0607702646049 0.998065035478 0.0131590233481
vn -0.0607693756928 0.998050396259 -0.0142298807112
vn -0.0607693756928 0.998050396259 -0.0142298807112
vn -0.0490484938568 0.998216436155 -0.0340322176789
vn -0.0490484938568 0.998216436155 -0.0340322176789
vn -0.0357088260855 0.998127283069 -0.0496669561369
vn -0.0357088260855 0.998127283069 -0.0496669561369
vn -0.0131590233481 0.998065035478 -0.0607702646049
vn -0.0131590233481 0.998065035478 -0.0607702646049
vn 0.0142298807112 0.998050396259 -0.0607693756928
vn 0.0142298807112 0.998050396259 -0.0607693756928
vn 0.0340322176789 0.998216436155 -0.0490484938568
vn 0.0340322176789 0.998216436155 -0.0490484938568
vn 0.0496669561369 0.998127283069 -0.0357088260855
vn 0.0496669561369 0.998127283069 -0.0357088260855
vn 0.0607702646049 0.998065035478 -0.0131590233481
vn 0.0607702646049 0.998065035478 -0.0131590233481
f 4991/4991/4991 4992/4992/4992 4993/4993/4993
f 4991/4991/4991 4993/4993/4993 4994/4994/4994
f 4991/4991/4991 4994/4994/4994 4995/4995/4995
f 4991/4991/4991 4995/4995/4995 4996/4996/4996
f 4991/4991/4991 4996/4996/4996 4997/4997/4997
f 4991/4991/4991 4997/4997/4997 4998/4998/4998
f 4991/4991/4991 4998/4998/4998 4999/4999/4999
f 4991/4991/4991 4999/4999/4999 5000/5000/5000
f 4991/4991/4991 5000/5000/5000 5001/5001/5001
f 4991/4991/4991 5001/5001/5001 5002/5002/5002
f 4991/4991/4991 5002/5002/5002 5003/5003/5003
f 4991/4991/4991 5003/5003/5003 5004/5004/5004
f 4991/4991/4991 5004/5004/5004 5005/5005/5005
f 4991/4991/4991 5005/5005/5005 5006/5006/5006
f 4991/4991/4991 5006/5006/5006 5007/5007/5007
f 4991/4991/4991 5007/5007/5007 5008/5008/5008
f 5009/5009/5009 5010/5010/5010 5011/5011/5011
f 5011/5011/5011 5010/5010/5010 5012/5012/5012
f 5013/5013/5013 5014/5014/5014 5015/5015/5015
f 5015/5015/5015 5014/5014/5014 5016/5016/5016
f 5017/5017/5017 5018/5018/5018 5019/5019/5019
f 5019/5019/5019 5018/5018/5018 5020/5020/5020
f 5021/5021/5021 5022/5022/5022 5023/5023/5023
f 5023/5023/5023 5022/5022/5022 5024/5024/5024
f 5025/5025/5025 5026/5026/5026 5027/5027/5027
f 5027/5027/5027 5026/5026/5026 5028/5028/5028
f 5029/5029/5029 5030/5030/5030 5031/5031/5031
f 5031/5031/5031 5030/5030/5030 5032/5032/5032
f 5033/5033/5033 5034/5034/5034 5035/5035/5035
f 5035/5035/5035 5034/5034/5034 5036/5036/5036
f 5037/5037/5037 5038/5038/5038 5039/5039/5039
f 5039/5039/5039 5038/5038/5038 5040/5040/5040
f 5041/5041/5041 5042/5042/5042 5043/5043/5043
f 5043/5043/5043 5042/5042/5042 5044/5044/5044
f 5045/5045/5045 5046/5046/5046 5047/5047/5047
f 5047/5047/5047 5046/5046/5046 5048/5048/5048
f 5049/5049/5049 5050/5050/5050 5051/5051/5051
f 5051/5051/5051 5050/5050/5050 5052/5052/5052
f 5053/5053/5053 5054/5054/5054 5055/5055/5055
f 5055/5055/5055 5054/5054/5054 5056/5056/5056
f 5057/5057/5057 5058/5058/5058 5059/5059/5059
f 5059/5059/5059 5058/5058/5058 5060/5060/5060
f 5061/5061/5061 5062/5062/5062 5063/5063/5063
f 5063/5063/5063 5062/5062/5062 5064/5064/5064
f 5065/5065/5065 5066/5066/5066 5067/5067/5067
f 5067/5067/5067 5066/5066/5066 5068/5068/5068
f 5069/5069/5069 5070/5070/5070 5071/5071/5071
f 5071/5071/5071 5070/5070/5070 5072/5072/5072
f 5073/5073/5073 5074/5074/5074 5075/5075/5075
f 5075/5075/5075 5074/5074/5074 5076/5076/5076
f 5077/5077/5077 5078/5078/5078 5079/5079/5079
f 5079/5079/5079 5078/5078/5078 5080/5080/5080
f 5081/5081/5081 5082/5082/5082 5083/5083/5083
f 5083/5083/5083 5082/5082/5082 5084/5084/5084
f 5085/5085/5085 5086/5086/5086 5087/5087/5087
f 5087/5087/5087 5086/5086/5086 5088/5088/5088
f 5089/5089/5089 5090/5090/5090 5091/5091/5091
f 5091/5091/5091 5090/5090/5090 5092/5092/5092
f 5093/5093/5093 5094/5094/5094 5095/5095/5095
f 5095/5095/5095 5094/5094/5094 5096/5096/5096
f 5097/5097/5097 5098/5098/5098 5099/5099/5099
f 5099/5099/5099 5098/5098/5098 5100/5100/5100
f 5101/5101/5101 5102/5102/5102 5103/5103/5103
f 5103/5103/5103 5102/5102/5102 5104/5104/5104
f 5105/5105/5105 5106/5106/5106 5107/5107/5107
f 5107/5107/5107 5106/5106/5106 5108/5108/5108
f 5109/5109/5109 5110/5110/5110 5111/5111/5111
f 5111/5111/5111 5110/5110/5110 5112/5112/5112
f 5113/5113/5113 5114/5114/5114 5115/5115/5115
f 5115/5115/5115 5114/5114/5114 5116/5116/5116
f 5117/5117/5117 5118/5118/5118 5119/5119/5119
f 5119/5119/5119 5118/5118/5118 5120/5120/5120
f 5121/5121/5121 5122/5122/5122 5123/5123/5123
f 5123/5123/5123 5122/5122/5122 5124/5124/5124
f 5125/5125/5125 5126/5126/5126 5127/5127/5127
f 5127/5127/5127 5126/5126/5126 5128/5128/5128
f 5129/5129/5129 5130/5130/5130 5131/5131/5131
f 5131/5131/5131 5130/5130/5130 5132/5132/5132
f 5133/5133/5133 5134/5134/5134 5135/5135/5135
f 5135/5135/5135 5134/5134/5134 5136/5136/5136
f 5137/5137/5137 5138/5138/5138 5139/5139/5139
f 5139/5139/5139 5138/5138/5138 5140/5140/5140
f 5141/5141/5141 5142/5142/5142 5143/5143/5143
f 5143/5143/5143 5142/5142/5142 5144/5144/5144
f 5145/5145/5145 5146/5146/5146 5147/5147/5147
f 5147/5147/5147 5146/5146/5146 5148/5148/5148
f 5149/5149/5149 5150/5150/5150 5151/5151/5151
f 5151/5151/5151 5150/5150/5150 5152/5152/5152
f 5153/5153/5153 5154/5154/5154 5155/5155/5155
f 5155/5155/5155 5154/5154/5154 5156/5156/5156
f 5157/5157/5157 5158/5158/5158 5159/5159/5159
f 5159/5159/5159 5158/5158/5158 5160/5160/5160
f 5161/5161/5161 5162/5162/5162 5163/5163/5163
f 5163/5163/5163 5162/5162/5162 5164/5164/5164
f 5165/5165/5165 5166/5166/5166 5167/5167/5167
f 5167/5167/5167 5166/5166/5166 5168/5168/5168
f 5169/5169/5169 5170/5170/5170 5171/5171/5171
f 5171/5171/5171 5170/5170/5170 5172/5172/5172
f 5173/5173/5173 5174/5174/5174 5175/5175/5175
f 5175/5175/5175 5174/5174/5174 5176/5176/5176
f 5177/5177/5177 5178/5178/5178 5179/5179/5179
f 5179/5179/5179 5178/5178/5178 5180/5180/5180
f 5181/5181/5181 5182/5182/5182 5183/5183/5183
f 5183/5183/5183 5182/5182/5182 5184/5184/5184
f 5185/5185/5185 5186/5186/5186 5187/5187/5187
f 5187/5187/5187 5186/5186/5186 5188/5188/5188
f 5189/5189/5189 5190/5190/5190 5191/5191/5191
f 5191/5191/5191 5190/5190/5190 5192/5192/5192
f 5193/5193/5193 5194/5194/5194 5195/5195/5195
f 5195/5195/5195 5194/5194/5194 5196/5196/5196
f 5197/5197/5197 5198/5198/5198 5199/5199/5199
f 5199/5199/5199 5198/5198/5198 5200/5200/5200
f 5201/5201/5201 5202/5202/5202 5203/5203/5203
f 5203/5203/5203 5202/5202/5202 5204/5204/5204
f 5142/5142/5142 5205/5205/5205 5144/5144/5144
f 5144/5144/5144 5205/5205/5205 5206/5206/5206
f 5146/5146/5146 5207/5207/5207 5148/5148/5148
f 5148/5148/5148 5207/5207/5207 5208/5208/5208
f 5209/5209/5209 5210/5210/5210 5211/5211/5211
f 5211/5211/5211 5210/5210/5210 5212/5212/5212
f 5213/5213/5213 5212/5212/5212 5214/5214/5214
f 5214/5214/5214 5212/5212/5212 5215/5215/5215
f 5158/5158/5158 5216/5216/5216 5160/5160/5160
f 5160/5160/5160 5216/5216/5216 5217/5217/5217
f 5162/5162/5162 5218/5218/5218 5164/5164/5164
f 5164/5164/5164 5218/5218/5218 5219/5219/5219
f 5220/5220/5220 5221/5221/5221 5222/5222/5222
f 5222/5222/5222 5221/5221/5221 5223/5223/5223
f 5224/5224/5224 5223/5223/5223 5225/5225/5225
f 5225/5225/5225 5223/5223/5223 5226/5226/5226
f 5174/5174/5174 5227/5227/5227 5176/5176/5176
f 5176/5176/5176 5227/5227/5227 5228/5228/5228
f 5178/5178/5178 5229/5229/5229 5180/5180/5180
f 5180/5180/5180 5229/5229/5229 5230/5230/5230
f 5231/5231/5231 5232/5232/5232 5233/5233/5233
f 5233/5233/5233 5232/5232/5232 5234/5234/5234
f 5235/5235/5235 5234/5234/5234 5236/5236/5236
f 5236/5236/5236 5234/5234/5234 5237/5237/5237
f 5190/5190/5190 5238/5238/5238 5192/5192/5192
f 5192/5192/5192 5238/5238/5238 5239/5239/5239
f 5194/5194/5194 5240/5240/5240 5196/5196/5196
f 5196/5196/5196 5240/5240/5240 5241/5241/5241
f 5242/5242/5242 5243/5243/5243 5244/5244/5244
f 5244/5244/5244 5243/5243/5243 5245/5245/5245
f 5202/5202/5202 5246/5246/5246 5204/5204/5204
f 5204/5204/5204 5246/5246/5246 5247/5247/5247
f 5248/5248/5248 5249/5249/5249 5250/5250/5250
f 5250/5250/5250 5249/5249/5249 5251/5251/5251
f 5252/5252/5252 5253/5253/5253 5254/5254/5254
f 5254/5254/5254 5253/5253/5253 5255/5255/5255
f 5210/5210/5210 5256/5256/5256 5212/5212/5212
f 5212/5212/5212 5256/5256/5256 5257/5257/5257
f 5212/5212/5212 5257/5257/5257 5215/5215/5215
f 5215/5215/5215 5257/5257/5257 5258/5258/5258
f 5259/5259/5259 5260/5260/5260 5261/5261/5261
f 5261/5261/5261 5260/5260/5260 5262/5262/5262
f 5263/5263/5263 5264/5264/5264 5265/5265/5265
f 5265/5265/5265 5264/5264/5264 5266/5266/5266
f 5221/5221/5221 5267/5267/5267 5223/5223/5223
f 5223/5223/5223 5267/5267/5267 5268/5268/5268
f 5223/5223/5223 5268/5268/5268 5226/5226/5226
f 5226/5226/5226 5268/5268/5268 5269/5269/5269
f 5270/5270/5270 5271/5271/5271 5272/5272/5272
f 5272/5272/5272 5271/5271/5271 5273/5273/5273
f 5274/5274/5274 5275/5275/5275 5276/5276/5276
f 5276/5276/5276 5275/5275/5275 5277/5277/5277
f 5232/5232/5232 5278/5278/5278 5234/5234/5234
f 5234/5234/5234 5278/5278/5278 5279/5279/5279
f 5234/5234/5234 5279/5279/5279 5237/5237/5237
f 5237/5237/5237 5279/5279/5279 5280/5280/5280
f 5281/5281/5281 5282/5282/5282 5283/5283/5283
f 5283/5283/5283 5282/5282/5282 5284/5284/5284
f 5285/5285/5285 5286/5286/5286 5287/5287/5287
f 5287/5287/5287 5286/5286/5286 5288/5288/5288
f 5243/5243/5243 5289/5289/5289 5245/5245/5245
f 5245/5245/5245 5289/5289/5289 5290/5290/5290
f 5246/5246/5246 5291/5291/5291 5247/5247/5247
f 5247/5247/5247 5291/5291/5291 5292/5292/5292
f 5249/5249/5249 5293/5293/5293 5251/5251/5251
f 5251/5251/5251 5293/5293/5293 5294/5294/5294
f 5253/5253/5253 5295/5295/5295 5255/5255/5255
f 5255/5255/5255 5295/5295/5295 5296/5296/5296
f 5256/5256/5256 5297/5297/5297 5257/5257/5257
f 5257/5257/5257 5297/5297/5297 5298/5298/5298
f 5257/5257/5257 5298/5298/5298 5258/5258/5258
f 5258/5258/5258 5298/5298/5298 5299/5299/5299
f 5260/5260/5260 5300/5300/5300 5262/5262/5262
f 5262/5262/5262 5300/5300/5300 5301/5301/5301
f 5264/5264/5264 5302/5302/5302 5266/5266/5266
f 5266/5266/5266 5302/5302/5302 5303/5303/5303
f 5267/5267/5267 5304/5304/5304 5268/5268/5268
f 5268/5268/5268 5304/5304/5304 5305/5305/5305
f 5268/5268/5268 5305/5305/5305 5269/5269/5269
f 5269/5269/5269 5305/5305/5305 5306/5306/5306
f 5271/5271/5271 5307/5307/5307 5273/5273/5273
f 5273/5273/5273 5307/5307/5307 5308/5308/5308
f 5275/5275/5275 5309/5309/5309 5277/5277/5277
f 5277/5277/5277 5309/5309/5309 5310/5310/5310
f 5278/5278/5278 5311/5311/5311 5279/5279/5279
f 5279/5279/5279 5311/5311/5311 5312/5312/5312
f 5279/5279/5279 5312/5312/5312 5280/5280/5280
f 5280/5280/5280 5312/5312/5312 5313/5313/5313
f 5282/5282/5282 5314/5314/5314 5284/5284/5284
f 5284/5284/5284 5314/5314/5314 5315/5315/5315
f 5286/5286/5286 5316/5316/5316 5288/5288/5288
f 5288/5288/5288 5316/5316/5316 5317/5317/5317
f 5289/5289/5289 5318/5318/5318 5290/5290/5290
f 5290/5290/5290 5318/5318/5318 5319/5319/5319
f 5291/5291/5291 5320/5320/5320 5292/5292/5292
f 5292/5292/5292 5320/5320/5320 5321/5321/5321
f 5293/5293/5293 5322/5322/5322 5323/5323/5323
f 5323/5323/5323 5322/5322/5322 5324/5324/5324
f 5325/5325/5325 5326/5326/5326 5296/5296/5296
f 5296/5296/5296 5326/5326/5326 5327/5327/5327
f 5297/5297/5297 5328/5328/5328 5298/5298/5298
f 5298/5298/5298 5328/5328/5328 5329/5329/5329
f 5298/5298/5298 5329/5329/5329 5299/5299/5299
f 5299/5299/5299 5329/5329/5329 5330/5330/5330
f 5300/5300/5300 5331/5331/5331 5332/5332/5332
f 5332/5332/5332 5331/5331/5331 5333/5333/5333
f 5334/5334/5334 5335/5335/5335 5303/5303/5303
f 5303/5303/5303 5335/5335/5335 5336/5336/5336
f 5304/5304/5304 5337/5337/5337 5305/5305/5305
f 5305/5305/5305 5337/5337/5337 5338/5338/5338
f 5305/5305/5305 5338/5338/5338 5306/5306/5306
f 5306/5306/5306 5338/5338/5338 5339/5339/5339
f 5307/5307/5307 5340/5340/5340 5341/5341/5341
f 5341/5341/5341 5340/5340/5340 5342/5342/5342
f 5343/5343/5343 5344/5344/5344 5310/5310/5310
f 5310/5310/5310 5344/5344/5344 5345/5345/5345
f 5311/5311/5311 5346/5346/5346 5312/5312/5312
f 5312/5312/5312 5346/5346/5346 5347/5347/5347
f 5312/5312/5312 5347/5347/5347 5313/5313/5313
f 5313/5313/5313 5347/5347/5347 5348/5348/5348
f 5314/5314/5314 5349/5349/5349 5350/5350/5350
f 5350/5350/5350 5349/5349/5349 5351/5351/5351
f 5352/5352/5352 5353/5353/5353 5317/5317/5317
f 5317/5317/5317 5353/5353/5353 5354/5354/5354
f 5318/5318/5318 5355/5355/5355 5319/5319/5319
f 5319/5319/5319 5355/5355/5355 5356/5356/5356
f 5320/5320/5320 5357/5357/5357 5321/5321/5321
f 5321/5321/5321 5357/5357/5357 5358/5358/5358
f 5322/5322/5322 5359/5359/5359 5360/5360/5360
f 5360/5360/5360 5359/5359/5359 5361/5361/5361
f 5362/5362/5362 5363/5363/5363 5327/5327/5327
f 5327/5327/5327 5363/5363/5363 5364/5364/5364
f 5328/5328/5328 5365/5365/5365 5329/5329/5329
f 5329/5329/5329 5365/5365/5365 5366/5366/5366
f 5329/5329/5329 5366/5366/5366 5330/5330/5330
f 5330/5330/5330 5366/5366/5366 5367/5367/5367
f 5331/5331/5331 5368/5368/5368 5369/5369/5369
f 5369/5369/5369 5368/5368/5368 5370/5370/5370
f 5371/5371/5371 5372/5372/5372 5336/5336/5336
f 5336/5336/5336 5372/5372/5372 5373/5373/5373
f 5337/5337/5337 5374/5374/5374 5338/5338/5338
f 5338/5338/5338 5374/5374/5374 5375/5375/5375
f 5338/5338/5338 5375/5375/5375 5339/5339/5339
f 5339/5339/5339 5375/5375/5375 5376/5376/5376
f 5340/5340/5340 5377/5377/5377 5378/5378/5378
f 5378/5378/5378 5377/5377/5377 5379/5379/5379
f 5380/5380/5380 5381/5381/5381 5345/5345/5345
f 5345/5345/5345 5381/5381/5381 5382/5382/5382
f 5346/5346/5346 5383/5383/5383 5347/5347/5347
f 5347/5347/5347 5383/5383/5383 5384/5384/5384
f 5347/5347/5347 5384/5384/5384 5348/5348/5348
f 5348/5348/5348 5384/5384/5384 5385/5385/5385
f 5349/5349/5349 5386/5386/5386 5387/5387/5387
f 5387/5387/5387 5386/5386/5386 5388/5388/5388
f 5389/5389/5389 5390/5390/5390 5354/5354/5354
f 5354/5354/5354 5390/5390/5390 5391/5391/5391
f 5355/5355/5355 5392/5392/5392 5356/5356/5356
f 5356/5356/5356 5392/5392/5392 5393/5393/5393
f 5357/5357/5357 5394/5394/5394 5395/5395/5395
f 5395/5395/5395 5394/5394/5394 5396/5396/5396
f 5397/5397/5397 5398/5398/5398 5399/5399/5399
f 5399/5399/5399 5398/5398/5398 5400/5400/5400
f 5401/5401/5401 5402/5402/5402 5403/5403/5403
f 5403/5403/5403 5402/5402/5402 5404/5404/5404
f 5405/5405/5405 5406/5406/5406 5366/5366/5366
f 5366/5366/5366 5406/5406/5406 5407/5407/5407
f 5366/5366/5366 5408/5408/5408 5409/5409/5409
f 5409/5409/5409 5408/5408/5408 5410/5410/5410
f 5411/5411/5411 5412/5412/5412 5413/5413/5413
f 5413/5413/5413 5412/5412/5412 5414/5414/5414
f 5415/5415/5415 5416/5416/5416 5417/5417/5417
f 5417/5417/5417 5416/5416/5416 5418/5418/5418
f 5419/5419/5419 5420/5420/5420 5375/5375/5375
f 5375/5375/5375 5420/5420/5420 5421/5421/5421
f 5375/5375/5375 5422/5422/5422 5423/5423/5423
f 5423/5423/5423 5422/5422/5422 5424/5424/5424
f 5425/5425/5425 5426/5426/5426 5427/5427/5427
f 5427/5427/5427 5426/5426/5426 5428/5428/5428
f 5429/5429/5429 5430/5430/5430 5431/5431/5431
f 5431/5431/5431 5430/5430/5430 5432/5432/5432
f 5433/5433/5433 5434/5434/5434 5384/5384/5384
f 5384/5384/5384 5434/5434/5434 5435/5435/5435
f 5384/5384/5384 5436/5436/5436 5437/5437/5437
f 5437/5437/5437 5436/5436/5436 5438/5438/5438
f 5439/5439/5439 5440/5440/5440 5441/5441/5441
f 5441/5441/5441 5440/5440/5440 5442/5442/5442
f 5443/5443/5443 5444/5444/5444 5445/5445/5445
f 5445/5445/5445 5444/5444/5444 5446/5446/5446
f 5447/5447/5447 5448/5448/5448 5393/5393/5393
f 5393/5393/5393 5448/5448/5448 5449/5449/5449
f 5450/5450/5450 5451/5451/5451 5452/5452/5452
f 5452/5452/5452 5451/5451/5451 5453/5453/5453
f 5454/5454/5454 5455/5455/5455 5456/5456/5456
f 5456/5456/5456 5455/5455/5455 5457/5457/5457
f 5458/5458/5458 5459/5459/5459 5460/5460/5460
f 5460/5460/5460 5459/5459/5459 5461/5461/5461
f 5462/5462/5462 5463/5463/5463 5464/5464/5464
f 5464/5464/5464 5463/5463/5463 5465/5465/5465
f 5466/5466/5466 5467/5467/5467 5468/5468/5468
f 5468/5468/5468 5467/5467/5467 5469/5469/5469
f 5470/5470/5470 5471/5471/5471 5472/5472/5472
f 5472/5472/5472 5471/5471/5471 5473/5473/5473
f 5474/5474/5474 5475/5475/5475 5476/5476/5476
f 5476/5476/5476 5475/5475/5475 5477/5477/5477
f 5478/5478/5478 5479/5479/5479 5480/5480/5480
f 5480/5480/5480 5479/5479/5479 5481/5481/5481
f 5482/5482/5482 5483/5483/5483 5484/5484/5484
f 5484/5484/5484 5483/5483/5483 5485/5485/5485
f 5486/5486/5486 5487/5487/5487 5488/5488/5488
f 5488/5488/5488 5487/5487/5487 5489/5489/5489
f 5490/5490/5490 5491/5491/5491 5492/5492/5492
f 5492/5492/5492 5491/5491/5491 5493/5493/5493
f 5494/5494/5494 5495/5495/5495 5496/5496/5496
f 5496/5496/5496 5495/5495/5495 5497/5497/5497
f 5498/5498/5498 5499/5499/5499 5500/5500/5500
f 5500/5500/5500 5499/5499/5499 5501/5501/5501
f 5502/5502/5502 5503/5503/5503 5504/5504/5504
f 5504/5504/5504 5503/5503/5503 5505/5505/5505
f 5506/5506/5506 5507/5507/5507 5508/5508/5508
f 5508/5508/5508 5507/5507/5507 5509/5509/5509
f 5510/5510/5510 5511/5511/5511 5512/5512/5512
f 5512/5512/5512 5511/5511/5511 5513/5513/5513
f 5514/5514/5514 5515/5515/5515 5516/5516/5516
f 5516/5516/5516 5515/5515/5515 5517/5517/5517
f 5518/5518/5518 5519/5519/5519 5520/5520/5520
f 5520/5520/5520 5519/5519/5519 5521/5521/5521
f 5522/5522/5522 5523/5523/5523 5524/5524/5524
f 5524/5524/5524 5523/5523/5523 5525/5525/5525
f 5526/5526/5526 5527/5527/5527 5528/5528/5528
f 5528/5528/5528 5527/5527/5527 5529/5529/5529
f 5530/5530/5530 5531/5531/5531 5532/5532/5532
f 5532/5532/5532 5531/5531/5531 5533/5533/5533
f 5534/5534/5534 5535/5535/5535 5536/5536/5536
f 5536/5536/5536 5535/5535/5535 5537/5537/5537
f 5538/5538/5538 5539/5539/5539 5540/5540/5540
f 5540/5540/5540 5539/5539/5539 5541/5541/5541
f 5542/5542/5542 5543/5543/5543 5544/5544/5544
f 5544/5544/5544 5543/5543/5543 5545/5545/5545
f 5546/5546/5546 5547/5547/5547 5548/5548/5548
f 5548/5548/5548 5547/5547/5547 5549/5549/5549
f 5550/5550/5550 5551/5551/5551 5552/5552/5552
f 5552/5552/5552 5551/5551/5551 5553/5553/5553
f 5554/5554/5554 5555/5555/5555 5556/5556/5556
f 5556/5556/5556 5555/5555/5555 5557/5557/5557
f 5558/5558/5558 5559/5559/5559 5560/5560/5560
f 5560/5560/5560 5559/5559/5559 5561/5561/5561
f 5562/5562/5562 5563/5563/5563 5564/5564/5564
f 5564/5564/5564 5563/5563/5563 5565/5565/5565
f 5566/5566/5566 5567/5567/5567 5568/5568/5568
f 5568/5568/5568 5567/5567/5567 5569/5569/5569
f 5570/5570/5570 5571/5571/5571 5572/5572/5572
f 5572/5572/5572 5571/5571/5571 5573/5573/5573
f 5574/5574/5574 5575/5575/5575 5576/5576/5576
f 5576/5576/5576 5575/5575/5575 5577/5577/5577
f 5578/5578/5578 5579/5579/5579 5580/5580/5580
f 5580/5580/5580 5579/5579/5579 5581/5581/5581
f 5582/5582/5582 5583/5583/5583 5584/5584/5584
f 5584/5584/5584 5583/5583/5583 5585/5585/5585
f 5586/5586/5586 5587/5587/5587 5588/5588/5588
f 5588/5588/5588 5587/5587/5587 5589/5589/5589
f 5590/5590/5590 5591/5591/5591 5592/5592/5592
f 5592/5592/5592 5591/5591/5591 5593/5593/5593
f 5594/5594/5594 5595/5595/5595 5596/5596/5596
f 5596/5596/5596 5595/5595/5595 5597/5597/5597
f 5598/5598/5598 5599/5599/5599 5600/5600/5600
f 5600/5600/5600 5599/5599/5599 5601/5601/5601
f 5602/5602/5602 5603/5603/5603 5604/5604/5604
f 5604/5604/5604 5603/5603/5603 5605/5605/5605
f 5606/5606/5606 5607/5607/5607 5608/5608/5608
f 5608/5608/5608 5607/5607/5607 5609/5609/5609
f 5610/5610/5610 5611/5611/5611 5612/5612/5612
f 5612/5612/5612 5611/5611/5611 5613/5613/5613
f 5614/5614/5614 5615/5615/5615 5616/5616/5616
f 5616/5616/5616 5615/5615/5615 5617/5617/5617
f 5618/5618/5618 5619/5619/5619 5620/5620/5620
f 5620/5620/5620 5619/5619/5619 5621/5621/5621
f 5622/5622/5622 5623/5623/5623 5624/5624/5624
f 5624/5624/5624 5623/5623/5623 5625/5625/5625
f 5626/5626/5626 5627/5627/5627 5628/5628/5628
f 5628/5628/5628 5627/5627/5627 5629/5629/5629
f 5630/5630/5630 5631/5631/5631 5632/5632/5632
f 5632/5632/5632 5631/5631/5631 5633/5633/5633
f 5634/5634/5634 5635/5635/5635 5636/5636/5636
f 5636/5636/5636 5635/5635/5635 5637/5637/5637
f 5638/5638/5638 5639/5639/5639 5640/5640/5640
f 5640/5640/5640 5639/5639/5639 5641/5641/5641
f 5642/5642/5642 5643/5643/5643 5644/5644/5644
f 5645/5645/5645 5643/5643/5643 5646/5646/5646
f 5647/5647/5647 5643/5643/5643 5648/5648/5648
f 5649/5649/5649 5643/5643/5643 5650/5650/5650
f 5651/5651/5651 5643/5643/5643 5652/5652/5652
f 5653/5653/5653 5643/5643/5643 5654/5654/5654
f 5655/5655/5655 5643/5643/5643 5656/5656/5656
f 5657/5657/5657 5643/5643/5643 5658/5658/5658
f 5659/5659/5659 5643/5643/5643 5660/5660/5660
f 5661/5661/5661 5643/5643/5643 5662/5662/5662
f 5663/5663/5663 5643/5643/5643 5664/5664/5664
f 5665/5665/5665 5643/5643/5643 5666/5666/5666
f 5667/5667/5667 5643/5643/5643 5668/5668/5668
f 5669/5669/5669 5643/5643/5643 5670/5670/5670
f 5671/5671/5671 5643/5643/5643 5672/5672/5672
f 5673/5673/5673 5643/5643/5643 5674/5674/5674
