# Native 3D geometry in metres. Partial staff head; CPU source, not a render.
o S09
v -0.0154499998316 1.44700000262 0.00400000018999
v -0.0185708515346 1.44829000360 0.00390344741754
v -0.0180500000715 1.44700000262 0.00400000018999
v -0.0215367283672 1.44829000360 0.00390344741754
v -0.0180500000715 1.44700000262 0.00400000018999
v -0.0215367283672 1.44829000360 0.00390344741754
v -0.0182499997318 1.44700000262 0.00380000006407
v -0.0217367280275 1.44829000360 0.00370344752446
v -0.0217367280275 1.44829000360 0.00370344752446
v -0.0182499997318 1.44700000262 -0.00380000006407
v -0.0217367280275 1.44829000360 -0.00370344752446
v -0.0217367280275 1.44829000360 -0.00370344752446
v -0.0180500000715 1.44700000262 -0.00400000018999
v -0.0215367283672 1.44829000360 -0.00390344741754
v -0.0180500000715 1.44700000262 -0.00400000018999
v -0.0215367283672 1.44829000360 -0.00390344741754
v -0.0154499998316 1.44700000262 -0.00400000018999
v -0.0185708515346 1.44829000360 -0.00390344741754
v -0.0154499998316 1.44700000262 -0.00400000018999
v -0.0185708515346 1.44829000360 -0.00390344741754
v -0.0152500001714 1.44700000262 -0.00380000006407
v -0.0183708500117 1.44829000360 -0.00370344752446
v -0.0152500001714 1.44700000262 -0.00380000006407
v -0.0183708500117 1.44829000360 -0.00370344752446
v -0.0152500001714 1.44700000262 0.00380000006407
v -0.0183708500117 1.44829000360 0.00370344752446
v -0.0152500001714 1.44700000262 0.00380000006407
v -0.0183708500117 1.44829000360 0.00370344752446
v -0.0154499998316 1.44700000262 0.00400000018999
v -0.0185708515346 1.44829000360 0.00390344741754
v -0.0209386758506 1.45022500134 0.00346642616205
v -0.0251073427498 1.45022500134 0.00346642616205
v -0.0215367283672 1.44829000360 0.00390344741754
v -0.0251073427498 1.45022500134 0.00346642616205
v -0.0217367280275 1.44829000360 0.00370344752446
v -0.0253073424101 1.45022500134 0.00326642626897
v -0.0253073424101 1.45022500134 0.00326642626897
v -0.0253073424101 1.45022500134 -0.00326642626897
v -0.0217367280275 1.44829000360 -0.00370344752446
v -0.0253073424101 1.45022500134 -0.00326642626897
v -0.0215367283672 1.44829000360 -0.00390344741754
v -0.0251073427498 1.45022500134 -0.00346642616205
v -0.0251073427498 1.45022500134 -0.00346642616205
v -0.0209386758506 1.45022500134 -0.00346642616205
v -0.0185708515346 1.44829000360 -0.00390344741754
v -0.0209386758506 1.45022500134 -0.00346642616205
v -0.0183708500117 1.44829000360 -0.00370344752446
v -0.0207386743277 1.45022500134 -0.00326642626897
v -0.0207386743277 1.45022500134 -0.00326642626897
v -0.0207386743277 1.45022500134 0.00326642626897
v -0.0183708500117 1.44829000360 0.00370344752446
v -0.0207386743277 1.45022500134 0.00326642626897
v -0.0185708515346 1.44829000360 0.00390344741754
v -0.0209386758506 1.45022500134 0.00346642616205
v -0.0209386758506 1.45022500134 0.00346642616205
v -0.0235705245286 1.45345000005 0.00233156629838
v -0.0251073427498 1.45022500134 0.00346642616205
v -0.0302947014570 1.45345000005 0.00233156629838
v -0.0302947014570 1.45345000005 0.00233156629838
v -0.0304947011173 1.45345000005 0.00213156640530
v -0.0304947011173 1.45345000005 0.00213156640530
v -0.0304947011173 1.45345000005 -0.00213156640530
v -0.0304947011173 1.45345000005 -0.00213156640530
v -0.0302947014570 1.45345000005 -0.00233156629838
v -0.0251073427498 1.45022500134 -0.00346642616205
v -0.0302947014570 1.45345000005 -0.00233156629838
v -0.0209386758506 1.45022500134 -0.00346642616205
v -0.0235705245286 1.45345000005 -0.00233156629838
v -0.0209386758506 1.45022500134 -0.00346642616205
v -0.0235705245286 1.45345000005 -0.00233156629838
v -0.0207386743277 1.45022500134 -0.00326642626897
v -0.0233705230057 1.45345000005 -0.00213156640530
v -0.0233705230057 1.45345000005 -0.00213156640530
v -0.0233705230057 1.45345000005 0.00213156640530
v -0.0207386743277 1.45022500134 0.00326642626897
v -0.0233705230057 1.45345000005 0.00213156640530
v -0.0209386758506 1.45022500134 0.00346642616205
v -0.0235705245286 1.45345000005 0.00233156629838
v -0.0235705245286 1.45345000005 0.00233156629838
v -0.0267828293145 1.45774999833 0.00109087454621
v -0.0357829704881 1.45774999833 0.00109087454621
v -0.0357829704881 1.45774999833 0.00109087454621
v -0.0359829738736 1.45774999833 0.000890874594916
v -0.0359829738736 1.45774999833 0.000890874594916
v -0.0359829738736 1.45774999833 -0.000890874594916
v -0.0359829738736 1.45774999833 -0.000890874594916
v -0.0357829704881 1.45774999833 -0.00109087454621
v -0.0357829704881 1.45774999833 -0.00109087454621
v -0.0235705245286 1.45345000005 -0.00233156629838
v -0.0267828293145 1.45774999833 -0.00109087454621
v -0.0235705245286 1.45345000005 -0.00233156629838
v -0.0267828293145 1.45774999833 -0.00109087454621
v -0.0233705230057 1.45345000005 -0.00213156640530
v -0.0265828296542 1.45774999833 -0.000890874594916
v -0.0265828296542 1.45774999833 -0.000890874594916
v -0.0265828296542 1.45774999833 0.000890874594916
v -0.0233705230057 1.45345000005 0.00213156640530
v -0.0265828296542 1.45774999833 0.000890874594916
v -0.0235705245286 1.45345000005 0.00233156629838
v -0.0267828293145 1.45774999833 0.00109087454621
v -0.0267828293145 1.45774999833 0.00109087454621
v -0.0325697846711 1.46420000321 0.00100000004750
v -0.0357829704881 1.45774999833 0.00109087454621
v -0.0411380156875 1.46420000321 0.00100000004750
v -0.0411380156875 1.46420000321 0.00100000004750
v -0.0413380153477 1.46420000321 0.000799999979790
v -0.0413380153477 1.46420000321 0.000799999979790
v -0.0413380153477 1.46420000321 -0.000799999979790
v -0.0413380153477 1.46420000321 -0.000799999979790
v -0.0411380156875 1.46420000321 -0.00100000004750
v -0.0357829704881 1.45774999833 -0.00109087454621
v -0.0411380156875 1.46420000321 -0.00100000004750
v -0.0267828293145 1.45774999833 -0.00109087454621
v -0.0325697846711 1.46420000321 -0.00100000004750
v -0.0325697846711 1.46420000321 -0.00100000004750
v -0.0323697850108 1.46420000321 -0.000799999979790
v -0.0323697850108 1.46420000321 -0.000799999979790
v -0.0323697850108 1.46420000321 0.000799999979790
v -0.0323697850108 1.46420000321 0.000799999979790
v -0.0325697846711 1.46420000321 0.00100000004750
v -0.0391661487520 1.47279999977 0.00100000004750
v -0.0472448505461 1.47279999977 0.00100000004750
v -0.0472448505461 1.47279999977 0.00100000004750
v -0.0474448502064 1.47279999977 0.000799999979790
v -0.0474448502064 1.47279999977 0.000799999979790
v -0.0474448502064 1.47279999977 -0.000799999979790
v -0.0474448502064 1.47279999977 -0.000799999979790
v -0.0472448505461 1.47279999977 -0.00100000004750
v -0.0472448505461 1.47279999977 -0.00100000004750
v -0.0391661487520 1.47279999977 -0.00100000004750
v -0.0391661487520 1.47279999977 -0.00100000004750
v -0.0389661490917 1.47279999977 -0.000799999979790
v -0.0389661490917 1.47279999977 -0.000799999979790
v -0.0389661490917 1.47279999977 0.000799999979790
v -0.0389661490917 1.47279999977 0.000799999979790
v -0.0391661487520 1.47279999977 0.00100000004750
v -0.0473540686071 1.48570000207 0.00100000004750
v -0.0549583323300 1.48570000207 0.00100000004750
v -0.0549583323300 1.48570000207 0.00100000004750
v -0.0551583319902 1.48570000207 0.000799999979790
v -0.0551583319902 1.48570000207 0.000799999979790
v -0.0551583319902 1.48570000207 -0.000799999979790
v -0.0551583319902 1.48570000207 -0.000799999979790
v -0.0549583323300 1.48570000207 -0.00100000004750
v -0.0549583323300 1.48570000207 -0.00100000004750
v -0.0473540686071 1.48570000207 -0.00100000004750
v -0.0473540686071 1.48570000207 -0.00100000004750
v -0.0471540689468 1.48570000207 -0.000799999979790
v -0.0471540689468 1.48570000207 -0.000799999979790
v -0.0471540689468 1.48570000207 0.000799999979790
v -0.0471540689468 1.48570000207 0.000799999979790
v -0.0473540686071 1.48570000207 0.00100000004750
v -0.0549229197204 1.50074999979 0.00100000004750
v -0.0621352866292 1.50074999979 0.00100000004750
v -0.0621352866292 1.50074999979 0.00100000004750
v -0.0623352862895 1.50074999979 0.000799999979790
v -0.0623352862895 1.50074999979 0.000799999979790
v -0.0623352862895 1.50074999979 -0.000799999979790
v -0.0623352862895 1.50074999979 -0.000799999979790
v -0.0621352866292 1.50074999979 -0.00100000004750
v -0.0621352866292 1.50074999979 -0.00100000004750
v -0.0549229197204 1.50074999979 -0.00100000004750
v -0.0549229197204 1.50074999979 -0.00100000004750
v -0.0547229200602 1.50074999979 -0.000799999979790
v -0.0547229200602 1.50074999979 -0.000799999979790
v -0.0547229200602 1.50074999979 0.000799999979790
v -0.0547229200602 1.50074999979 0.000799999979790
v -0.0549229197204 1.50074999979 0.00100000004750
v -0.0612493902445 1.51795000038 0.00100000004750
v -0.0681378245354 1.51795000038 0.00100000004750
v -0.0681378245354 1.51795000038 0.00100000004750
v -0.0683378279209 1.51795000038 0.000799999979790
v -0.0683378279209 1.51795000038 0.000799999979790
v -0.0683378279209 1.51795000038 -0.000799999979790
v -0.0683378279209 1.51795000038 -0.000799999979790
v -0.0681378245354 1.51795000038 -0.00100000004750
v -0.0681378245354 1.51795000038 -0.00100000004750
v -0.0612493902445 1.51795000038 -0.00100000004750
v -0.0612493902445 1.51795000038 -0.00100000004750
v -0.0610493905842 1.51795000038 -0.000799999979790
v -0.0610493905842 1.51795000038 -0.000799999979790
v -0.0610493905842 1.51795000038 0.000799999979790
v -0.0610493905842 1.51795000038 0.000799999979790
v -0.0612493902445 1.51795000038 0.00100000004750
v -0.0654907673597 1.53730000010 0.00100000004750
v -0.0721559226513 1.53730000010 0.00100000004750
v -0.0721559226513 1.53730000010 0.00100000004750
v -0.0723559185863 1.53730000010 0.000799999979790
v -0.0723559185863 1.53730000010 0.000799999979790
v -0.0723559185863 1.53730000010 -0.000799999979790
v -0.0723559185863 1.53730000010 -0.000799999979790
v -0.0721559226513 1.53730000010 -0.00100000004750
v -0.0721559226513 1.53730000010 -0.00100000004750
v -0.0654907673597 1.53730000010 -0.00100000004750
v -0.0654907673597 1.53730000010 -0.00100000004750
v -0.0652907639742 1.53730000010 -0.000799999979790
v -0.0652907639742 1.53730000010 -0.000799999979790
v -0.0652907639742 1.53730000010 0.000799999979790
v -0.0652907639742 1.53730000010 0.000799999979790
v -0.0654907673597 1.53730000010 0.00100000004750
v -0.0666999965906 1.55449999999 0.00100000004750
v -0.0732999965549 1.55449999999 0.00100000004750
v -0.0721559226513 1.53730000010 0.00100000004750
v -0.0732999965549 1.55449999999 0.00100000004750
v -0.0723559185863 1.53730000010 0.000799999979790
v -0.0734999999404 1.55449999999 0.000799999979790
v -0.0723559185863 1.53730000010 0.000799999979790
v -0.0734999999404 1.55449999999 0.000799999979790
v -0.0723559185863 1.53730000010 -0.000799999979790
v -0.0734999999404 1.55449999999 -0.000799999979790
v -0.0723559185863 1.53730000010 -0.000799999979790
v -0.0734999999404 1.55449999999 -0.000799999979790
v -0.0721559226513 1.53730000010 -0.00100000004750
v -0.0732999965549 1.55449999999 -0.00100000004750
v -0.0732999965549 1.55449999999 -0.00100000004750
v -0.0666999965906 1.55449999999 -0.00100000004750
v -0.0654907673597 1.53730000010 -0.00100000004750
v -0.0666999965906 1.55449999999 -0.00100000004750
v -0.0652907639742 1.53730000010 -0.000799999979790
v -0.0665000006557 1.55449999999 -0.000799999979790
v -0.0652907639742 1.53730000010 -0.000799999979790
v -0.0665000006557 1.55449999999 -0.000799999979790
v -0.0652907639742 1.53730000010 0.000799999979790
v -0.0665000006557 1.55449999999 0.000799999979790
v -0.0652907639742 1.53730000010 0.000799999979790
v -0.0665000006557 1.55449999999 0.000799999979790
v -0.0654907673597 1.53730000010 0.00100000004750
v -0.0666999965906 1.55449999999 0.00100000004750
v -0.0654907673597 1.57169999941 0.00100000004750
v -0.0721559226513 1.57169999941 0.00100000004750
v -0.0732999965549 1.55449999999 0.00100000004750
v -0.0721559226513 1.57169999941 0.00100000004750
v -0.0734999999404 1.55449999999 0.000799999979790
v -0.0723559185863 1.57169999941 0.000799999979790
v -0.0734999999404 1.55449999999 0.000799999979790
v -0.0723559185863 1.57169999941 0.000799999979790
v -0.0734999999404 1.55449999999 -0.000799999979790
v -0.0723559185863 1.57169999941 -0.000799999979790
v -0.0734999999404 1.55449999999 -0.000799999979790
v -0.0723559185863 1.57169999941 -0.000799999979790
v -0.0732999965549 1.55449999999 -0.00100000004750
v -0.0721559226513 1.57169999941 -0.00100000004750
v -0.0721559226513 1.57169999941 -0.00100000004750
v -0.0654907673597 1.57169999941 -0.00100000004750
v -0.0666999965906 1.55449999999 -0.00100000004750
v -0.0654907673597 1.57169999941 -0.00100000004750
v -0.0665000006557 1.55449999999 -0.000799999979790
v -0.0652907639742 1.57169999941 -0.000799999979790
v -0.0665000006557 1.55449999999 -0.000799999979790
v -0.0652907639742 1.57169999941 -0.000799999979790
v -0.0665000006557 1.55449999999 0.000799999979790
v -0.0652907639742 1.57169999941 0.000799999979790
v -0.0665000006557 1.55449999999 0.000799999979790
v -0.0652907639742 1.57169999941 0.000799999979790
v -0.0666999965906 1.55449999999 0.00100000004750
v -0.0654907673597 1.57169999941 0.00100000004750
v -0.0612493902445 1.59105000100 0.00100000004750
v -0.0681378245354 1.59105000100 0.00100000004750
v -0.0721559226513 1.57169999941 0.00100000004750
v -0.0681378245354 1.59105000100 0.00100000004750
v -0.0723559185863 1.57169999941 0.000799999979790
v -0.0683378279209 1.59105000100 0.000799999979790
v -0.0723559185863 1.57169999941 0.000799999979790
v -0.0683378279209 1.59105000100 0.000799999979790
v -0.0723559185863 1.57169999941 -0.000799999979790
v -0.0683378279209 1.59105000100 -0.000799999979790
v -0.0723559185863 1.57169999941 -0.000799999979790
v -0.0683378279209 1.59105000100 -0.000799999979790
v -0.0721559226513 1.57169999941 -0.00100000004750
v -0.0681378245354 1.59105000100 -0.00100000004750
v -0.0681378245354 1.59105000100 -0.00100000004750
v -0.0612493902445 1.59105000100 -0.00100000004750
v -0.0654907673597 1.57169999941 -0.00100000004750
v -0.0612493902445 1.59105000100 -0.00100000004750
v -0.0652907639742 1.57169999941 -0.000799999979790
v -0.0610493905842 1.59105000100 -0.000799999979790
v -0.0652907639742 1.57169999941 -0.000799999979790
v -0.0610493905842 1.59105000100 -0.000799999979790
v -0.0652907639742 1.57169999941 0.000799999979790
v -0.0610493905842 1.59105000100 0.000799999979790
v -0.0652907639742 1.57169999941 0.000799999979790
v -0.0610493905842 1.59105000100 0.000799999979790
v -0.0654907673597 1.57169999941 0.00100000004750
v -0.0612493902445 1.59105000100 0.00100000004750
v -0.0549229197204 1.60825000158 0.00100000004750
v -0.0621352866292 1.60825000158 0.00100000004750
v -0.0621352866292 1.60825000158 0.00100000004750
v -0.0623352862895 1.60825000158 0.000799999979790
v -0.0623352862895 1.60825000158 0.000799999979790
v -0.0623352862895 1.60825000158 -0.000799999979790
v -0.0623352862895 1.60825000158 -0.000799999979790
v -0.0621352866292 1.60825000158 -0.00100000004750
v -0.0621352866292 1.60825000158 -0.00100000004750
v -0.0549229197204 1.60825000158 -0.00100000004750
v -0.0549229197204 1.60825000158 -0.00100000004750
v -0.0547229200602 1.60825000158 -0.000799999979790
v -0.0547229200602 1.60825000158 -0.000799999979790
v -0.0547229200602 1.60825000158 0.000799999979790
v -0.0547229200602 1.60825000158 0.000799999979790
v -0.0549229197204 1.60825000158 0.00100000004750
v -0.0473540686071 1.62329999930 0.00100000004750
v -0.0549583323300 1.62329999930 0.00100000004750
v -0.0549583323300 1.62329999930 0.00100000004750
v -0.0551583319902 1.62329999930 0.000799999979790
v -0.0551583319902 1.62329999930 0.000799999979790
v -0.0551583319902 1.62329999930 -0.000799999979790
v -0.0551583319902 1.62329999930 -0.000799999979790
v -0.0549583323300 1.62329999930 -0.00100000004750
v -0.0549583323300 1.62329999930 -0.00100000004750
v -0.0473540686071 1.62329999930 -0.00100000004750
v -0.0473540686071 1.62329999930 -0.00100000004750
v -0.0471540689468 1.62329999930 -0.000799999979790
v -0.0471540689468 1.62329999930 -0.000799999979790
v -0.0471540689468 1.62329999930 0.000799999979790
v -0.0471540689468 1.62329999930 0.000799999979790
v -0.0473540686071 1.62329999930 0.00100000004750
v -0.0391661487520 1.63620000160 0.00100000004750
v -0.0472448505461 1.63620000160 0.00100000004750
v -0.0472448505461 1.63620000160 0.00100000004750
v -0.0474448502064 1.63620000160 0.000799999979790
v -0.0474448502064 1.63620000160 0.000799999979790
v -0.0474448502064 1.63620000160 -0.000799999979790
v -0.0474448502064 1.63620000160 -0.000799999979790
v -0.0472448505461 1.63620000160 -0.00100000004750
v -0.0472448505461 1.63620000160 -0.00100000004750
v -0.0391661487520 1.63620000160 -0.00100000004750
v -0.0391661487520 1.63620000160 -0.00100000004750
v -0.0389661490917 1.63620000160 -0.000799999979790
v -0.0389661490917 1.63620000160 -0.000799999979790
v -0.0389661490917 1.63620000160 0.000799999979790
v -0.0389661490917 1.63620000160 0.000799999979790
v -0.0391661487520 1.63620000160 0.00100000004750
v -0.0325697846711 1.64479999816 0.00100000004750
v -0.0411380156875 1.64479999816 0.00100000004750
v -0.0411380156875 1.64479999816 0.00100000004750
v -0.0413380153477 1.64479999816 0.000799999979790
v -0.0413380153477 1.64479999816 0.000799999979790
v -0.0413380153477 1.64479999816 -0.000799999979790
v -0.0413380153477 1.64479999816 -0.000799999979790
v -0.0411380156875 1.64479999816 -0.00100000004750
v -0.0411380156875 1.64479999816 -0.00100000004750
v -0.0325697846711 1.64479999816 -0.00100000004750
v -0.0325697846711 1.64479999816 -0.00100000004750
v -0.0323697850108 1.64479999816 -0.000799999979790
v -0.0323697850108 1.64479999816 -0.000799999979790
v -0.0323697850108 1.64479999816 0.000799999979790
v -0.0323697850108 1.64479999816 0.000799999979790
v -0.0325697846711 1.64479999816 0.00100000004750
v -0.0267828293145 1.65125000304 0.00109087454621
v -0.0357829704881 1.65125000304 0.00109087454621
v -0.0357829704881 1.65125000304 0.00109087454621
v -0.0359829738736 1.65125000304 0.000890874594916
v -0.0359829738736 1.65125000304 0.000890874594916
v -0.0359829738736 1.65125000304 -0.000890874594916
v -0.0359829738736 1.65125000304 -0.000890874594916
v -0.0357829704881 1.65125000304 -0.00109087454621
v -0.0357829704881 1.65125000304 -0.00109087454621
v -0.0267828293145 1.65125000304 -0.00109087454621
v -0.0267828293145 1.65125000304 -0.00109087454621
v -0.0265828296542 1.65125000304 -0.000890874594916
v -0.0265828296542 1.65125000304 -0.000890874594916
v -0.0265828296542 1.65125000304 0.000890874594916
v -0.0265828296542 1.65125000304 0.000890874594916
v -0.0267828293145 1.65125000304 0.00109087454621
v -0.0267828293145 1.65125000304 0.00109087454621
v -0.0235705245286 1.65555000132 0.00233156629838
v -0.0302947014570 1.65555000132 0.00233156629838
v -0.0302947014570 1.65555000132 0.00233156629838
v -0.0304947011173 1.65555000132 0.00213156640530
v -0.0304947011173 1.65555000132 0.00213156640530
v -0.0304947011173 1.65555000132 -0.00213156640530
v -0.0304947011173 1.65555000132 -0.00213156640530
v -0.0302947014570 1.65555000132 -0.00233156629838
v -0.0302947014570 1.65555000132 -0.00233156629838
v -0.0267828293145 1.65125000304 -0.00109087454621
v -0.0235705245286 1.65555000132 -0.00233156629838
v -0.0235705245286 1.65555000132 -0.00233156629838
v -0.0233705230057 1.65555000132 -0.00213156640530
v -0.0233705230057 1.65555000132 -0.00213156640530
v -0.0233705230057 1.65555000132 0.00213156640530
v -0.0233705230057 1.65555000132 0.00213156640530
v -0.0235705245286 1.65555000132 0.00233156629838
v -0.0235705245286 1.65555000132 0.00233156629838
v -0.0209386758506 1.65877500004 0.00346642616205
v -0.0251073427498 1.65877500004 0.00346642616205
v -0.0251073427498 1.65877500004 0.00346642616205
v -0.0253073424101 1.65877500004 0.00326642626897
v -0.0253073424101 1.65877500004 0.00326642626897
v -0.0253073424101 1.65877500004 -0.00326642626897
v -0.0253073424101 1.65877500004 -0.00326642626897
v -0.0251073427498 1.65877500004 -0.00346642616205
v -0.0251073427498 1.65877500004 -0.00346642616205
v -0.0235705245286 1.65555000132 -0.00233156629838
v -0.0209386758506 1.65877500004 -0.00346642616205
v -0.0235705245286 1.65555000132 -0.00233156629838
v -0.0209386758506 1.65877500004 -0.00346642616205
v -0.0233705230057 1.65555000132 -0.00213156640530
v -0.0207386743277 1.65877500004 -0.00326642626897
v -0.0207386743277 1.65877500004 -0.00326642626897
v -0.0207386743277 1.65877500004 0.00326642626897
v -0.0233705230057 1.65555000132 0.00213156640530
v -0.0207386743277 1.65877500004 0.00326642626897
v -0.0235705245286 1.65555000132 0.00233156629838
v -0.0209386758506 1.65877500004 0.00346642616205
v -0.0209386758506 1.65877500004 0.00346642616205
v -0.0185708515346 1.66070999777 0.00390344741754
v -0.0251073427498 1.65877500004 0.00346642616205
v -0.0215367283672 1.66070999777 0.00390344741754
v -0.0215367283672 1.66070999777 0.00390344741754
v -0.0217367280275 1.66070999777 0.00370344752446
v -0.0217367280275 1.66070999777 0.00370344752446
v -0.0217367280275 1.66070999777 -0.00370344752446
v -0.0217367280275 1.66070999777 -0.00370344752446
v -0.0215367283672 1.66070999777 -0.00390344741754
v -0.0251073427498 1.65877500004 -0.00346642616205
v -0.0215367283672 1.66070999777 -0.00390344741754
v -0.0209386758506 1.65877500004 -0.00346642616205
v -0.0185708515346 1.66070999777 -0.00390344741754
v -0.0209386758506 1.65877500004 -0.00346642616205
v -0.0185708515346 1.66070999777 -0.00390344741754
v -0.0207386743277 1.65877500004 -0.00326642626897
v -0.0183708500117 1.66070999777 -0.00370344752446
v -0.0183708500117 1.66070999777 -0.00370344752446
v -0.0183708500117 1.66070999777 0.00370344752446
v -0.0207386743277 1.65877500004 0.00326642626897
v -0.0183708500117 1.66070999777 0.00370344752446
v -0.0209386758506 1.65877500004 0.00346642616205
v -0.0185708515346 1.66070999777 0.00390344741754
v -0.0154499998316 1.66199999875 0.00400000018999
v -0.0180500000715 1.66199999875 0.00400000018999
v -0.0215367283672 1.66070999777 0.00390344741754
v -0.0180500000715 1.66199999875 0.00400000018999
v -0.0217367280275 1.66070999777 0.00370344752446
v -0.0182499997318 1.66199999875 0.00380000006407
v -0.0182499997318 1.66199999875 -0.00380000006407
v -0.0217367280275 1.66070999777 -0.00370344752446
v -0.0215367283672 1.66070999777 -0.00390344741754
v -0.0180500000715 1.66199999875 -0.00400000018999
v -0.0180500000715 1.66199999875 -0.00400000018999
v -0.0154499998316 1.66199999875 -0.00400000018999
v -0.0185708515346 1.66070999777 -0.00390344741754
v -0.0154499998316 1.66199999875 -0.00400000018999
v -0.0183708500117 1.66070999777 -0.00370344752446
v -0.0152500001714 1.66199999875 -0.00380000006407
v -0.0152500001714 1.66199999875 -0.00380000006407
v -0.0152500001714 1.66199999875 0.00380000006407
v -0.0183708500117 1.66070999777 0.00370344752446
v -0.0152500001714 1.66199999875 0.00380000006407
v -0.0185708515346 1.66070999777 0.00390344741754
v -0.0154499998316 1.66199999875 0.00400000018999
v -0.0154499998316 1.44700000262 0.00400000018999
v -0.0154499998316 1.66199999875 0.00400000018999
v -0.0154499998316 1.44700000262 -0.00400000018999
v -0.0154499998316 1.66199999875 -0.00400000018999
v -0.0152500001714 1.44700000262 -0.00380000006407
v -0.0152500001714 1.66199999875 -0.00380000006407
v -0.0152500001714 1.44700000262 0.00380000006407
v -0.0152500001714 1.66199999875 0.00380000006407
vt 0 0
vt 0 0.006000000052154064
vt 0.125 0
vt 0.125 0.006000000052154064
vt 0.125 0
vt 0.125 0.006000000052154064
vt 0.25 0
vt 0.25 0.006000000052154064
vt 0.25 0.006000000052154064
vt 0.375 0
vt 0.375 0.006000000052154064
vt 0.375 0.006000000052154064
vt 0.5 0
vt 0.5 0.006000000052154064
vt 0.5 0
vt 0.5 0.006000000052154064
vt 0.625 0
vt 0.625 0.006000000052154064
vt 0.625 0
vt 0.625 0.006000000052154064
vt 0.75 0
vt 0.75 0.006000000052154064
vt 0.75 0
vt 0.75 0.006000000052154064
vt 0.875 0
vt 0.875 0.006000000052154064
vt 0.875 0
vt 0.875 0.006000000052154064
vt 0 0
vt 0 0.006000000052154064
vt 0 0.014999999664723873
vt 0.125 0.014999999664723873
vt 0.125 0.006000000052154064
vt 0.125 0.014999999664723873
vt 0.25 0.006000000052154064
vt 0.25 0.014999999664723873
vt 0.25 0.014999999664723873
vt 0.375 0.014999999664723873
vt 0.375 0.006000000052154064
vt 0.375 0.014999999664723873
vt 0.5 0.006000000052154064
vt 0.5 0.014999999664723873
vt 0.5 0.014999999664723873
vt 0.625 0.014999999664723873
vt 0.625 0.006000000052154064
vt 0.625 0.014999999664723873
vt 0.75 0.006000000052154064
vt 0.75 0.014999999664723873
vt 0.75 0.014999999664723873
vt 0.875 0.014999999664723873
vt 0.875 0.006000000052154064
vt 0.875 0.014999999664723873
vt 0 0.006000000052154064
vt 0 0.014999999664723873
vt 0 0.014999999664723873
vt 0 0.029999999329447746
vt 0.125 0.014999999664723873
vt 0.125 0.029999999329447746
vt 0.125 0.029999999329447746
vt 0.25 0.029999999329447746
vt 0.25 0.029999999329447746
vt 0.375 0.029999999329447746
vt 0.375 0.029999999329447746
vt 0.5 0.029999999329447746
vt 0.5 0.014999999664723873
vt 0.5 0.029999999329447746
vt 0.625 0.014999999664723873
vt 0.625 0.029999999329447746
vt 0.625 0.014999999664723873
vt 0.625 0.029999999329447746
vt 0.75 0.014999999664723873
vt 0.75 0.029999999329447746
vt 0.75 0.029999999329447746
vt 0.875 0.029999999329447746
vt 0.875 0.014999999664723873
vt 0.875 0.029999999329447746
vt 0 0.014999999664723873
vt 0 0.029999999329447746
vt 0 0.029999999329447746
vt 0 0.05000000074505806
vt 0.125 0.05000000074505806
vt 0.125 0.05000000074505806
vt 0.25 0.05000000074505806
vt 0.25 0.05000000074505806
vt 0.375 0.05000000074505806
vt 0.375 0.05000000074505806
vt 0.5 0.05000000074505806
vt 0.5 0.05000000074505806
vt 0.625 0.029999999329447746
vt 0.625 0.05000000074505806
vt 0.625 0.029999999329447746
vt 0.625 0.05000000074505806
vt 0.75 0.029999999329447746
vt 0.75 0.05000000074505806
vt 0.75 0.05000000074505806
vt 0.875 0.05000000074505806
vt 0.875 0.029999999329447746
vt 0.875 0.05000000074505806
vt 0 0.029999999329447746
vt 0 0.05000000074505806
vt 0 0.05000000074505806
vt 0 0.07999999821186066
vt 0.125 0.05000000074505806
vt 0.125 0.07999999821186066
vt 0.125 0.07999999821186066
vt 0.25 0.07999999821186066
vt 0.25 0.07999999821186066
vt 0.375 0.07999999821186066
vt 0.375 0.07999999821186066
vt 0.5 0.07999999821186066
vt 0.5 0.05000000074505806
vt 0.5 0.07999999821186066
vt 0.625 0.05000000074505806
vt 0.625 0.07999999821186066
vt 0.625 0.07999999821186066
vt 0.75 0.07999999821186066
vt 0.75 0.07999999821186066
vt 0.875 0.07999999821186066
vt 0.875 0.07999999821186066
vt 0 0.07999999821186066
vt 0 0.11999999731779099
vt 0.125 0.11999999731779099
vt 0.125 0.11999999731779099
vt 0.25 0.11999999731779099
vt 0.25 0.11999999731779099
vt 0.375 0.11999999731779099
vt 0.375 0.11999999731779099
vt 0.5 0.11999999731779099
vt 0.5 0.11999999731779099
vt 0.625 0.11999999731779099
vt 0.625 0.11999999731779099
vt 0.75 0.11999999731779099
vt 0.75 0.11999999731779099
vt 0.875 0.11999999731779099
vt 0.875 0.11999999731779099
vt 0 0.11999999731779099
vt 0 0.18000000715255737
vt 0.125 0.18000000715255737
vt 0.125 0.18000000715255737
vt 0.25 0.18000000715255737
vt 0.25 0.18000000715255737
vt 0.375 0.18000000715255737
vt 0.375 0.18000000715255737
vt 0.5 0.18000000715255737
vt 0.5 0.18000000715255737
vt 0.625 0.18000000715255737
vt 0.625 0.18000000715255737
vt 0.75 0.18000000715255737
vt 0.75 0.18000000715255737
vt 0.875 0.18000000715255737
vt 0.875 0.18000000715255737
vt 0 0.18000000715255737
vt 0 0.25
vt 0.125 0.25
vt 0.125 0.25
vt 0.25 0.25
vt 0.25 0.25
vt 0.375 0.25
vt 0.375 0.25
vt 0.5 0.25
vt 0.5 0.25
vt 0.625 0.25
vt 0.625 0.25
vt 0.75 0.25
vt 0.75 0.25
vt 0.875 0.25
vt 0.875 0.25
vt 0 0.25
vt 0 0.33000001311302185
vt 0.125 0.33000001311302185
vt 0.125 0.33000001311302185
vt 0.25 0.33000001311302185
vt 0.25 0.33000001311302185
vt 0.375 0.33000001311302185
vt 0.375 0.33000001311302185
vt 0.5 0.33000001311302185
vt 0.5 0.33000001311302185
vt 0.625 0.33000001311302185
vt 0.625 0.33000001311302185
vt 0.75 0.33000001311302185
vt 0.75 0.33000001311302185
vt 0.875 0.33000001311302185
vt 0.875 0.33000001311302185
vt 0 0.33000001311302185
vt 0 0.41999998688697815
vt 0.125 0.41999998688697815
vt 0.125 0.41999998688697815
vt 0.25 0.41999998688697815
vt 0.25 0.41999998688697815
vt 0.375 0.41999998688697815
vt 0.375 0.41999998688697815
vt 0.5 0.41999998688697815
vt 0.5 0.41999998688697815
vt 0.625 0.41999998688697815
vt 0.625 0.41999998688697815
vt 0.75 0.41999998688697815
vt 0.75 0.41999998688697815
vt 0.875 0.41999998688697815
vt 0.875 0.41999998688697815
vt 0 0.41999998688697815
vt 0 0.5
vt 0.125 0.5
vt 0.125 0.41999998688697815
vt 0.125 0.5
vt 0.25 0.41999998688697815
vt 0.25 0.5
vt 0.25 0.41999998688697815
vt 0.25 0.5
vt 0.375 0.41999998688697815
vt 0.375 0.5
vt 0.375 0.41999998688697815
vt 0.375 0.5
vt 0.5 0.41999998688697815
vt 0.5 0.5
vt 0.5 0.5
vt 0.625 0.5
vt 0.625 0.41999998688697815
vt 0.625 0.5
vt 0.75 0.41999998688697815
vt 0.75 0.5
vt 0.75 0.41999998688697815
vt 0.75 0.5
vt 0.875 0.41999998688697815
vt 0.875 0.5
vt 0.875 0.41999998688697815
vt 0.875 0.5
vt 0 0.41999998688697815
vt 0 0.5
vt 0 0.5799999833106995
vt 0.125 0.5799999833106995
vt 0.125 0.5
vt 0.125 0.5799999833106995
vt 0.25 0.5
vt 0.25 0.5799999833106995
vt 0.25 0.5
vt 0.25 0.5799999833106995
vt 0.375 0.5
vt 0.375 0.5799999833106995
vt 0.375 0.5
vt 0.375 0.5799999833106995
vt 0.5 0.5
vt 0.5 0.5799999833106995
vt 0.5 0.5799999833106995
vt 0.625 0.5799999833106995
vt 0.625 0.5
vt 0.625 0.5799999833106995
vt 0.75 0.5
vt 0.75 0.5799999833106995
vt 0.75 0.5
vt 0.75 0.5799999833106995
vt 0.875 0.5
vt 0.875 0.5799999833106995
vt 0.875 0.5
vt 0.875 0.5799999833106995
vt 0 0.5
vt 0 0.5799999833106995
vt 0 0.6700000166893005
vt 0.125 0.6700000166893005
vt 0.125 0.5799999833106995
vt 0.125 0.6700000166893005
vt 0.25 0.5799999833106995
vt 0.25 0.6700000166893005
vt 0.25 0.5799999833106995
vt 0.25 0.6700000166893005
vt 0.375 0.5799999833106995
vt 0.375 0.6700000166893005
vt 0.375 0.5799999833106995
vt 0.375 0.6700000166893005
vt 0.5 0.5799999833106995
vt 0.5 0.6700000166893005
vt 0.5 0.6700000166893005
vt 0.625 0.6700000166893005
vt 0.625 0.5799999833106995
vt 0.625 0.6700000166893005
vt 0.75 0.5799999833106995
vt 0.75 0.6700000166893005
vt 0.75 0.5799999833106995
vt 0.75 0.6700000166893005
vt 0.875 0.5799999833106995
vt 0.875 0.6700000166893005
vt 0.875 0.5799999833106995
vt 0.875 0.6700000166893005
vt 0 0.5799999833106995
vt 0 0.6700000166893005
vt 0 0.75
vt 0.125 0.75
vt 0.125 0.75
vt 0.25 0.75
vt 0.25 0.75
vt 0.375 0.75
vt 0.375 0.75
vt 0.5 0.75
vt 0.5 0.75
vt 0.625 0.75
vt 0.625 0.75
vt 0.75 0.75
vt 0.75 0.75
vt 0.875 0.75
vt 0.875 0.75
vt 0 0.75
vt 0 0.8199999928474426
vt 0.125 0.8199999928474426
vt 0.125 0.8199999928474426
vt 0.25 0.8199999928474426
vt 0.25 0.8199999928474426
vt 0.375 0.8199999928474426
vt 0.375 0.8199999928474426
vt 0.5 0.8199999928474426
vt 0.5 0.8199999928474426
vt 0.625 0.8199999928474426
vt 0.625 0.8199999928474426
vt 0.75 0.8199999928474426
vt 0.75 0.8199999928474426
vt 0.875 0.8199999928474426
vt 0.875 0.8199999928474426
vt 0 0.8199999928474426
vt 0 0.8799999952316284
vt 0.125 0.8799999952316284
vt 0.125 0.8799999952316284
vt 0.25 0.8799999952316284
vt 0.25 0.8799999952316284
vt 0.375 0.8799999952316284
vt 0.375 0.8799999952316284
vt 0.5 0.8799999952316284
vt 0.5 0.8799999952316284
vt 0.625 0.8799999952316284
vt 0.625 0.8799999952316284
vt 0.75 0.8799999952316284
vt 0.75 0.8799999952316284
vt 0.875 0.8799999952316284
vt 0.875 0.8799999952316284
vt 0 0.8799999952316284
vt 0 0.9200000166893005
vt 0.125 0.9200000166893005
vt 0.125 0.9200000166893005
vt 0.25 0.9200000166893005
vt 0.25 0.9200000166893005
vt 0.375 0.9200000166893005
vt 0.375 0.9200000166893005
vt 0.5 0.9200000166893005
vt 0.5 0.9200000166893005
vt 0.625 0.9200000166893005
vt 0.625 0.9200000166893005
vt 0.75 0.9200000166893005
vt 0.75 0.9200000166893005
vt 0.875 0.9200000166893005
vt 0.875 0.9200000166893005
vt 0 0.9200000166893005
vt 0 0.949999988079071
vt 0.125 0.949999988079071
vt 0.125 0.949999988079071
vt 0.25 0.949999988079071
vt 0.25 0.949999988079071
vt 0.375 0.949999988079071
vt 0.375 0.949999988079071
vt 0.5 0.949999988079071
vt 0.5 0.949999988079071
vt 0.625 0.949999988079071
vt 0.625 0.949999988079071
vt 0.75 0.949999988079071
vt 0.75 0.949999988079071
vt 0.875 0.949999988079071
vt 0.875 0.949999988079071
vt 0 0.949999988079071
vt 0 0.949999988079071
vt 0 0.9700000286102295
vt 0.125 0.9700000286102295
vt 0.125 0.9700000286102295
vt 0.25 0.9700000286102295
vt 0.25 0.9700000286102295
vt 0.375 0.9700000286102295
vt 0.375 0.9700000286102295
vt 0.5 0.9700000286102295
vt 0.5 0.9700000286102295
vt 0.625 0.949999988079071
vt 0.625 0.9700000286102295
vt 0.625 0.9700000286102295
vt 0.75 0.9700000286102295
vt 0.75 0.9700000286102295
vt 0.875 0.9700000286102295
vt 0.875 0.9700000286102295
vt 0 0.9700000286102295
vt 0 0.9700000286102295
vt 0 0.9850000143051147
vt 0.125 0.9850000143051147
vt 0.125 0.9850000143051147
vt 0.25 0.9850000143051147
vt 0.25 0.9850000143051147
vt 0.375 0.9850000143051147
vt 0.375 0.9850000143051147
vt 0.5 0.9850000143051147
vt 0.5 0.9850000143051147
vt 0.625 0.9700000286102295
vt 0.625 0.9850000143051147
vt 0.625 0.9700000286102295
vt 0.625 0.9850000143051147
vt 0.75 0.9700000286102295
vt 0.75 0.9850000143051147
vt 0.75 0.9850000143051147
vt 0.875 0.9850000143051147
vt 0.875 0.9700000286102295
vt 0.875 0.9850000143051147
vt 0 0.9700000286102295
vt 0 0.9850000143051147
vt 0 0.9850000143051147
vt 0 0.9940000176429749
vt 0.125 0.9850000143051147
vt 0.125 0.9940000176429749
vt 0.125 0.9940000176429749
vt 0.25 0.9940000176429749
vt 0.25 0.9940000176429749
vt 0.375 0.9940000176429749
vt 0.375 0.9940000176429749
vt 0.5 0.9940000176429749
vt 0.5 0.9850000143051147
vt 0.5 0.9940000176429749
vt 0.625 0.9850000143051147
vt 0.625 0.9940000176429749
vt 0.625 0.9850000143051147
vt 0.625 0.9940000176429749
vt 0.75 0.9850000143051147
vt 0.75 0.9940000176429749
vt 0.75 0.9940000176429749
vt 0.875 0.9940000176429749
vt 0.875 0.9850000143051147
vt 0.875 0.9940000176429749
vt 0 0.9850000143051147
vt 0 0.9940000176429749
vt 0 1
vt 0.125 1
vt 0.125 0.9940000176429749
vt 0.125 1
vt 0.25 0.9940000176429749
vt 0.25 1
vt 0.375 1
vt 0.375 0.9940000176429749
vt 0.5 0.9940000176429749
vt 0.5 1
vt 0.5 1
vt 0.625 1
vt 0.625 0.9940000176429749
vt 0.625 1
vt 0.75 0.9940000176429749
vt 0.75 1
vt 0.75 1
vt 0.875 1
vt 0.875 0.9940000176429749
vt 0.875 1
vt 0 0.9940000176429749
vt 0 1
vt 0 0
vt 0 1
vt 0.625 0
vt 0.625 1
vt 0.75 0
vt 0.75 1
vt 0.875 0
vt 0.875 1
vn -1.21862272338e-16 0.0990649557124 0.995080968841
vn -1.21862272338e-16 0.0990649557124 0.995080968841
vn -1.21862272338e-16 0.0990649557124 0.995080968841
vn -1.18246064445e-16 0.260208726169 0.965552390513
vn -0.116134236701 -0.993233526954 6.79156012111e-10
vn -0.460923365016 -0.871017976088 0.169933330792
vn -0.116134236701 -0.993233526954 6.79156012111e-10
vn -0.460923365016 -0.871017976088 0.169933330792
vn -0.489482364660 -0.872013196395 -5.37622885925e-10
vn -0.116134236701 -0.993233526954 6.79156012111e-10
vn -0.489482364660 -0.872013196395 -5.37622885925e-10
vn -0.460923365016 -0.871017976088 -0.169933330792
vn -0.116134236701 -0.993233526954 6.79156012111e-10
vn -0.460923365016 -0.871017976088 -0.169933330792
vn 1.21527298396e-16 0.123490945537 -0.992345699023
vn 1.18772026588e-16 0.243713794891 -0.969847197336
vn 1.21527298396e-16 0.123490945537 -0.992345699023
vn 1.21527298396e-16 0.123490945537 -0.992345699023
vn 0.433212049587 0.898937420200 -0.0651063334641
vn 0.433212049587 0.898937420200 -0.0651063334641
vn 0.433212049587 0.898937420200 -0.0651063334641
vn 0.433212049587 0.898937420200 -0.0651063334641
vn 0.448410008737 0.893827983487 -1.51234631126e-13
vn 0.448410008737 0.893827983487 -1.51234631126e-13
vn 0.448410008737 0.893827983487 -1.51234631126e-13
vn 0.448410008737 0.893827983487 -1.51234631126e-13
vn 0.433212049587 0.898937420200 0.0651063334641
vn 0.433212049587 0.898937420200 0.0651063334641
vn 0.433212049587 0.898937420200 0.0651063334641
vn 0.433212049587 0.898937420200 0.0651063334641
vn -1.18246064445e-16 0.260208726169 0.965552390513
vn -1.18246064445e-16 0.260208726169 0.965552390513
vn -0.468144662752 -0.852686657305 0.231875050815
vn -0.468144662752 -0.852686657305 0.231875050815
vn -0.468144662752 -0.852686657305 0.231875050815
vn -0.468144662752 -0.852686657305 0.231875050815
vn -0.489482364660 -0.872013196395 -5.37622885925e-10
vn -0.489482364660 -0.872013196395 -5.37622885925e-10
vn -0.468144662752 -0.852686657305 -0.231875050815
vn -0.468144662752 -0.852686657305 -0.231875050815
vn -0.468144662752 -0.852686657305 -0.231875050815
vn -0.468144662752 -0.852686657305 -0.231875050815
vn 1.18772026588e-16 0.243713794891 -0.969847197336
vn 1.18772026588e-16 0.243713794891 -0.969847197336
vn 0.444477191426 0.872111958326 -0.204599018685
vn 0.673132058036 0.683526869606 -0.282283989930
vn 0.444477191426 0.872111958326 -0.204599018685
vn 0.673132058036 0.683526869606 -0.282283989930
vn 0.683071590567 0.730351423740 -2.68185589760e-9
vn 0.683071590567 0.730351423740 -2.68185589760e-9
vn 0.444477191426 0.872111958326 0.204599018685
vn 0.673132063699 0.683526875356 0.282283962503
vn 0.444477191426 0.872111958326 0.204599018685
vn 0.673132063699 0.683526875356 0.282283962503
vn 0.257646716138 0.450179170925 0.854960164995
vn 0.257646716138 0.450179170925 0.854960164995
vn 0.257646716138 0.450179170925 0.854960164995
vn -1.16993019926e-16 0.295571872328 0.955320505531
vn -0.590447715055 -0.753000903815 0.290449883180
vn -0.590447715055 -0.753000903815 0.290449883180
vn -0.633064864331 -0.774098751807 1.03026306428e-8
vn -0.633064864331 -0.774098751807 1.03026306428e-8
vn -0.590447720166 -0.753000910333 -0.290449855892
vn -0.590447720166 -0.753000910333 -0.290449855892
vn 0.258389885301 0.441086462729 -0.859463437018
vn 1.16278153730e-16 0.313817926183 -0.949483180054
vn 0.258389885301 0.441086462729 -0.859463437018
vn 0.258389885301 0.441086462729 -0.859463437018
vn 0.613766659102 0.676113414430 -0.407628677847
vn 0.613766659102 0.676113414430 -0.407628677847
vn 0.613766659102 0.676113414430 -0.407628677847
vn 0.613766659102 0.676113414430 -0.407628677847
vn 0.683071590567 0.730351423740 -2.68185589760e-9
vn 0.683071590567 0.730351423740 -2.68185589760e-9
vn 0.598952349108 0.672692413726 0.434443321981
vn 0.598952349108 0.672692413726 0.434443321981
vn 0.598952349108 0.672692413726 0.434443321981
vn 0.598952349108 0.672692413726 0.434443321981
vn 0.120210476665 0.343140066941 0.931560162179
vn 0.420378644148 0.477065729479 0.771809617264
vn 0.337088290885 0.313150230794 0.887867342063
vn -0.681547763520 -0.660440685843 0.315136076202
vn -0.681547763520 -0.660440685843 0.315136076202
vn -0.726055630310 -0.687635965970 -1.77016058038e-8
vn -0.726055630310 -0.687635965970 -1.77016058038e-8
vn -0.681547822268 -0.660440625407 -0.315136075806
vn -0.681547822268 -0.660440625407 -0.315136075806
vn 0.335655204629 0.334734759923 -0.880504528157
vn 0.120470512755 0.329777737459 -0.936340482641
vn 0.425062619316 0.450375787646 -0.785164581195
vn 0.585583398886 0.666130375408 -0.461911686265
vn 0.682779149317 0.627563431662 -0.374134698335
vn 0.585583398886 0.666130375408 -0.461911686265
vn 0.682779149317 0.627563431662 -0.374134698335
vn 0.739153982274 0.673536480444 5.24175601628e-9
vn 0.739153982274 0.673536480444 5.24175601628e-9
vn 0.584952045876 0.667488682173 0.460749349643
vn 0.652000956278 0.621503822893 0.434312964510
vn 0.584952045876 0.667488682173 0.460749349643
vn 0.652000956278 0.621503822893 0.434312964510
vn -1.20209634183e-16 0.191019951505 0.981586154205
vn -1.22273344034e-16 0.0558776435007 0.998437623969
vn -1.22273344034e-16 0.0558776435007 0.998437623969
vn -1.22463329592e-16 0.00469599059150 0.999988973775
vn -0.749573295347 -0.573969606412 0.329694958740
vn -0.749573295347 -0.573969606412 0.329694958740
vn -0.794368107377 -0.607436671582 7.25868750644e-9
vn -0.794368107377 -0.607436671582 7.25868750644e-9
vn -0.749573295347 -0.573969606412 -0.329694958740
vn -0.749573295347 -0.573969606412 -0.329694958740
vn 1.21876152260e-16 0.0979198208623 -0.995194306999
vn 1.22459278533e-16 0.00939198119402 -0.999955894372
vn 1.21818271889e-16 0.102609860684 -0.994721677903
vn 1.21876152260e-16 0.0979198208623 -0.995194306999
vn 0.664406662654 0.598272686130 -0.447921398966
vn 0.664406662654 0.598272686130 -0.447921398966
vn 0.767730512744 0.640772861318 2.22663822505e-10
vn 0.767730512744 0.640772861318 2.22663822505e-10
vn 0.696270569346 0.603600130764 0.388425252016
vn 0.696270569346 0.603600130764 0.388425252016
vn -1.22464679915e-16 0.00000000000 1.00000000000
vn -1.22464679915e-16 0.00000000000 1.00000000000
vn -0.787001934430 -0.513785916054 0.341543537003
vn -0.787001934430 -0.513785916054 0.341543537003
vn -0.837316642155 -0.546718246238 -1.17158102044e-16
vn -0.837316642155 -0.546718246238 -1.17158102044e-16
vn -0.787001934430 -0.513785916054 -0.341543537003
vn -0.787001934430 -0.513785916054 -0.341543537003
vn 1.22464679915e-16 0.00000000000 -1.00000000000
vn 1.22464679915e-16 0.00000000000 -1.00000000000
vn 0.771735371161 0.539579928622 -0.336567998370
vn 0.771735371161 0.539579928622 -0.336567998370
vn 0.819494254396 0.573087399104 1.14900675460e-16
vn 0.819494254396 0.573087399104 1.14900675460e-16
vn 0.771735371161 0.539579928622 0.336567998370
vn 0.771735371161 0.539579928622 0.336567998370
vn -1.22464679915e-16 0.00000000000 1.00000000000
vn -1.22464679915e-16 0.00000000000 1.00000000000
vn -0.824434237999 -0.442036727357 0.353428520189
vn -0.824434237999 -0.442036727357 0.353428520189
vn -0.881270952338 -0.472611371599 -1.07924565096e-16
vn -0.881270952338 -0.472611371599 -1.07924565096e-16
vn -0.824434237999 -0.442036727357 -0.353428520189
vn -0.824434237999 -0.442036727357 -0.353428520189
vn 1.22464679915e-16 0.00000000000 -1.00000000000
vn 1.22464679915e-16 0.00000000000 -1.00000000000
vn 0.814650882204 0.462151670172 -0.350370909010
vn 0.814650882204 0.462151670172 -0.350370909010
vn 0.869734468594 0.493519963263 1.21275031386e-16
vn 0.869734468594 0.493519963263 1.21275031386e-16
vn 0.814650882204 0.462151670172 0.350370909010
vn 0.814650882204 0.462151670172 0.350370909010
vn -1.22464679915e-16 0.00000000000 1.00000000000
vn -1.22464679915e-16 0.00000000000 1.00000000000
vn -0.861016059501 -0.354541937632 0.364624957651
vn -0.861016059501 -0.354541937632 0.364624957651
vn -0.924638916929 -0.380844946535 1.65304889978e-9
vn -0.924638916929 -0.380844946535 1.65304889978e-9
vn -0.861016059501 -0.354541937632 -0.364624957651
vn -0.861016059501 -0.354541937632 -0.364624957651
vn 1.22464679915e-16 0.00000000000 -1.00000000000
vn 1.22464679915e-16 0.00000000000 -1.00000000000
vn 0.854834542576 0.371018254639 -0.362771773356
vn 0.854834542576 0.371018254639 -0.362771773356
vn 0.917280896578 0.398240827606 1.27311684841e-16
vn 0.917280896578 0.398240827606 1.27311684841e-16
vn 0.854834542576 0.371018254639 0.362771773356
vn 0.854834542576 0.371018254639 0.362771773356
vn -1.22464679915e-16 0.00000000000 1.00000000000
vn -1.22464679915e-16 0.00000000000 1.00000000000
vn -0.893596947648 -0.247788295276 0.374279916477
vn -0.893596947648 -0.247788295276 0.374279916477
vn -0.963611996322 -0.267304920538 -3.54574883650e-9
vn -0.963611996322 -0.267304920538 -3.54574883650e-9
vn -0.893596957547 -0.247788253317 -0.374279920623
vn -0.893596957547 -0.247788253317 -0.374279920623
vn 1.22464679915e-16 0.00000000000 -1.00000000000
vn 1.22464679915e-16 0.00000000000 -1.00000000000
vn 0.890418783330 0.260285292598 -0.373371071121
vn 0.890418783330 0.260285292598 -0.373371071121
vn 0.959800314650 0.280683729484 9.83944499928e-10
vn 0.959800314650 0.280683729484 9.83944499928e-10
vn 0.890418783330 0.260285292598 0.373371071121
vn 0.890418783330 0.260285292598 0.373371071121
vn -1.22464679915e-16 0.00000000000 1.00000000000
vn -1.22464679915e-16 0.00000000000 1.00000000000
vn -0.916169642078 -0.125107422290 0.380764126228
vn -0.916169642078 -0.125107422290 0.380764126228
vn -0.986509749168 -0.163702519211 2.66674184140e-9
vn -0.986509749168 -0.163702519211 2.66674184140e-9
vn -0.916169636955 -0.125107466294 -0.380764124098
vn -0.916169636955 -0.125107466294 -0.380764124098
vn 1.22464679915e-16 0.00000000000 -1.00000000000
vn 1.22464679915e-16 0.00000000000 -1.00000000000
vn 0.915303088935 0.131920021561 -0.380548765991
vn 0.915303088935 0.131920021561 -0.380548765991
vn 0.985006164017 0.172519149223 -1.40195988676e-9
vn 0.985006164017 0.172519149223 -1.40195988676e-9
vn 0.915303085337 0.131920050845 0.380548764494
vn 0.915303085337 0.131920050845 0.380548764494
vn -1.22464679915e-16 0.00000000000 1.00000000000
vn -1.22464679915e-16 0.00000000000 1.00000000000
vn -0.859493561740 -0.0924766221419 0.502711539239
vn -0.862511484181 -0.0237486167537 0.505479913408
vn -0.859493561740 -0.0924766221419 0.502711539239
vn -0.862511484181 -0.0237486167537 0.505479913408
vn -0.990797270514 -0.135354234300 2.58849571267e-9
vn -0.999620173792 -0.0275591753868 -9.92604651291e-10
vn -0.990797270514 -0.135354234300 2.58849571267e-9
vn -0.999620173792 -0.0275591753868 -9.92604651291e-10
vn -0.859493555818 -0.0924766960105 -0.502711535775
vn -0.862511485669 -0.0237485441515 -0.505479914280
vn -0.859493555818 -0.0924766960105 -0.502711535775
vn -0.862511485669 -0.0237485441515 -0.505479914280
vn 1.22464679915e-16 0.00000000000 -1.00000000000
vn 1.22464679915e-16 0.00000000000 -1.00000000000
vn 0.859105481363 0.0976007894194 -0.502406068630
vn 0.862473476145 0.0250980068316 -0.505479567341
vn 0.859105481363 0.0976007894194 -0.502406068630
vn 0.862473476145 0.0250980068316 -0.505479567341
vn 0.989763497159 0.142717271878 -1.73255497617e-9
vn 0.999575640911 0.0291296772780 1.04895018762e-9
vn 0.989763497159 0.142717271878 -1.73255497617e-9
vn 0.999575640911 0.0291296772780 1.04895018762e-9
vn 0.859105476990 0.0976008410766 0.502406066072
vn 0.862473477758 0.0250979323727 0.505479568286
vn 0.859105476990 0.0976008410766 0.502406066072
vn 0.862473477758 0.0250979323727 0.505479568286
vn -1.22464679915e-16 0.00000000000 1.00000000000
vn -1.22464679915e-16 0.00000000000 1.00000000000
vn -0.862511485669 0.0237485441515 0.505479914280
vn -0.859493556411 0.0924766886237 0.502711536122
vn -0.862511485669 0.0237485441515 0.505479914280
vn -0.859493556411 0.0924766886237 0.502711536122
vn -0.999620173741 0.0275591772480 9.92604517426e-10
vn -0.990797272512 0.135354219671 -2.58849551648e-9
vn -0.999620173741 0.0275591772480 9.92604517426e-10
vn -0.990797272512 0.135354219671 -2.58849551648e-9
vn -0.862511484181 0.0237486167537 -0.505479913408
vn -0.859493561740 0.0924766221419 -0.502711539239
vn -0.862511484181 0.0237486167537 -0.505479913408
vn -0.859493561740 0.0924766221419 -0.502711539239
vn 1.22464679915e-16 0.00000000000 -1.00000000000
vn 1.22464679915e-16 0.00000000000 -1.00000000000
vn 0.862473477718 -0.0250979342342 -0.505479568263
vn 0.859105476990 -0.0976008410766 -0.502406066072
vn 0.862473477718 -0.0250979342342 -0.505479568263
vn 0.859105476990 -0.0976008410766 -0.502406066072
vn 0.999575640856 -0.0291296791390 -1.04895005376e-9
vn 0.989763497159 -0.142717271878 1.73255510757e-9
vn 0.999575640856 -0.0291296791390 -1.04895005376e-9
vn 0.989763497159 -0.142717271878 1.73255510757e-9
vn 0.862473476145 -0.0250980068316 0.505479567341
vn 0.859105481363 -0.0976007894194 0.502406068630
vn 0.862473476145 -0.0250980068316 0.505479567341
vn 0.859105481363 -0.0976007894194 0.502406068630
vn -1.22464679915e-16 0.00000000000 1.00000000000
vn -1.22464679915e-16 0.00000000000 1.00000000000
vn -0.916169636955 0.125107466294 0.380764124098
vn -0.893596957547 0.247788253317 0.374279920623
vn -0.916169636955 0.125107466294 0.380764124098
vn -0.893596957547 0.247788253317 0.374279920623
vn -0.986509751575 0.163702504709 -2.66674164544e-9
vn -0.963611996322 0.267304920538 3.54574837844e-9
vn -0.986509751575 0.163702504709 -2.66674164544e-9
vn -0.963611996322 0.267304920538 3.54574837844e-9
vn -0.916169643786 0.125107407622 -0.380764126937
vn -0.893596950948 0.247788281290 -0.374279917859
vn -0.916169643786 0.125107407622 -0.380764126937
vn -0.893596950948 0.247788281290 -0.374279917859
vn 1.22464679915e-16 0.00000000000 -1.00000000000
vn 1.22464679915e-16 0.00000000000 -1.00000000000
vn 0.915303085337 -0.131920050845 -0.380548764494
vn 0.890418790237 -0.260285264814 -0.373371074017
vn 0.915303085337 -0.131920050845 -0.380548764494
vn 0.890418790237 -0.260285264814 -0.373371074017
vn 0.985006166549 -0.172519134766 1.40195990958e-9
vn 0.959800314650 -0.280683729484 -9.83944153823e-10
vn 0.985006166549 -0.172519134766 1.40195990958e-9
vn 0.959800314650 -0.280683729484 -9.83944153823e-10
vn 0.915303090734 -0.131920006920 0.380548766739
vn 0.890418783330 -0.260285292598 0.373371071121
vn 0.915303090734 -0.131920006920 0.380548766739
vn 0.890418783330 -0.260285292598 0.373371071121
vn -1.22464679915e-16 0.00000000000 1.00000000000
vn -1.22464679915e-16 0.00000000000 1.00000000000
vn -0.861016059501 0.354541937632 0.364624957651
vn -0.861016059501 0.354541937632 0.364624957651
vn -0.924638916929 0.380844946535 -1.65304912625e-9
vn -0.924638916929 0.380844946535 -1.65304912625e-9
vn -0.861016059501 0.354541937632 -0.364624957651
vn -0.861016059501 0.354541937632 -0.364624957651
vn 1.22464679915e-16 0.00000000000 -1.00000000000
vn 1.22464679915e-16 0.00000000000 -1.00000000000
vn 0.854834542576 -0.371018254639 -0.362771773356
vn 0.854834542576 -0.371018254639 -0.362771773356
vn 0.917280896578 -0.398240827606 9.73573379421e-17
vn 0.917280896578 -0.398240827606 9.73573379421e-17
vn 0.854834542576 -0.371018254639 0.362771773356
vn 0.854834542576 -0.371018254639 0.362771773356
vn -1.22464679915e-16 0.00000000000 1.00000000000
vn -1.22464679915e-16 0.00000000000 1.00000000000
vn -0.824434237999 0.442036727357 0.353428520189
vn -0.824434237999 0.442036727357 0.353428520189
vn -0.881270952338 0.472611371599 -1.07924565096e-16
vn -0.881270952338 0.472611371599 -1.07924565096e-16
vn -0.824434237999 0.442036727357 -0.353428520189
vn -0.824434237999 0.442036727357 -0.353428520189
vn 1.22464679915e-16 0.00000000000 -1.00000000000
vn 1.22464679915e-16 0.00000000000 -1.00000000000
vn 0.814650882204 -0.462151670172 -0.350370909010
vn 0.814650882204 -0.462151670172 -0.350370909010
vn 0.869734468594 -0.493519963263 1.21275031386e-16
vn 0.869734468594 -0.493519963263 1.21275031386e-16
vn 0.814650882204 -0.462151670172 0.350370909010
vn 0.814650882204 -0.462151670172 0.350370909010
vn -1.22464342341e-16 -0.00234797570200 0.999997243501
vn -1.22463329592e-16 -0.00469599059150 0.999988973775
vn -0.768741180794 0.544297926753 0.335822518429
vn -0.768741180794 0.544297926753 0.335822518429
vn -0.816271897050 0.577667889091 -3.65469285233e-9
vn -0.816271897050 0.577667889091 -3.65469285233e-9
vn -0.768741180794 0.544297926753 -0.335822518429
vn -0.768741180794 0.544297926753 -0.335822518429
vn 1.22464342341e-16 -0.00234797570200 -0.999997243501
vn 1.22463329592e-16 -0.00469599059150 -0.999988973775
vn 0.750176541977 -0.573491925625 -0.329153713501
vn 0.750176541977 -0.573491925625 -0.329153713501
vn 0.794129473911 -0.607748614697 -1.12310991334e-10
vn 0.794129473911 -0.607748614697 -1.12310991334e-10
vn 0.750176541977 -0.573491925625 0.329153713501
vn 0.750176541977 -0.573491925625 0.329153713501
vn -1.22464342341e-16 -0.00234797570200 0.999997243501
vn -1.22463329592e-16 -0.00469599059150 0.999988973775
vn -0.768741180794 0.544297926753 0.335822518429
vn -0.768741180794 0.544297926753 0.335822518429
vn -0.816271897050 0.577667889091 -3.65469285233e-9
vn -0.816271897050 0.577667889091 -3.65469285233e-9
vn -0.768741180794 0.544297926753 -0.335822518429
vn -0.768741180794 0.544297926753 -0.335822518429
vn 1.22464342341e-16 -0.00234797570200 -0.999997243501
vn 1.22463329592e-16 -0.00469599059150 -0.999988973775
vn 0.750176541977 -0.573491925625 -0.329153713501
vn 0.750176541977 -0.573491925625 -0.329153713501
vn 0.794129473911 -0.607748614697 -1.12310991334e-10
vn 0.794129473911 -0.607748614697 -1.12310991334e-10
vn 0.750176541977 -0.573491925625 0.329153713501
vn 0.750176541977 -0.573491925625 0.329153713501
vn -1.19979639527e-16 -0.200429609552 0.979708105312
vn -1.18475281306e-16 -0.253161279659 0.967424088227
vn -0.637194523885 0.708469937997 0.303403173493
vn -0.637194523885 0.708469937997 0.303403173493
vn -0.680416656928 0.732825472384 3.55122663222e-9
vn -0.680416656928 0.732825472384 3.55122663222e-9
vn -0.637194496978 0.708469967684 -0.303403160681
vn -0.637194496978 0.708469967684 -0.303403160681
vn 1.19979639527e-16 -0.200429609552 -0.979708105312
vn 1.18475281306e-16 -0.253161279659 -0.967424088227
vn 0.632932598102 -0.627503568683 -0.453470613766
vn 0.632932598102 -0.627503568683 -0.453470613766
vn 0.728838242923 -0.684685924825 1.09229551707e-10
vn 0.728838242923 -0.684685924825 1.09229551707e-10
vn 0.648746420278 -0.629893590652 0.427038811623
vn 0.648746420278 -0.629893590652 0.427038811623
vn 0.378421508635 -0.462404123835 0.801860080103
vn 0.378421508635 -0.462404123835 0.801860080103
vn -1.18475281306e-16 -0.253161279659 0.967424088227
vn -0.637194523885 0.708469937997 0.303403173493
vn -0.637194523885 0.708469937997 0.303403173493
vn -0.680416656928 0.732825472384 3.55122663222e-9
vn -0.680416656928 0.732825472384 3.55122663222e-9
vn -0.637194496978 0.708469967684 -0.303403160681
vn -0.637194496978 0.708469967684 -0.303403160681
vn 1.19979639527e-16 -0.200429609552 -0.979708105312
vn 0.375555812822 -0.481831281748 -0.791704772869
vn 0.375555812822 -0.481831281748 -0.791704772869
vn 0.632932598102 -0.627503568683 -0.453470613766
vn 0.632932598102 -0.627503568683 -0.453470613766
vn 0.728838242923 -0.684685924825 1.09229551707e-10
vn 0.728838242923 -0.684685924825 1.09229551707e-10
vn 0.648746420278 -0.629893590652 0.427038811623
vn 0.648746420278 -0.629893590652 0.427038811623
vn 0.412054591823 -0.498186520813 0.762903141846
vn 0.145980789134 -0.351352718749 0.924792342222
vn 0.145980789134 -0.351352718749 0.924792342222
vn -0.468144662752 0.852686657305 0.231875050815
vn -0.468144662752 0.852686657305 0.231875050815
vn -0.489482364660 0.872013196395 5.37622766036e-10
vn -0.489482364660 0.872013196395 5.37622766036e-10
vn -0.468144662752 0.852686657305 -0.231875050815
vn -0.468144662752 0.852686657305 -0.231875050815
vn 0.145565557643 -0.363317050434 -0.920223553976
vn 0.409149616291 -0.513682483791 -0.754139839376
vn 0.145565557643 -0.363317050434 -0.920223553976
vn 0.678238029749 -0.637613709511 -0.365297046861
vn 0.554459750275 -0.700534164429 -0.449250787191
vn 0.678238029749 -0.637613709511 -0.365297046861
vn 0.554459750275 -0.700534164429 -0.449250787191
vn 0.646634289547 -0.762800167529 5.85931018067e-17
vn 0.646634289547 -0.762800167529 5.85931018067e-17
vn 0.693963334940 -0.638182865688 0.333372943864
vn 0.554459750275 -0.700534164429 0.449250787191
vn 0.693963334940 -0.638182865688 0.333372943864
vn 0.554459750275 -0.700534164429 0.449250787191
vn -1.19290626784e-16 -0.226195651891 0.974081889302
vn -1.21527298396e-16 -0.123490945537 0.992345699023
vn -1.19290626784e-16 -0.226195651891 0.974081889302
vn -1.19290626784e-16 -0.226195651891 0.974081889302
vn -0.468144662752 0.852686657305 0.231875050815
vn -0.468144662752 0.852686657305 0.231875050815
vn -0.489482364660 0.872013196395 5.37622766036e-10
vn -0.489482364660 0.872013196395 5.37622766036e-10
vn -0.468144662752 0.852686657305 -0.231875050815
vn -0.468144662752 0.852686657305 -0.231875050815
vn 1.18821319448e-16 -0.242106405789 -0.970249704084
vn 1.18821319448e-16 -0.242106405789 -0.970249704084
vn 1.18821319448e-16 -0.242106405789 -0.970249704084
vn 1.21862272338e-16 -0.0990649557124 -0.995080968841
vn 0.638585439438 -0.720180918752 -0.271197494096
vn 0.444477191426 -0.872111958326 -0.204599018685
vn 0.638585439438 -0.720180918752 -0.271197494096
vn 0.444477191426 -0.872111958326 -0.204599018685
vn 0.448410008737 -0.893827983487 1.51326895827e-13
vn 0.448410008737 -0.893827983487 1.51326895827e-13
vn 0.638585439438 -0.720180918752 0.271197494096
vn 0.444477191426 -0.872111958326 0.204599018685
vn 0.638585439438 -0.720180918752 0.271197494096
vn 0.444477191426 -0.872111958326 0.204599018685
vn -1.21527298396e-16 -0.123490945537 0.992345699023
vn -1.21527298396e-16 -0.123490945537 0.992345699023
vn -0.460923365016 0.871017976088 0.169933330792
vn -0.116134236701 0.993233526954 -6.79156040555e-10
vn -0.460923365016 0.871017976088 0.169933330792
vn -0.116134236701 0.993233526954 -6.79156040555e-10
vn -0.116134236701 0.993233526954 -6.79156040555e-10
vn -0.460923365016 0.871017976088 -0.169933330792
vn -0.460923365016 0.871017976088 -0.169933330792
vn -0.116134236701 0.993233526954 -6.79156040555e-10
vn 1.21862272338e-16 -0.0990649557124 -0.995080968841
vn 1.21862272338e-16 -0.0990649557124 -0.995080968841
vn 0.433212049587 -0.898937420200 -0.0651063334641
vn 0.433212049587 -0.898937420200 -0.0651063334641
vn 0.433212049587 -0.898937420200 -0.0651063334641
vn 0.433212049587 -0.898937420200 -0.0651063334641
vn 0.448410008737 -0.893827983487 1.51326895827e-13
vn 0.448410008737 -0.893827983487 1.51326895827e-13
vn 0.433212049587 -0.898937420200 0.0651063334641
vn 0.433212049587 -0.898937420200 0.0651063334641
vn 0.433212049587 -0.898937420200 0.0651063334641
vn 0.433212049587 -0.898937420200 0.0651063334641
vn -0.116134236701 -0.993233526954 6.79156012111e-10
vn -0.116134236701 0.993233526954 -6.79156040555e-10
vn -0.116134236701 -0.993233526954 6.79156012111e-10
vn -0.116134236701 0.993233526954 -6.79156040555e-10
vn -0.116134236701 -0.993233526954 6.79156012111e-10
vn -0.116134236701 0.993233526954 -6.79156040555e-10
vn -0.116134236701 -0.993233526954 6.79156012111e-10
vn -0.116134236701 0.993233526954 -6.79156040555e-10
f 1/1/1 2/2/2 3/3/3
f 3/3/3 2/2/2 4/4/4
f 5/5/5 6/6/6 7/7/7
f 7/7/7 6/6/6 8/8/8
f 7/7/7 9/9/9 10/10/10
f 10/10/10 9/9/9 11/11/11
f 10/10/10 12/12/12 13/13/13
f 13/13/13 12/12/12 14/14/14
f 15/15/15 16/16/16 17/17/17
f 17/17/17 16/16/16 18/18/18
f 19/19/19 20/20/20 21/21/21
f 21/21/21 20/20/20 22/22/22
f 23/23/23 24/24/24 25/25/25
f 25/25/25 24/24/24 26/26/26
f 27/27/27 28/28/28 29/29/29
f 29/29/29 28/28/28 30/30/30
f 2/2/2 31/31/31 4/4/4
f 4/4/4 31/31/31 32/32/32
f 33/33/33 34/34/34 35/35/35
f 35/35/35 34/34/34 36/36/36
f 9/9/9 37/37/37 11/11/11
f 11/11/11 37/37/37 38/38/38
f 39/39/39 40/40/40 41/41/41
f 41/41/41 40/40/40 42/42/42
f 16/16/16 43/43/43 18/18/18
f 18/18/18 43/43/43 44/44/44
f 45/45/45 46/46/46 47/47/47
f 47/47/47 46/46/46 48/48/48
f 24/24/24 49/49/49 26/26/26
f 26/26/26 49/49/49 50/50/50
f 51/51/51 52/52/52 53/53/53
f 53/53/53 52/52/52 54/54/54
f 55/55/55 56/56/56 57/57/57
f 57/57/57 56/56/56 58/58/58
f 34/34/34 59/59/59 36/36/36
f 36/36/36 59/59/59 60/60/60
f 37/37/37 61/61/61 38/38/38
f 38/38/38 61/61/61 62/62/62
f 40/40/40 63/63/63 42/42/42
f 42/42/42 63/63/63 64/64/64
f 65/65/65 66/66/66 67/67/67
f 67/67/67 66/66/66 68/68/68
f 69/69/69 70/70/70 71/71/71
f 71/71/71 70/70/70 72/72/72
f 49/49/49 73/73/73 50/50/50
f 50/50/50 73/73/73 74/74/74
f 75/75/75 76/76/76 77/77/77
f 77/77/77 76/76/76 78/78/78
f 79/79/79 80/80/80 58/58/58
f 58/58/58 80/80/80 81/81/81
f 59/59/59 82/82/82 60/60/60
f 60/60/60 82/82/82 83/83/83
f 61/61/61 84/84/84 62/62/62
f 62/62/62 84/84/84 85/85/85
f 63/63/63 86/86/86 64/64/64
f 64/64/64 86/86/86 87/87/87
f 66/66/66 88/88/88 89/89/89
f 89/89/89 88/88/88 90/90/90
f 91/91/91 92/92/92 93/93/93
f 93/93/93 92/92/92 94/94/94
f 73/73/73 95/95/95 74/74/74
f 74/74/74 95/95/95 96/96/96
f 97/97/97 98/98/98 99/99/99
f 99/99/99 98/98/98 100/100/100
f 101/101/101 102/102/102 103/103/103
f 103/103/103 102/102/102 104/104/104
f 82/82/82 105/105/105 83/83/83
f 83/83/83 105/105/105 106/106/106
f 84/84/84 107/107/107 85/85/85
f 85/85/85 107/107/107 108/108/108
f 86/86/86 109/109/109 87/87/87
f 87/87/87 109/109/109 110/110/110
f 111/111/111 112/112/112 113/113/113
f 113/113/113 112/112/112 114/114/114
f 92/92/92 115/115/115 94/94/94
f 94/94/94 115/115/115 116/116/116
f 95/95/95 117/117/117 96/96/96
f 96/96/96 117/117/117 118/118/118
f 98/98/98 119/119/119 100/100/100
f 100/100/100 119/119/119 120/120/120
f 102/102/102 121/121/121 104/104/104
f 104/104/104 121/121/121 122/122/122
f 105/105/105 123/123/123 106/106/106
f 106/106/106 123/123/123 124/124/124
f 107/107/107 125/125/125 108/108/108
f 108/108/108 125/125/125 126/126/126
f 109/109/109 127/127/127 110/110/110
f 110/110/110 127/127/127 128/128/128
f 112/112/112 129/129/129 114/114/114
f 114/114/114 129/129/129 130/130/130
f 115/115/115 131/131/131 116/116/116
f 116/116/116 131/131/131 132/132/132
f 117/117/117 133/133/133 118/118/118
f 118/118/118 133/133/133 134/134/134
f 119/119/119 135/135/135 120/120/120
f 120/120/120 135/135/135 136/136/136
f 121/121/121 137/137/137 122/122/122
f 122/122/122 137/137/137 138/138/138
f 123/123/123 139/139/139 124/124/124
f 124/124/124 139/139/139 140/140/140
f 125/125/125 141/141/141 126/126/126
f 126/126/126 141/141/141 142/142/142
f 127/127/127 143/143/143 128/128/128
f 128/128/128 143/143/143 144/144/144
f 129/129/129 145/145/145 130/130/130
f 130/130/130 145/145/145 146/146/146
f 131/131/131 147/147/147 132/132/132
f 132/132/132 147/147/147 148/148/148
f 133/133/133 149/149/149 134/134/134
f 134/134/134 149/149/149 150/150/150
f 135/135/135 151/151/151 136/136/136
f 136/136/136 151/151/151 152/152/152
f 137/137/137 153/153/153 138/138/138
f 138/138/138 153/153/153 154/154/154
f 139/139/139 155/155/155 140/140/140
f 140/140/140 155/155/155 156/156/156
f 141/141/141 157/157/157 142/142/142
f 142/142/142 157/157/157 158/158/158
f 143/143/143 159/159/159 144/144/144
f 144/144/144 159/159/159 160/160/160
f 145/145/145 161/161/161 146/146/146
f 146/146/146 161/161/161 162/162/162
f 147/147/147 163/163/163 148/148/148
f 148/148/148 163/163/163 164/164/164
f 149/149/149 165/165/165 150/150/150
f 150/150/150 165/165/165 166/166/166
f 151/151/151 167/167/167 152/152/152
f 152/152/152 167/167/167 168/168/168
f 153/153/153 169/169/169 154/154/154
f 154/154/154 169/169/169 170/170/170
f 155/155/155 171/171/171 156/156/156
f 156/156/156 171/171/171 172/172/172
f 157/157/157 173/173/173 158/158/158
f 158/158/158 173/173/173 174/174/174
f 159/159/159 175/175/175 160/160/160
f 160/160/160 175/175/175 176/176/176
f 161/161/161 177/177/177 162/162/162
f 162/162/162 177/177/177 178/178/178
f 163/163/163 179/179/179 164/164/164
f 164/164/164 179/179/179 180/180/180
f 165/165/165 181/181/181 166/166/166
f 166/166/166 181/181/181 182/182/182
f 167/167/167 183/183/183 168/168/168
f 168/168/168 183/183/183 184/184/184
f 169/169/169 185/185/185 170/170/170
f 170/170/170 185/185/185 186/186/186
f 171/171/171 187/187/187 172/172/172
f 172/172/172 187/187/187 188/188/188
f 173/173/173 189/189/189 174/174/174
f 174/174/174 189/189/189 190/190/190
f 175/175/175 191/191/191 176/176/176
f 176/176/176 191/191/191 192/192/192
f 177/177/177 193/193/193 178/178/178
f 178/178/178 193/193/193 194/194/194
f 179/179/179 195/195/195 180/180/180
f 180/180/180 195/195/195 196/196/196
f 181/181/181 197/197/197 182/182/182
f 182/182/182 197/197/197 198/198/198
f 183/183/183 199/199/199 184/184/184
f 184/184/184 199/199/199 200/200/200
f 185/185/185 201/201/201 186/186/186
f 186/186/186 201/201/201 202/202/202
f 203/203/203 204/204/204 205/205/205
f 205/205/205 204/204/204 206/206/206
f 207/207/207 208/208/208 209/209/209
f 209/209/209 208/208/208 210/210/210
f 211/211/211 212/212/212 213/213/213
f 213/213/213 212/212/212 214/214/214
f 193/193/193 215/215/215 194/194/194
f 194/194/194 215/215/215 216/216/216
f 217/217/217 218/218/218 219/219/219
f 219/219/219 218/218/218 220/220/220
f 221/221/221 222/222/222 223/223/223
f 223/223/223 222/222/222 224/224/224
f 225/225/225 226/226/226 227/227/227
f 227/227/227 226/226/226 228/228/228
f 201/201/201 229/229/229 202/202/202
f 202/202/202 229/229/229 230/230/230
f 231/231/231 232/232/232 233/233/233
f 233/233/233 232/232/232 234/234/234
f 235/235/235 236/236/236 237/237/237
f 237/237/237 236/236/236 238/238/238
f 239/239/239 240/240/240 241/241/241
f 241/241/241 240/240/240 242/242/242
f 215/215/215 243/243/243 216/216/216
f 216/216/216 243/243/243 244/244/244
f 245/245/245 246/246/246 247/247/247
f 247/247/247 246/246/246 248/248/248
f 249/249/249 250/250/250 251/251/251
f 251/251/251 250/250/250 252/252/252
f 253/253/253 254/254/254 255/255/255
f 255/255/255 254/254/254 256/256/256
f 229/229/229 257/257/257 230/230/230
f 230/230/230 257/257/257 258/258/258
f 259/259/259 260/260/260 261/261/261
f 261/261/261 260/260/260 262/262/262
f 263/263/263 264/264/264 265/265/265
f 265/265/265 264/264/264 266/266/266
f 267/267/267 268/268/268 269/269/269
f 269/269/269 268/268/268 270/270/270
f 243/243/243 271/271/271 244/244/244
f 244/244/244 271/271/271 272/272/272
f 273/273/273 274/274/274 275/275/275
f 275/275/275 274/274/274 276/276/276
f 277/277/277 278/278/278 279/279/279
f 279/279/279 278/278/278 280/280/280
f 281/281/281 282/282/282 283/283/283
f 283/283/283 282/282/282 284/284/284
f 257/257/257 285/285/285 258/258/258
f 258/258/258 285/285/285 286/286/286
f 260/260/260 287/287/287 262/262/262
f 262/262/262 287/287/287 288/288/288
f 264/264/264 289/289/289 266/266/266
f 266/266/266 289/289/289 290/290/290
f 268/268/268 291/291/291 270/270/270
f 270/270/270 291/291/291 292/292/292
f 271/271/271 293/293/293 272/272/272
f 272/272/272 293/293/293 294/294/294
f 274/274/274 295/295/295 276/276/276
f 276/276/276 295/295/295 296/296/296
f 278/278/278 297/297/297 280/280/280
f 280/280/280 297/297/297 298/298/298
f 282/282/282 299/299/299 284/284/284
f 284/284/284 299/299/299 300/300/300
f 285/285/285 301/301/301 286/286/286
f 286/286/286 301/301/301 302/302/302
f 287/287/287 303/303/303 288/288/288
f 288/288/288 303/303/303 304/304/304
f 289/289/289 305/305/305 290/290/290
f 290/290/290 305/305/305 306/306/306
f 291/291/291 307/307/307 292/292/292
f 292/292/292 307/307/307 308/308/308
f 293/293/293 309/309/309 294/294/294
f 294/294/294 309/309/309 310/310/310
f 295/295/295 311/311/311 296/296/296
f 296/296/296 311/311/311 312/312/312
f 297/297/297 313/313/313 298/298/298
f 298/298/298 313/313/313 314/314/314
f 299/299/299 315/315/315 300/300/300
f 300/300/300 315/315/315 316/316/316
f 301/301/301 317/317/317 302/302/302
f 302/302/302 317/317/317 318/318/318
f 303/303/303 319/319/319 304/304/304
f 304/304/304 319/319/319 320/320/320
f 305/305/305 321/321/321 306/306/306
f 306/306/306 321/321/321 322/322/322
f 307/307/307 323/323/323 308/308/308
f 308/308/308 323/323/323 324/324/324
f 309/309/309 325/325/325 310/310/310
f 310/310/310 325/325/325 326/326/326
f 311/311/311 327/327/327 312/312/312
f 312/312/312 327/327/327 328/328/328
f 313/313/313 329/329/329 314/314/314
f 314/314/314 329/329/329 330/330/330
f 315/315/315 331/331/331 316/316/316
f 316/316/316 331/331/331 332/332/332
f 317/317/317 333/333/333 318/318/318
f 318/318/318 333/333/333 334/334/334
f 319/319/319 335/335/335 320/320/320
f 320/320/320 335/335/335 336/336/336
f 321/321/321 337/337/337 322/322/322
f 322/322/322 337/337/337 338/338/338
f 323/323/323 339/339/339 324/324/324
f 324/324/324 339/339/339 340/340/340
f 325/325/325 341/341/341 326/326/326
f 326/326/326 341/341/341 342/342/342
f 327/327/327 343/343/343 328/328/328
f 328/328/328 343/343/343 344/344/344
f 329/329/329 345/345/345 330/330/330
f 330/330/330 345/345/345 346/346/346
f 331/331/331 347/347/347 332/332/332
f 332/332/332 347/347/347 348/348/348
f 333/333/333 349/349/349 334/334/334
f 334/334/334 349/349/349 350/350/350
f 335/335/335 351/351/351 336/336/336
f 336/336/336 351/351/351 352/352/352
f 337/337/337 353/353/353 338/338/338
f 338/338/338 353/353/353 354/354/354
f 339/339/339 355/355/355 340/340/340
f 340/340/340 355/355/355 356/356/356
f 341/341/341 357/357/357 342/342/342
f 342/342/342 357/357/357 358/358/358
f 343/343/343 359/359/359 344/344/344
f 344/344/344 359/359/359 360/360/360
f 345/345/345 361/361/361 346/346/346
f 346/346/346 361/361/361 362/362/362
f 347/347/347 363/363/363 348/348/348
f 348/348/348 363/363/363 364/364/364
f 365/365/365 366/366/366 350/350/350
f 350/350/350 366/366/366 367/367/367
f 351/351/351 368/368/368 352/352/352
f 352/352/352 368/368/368 369/369/369
f 353/353/353 370/370/370 354/354/354
f 354/354/354 370/370/370 371/371/371
f 355/355/355 372/372/372 356/356/356
f 356/356/356 372/372/372 373/373/373
f 357/357/357 374/374/374 375/375/375
f 375/375/375 374/374/374 376/376/376
f 359/359/359 377/377/377 360/360/360
f 360/360/360 377/377/377 378/378/378
f 361/361/361 379/379/379 362/362/362
f 362/362/362 379/379/379 380/380/380
f 363/363/363 381/381/381 364/364/364
f 364/364/364 381/381/381 382/382/382
f 383/383/383 384/384/384 367/367/367
f 367/367/367 384/384/384 385/385/385
f 368/368/368 386/386/386 369/369/369
f 369/369/369 386/386/386 387/387/387
f 370/370/370 388/388/388 371/371/371
f 371/371/371 388/388/388 389/389/389
f 372/372/372 390/390/390 373/373/373
f 373/373/373 390/390/390 391/391/391
f 374/374/374 392/392/392 393/393/393
f 393/393/393 392/392/392 394/394/394
f 395/395/395 396/396/396 397/397/397
f 397/397/397 396/396/396 398/398/398
f 379/379/379 399/399/399 380/380/380
f 380/380/380 399/399/399 400/400/400
f 401/401/401 402/402/402 403/403/403
f 403/403/403 402/402/402 404/404/404
f 405/405/405 406/406/406 407/407/407
f 407/407/407 406/406/406 408/408/408
f 386/386/386 409/409/409 387/387/387
f 387/387/387 409/409/409 410/410/410
f 388/388/388 411/411/411 389/389/389
f 389/389/389 411/411/411 412/412/412
f 390/390/390 413/413/413 391/391/391
f 391/391/391 413/413/413 414/414/414
f 415/415/415 416/416/416 417/417/417
f 417/417/417 416/416/416 418/418/418
f 419/419/419 420/420/420 421/421/421
f 421/421/421 420/420/420 422/422/422
f 399/399/399 423/423/423 400/400/400
f 400/400/400 423/423/423 424/424/424
f 425/425/425 426/426/426 427/427/427
f 427/427/427 426/426/426 428/428/428
f 406/406/406 429/429/429 408/408/408
f 408/408/408 429/429/429 430/430/430
f 431/431/431 432/432/432 433/433/433
f 433/433/433 432/432/432 434/434/434
f 411/411/411 434/434/434 412/412/412
f 412/412/412 434/434/434 435/435/435
f 436/436/436 435/435/435 437/437/437
f 437/437/437 435/435/435 438/438/438
f 416/416/416 439/439/439 418/418/418
f 418/418/418 439/439/439 440/440/440
f 441/441/441 442/442/442 443/443/443
f 443/443/443 442/442/442 444/444/444
f 423/423/423 445/445/445 424/424/424
f 424/424/424 445/445/445 446/446/446
f 447/447/447 448/448/448 449/449/449
f 449/449/449 448/448/448 450/450/450
f 451/451/451 5/5/5 7/7/7
f 452/452/452 434/434/434 432/432/432
f 451/451/451 7/7/7 10/10/10
f 452/452/452 435/435/435 434/434/434
f 451/451/451 10/10/10 13/13/13
f 452/452/452 438/438/438 435/435/435
f 451/451/451 13/13/13 453/453/453
f 452/452/452 454/454/454 438/438/438
f 451/451/451 453/453/453 455/455/455
f 452/452/452 456/456/456 454/454/454
f 451/451/451 455/455/455 457/457/457
f 452/452/452 458/458/458 456/456/456
o S10
v 0.0154499998316 1.44700000262 -0.00400000018999
v 0.0185708515346 1.44829000360 -0.00390344741754
v 0.0180500000715 1.44700000262 -0.00400000018999
v 0.0215367283672 1.44829000360 -0.00390344741754
v 0.0180500000715 1.44700000262 -0.00400000018999
v 0.0215367283672 1.44829000360 -0.00390344741754
v 0.0182499997318 1.44700000262 -0.00380000006407
v 0.0217367280275 1.44829000360 -0.00370344752446
v 0.0217367280275 1.44829000360 -0.00370344752446
v 0.0182499997318 1.44700000262 0.00380000006407
v 0.0217367280275 1.44829000360 0.00370344752446
v 0.0217367280275 1.44829000360 0.00370344752446
v 0.0180500000715 1.44700000262 0.00400000018999
v 0.0215367283672 1.44829000360 0.00390344741754
v 0.0180500000715 1.44700000262 0.00400000018999
v 0.0215367283672 1.44829000360 0.00390344741754
v 0.0154499998316 1.44700000262 0.00400000018999
v 0.0185708515346 1.44829000360 0.00390344741754
v 0.0154499998316 1.44700000262 0.00400000018999
v 0.0185708515346 1.44829000360 0.00390344741754
v 0.0152500001714 1.44700000262 0.00380000006407
v 0.0183708500117 1.44829000360 0.00370344752446
v 0.0152500001714 1.44700000262 0.00380000006407
v 0.0183708500117 1.44829000360 0.00370344752446
v 0.0152500001714 1.44700000262 -0.00380000006407
v 0.0183708500117 1.44829000360 -0.00370344752446
v 0.0152500001714 1.44700000262 -0.00380000006407
v 0.0183708500117 1.44829000360 -0.00370344752446
v 0.0154499998316 1.44700000262 -0.00400000018999
v 0.0185708515346 1.44829000360 -0.00390344741754
v 0.0209386758506 1.45022500134 -0.00346642616205
v 0.0251073427498 1.45022500134 -0.00346642616205
v 0.0215367283672 1.44829000360 -0.00390344741754
v 0.0251073427498 1.45022500134 -0.00346642616205
v 0.0217367280275 1.44829000360 -0.00370344752446
v 0.0253073424101 1.45022500134 -0.00326642626897
v 0.0253073424101 1.45022500134 -0.00326642626897
v 0.0253073424101 1.45022500134 0.00326642626897
v 0.0217367280275 1.44829000360 0.00370344752446
v 0.0253073424101 1.45022500134 0.00326642626897
v 0.0215367283672 1.44829000360 0.00390344741754
v 0.0251073427498 1.45022500134 0.00346642616205
v 0.0251073427498 1.45022500134 0.00346642616205
v 0.0209386758506 1.45022500134 0.00346642616205
v 0.0185708515346 1.44829000360 0.00390344741754
v 0.0209386758506 1.45022500134 0.00346642616205
v 0.0183708500117 1.44829000360 0.00370344752446
v 0.0207386743277 1.45022500134 0.00326642626897
v 0.0207386743277 1.45022500134 0.00326642626897
v 0.0207386743277 1.45022500134 -0.00326642626897
v 0.0183708500117 1.44829000360 -0.00370344752446
v 0.0207386743277 1.45022500134 -0.00326642626897
v 0.0185708515346 1.44829000360 -0.00390344741754
v 0.0209386758506 1.45022500134 -0.00346642616205
v 0.0209386758506 1.45022500134 -0.00346642616205
v 0.0235705245286 1.45345000005 -0.00233156629838
v 0.0251073427498 1.45022500134 -0.00346642616205
v 0.0302947014570 1.45345000005 -0.00233156629838
v 0.0302947014570 1.45345000005 -0.00233156629838
v 0.0304947011173 1.45345000005 -0.00213156640530
v 0.0304947011173 1.45345000005 -0.00213156640530
v 0.0304947011173 1.45345000005 0.00213156640530
v 0.0304947011173 1.45345000005 0.00213156640530
v 0.0302947014570 1.45345000005 0.00233156629838
v 0.0251073427498 1.45022500134 0.00346642616205
v 0.0302947014570 1.45345000005 0.00233156629838
v 0.0209386758506 1.45022500134 0.00346642616205
v 0.0235705245286 1.45345000005 0.00233156629838
v 0.0209386758506 1.45022500134 0.00346642616205
v 0.0235705245286 1.45345000005 0.00233156629838
v 0.0207386743277 1.45022500134 0.00326642626897
v 0.0233705230057 1.45345000005 0.00213156640530
v 0.0233705230057 1.45345000005 0.00213156640530
v 0.0233705230057 1.45345000005 -0.00213156640530
v 0.0207386743277 1.45022500134 -0.00326642626897
v 0.0233705230057 1.45345000005 -0.00213156640530
v 0.0209386758506 1.45022500134 -0.00346642616205
v 0.0235705245286 1.45345000005 -0.00233156629838
v 0.0235705245286 1.45345000005 -0.00233156629838
v 0.0267828293145 1.45774999833 -0.00109087454621
v 0.0357829704881 1.45774999833 -0.00109087454621
v 0.0357829704881 1.45774999833 -0.00109087454621
v 0.0359829738736 1.45774999833 -0.000890874594916
v 0.0359829738736 1.45774999833 -0.000890874594916
v 0.0359829738736 1.45774999833 0.000890874594916
v 0.0359829738736 1.45774999833 0.000890874594916
v 0.0357829704881 1.45774999833 0.00109087454621
v 0.0357829704881 1.45774999833 0.00109087454621
v 0.0235705245286 1.45345000005 0.00233156629838
v 0.0267828293145 1.45774999833 0.00109087454621
v 0.0235705245286 1.45345000005 0.00233156629838
v 0.0267828293145 1.45774999833 0.00109087454621
v 0.0233705230057 1.45345000005 0.00213156640530
v 0.0265828296542 1.45774999833 0.000890874594916
v 0.0265828296542 1.45774999833 0.000890874594916
v 0.0265828296542 1.45774999833 -0.000890874594916
v 0.0233705230057 1.45345000005 -0.00213156640530
v 0.0265828296542 1.45774999833 -0.000890874594916
v 0.0235705245286 1.45345000005 -0.00233156629838
v 0.0267828293145 1.45774999833 -0.00109087454621
v 0.0267828293145 1.45774999833 -0.00109087454621
v 0.0325697846711 1.46420000321 -0.00100000004750
v 0.0357829704881 1.45774999833 -0.00109087454621
v 0.0411380156875 1.46420000321 -0.00100000004750
v 0.0411380156875 1.46420000321 -0.00100000004750
v 0.0413380153477 1.46420000321 -0.000799999979790
v 0.0413380153477 1.46420000321 -0.000799999979790
v 0.0413380153477 1.46420000321 0.000799999979790
v 0.0413380153477 1.46420000321 0.000799999979790
v 0.0411380156875 1.46420000321 0.00100000004750
v 0.0357829704881 1.45774999833 0.00109087454621
v 0.0411380156875 1.46420000321 0.00100000004750
v 0.0267828293145 1.45774999833 0.00109087454621
v 0.0325697846711 1.46420000321 0.00100000004750
v 0.0325697846711 1.46420000321 0.00100000004750
v 0.0323697850108 1.46420000321 0.000799999979790
v 0.0323697850108 1.46420000321 0.000799999979790
v 0.0323697850108 1.46420000321 -0.000799999979790
v 0.0323697850108 1.46420000321 -0.000799999979790
v 0.0325697846711 1.46420000321 -0.00100000004750
v 0.0391661487520 1.47279999977 -0.00100000004750
v 0.0472448505461 1.47279999977 -0.00100000004750
v 0.0472448505461 1.47279999977 -0.00100000004750
v 0.0474448502064 1.47279999977 -0.000799999979790
v 0.0474448502064 1.47279999977 -0.000799999979790
v 0.0474448502064 1.47279999977 0.000799999979790
v 0.0474448502064 1.47279999977 0.000799999979790
v 0.0472448505461 1.47279999977 0.00100000004750
v 0.0472448505461 1.47279999977 0.00100000004750
v 0.0391661487520 1.47279999977 0.00100000004750
v 0.0391661487520 1.47279999977 0.00100000004750
v 0.0389661490917 1.47279999977 0.000799999979790
v 0.0389661490917 1.47279999977 0.000799999979790
v 0.0389661490917 1.47279999977 -0.000799999979790
v 0.0389661490917 1.47279999977 -0.000799999979790
v 0.0391661487520 1.47279999977 -0.00100000004750
v 0.0473540686071 1.48570000207 -0.00100000004750
v 0.0549583323300 1.48570000207 -0.00100000004750
v 0.0549583323300 1.48570000207 -0.00100000004750
v 0.0551583319902 1.48570000207 -0.000799999979790
v 0.0551583319902 1.48570000207 -0.000799999979790
v 0.0551583319902 1.48570000207 0.000799999979790
v 0.0551583319902 1.48570000207 0.000799999979790
v 0.0549583323300 1.48570000207 0.00100000004750
v 0.0549583323300 1.48570000207 0.00100000004750
v 0.0473540686071 1.48570000207 0.00100000004750
v 0.0473540686071 1.48570000207 0.00100000004750
v 0.0471540689468 1.48570000207 0.000799999979790
v 0.0471540689468 1.48570000207 0.000799999979790
v 0.0471540689468 1.48570000207 -0.000799999979790
v 0.0471540689468 1.48570000207 -0.000799999979790
v 0.0473540686071 1.48570000207 -0.00100000004750
v 0.0549229197204 1.50074999979 -0.00100000004750
v 0.0621352866292 1.50074999979 -0.00100000004750
v 0.0621352866292 1.50074999979 -0.00100000004750
v 0.0623352862895 1.50074999979 -0.000799999979790
v 0.0623352862895 1.50074999979 -0.000799999979790
v 0.0623352862895 1.50074999979 0.000799999979790
v 0.0623352862895 1.50074999979 0.000799999979790
v 0.0621352866292 1.50074999979 0.00100000004750
v 0.0621352866292 1.50074999979 0.00100000004750
v 0.0549229197204 1.50074999979 0.00100000004750
v 0.0549229197204 1.50074999979 0.00100000004750
v 0.0547229200602 1.50074999979 0.000799999979790
v 0.0547229200602 1.50074999979 0.000799999979790
v 0.0547229200602 1.50074999979 -0.000799999979790
v 0.0547229200602 1.50074999979 -0.000799999979790
v 0.0549229197204 1.50074999979 -0.00100000004750
v 0.0612493902445 1.51795000038 -0.00100000004750
v 0.0681378245354 1.51795000038 -0.00100000004750
v 0.0681378245354 1.51795000038 -0.00100000004750
v 0.0683378279209 1.51795000038 -0.000799999979790
v 0.0683378279209 1.51795000038 -0.000799999979790
v 0.0683378279209 1.51795000038 0.000799999979790
v 0.0683378279209 1.51795000038 0.000799999979790
v 0.0681378245354 1.51795000038 0.00100000004750
v 0.0681378245354 1.51795000038 0.00100000004750
v 0.0612493902445 1.51795000038 0.00100000004750
v 0.0612493902445 1.51795000038 0.00100000004750
v 0.0610493905842 1.51795000038 0.000799999979790
v 0.0610493905842 1.51795000038 0.000799999979790
v 0.0610493905842 1.51795000038 -0.000799999979790
v 0.0610493905842 1.51795000038 -0.000799999979790
v 0.0612493902445 1.51795000038 -0.00100000004750
v 0.0654907673597 1.53730000010 -0.00100000004750
v 0.0721559226513 1.53730000010 -0.00100000004750
v 0.0721559226513 1.53730000010 -0.00100000004750
v 0.0723559185863 1.53730000010 -0.000799999979790
v 0.0723559185863 1.53730000010 -0.000799999979790
v 0.0723559185863 1.53730000010 0.000799999979790
v 0.0723559185863 1.53730000010 0.000799999979790
v 0.0721559226513 1.53730000010 0.00100000004750
v 0.0721559226513 1.53730000010 0.00100000004750
v 0.0654907673597 1.53730000010 0.00100000004750
v 0.0654907673597 1.53730000010 0.00100000004750
v 0.0652907639742 1.53730000010 0.000799999979790
v 0.0652907639742 1.53730000010 0.000799999979790
v 0.0652907639742 1.53730000010 -0.000799999979790
v 0.0652907639742 1.53730000010 -0.000799999979790
v 0.0654907673597 1.53730000010 -0.00100000004750
v 0.0666999965906 1.55449999999 -0.00100000004750
v 0.0732999965549 1.55449999999 -0.00100000004750
v 0.0721559226513 1.53730000010 -0.00100000004750
v 0.0732999965549 1.55449999999 -0.00100000004750
v 0.0723559185863 1.53730000010 -0.000799999979790
v 0.0734999999404 1.55449999999 -0.000799999979790
v 0.0723559185863 1.53730000010 -0.000799999979790
v 0.0734999999404 1.55449999999 -0.000799999979790
v 0.0723559185863 1.53730000010 0.000799999979790
v 0.0734999999404 1.55449999999 0.000799999979790
v 0.0723559185863 1.53730000010 0.000799999979790
v 0.0734999999404 1.55449999999 0.000799999979790
v 0.0721559226513 1.53730000010 0.00100000004750
v 0.0732999965549 1.55449999999 0.00100000004750
v 0.0732999965549 1.55449999999 0.00100000004750
v 0.0666999965906 1.55449999999 0.00100000004750
v 0.0654907673597 1.53730000010 0.00100000004750
v 0.0666999965906 1.55449999999 0.00100000004750
v 0.0652907639742 1.53730000010 0.000799999979790
v 0.0665000006557 1.55449999999 0.000799999979790
v 0.0652907639742 1.53730000010 0.000799999979790
v 0.0665000006557 1.55449999999 0.000799999979790
v 0.0652907639742 1.53730000010 -0.000799999979790
v 0.0665000006557 1.55449999999 -0.000799999979790
v 0.0652907639742 1.53730000010 -0.000799999979790
v 0.0665000006557 1.55449999999 -0.000799999979790
v 0.0654907673597 1.53730000010 -0.00100000004750
v 0.0666999965906 1.55449999999 -0.00100000004750
v 0.0654907673597 1.57169999941 -0.00100000004750
v 0.0721559226513 1.57169999941 -0.00100000004750
v 0.0732999965549 1.55449999999 -0.00100000004750
v 0.0721559226513 1.57169999941 -0.00100000004750
v 0.0734999999404 1.55449999999 -0.000799999979790
v 0.0723559185863 1.57169999941 -0.000799999979790
v 0.0734999999404 1.55449999999 -0.000799999979790
v 0.0723559185863 1.57169999941 -0.000799999979790
v 0.0734999999404 1.55449999999 0.000799999979790
v 0.0723559185863 1.57169999941 0.000799999979790
v 0.0734999999404 1.55449999999 0.000799999979790
v 0.0723559185863 1.57169999941 0.000799999979790
v 0.0732999965549 1.55449999999 0.00100000004750
v 0.0721559226513 1.57169999941 0.00100000004750
v 0.0721559226513 1.57169999941 0.00100000004750
v 0.0654907673597 1.57169999941 0.00100000004750
v 0.0666999965906 1.55449999999 0.00100000004750
v 0.0654907673597 1.57169999941 0.00100000004750
v 0.0665000006557 1.55449999999 0.000799999979790
v 0.0652907639742 1.57169999941 0.000799999979790
v 0.0665000006557 1.55449999999 0.000799999979790
v 0.0652907639742 1.57169999941 0.000799999979790
v 0.0665000006557 1.55449999999 -0.000799999979790
v 0.0652907639742 1.57169999941 -0.000799999979790
v 0.0665000006557 1.55449999999 -0.000799999979790
v 0.0652907639742 1.57169999941 -0.000799999979790
v 0.0666999965906 1.55449999999 -0.00100000004750
v 0.0654907673597 1.57169999941 -0.00100000004750
v 0.0612493902445 1.59105000100 -0.00100000004750
v 0.0681378245354 1.59105000100 -0.00100000004750
v 0.0721559226513 1.57169999941 -0.00100000004750
v 0.0681378245354 1.59105000100 -0.00100000004750
v 0.0723559185863 1.57169999941 -0.000799999979790
v 0.0683378279209 1.59105000100 -0.000799999979790
v 0.0723559185863 1.57169999941 -0.000799999979790
v 0.0683378279209 1.59105000100 -0.000799999979790
v 0.0723559185863 1.57169999941 0.000799999979790
v 0.0683378279209 1.59105000100 0.000799999979790
v 0.0723559185863 1.57169999941 0.000799999979790
v 0.0683378279209 1.59105000100 0.000799999979790
v 0.0721559226513 1.57169999941 0.00100000004750
v 0.0681378245354 1.59105000100 0.00100000004750
v 0.0681378245354 1.59105000100 0.00100000004750
v 0.0612493902445 1.59105000100 0.00100000004750
v 0.0654907673597 1.57169999941 0.00100000004750
v 0.0612493902445 1.59105000100 0.00100000004750
v 0.0652907639742 1.57169999941 0.000799999979790
v 0.0610493905842 1.59105000100 0.000799999979790
v 0.0652907639742 1.57169999941 0.000799999979790
v 0.0610493905842 1.59105000100 0.000799999979790
v 0.0652907639742 1.57169999941 -0.000799999979790
v 0.0610493905842 1.59105000100 -0.000799999979790
v 0.0652907639742 1.57169999941 -0.000799999979790
v 0.0610493905842 1.59105000100 -0.000799999979790
v 0.0654907673597 1.57169999941 -0.00100000004750
v 0.0612493902445 1.59105000100 -0.00100000004750
v 0.0549229197204 1.60825000158 -0.00100000004750
v 0.0621352866292 1.60825000158 -0.00100000004750
v 0.0621352866292 1.60825000158 -0.00100000004750
v 0.0623352862895 1.60825000158 -0.000799999979790
v 0.0623352862895 1.60825000158 -0.000799999979790
v 0.0623352862895 1.60825000158 0.000799999979790
v 0.0623352862895 1.60825000158 0.000799999979790
v 0.0621352866292 1.60825000158 0.00100000004750
v 0.0621352866292 1.60825000158 0.00100000004750
v 0.0549229197204 1.60825000158 0.00100000004750
v 0.0549229197204 1.60825000158 0.00100000004750
v 0.0547229200602 1.60825000158 0.000799999979790
v 0.0547229200602 1.60825000158 0.000799999979790
v 0.0547229200602 1.60825000158 -0.000799999979790
v 0.0547229200602 1.60825000158 -0.000799999979790
v 0.0549229197204 1.60825000158 -0.00100000004750
v 0.0473540686071 1.62329999930 -0.00100000004750
v 0.0549583323300 1.62329999930 -0.00100000004750
v 0.0549583323300 1.62329999930 -0.00100000004750
v 0.0551583319902 1.62329999930 -0.000799999979790
v 0.0551583319902 1.62329999930 -0.000799999979790
v 0.0551583319902 1.62329999930 0.000799999979790
v 0.0551583319902 1.62329999930 0.000799999979790
v 0.0549583323300 1.62329999930 0.00100000004750
v 0.0549583323300 1.62329999930 0.00100000004750
v 0.0473540686071 1.62329999930 0.00100000004750
v 0.0473540686071 1.62329999930 0.00100000004750
v 0.0471540689468 1.62329999930 0.000799999979790
v 0.0471540689468 1.62329999930 0.000799999979790
v 0.0471540689468 1.62329999930 -0.000799999979790
v 0.0471540689468 1.62329999930 -0.000799999979790
v 0.0473540686071 1.62329999930 -0.00100000004750
v 0.0391661487520 1.63620000160 -0.00100000004750
v 0.0472448505461 1.63620000160 -0.00100000004750
v 0.0472448505461 1.63620000160 -0.00100000004750
v 0.0474448502064 1.63620000160 -0.000799999979790
v 0.0474448502064 1.63620000160 -0.000799999979790
v 0.0474448502064 1.63620000160 0.000799999979790
v 0.0474448502064 1.63620000160 0.000799999979790
v 0.0472448505461 1.63620000160 0.00100000004750
v 0.0472448505461 1.63620000160 0.00100000004750
v 0.0391661487520 1.63620000160 0.00100000004750
v 0.0391661487520 1.63620000160 0.00100000004750
v 0.0389661490917 1.63620000160 0.000799999979790
v 0.0389661490917 1.63620000160 0.000799999979790
v 0.0389661490917 1.63620000160 -0.000799999979790
v 0.0389661490917 1.63620000160 -0.000799999979790
v 0.0391661487520 1.63620000160 -0.00100000004750
v 0.0325697846711 1.64479999816 -0.00100000004750
v 0.0411380156875 1.64479999816 -0.00100000004750
v 0.0411380156875 1.64479999816 -0.00100000004750
v 0.0413380153477 1.64479999816 -0.000799999979790
v 0.0413380153477 1.64479999816 -0.000799999979790
v 0.0413380153477 1.64479999816 0.000799999979790
v 0.0413380153477 1.64479999816 0.000799999979790
v 0.0411380156875 1.64479999816 0.00100000004750
v 0.0411380156875 1.64479999816 0.00100000004750
v 0.0325697846711 1.64479999816 0.00100000004750
v 0.0325697846711 1.64479999816 0.00100000004750
v 0.0323697850108 1.64479999816 0.000799999979790
v 0.0323697850108 1.64479999816 0.000799999979790
v 0.0323697850108 1.64479999816 -0.000799999979790
v 0.0323697850108 1.64479999816 -0.000799999979790
v 0.0325697846711 1.64479999816 -0.00100000004750
v 0.0267828293145 1.65125000304 -0.00109087454621
v 0.0357829704881 1.65125000304 -0.00109087454621
v 0.0357829704881 1.65125000304 -0.00109087454621
v 0.0359829738736 1.65125000304 -0.000890874594916
v 0.0359829738736 1.65125000304 -0.000890874594916
v 0.0359829738736 1.65125000304 0.000890874594916
v 0.0359829738736 1.65125000304 0.000890874594916
v 0.0357829704881 1.65125000304 0.00109087454621
v 0.0357829704881 1.65125000304 0.00109087454621
v 0.0267828293145 1.65125000304 0.00109087454621
v 0.0267828293145 1.65125000304 0.00109087454621
v 0.0265828296542 1.65125000304 0.000890874594916
v 0.0265828296542 1.65125000304 0.000890874594916
v 0.0265828296542 1.65125000304 -0.000890874594916
v 0.0265828296542 1.65125000304 -0.000890874594916
v 0.0267828293145 1.65125000304 -0.00109087454621
v 0.0267828293145 1.65125000304 -0.00109087454621
v 0.0235705245286 1.65555000132 -0.00233156629838
v 0.0302947014570 1.65555000132 -0.00233156629838
v 0.0302947014570 1.65555000132 -0.00233156629838
v 0.0304947011173 1.65555000132 -0.00213156640530
v 0.0304947011173 1.65555000132 -0.00213156640530
v 0.0304947011173 1.65555000132 0.00213156640530
v 0.0304947011173 1.65555000132 0.00213156640530
v 0.0302947014570 1.65555000132 0.00233156629838
v 0.0302947014570 1.65555000132 0.00233156629838
v 0.0267828293145 1.65125000304 0.00109087454621
v 0.0235705245286 1.65555000132 0.00233156629838
v 0.0235705245286 1.65555000132 0.00233156629838
v 0.0233705230057 1.65555000132 0.00213156640530
v 0.0233705230057 1.65555000132 0.00213156640530
v 0.0233705230057 1.65555000132 -0.00213156640530
v 0.0233705230057 1.65555000132 -0.00213156640530
v 0.0235705245286 1.65555000132 -0.00233156629838
v 0.0235705245286 1.65555000132 -0.00233156629838
v 0.0209386758506 1.65877500004 -0.00346642616205
v 0.0251073427498 1.65877500004 -0.00346642616205
v 0.0251073427498 1.65877500004 -0.00346642616205
v 0.0253073424101 1.65877500004 -0.00326642626897
v 0.0253073424101 1.65877500004 -0.00326642626897
v 0.0253073424101 1.65877500004 0.00326642626897
v 0.0253073424101 1.65877500004 0.00326642626897
v 0.0251073427498 1.65877500004 0.00346642616205
v 0.0251073427498 1.65877500004 0.00346642616205
v 0.0235705245286 1.65555000132 0.00233156629838
v 0.0209386758506 1.65877500004 0.00346642616205
v 0.0235705245286 1.65555000132 0.00233156629838
v 0.0209386758506 1.65877500004 0.00346642616205
v 0.0233705230057 1.65555000132 0.00213156640530
v 0.0207386743277 1.65877500004 0.00326642626897
v 0.0207386743277 1.65877500004 0.00326642626897
v 0.0207386743277 1.65877500004 -0.00326642626897
v 0.0233705230057 1.65555000132 -0.00213156640530
v 0.0207386743277 1.65877500004 -0.00326642626897
v 0.0235705245286 1.65555000132 -0.00233156629838
v 0.0209386758506 1.65877500004 -0.00346642616205
v 0.0209386758506 1.65877500004 -0.00346642616205
v 0.0185708515346 1.66070999777 -0.00390344741754
v 0.0251073427498 1.65877500004 -0.00346642616205
v 0.0215367283672 1.66070999777 -0.00390344741754
v 0.0215367283672 1.66070999777 -0.00390344741754
v 0.0217367280275 1.66070999777 -0.00370344752446
v 0.0217367280275 1.66070999777 -0.00370344752446
v 0.0217367280275 1.66070999777 0.00370344752446
v 0.0217367280275 1.66070999777 0.00370344752446
v 0.0215367283672 1.66070999777 0.00390344741754
v 0.0251073427498 1.65877500004 0.00346642616205
v 0.0215367283672 1.66070999777 0.00390344741754
v 0.0209386758506 1.65877500004 0.00346642616205
v 0.0185708515346 1.66070999777 0.00390344741754
v 0.0209386758506 1.65877500004 0.00346642616205
v 0.0185708515346 1.66070999777 0.00390344741754
v 0.0207386743277 1.65877500004 0.00326642626897
v 0.0183708500117 1.66070999777 0.00370344752446
v 0.0183708500117 1.66070999777 0.00370344752446
v 0.0183708500117 1.66070999777 -0.00370344752446
v 0.0207386743277 1.65877500004 -0.00326642626897
v 0.0183708500117 1.66070999777 -0.00370344752446
v 0.0209386758506 1.65877500004 -0.00346642616205
v 0.0185708515346 1.66070999777 -0.00390344741754
v 0.0154499998316 1.66199999875 -0.00400000018999
v 0.0180500000715 1.66199999875 -0.00400000018999
v 0.0215367283672 1.66070999777 -0.00390344741754
v 0.0180500000715 1.66199999875 -0.00400000018999
v 0.0217367280275 1.66070999777 -0.00370344752446
v 0.0182499997318 1.66199999875 -0.00380000006407
v 0.0182499997318 1.66199999875 0.00380000006407
v 0.0217367280275 1.66070999777 0.00370344752446
v 0.0215367283672 1.66070999777 0.00390344741754
v 0.0180500000715 1.66199999875 0.00400000018999
v 0.0180500000715 1.66199999875 0.00400000018999
v 0.0154499998316 1.66199999875 0.00400000018999
v 0.0185708515346 1.66070999777 0.00390344741754
v 0.0154499998316 1.66199999875 0.00400000018999
v 0.0183708500117 1.66070999777 0.00370344752446
v 0.0152500001714 1.66199999875 0.00380000006407
v 0.0152500001714 1.66199999875 0.00380000006407
v 0.0152500001714 1.66199999875 -0.00380000006407
v 0.0183708500117 1.66070999777 -0.00370344752446
v 0.0152500001714 1.66199999875 -0.00380000006407
v 0.0185708515346 1.66070999777 -0.00390344741754
v 0.0154499998316 1.66199999875 -0.00400000018999
v 0.0154499998316 1.44700000262 -0.00400000018999
v 0.0154499998316 1.66199999875 -0.00400000018999
v 0.0154499998316 1.44700000262 0.00400000018999
v 0.0154499998316 1.66199999875 0.00400000018999
v 0.0152500001714 1.44700000262 0.00380000006407
v 0.0152500001714 1.66199999875 0.00380000006407
v 0.0152500001714 1.44700000262 -0.00380000006407
v 0.0152500001714 1.66199999875 -0.00380000006407
vt 0 0
vt 0 0.006000000052154064
vt 0.125 0
vt 0.125 0.006000000052154064
vt 0.125 0
vt 0.125 0.006000000052154064
vt 0.25 0
vt 0.25 0.006000000052154064
vt 0.25 0.006000000052154064
vt 0.375 0
vt 0.375 0.006000000052154064
vt 0.375 0.006000000052154064
vt 0.5 0
vt 0.5 0.006000000052154064
vt 0.5 0
vt 0.5 0.006000000052154064
vt 0.625 0
vt 0.625 0.006000000052154064
vt 0.625 0
vt 0.625 0.006000000052154064
vt 0.75 0
vt 0.75 0.006000000052154064
vt 0.75 0
vt 0.75 0.006000000052154064
vt 0.875 0
vt 0.875 0.006000000052154064
vt 0.875 0
vt 0.875 0.006000000052154064
vt 0 0
vt 0 0.006000000052154064
vt 0 0.014999999664723873
vt 0.125 0.014999999664723873
vt 0.125 0.006000000052154064
vt 0.125 0.014999999664723873
vt 0.25 0.006000000052154064
vt 0.25 0.014999999664723873
vt 0.25 0.014999999664723873
vt 0.375 0.014999999664723873
vt 0.375 0.006000000052154064
vt 0.375 0.014999999664723873
vt 0.5 0.006000000052154064
vt 0.5 0.014999999664723873
vt 0.5 0.014999999664723873
vt 0.625 0.014999999664723873
vt 0.625 0.006000000052154064
vt 0.625 0.014999999664723873
vt 0.75 0.006000000052154064
vt 0.75 0.014999999664723873
vt 0.75 0.014999999664723873
vt 0.875 0.014999999664723873
vt 0.875 0.006000000052154064
vt 0.875 0.014999999664723873
vt 0 0.006000000052154064
vt 0 0.014999999664723873
vt 0 0.014999999664723873
vt 0 0.029999999329447746
vt 0.125 0.014999999664723873
vt 0.125 0.029999999329447746
vt 0.125 0.029999999329447746
vt 0.25 0.029999999329447746
vt 0.25 0.029999999329447746
vt 0.375 0.029999999329447746
vt 0.375 0.029999999329447746
vt 0.5 0.029999999329447746
vt 0.5 0.014999999664723873
vt 0.5 0.029999999329447746
vt 0.625 0.014999999664723873
vt 0.625 0.029999999329447746
vt 0.625 0.014999999664723873
vt 0.625 0.029999999329447746
vt 0.75 0.014999999664723873
vt 0.75 0.029999999329447746
vt 0.75 0.029999999329447746
vt 0.875 0.029999999329447746
vt 0.875 0.014999999664723873
vt 0.875 0.029999999329447746
vt 0 0.014999999664723873
vt 0 0.029999999329447746
vt 0 0.029999999329447746
vt 0 0.05000000074505806
vt 0.125 0.05000000074505806
vt 0.125 0.05000000074505806
vt 0.25 0.05000000074505806
vt 0.25 0.05000000074505806
vt 0.375 0.05000000074505806
vt 0.375 0.05000000074505806
vt 0.5 0.05000000074505806
vt 0.5 0.05000000074505806
vt 0.625 0.029999999329447746
vt 0.625 0.05000000074505806
vt 0.625 0.029999999329447746
vt 0.625 0.05000000074505806
vt 0.75 0.029999999329447746
vt 0.75 0.05000000074505806
vt 0.75 0.05000000074505806
vt 0.875 0.05000000074505806
vt 0.875 0.029999999329447746
vt 0.875 0.05000000074505806
vt 0 0.029999999329447746
vt 0 0.05000000074505806
vt 0 0.05000000074505806
vt 0 0.07999999821186066
vt 0.125 0.05000000074505806
vt 0.125 0.07999999821186066
vt 0.125 0.07999999821186066
vt 0.25 0.07999999821186066
vt 0.25 0.07999999821186066
vt 0.375 0.07999999821186066
vt 0.375 0.07999999821186066
vt 0.5 0.07999999821186066
vt 0.5 0.05000000074505806
vt 0.5 0.07999999821186066
vt 0.625 0.05000000074505806
vt 0.625 0.07999999821186066
vt 0.625 0.07999999821186066
vt 0.75 0.07999999821186066
vt 0.75 0.07999999821186066
vt 0.875 0.07999999821186066
vt 0.875 0.07999999821186066
vt 0 0.07999999821186066
vt 0 0.11999999731779099
vt 0.125 0.11999999731779099
vt 0.125 0.11999999731779099
vt 0.25 0.11999999731779099
vt 0.25 0.11999999731779099
vt 0.375 0.11999999731779099
vt 0.375 0.11999999731779099
vt 0.5 0.11999999731779099
vt 0.5 0.11999999731779099
vt 0.625 0.11999999731779099
vt 0.625 0.11999999731779099
vt 0.75 0.11999999731779099
vt 0.75 0.11999999731779099
vt 0.875 0.11999999731779099
vt 0.875 0.11999999731779099
vt 0 0.11999999731779099
vt 0 0.18000000715255737
vt 0.125 0.18000000715255737
vt 0.125 0.18000000715255737
vt 0.25 0.18000000715255737
vt 0.25 0.18000000715255737
vt 0.375 0.18000000715255737
vt 0.375 0.18000000715255737
vt 0.5 0.18000000715255737
vt 0.5 0.18000000715255737
vt 0.625 0.18000000715255737
vt 0.625 0.18000000715255737
vt 0.75 0.18000000715255737
vt 0.75 0.18000000715255737
vt 0.875 0.18000000715255737
vt 0.875 0.18000000715255737
vt 0 0.18000000715255737
vt 0 0.25
vt 0.125 0.25
vt 0.125 0.25
vt 0.25 0.25
vt 0.25 0.25
vt 0.375 0.25
vt 0.375 0.25
vt 0.5 0.25
vt 0.5 0.25
vt 0.625 0.25
vt 0.625 0.25
vt 0.75 0.25
vt 0.75 0.25
vt 0.875 0.25
vt 0.875 0.25
vt 0 0.25
vt 0 0.33000001311302185
vt 0.125 0.33000001311302185
vt 0.125 0.33000001311302185
vt 0.25 0.33000001311302185
vt 0.25 0.33000001311302185
vt 0.375 0.33000001311302185
vt 0.375 0.33000001311302185
vt 0.5 0.33000001311302185
vt 0.5 0.33000001311302185
vt 0.625 0.33000001311302185
vt 0.625 0.33000001311302185
vt 0.75 0.33000001311302185
vt 0.75 0.33000001311302185
vt 0.875 0.33000001311302185
vt 0.875 0.33000001311302185
vt 0 0.33000001311302185
vt 0 0.41999998688697815
vt 0.125 0.41999998688697815
vt 0.125 0.41999998688697815
vt 0.25 0.41999998688697815
vt 0.25 0.41999998688697815
vt 0.375 0.41999998688697815
vt 0.375 0.41999998688697815
vt 0.5 0.41999998688697815
vt 0.5 0.41999998688697815
vt 0.625 0.41999998688697815
vt 0.625 0.41999998688697815
vt 0.75 0.41999998688697815
vt 0.75 0.41999998688697815
vt 0.875 0.41999998688697815
vt 0.875 0.41999998688697815
vt 0 0.41999998688697815
vt 0 0.5
vt 0.125 0.5
vt 0.125 0.41999998688697815
vt 0.125 0.5
vt 0.25 0.41999998688697815
vt 0.25 0.5
vt 0.25 0.41999998688697815
vt 0.25 0.5
vt 0.375 0.41999998688697815
vt 0.375 0.5
vt 0.375 0.41999998688697815
vt 0.375 0.5
vt 0.5 0.41999998688697815
vt 0.5 0.5
vt 0.5 0.5
vt 0.625 0.5
vt 0.625 0.41999998688697815
vt 0.625 0.5
vt 0.75 0.41999998688697815
vt 0.75 0.5
vt 0.75 0.41999998688697815
vt 0.75 0.5
vt 0.875 0.41999998688697815
vt 0.875 0.5
vt 0.875 0.41999998688697815
vt 0.875 0.5
vt 0 0.41999998688697815
vt 0 0.5
vt 0 0.5799999833106995
vt 0.125 0.5799999833106995
vt 0.125 0.5
vt 0.125 0.5799999833106995
vt 0.25 0.5
vt 0.25 0.5799999833106995
vt 0.25 0.5
vt 0.25 0.5799999833106995
vt 0.375 0.5
vt 0.375 0.5799999833106995
vt 0.375 0.5
vt 0.375 0.5799999833106995
vt 0.5 0.5
vt 0.5 0.5799999833106995
vt 0.5 0.5799999833106995
vt 0.625 0.5799999833106995
vt 0.625 0.5
vt 0.625 0.5799999833106995
vt 0.75 0.5
vt 0.75 0.5799999833106995
vt 0.75 0.5
vt 0.75 0.5799999833106995
vt 0.875 0.5
vt 0.875 0.5799999833106995
vt 0.875 0.5
vt 0.875 0.5799999833106995
vt 0 0.5
vt 0 0.5799999833106995
vt 0 0.6700000166893005
vt 0.125 0.6700000166893005
vt 0.125 0.5799999833106995
vt 0.125 0.6700000166893005
vt 0.25 0.5799999833106995
vt 0.25 0.6700000166893005
vt 0.25 0.5799999833106995
vt 0.25 0.6700000166893005
vt 0.375 0.5799999833106995
vt 0.375 0.6700000166893005
vt 0.375 0.5799999833106995
vt 0.375 0.6700000166893005
vt 0.5 0.5799999833106995
vt 0.5 0.6700000166893005
vt 0.5 0.6700000166893005
vt 0.625 0.6700000166893005
vt 0.625 0.5799999833106995
vt 0.625 0.6700000166893005
vt 0.75 0.5799999833106995
vt 0.75 0.6700000166893005
vt 0.75 0.5799999833106995
vt 0.75 0.6700000166893005
vt 0.875 0.5799999833106995
vt 0.875 0.6700000166893005
vt 0.875 0.5799999833106995
vt 0.875 0.6700000166893005
vt 0 0.5799999833106995
vt 0 0.6700000166893005
vt 0 0.75
vt 0.125 0.75
vt 0.125 0.75
vt 0.25 0.75
vt 0.25 0.75
vt 0.375 0.75
vt 0.375 0.75
vt 0.5 0.75
vt 0.5 0.75
vt 0.625 0.75
vt 0.625 0.75
vt 0.75 0.75
vt 0.75 0.75
vt 0.875 0.75
vt 0.875 0.75
vt 0 0.75
vt 0 0.8199999928474426
vt 0.125 0.8199999928474426
vt 0.125 0.8199999928474426
vt 0.25 0.8199999928474426
vt 0.25 0.8199999928474426
vt 0.375 0.8199999928474426
vt 0.375 0.8199999928474426
vt 0.5 0.8199999928474426
vt 0.5 0.8199999928474426
vt 0.625 0.8199999928474426
vt 0.625 0.8199999928474426
vt 0.75 0.8199999928474426
vt 0.75 0.8199999928474426
vt 0.875 0.8199999928474426
vt 0.875 0.8199999928474426
vt 0 0.8199999928474426
vt 0 0.8799999952316284
vt 0.125 0.8799999952316284
vt 0.125 0.8799999952316284
vt 0.25 0.8799999952316284
vt 0.25 0.8799999952316284
vt 0.375 0.8799999952316284
vt 0.375 0.8799999952316284
vt 0.5 0.8799999952316284
vt 0.5 0.8799999952316284
vt 0.625 0.8799999952316284
vt 0.625 0.8799999952316284
vt 0.75 0.8799999952316284
vt 0.75 0.8799999952316284
vt 0.875 0.8799999952316284
vt 0.875 0.8799999952316284
vt 0 0.8799999952316284
vt 0 0.9200000166893005
vt 0.125 0.9200000166893005
vt 0.125 0.9200000166893005
vt 0.25 0.9200000166893005
vt 0.25 0.9200000166893005
vt 0.375 0.9200000166893005
vt 0.375 0.9200000166893005
vt 0.5 0.9200000166893005
vt 0.5 0.9200000166893005
vt 0.625 0.9200000166893005
vt 0.625 0.9200000166893005
vt 0.75 0.9200000166893005
vt 0.75 0.9200000166893005
vt 0.875 0.9200000166893005
vt 0.875 0.9200000166893005
vt 0 0.9200000166893005
vt 0 0.949999988079071
vt 0.125 0.949999988079071
vt 0.125 0.949999988079071
vt 0.25 0.949999988079071
vt 0.25 0.949999988079071
vt 0.375 0.949999988079071
vt 0.375 0.949999988079071
vt 0.5 0.949999988079071
vt 0.5 0.949999988079071
vt 0.625 0.949999988079071
vt 0.625 0.949999988079071
vt 0.75 0.949999988079071
vt 0.75 0.949999988079071
vt 0.875 0.949999988079071
vt 0.875 0.949999988079071
vt 0 0.949999988079071
vt 0 0.949999988079071
vt 0 0.9700000286102295
vt 0.125 0.9700000286102295
vt 0.125 0.9700000286102295
vt 0.25 0.9700000286102295
vt 0.25 0.9700000286102295
vt 0.375 0.9700000286102295
vt 0.375 0.9700000286102295
vt 0.5 0.9700000286102295
vt 0.5 0.9700000286102295
vt 0.625 0.949999988079071
vt 0.625 0.9700000286102295
vt 0.625 0.9700000286102295
vt 0.75 0.9700000286102295
vt 0.75 0.9700000286102295
vt 0.875 0.9700000286102295
vt 0.875 0.9700000286102295
vt 0 0.9700000286102295
vt 0 0.9700000286102295
vt 0 0.9850000143051147
vt 0.125 0.9850000143051147
vt 0.125 0.9850000143051147
vt 0.25 0.9850000143051147
vt 0.25 0.9850000143051147
vt 0.375 0.9850000143051147
vt 0.375 0.9850000143051147
vt 0.5 0.9850000143051147
vt 0.5 0.9850000143051147
vt 0.625 0.9700000286102295
vt 0.625 0.9850000143051147
vt 0.625 0.9700000286102295
vt 0.625 0.9850000143051147
vt 0.75 0.9700000286102295
vt 0.75 0.9850000143051147
vt 0.75 0.9850000143051147
vt 0.875 0.9850000143051147
vt 0.875 0.9700000286102295
vt 0.875 0.9850000143051147
vt 0 0.9700000286102295
vt 0 0.9850000143051147
vt 0 0.9850000143051147
vt 0 0.9940000176429749
vt 0.125 0.9850000143051147
vt 0.125 0.9940000176429749
vt 0.125 0.9940000176429749
vt 0.25 0.9940000176429749
vt 0.25 0.9940000176429749
vt 0.375 0.9940000176429749
vt 0.375 0.9940000176429749
vt 0.5 0.9940000176429749
vt 0.5 0.9850000143051147
vt 0.5 0.9940000176429749
vt 0.625 0.9850000143051147
vt 0.625 0.9940000176429749
vt 0.625 0.9850000143051147
vt 0.625 0.9940000176429749
vt 0.75 0.9850000143051147
vt 0.75 0.9940000176429749
vt 0.75 0.9940000176429749
vt 0.875 0.9940000176429749
vt 0.875 0.9850000143051147
vt 0.875 0.9940000176429749
vt 0 0.9850000143051147
vt 0 0.9940000176429749
vt 0 1
vt 0.125 1
vt 0.125 0.9940000176429749
vt 0.125 1
vt 0.25 0.9940000176429749
vt 0.25 1
vt 0.375 1
vt 0.375 0.9940000176429749
vt 0.5 0.9940000176429749
vt 0.5 1
vt 0.5 1
vt 0.625 1
vt 0.625 0.9940000176429749
vt 0.625 1
vt 0.75 0.9940000176429749
vt 0.75 1
vt 0.75 1
vt 0.875 1
vt 0.875 0.9940000176429749
vt 0.875 1
vt 0 0.9940000176429749
vt 0 1
vt 0 0
vt 0 1
vt 0.625 0
vt 0.625 1
vt 0.75 0
vt 0.75 1
vt 0.875 0
vt 0.875 1
vn 0.00000000000 0.0990649557124 -0.995080968841
vn 0.00000000000 0.0990649557124 -0.995080968841
vn 0.00000000000 0.0990649557124 -0.995080968841
vn 0.00000000000 0.260208726169 -0.965552390513
vn 0.116134236701 -0.993233526954 -6.79156026333e-10
vn 0.460923365016 -0.871017976088 -0.169933330792
vn 0.116134236701 -0.993233526954 -6.79156026333e-10
vn 0.460923365016 -0.871017976088 -0.169933330792
vn 0.489482364660 -0.872013196395 5.37622825981e-10
vn 0.116134236701 -0.993233526954 -6.79156026333e-10
vn 0.489482364660 -0.872013196395 5.37622825981e-10
vn 0.460923365016 -0.871017976088 0.169933330792
vn 0.116134236701 -0.993233526954 -6.79156026333e-10
vn 0.460923365016 -0.871017976088 0.169933330792
vn 0.00000000000 0.123490945537 0.992345699023
vn 0.00000000000 0.243713794891 0.969847197336
vn 0.00000000000 0.123490945537 0.992345699023
vn 0.00000000000 0.123490945537 0.992345699023
vn -0.433212049587 0.898937420200 0.0651063334641
vn -0.433212049587 0.898937420200 0.0651063334641
vn -0.433212049587 0.898937420200 0.0651063334641
vn -0.433212049587 0.898937420200 0.0651063334641
vn -0.448410008737 0.893827983487 1.51289545515e-13
vn -0.448410008737 0.893827983487 1.51289545515e-13
vn -0.448410008737 0.893827983487 1.51289545515e-13
vn -0.448410008737 0.893827983487 1.51289545515e-13
vn -0.433212049587 0.898937420200 -0.0651063334641
vn -0.433212049587 0.898937420200 -0.0651063334641
vn -0.433212049587 0.898937420200 -0.0651063334641
vn -0.433212049587 0.898937420200 -0.0651063334641
vn 0.00000000000 0.260208726169 -0.965552390513
vn 0.00000000000 0.260208726169 -0.965552390513
vn 0.468144662752 -0.852686657305 -0.231875050815
vn 0.468144662752 -0.852686657305 -0.231875050815
vn 0.468144662752 -0.852686657305 -0.231875050815
vn 0.468144662752 -0.852686657305 -0.231875050815
vn 0.489482364660 -0.872013196395 5.37622825981e-10
vn 0.489482364660 -0.872013196395 5.37622825981e-10
vn 0.468144662752 -0.852686657305 0.231875050815
vn 0.468144662752 -0.852686657305 0.231875050815
vn 0.468144662752 -0.852686657305 0.231875050815
vn 0.468144662752 -0.852686657305 0.231875050815
vn 0.00000000000 0.243713794891 0.969847197336
vn 0.00000000000 0.243713794891 0.969847197336
vn -0.444477191426 0.872111958326 0.204599018685
vn -0.673132058036 0.683526869606 0.282283989930
vn -0.444477191426 0.872111958326 0.204599018685
vn -0.673132058036 0.683526869606 0.282283989930
vn -0.683071590567 0.730351423740 2.68185598125e-9
vn -0.683071590567 0.730351423740 2.68185598125e-9
vn -0.444477191426 0.872111958326 -0.204599018685
vn -0.673132063699 0.683526875356 -0.282283962503
vn -0.444477191426 0.872111958326 -0.204599018685
vn -0.673132063699 0.683526875356 -0.282283962503
vn -0.257646716138 0.450179170925 -0.854960164995
vn -0.257646716138 0.450179170925 -0.854960164995
vn -0.257646716138 0.450179170925 -0.854960164995
vn 0.00000000000 0.295571872328 -0.955320505531
vn 0.590447715055 -0.753000903815 -0.290449883180
vn 0.590447715055 -0.753000903815 -0.290449883180
vn 0.633064864331 -0.774098751807 -1.03026307203e-8
vn 0.633064864331 -0.774098751807 -1.03026307203e-8
vn 0.590447720166 -0.753000910333 0.290449855892
vn 0.590447720166 -0.753000910333 0.290449855892
vn -0.258389885301 0.441086462729 0.859463437018
vn 0.00000000000 0.313817926183 0.949483180054
vn -0.258389885301 0.441086462729 0.859463437018
vn -0.258389885301 0.441086462729 0.859463437018
vn -0.613766659102 0.676113414430 0.407628677847
vn -0.613766659102 0.676113414430 0.407628677847
vn -0.613766659102 0.676113414430 0.407628677847
vn -0.613766659102 0.676113414430 0.407628677847
vn -0.683071590567 0.730351423740 2.68185598125e-9
vn -0.683071590567 0.730351423740 2.68185598125e-9
vn -0.598952349108 0.672692413726 -0.434443321981
vn -0.598952349108 0.672692413726 -0.434443321981
vn -0.598952349108 0.672692413726 -0.434443321981
vn -0.598952349108 0.672692413726 -0.434443321981
vn -0.120210476665 0.343140066941 -0.931560162179
vn -0.420378644148 0.477065729479 -0.771809617264
vn -0.337088290885 0.313150230794 -0.887867342063
vn 0.681547763520 -0.660440685843 -0.315136076202
vn 0.681547763520 -0.660440685843 -0.315136076202
vn 0.726055630310 -0.687635965970 1.77016057149e-8
vn 0.726055630310 -0.687635965970 1.77016057149e-8
vn 0.681547822268 -0.660440625407 0.315136075806
vn 0.681547822268 -0.660440625407 0.315136075806
vn -0.335655204629 0.334734759923 0.880504528157
vn -0.120470512755 0.329777737459 0.936340482641
vn -0.425062619316 0.450375787646 0.785164581195
vn -0.585583398886 0.666130375408 0.461911686265
vn -0.682779149317 0.627563431662 0.374134698335
vn -0.585583398886 0.666130375408 0.461911686265
vn -0.682779149317 0.627563431662 0.374134698335
vn -0.739153982274 0.673536480444 -5.24175592576e-9
vn -0.739153982274 0.673536480444 -5.24175592576e-9
vn -0.584952045876 0.667488682173 -0.460749349643
vn -0.652000956278 0.621503822893 -0.434312964510
vn -0.584952045876 0.667488682173 -0.460749349643
vn -0.652000956278 0.621503822893 -0.434312964510
vn 0.00000000000 0.191019951505 -0.981586154205
vn 0.00000000000 0.0558776435007 -0.998437623969
vn 0.00000000000 0.0558776435007 -0.998437623969
vn 0.00000000000 0.00469599059150 -0.999988973775
vn 0.749573295347 -0.573969606412 -0.329694958740
vn 0.749573295347 -0.573969606412 -0.329694958740
vn 0.794368107377 -0.607436671582 -7.25868760372e-9
vn 0.794368107377 -0.607436671582 -7.25868760372e-9
vn 0.749573295347 -0.573969606412 0.329694958740
vn 0.749573295347 -0.573969606412 0.329694958740
vn 0.00000000000 0.0979198208623 0.995194306999
vn 0.00000000000 0.00939198119402 0.999955894372
vn 0.00000000000 0.102609860684 0.994721677903
vn 0.00000000000 0.0979198208623 0.995194306999
vn -0.664406662654 0.598272686130 0.447921398966
vn -0.664406662654 0.598272686130 0.447921398966
vn -0.767730512744 0.640772861318 -2.22663728485e-10
vn -0.767730512744 0.640772861318 -2.22663728485e-10
vn -0.696270569346 0.603600130764 -0.388425252016
vn -0.696270569346 0.603600130764 -0.388425252016
vn 0.00000000000 0.00000000000 -1.00000000000
vn 0.00000000000 0.00000000000 -1.00000000000
vn 0.787001934430 -0.513785916054 -0.341543537003
vn 0.787001934430 -0.513785916054 -0.341543537003
vn 0.837316642155 -0.546718246238 1.46163874755e-17
vn 0.837316642155 -0.546718246238 1.46163874755e-17
vn 0.787001934430 -0.513785916054 0.341543537003
vn 0.787001934430 -0.513785916054 0.341543537003
vn 0.00000000000 0.00000000000 1.00000000000
vn 0.00000000000 0.00000000000 1.00000000000
vn -0.771735371161 0.539579928622 0.336567998370
vn -0.771735371161 0.539579928622 0.336567998370
vn -0.819494254396 0.573087399104 -1.45415739031e-17
vn -0.819494254396 0.573087399104 -1.45415739031e-17
vn -0.771735371161 0.539579928622 -0.336567998370
vn -0.771735371161 0.539579928622 -0.336567998370
vn 0.00000000000 0.00000000000 -1.00000000000
vn 0.00000000000 0.00000000000 -1.00000000000
vn 0.824434237999 -0.442036727357 -0.353428520189
vn 0.824434237999 -0.442036727357 -0.353428520189
vn 0.881270952338 -0.472611371599 0.00000000000
vn 0.881270952338 -0.472611371599 0.00000000000
vn 0.824434237999 -0.442036727357 0.353428520189
vn 0.824434237999 -0.442036727357 0.353428520189
vn 0.00000000000 0.00000000000 1.00000000000
vn 0.00000000000 0.00000000000 1.00000000000
vn -0.814650882204 0.462151670172 0.350370909010
vn -0.814650882204 0.462151670172 0.350370909010
vn -0.869734468594 0.493519963263 -1.47632780789e-17
vn -0.869734468594 0.493519963263 -1.47632780789e-17
vn -0.814650882204 0.462151670172 -0.350370909010
vn -0.814650882204 0.462151670172 -0.350370909010
vn 0.00000000000 0.00000000000 -1.00000000000
vn 0.00000000000 0.00000000000 -1.00000000000
vn 0.861016059501 -0.354541937632 -0.364624957651
vn 0.861016059501 -0.354541937632 -0.364624957651
vn 0.924638916929 -0.380844946535 -1.65304901302e-9
vn 0.924638916929 -0.380844946535 -1.65304901302e-9
vn 0.861016059501 -0.354541937632 0.364624957651
vn 0.861016059501 -0.354541937632 0.364624957651
vn 0.00000000000 0.00000000000 1.00000000000
vn 0.00000000000 0.00000000000 1.00000000000
vn -0.854834542576 0.371018254639 0.362771773356
vn -0.854834542576 0.371018254639 0.362771773356
vn -0.917280896578 0.398240827606 -1.49771734493e-17
vn -0.917280896578 0.398240827606 -1.49771734493e-17
vn -0.854834542576 0.371018254639 -0.362771773356
vn -0.854834542576 0.371018254639 -0.362771773356
vn 0.00000000000 0.00000000000 -1.00000000000
vn 0.00000000000 0.00000000000 -1.00000000000
vn 0.893596947648 -0.247788295276 -0.374279916477
vn 0.893596947648 -0.247788295276 -0.374279916477
vn 0.963611996322 -0.267304920538 3.54574871849e-9
vn 0.963611996322 -0.267304920538 3.54574871849e-9
vn 0.893596957547 -0.247788253317 0.374279920623
vn 0.893596957547 -0.247788253317 0.374279920623
vn 0.00000000000 0.00000000000 1.00000000000
vn 0.00000000000 0.00000000000 1.00000000000
vn -0.890418783330 0.260285292598 0.373371071121
vn -0.890418783330 0.260285292598 0.373371071121
vn -0.959800314650 0.280683729484 -9.83944382387e-10
vn -0.959800314650 0.280683729484 -9.83944382387e-10
vn -0.890418783330 0.260285292598 -0.373371071121
vn -0.890418783330 0.260285292598 -0.373371071121
vn 0.00000000000 0.00000000000 -1.00000000000
vn 0.00000000000 0.00000000000 -1.00000000000
vn 0.916169642078 -0.125107422290 -0.380764126228
vn 0.916169642078 -0.125107422290 -0.380764126228
vn 0.986509749168 -0.163702519211 -2.66674196221e-9
vn 0.986509749168 -0.163702519211 -2.66674196221e-9
vn 0.916169636955 -0.125107466294 0.380764124098
vn 0.916169636955 -0.125107466294 0.380764124098
vn 0.00000000000 0.00000000000 1.00000000000
vn 0.00000000000 0.00000000000 1.00000000000
vn -0.915303088935 0.131920021561 0.380548765991
vn -0.915303088935 0.131920021561 0.380548765991
vn -0.985006164017 0.172519149223 1.40196000739e-9
vn -0.985006164017 0.172519149223 1.40196000739e-9
vn -0.915303085337 0.131920050845 -0.380548764494
vn -0.915303085337 0.131920050845 -0.380548764494
vn 0.00000000000 0.00000000000 -1.00000000000
vn 0.00000000000 0.00000000000 -1.00000000000
vn 0.859493561740 -0.0924766221419 -0.502711539239
vn 0.862511484181 -0.0237486167537 -0.505479913408
vn 0.859493561740 -0.0924766221419 -0.502711539239
vn 0.862511484181 -0.0237486167537 -0.505479913408
vn 0.990797270514 -0.135354234300 -2.58849583401e-9
vn 0.999620173792 -0.0275591753868 9.92604528873e-10
vn 0.990797270514 -0.135354234300 -2.58849583401e-9
vn 0.999620173792 -0.0275591753868 9.92604528873e-10
vn 0.859493555818 -0.0924766960105 0.502711535775
vn 0.862511485669 -0.0237485441515 0.505479914280
vn 0.859493555818 -0.0924766960105 0.502711535775
vn 0.862511485669 -0.0237485441515 0.505479914280
vn 0.00000000000 0.00000000000 1.00000000000
vn 0.00000000000 0.00000000000 1.00000000000
vn -0.859105481363 0.0976007894194 0.502406068630
vn -0.862473476145 0.0250980068316 0.505479567341
vn -0.859105481363 0.0976007894194 0.502406068630
vn -0.862473476145 0.0250980068316 0.505479567341
vn -0.989763497159 0.142717271878 1.73255509738e-9
vn -0.999575640911 0.0291296772780 -1.04895006521e-9
vn -0.989763497159 0.142717271878 1.73255509738e-9
vn -0.999575640911 0.0291296772780 -1.04895006521e-9
vn -0.859105476990 0.0976008410766 -0.502406066072
vn -0.862473477758 0.0250979323727 -0.505479568286
vn -0.859105476990 0.0976008410766 -0.502406066072
vn -0.862473477758 0.0250979323727 -0.505479568286
vn 0.00000000000 0.00000000000 -1.00000000000
vn 0.00000000000 0.00000000000 -1.00000000000
vn 0.862511485669 0.0237485441515 -0.505479914280
vn 0.859493556411 0.0924766886237 -0.502711536122
vn 0.862511485669 0.0237485441515 -0.505479914280
vn 0.859493556411 0.0924766886237 -0.502711536122
vn 0.999620173741 0.0275591772480 -9.92604639845e-10
vn 0.990797272512 0.135354219671 2.58849539514e-9
vn 0.999620173741 0.0275591772480 -9.92604639845e-10
vn 0.990797272512 0.135354219671 2.58849539514e-9
vn 0.862511484181 0.0237486167537 0.505479913408
vn 0.859493561740 0.0924766221419 0.502711539239
vn 0.862511484181 0.0237486167537 0.505479913408
vn 0.859493561740 0.0924766221419 0.502711539239
vn 0.00000000000 0.00000000000 1.00000000000
vn 0.00000000000 0.00000000000 1.00000000000
vn -0.862473477718 -0.0250979342342 0.505479568263
vn -0.859105476990 -0.0976008410766 0.502406066072
vn -0.862473477718 -0.0250979342342 0.505479568263
vn -0.859105476990 -0.0976008410766 0.502406066072
vn -0.999575640856 -0.0291296791390 1.04895017617e-9
vn -0.989763497159 -0.142717271878 -1.73255498636e-9
vn -0.999575640856 -0.0291296791390 1.04895017617e-9
vn -0.989763497159 -0.142717271878 -1.73255498636e-9
vn -0.862473476145 -0.0250980068316 -0.505479567341
vn -0.859105481363 -0.0976007894194 -0.502406068630
vn -0.862473476145 -0.0250980068316 -0.505479567341
vn -0.859105481363 -0.0976007894194 -0.502406068630
vn 0.00000000000 0.00000000000 -1.00000000000
vn 0.00000000000 0.00000000000 -1.00000000000
vn 0.916169636955 0.125107466294 -0.380764124098
vn 0.893596957547 0.247788253317 -0.374279920623
vn 0.916169636955 0.125107466294 -0.380764124098
vn 0.893596957547 0.247788253317 -0.374279920623
vn 0.986509751575 0.163702504709 2.66674152463e-9
vn 0.963611996322 0.267304920538 -3.54574849645e-9
vn 0.986509751575 0.163702504709 2.66674152463e-9
vn 0.963611996322 0.267304920538 -3.54574849645e-9
vn 0.916169643786 0.125107407622 0.380764126937
vn 0.893596950948 0.247788281290 0.374279917859
vn 0.916169643786 0.125107407622 0.380764126937
vn 0.893596950948 0.247788281290 0.374279917859
vn 0.00000000000 0.00000000000 1.00000000000
vn 0.00000000000 0.00000000000 1.00000000000
vn -0.915303085337 -0.131920050845 0.380548764494
vn -0.890418790237 -0.260285264814 0.373371074017
vn -0.915303085337 -0.131920050845 0.380548764494
vn -0.890418790237 -0.260285264814 0.373371074017
vn -0.985006166549 -0.172519134766 -1.40195978895e-9
vn -0.959800314650 -0.280683729484 9.83944271364e-10
vn -0.985006166549 -0.172519134766 -1.40195978895e-9
vn -0.959800314650 -0.280683729484 9.83944271364e-10
vn -0.915303090734 -0.131920006920 -0.380548766739
vn -0.890418783330 -0.260285292598 -0.373371071121
vn -0.915303090734 -0.131920006920 -0.380548766739
vn -0.890418783330 -0.260285292598 -0.373371071121
vn 0.00000000000 0.00000000000 -1.00000000000
vn 0.00000000000 0.00000000000 -1.00000000000
vn 0.861016059501 0.354541937632 -0.364624957651
vn 0.861016059501 0.354541937632 -0.364624957651
vn 0.924638916929 0.380844946535 1.65304901302e-9
vn 0.924638916929 0.380844946535 1.65304901302e-9
vn 0.861016059501 0.354541937632 0.364624957651
vn 0.861016059501 0.354541937632 0.364624957651
vn 0.00000000000 0.00000000000 1.00000000000
vn 0.00000000000 0.00000000000 1.00000000000
vn -0.854834542576 -0.371018254639 0.362771773356
vn -0.854834542576 -0.371018254639 0.362771773356
vn -0.917280896578 -0.398240827606 1.49771734493e-17
vn -0.917280896578 -0.398240827606 1.49771734493e-17
vn -0.854834542576 -0.371018254639 -0.362771773356
vn -0.854834542576 -0.371018254639 -0.362771773356
vn 0.00000000000 0.00000000000 -1.00000000000
vn 0.00000000000 0.00000000000 -1.00000000000
vn 0.824434237999 0.442036727357 -0.353428520189
vn 0.824434237999 0.442036727357 -0.353428520189
vn 0.881270952338 0.472611371599 0.00000000000
vn 0.881270952338 0.472611371599 0.00000000000
vn 0.824434237999 0.442036727357 0.353428520189
vn 0.824434237999 0.442036727357 0.353428520189
vn 0.00000000000 0.00000000000 1.00000000000
vn 0.00000000000 0.00000000000 1.00000000000
vn -0.814650882204 -0.462151670172 0.350370909010
vn -0.814650882204 -0.462151670172 0.350370909010
vn -0.869734468594 -0.493519963263 -1.47632780789e-17
vn -0.869734468594 -0.493519963263 -1.47632780789e-17
vn -0.814650882204 -0.462151670172 -0.350370909010
vn -0.814650882204 -0.462151670172 -0.350370909010
vn 0.00000000000 -0.00234797570200 -0.999997243501
vn 0.00000000000 -0.00469599059150 -0.999988973775
vn 0.768741180794 0.544297926753 -0.335822518429
vn 0.768741180794 0.544297926753 -0.335822518429
vn 0.816271897050 0.577667889091 3.65469275237e-9
vn 0.816271897050 0.577667889091 3.65469275237e-9
vn 0.768741180794 0.544297926753 0.335822518429
vn 0.768741180794 0.544297926753 0.335822518429
vn 0.00000000000 -0.00234797570200 0.999997243501
vn 0.00000000000 -0.00469599059150 0.999988973775
vn -0.750176541977 -0.573491925625 0.329153713501
vn -0.750176541977 -0.573491925625 0.329153713501
vn -0.794129473911 -0.607748614697 1.12311088587e-10
vn -0.794129473911 -0.607748614697 1.12311088587e-10
vn -0.750176541977 -0.573491925625 -0.329153713501
vn -0.750176541977 -0.573491925625 -0.329153713501
vn 0.00000000000 -0.00234797570200 -0.999997243501
vn 0.00000000000 -0.00469599059150 -0.999988973775
vn 0.768741180794 0.544297926753 -0.335822518429
vn 0.768741180794 0.544297926753 -0.335822518429
vn 0.816271897050 0.577667889091 3.65469275237e-9
vn 0.816271897050 0.577667889091 3.65469275237e-9
vn 0.768741180794 0.544297926753 0.335822518429
vn 0.768741180794 0.544297926753 0.335822518429
vn 0.00000000000 -0.00234797570200 0.999997243501
vn 0.00000000000 -0.00469599059150 0.999988973775
vn -0.750176541977 -0.573491925625 0.329153713501
vn -0.750176541977 -0.573491925625 0.329153713501
vn -0.794129473911 -0.607748614697 1.12311088587e-10
vn -0.794129473911 -0.607748614697 1.12311088587e-10
vn -0.750176541977 -0.573491925625 -0.329153713501
vn -0.750176541977 -0.573491925625 -0.329153713501
vn 0.00000000000 -0.200429609552 -0.979708105312
vn 0.00000000000 -0.253161279659 -0.967424088227
vn 0.637194523885 0.708469937997 -0.303403173493
vn 0.637194523885 0.708469937997 -0.303403173493
vn 0.680416656928 0.732825472384 -3.55122671554e-9
vn 0.680416656928 0.732825472384 -3.55122671554e-9
vn 0.637194496978 0.708469967684 0.303403160681
vn 0.637194496978 0.708469967684 0.303403160681
vn 0.00000000000 -0.200429609552 0.979708105312
vn 0.00000000000 -0.253161279659 0.967424088227
vn -0.632932598102 -0.627503568683 0.453470613766
vn -0.632932598102 -0.627503568683 0.453470613766
vn -0.728838242923 -0.684685924825 -1.09229462450e-10
vn -0.728838242923 -0.684685924825 -1.09229462450e-10
vn -0.648746420278 -0.629893590652 -0.427038811623
vn -0.648746420278 -0.629893590652 -0.427038811623
vn -0.378421508635 -0.462404123835 -0.801860080103
vn -0.378421508635 -0.462404123835 -0.801860080103
vn 0.00000000000 -0.253161279659 -0.967424088227
vn 0.637194523885 0.708469937997 -0.303403173493
vn 0.637194523885 0.708469937997 -0.303403173493
vn 0.680416656928 0.732825472384 -3.55122671554e-9
vn 0.680416656928 0.732825472384 -3.55122671554e-9
vn 0.637194496978 0.708469967684 0.303403160681
vn 0.637194496978 0.708469967684 0.303403160681
vn 0.00000000000 -0.200429609552 0.979708105312
vn -0.375555812822 -0.481831281748 0.791704772869
vn -0.375555812822 -0.481831281748 0.791704772869
vn -0.632932598102 -0.627503568683 0.453470613766
vn -0.632932598102 -0.627503568683 0.453470613766
vn -0.728838242923 -0.684685924825 -1.09229462450e-10
vn -0.728838242923 -0.684685924825 -1.09229462450e-10
vn -0.648746420278 -0.629893590652 -0.427038811623
vn -0.648746420278 -0.629893590652 -0.427038811623
vn -0.412054591823 -0.498186520813 -0.762903141846
vn -0.145980789134 -0.351352718749 -0.924792342222
vn -0.145980789134 -0.351352718749 -0.924792342222
vn 0.468144662752 0.852686657305 -0.231875050815
vn 0.468144662752 0.852686657305 -0.231875050815
vn 0.489482364660 0.872013196395 -5.37622825981e-10
vn 0.489482364660 0.872013196395 -5.37622825981e-10
vn 0.468144662752 0.852686657305 0.231875050815
vn 0.468144662752 0.852686657305 0.231875050815
vn -0.145565557643 -0.363317050434 0.920223553976
vn -0.409149616291 -0.513682483791 0.754139839376
vn -0.145565557643 -0.363317050434 0.920223553976
vn -0.678238029749 -0.637613709511 0.365297046861
vn -0.554459750275 -0.700534164429 0.449250787191
vn -0.678238029749 -0.637613709511 0.365297046861
vn -0.554459750275 -0.700534164429 0.449250787191
vn -0.646634289547 -0.762800167529 2.05967594847e-17
vn -0.646634289547 -0.762800167529 2.05967594847e-17
vn -0.693963334940 -0.638182865688 -0.333372943864
vn -0.554459750275 -0.700534164429 -0.449250787191
vn -0.693963334940 -0.638182865688 -0.333372943864
vn -0.554459750275 -0.700534164429 -0.449250787191
vn 0.00000000000 -0.226195651891 -0.974081889302
vn 0.00000000000 -0.123490945537 -0.992345699023
vn 0.00000000000 -0.226195651891 -0.974081889302
vn 0.00000000000 -0.226195651891 -0.974081889302
vn 0.468144662752 0.852686657305 -0.231875050815
vn 0.468144662752 0.852686657305 -0.231875050815
vn 0.489482364660 0.872013196395 -5.37622825981e-10
vn 0.489482364660 0.872013196395 -5.37622825981e-10
vn 0.468144662752 0.852686657305 0.231875050815
vn 0.468144662752 0.852686657305 0.231875050815
vn 0.00000000000 -0.242106405789 0.970249704084
vn 0.00000000000 -0.242106405789 0.970249704084
vn 0.00000000000 -0.242106405789 0.970249704084
vn 0.00000000000 -0.0990649557124 0.995080968841
vn -0.638585439438 -0.720180918752 0.271197494096
vn -0.444477191426 -0.872111958326 0.204599018685
vn -0.638585439438 -0.720180918752 0.271197494096
vn -0.444477191426 -0.872111958326 0.204599018685
vn -0.448410008737 -0.893827983487 -1.51271981439e-13
vn -0.448410008737 -0.893827983487 -1.51271981439e-13
vn -0.638585439438 -0.720180918752 -0.271197494096
vn -0.444477191426 -0.872111958326 -0.204599018685
vn -0.638585439438 -0.720180918752 -0.271197494096
vn -0.444477191426 -0.872111958326 -0.204599018685
vn 0.00000000000 -0.123490945537 -0.992345699023
vn 0.00000000000 -0.123490945537 -0.992345699023
vn 0.460923365016 0.871017976088 -0.169933330792
vn 0.116134236701 0.993233526954 6.79156026333e-10
vn 0.460923365016 0.871017976088 -0.169933330792
vn 0.116134236701 0.993233526954 6.79156026333e-10
vn 0.116134236701 0.993233526954 6.79156026333e-10
vn 0.460923365016 0.871017976088 0.169933330792
vn 0.460923365016 0.871017976088 0.169933330792
vn 0.116134236701 0.993233526954 6.79156026333e-10
vn 0.00000000000 -0.0990649557124 0.995080968841
vn 0.00000000000 -0.0990649557124 0.995080968841
vn -0.433212049587 -0.898937420200 0.0651063334641
vn -0.433212049587 -0.898937420200 0.0651063334641
vn -0.433212049587 -0.898937420200 0.0651063334641
vn -0.433212049587 -0.898937420200 0.0651063334641
vn -0.448410008737 -0.893827983487 -1.51271981439e-13
vn -0.448410008737 -0.893827983487 -1.51271981439e-13
vn -0.433212049587 -0.898937420200 -0.0651063334641
vn -0.433212049587 -0.898937420200 -0.0651063334641
vn -0.433212049587 -0.898937420200 -0.0651063334641
vn -0.433212049587 -0.898937420200 -0.0651063334641
vn 0.116134236701 -0.993233526954 -6.79156026333e-10
vn 0.116134236701 0.993233526954 6.79156026333e-10
vn 0.116134236701 -0.993233526954 -6.79156026333e-10
vn 0.116134236701 0.993233526954 6.79156026333e-10
vn 0.116134236701 -0.993233526954 -6.79156026333e-10
vn 0.116134236701 0.993233526954 6.79156026333e-10
vn 0.116134236701 -0.993233526954 -6.79156026333e-10
vn 0.116134236701 0.993233526954 6.79156026333e-10
f 459/459/459 460/460/460 461/461/461
f 461/461/461 460/460/460 462/462/462
f 463/463/463 464/464/464 465/465/465
f 465/465/465 464/464/464 466/466/466
f 465/465/465 467/467/467 468/468/468
f 468/468/468 467/467/467 469/469/469
f 468/468/468 470/470/470 471/471/471
f 471/471/471 470/470/470 472/472/472
f 473/473/473 474/474/474 475/475/475
f 475/475/475 474/474/474 476/476/476
f 477/477/477 478/478/478 479/479/479
f 479/479/479 478/478/478 480/480/480
f 481/481/481 482/482/482 483/483/483
f 483/483/483 482/482/482 484/484/484
f 485/485/485 486/486/486 487/487/487
f 487/487/487 486/486/486 488/488/488
f 460/460/460 489/489/489 462/462/462
f 462/462/462 489/489/489 490/490/490
f 491/491/491 492/492/492 493/493/493
f 493/493/493 492/492/492 494/494/494
f 467/467/467 495/495/495 469/469/469
f 469/469/469 495/495/495 496/496/496
f 497/497/497 498/498/498 499/499/499
f 499/499/499 498/498/498 500/500/500
f 474/474/474 501/501/501 476/476/476
f 476/476/476 501/501/501 502/502/502
f 503/503/503 504/504/504 505/505/505
f 505/505/505 504/504/504 506/506/506
f 482/482/482 507/507/507 484/484/484
f 484/484/484 507/507/507 508/508/508
f 509/509/509 510/510/510 511/511/511
f 511/511/511 510/510/510 512/512/512
f 513/513/513 514/514/514 515/515/515
f 515/515/515 514/514/514 516/516/516
f 492/492/492 517/517/517 494/494/494
f 494/494/494 517/517/517 518/518/518
f 495/495/495 519/519/519 496/496/496
f 496/496/496 519/519/519 520/520/520
f 498/498/498 521/521/521 500/500/500
f 500/500/500 521/521/521 522/522/522
f 523/523/523 524/524/524 525/525/525
f 525/525/525 524/524/524 526/526/526
f 527/527/527 528/528/528 529/529/529
f 529/529/529 528/528/528 530/530/530
f 507/507/507 531/531/531 508/508/508
f 508/508/508 531/531/531 532/532/532
f 533/533/533 534/534/534 535/535/535
f 535/535/535 534/534/534 536/536/536
f 537/537/537 538/538/538 516/516/516
f 516/516/516 538/538/538 539/539/539
f 517/517/517 540/540/540 518/518/518
f 518/518/518 540/540/540 541/541/541
f 519/519/519 542/542/542 520/520/520
f 520/520/520 542/542/542 543/543/543
f 521/521/521 544/544/544 522/522/522
f 522/522/522 544/544/544 545/545/545
f 524/524/524 546/546/546 547/547/547
f 547/547/547 546/546/546 548/548/548
f 549/549/549 550/550/550 551/551/551
f 551/551/551 550/550/550 552/552/552
f 531/531/531 553/553/553 532/532/532
f 532/532/532 553/553/553 554/554/554
f 555/555/555 556/556/556 557/557/557
f 557/557/557 556/556/556 558/558/558
f 559/559/559 560/560/560 561/561/561
f 561/561/561 560/560/560 562/562/562
f 540/540/540 563/563/563 541/541/541
f 541/541/541 563/563/563 564/564/564
f 542/542/542 565/565/565 543/543/543
f 543/543/543 565/565/565 566/566/566
f 544/544/544 567/567/567 545/545/545
f 545/545/545 567/567/567 568/568/568
f 569/569/569 570/570/570 571/571/571
f 571/571/571 570/570/570 572/572/572
f 550/550/550 573/573/573 552/552/552
f 552/552/552 573/573/573 574/574/574
f 553/553/553 575/575/575 554/554/554
f 554/554/554 575/575/575 576/576/576
f 556/556/556 577/577/577 558/558/558
f 558/558/558 577/577/577 578/578/578
f 560/560/560 579/579/579 562/562/562
f 562/562/562 579/579/579 580/580/580
f 563/563/563 581/581/581 564/564/564
f 564/564/564 581/581/581 582/582/582
f 565/565/565 583/583/583 566/566/566
f 566/566/566 583/583/583 584/584/584
f 567/567/567 585/585/585 568/568/568
f 568/568/568 585/585/585 586/586/586
f 570/570/570 587/587/587 572/572/572
f 572/572/572 587/587/587 588/588/588
f 573/573/573 589/589/589 574/574/574
f 574/574/574 589/589/589 590/590/590
f 575/575/575 591/591/591 576/576/576
f 576/576/576 591/591/591 592/592/592
f 577/577/577 593/593/593 578/578/578
f 578/578/578 593/593/593 594/594/594
f 579/579/579 595/595/595 580/580/580
f 580/580/580 595/595/595 596/596/596
f 581/581/581 597/597/597 582/582/582
f 582/582/582 597/597/597 598/598/598
f 583/583/583 599/599/599 584/584/584
f 584/584/584 599/599/599 600/600/600
f 585/585/585 601/601/601 586/586/586
f 586/586/586 601/601/601 602/602/602
f 587/587/587 603/603/603 588/588/588
f 588/588/588 603/603/603 604/604/604
f 589/589/589 605/605/605 590/590/590
f 590/590/590 605/605/605 606/606/606
f 591/591/591 607/607/607 592/592/592
f 592/592/592 607/607/607 608/608/608
f 593/593/593 609/609/609 594/594/594
f 594/594/594 609/609/609 610/610/610
f 595/595/595 611/611/611 596/596/596
f 596/596/596 611/611/611 612/612/612
f 597/597/597 613/613/613 598/598/598
f 598/598/598 613/613/613 614/614/614
f 599/599/599 615/615/615 600/600/600
f 600/600/600 615/615/615 616/616/616
f 601/601/601 617/617/617 602/602/602
f 602/602/602 617/617/617 618/618/618
f 603/603/603 619/619/619 604/604/604
f 604/604/604 619/619/619 620/620/620
f 605/605/605 621/621/621 606/606/606
f 606/606/606 621/621/621 622/622/622
f 607/607/607 623/623/623 608/608/608
f 608/608/608 623/623/623 624/624/624
f 609/609/609 625/625/625 610/610/610
f 610/610/610 625/625/625 626/626/626
f 611/611/611 627/627/627 612/612/612
f 612/612/612 627/627/627 628/628/628
f 613/613/613 629/629/629 614/614/614
f 614/614/614 629/629/629 630/630/630
f 615/615/615 631/631/631 616/616/616
f 616/616/616 631/631/631 632/632/632
f 617/617/617 633/633/633 618/618/618
f 618/618/618 633/633/633 634/634/634
f 619/619/619 635/635/635 620/620/620
f 620/620/620 635/635/635 636/636/636
f 621/621/621 637/637/637 622/622/622
f 622/622/622 637/637/637 638/638/638
f 623/623/623 639/639/639 624/624/624
f 624/624/624 639/639/639 640/640/640
f 625/625/625 641/641/641 626/626/626
f 626/626/626 641/641/641 642/642/642
f 627/627/627 643/643/643 628/628/628
f 628/628/628 643/643/643 644/644/644
f 629/629/629 645/645/645 630/630/630
f 630/630/630 645/645/645 646/646/646
f 631/631/631 647/647/647 632/632/632
f 632/632/632 647/647/647 648/648/648
f 633/633/633 649/649/649 634/634/634
f 634/634/634 649/649/649 650/650/650
f 635/635/635 651/651/651 636/636/636
f 636/636/636 651/651/651 652/652/652
f 637/637/637 653/653/653 638/638/638
f 638/638/638 653/653/653 654/654/654
f 639/639/639 655/655/655 640/640/640
f 640/640/640 655/655/655 656/656/656
f 641/641/641 657/657/657 642/642/642
f 642/642/642 657/657/657 658/658/658
f 643/643/643 659/659/659 644/644/644
f 644/644/644 659/659/659 660/660/660
f 661/661/661 662/662/662 663/663/663
f 663/663/663 662/662/662 664/664/664
f 665/665/665 666/666/666 667/667/667
f 667/667/667 666/666/666 668/668/668
f 669/669/669 670/670/670 671/671/671
f 671/671/671 670/670/670 672/672/672
f 651/651/651 673/673/673 652/652/652
f 652/652/652 673/673/673 674/674/674
f 675/675/675 676/676/676 677/677/677
f 677/677/677 676/676/676 678/678/678
f 679/679/679 680/680/680 681/681/681
f 681/681/681 680/680/680 682/682/682
f 683/683/683 684/684/684 685/685/685
f 685/685/685 684/684/684 686/686/686
f 659/659/659 687/687/687 660/660/660
f 660/660/660 687/687/687 688/688/688
f 689/689/689 690/690/690 691/691/691
f 691/691/691 690/690/690 692/692/692
f 693/693/693 694/694/694 695/695/695
f 695/695/695 694/694/694 696/696/696
f 697/697/697 698/698/698 699/699/699
f 699/699/699 698/698/698 700/700/700
f 673/673/673 701/701/701 674/674/674
f 674/674/674 701/701/701 702/702/702
f 703/703/703 704/704/704 705/705/705
f 705/705/705 704/704/704 706/706/706
f 707/707/707 708/708/708 709/709/709
f 709/709/709 708/708/708 710/710/710
f 711/711/711 712/712/712 713/713/713
f 713/713/713 712/712/712 714/714/714
f 687/687/687 715/715/715 688/688/688
f 688/688/688 715/715/715 716/716/716
f 717/717/717 718/718/718 719/719/719
f 719/719/719 718/718/718 720/720/720
f 721/721/721 722/722/722 723/723/723
f 723/723/723 722/722/722 724/724/724
f 725/725/725 726/726/726 727/727/727
f 727/727/727 726/726/726 728/728/728
f 701/701/701 729/729/729 702/702/702
f 702/702/702 729/729/729 730/730/730
f 731/731/731 732/732/732 733/733/733
f 733/733/733 732/732/732 734/734/734
f 735/735/735 736/736/736 737/737/737
f 737/737/737 736/736/736 738/738/738
f 739/739/739 740/740/740 741/741/741
f 741/741/741 740/740/740 742/742/742
f 715/715/715 743/743/743 716/716/716
f 716/716/716 743/743/743 744/744/744
f 718/718/718 745/745/745 720/720/720
f 720/720/720 745/745/745 746/746/746
f 722/722/722 747/747/747 724/724/724
f 724/724/724 747/747/747 748/748/748
f 726/726/726 749/749/749 728/728/728
f 728/728/728 749/749/749 750/750/750
f 729/729/729 751/751/751 730/730/730
f 730/730/730 751/751/751 752/752/752
f 732/732/732 753/753/753 734/734/734
f 734/734/734 753/753/753 754/754/754
f 736/736/736 755/755/755 738/738/738
f 738/738/738 755/755/755 756/756/756
f 740/740/740 757/757/757 742/742/742
f 742/742/742 757/757/757 758/758/758
f 743/743/743 759/759/759 744/744/744
f 744/744/744 759/759/759 760/760/760
f 745/745/745 761/761/761 746/746/746
f 746/746/746 761/761/761 762/762/762
f 747/747/747 763/763/763 748/748/748
f 748/748/748 763/763/763 764/764/764
f 749/749/749 765/765/765 750/750/750
f 750/750/750 765/765/765 766/766/766
f 751/751/751 767/767/767 752/752/752
f 752/752/752 767/767/767 768/768/768
f 753/753/753 769/769/769 754/754/754
f 754/754/754 769/769/769 770/770/770
f 755/755/755 771/771/771 756/756/756
f 756/756/756 771/771/771 772/772/772
f 757/757/757 773/773/773 758/758/758
f 758/758/758 773/773/773 774/774/774
f 759/759/759 775/775/775 760/760/760
f 760/760/760 775/775/775 776/776/776
f 761/761/761 777/777/777 762/762/762
f 762/762/762 777/777/777 778/778/778
f 763/763/763 779/779/779 764/764/764
f 764/764/764 779/779/779 780/780/780
f 765/765/765 781/781/781 766/766/766
f 766/766/766 781/781/781 782/782/782
f 767/767/767 783/783/783 768/768/768
f 768/768/768 783/783/783 784/784/784
f 769/769/769 785/785/785 770/770/770
f 770/770/770 785/785/785 786/786/786
f 771/771/771 787/787/787 772/772/772
f 772/772/772 787/787/787 788/788/788
f 773/773/773 789/789/789 774/774/774
f 774/774/774 789/789/789 790/790/790
f 775/775/775 791/791/791 776/776/776
f 776/776/776 791/791/791 792/792/792
f 777/777/777 793/793/793 778/778/778
f 778/778/778 793/793/793 794/794/794
f 779/779/779 795/795/795 780/780/780
f 780/780/780 795/795/795 796/796/796
f 781/781/781 797/797/797 782/782/782
f 782/782/782 797/797/797 798/798/798
f 783/783/783 799/799/799 784/784/784
f 784/784/784 799/799/799 800/800/800
f 785/785/785 801/801/801 786/786/786
f 786/786/786 801/801/801 802/802/802
f 787/787/787 803/803/803 788/788/788
f 788/788/788 803/803/803 804/804/804
f 789/789/789 805/805/805 790/790/790
f 790/790/790 805/805/805 806/806/806
f 791/791/791 807/807/807 792/792/792
f 792/792/792 807/807/807 808/808/808
f 793/793/793 809/809/809 794/794/794
f 794/794/794 809/809/809 810/810/810
f 795/795/795 811/811/811 796/796/796
f 796/796/796 811/811/811 812/812/812
f 797/797/797 813/813/813 798/798/798
f 798/798/798 813/813/813 814/814/814
f 799/799/799 815/815/815 800/800/800
f 800/800/800 815/815/815 816/816/816
f 801/801/801 817/817/817 802/802/802
f 802/802/802 817/817/817 818/818/818
f 803/803/803 819/819/819 804/804/804
f 804/804/804 819/819/819 820/820/820
f 805/805/805 821/821/821 806/806/806
f 806/806/806 821/821/821 822/822/822
f 823/823/823 824/824/824 808/808/808
f 808/808/808 824/824/824 825/825/825
f 809/809/809 826/826/826 810/810/810
f 810/810/810 826/826/826 827/827/827
f 811/811/811 828/828/828 812/812/812
f 812/812/812 828/828/828 829/829/829
f 813/813/813 830/830/830 814/814/814
f 814/814/814 830/830/830 831/831/831
f 815/815/815 832/832/832 833/833/833
f 833/833/833 832/832/832 834/834/834
f 817/817/817 835/835/835 818/818/818
f 818/818/818 835/835/835 836/836/836
f 819/819/819 837/837/837 820/820/820
f 820/820/820 837/837/837 838/838/838
f 821/821/821 839/839/839 822/822/822
f 822/822/822 839/839/839 840/840/840
f 841/841/841 842/842/842 825/825/825
f 825/825/825 842/842/842 843/843/843
f 826/826/826 844/844/844 827/827/827
f 827/827/827 844/844/844 845/845/845
f 828/828/828 846/846/846 829/829/829
f 829/829/829 846/846/846 847/847/847
f 830/830/830 848/848/848 831/831/831
f 831/831/831 848/848/848 849/849/849
f 832/832/832 850/850/850 851/851/851
f 851/851/851 850/850/850 852/852/852
f 853/853/853 854/854/854 855/855/855
f 855/855/855 854/854/854 856/856/856
f 837/837/837 857/857/857 838/838/838
f 838/838/838 857/857/857 858/858/858
f 859/859/859 860/860/860 861/861/861
f 861/861/861 860/860/860 862/862/862
f 863/863/863 864/864/864 865/865/865
f 865/865/865 864/864/864 866/866/866
f 844/844/844 867/867/867 845/845/845
f 845/845/845 867/867/867 868/868/868
f 846/846/846 869/869/869 847/847/847
f 847/847/847 869/869/869 870/870/870
f 848/848/848 871/871/871 849/849/849
f 849/849/849 871/871/871 872/872/872
f 873/873/873 874/874/874 875/875/875
f 875/875/875 874/874/874 876/876/876
f 877/877/877 878/878/878 879/879/879
f 879/879/879 878/878/878 880/880/880
f 857/857/857 881/881/881 858/858/858
f 858/858/858 881/881/881 882/882/882
f 883/883/883 884/884/884 885/885/885
f 885/885/885 884/884/884 886/886/886
f 864/864/864 887/887/887 866/866/866
f 866/866/866 887/887/887 888/888/888
f 889/889/889 890/890/890 891/891/891
f 891/891/891 890/890/890 892/892/892
f 869/869/869 892/892/892 870/870/870
f 870/870/870 892/892/892 893/893/893
f 894/894/894 893/893/893 895/895/895
f 895/895/895 893/893/893 896/896/896
f 874/874/874 897/897/897 876/876/876
f 876/876/876 897/897/897 898/898/898
f 899/899/899 900/900/900 901/901/901
f 901/901/901 900/900/900 902/902/902
f 881/881/881 903/903/903 882/882/882
f 882/882/882 903/903/903 904/904/904
f 905/905/905 906/906/906 907/907/907
f 907/907/907 906/906/906 908/908/908
f 909/909/909 463/463/463 465/465/465
f 910/910/910 892/892/892 890/890/890
f 909/909/909 465/465/465 468/468/468
f 910/910/910 893/893/893 892/892/892
f 909/909/909 468/468/468 471/471/471
f 910/910/910 896/896/896 893/893/893
f 909/909/909 471/471/471 911/911/911
f 910/910/910 912/912/912 896/896/896
f 909/909/909 911/911/911 913/913/913
f 910/910/910 914/914/914 912/912/912
f 909/909/909 913/913/913 915/915/915
f 910/910/910 916/916/916 914/914/914
o S11
v -0.00400000018999 1.44700000262 0.0154499998316
v -0.00400000018999 1.44700000262 0.0180500000715
v -0.00398390786722 1.44829000360 0.0178189501166
v -0.00398390786722 1.44829000360 0.0204273387790
v -0.00400000018999 1.44700000262 0.0180500000715
v -0.00380000006407 1.44700000262 0.0182499997318
v -0.00398390786722 1.44829000360 0.0204273387790
v -0.00378390797414 1.44829000360 0.0206273384392
v -0.00380000006407 1.44700000262 0.0182499997318
v 0.00380000006407 1.44700000262 0.0182499997318
v -0.00378390797414 1.44829000360 0.0206273384392
v 0.00378390797414 1.44829000360 0.0206273384392
v 0.00380000006407 1.44700000262 0.0182499997318
v 0.00400000018999 1.44700000262 0.0180500000715
v 0.00378390797414 1.44829000360 0.0206273384392
v 0.00398390786722 1.44829000360 0.0204273387790
v 0.00400000018999 1.44700000262 0.0180500000715
v 0.00400000018999 1.44700000262 0.0154499998316
v 0.00398390786722 1.44829000360 0.0204273387790
v 0.00398390786722 1.44829000360 0.0178189501166
v 0.00400000018999 1.44700000262 0.0154499998316
v 0.00380000006407 1.44700000262 0.0152500001714
v 0.00398390786722 1.44829000360 0.0178189501166
v 0.00378390797414 1.44829000360 0.0176189504564
v 0.00380000006407 1.44700000262 0.0152500001714
v -0.00380000006407 1.44700000262 0.0152500001714
v 0.00378390797414 1.44829000360 0.0176189504564
v -0.00378390797414 1.44829000360 0.0176189504564
v -0.00380000006407 1.44700000262 0.0152500001714
v -0.00400000018999 1.44700000262 0.0154499998316
v -0.00378390797414 1.44829000360 0.0176189504564
v -0.00398390786722 1.44829000360 0.0178189501166
v -0.00391107099131 1.45022500134 0.0199740584940
v -0.00391107099131 1.45022500134 0.0225378703326
v -0.00391107099131 1.45022500134 0.0225378703326
v -0.00371107109822 1.45022500134 0.0227378699929
v -0.00378390797414 1.44829000360 0.0206273384392
v 0.00378390797414 1.44829000360 0.0206273384392
v -0.00371107109822 1.45022500134 0.0227378699929
v 0.00371107109822 1.45022500134 0.0227378699929
v 0.00371107109822 1.45022500134 0.0227378699929
v 0.00391107099131 1.45022500134 0.0225378703326
v 0.00391107099131 1.45022500134 0.0225378703326
v 0.00391107099131 1.45022500134 0.0199740584940
v 0.00391107099131 1.45022500134 0.0199740584940
v 0.00371107109822 1.45022500134 0.0197740588337
v 0.00371107109822 1.45022500134 0.0197740588337
v -0.00371107109822 1.45022500134 0.0197740588337
v -0.00371107109822 1.45022500134 0.0197740588337
v -0.00391107099131 1.45022500134 0.0199740584940
v -0.00372192775831 1.45345000005 0.0228892378509
v -0.00372192775831 1.45345000005 0.0252393037081
v -0.00372192775831 1.45345000005 0.0252393037081
v -0.00352192763239 1.45345000005 0.0254393033683
v -0.00352192763239 1.45345000005 0.0254393033683
v 0.00352192763239 1.45345000005 0.0254393033683
v 0.00352192763239 1.45345000005 0.0254393033683
v 0.00372192775831 1.45345000005 0.0252393037081
v 0.00372192775831 1.45345000005 0.0252393037081
v 0.00372192775831 1.45345000005 0.0228892378509
v 0.00372192775831 1.45345000005 0.0228892378509
v 0.00352192763239 1.45345000005 0.0226892381907
v 0.00352192763239 1.45345000005 0.0226892381907
v -0.00352192763239 1.45345000005 0.0226892381907
v -0.00352192763239 1.45345000005 0.0226892381907
v -0.00372192775831 1.45345000005 0.0228892378509
v -0.00351514574140 1.45774999833 0.0261741988361
v -0.00351514574140 1.45774999833 0.0282040536404
v -0.00372192775831 1.45345000005 0.0252393037081
v -0.00352192763239 1.45345000005 0.0254393033683
v -0.00351514574140 1.45774999833 0.0282040536404
v -0.00331514584832 1.45774999833 0.0284040533006
v -0.00331514584832 1.45774999833 0.0284040533006
v 0.00331514584832 1.45774999833 0.0284040533006
v 0.00352192763239 1.45345000005 0.0254393033683
v 0.00372192775831 1.45345000005 0.0252393037081
v 0.00331514584832 1.45774999833 0.0284040533006
v 0.00351514574140 1.45774999833 0.0282040536404
v 0.00351514574140 1.45774999833 0.0282040536404
v 0.00351514574140 1.45774999833 0.0261741988361
v 0.00351514574140 1.45774999833 0.0261741988361
v 0.00331514584832 1.45774999833 0.0259741991758
v 0.00331514584832 1.45774999833 0.0259741991758
v -0.00331514584832 1.45774999833 0.0259741991758
v -0.00331514584832 1.45774999833 0.0259741991758
v -0.00351514574140 1.45774999833 0.0261741988361
v -0.00350000010803 1.46420000321 0.0302371606231
v -0.00350000010803 1.46420000321 0.0321444980800
v -0.00350000010803 1.46420000321 0.0321444980800
v -0.00329999998212 1.46420000321 0.0323444977403
v -0.00329999998212 1.46420000321 0.0323444977403
v 0.00329999998212 1.46420000321 0.0323444977403
v 0.00329999998212 1.46420000321 0.0323444977403
v 0.00350000010803 1.46420000321 0.0321444980800
v 0.00350000010803 1.46420000321 0.0321444980800
v 0.00350000010803 1.46420000321 0.0302371606231
v 0.00350000010803 1.46420000321 0.0302371606231
v 0.00329999998212 1.46420000321 0.0300371609628
v 0.00329999998212 1.46420000321 0.0300371609628
v -0.00329999998212 1.46420000321 0.0300371609628
v -0.00329999998212 1.46420000321 0.0300371609628
v -0.00350000010803 1.46420000321 0.0302371606231
v -0.00350000010803 1.47279999977 0.0348392389715
v -0.00350000010803 1.47279999977 0.0366672538221
v -0.00350000010803 1.47279999977 0.0366672538221
v -0.00329999998212 1.47279999977 0.0368672534823
v -0.00329999998212 1.47279999977 0.0368672534823
v 0.00329999998212 1.47279999977 0.0368672534823
v 0.00329999998212 1.47279999977 0.0368672534823
v 0.00350000010803 1.47279999977 0.0366672538221
v 0.00350000010803 1.47279999977 0.0366672538221
v 0.00350000010803 1.47279999977 0.0348392389715
v 0.00350000010803 1.47279999977 0.0348392389715
v 0.00329999998212 1.47279999977 0.0346392393112
v 0.00329999998212 1.47279999977 0.0346392393112
v -0.00329999998212 1.47279999977 0.0346392393112
v -0.00329999998212 1.47279999977 0.0346392393112
v -0.00350000010803 1.47279999977 0.0348392389715
v -0.00350000010803 1.48570000207 0.0405878983438
v -0.00350000010803 1.48570000207 0.0423407256603
v -0.00350000010803 1.48570000207 0.0423407256603
v -0.00329999998212 1.48570000207 0.0425407290459
v -0.00329999998212 1.48570000207 0.0425407290459
v 0.00329999998212 1.48570000207 0.0425407290459
v 0.00329999998212 1.48570000207 0.0425407290459
v 0.00350000010803 1.48570000207 0.0423407256603
v 0.00350000010803 1.48570000207 0.0423407256603
v 0.00350000010803 1.48570000207 0.0405878983438
v 0.00350000010803 1.48570000207 0.0405878983438
v 0.00329999998212 1.48570000207 0.0403878986835
v 0.00329999998212 1.48570000207 0.0403878986835
v -0.00329999998212 1.48570000207 0.0403878986835
v -0.00329999998212 1.48570000207 0.0403878986835
v -0.00350000010803 1.48570000207 0.0405878983438
v -0.00350000010803 1.50074999979 0.0459142886102
v -0.00350000010803 1.50074999979 0.0476063936949
v -0.00350000010803 1.50074999979 0.0476063936949
v -0.00329999998212 1.50074999979 0.0478063933551
v -0.00329999998212 1.50074999979 0.0478063933551
v 0.00329999998212 1.50074999979 0.0478063933551
v 0.00329999998212 1.50074999979 0.0478063933551
v 0.00350000010803 1.50074999979 0.0476063936949
v 0.00350000010803 1.50074999979 0.0476063936949
v 0.00350000010803 1.50074999979 0.0459142886102
v 0.00350000010803 1.50074999979 0.0459142886102
v 0.00329999998212 1.50074999979 0.0457142889500
v 0.00329999998212 1.50074999979 0.0457142889500
v -0.00329999998212 1.50074999979 0.0457142889500
v -0.00329999998212 1.50074999979 0.0457142889500
v -0.00350000010803 1.50074999979 0.0459142886102
v -0.00350000010803 1.51795000038 0.0503668971360
v -0.00350000010803 1.51795000038 0.0520098358393
v -0.00350000010803 1.51795000038 0.0520098358393
v -0.00329999998212 1.51795000038 0.0522098354995
v -0.00329999998212 1.51795000038 0.0522098354995
v 0.00329999998212 1.51795000038 0.0522098354995
v 0.00329999998212 1.51795000038 0.0522098354995
v 0.00350000010803 1.51795000038 0.0520098358393
v 0.00350000010803 1.51795000038 0.0520098358393
v 0.00350000010803 1.51795000038 0.0503668971360
v 0.00350000010803 1.51795000038 0.0503668971360
v 0.00329999998212 1.51795000038 0.0501668974757
v 0.00329999998212 1.51795000038 0.0501668974757
v -0.00329999998212 1.51795000038 0.0501668974757
v -0.00329999998212 1.51795000038 0.0501668974757
v -0.00350000010803 1.51795000038 0.0503668971360
v -0.00350000010803 1.53730000010 0.0533499829471
v -0.00350000010803 1.53730000010 0.0549596101046
v -0.00350000010803 1.53730000010 0.0549596101046
v -0.00329999998212 1.53730000010 0.0551596097648
v -0.00329999998212 1.53730000010 0.0551596097648
v 0.00329999998212 1.53730000010 0.0551596097648
v 0.00329999998212 1.53730000010 0.0551596097648
v 0.00350000010803 1.53730000010 0.0549596101046
v 0.00350000010803 1.53730000010 0.0549596101046
v 0.00350000010803 1.53730000010 0.0533499829471
v 0.00350000010803 1.53730000010 0.0533499829471
v 0.00329999998212 1.53730000010 0.0531499832869
v 0.00329999998212 1.53730000010 0.0531499832869
v -0.00329999998212 1.53730000010 0.0531499832869
v -0.00329999998212 1.53730000010 0.0531499832869
v -0.00350000010803 1.53730000010 0.0533499829471
v -0.00350000010803 1.55449999999 0.0542000010610
v -0.00350000010803 1.55449999999 0.0557999983430
v -0.00350000010803 1.53730000010 0.0549596101046
v -0.00329999998212 1.53730000010 0.0551596097648
v -0.00350000010803 1.55449999999 0.0557999983430
v -0.00329999998212 1.55449999999 0.0560000017285
v -0.00329999998212 1.53730000010 0.0551596097648
v 0.00329999998212 1.53730000010 0.0551596097648
v -0.00329999998212 1.55449999999 0.0560000017285
v 0.00329999998212 1.55449999999 0.0560000017285
v 0.00329999998212 1.53730000010 0.0551596097648
v 0.00350000010803 1.53730000010 0.0549596101046
v 0.00329999998212 1.55449999999 0.0560000017285
v 0.00350000010803 1.55449999999 0.0557999983430
v 0.00350000010803 1.55449999999 0.0557999983430
v 0.00350000010803 1.55449999999 0.0542000010610
v 0.00350000010803 1.53730000010 0.0533499829471
v 0.00329999998212 1.53730000010 0.0531499832869
v 0.00350000010803 1.55449999999 0.0542000010610
v 0.00329999998212 1.55449999999 0.0540000014007
v 0.00329999998212 1.53730000010 0.0531499832869
v -0.00329999998212 1.53730000010 0.0531499832869
v 0.00329999998212 1.55449999999 0.0540000014007
v -0.00329999998212 1.55449999999 0.0540000014007
v -0.00329999998212 1.53730000010 0.0531499832869
v -0.00350000010803 1.53730000010 0.0533499829471
v -0.00329999998212 1.55449999999 0.0540000014007
v -0.00350000010803 1.55449999999 0.0542000010610
v -0.00350000010803 1.57169999941 0.0533499829471
v -0.00350000010803 1.57169999941 0.0549596101046
v -0.00350000010803 1.55449999999 0.0557999983430
v -0.00329999998212 1.55449999999 0.0560000017285
v -0.00350000010803 1.57169999941 0.0549596101046
v -0.00329999998212 1.57169999941 0.0551596097648
v -0.00329999998212 1.55449999999 0.0560000017285
v 0.00329999998212 1.55449999999 0.0560000017285
v -0.00329999998212 1.57169999941 0.0551596097648
v 0.00329999998212 1.57169999941 0.0551596097648
v 0.00329999998212 1.55449999999 0.0560000017285
v 0.00350000010803 1.55449999999 0.0557999983430
v 0.00329999998212 1.57169999941 0.0551596097648
v 0.00350000010803 1.57169999941 0.0549596101046
v 0.00350000010803 1.57169999941 0.0549596101046
v 0.00350000010803 1.57169999941 0.0533499829471
v 0.00350000010803 1.55449999999 0.0542000010610
v 0.00329999998212 1.55449999999 0.0540000014007
v 0.00350000010803 1.57169999941 0.0533499829471
v 0.00329999998212 1.57169999941 0.0531499832869
v 0.00329999998212 1.55449999999 0.0540000014007
v -0.00329999998212 1.55449999999 0.0540000014007
v 0.00329999998212 1.57169999941 0.0531499832869
v -0.00329999998212 1.57169999941 0.0531499832869
v -0.00329999998212 1.55449999999 0.0540000014007
v -0.00350000010803 1.55449999999 0.0542000010610
v -0.00329999998212 1.57169999941 0.0531499832869
v -0.00350000010803 1.57169999941 0.0533499829471
v -0.00350000010803 1.59105000100 0.0503668971360
v -0.00350000010803 1.59105000100 0.0520098358393
v -0.00350000010803 1.57169999941 0.0549596101046
v -0.00329999998212 1.57169999941 0.0551596097648
v -0.00350000010803 1.59105000100 0.0520098358393
v -0.00329999998212 1.59105000100 0.0522098354995
v -0.00329999998212 1.57169999941 0.0551596097648
v 0.00329999998212 1.57169999941 0.0551596097648
v -0.00329999998212 1.59105000100 0.0522098354995
v 0.00329999998212 1.59105000100 0.0522098354995
v 0.00329999998212 1.57169999941 0.0551596097648
v 0.00350000010803 1.57169999941 0.0549596101046
v 0.00329999998212 1.59105000100 0.0522098354995
v 0.00350000010803 1.59105000100 0.0520098358393
v 0.00350000010803 1.59105000100 0.0520098358393
v 0.00350000010803 1.59105000100 0.0503668971360
v 0.00350000010803 1.57169999941 0.0533499829471
v 0.00329999998212 1.57169999941 0.0531499832869
v 0.00350000010803 1.59105000100 0.0503668971360
v 0.00329999998212 1.59105000100 0.0501668974757
v 0.00329999998212 1.57169999941 0.0531499832869
v -0.00329999998212 1.57169999941 0.0531499832869
v 0.00329999998212 1.59105000100 0.0501668974757
v -0.00329999998212 1.59105000100 0.0501668974757
v -0.00329999998212 1.57169999941 0.0531499832869
v -0.00350000010803 1.57169999941 0.0533499829471
v -0.00329999998212 1.59105000100 0.0501668974757
v -0.00350000010803 1.59105000100 0.0503668971360
v -0.00350000010803 1.60825000158 0.0459142886102
v -0.00350000010803 1.60825000158 0.0476063936949
v -0.00350000010803 1.60825000158 0.0476063936949
v -0.00329999998212 1.60825000158 0.0478063933551
v -0.00329999998212 1.60825000158 0.0478063933551
v 0.00329999998212 1.60825000158 0.0478063933551
v 0.00329999998212 1.60825000158 0.0478063933551
v 0.00350000010803 1.60825000158 0.0476063936949
v 0.00350000010803 1.60825000158 0.0476063936949
v 0.00350000010803 1.60825000158 0.0459142886102
v 0.00350000010803 1.60825000158 0.0459142886102
v 0.00329999998212 1.60825000158 0.0457142889500
v 0.00329999998212 1.60825000158 0.0457142889500
v -0.00329999998212 1.60825000158 0.0457142889500
v -0.00329999998212 1.60825000158 0.0457142889500
v -0.00350000010803 1.60825000158 0.0459142886102
v -0.00350000010803 1.62329999930 0.0405878983438
v -0.00350000010803 1.62329999930 0.0423407256603
v -0.00350000010803 1.62329999930 0.0423407256603
v -0.00329999998212 1.62329999930 0.0425407290459
v -0.00329999998212 1.62329999930 0.0425407290459
v 0.00329999998212 1.62329999930 0.0425407290459
v 0.00329999998212 1.62329999930 0.0425407290459
v 0.00350000010803 1.62329999930 0.0423407256603
v 0.00350000010803 1.62329999930 0.0423407256603
v 0.00350000010803 1.62329999930 0.0405878983438
v 0.00350000010803 1.62329999930 0.0405878983438
v 0.00329999998212 1.62329999930 0.0403878986835
v 0.00329999998212 1.62329999930 0.0403878986835
v -0.00329999998212 1.62329999930 0.0403878986835
v -0.00329999998212 1.62329999930 0.0403878986835
v -0.00350000010803 1.62329999930 0.0405878983438
v -0.00350000010803 1.63620000160 0.0348392389715
v -0.00350000010803 1.63620000160 0.0366672538221
v -0.00350000010803 1.63620000160 0.0366672538221
v -0.00329999998212 1.63620000160 0.0368672534823
v -0.00329999998212 1.63620000160 0.0368672534823
v 0.00329999998212 1.63620000160 0.0368672534823
v 0.00329999998212 1.63620000160 0.0368672534823
v 0.00350000010803 1.63620000160 0.0366672538221
v 0.00350000010803 1.63620000160 0.0366672538221
v 0.00350000010803 1.63620000160 0.0348392389715
v 0.00350000010803 1.63620000160 0.0348392389715
v 0.00329999998212 1.63620000160 0.0346392393112
v 0.00329999998212 1.63620000160 0.0346392393112
v -0.00329999998212 1.63620000160 0.0346392393112
v -0.00329999998212 1.63620000160 0.0346392393112
v -0.00350000010803 1.63620000160 0.0348392389715
v -0.00350000010803 1.64479999816 0.0302371606231
v -0.00350000010803 1.64479999816 0.0321444980800
v -0.00350000010803 1.64479999816 0.0321444980800
v -0.00329999998212 1.64479999816 0.0323444977403
v -0.00329999998212 1.64479999816 0.0323444977403
v 0.00329999998212 1.64479999816 0.0323444977403
v 0.00329999998212 1.64479999816 0.0323444977403
v 0.00350000010803 1.64479999816 0.0321444980800
v 0.00350000010803 1.64479999816 0.0321444980800
v 0.00350000010803 1.64479999816 0.0302371606231
v 0.00350000010803 1.64479999816 0.0302371606231
v 0.00329999998212 1.64479999816 0.0300371609628
v 0.00329999998212 1.64479999816 0.0300371609628
v -0.00329999998212 1.64479999816 0.0300371609628
v -0.00329999998212 1.64479999816 0.0300371609628
v -0.00350000010803 1.64479999816 0.0302371606231
v -0.00351514574140 1.65125000304 0.0261741988361
v -0.00351514574140 1.65125000304 0.0282040536404
v -0.00351514574140 1.65125000304 0.0282040536404
v -0.00331514584832 1.65125000304 0.0284040533006
v -0.00331514584832 1.65125000304 0.0284040533006
v 0.00331514584832 1.65125000304 0.0284040533006
v 0.00331514584832 1.65125000304 0.0284040533006
v 0.00351514574140 1.65125000304 0.0282040536404
v 0.00351514574140 1.65125000304 0.0282040536404
v 0.00351514574140 1.65125000304 0.0261741988361
v 0.00351514574140 1.65125000304 0.0261741988361
v 0.00331514584832 1.65125000304 0.0259741991758
v 0.00331514584832 1.65125000304 0.0259741991758
v -0.00331514584832 1.65125000304 0.0259741991758
v -0.00331514584832 1.65125000304 0.0259741991758
v -0.00351514574140 1.65125000304 0.0261741988361
v -0.00372192775831 1.65555000132 0.0228892378509
v -0.00372192775831 1.65555000132 0.0252393037081
v -0.00372192775831 1.65555000132 0.0252393037081
v -0.00352192763239 1.65555000132 0.0254393033683
v -0.00352192763239 1.65555000132 0.0254393033683
v 0.00352192763239 1.65555000132 0.0254393033683
v 0.00352192763239 1.65555000132 0.0254393033683
v 0.00372192775831 1.65555000132 0.0252393037081
v 0.00372192775831 1.65555000132 0.0252393037081
v 0.00372192775831 1.65555000132 0.0228892378509
v 0.00372192775831 1.65555000132 0.0228892378509
v 0.00352192763239 1.65555000132 0.0226892381907
v 0.00352192763239 1.65555000132 0.0226892381907
v -0.00352192763239 1.65555000132 0.0226892381907
v -0.00352192763239 1.65555000132 0.0226892381907
v -0.00372192775831 1.65555000132 0.0228892378509
v -0.00391107099131 1.65877500004 0.0199740584940
v -0.00391107099131 1.65877500004 0.0225378703326
v -0.00391107099131 1.65877500004 0.0225378703326
v -0.00371107109822 1.65877500004 0.0227378699929
v -0.00371107109822 1.65877500004 0.0227378699929
v 0.00371107109822 1.65877500004 0.0227378699929
v 0.00371107109822 1.65877500004 0.0227378699929
v 0.00391107099131 1.65877500004 0.0225378703326
v 0.00391107099131 1.65877500004 0.0225378703326
v 0.00391107099131 1.65877500004 0.0199740584940
v 0.00391107099131 1.65877500004 0.0199740584940
v 0.00371107109822 1.65877500004 0.0197740588337
v 0.00371107109822 1.65877500004 0.0197740588337
v -0.00371107109822 1.65877500004 0.0197740588337
v -0.00371107109822 1.65877500004 0.0197740588337
v -0.00391107099131 1.65877500004 0.0199740584940
v -0.00398390786722 1.66070999777 0.0178189501166
v -0.00398390786722 1.66070999777 0.0204273387790
v -0.00398390786722 1.66070999777 0.0204273387790
v -0.00378390797414 1.66070999777 0.0206273384392
v -0.00378390797414 1.66070999777 0.0206273384392
v 0.00378390797414 1.66070999777 0.0206273384392
v 0.00378390797414 1.66070999777 0.0206273384392
v 0.00398390786722 1.66070999777 0.0204273387790
v 0.00398390786722 1.66070999777 0.0204273387790
v 0.00398390786722 1.66070999777 0.0178189501166
v 0.00398390786722 1.66070999777 0.0178189501166
v 0.00378390797414 1.66070999777 0.0176189504564
v 0.00378390797414 1.66070999777 0.0176189504564
v -0.00378390797414 1.66070999777 0.0176189504564
v -0.00378390797414 1.66070999777 0.0176189504564
v -0.00398390786722 1.66070999777 0.0178189501166
v -0.00400000018999 1.66199999875 0.0154499998316
v -0.00400000018999 1.66199999875 0.0180500000715
v -0.00400000018999 1.66199999875 0.0180500000715
v -0.00380000006407 1.66199999875 0.0182499997318
v -0.00380000006407 1.66199999875 0.0182499997318
v 0.00380000006407 1.66199999875 0.0182499997318
v 0.00380000006407 1.66199999875 0.0182499997318
v 0.00400000018999 1.66199999875 0.0180500000715
v 0.00400000018999 1.66199999875 0.0180500000715
v 0.00400000018999 1.66199999875 0.0154499998316
v 0.00400000018999 1.66199999875 0.0154499998316
v 0.00380000006407 1.66199999875 0.0152500001714
v 0.00380000006407 1.66199999875 0.0152500001714
v -0.00380000006407 1.66199999875 0.0152500001714
v -0.00380000006407 1.66199999875 0.0152500001714
v -0.00400000018999 1.66199999875 0.0154499998316
v -0.00400000018999 1.44700000262 0.0154499998316
v -0.00400000018999 1.44700000262 0.0180500000715
v -0.00400000018999 1.66199999875 0.0154499998316
v -0.00400000018999 1.66199999875 0.0180500000715
v 0.00400000018999 1.44700000262 0.0180500000715
v 0.00400000018999 1.66199999875 0.0180500000715
v 0.00400000018999 1.44700000262 0.0154499998316
v 0.00400000018999 1.66199999875 0.0154499998316
v 0.00380000006407 1.44700000262 0.0152500001714
v 0.00380000006407 1.66199999875 0.0152500001714
v -0.00380000006407 1.44700000262 0.0152500001714
v -0.00380000006407 1.66199999875 0.0152500001714
vt 0 0
vt 0.125 0
vt 0 0.006000000052154064
vt 0.125 0.006000000052154064
vt 0.125 0
vt 0.25 0
vt 0.125 0.006000000052154064
vt 0.25 0.006000000052154064
vt 0.25 0
vt 0.375 0
vt 0.25 0.006000000052154064
vt 0.375 0.006000000052154064
vt 0.375 0
vt 0.5 0
vt 0.375 0.006000000052154064
vt 0.5 0.006000000052154064
vt 0.5 0
vt 0.625 0
vt 0.5 0.006000000052154064
vt 0.625 0.006000000052154064
vt 0.625 0
vt 0.75 0
vt 0.625 0.006000000052154064
vt 0.75 0.006000000052154064
vt 0.75 0
vt 0.875 0
vt 0.75 0.006000000052154064
vt 0.875 0.006000000052154064
vt 0.875 0
vt 0 0
vt 0.875 0.006000000052154064
vt 0 0.006000000052154064
vt 0 0.014999999664723873
vt 0.125 0.014999999664723873
vt 0.125 0.014999999664723873
vt 0.25 0.014999999664723873
vt 0.25 0.006000000052154064
vt 0.375 0.006000000052154064
vt 0.25 0.014999999664723873
vt 0.375 0.014999999664723873
vt 0.375 0.014999999664723873
vt 0.5 0.014999999664723873
vt 0.5 0.014999999664723873
vt 0.625 0.014999999664723873
vt 0.625 0.014999999664723873
vt 0.75 0.014999999664723873
vt 0.75 0.014999999664723873
vt 0.875 0.014999999664723873
vt 0.875 0.014999999664723873
vt 0 0.014999999664723873
vt 0 0.029999999329447746
vt 0.125 0.029999999329447746
vt 0.125 0.029999999329447746
vt 0.25 0.029999999329447746
vt 0.25 0.029999999329447746
vt 0.375 0.029999999329447746
vt 0.375 0.029999999329447746
vt 0.5 0.029999999329447746
vt 0.5 0.029999999329447746
vt 0.625 0.029999999329447746
vt 0.625 0.029999999329447746
vt 0.75 0.029999999329447746
vt 0.75 0.029999999329447746
vt 0.875 0.029999999329447746
vt 0.875 0.029999999329447746
vt 0 0.029999999329447746
vt 0 0.05000000074505806
vt 0.125 0.05000000074505806
vt 0.125 0.029999999329447746
vt 0.25 0.029999999329447746
vt 0.125 0.05000000074505806
vt 0.25 0.05000000074505806
vt 0.25 0.05000000074505806
vt 0.375 0.05000000074505806
vt 0.375 0.029999999329447746
vt 0.5 0.029999999329447746
vt 0.375 0.05000000074505806
vt 0.5 0.05000000074505806
vt 0.5 0.05000000074505806
vt 0.625 0.05000000074505806
vt 0.625 0.05000000074505806
vt 0.75 0.05000000074505806
vt 0.75 0.05000000074505806
vt 0.875 0.05000000074505806
vt 0.875 0.05000000074505806
vt 0 0.05000000074505806
vt 0 0.07999999821186066
vt 0.125 0.07999999821186066
vt 0.125 0.07999999821186066
vt 0.25 0.07999999821186066
vt 0.25 0.07999999821186066
vt 0.375 0.07999999821186066
vt 0.375 0.07999999821186066
vt 0.5 0.07999999821186066
vt 0.5 0.07999999821186066
vt 0.625 0.07999999821186066
vt 0.625 0.07999999821186066
vt 0.75 0.07999999821186066
vt 0.75 0.07999999821186066
vt 0.875 0.07999999821186066
vt 0.875 0.07999999821186066
vt 0 0.07999999821186066
vt 0 0.11999999731779099
vt 0.125 0.11999999731779099
vt 0.125 0.11999999731779099
vt 0.25 0.11999999731779099
vt 0.25 0.11999999731779099
vt 0.375 0.11999999731779099
vt 0.375 0.11999999731779099
vt 0.5 0.11999999731779099
vt 0.5 0.11999999731779099
vt 0.625 0.11999999731779099
vt 0.625 0.11999999731779099
vt 0.75 0.11999999731779099
vt 0.75 0.11999999731779099
vt 0.875 0.11999999731779099
vt 0.875 0.11999999731779099
vt 0 0.11999999731779099
vt 0 0.18000000715255737
vt 0.125 0.18000000715255737
vt 0.125 0.18000000715255737
vt 0.25 0.18000000715255737
vt 0.25 0.18000000715255737
vt 0.375 0.18000000715255737
vt 0.375 0.18000000715255737
vt 0.5 0.18000000715255737
vt 0.5 0.18000000715255737
vt 0.625 0.18000000715255737
vt 0.625 0.18000000715255737
vt 0.75 0.18000000715255737
vt 0.75 0.18000000715255737
vt 0.875 0.18000000715255737
vt 0.875 0.18000000715255737
vt 0 0.18000000715255737
vt 0 0.25
vt 0.125 0.25
vt 0.125 0.25
vt 0.25 0.25
vt 0.25 0.25
vt 0.375 0.25
vt 0.375 0.25
vt 0.5 0.25
vt 0.5 0.25
vt 0.625 0.25
vt 0.625 0.25
vt 0.75 0.25
vt 0.75 0.25
vt 0.875 0.25
vt 0.875 0.25
vt 0 0.25
vt 0 0.33000001311302185
vt 0.125 0.33000001311302185
vt 0.125 0.33000001311302185
vt 0.25 0.33000001311302185
vt 0.25 0.33000001311302185
vt 0.375 0.33000001311302185
vt 0.375 0.33000001311302185
vt 0.5 0.33000001311302185
vt 0.5 0.33000001311302185
vt 0.625 0.33000001311302185
vt 0.625 0.33000001311302185
vt 0.75 0.33000001311302185
vt 0.75 0.33000001311302185
vt 0.875 0.33000001311302185
vt 0.875 0.33000001311302185
vt 0 0.33000001311302185
vt 0 0.41999998688697815
vt 0.125 0.41999998688697815
vt 0.125 0.41999998688697815
vt 0.25 0.41999998688697815
vt 0.25 0.41999998688697815
vt 0.375 0.41999998688697815
vt 0.375 0.41999998688697815
vt 0.5 0.41999998688697815
vt 0.5 0.41999998688697815
vt 0.625 0.41999998688697815
vt 0.625 0.41999998688697815
vt 0.75 0.41999998688697815
vt 0.75 0.41999998688697815
vt 0.875 0.41999998688697815
vt 0.875 0.41999998688697815
vt 0 0.41999998688697815
vt 0 0.5
vt 0.125 0.5
vt 0.125 0.41999998688697815
vt 0.25 0.41999998688697815
vt 0.125 0.5
vt 0.25 0.5
vt 0.25 0.41999998688697815
vt 0.375 0.41999998688697815
vt 0.25 0.5
vt 0.375 0.5
vt 0.375 0.41999998688697815
vt 0.5 0.41999998688697815
vt 0.375 0.5
vt 0.5 0.5
vt 0.5 0.5
vt 0.625 0.5
vt 0.625 0.41999998688697815
vt 0.75 0.41999998688697815
vt 0.625 0.5
vt 0.75 0.5
vt 0.75 0.41999998688697815
vt 0.875 0.41999998688697815
vt 0.75 0.5
vt 0.875 0.5
vt 0.875 0.41999998688697815
vt 0 0.41999998688697815
vt 0.875 0.5
vt 0 0.5
vt 0 0.5799999833106995
vt 0.125 0.5799999833106995
vt 0.125 0.5
vt 0.25 0.5
vt 0.125 0.5799999833106995
vt 0.25 0.5799999833106995
vt 0.25 0.5
vt 0.375 0.5
vt 0.25 0.5799999833106995
vt 0.375 0.5799999833106995
vt 0.375 0.5
vt 0.5 0.5
vt 0.375 0.5799999833106995
vt 0.5 0.5799999833106995
vt 0.5 0.5799999833106995
vt 0.625 0.5799999833106995
vt 0.625 0.5
vt 0.75 0.5
vt 0.625 0.5799999833106995
vt 0.75 0.5799999833106995
vt 0.75 0.5
vt 0.875 0.5
vt 0.75 0.5799999833106995
vt 0.875 0.5799999833106995
vt 0.875 0.5
vt 0 0.5
vt 0.875 0.5799999833106995
vt 0 0.5799999833106995
vt 0 0.6700000166893005
vt 0.125 0.6700000166893005
vt 0.125 0.5799999833106995
vt 0.25 0.5799999833106995
vt 0.125 0.6700000166893005
vt 0.25 0.6700000166893005
vt 0.25 0.5799999833106995
vt 0.375 0.5799999833106995
vt 0.25 0.6700000166893005
vt 0.375 0.6700000166893005
vt 0.375 0.5799999833106995
vt 0.5 0.5799999833106995
vt 0.375 0.6700000166893005
vt 0.5 0.6700000166893005
vt 0.5 0.6700000166893005
vt 0.625 0.6700000166893005
vt 0.625 0.5799999833106995
vt 0.75 0.5799999833106995
vt 0.625 0.6700000166893005
vt 0.75 0.6700000166893005
vt 0.75 0.5799999833106995
vt 0.875 0.5799999833106995
vt 0.75 0.6700000166893005
vt 0.875 0.6700000166893005
vt 0.875 0.5799999833106995
vt 0 0.5799999833106995
vt 0.875 0.6700000166893005
vt 0 0.6700000166893005
vt 0 0.75
vt 0.125 0.75
vt 0.125 0.75
vt 0.25 0.75
vt 0.25 0.75
vt 0.375 0.75
vt 0.375 0.75
vt 0.5 0.75
vt 0.5 0.75
vt 0.625 0.75
vt 0.625 0.75
vt 0.75 0.75
vt 0.75 0.75
vt 0.875 0.75
vt 0.875 0.75
vt 0 0.75
vt 0 0.8199999928474426
vt 0.125 0.8199999928474426
vt 0.125 0.8199999928474426
vt 0.25 0.8199999928474426
vt 0.25 0.8199999928474426
vt 0.375 0.8199999928474426
vt 0.375 0.8199999928474426
vt 0.5 0.8199999928474426
vt 0.5 0.8199999928474426
vt 0.625 0.8199999928474426
vt 0.625 0.8199999928474426
vt 0.75 0.8199999928474426
vt 0.75 0.8199999928474426
vt 0.875 0.8199999928474426
vt 0.875 0.8199999928474426
vt 0 0.8199999928474426
vt 0 0.8799999952316284
vt 0.125 0.8799999952316284
vt 0.125 0.8799999952316284
vt 0.25 0.8799999952316284
vt 0.25 0.8799999952316284
vt 0.375 0.8799999952316284
vt 0.375 0.8799999952316284
vt 0.5 0.8799999952316284
vt 0.5 0.8799999952316284
vt 0.625 0.8799999952316284
vt 0.625 0.8799999952316284
vt 0.75 0.8799999952316284
vt 0.75 0.8799999952316284
vt 0.875 0.8799999952316284
vt 0.875 0.8799999952316284
vt 0 0.8799999952316284
vt 0 0.9200000166893005
vt 0.125 0.9200000166893005
vt 0.125 0.9200000166893005
vt 0.25 0.9200000166893005
vt 0.25 0.9200000166893005
vt 0.375 0.9200000166893005
vt 0.375 0.9200000166893005
vt 0.5 0.9200000166893005
vt 0.5 0.9200000166893005
vt 0.625 0.9200000166893005
vt 0.625 0.9200000166893005
vt 0.75 0.9200000166893005
vt 0.75 0.9200000166893005
vt 0.875 0.9200000166893005
vt 0.875 0.9200000166893005
vt 0 0.9200000166893005
vt 0 0.949999988079071
vt 0.125 0.949999988079071
vt 0.125 0.949999988079071
vt 0.25 0.949999988079071
vt 0.25 0.949999988079071
vt 0.375 0.949999988079071
vt 0.375 0.949999988079071
vt 0.5 0.949999988079071
vt 0.5 0.949999988079071
vt 0.625 0.949999988079071
vt 0.625 0.949999988079071
vt 0.75 0.949999988079071
vt 0.75 0.949999988079071
vt 0.875 0.949999988079071
vt 0.875 0.949999988079071
vt 0 0.949999988079071
vt 0 0.9700000286102295
vt 0.125 0.9700000286102295
vt 0.125 0.9700000286102295
vt 0.25 0.9700000286102295
vt 0.25 0.9700000286102295
vt 0.375 0.9700000286102295
vt 0.375 0.9700000286102295
vt 0.5 0.9700000286102295
vt 0.5 0.9700000286102295
vt 0.625 0.9700000286102295
vt 0.625 0.9700000286102295
vt 0.75 0.9700000286102295
vt 0.75 0.9700000286102295
vt 0.875 0.9700000286102295
vt 0.875 0.9700000286102295
vt 0 0.9700000286102295
vt 0 0.9850000143051147
vt 0.125 0.9850000143051147
vt 0.125 0.9850000143051147
vt 0.25 0.9850000143051147
vt 0.25 0.9850000143051147
vt 0.375 0.9850000143051147
vt 0.375 0.9850000143051147
vt 0.5 0.9850000143051147
vt 0.5 0.9850000143051147
vt 0.625 0.9850000143051147
vt 0.625 0.9850000143051147
vt 0.75 0.9850000143051147
vt 0.75 0.9850000143051147
vt 0.875 0.9850000143051147
vt 0.875 0.9850000143051147
vt 0 0.9850000143051147
vt 0 0.9940000176429749
vt 0.125 0.9940000176429749
vt 0.125 0.9940000176429749
vt 0.25 0.9940000176429749
vt 0.25 0.9940000176429749
vt 0.375 0.9940000176429749
vt 0.375 0.9940000176429749
vt 0.5 0.9940000176429749
vt 0.5 0.9940000176429749
vt 0.625 0.9940000176429749
vt 0.625 0.9940000176429749
vt 0.75 0.9940000176429749
vt 0.75 0.9940000176429749
vt 0.875 0.9940000176429749
vt 0.875 0.9940000176429749
vt 0 0.9940000176429749
vt 0 1
vt 0.125 1
vt 0.125 1
vt 0.25 1
vt 0.25 1
vt 0.375 1
vt 0.375 1
vt 0.5 1
vt 0.5 1
vt 0.625 1
vt 0.625 1
vt 0.75 1
vt 0.75 1
vt 0.875 1
vt 0.875 1
vt 0 1
vt 0 0
vt 0.125 0
vt 0 1
vt 0.125 1
vt 0.5 0
vt 0.5 1
vt 0.625 0
vt 0.625 1
vt 0.75 0
vt 0.75 1
vt 0.875 0
vt 0.875 1
vn -0.999662539460 0.0259770514302 0.00000000000
vn -0.999662539460 0.0259770514302 0.00000000000
vn -0.999662539460 0.0259770514302 0.00000000000
vn -0.998901890498 0.0468509675364 0.00000000000
vn -0.0558836078630 -0.991495176164 0.117534412050
vn -0.0558836078630 -0.991495176164 0.117534412050
vn -0.305513562677 -0.670395080454 0.676189248009
vn -0.305513562677 -0.670395080454 0.676189248009
vn -1.03860322712e-9 -0.987663291559 0.156592536562
vn -1.03860322712e-9 -0.987663291559 0.156592536562
vn 6.32202666389e-10 -0.718067870013 0.695973084290
vn 6.32202666389e-10 -0.718067870013 0.695973084290
vn 0.0558836078630 -0.991495176164 0.117534412050
vn 0.0558836078630 -0.991495176164 0.117534412050
vn 0.305513562677 -0.670395080454 0.676189248009
vn 0.305513562677 -0.670395080454 0.676189248009
vn 0.999516332018 0.0310982640759 0.00000000000
vn 0.999516332018 0.0310982640759 0.00000000000
vn 0.999074529035 0.0430126194643 0.00000000000
vn 0.999516332018 0.0310982640759 0.00000000000
vn 0.265945760096 0.767250054401 -0.583609635552
vn 0.265945760096 0.767250054401 -0.583609635552
vn 0.265945760096 0.767250054401 -0.583609635552
vn 0.265945760096 0.767250054401 -0.583609635552
vn 3.43656992215e-10 0.797925950171 -0.602755487776
vn 3.43656992215e-10 0.797925950171 -0.602755487776
vn 3.43656992215e-10 0.797925950171 -0.602755487776
vn 3.43656992215e-10 0.797925950171 -0.602755487776
vn -0.265945760096 0.767250054401 -0.583609635552
vn -0.265945760096 0.767250054401 -0.583609635552
vn -0.265945760096 0.767250054401 -0.583609635552
vn -0.265945760096 0.767250054401 -0.583609635552
vn -0.999662539460 0.0259770514302 0.00000000000
vn -0.998901890498 0.0468509675364 0.00000000000
vn -0.305513562677 -0.670395080454 0.676189248009
vn -0.305513562677 -0.670395080454 0.676189248009
vn 3.72975042182e-10 -0.702243928735 0.711936418899
vn 3.72975042182e-10 -0.702243928735 0.711936418899
vn 3.72975042182e-10 -0.702243928735 0.711936418899
vn 3.72975042182e-10 -0.702243928735 0.711936418899
vn 0.305513562677 -0.670395080454 0.676189248009
vn 0.305513562677 -0.670395080454 0.676189248009
vn 0.999074529035 0.0430126194643 0.00000000000
vn 0.999516332018 0.0310982640759 0.00000000000
vn 0.265945760096 0.767250054401 -0.583609635552
vn 0.265945760096 0.767250054401 -0.583609635552
vn 3.43656992215e-10 0.797925950171 -0.602755487776
vn 3.43656992215e-10 0.797925950171 -0.602755487776
vn -0.265945760096 0.767250054401 -0.583609635552
vn -0.265945760096 0.767250054401 -0.583609635552
vn -0.998901890498 0.0468509675364 0.00000000000
vn -0.998901890498 0.0468509675364 0.00000000000
vn -0.305513562677 -0.670395080454 0.676189248009
vn -0.305513562677 -0.670395080454 0.676189248009
vn 3.72975042182e-10 -0.702243928735 0.711936418899
vn 3.72975042182e-10 -0.702243928735 0.711936418899
vn 0.305513562677 -0.670395080454 0.676189248009
vn 0.305513562677 -0.670395080454 0.676189248009
vn 0.999074529035 0.0430126194643 0.00000000000
vn 0.999074529035 0.0430126194643 0.00000000000
vn 0.315875379577 0.616653379549 -0.721083458462
vn 0.315875379577 0.616653379549 -0.721083458462
vn -1.54044785304e-9 0.653957295739 -0.756531463556
vn -1.54044785304e-9 0.653957295739 -0.756531463556
vn -0.315875379577 0.616653379549 -0.721083458462
vn -0.315875379577 0.616653379549 -0.721083458462
vn -0.999682496848 0.0251973311343 0.00000000000
vn -0.999682496848 0.0251973311343 0.00000000000
vn -0.332092652637 -0.644095141924 0.689097901763
vn -0.332092652637 -0.644095141924 0.689097901763
vn -0.344539707460 -0.505368002407 0.791135621829
vn -0.344539707460 -0.505368002407 0.791135621829
vn 1.00959473100e-9 -0.535801822523 0.844343772986
vn 1.00959473100e-9 -0.535801822523 0.844343772986
vn 0.332092652637 -0.644095141924 0.689097901763
vn 0.332092652637 -0.644095141924 0.689097901763
vn 0.344539707460 -0.505368002407 0.791135621829
vn 0.344539707460 -0.505368002407 0.791135621829
vn 0.999682496848 0.0251973311343 0.00000000000
vn 0.999682496848 0.0251973311343 0.00000000000
vn 0.334289612152 0.543406250964 -0.770039026037
vn 0.334289612152 0.543406250964 -0.770039026037
vn 1.06397789654e-9 0.578906352260 -0.815394036839
vn 1.06397789654e-9 0.578906352260 -0.815394036839
vn -0.334289612152 0.543406250964 -0.770039026037
vn -0.334289612152 0.543406250964 -0.770039026037
vn -0.999999310772 0.00117407684011 0.00000000000
vn -0.999999310772 0.00117407684011 0.00000000000
vn -0.350422623140 -0.462132814667 0.814639335412
vn -0.350422623140 -0.462132814667 0.814639335412
vn -4.00041469149e-10 -0.493327703326 0.869843536006
vn -4.00041469149e-10 -0.493327703326 0.869843536006
vn 0.350422623140 -0.462132814667 0.814639335412
vn 0.350422623140 -0.462132814667 0.814639335412
vn 0.999999310772 0.00117407684011 0.00000000000
vn 0.999999310772 0.00117407684011 0.00000000000
vn 0.348790189714 0.471554058746 -0.809927264166
vn 0.348790189714 0.471554058746 -0.809927264166
vn -4.07306237144e-10 0.503324321025 -0.864097580059
vn -4.07306237144e-10 0.503324321025 -0.864097580059
vn -0.348790194616 0.471554035570 -0.809927275548
vn -0.348790194616 0.471554035570 -0.809927275548
vn -1.00000000000 0.00000000000 0.00000000000
vn -1.00000000000 0.00000000000 0.00000000000
vn -0.358476575382 -0.405519540771 0.840861728797
vn -0.358476575382 -0.405519540771 0.840861728797
vn -2.62229148669e-9 -0.434430299803 0.900705453860
vn -2.62229148669e-9 -0.434430299803 0.900705453860
vn 0.358476571049 -0.405519565673 0.840861718635
vn 0.358476571049 -0.405519565673 0.840861718635
vn 1.00000000000 0.00000000000 0.00000000000
vn 1.00000000000 0.00000000000 0.00000000000
vn 0.357794798128 0.410709805990 -0.838630036247
vn 0.357794798128 0.410709805990 -0.838630036247
vn -1.48814476550e-17 0.439869977501 -0.898061469440
vn -1.48814476550e-17 0.439869977501 -0.898061469440
vn -0.357794798128 0.410709805990 -0.838630036247
vn -0.357794798128 0.410709805990 -0.838630036247
vn -1.00000000000 0.00000000000 0.00000000000
vn -1.00000000000 0.00000000000 0.00000000000
vn -0.365995473836 -0.341354138345 0.865750925709
vn -0.365995473836 -0.341354138345 0.865750925709
vn 4.54093212894e-9 -0.366848353945 0.930280756120
vn 4.54093212894e-9 -0.366848353945 0.930280756120
vn 0.365995458673 -0.341354094401 0.865750949446
vn 0.365995458673 -0.341354094401 0.865750949446
vn 1.00000000000 0.00000000000 0.00000000000
vn 1.00000000000 0.00000000000 0.00000000000
vn 0.365603328482 0.345076293443 -0.864440025627
vn 0.365603328482 0.345076293443 -0.864440025627
vn -1.50188106993e-17 0.370788545118 -0.928717316954
vn -1.50188106993e-17 0.370788545118 -0.928717316954
vn -0.365603328482 0.345076293443 -0.864440025627
vn -0.365603328482 0.345076293443 -0.864440025627
vn -1.00000000000 0.00000000000 0.00000000000
vn -1.00000000000 0.00000000000 0.00000000000
vn -0.372622511478 -0.268656486283 0.888243297930
vn -0.372622511478 -0.268656486283 0.888243297930
vn -1.91068851590e-9 -0.289549681534 0.957162986081
vn -1.91068851590e-9 -0.289549681534 0.957162986081
vn 0.372622528223 -0.268656528158 0.888243278240
vn 0.372622528223 -0.268656528158 0.888243278240
vn 1.00000000000 0.00000000000 0.00000000000
vn 1.00000000000 0.00000000000 0.00000000000
vn 0.372401455401 0.271469510418 -0.887480400307
vn 0.372401455401 0.271469510418 -0.887480400307
vn 1.51432766604e-17 0.292554380879 -0.956248887178
vn 1.51432766604e-17 0.292554380879 -0.956248887178
vn -0.372401455401 0.271469510418 -0.887480400307
vn -0.372401455401 0.271469510418 -0.887480400307
vn -1.00000000000 0.00000000000 0.00000000000
vn -1.00000000000 0.00000000000 0.00000000000
vn -0.378083101427 -0.184881668142 0.907122889801
vn -0.378083101427 -0.184881668142 0.907122889801
vn 1.52519991765e-17 -0.199746887580 0.979847529416
vn 1.52519991765e-17 -0.199746887580 0.979847529416
vn 0.378083101427 -0.184881668142 0.907122889801
vn 0.378083101427 -0.184881668142 0.907122889801
vn 1.00000000000 0.00000000000 0.00000000000
vn 1.00000000000 0.00000000000 0.00000000000
vn 0.377981331980 0.186871348356 -0.906757526486
vn 0.377981331980 0.186871348356 -0.906757526486
vn 0.00000000000 0.201888305854 -0.979408552117
vn 0.00000000000 0.201888305854 -0.979408552117
vn -0.377981331980 0.186871348356 -0.906757526486
vn -0.377981331980 0.186871348356 -0.906757526486
vn -1.00000000000 0.00000000000 0.00000000000
vn -1.00000000000 0.00000000000 0.00000000000
vn -0.381646206764 -0.0923727207087 0.919681169391
vn -0.381646206764 -0.0923727207087 0.919681169391
vn -2.16506375513e-17 -0.121058199284 0.992645411205
vn -2.16506375513e-17 -0.121058199284 0.992645411205
vn 0.381646206239 -0.0923727354827 0.919681168125
vn 0.381646206239 -0.0923727354827 0.919681168125
vn 1.00000000000 0.00000000000 0.00000000000
vn 1.00000000000 0.00000000000 0.00000000000
vn 0.381621890083 0.0934055355604 -0.919586939303
vn 0.381621890083 0.0934055355604 -0.919586939303
vn 0.00000000000 0.122403886765 -0.992480371849
vn 0.00000000000 0.122403886765 -0.992480371849
vn -0.381621890083 0.0934055355604 -0.919586939303
vn -0.381621890083 0.0934055355604 -0.919586939303
vn -1.00000000000 0.00000000000 0.00000000000
vn -1.00000000000 0.00000000000 0.00000000000
vn -0.503966447473 -0.0681037153425 0.861034089789
vn -0.503966447473 -0.0681037153425 0.861034089789
vn -0.505468310890 -0.0174530726604 0.862668636813
vn -0.505468310890 -0.0174530726604 0.862668636813
vn -2.57695260143e-10 -0.0999595174085 0.994991504928
vn -2.57695260143e-10 -0.0999595174085 0.994991504928
vn 3.64892583031e-10 -0.0202412844469 0.999795124215
vn 3.64892583031e-10 -0.0202412844469 0.999795124215
vn 0.503966446961 -0.0681037301745 0.861034088915
vn 0.503966446961 -0.0681037301745 0.861034088915
vn 0.505468311202 -0.0174530372810 0.862668637346
vn 0.505468311202 -0.0174530372810 0.862668637346
vn 1.00000000000 0.00000000000 0.00000000000
vn 1.00000000000 0.00000000000 0.00000000000
vn 0.503931940630 0.0688723252628 -0.860993148652
vn 0.503931940630 0.0688723252628 -0.860993148652
vn 0.505464964158 0.0176527199717 -0.862666535509
vn 0.505464964158 0.0176527199717 -0.862666535509
vn 1.53205446880e-17 0.101076543571 -0.994878652068
vn 1.53205446880e-17 0.101076543571 -0.994878652068
vn 2.16948718754e-17 0.0204733224957 -0.999790399567
vn 2.16948718754e-17 0.0204733224957 -0.999790399567
vn -0.503931940630 0.0688723252628 -0.860993148652
vn -0.503931940630 0.0688723252628 -0.860993148652
vn -0.505464964158 0.0176527199717 -0.862666535509
vn -0.505464964158 0.0176527199717 -0.862666535509
vn -1.00000000000 0.00000000000 0.00000000000
vn -1.00000000000 0.00000000000 0.00000000000
vn -0.505468311202 0.0174530372810 0.862668637346
vn -0.505468311202 0.0174530372810 0.862668637346
vn -0.503966446961 0.0681037301745 0.861034088915
vn -0.503966446961 0.0681037301745 0.861034088915
vn -3.64892583017e-10 0.0202412863088 0.999795124177
vn -3.64892583017e-10 0.0202412863088 0.999795124177
vn 2.57695288090e-10 0.0999595100324 0.994991505669
vn 2.57695288090e-10 0.0999595100324 0.994991505669
vn 0.505468310873 0.0174530745225 0.862668636785
vn 0.505468310873 0.0174530745225 0.862668636785
vn 0.503966447473 0.0681037153425 0.861034089789
vn 0.503966447473 0.0681037153425 0.861034089789
vn 1.00000000000 0.00000000000 0.00000000000
vn 1.00000000000 0.00000000000 0.00000000000
vn 0.505464964158 -0.0176527199717 -0.862666535509
vn 0.505464964158 -0.0176527199717 -0.862666535509
vn 0.503931940630 -0.0688723252628 -0.860993148652
vn 0.503931940630 -0.0688723252628 -0.860993148652
vn 2.16948718746e-17 -0.0204733243576 -0.999790399529
vn 2.16948718746e-17 -0.0204733243576 -0.999790399529
vn 3.06410893990e-17 -0.101076536196 -0.994878652817
vn 3.06410893990e-17 -0.101076536196 -0.994878652817
vn -0.505464964158 -0.0176527199717 -0.862666535509
vn -0.505464964158 -0.0176527199717 -0.862666535509
vn -0.503931940630 -0.0688723252628 -0.860993148652
vn -0.503931940630 -0.0688723252628 -0.860993148652
vn -1.00000000000 0.00000000000 0.00000000000
vn -1.00000000000 0.00000000000 0.00000000000
vn -0.381646206501 0.0923727280957 0.919681168758
vn -0.381646206501 0.0923727280957 0.919681168758
vn -0.378083101427 0.184881668142 0.907122889801
vn -0.378083101427 0.184881668142 0.907122889801
vn 2.16506375708e-17 0.121058191942 0.992645412100
vn 2.16506375708e-17 0.121058191942 0.992645412100
vn 1.52519991765e-17 0.199746887580 0.979847529416
vn 1.52519991765e-17 0.199746887580 0.979847529416
vn 0.381646206764 0.0923727207087 0.919681169391
vn 0.381646206764 0.0923727207087 0.919681169391
vn 0.378083101427 0.184881668142 0.907122889801
vn 0.378083101427 0.184881668142 0.907122889801
vn 1.00000000000 0.00000000000 0.00000000000
vn 1.00000000000 0.00000000000 0.00000000000
vn 0.381621890083 -0.0934055355604 -0.919586939303
vn 0.381621890083 -0.0934055355604 -0.919586939303
vn 0.377981333032 -0.186871333975 -0.906757529011
vn 0.377981333032 -0.186871333975 -0.906757529011
vn 0.00000000000 -0.122403872087 -0.992480373659
vn 0.00000000000 -0.122403872087 -0.992480373659
vn 1.52503053263e-17 -0.201888291560 -0.979408555063
vn 1.52503053263e-17 -0.201888291560 -0.979408555063
vn -0.381621890083 -0.0934055355604 -0.919586939303
vn -0.381621890083 -0.0934055355604 -0.919586939303
vn -0.377981333032 -0.186871333975 -0.906757529011
vn -0.377981333032 -0.186871333975 -0.906757529011
vn -1.00000000000 0.00000000000 0.00000000000
vn -1.00000000000 0.00000000000 0.00000000000
vn -0.372622528223 0.268656528158 0.888243278240
vn -0.372622528223 0.268656528158 0.888243278240
vn 1.91068851590e-9 0.289549681534 0.957162986081
vn 1.91068851590e-9 0.289549681534 0.957162986081
vn 0.372622511478 0.268656486283 0.888243297930
vn 0.372622511478 0.268656486283 0.888243297930
vn 1.00000000000 0.00000000000 0.00000000000
vn 1.00000000000 0.00000000000 0.00000000000
vn 0.372401455401 -0.271469510418 -0.887480400307
vn 0.372401455401 -0.271469510418 -0.887480400307
vn 1.51432766604e-17 -0.292554380879 -0.956248887178
vn 1.51432766604e-17 -0.292554380879 -0.956248887178
vn -0.372401455401 -0.271469510418 -0.887480400307
vn -0.372401455401 -0.271469510418 -0.887480400307
vn -1.00000000000 0.00000000000 0.00000000000
vn -1.00000000000 0.00000000000 0.00000000000
vn -0.365995458673 0.341354094401 0.865750949446
vn -0.365995458673 0.341354094401 0.865750949446
vn -4.54093212894e-9 0.366848353945 0.930280756120
vn -4.54093212894e-9 0.366848353945 0.930280756120
vn 0.365995473836 0.341354138345 0.865750925709
vn 0.365995473836 0.341354138345 0.865750925709
vn 1.00000000000 0.00000000000 0.00000000000
vn 1.00000000000 0.00000000000 0.00000000000
vn 0.365603328482 -0.345076293443 -0.864440025627
vn 0.365603328482 -0.345076293443 -0.864440025627
vn 1.50188106993e-17 -0.370788545118 -0.928717316954
vn 1.50188106993e-17 -0.370788545118 -0.928717316954
vn -0.365603328482 -0.345076293443 -0.864440025627
vn -0.365603328482 -0.345076293443 -0.864440025627
vn -0.999999827693 -0.000587038292178 0.00000000000
vn -0.999999827693 -0.000587038292178 0.00000000000
vn -0.354618373683 0.434088204187 0.828138418401
vn -0.354618373683 0.434088204187 0.828138418401
vn 1.50688540666e-9 0.464271221410 0.885693080570
vn 1.50688540666e-9 0.464271221410 0.885693080570
vn 0.354618378271 0.434088180000 0.828138429115
vn 0.354618378271 0.434088180000 0.828138429115
vn 0.999999827693 -0.000587038292178 0.00000000000
vn 0.999999827693 -0.000587038292178 0.00000000000
vn 0.353487934540 -0.441441381815 -0.824727704491
vn 0.353487934540 -0.441441381815 -0.824727704491
vn 2.04819832592e-10 -0.472063999572 -0.881564280304
vn 2.04819832592e-10 -0.472063999572 -0.881564280304
vn -0.353487934540 -0.441441381815 -0.824727704491
vn -0.353487934540 -0.441441381815 -0.824727704491
vn -0.999999827693 -0.000587038292178 0.00000000000
vn -0.999999827693 -0.000587038292178 0.00000000000
vn -0.354618373683 0.434088204187 0.828138418401
vn -0.354618373683 0.434088204187 0.828138418401
vn 1.50688540666e-9 0.464271221410 0.885693080570
vn 1.50688540666e-9 0.464271221410 0.885693080570
vn 0.354618378271 0.434088180000 0.828138429115
vn 0.354618378271 0.434088180000 0.828138429115
vn 0.999999827693 -0.000587038292178 0.00000000000
vn 0.999999827693 -0.000587038292178 0.00000000000
vn 0.353487934540 -0.441441381815 -0.824727704491
vn 0.353487934540 -0.441441381815 -0.824727704491
vn 2.04819832592e-10 -0.472063999572 -0.881564280304
vn 2.04819832592e-10 -0.472063999572 -0.881564280304
vn -0.353487934540 -0.441441381815 -0.824727704491
vn -0.353487934540 -0.441441381815 -0.824727704491
vn -0.999229417581 -0.0392501088116 0.00000000000
vn -0.999229417581 -0.0392501088116 0.00000000000
vn -0.340247382208 0.532640083173 0.774936294606
vn -0.340247382208 0.532640083173 0.774936294606
vn 2.41404172905e-10 0.562843080784 0.826563770325
vn 2.41404172905e-10 0.562843080784 0.826563770325
vn 0.340247382208 0.532640083173 0.774936294606
vn 0.340247382208 0.532640083173 0.774936294606
vn 0.999229417581 -0.0392501088116 0.00000000000
vn 0.999229417581 -0.0392501088116 0.00000000000
vn 0.325379916902 -0.580746368409 -0.746231576159
vn 0.325379916902 -0.580746368409 -0.746231576159
vn 2.50880086109e-10 -0.617490509420 -0.786578330986
vn 2.50880086109e-10 -0.617490509420 -0.786578330986
vn -0.325379916902 -0.580746368409 -0.746231576159
vn -0.325379916902 -0.580746368409 -0.746231576159
vn -0.999229417581 -0.0392501088116 0.00000000000
vn -0.999229417581 -0.0392501088116 0.00000000000
vn -0.340247382208 0.532640083173 0.774936294606
vn -0.340247382208 0.532640083173 0.774936294606
vn 2.41404172905e-10 0.562843080784 0.826563770325
vn 2.41404172905e-10 0.562843080784 0.826563770325
vn 0.340247382208 0.532640083173 0.774936294606
vn 0.340247382208 0.532640083173 0.774936294606
vn 0.999229417581 -0.0392501088116 0.00000000000
vn 0.999229417581 -0.0392501088116 0.00000000000
vn 0.325379916902 -0.580746368409 -0.746231576159
vn 0.325379916902 -0.580746368409 -0.746231576159
vn 2.50880086109e-10 -0.617490509420 -0.786578330986
vn 2.50880086109e-10 -0.617490509420 -0.786578330986
vn -0.325379916902 -0.580746368409 -0.746231576159
vn -0.325379916902 -0.580746368409 -0.746231576159
vn -0.999516332018 -0.0310982640759 0.00000000000
vn -0.999464300930 -0.0327278347370 0.00000000000
vn -0.288307251173 0.720591310752 0.630576792937
vn -0.288307251173 0.720591310752 0.630576792937
vn -1.26474329942e-9 0.751324170454 0.659933323065
vn -1.26474329942e-9 0.751324170454 0.659933323065
vn 0.288307251173 0.720591310752 0.630576792937
vn 0.288307251173 0.720591310752 0.630576792937
vn 0.999183277869 -0.0404076382168 0.00000000000
vn 0.999662539460 -0.0259770514302 0.00000000000
vn 0.265945760096 -0.767250054401 -0.583609635552
vn 0.265945760096 -0.767250054401 -0.583609635552
vn -3.43656992215e-10 -0.797925950171 -0.602755487776
vn -3.43656992215e-10 -0.797925950171 -0.602755487776
vn -0.265945760096 -0.767250054401 -0.583609635552
vn -0.265945760096 -0.767250054401 -0.583609635552
vn -0.999516332018 -0.0310982640759 0.00000000000
vn -0.999464300930 -0.0327278347370 0.00000000000
vn -0.288307251173 0.720591310752 0.630576792937
vn -0.288307251173 0.720591310752 0.630576792937
vn -1.26474329942e-9 0.751324170454 0.659933323065
vn -1.26474329942e-9 0.751324170454 0.659933323065
vn 0.288307251173 0.720591310752 0.630576792937
vn 0.288307251173 0.720591310752 0.630576792937
vn 0.999183277869 -0.0404076382168 0.00000000000
vn 0.999662539460 -0.0259770514302 0.00000000000
vn 0.265945760096 -0.767250054401 -0.583609635552
vn 0.265945760096 -0.767250054401 -0.583609635552
vn -3.43656992215e-10 -0.797925950171 -0.602755487776
vn -3.43656992215e-10 -0.797925950171 -0.602755487776
vn -0.265945760096 -0.767250054401 -0.583609635552
vn -0.265945760096 -0.767250054401 -0.583609635552
vn -0.999516332018 -0.0310982640759 0.00000000000
vn -0.999516332018 -0.0310982640759 0.00000000000
vn -0.0558836078630 0.991495176164 0.117534412050
vn -0.0558836078630 0.991495176164 0.117534412050
vn 1.03860322712e-9 0.987663291559 0.156592536562
vn 1.03860322712e-9 0.987663291559 0.156592536562
vn 0.0558836078630 0.991495176164 0.117534412050
vn 0.0558836078630 0.991495176164 0.117534412050
vn 0.999662539460 -0.0259770514302 0.00000000000
vn 0.999662539460 -0.0259770514302 0.00000000000
vn 0.265945760096 -0.767250054401 -0.583609635552
vn 0.265945760096 -0.767250054401 -0.583609635552
vn -3.43656992215e-10 -0.797925950171 -0.602755487776
vn -3.43656992215e-10 -0.797925950171 -0.602755487776
vn -0.265945760096 -0.767250054401 -0.583609635552
vn -0.265945760096 -0.767250054401 -0.583609635552
vn -1.03860322712e-9 -0.987663291559 0.156592536562
vn -1.03860322712e-9 -0.987663291559 0.156592536562
vn 1.03860322712e-9 0.987663291559 0.156592536562
vn 1.03860322712e-9 0.987663291559 0.156592536562
vn -1.03860322712e-9 -0.987663291559 0.156592536562
vn 1.03860322712e-9 0.987663291559 0.156592536562
vn -1.03860322712e-9 -0.987663291559 0.156592536562
vn 1.03860322712e-9 0.987663291559 0.156592536562
vn -1.03860322712e-9 -0.987663291559 0.156592536562
vn 1.03860322712e-9 0.987663291559 0.156592536562
vn -1.03860322712e-9 -0.987663291559 0.156592536562
vn 1.03860322712e-9 0.987663291559 0.156592536562
f 917/917/917 918/918/918 919/919/919
f 918/918/918 920/920/920 919/919/919
f 921/921/921 922/922/922 923/923/923
f 922/922/922 924/924/924 923/923/923
f 925/925/925 926/926/926 927/927/927
f 926/926/926 928/928/928 927/927/927
f 929/929/929 930/930/930 931/931/931
f 930/930/930 932/932/932 931/931/931
f 933/933/933 934/934/934 935/935/935
f 934/934/934 936/936/936 935/935/935
f 937/937/937 938/938/938 939/939/939
f 938/938/938 940/940/940 939/939/939
f 941/941/941 942/942/942 943/943/943
f 942/942/942 944/944/944 943/943/943
f 945/945/945 946/946/946 947/947/947
f 946/946/946 948/948/948 947/947/947
f 919/919/919 920/920/920 949/949/949
f 920/920/920 950/950/950 949/949/949
f 923/923/923 924/924/924 951/951/951
f 924/924/924 952/952/952 951/951/951
f 953/953/953 954/954/954 955/955/955
f 954/954/954 956/956/956 955/955/955
f 931/931/931 932/932/932 957/957/957
f 932/932/932 958/958/958 957/957/957
f 935/935/935 936/936/936 959/959/959
f 936/936/936 960/960/960 959/959/959
f 939/939/939 940/940/940 961/961/961
f 940/940/940 962/962/962 961/961/961
f 943/943/943 944/944/944 963/963/963
f 944/944/944 964/964/964 963/963/963
f 947/947/947 948/948/948 965/965/965
f 948/948/948 966/966/966 965/965/965
f 949/949/949 950/950/950 967/967/967
f 950/950/950 968/968/968 967/967/967
f 951/951/951 952/952/952 969/969/969
f 952/952/952 970/970/970 969/969/969
f 955/955/955 956/956/956 971/971/971
f 956/956/956 972/972/972 971/971/971
f 957/957/957 958/958/958 973/973/973
f 958/958/958 974/974/974 973/973/973
f 959/959/959 960/960/960 975/975/975
f 960/960/960 976/976/976 975/975/975
f 961/961/961 962/962/962 977/977/977
f 962/962/962 978/978/978 977/977/977
f 963/963/963 964/964/964 979/979/979
f 964/964/964 980/980/980 979/979/979
f 965/965/965 966/966/966 981/981/981
f 966/966/966 982/982/982 981/981/981
f 967/967/967 968/968/968 983/983/983
f 968/968/968 984/984/984 983/983/983
f 985/985/985 986/986/986 987/987/987
f 986/986/986 988/988/988 987/987/987
f 971/971/971 972/972/972 989/989/989
f 972/972/972 990/990/990 989/989/989
f 991/991/991 992/992/992 993/993/993
f 992/992/992 994/994/994 993/993/993
f 975/975/975 976/976/976 995/995/995
f 976/976/976 996/996/996 995/995/995
f 977/977/977 978/978/978 997/997/997
f 978/978/978 998/998/998 997/997/997
f 979/979/979 980/980/980 999/999/999
f 980/980/980 1000/1000/1000 999/999/999
f 981/981/981 982/982/982 1001/1001/1001
f 982/982/982 1002/1002/1002 1001/1001/1001
f 983/983/983 984/984/984 1003/1003/1003
f 984/984/984 1004/1004/1004 1003/1003/1003
f 987/987/987 988/988/988 1005/1005/1005
f 988/988/988 1006/1006/1006 1005/1005/1005
f 989/989/989 990/990/990 1007/1007/1007
f 990/990/990 1008/1008/1008 1007/1007/1007
f 993/993/993 994/994/994 1009/1009/1009
f 994/994/994 1010/1010/1010 1009/1009/1009
f 995/995/995 996/996/996 1011/1011/1011
f 996/996/996 1012/1012/1012 1011/1011/1011
f 997/997/997 998/998/998 1013/1013/1013
f 998/998/998 1014/1014/1014 1013/1013/1013
f 999/999/999 1000/1000/1000 1015/1015/1015
f 1000/1000/1000 1016/1016/1016 1015/1015/1015
f 1001/1001/1001 1002/1002/1002 1017/1017/1017
f 1002/1002/1002 1018/1018/1018 1017/1017/1017
f 1003/1003/1003 1004/1004/1004 1019/1019/1019
f 1004/1004/1004 1020/1020/1020 1019/1019/1019
f 1005/1005/1005 1006/1006/1006 1021/1021/1021
f 1006/1006/1006 1022/1022/1022 1021/1021/1021
f 1007/1007/1007 1008/1008/1008 1023/1023/1023
f 1008/1008/1008 1024/1024/1024 1023/1023/1023
f 1009/1009/1009 1010/1010/1010 1025/1025/1025
f 1010/1010/1010 1026/1026/1026 1025/1025/1025
f 1011/1011/1011 1012/1012/1012 1027/1027/1027
f 1012/1012/1012 1028/1028/1028 1027/1027/1027
f 1013/1013/1013 1014/1014/1014 1029/1029/1029
f 1014/1014/1014 1030/1030/1030 1029/1029/1029
f 1015/1015/1015 1016/1016/1016 1031/1031/1031
f 1016/1016/1016 1032/1032/1032 1031/1031/1031
f 1017/1017/1017 1018/1018/1018 1033/1033/1033
f 1018/1018/1018 1034/1034/1034 1033/1033/1033
f 1019/1019/1019 1020/1020/1020 1035/1035/1035
f 1020/1020/1020 1036/1036/1036 1035/1035/1035
f 1021/1021/1021 1022/1022/1022 1037/1037/1037
f 1022/1022/1022 1038/1038/1038 1037/1037/1037
f 1023/1023/1023 1024/1024/1024 1039/1039/1039
f 1024/1024/1024 1040/1040/1040 1039/1039/1039
f 1025/1025/1025 1026/1026/1026 1041/1041/1041
f 1026/1026/1026 1042/1042/1042 1041/1041/1041
f 1027/1027/1027 1028/1028/1028 1043/1043/1043
f 1028/1028/1028 1044/1044/1044 1043/1043/1043
f 1029/1029/1029 1030/1030/1030 1045/1045/1045
f 1030/1030/1030 1046/1046/1046 1045/1045/1045
f 1031/1031/1031 1032/1032/1032 1047/1047/1047
f 1032/1032/1032 1048/1048/1048 1047/1047/1047
f 1033/1033/1033 1034/1034/1034 1049/1049/1049
f 1034/1034/1034 1050/1050/1050 1049/1049/1049
f 1035/1035/1035 1036/1036/1036 1051/1051/1051
f 1036/1036/1036 1052/1052/1052 1051/1051/1051
f 1037/1037/1037 1038/1038/1038 1053/1053/1053
f 1038/1038/1038 1054/1054/1054 1053/1053/1053
f 1039/1039/1039 1040/1040/1040 1055/1055/1055
f 1040/1040/1040 1056/1056/1056 1055/1055/1055
f 1041/1041/1041 1042/1042/1042 1057/1057/1057
f 1042/1042/1042 1058/1058/1058 1057/1057/1057
f 1043/1043/1043 1044/1044/1044 1059/1059/1059
f 1044/1044/1044 1060/1060/1060 1059/1059/1059
f 1045/1045/1045 1046/1046/1046 1061/1061/1061
f 1046/1046/1046 1062/1062/1062 1061/1061/1061
f 1047/1047/1047 1048/1048/1048 1063/1063/1063
f 1048/1048/1048 1064/1064/1064 1063/1063/1063
f 1049/1049/1049 1050/1050/1050 1065/1065/1065
f 1050/1050/1050 1066/1066/1066 1065/1065/1065
f 1051/1051/1051 1052/1052/1052 1067/1067/1067
f 1052/1052/1052 1068/1068/1068 1067/1067/1067
f 1053/1053/1053 1054/1054/1054 1069/1069/1069
f 1054/1054/1054 1070/1070/1070 1069/1069/1069
f 1055/1055/1055 1056/1056/1056 1071/1071/1071
f 1056/1056/1056 1072/1072/1072 1071/1071/1071
f 1057/1057/1057 1058/1058/1058 1073/1073/1073
f 1058/1058/1058 1074/1074/1074 1073/1073/1073
f 1059/1059/1059 1060/1060/1060 1075/1075/1075
f 1060/1060/1060 1076/1076/1076 1075/1075/1075
f 1061/1061/1061 1062/1062/1062 1077/1077/1077
f 1062/1062/1062 1078/1078/1078 1077/1077/1077
f 1063/1063/1063 1064/1064/1064 1079/1079/1079
f 1064/1064/1064 1080/1080/1080 1079/1079/1079
f 1065/1065/1065 1066/1066/1066 1081/1081/1081
f 1066/1066/1066 1082/1082/1082 1081/1081/1081
f 1067/1067/1067 1068/1068/1068 1083/1083/1083
f 1068/1068/1068 1084/1084/1084 1083/1083/1083
f 1069/1069/1069 1070/1070/1070 1085/1085/1085
f 1070/1070/1070 1086/1086/1086 1085/1085/1085
f 1071/1071/1071 1072/1072/1072 1087/1087/1087
f 1072/1072/1072 1088/1088/1088 1087/1087/1087
f 1073/1073/1073 1074/1074/1074 1089/1089/1089
f 1074/1074/1074 1090/1090/1090 1089/1089/1089
f 1075/1075/1075 1076/1076/1076 1091/1091/1091
f 1076/1076/1076 1092/1092/1092 1091/1091/1091
f 1077/1077/1077 1078/1078/1078 1093/1093/1093
f 1078/1078/1078 1094/1094/1094 1093/1093/1093
f 1079/1079/1079 1080/1080/1080 1095/1095/1095
f 1080/1080/1080 1096/1096/1096 1095/1095/1095
f 1081/1081/1081 1082/1082/1082 1097/1097/1097
f 1082/1082/1082 1098/1098/1098 1097/1097/1097
f 1083/1083/1083 1084/1084/1084 1099/1099/1099
f 1084/1084/1084 1100/1100/1100 1099/1099/1099
f 1101/1101/1101 1102/1102/1102 1103/1103/1103
f 1102/1102/1102 1104/1104/1104 1103/1103/1103
f 1105/1105/1105 1106/1106/1106 1107/1107/1107
f 1106/1106/1106 1108/1108/1108 1107/1107/1107
f 1109/1109/1109 1110/1110/1110 1111/1111/1111
f 1110/1110/1110 1112/1112/1112 1111/1111/1111
f 1091/1091/1091 1092/1092/1092 1113/1113/1113
f 1092/1092/1092 1114/1114/1114 1113/1113/1113
f 1115/1115/1115 1116/1116/1116 1117/1117/1117
f 1116/1116/1116 1118/1118/1118 1117/1117/1117
f 1119/1119/1119 1120/1120/1120 1121/1121/1121
f 1120/1120/1120 1122/1122/1122 1121/1121/1121
f 1123/1123/1123 1124/1124/1124 1125/1125/1125
f 1124/1124/1124 1126/1126/1126 1125/1125/1125
f 1099/1099/1099 1100/1100/1100 1127/1127/1127
f 1100/1100/1100 1128/1128/1128 1127/1127/1127
f 1129/1129/1129 1130/1130/1130 1131/1131/1131
f 1130/1130/1130 1132/1132/1132 1131/1131/1131
f 1133/1133/1133 1134/1134/1134 1135/1135/1135
f 1134/1134/1134 1136/1136/1136 1135/1135/1135
f 1137/1137/1137 1138/1138/1138 1139/1139/1139
f 1138/1138/1138 1140/1140/1140 1139/1139/1139
f 1113/1113/1113 1114/1114/1114 1141/1141/1141
f 1114/1114/1114 1142/1142/1142 1141/1141/1141
f 1143/1143/1143 1144/1144/1144 1145/1145/1145
f 1144/1144/1144 1146/1146/1146 1145/1145/1145
f 1147/1147/1147 1148/1148/1148 1149/1149/1149
f 1148/1148/1148 1150/1150/1150 1149/1149/1149
f 1151/1151/1151 1152/1152/1152 1153/1153/1153
f 1152/1152/1152 1154/1154/1154 1153/1153/1153
f 1127/1127/1127 1128/1128/1128 1155/1155/1155
f 1128/1128/1128 1156/1156/1156 1155/1155/1155
f 1157/1157/1157 1158/1158/1158 1159/1159/1159
f 1158/1158/1158 1160/1160/1160 1159/1159/1159
f 1161/1161/1161 1162/1162/1162 1163/1163/1163
f 1162/1162/1162 1164/1164/1164 1163/1163/1163
f 1165/1165/1165 1166/1166/1166 1167/1167/1167
f 1166/1166/1166 1168/1168/1168 1167/1167/1167
f 1141/1141/1141 1142/1142/1142 1169/1169/1169
f 1142/1142/1142 1170/1170/1170 1169/1169/1169
f 1171/1171/1171 1172/1172/1172 1173/1173/1173
f 1172/1172/1172 1174/1174/1174 1173/1173/1173
f 1175/1175/1175 1176/1176/1176 1177/1177/1177
f 1176/1176/1176 1178/1178/1178 1177/1177/1177
f 1179/1179/1179 1180/1180/1180 1181/1181/1181
f 1180/1180/1180 1182/1182/1182 1181/1181/1181
f 1155/1155/1155 1156/1156/1156 1183/1183/1183
f 1156/1156/1156 1184/1184/1184 1183/1183/1183
f 1159/1159/1159 1160/1160/1160 1185/1185/1185
f 1160/1160/1160 1186/1186/1186 1185/1185/1185
f 1163/1163/1163 1164/1164/1164 1187/1187/1187
f 1164/1164/1164 1188/1188/1188 1187/1187/1187
f 1167/1167/1167 1168/1168/1168 1189/1189/1189
f 1168/1168/1168 1190/1190/1190 1189/1189/1189
f 1169/1169/1169 1170/1170/1170 1191/1191/1191
f 1170/1170/1170 1192/1192/1192 1191/1191/1191
f 1173/1173/1173 1174/1174/1174 1193/1193/1193
f 1174/1174/1174 1194/1194/1194 1193/1193/1193
f 1177/1177/1177 1178/1178/1178 1195/1195/1195
f 1178/1178/1178 1196/1196/1196 1195/1195/1195
f 1181/1181/1181 1182/1182/1182 1197/1197/1197
f 1182/1182/1182 1198/1198/1198 1197/1197/1197
f 1183/1183/1183 1184/1184/1184 1199/1199/1199
f 1184/1184/1184 1200/1200/1200 1199/1199/1199
f 1185/1185/1185 1186/1186/1186 1201/1201/1201
f 1186/1186/1186 1202/1202/1202 1201/1201/1201
f 1187/1187/1187 1188/1188/1188 1203/1203/1203
f 1188/1188/1188 1204/1204/1204 1203/1203/1203
f 1189/1189/1189 1190/1190/1190 1205/1205/1205
f 1190/1190/1190 1206/1206/1206 1205/1205/1205
f 1191/1191/1191 1192/1192/1192 1207/1207/1207
f 1192/1192/1192 1208/1208/1208 1207/1207/1207
f 1193/1193/1193 1194/1194/1194 1209/1209/1209
f 1194/1194/1194 1210/1210/1210 1209/1209/1209
f 1195/1195/1195 1196/1196/1196 1211/1211/1211
f 1196/1196/1196 1212/1212/1212 1211/1211/1211
f 1197/1197/1197 1198/1198/1198 1213/1213/1213
f 1198/1198/1198 1214/1214/1214 1213/1213/1213
f 1199/1199/1199 1200/1200/1200 1215/1215/1215
f 1200/1200/1200 1216/1216/1216 1215/1215/1215
f 1201/1201/1201 1202/1202/1202 1217/1217/1217
f 1202/1202/1202 1218/1218/1218 1217/1217/1217
f 1203/1203/1203 1204/1204/1204 1219/1219/1219
f 1204/1204/1204 1220/1220/1220 1219/1219/1219
f 1205/1205/1205 1206/1206/1206 1221/1221/1221
f 1206/1206/1206 1222/1222/1222 1221/1221/1221
f 1207/1207/1207 1208/1208/1208 1223/1223/1223
f 1208/1208/1208 1224/1224/1224 1223/1223/1223
f 1209/1209/1209 1210/1210/1210 1225/1225/1225
f 1210/1210/1210 1226/1226/1226 1225/1225/1225
f 1211/1211/1211 1212/1212/1212 1227/1227/1227
f 1212/1212/1212 1228/1228/1228 1227/1227/1227
f 1213/1213/1213 1214/1214/1214 1229/1229/1229
f 1214/1214/1214 1230/1230/1230 1229/1229/1229
f 1215/1215/1215 1216/1216/1216 1231/1231/1231
f 1216/1216/1216 1232/1232/1232 1231/1231/1231
f 1217/1217/1217 1218/1218/1218 1233/1233/1233
f 1218/1218/1218 1234/1234/1234 1233/1233/1233
f 1219/1219/1219 1220/1220/1220 1235/1235/1235
f 1220/1220/1220 1236/1236/1236 1235/1235/1235
f 1221/1221/1221 1222/1222/1222 1237/1237/1237
f 1222/1222/1222 1238/1238/1238 1237/1237/1237
f 1223/1223/1223 1224/1224/1224 1239/1239/1239
f 1224/1224/1224 1240/1240/1240 1239/1239/1239
f 1225/1225/1225 1226/1226/1226 1241/1241/1241
f 1226/1226/1226 1242/1242/1242 1241/1241/1241
f 1227/1227/1227 1228/1228/1228 1243/1243/1243
f 1228/1228/1228 1244/1244/1244 1243/1243/1243
f 1229/1229/1229 1230/1230/1230 1245/1245/1245
f 1230/1230/1230 1246/1246/1246 1245/1245/1245
f 1231/1231/1231 1232/1232/1232 1247/1247/1247
f 1232/1232/1232 1248/1248/1248 1247/1247/1247
f 1233/1233/1233 1234/1234/1234 1249/1249/1249
f 1234/1234/1234 1250/1250/1250 1249/1249/1249
f 1235/1235/1235 1236/1236/1236 1251/1251/1251
f 1236/1236/1236 1252/1252/1252 1251/1251/1251
f 1237/1237/1237 1238/1238/1238 1253/1253/1253
f 1238/1238/1238 1254/1254/1254 1253/1253/1253
f 1239/1239/1239 1240/1240/1240 1255/1255/1255
f 1240/1240/1240 1256/1256/1256 1255/1255/1255
f 1241/1241/1241 1242/1242/1242 1257/1257/1257
f 1242/1242/1242 1258/1258/1258 1257/1257/1257
f 1243/1243/1243 1244/1244/1244 1259/1259/1259
f 1244/1244/1244 1260/1260/1260 1259/1259/1259
f 1245/1245/1245 1246/1246/1246 1261/1261/1261
f 1246/1246/1246 1262/1262/1262 1261/1261/1261
f 1247/1247/1247 1248/1248/1248 1263/1263/1263
f 1248/1248/1248 1264/1264/1264 1263/1263/1263
f 1249/1249/1249 1250/1250/1250 1265/1265/1265
f 1250/1250/1250 1266/1266/1266 1265/1265/1265
f 1251/1251/1251 1252/1252/1252 1267/1267/1267
f 1252/1252/1252 1268/1268/1268 1267/1267/1267
f 1253/1253/1253 1254/1254/1254 1269/1269/1269
f 1254/1254/1254 1270/1270/1270 1269/1269/1269
f 1255/1255/1255 1256/1256/1256 1271/1271/1271
f 1256/1256/1256 1272/1272/1272 1271/1271/1271
f 1257/1257/1257 1258/1258/1258 1273/1273/1273
f 1258/1258/1258 1274/1274/1274 1273/1273/1273
f 1259/1259/1259 1260/1260/1260 1275/1275/1275
f 1260/1260/1260 1276/1276/1276 1275/1275/1275
f 1261/1261/1261 1262/1262/1262 1277/1277/1277
f 1262/1262/1262 1278/1278/1278 1277/1277/1277
f 1263/1263/1263 1264/1264/1264 1279/1279/1279
f 1264/1264/1264 1280/1280/1280 1279/1279/1279
f 1265/1265/1265 1266/1266/1266 1281/1281/1281
f 1266/1266/1266 1282/1282/1282 1281/1281/1281
f 1267/1267/1267 1268/1268/1268 1283/1283/1283
f 1268/1268/1268 1284/1284/1284 1283/1283/1283
f 1269/1269/1269 1270/1270/1270 1285/1285/1285
f 1270/1270/1270 1286/1286/1286 1285/1285/1285
f 1271/1271/1271 1272/1272/1272 1287/1287/1287
f 1272/1272/1272 1288/1288/1288 1287/1287/1287
f 1273/1273/1273 1274/1274/1274 1289/1289/1289
f 1274/1274/1274 1290/1290/1290 1289/1289/1289
f 1275/1275/1275 1276/1276/1276 1291/1291/1291
f 1276/1276/1276 1292/1292/1292 1291/1291/1291
f 1277/1277/1277 1278/1278/1278 1293/1293/1293
f 1278/1278/1278 1294/1294/1294 1293/1293/1293
f 1279/1279/1279 1280/1280/1280 1295/1295/1295
f 1280/1280/1280 1296/1296/1296 1295/1295/1295
f 1281/1281/1281 1282/1282/1282 1297/1297/1297
f 1282/1282/1282 1298/1298/1298 1297/1297/1297
f 1283/1283/1283 1284/1284/1284 1299/1299/1299
f 1284/1284/1284 1300/1300/1300 1299/1299/1299
f 1285/1285/1285 1286/1286/1286 1301/1301/1301
f 1286/1286/1286 1302/1302/1302 1301/1301/1301
f 1287/1287/1287 1288/1288/1288 1303/1303/1303
f 1288/1288/1288 1304/1304/1304 1303/1303/1303
f 1289/1289/1289 1290/1290/1290 1305/1305/1305
f 1290/1290/1290 1306/1306/1306 1305/1305/1305
f 1291/1291/1291 1292/1292/1292 1307/1307/1307
f 1292/1292/1292 1308/1308/1308 1307/1307/1307
f 1293/1293/1293 1294/1294/1294 1309/1309/1309
f 1294/1294/1294 1310/1310/1310 1309/1309/1309
f 1295/1295/1295 1296/1296/1296 1311/1311/1311
f 1296/1296/1296 1312/1312/1312 1311/1311/1311
f 1297/1297/1297 1298/1298/1298 1313/1313/1313
f 1298/1298/1298 1314/1314/1314 1313/1313/1313
f 1299/1299/1299 1300/1300/1300 1315/1315/1315
f 1300/1300/1300 1316/1316/1316 1315/1315/1315
f 1301/1301/1301 1302/1302/1302 1317/1317/1317
f 1302/1302/1302 1318/1318/1318 1317/1317/1317
f 1303/1303/1303 1304/1304/1304 1319/1319/1319
f 1304/1304/1304 1320/1320/1320 1319/1319/1319
f 1305/1305/1305 1306/1306/1306 1321/1321/1321
f 1306/1306/1306 1322/1322/1322 1321/1321/1321
f 1307/1307/1307 1308/1308/1308 1323/1323/1323
f 1308/1308/1308 1324/1324/1324 1323/1323/1323
f 1309/1309/1309 1310/1310/1310 1325/1325/1325
f 1310/1310/1310 1326/1326/1326 1325/1325/1325
f 1327/1327/1327 925/925/925 1328/1328/1328
f 1329/1329/1329 1330/1330/1330 1315/1315/1315
f 1327/1327/1327 926/926/926 925/925/925
f 1329/1329/1329 1315/1315/1315 1316/1316/1316
f 1327/1327/1327 1331/1331/1331 926/926/926
f 1329/1329/1329 1316/1316/1316 1332/1332/1332
f 1327/1327/1327 1333/1333/1333 1331/1331/1331
f 1329/1329/1329 1332/1332/1332 1334/1334/1334
f 1327/1327/1327 1335/1335/1335 1333/1333/1333
f 1329/1329/1329 1334/1334/1334 1336/1336/1336
f 1327/1327/1327 1337/1337/1337 1335/1335/1335
f 1329/1329/1329 1336/1336/1336 1338/1338/1338
o S12
v 0.00400000018999 1.44700000262 -0.0154499998316
v 0.00400000018999 1.44700000262 -0.0180500000715
v 0.00398390786722 1.44829000360 -0.0178189501166
v 0.00398390786722 1.44829000360 -0.0204273387790
v 0.00400000018999 1.44700000262 -0.0180500000715
v 0.00380000006407 1.44700000262 -0.0182499997318
v 0.00398390786722 1.44829000360 -0.0204273387790
v 0.00378390797414 1.44829000360 -0.0206273384392
v 0.00380000006407 1.44700000262 -0.0182499997318
v -0.00380000006407 1.44700000262 -0.0182499997318
v 0.00378390797414 1.44829000360 -0.0206273384392
v -0.00378390797414 1.44829000360 -0.0206273384392
v -0.00380000006407 1.44700000262 -0.0182499997318
v -0.00400000018999 1.44700000262 -0.0180500000715
v -0.00378390797414 1.44829000360 -0.0206273384392
v -0.00398390786722 1.44829000360 -0.0204273387790
v -0.00400000018999 1.44700000262 -0.0180500000715
v -0.00400000018999 1.44700000262 -0.0154499998316
v -0.00398390786722 1.44829000360 -0.0204273387790
v -0.00398390786722 1.44829000360 -0.0178189501166
v -0.00400000018999 1.44700000262 -0.0154499998316
v -0.00380000006407 1.44700000262 -0.0152500001714
v -0.00398390786722 1.44829000360 -0.0178189501166
v -0.00378390797414 1.44829000360 -0.0176189504564
v -0.00380000006407 1.44700000262 -0.0152500001714
v 0.00380000006407 1.44700000262 -0.0152500001714
v -0.00378390797414 1.44829000360 -0.0176189504564
v 0.00378390797414 1.44829000360 -0.0176189504564
v 0.00380000006407 1.44700000262 -0.0152500001714
v 0.00400000018999 1.44700000262 -0.0154499998316
v 0.00378390797414 1.44829000360 -0.0176189504564
v 0.00398390786722 1.44829000360 -0.0178189501166
v 0.00391107099131 1.45022500134 -0.0199740584940
v 0.00391107099131 1.45022500134 -0.0225378703326
v 0.00391107099131 1.45022500134 -0.0225378703326
v 0.00371107109822 1.45022500134 -0.0227378699929
v 0.00378390797414 1.44829000360 -0.0206273384392
v -0.00378390797414 1.44829000360 -0.0206273384392
v 0.00371107109822 1.45022500134 -0.0227378699929
v -0.00371107109822 1.45022500134 -0.0227378699929
v -0.00371107109822 1.45022500134 -0.0227378699929
v -0.00391107099131 1.45022500134 -0.0225378703326
v -0.00391107099131 1.45022500134 -0.0225378703326
v -0.00391107099131 1.45022500134 -0.0199740584940
v -0.00391107099131 1.45022500134 -0.0199740584940
v -0.00371107109822 1.45022500134 -0.0197740588337
v -0.00371107109822 1.45022500134 -0.0197740588337
v 0.00371107109822 1.45022500134 -0.0197740588337
v 0.00371107109822 1.45022500134 -0.0197740588337
v 0.00391107099131 1.45022500134 -0.0199740584940
v 0.00372192775831 1.45345000005 -0.0228892378509
v 0.00372192775831 1.45345000005 -0.0252393037081
v 0.00372192775831 1.45345000005 -0.0252393037081
v 0.00352192763239 1.45345000005 -0.0254393033683
v 0.00352192763239 1.45345000005 -0.0254393033683
v -0.00352192763239 1.45345000005 -0.0254393033683
v -0.00352192763239 1.45345000005 -0.0254393033683
v -0.00372192775831 1.45345000005 -0.0252393037081
v -0.00372192775831 1.45345000005 -0.0252393037081
v -0.00372192775831 1.45345000005 -0.0228892378509
v -0.00372192775831 1.45345000005 -0.0228892378509
v -0.00352192763239 1.45345000005 -0.0226892381907
v -0.00352192763239 1.45345000005 -0.0226892381907
v 0.00352192763239 1.45345000005 -0.0226892381907
v 0.00352192763239 1.45345000005 -0.0226892381907
v 0.00372192775831 1.45345000005 -0.0228892378509
v 0.00351514574140 1.45774999833 -0.0261741988361
v 0.00351514574140 1.45774999833 -0.0282040536404
v 0.00372192775831 1.45345000005 -0.0252393037081
v 0.00352192763239 1.45345000005 -0.0254393033683
v 0.00351514574140 1.45774999833 -0.0282040536404
v 0.00331514584832 1.45774999833 -0.0284040533006
v 0.00331514584832 1.45774999833 -0.0284040533006
v -0.00331514584832 1.45774999833 -0.0284040533006
v -0.00352192763239 1.45345000005 -0.0254393033683
v -0.00372192775831 1.45345000005 -0.0252393037081
v -0.00331514584832 1.45774999833 -0.0284040533006
v -0.00351514574140 1.45774999833 -0.0282040536404
v -0.00351514574140 1.45774999833 -0.0282040536404
v -0.00351514574140 1.45774999833 -0.0261741988361
v -0.00351514574140 1.45774999833 -0.0261741988361
v -0.00331514584832 1.45774999833 -0.0259741991758
v -0.00331514584832 1.45774999833 -0.0259741991758
v 0.00331514584832 1.45774999833 -0.0259741991758
v 0.00331514584832 1.45774999833 -0.0259741991758
v 0.00351514574140 1.45774999833 -0.0261741988361
v 0.00350000010803 1.46420000321 -0.0302371606231
v 0.00350000010803 1.46420000321 -0.0321444980800
v 0.00350000010803 1.46420000321 -0.0321444980800
v 0.00329999998212 1.46420000321 -0.0323444977403
v 0.00329999998212 1.46420000321 -0.0323444977403
v -0.00329999998212 1.46420000321 -0.0323444977403
v -0.00329999998212 1.46420000321 -0.0323444977403
v -0.00350000010803 1.46420000321 -0.0321444980800
v -0.00350000010803 1.46420000321 -0.0321444980800
v -0.00350000010803 1.46420000321 -0.0302371606231
v -0.00350000010803 1.46420000321 -0.0302371606231
v -0.00329999998212 1.46420000321 -0.0300371609628
v -0.00329999998212 1.46420000321 -0.0300371609628
v 0.00329999998212 1.46420000321 -0.0300371609628
v 0.00329999998212 1.46420000321 -0.0300371609628
v 0.00350000010803 1.46420000321 -0.0302371606231
v 0.00350000010803 1.47279999977 -0.0348392389715
v 0.00350000010803 1.47279999977 -0.0366672538221
v 0.00350000010803 1.47279999977 -0.0366672538221
v 0.00329999998212 1.47279999977 -0.0368672534823
v 0.00329999998212 1.47279999977 -0.0368672534823
v -0.00329999998212 1.47279999977 -0.0368672534823
v -0.00329999998212 1.47279999977 -0.0368672534823
v -0.00350000010803 1.47279999977 -0.0366672538221
v -0.00350000010803 1.47279999977 -0.0366672538221
v -0.00350000010803 1.47279999977 -0.0348392389715
v -0.00350000010803 1.47279999977 -0.0348392389715
v -0.00329999998212 1.47279999977 -0.0346392393112
v -0.00329999998212 1.47279999977 -0.0346392393112
v 0.00329999998212 1.47279999977 -0.0346392393112
v 0.00329999998212 1.47279999977 -0.0346392393112
v 0.00350000010803 1.47279999977 -0.0348392389715
v 0.00350000010803 1.48570000207 -0.0405878983438
v 0.00350000010803 1.48570000207 -0.0423407256603
v 0.00350000010803 1.48570000207 -0.0423407256603
v 0.00329999998212 1.48570000207 -0.0425407290459
v 0.00329999998212 1.48570000207 -0.0425407290459
v -0.00329999998212 1.48570000207 -0.0425407290459
v -0.00329999998212 1.48570000207 -0.0425407290459
v -0.00350000010803 1.48570000207 -0.0423407256603
v -0.00350000010803 1.48570000207 -0.0423407256603
v -0.00350000010803 1.48570000207 -0.0405878983438
v -0.00350000010803 1.48570000207 -0.0405878983438
v -0.00329999998212 1.48570000207 -0.0403878986835
v -0.00329999998212 1.48570000207 -0.0403878986835
v 0.00329999998212 1.48570000207 -0.0403878986835
v 0.00329999998212 1.48570000207 -0.0403878986835
v 0.00350000010803 1.48570000207 -0.0405878983438
v 0.00350000010803 1.50074999979 -0.0459142886102
v 0.00350000010803 1.50074999979 -0.0476063936949
v 0.00350000010803 1.50074999979 -0.0476063936949
v 0.00329999998212 1.50074999979 -0.0478063933551
v 0.00329999998212 1.50074999979 -0.0478063933551
v -0.00329999998212 1.50074999979 -0.0478063933551
v -0.00329999998212 1.50074999979 -0.0478063933551
v -0.00350000010803 1.50074999979 -0.0476063936949
v -0.00350000010803 1.50074999979 -0.0476063936949
v -0.00350000010803 1.50074999979 -0.0459142886102
v -0.00350000010803 1.50074999979 -0.0459142886102
v -0.00329999998212 1.50074999979 -0.0457142889500
v -0.00329999998212 1.50074999979 -0.0457142889500
v 0.00329999998212 1.50074999979 -0.0457142889500
v 0.00329999998212 1.50074999979 -0.0457142889500
v 0.00350000010803 1.50074999979 -0.0459142886102
v 0.00350000010803 1.51795000038 -0.0503668971360
v 0.00350000010803 1.51795000038 -0.0520098358393
v 0.00350000010803 1.51795000038 -0.0520098358393
v 0.00329999998212 1.51795000038 -0.0522098354995
v 0.00329999998212 1.51795000038 -0.0522098354995
v -0.00329999998212 1.51795000038 -0.0522098354995
v -0.00329999998212 1.51795000038 -0.0522098354995
v -0.00350000010803 1.51795000038 -0.0520098358393
v -0.00350000010803 1.51795000038 -0.0520098358393
v -0.00350000010803 1.51795000038 -0.0503668971360
v -0.00350000010803 1.51795000038 -0.0503668971360
v -0.00329999998212 1.51795000038 -0.0501668974757
v -0.00329999998212 1.51795000038 -0.0501668974757
v 0.00329999998212 1.51795000038 -0.0501668974757
v 0.00329999998212 1.51795000038 -0.0501668974757
v 0.00350000010803 1.51795000038 -0.0503668971360
v 0.00350000010803 1.53730000010 -0.0533499829471
v 0.00350000010803 1.53730000010 -0.0549596101046
v 0.00350000010803 1.53730000010 -0.0549596101046
v 0.00329999998212 1.53730000010 -0.0551596097648
v 0.00329999998212 1.53730000010 -0.0551596097648
v -0.00329999998212 1.53730000010 -0.0551596097648
v -0.00329999998212 1.53730000010 -0.0551596097648
v -0.00350000010803 1.53730000010 -0.0549596101046
v -0.00350000010803 1.53730000010 -0.0549596101046
v -0.00350000010803 1.53730000010 -0.0533499829471
v -0.00350000010803 1.53730000010 -0.0533499829471
v -0.00329999998212 1.53730000010 -0.0531499832869
v -0.00329999998212 1.53730000010 -0.0531499832869
v 0.00329999998212 1.53730000010 -0.0531499832869
v 0.00329999998212 1.53730000010 -0.0531499832869
v 0.00350000010803 1.53730000010 -0.0533499829471
v 0.00350000010803 1.55449999999 -0.0542000010610
v 0.00350000010803 1.55449999999 -0.0557999983430
v 0.00350000010803 1.53730000010 -0.0549596101046
v 0.00329999998212 1.53730000010 -0.0551596097648
v 0.00350000010803 1.55449999999 -0.0557999983430
v 0.00329999998212 1.55449999999 -0.0560000017285
v 0.00329999998212 1.53730000010 -0.0551596097648
v -0.00329999998212 1.53730000010 -0.0551596097648
v 0.00329999998212 1.55449999999 -0.0560000017285
v -0.00329999998212 1.55449999999 -0.0560000017285
v -0.00329999998212 1.53730000010 -0.0551596097648
v -0.00350000010803 1.53730000010 -0.0549596101046
v -0.00329999998212 1.55449999999 -0.0560000017285
v -0.00350000010803 1.55449999999 -0.0557999983430
v -0.00350000010803 1.55449999999 -0.0557999983430
v -0.00350000010803 1.55449999999 -0.0542000010610
v -0.00350000010803 1.53730000010 -0.0533499829471
v -0.00329999998212 1.53730000010 -0.0531499832869
v -0.00350000010803 1.55449999999 -0.0542000010610
v -0.00329999998212 1.55449999999 -0.0540000014007
v -0.00329999998212 1.53730000010 -0.0531499832869
v 0.00329999998212 1.53730000010 -0.0531499832869
v -0.00329999998212 1.55449999999 -0.0540000014007
v 0.00329999998212 1.55449999999 -0.0540000014007
v 0.00329999998212 1.53730000010 -0.0531499832869
v 0.00350000010803 1.53730000010 -0.0533499829471
v 0.00329999998212 1.55449999999 -0.0540000014007
v 0.00350000010803 1.55449999999 -0.0542000010610
v 0.00350000010803 1.57169999941 -0.0533499829471
v 0.00350000010803 1.57169999941 -0.0549596101046
v 0.00350000010803 1.55449999999 -0.0557999983430
v 0.00329999998212 1.55449999999 -0.0560000017285
v 0.00350000010803 1.57169999941 -0.0549596101046
v 0.00329999998212 1.57169999941 -0.0551596097648
v 0.00329999998212 1.55449999999 -0.0560000017285
v -0.00329999998212 1.55449999999 -0.0560000017285
v 0.00329999998212 1.57169999941 -0.0551596097648
v -0.00329999998212 1.57169999941 -0.0551596097648
v -0.00329999998212 1.55449999999 -0.0560000017285
v -0.00350000010803 1.55449999999 -0.0557999983430
v -0.00329999998212 1.57169999941 -0.0551596097648
v -0.00350000010803 1.57169999941 -0.0549596101046
v -0.00350000010803 1.57169999941 -0.0549596101046
v -0.00350000010803 1.57169999941 -0.0533499829471
v -0.00350000010803 1.55449999999 -0.0542000010610
v -0.00329999998212 1.55449999999 -0.0540000014007
v -0.00350000010803 1.57169999941 -0.0533499829471
v -0.00329999998212 1.57169999941 -0.0531499832869
v -0.00329999998212 1.55449999999 -0.0540000014007
v 0.00329999998212 1.55449999999 -0.0540000014007
v -0.00329999998212 1.57169999941 -0.0531499832869
v 0.00329999998212 1.57169999941 -0.0531499832869
v 0.00329999998212 1.55449999999 -0.0540000014007
v 0.00350000010803 1.55449999999 -0.0542000010610
v 0.00329999998212 1.57169999941 -0.0531499832869
v 0.00350000010803 1.57169999941 -0.0533499829471
v 0.00350000010803 1.59105000100 -0.0503668971360
v 0.00350000010803 1.59105000100 -0.0520098358393
v 0.00350000010803 1.57169999941 -0.0549596101046
v 0.00329999998212 1.57169999941 -0.0551596097648
v 0.00350000010803 1.59105000100 -0.0520098358393
v 0.00329999998212 1.59105000100 -0.0522098354995
v 0.00329999998212 1.57169999941 -0.0551596097648
v -0.00329999998212 1.57169999941 -0.0551596097648
v 0.00329999998212 1.59105000100 -0.0522098354995
v -0.00329999998212 1.59105000100 -0.0522098354995
v -0.00329999998212 1.57169999941 -0.0551596097648
v -0.00350000010803 1.57169999941 -0.0549596101046
v -0.00329999998212 1.59105000100 -0.0522098354995
v -0.00350000010803 1.59105000100 -0.0520098358393
v -0.00350000010803 1.59105000100 -0.0520098358393
v -0.00350000010803 1.59105000100 -0.0503668971360
v -0.00350000010803 1.57169999941 -0.0533499829471
v -0.00329999998212 1.57169999941 -0.0531499832869
v -0.00350000010803 1.59105000100 -0.0503668971360
v -0.00329999998212 1.59105000100 -0.0501668974757
v -0.00329999998212 1.57169999941 -0.0531499832869
v 0.00329999998212 1.57169999941 -0.0531499832869
v -0.00329999998212 1.59105000100 -0.0501668974757
v 0.00329999998212 1.59105000100 -0.0501668974757
v 0.00329999998212 1.57169999941 -0.0531499832869
v 0.00350000010803 1.57169999941 -0.0533499829471
v 0.00329999998212 1.59105000100 -0.0501668974757
v 0.00350000010803 1.59105000100 -0.0503668971360
v 0.00350000010803 1.60825000158 -0.0459142886102
v 0.00350000010803 1.60825000158 -0.0476063936949
v 0.00350000010803 1.60825000158 -0.0476063936949
v 0.00329999998212 1.60825000158 -0.0478063933551
v 0.00329999998212 1.60825000158 -0.0478063933551
v -0.00329999998212 1.60825000158 -0.0478063933551
v -0.00329999998212 1.60825000158 -0.0478063933551
v -0.00350000010803 1.60825000158 -0.0476063936949
v -0.00350000010803 1.60825000158 -0.0476063936949
v -0.00350000010803 1.60825000158 -0.0459142886102
v -0.00350000010803 1.60825000158 -0.0459142886102
v -0.00329999998212 1.60825000158 -0.0457142889500
v -0.00329999998212 1.60825000158 -0.0457142889500
v 0.00329999998212 1.60825000158 -0.0457142889500
v 0.00329999998212 1.60825000158 -0.0457142889500
v 0.00350000010803 1.60825000158 -0.0459142886102
v 0.00350000010803 1.62329999930 -0.0405878983438
v 0.00350000010803 1.62329999930 -0.0423407256603
v 0.00350000010803 1.62329999930 -0.0423407256603
v 0.00329999998212 1.62329999930 -0.0425407290459
v 0.00329999998212 1.62329999930 -0.0425407290459
v -0.00329999998212 1.62329999930 -0.0425407290459
v -0.00329999998212 1.62329999930 -0.0425407290459
v -0.00350000010803 1.62329999930 -0.0423407256603
v -0.00350000010803 1.62329999930 -0.0423407256603
v -0.00350000010803 1.62329999930 -0.0405878983438
v -0.00350000010803 1.62329999930 -0.0405878983438
v -0.00329999998212 1.62329999930 -0.0403878986835
v -0.00329999998212 1.62329999930 -0.0403878986835
v 0.00329999998212 1.62329999930 -0.0403878986835
v 0.00329999998212 1.62329999930 -0.0403878986835
v 0.00350000010803 1.62329999930 -0.0405878983438
v 0.00350000010803 1.63620000160 -0.0348392389715
v 0.00350000010803 1.63620000160 -0.0366672538221
v 0.00350000010803 1.63620000160 -0.0366672538221
v 0.00329999998212 1.63620000160 -0.0368672534823
v 0.00329999998212 1.63620000160 -0.0368672534823
v -0.00329999998212 1.63620000160 -0.0368672534823
v -0.00329999998212 1.63620000160 -0.0368672534823
v -0.00350000010803 1.63620000160 -0.0366672538221
v -0.00350000010803 1.63620000160 -0.0366672538221
v -0.00350000010803 1.63620000160 -0.0348392389715
v -0.00350000010803 1.63620000160 -0.0348392389715
v -0.00329999998212 1.63620000160 -0.0346392393112
v -0.00329999998212 1.63620000160 -0.0346392393112
v 0.00329999998212 1.63620000160 -0.0346392393112
v 0.00329999998212 1.63620000160 -0.0346392393112
v 0.00350000010803 1.63620000160 -0.0348392389715
v 0.00350000010803 1.64479999816 -0.0302371606231
v 0.00350000010803 1.64479999816 -0.0321444980800
v 0.00350000010803 1.64479999816 -0.0321444980800
v 0.00329999998212 1.64479999816 -0.0323444977403
v 0.00329999998212 1.64479999816 -0.0323444977403
v -0.00329999998212 1.64479999816 -0.0323444977403
v -0.00329999998212 1.64479999816 -0.0323444977403
v -0.00350000010803 1.64479999816 -0.0321444980800
v -0.00350000010803 1.64479999816 -0.0321444980800
v -0.00350000010803 1.64479999816 -0.0302371606231
v -0.00350000010803 1.64479999816 -0.0302371606231
v -0.00329999998212 1.64479999816 -0.0300371609628
v -0.00329999998212 1.64479999816 -0.0300371609628
v 0.00329999998212 1.64479999816 -0.0300371609628
v 0.00329999998212 1.64479999816 -0.0300371609628
v 0.00350000010803 1.64479999816 -0.0302371606231
v 0.00351514574140 1.65125000304 -0.0261741988361
v 0.00351514574140 1.65125000304 -0.0282040536404
v 0.00351514574140 1.65125000304 -0.0282040536404
v 0.00331514584832 1.65125000304 -0.0284040533006
v 0.00331514584832 1.65125000304 -0.0284040533006
v -0.00331514584832 1.65125000304 -0.0284040533006
v -0.00331514584832 1.65125000304 -0.0284040533006
v -0.00351514574140 1.65125000304 -0.0282040536404
v -0.00351514574140 1.65125000304 -0.0282040536404
v -0.00351514574140 1.65125000304 -0.0261741988361
v -0.00351514574140 1.65125000304 -0.0261741988361
v -0.00331514584832 1.65125000304 -0.0259741991758
v -0.00331514584832 1.65125000304 -0.0259741991758
v 0.00331514584832 1.65125000304 -0.0259741991758
v 0.00331514584832 1.65125000304 -0.0259741991758
v 0.00351514574140 1.65125000304 -0.0261741988361
v 0.00372192775831 1.65555000132 -0.0228892378509
v 0.00372192775831 1.65555000132 -0.0252393037081
v 0.00372192775831 1.65555000132 -0.0252393037081
v 0.00352192763239 1.65555000132 -0.0254393033683
v 0.00352192763239 1.65555000132 -0.0254393033683
v -0.00352192763239 1.65555000132 -0.0254393033683
v -0.00352192763239 1.65555000132 -0.0254393033683
v -0.00372192775831 1.65555000132 -0.0252393037081
v -0.00372192775831 1.65555000132 -0.0252393037081
v -0.00372192775831 1.65555000132 -0.0228892378509
v -0.00372192775831 1.65555000132 -0.0228892378509
v -0.00352192763239 1.65555000132 -0.0226892381907
v -0.00352192763239 1.65555000132 -0.0226892381907
v 0.00352192763239 1.65555000132 -0.0226892381907
v 0.00352192763239 1.65555000132 -0.0226892381907
v 0.00372192775831 1.65555000132 -0.0228892378509
v 0.00391107099131 1.65877500004 -0.0199740584940
v 0.00391107099131 1.65877500004 -0.0225378703326
v 0.00391107099131 1.65877500004 -0.0225378703326
v 0.00371107109822 1.65877500004 -0.0227378699929
v 0.00371107109822 1.65877500004 -0.0227378699929
v -0.00371107109822 1.65877500004 -0.0227378699929
v -0.00371107109822 1.65877500004 -0.0227378699929
v -0.00391107099131 1.65877500004 -0.0225378703326
v -0.00391107099131 1.65877500004 -0.0225378703326
v -0.00391107099131 1.65877500004 -0.0199740584940
v -0.00391107099131 1.65877500004 -0.0199740584940
v -0.00371107109822 1.65877500004 -0.0197740588337
v -0.00371107109822 1.65877500004 -0.0197740588337
v 0.00371107109822 1.65877500004 -0.0197740588337
v 0.00371107109822 1.65877500004 -0.0197740588337
v 0.00391107099131 1.65877500004 -0.0199740584940
v 0.00398390786722 1.66070999777 -0.0178189501166
v 0.00398390786722 1.66070999777 -0.0204273387790
v 0.00398390786722 1.66070999777 -0.0204273387790
v 0.00378390797414 1.66070999777 -0.0206273384392
v 0.00378390797414 1.66070999777 -0.0206273384392
v -0.00378390797414 1.66070999777 -0.0206273384392
v -0.00378390797414 1.66070999777 -0.0206273384392
v -0.00398390786722 1.66070999777 -0.0204273387790
v -0.00398390786722 1.66070999777 -0.0204273387790
v -0.00398390786722 1.66070999777 -0.0178189501166
v -0.00398390786722 1.66070999777 -0.0178189501166
v -0.00378390797414 1.66070999777 -0.0176189504564
v -0.00378390797414 1.66070999777 -0.0176189504564
v 0.00378390797414 1.66070999777 -0.0176189504564
v 0.00378390797414 1.66070999777 -0.0176189504564
v 0.00398390786722 1.66070999777 -0.0178189501166
v 0.00400000018999 1.66199999875 -0.0154499998316
v 0.00400000018999 1.66199999875 -0.0180500000715
v 0.00400000018999 1.66199999875 -0.0180500000715
v 0.00380000006407 1.66199999875 -0.0182499997318
v 0.00380000006407 1.66199999875 -0.0182499997318
v -0.00380000006407 1.66199999875 -0.0182499997318
v -0.00380000006407 1.66199999875 -0.0182499997318
v -0.00400000018999 1.66199999875 -0.0180500000715
v -0.00400000018999 1.66199999875 -0.0180500000715
v -0.00400000018999 1.66199999875 -0.0154499998316
v -0.00400000018999 1.66199999875 -0.0154499998316
v -0.00380000006407 1.66199999875 -0.0152500001714
v -0.00380000006407 1.66199999875 -0.0152500001714
v 0.00380000006407 1.66199999875 -0.0152500001714
v 0.00380000006407 1.66199999875 -0.0152500001714
v 0.00400000018999 1.66199999875 -0.0154499998316
v 0.00400000018999 1.44700000262 -0.0154499998316
v 0.00400000018999 1.44700000262 -0.0180500000715
v 0.00400000018999 1.66199999875 -0.0154499998316
v 0.00400000018999 1.66199999875 -0.0180500000715
v -0.00400000018999 1.44700000262 -0.0180500000715
v -0.00400000018999 1.66199999875 -0.0180500000715
v -0.00400000018999 1.44700000262 -0.0154499998316
v -0.00400000018999 1.66199999875 -0.0154499998316
v -0.00380000006407 1.44700000262 -0.0152500001714
v -0.00380000006407 1.66199999875 -0.0152500001714
v 0.00380000006407 1.44700000262 -0.0152500001714
v 0.00380000006407 1.66199999875 -0.0152500001714
vt 0 0
vt 0.125 0
vt 0 0.006000000052154064
vt 0.125 0.006000000052154064
vt 0.125 0
vt 0.25 0
vt 0.125 0.006000000052154064
vt 0.25 0.006000000052154064
vt 0.25 0
vt 0.375 0
vt 0.25 0.006000000052154064
vt 0.375 0.006000000052154064
vt 0.375 0
vt 0.5 0
vt 0.375 0.006000000052154064
vt 0.5 0.006000000052154064
vt 0.5 0
vt 0.625 0
vt 0.5 0.006000000052154064
vt 0.625 0.006000000052154064
vt 0.625 0
vt 0.75 0
vt 0.625 0.006000000052154064
vt 0.75 0.006000000052154064
vt 0.75 0
vt 0.875 0
vt 0.75 0.006000000052154064
vt 0.875 0.006000000052154064
vt 0.875 0
vt 0 0
vt 0.875 0.006000000052154064
vt 0 0.006000000052154064
vt 0 0.014999999664723873
vt 0.125 0.014999999664723873
vt 0.125 0.014999999664723873
vt 0.25 0.014999999664723873
vt 0.25 0.006000000052154064
vt 0.375 0.006000000052154064
vt 0.25 0.014999999664723873
vt 0.375 0.014999999664723873
vt 0.375 0.014999999664723873
vt 0.5 0.014999999664723873
vt 0.5 0.014999999664723873
vt 0.625 0.014999999664723873
vt 0.625 0.014999999664723873
vt 0.75 0.014999999664723873
vt 0.75 0.014999999664723873
vt 0.875 0.014999999664723873
vt 0.875 0.014999999664723873
vt 0 0.014999999664723873
vt 0 0.029999999329447746
vt 0.125 0.029999999329447746
vt 0.125 0.029999999329447746
vt 0.25 0.029999999329447746
vt 0.25 0.029999999329447746
vt 0.375 0.029999999329447746
vt 0.375 0.029999999329447746
vt 0.5 0.029999999329447746
vt 0.5 0.029999999329447746
vt 0.625 0.029999999329447746
vt 0.625 0.029999999329447746
vt 0.75 0.029999999329447746
vt 0.75 0.029999999329447746
vt 0.875 0.029999999329447746
vt 0.875 0.029999999329447746
vt 0 0.029999999329447746
vt 0 0.05000000074505806
vt 0.125 0.05000000074505806
vt 0.125 0.029999999329447746
vt 0.25 0.029999999329447746
vt 0.125 0.05000000074505806
vt 0.25 0.05000000074505806
vt 0.25 0.05000000074505806
vt 0.375 0.05000000074505806
vt 0.375 0.029999999329447746
vt 0.5 0.029999999329447746
vt 0.375 0.05000000074505806
vt 0.5 0.05000000074505806
vt 0.5 0.05000000074505806
vt 0.625 0.05000000074505806
vt 0.625 0.05000000074505806
vt 0.75 0.05000000074505806
vt 0.75 0.05000000074505806
vt 0.875 0.05000000074505806
vt 0.875 0.05000000074505806
vt 0 0.05000000074505806
vt 0 0.07999999821186066
vt 0.125 0.07999999821186066
vt 0.125 0.07999999821186066
vt 0.25 0.07999999821186066
vt 0.25 0.07999999821186066
vt 0.375 0.07999999821186066
vt 0.375 0.07999999821186066
vt 0.5 0.07999999821186066
vt 0.5 0.07999999821186066
vt 0.625 0.07999999821186066
vt 0.625 0.07999999821186066
vt 0.75 0.07999999821186066
vt 0.75 0.07999999821186066
vt 0.875 0.07999999821186066
vt 0.875 0.07999999821186066
vt 0 0.07999999821186066
vt 0 0.11999999731779099
vt 0.125 0.11999999731779099
vt 0.125 0.11999999731779099
vt 0.25 0.11999999731779099
vt 0.25 0.11999999731779099
vt 0.375 0.11999999731779099
vt 0.375 0.11999999731779099
vt 0.5 0.11999999731779099
vt 0.5 0.11999999731779099
vt 0.625 0.11999999731779099
vt 0.625 0.11999999731779099
vt 0.75 0.11999999731779099
vt 0.75 0.11999999731779099
vt 0.875 0.11999999731779099
vt 0.875 0.11999999731779099
vt 0 0.11999999731779099
vt 0 0.18000000715255737
vt 0.125 0.18000000715255737
vt 0.125 0.18000000715255737
vt 0.25 0.18000000715255737
vt 0.25 0.18000000715255737
vt 0.375 0.18000000715255737
vt 0.375 0.18000000715255737
vt 0.5 0.18000000715255737
vt 0.5 0.18000000715255737
vt 0.625 0.18000000715255737
vt 0.625 0.18000000715255737
vt 0.75 0.18000000715255737
vt 0.75 0.18000000715255737
vt 0.875 0.18000000715255737
vt 0.875 0.18000000715255737
vt 0 0.18000000715255737
vt 0 0.25
vt 0.125 0.25
vt 0.125 0.25
vt 0.25 0.25
vt 0.25 0.25
vt 0.375 0.25
vt 0.375 0.25
vt 0.5 0.25
vt 0.5 0.25
vt 0.625 0.25
vt 0.625 0.25
vt 0.75 0.25
vt 0.75 0.25
vt 0.875 0.25
vt 0.875 0.25
vt 0 0.25
vt 0 0.33000001311302185
vt 0.125 0.33000001311302185
vt 0.125 0.33000001311302185
vt 0.25 0.33000001311302185
vt 0.25 0.33000001311302185
vt 0.375 0.33000001311302185
vt 0.375 0.33000001311302185
vt 0.5 0.33000001311302185
vt 0.5 0.33000001311302185
vt 0.625 0.33000001311302185
vt 0.625 0.33000001311302185
vt 0.75 0.33000001311302185
vt 0.75 0.33000001311302185
vt 0.875 0.33000001311302185
vt 0.875 0.33000001311302185
vt 0 0.33000001311302185
vt 0 0.41999998688697815
vt 0.125 0.41999998688697815
vt 0.125 0.41999998688697815
vt 0.25 0.41999998688697815
vt 0.25 0.41999998688697815
vt 0.375 0.41999998688697815
vt 0.375 0.41999998688697815
vt 0.5 0.41999998688697815
vt 0.5 0.41999998688697815
vt 0.625 0.41999998688697815
vt 0.625 0.41999998688697815
vt 0.75 0.41999998688697815
vt 0.75 0.41999998688697815
vt 0.875 0.41999998688697815
vt 0.875 0.41999998688697815
vt 0 0.41999998688697815
vt 0 0.5
vt 0.125 0.5
vt 0.125 0.41999998688697815
vt 0.25 0.41999998688697815
vt 0.125 0.5
vt 0.25 0.5
vt 0.25 0.41999998688697815
vt 0.375 0.41999998688697815
vt 0.25 0.5
vt 0.375 0.5
vt 0.375 0.41999998688697815
vt 0.5 0.41999998688697815
vt 0.375 0.5
vt 0.5 0.5
vt 0.5 0.5
vt 0.625 0.5
vt 0.625 0.41999998688697815
vt 0.75 0.41999998688697815
vt 0.625 0.5
vt 0.75 0.5
vt 0.75 0.41999998688697815
vt 0.875 0.41999998688697815
vt 0.75 0.5
vt 0.875 0.5
vt 0.875 0.41999998688697815
vt 0 0.41999998688697815
vt 0.875 0.5
vt 0 0.5
vt 0 0.5799999833106995
vt 0.125 0.5799999833106995
vt 0.125 0.5
vt 0.25 0.5
vt 0.125 0.5799999833106995
vt 0.25 0.5799999833106995
vt 0.25 0.5
vt 0.375 0.5
vt 0.25 0.5799999833106995
vt 0.375 0.5799999833106995
vt 0.375 0.5
vt 0.5 0.5
vt 0.375 0.5799999833106995
vt 0.5 0.5799999833106995
vt 0.5 0.5799999833106995
vt 0.625 0.5799999833106995
vt 0.625 0.5
vt 0.75 0.5
vt 0.625 0.5799999833106995
vt 0.75 0.5799999833106995
vt 0.75 0.5
vt 0.875 0.5
vt 0.75 0.5799999833106995
vt 0.875 0.5799999833106995
vt 0.875 0.5
vt 0 0.5
vt 0.875 0.5799999833106995
vt 0 0.5799999833106995
vt 0 0.6700000166893005
vt 0.125 0.6700000166893005
vt 0.125 0.5799999833106995
vt 0.25 0.5799999833106995
vt 0.125 0.6700000166893005
vt 0.25 0.6700000166893005
vt 0.25 0.5799999833106995
vt 0.375 0.5799999833106995
vt 0.25 0.6700000166893005
vt 0.375 0.6700000166893005
vt 0.375 0.5799999833106995
vt 0.5 0.5799999833106995
vt 0.375 0.6700000166893005
vt 0.5 0.6700000166893005
vt 0.5 0.6700000166893005
vt 0.625 0.6700000166893005
vt 0.625 0.5799999833106995
vt 0.75 0.5799999833106995
vt 0.625 0.6700000166893005
vt 0.75 0.6700000166893005
vt 0.75 0.5799999833106995
vt 0.875 0.5799999833106995
vt 0.75 0.6700000166893005
vt 0.875 0.6700000166893005
vt 0.875 0.5799999833106995
vt 0 0.5799999833106995
vt 0.875 0.6700000166893005
vt 0 0.6700000166893005
vt 0 0.75
vt 0.125 0.75
vt 0.125 0.75
vt 0.25 0.75
vt 0.25 0.75
vt 0.375 0.75
vt 0.375 0.75
vt 0.5 0.75
vt 0.5 0.75
vt 0.625 0.75
vt 0.625 0.75
vt 0.75 0.75
vt 0.75 0.75
vt 0.875 0.75
vt 0.875 0.75
vt 0 0.75
vt 0 0.8199999928474426
vt 0.125 0.8199999928474426
vt 0.125 0.8199999928474426
vt 0.25 0.8199999928474426
vt 0.25 0.8199999928474426
vt 0.375 0.8199999928474426
vt 0.375 0.8199999928474426
vt 0.5 0.8199999928474426
vt 0.5 0.8199999928474426
vt 0.625 0.8199999928474426
vt 0.625 0.8199999928474426
vt 0.75 0.8199999928474426
vt 0.75 0.8199999928474426
vt 0.875 0.8199999928474426
vt 0.875 0.8199999928474426
vt 0 0.8199999928474426
vt 0 0.8799999952316284
vt 0.125 0.8799999952316284
vt 0.125 0.8799999952316284
vt 0.25 0.8799999952316284
vt 0.25 0.8799999952316284
vt 0.375 0.8799999952316284
vt 0.375 0.8799999952316284
vt 0.5 0.8799999952316284
vt 0.5 0.8799999952316284
vt 0.625 0.8799999952316284
vt 0.625 0.8799999952316284
vt 0.75 0.8799999952316284
vt 0.75 0.8799999952316284
vt 0.875 0.8799999952316284
vt 0.875 0.8799999952316284
vt 0 0.8799999952316284
vt 0 0.9200000166893005
vt 0.125 0.9200000166893005
vt 0.125 0.9200000166893005
vt 0.25 0.9200000166893005
vt 0.25 0.9200000166893005
vt 0.375 0.9200000166893005
vt 0.375 0.9200000166893005
vt 0.5 0.9200000166893005
vt 0.5 0.9200000166893005
vt 0.625 0.9200000166893005
vt 0.625 0.9200000166893005
vt 0.75 0.9200000166893005
vt 0.75 0.9200000166893005
vt 0.875 0.9200000166893005
vt 0.875 0.9200000166893005
vt 0 0.9200000166893005
vt 0 0.949999988079071
vt 0.125 0.949999988079071
vt 0.125 0.949999988079071
vt 0.25 0.949999988079071
vt 0.25 0.949999988079071
vt 0.375 0.949999988079071
vt 0.375 0.949999988079071
vt 0.5 0.949999988079071
vt 0.5 0.949999988079071
vt 0.625 0.949999988079071
vt 0.625 0.949999988079071
vt 0.75 0.949999988079071
vt 0.75 0.949999988079071
vt 0.875 0.949999988079071
vt 0.875 0.949999988079071
vt 0 0.949999988079071
vt 0 0.9700000286102295
vt 0.125 0.9700000286102295
vt 0.125 0.9700000286102295
vt 0.25 0.9700000286102295
vt 0.25 0.9700000286102295
vt 0.375 0.9700000286102295
vt 0.375 0.9700000286102295
vt 0.5 0.9700000286102295
vt 0.5 0.9700000286102295
vt 0.625 0.9700000286102295
vt 0.625 0.9700000286102295
vt 0.75 0.9700000286102295
vt 0.75 0.9700000286102295
vt 0.875 0.9700000286102295
vt 0.875 0.9700000286102295
vt 0 0.9700000286102295
vt 0 0.9850000143051147
vt 0.125 0.9850000143051147
vt 0.125 0.9850000143051147
vt 0.25 0.9850000143051147
vt 0.25 0.9850000143051147
vt 0.375 0.9850000143051147
vt 0.375 0.9850000143051147
vt 0.5 0.9850000143051147
vt 0.5 0.9850000143051147
vt 0.625 0.9850000143051147
vt 0.625 0.9850000143051147
vt 0.75 0.9850000143051147
vt 0.75 0.9850000143051147
vt 0.875 0.9850000143051147
vt 0.875 0.9850000143051147
vt 0 0.9850000143051147
vt 0 0.9940000176429749
vt 0.125 0.9940000176429749
vt 0.125 0.9940000176429749
vt 0.25 0.9940000176429749
vt 0.25 0.9940000176429749
vt 0.375 0.9940000176429749
vt 0.375 0.9940000176429749
vt 0.5 0.9940000176429749
vt 0.5 0.9940000176429749
vt 0.625 0.9940000176429749
vt 0.625 0.9940000176429749
vt 0.75 0.9940000176429749
vt 0.75 0.9940000176429749
vt 0.875 0.9940000176429749
vt 0.875 0.9940000176429749
vt 0 0.9940000176429749
vt 0 1
vt 0.125 1
vt 0.125 1
vt 0.25 1
vt 0.25 1
vt 0.375 1
vt 0.375 1
vt 0.5 1
vt 0.5 1
vt 0.625 1
vt 0.625 1
vt 0.75 1
vt 0.75 1
vt 0.875 1
vt 0.875 1
vt 0 1
vt 0 0
vt 0.125 0
vt 0 1
vt 0.125 1
vt 0.5 0
vt 0.5 1
vt 0.625 0
vt 0.625 1
vt 0.75 0
vt 0.75 1
vt 0.875 0
vt 0.875 1
vn 0.999662539460 0.0259770514302 1.22423352918e-16
vn 0.999662539460 0.0259770514302 1.22423352918e-16
vn 0.999662539460 0.0259770514302 1.22423352918e-16
vn 0.998901890498 0.0468509675364 1.22330200286e-16
vn 0.0558836078630 -0.991495176164 -0.117534412050
vn 0.0558836078630 -0.991495176164 -0.117534412050
vn 0.305513562677 -0.670395080454 -0.676189248009
vn 0.305513562677 -0.670395080454 -0.676189248009
vn 1.03860324629e-9 -0.987663291559 -0.156592536562
vn 1.03860324629e-9 -0.987663291559 -0.156592536562
vn -6.32202581157e-10 -0.718067870013 -0.695973084290
vn -6.32202581157e-10 -0.718067870013 -0.695973084290
vn -0.0558836078630 -0.991495176164 -0.117534412050
vn -0.0558836078630 -0.991495176164 -0.117534412050
vn -0.305513562677 -0.670395080454 -0.676189248009
vn -0.305513562677 -0.670395080454 -0.676189248009
vn -0.999516332018 0.0310982640759 -1.22405447670e-16
vn -0.999516332018 0.0310982640759 -1.22405447670e-16
vn -0.999074529035 0.0430126194643 -1.22351342409e-16
vn -0.999516332018 0.0310982640759 -1.22405447670e-16
vn -0.265945760096 0.767250054401 0.583609635552
vn -0.265945760096 0.767250054401 0.583609635552
vn -0.265945760096 0.767250054401 0.583609635552
vn -0.265945760096 0.767250054401 0.583609635552
vn -3.43657066031e-10 0.797925950171 0.602755487776
vn -3.43657066031e-10 0.797925950171 0.602755487776
vn -3.43657066031e-10 0.797925950171 0.602755487776
vn -3.43657066031e-10 0.797925950171 0.602755487776
vn 0.265945760096 0.767250054401 0.583609635552
vn 0.265945760096 0.767250054401 0.583609635552
vn 0.265945760096 0.767250054401 0.583609635552
vn 0.265945760096 0.767250054401 0.583609635552
vn 0.999662539460 0.0259770514302 1.22423352918e-16
vn 0.998901890498 0.0468509675364 1.22330200286e-16
vn 0.305513562677 -0.670395080454 -0.676189248009
vn 0.305513562677 -0.670395080454 -0.676189248009
vn -3.72974954995e-10 -0.702243928735 -0.711936418899
vn -3.72974954995e-10 -0.702243928735 -0.711936418899
vn -3.72974954995e-10 -0.702243928735 -0.711936418899
vn -3.72974954995e-10 -0.702243928735 -0.711936418899
vn -0.305513562677 -0.670395080454 -0.676189248009
vn -0.305513562677 -0.670395080454 -0.676189248009
vn -0.999074529035 0.0430126194643 -1.22351342409e-16
vn -0.999516332018 0.0310982640759 -1.22405447670e-16
vn -0.265945760096 0.767250054401 0.583609635552
vn -0.265945760096 0.767250054401 0.583609635552
vn -3.43657066031e-10 0.797925950171 0.602755487776
vn -3.43657066031e-10 0.797925950171 0.602755487776
vn 0.265945760096 0.767250054401 0.583609635552
vn 0.265945760096 0.767250054401 0.583609635552
vn 0.998901890498 0.0468509675364 1.22330200286e-16
vn 0.998901890498 0.0468509675364 1.22330200286e-16
vn 0.305513562677 -0.670395080454 -0.676189248009
vn 0.305513562677 -0.670395080454 -0.676189248009
vn -3.72974954995e-10 -0.702243928735 -0.711936418899
vn -3.72974954995e-10 -0.702243928735 -0.711936418899
vn -0.305513562677 -0.670395080454 -0.676189248009
vn -0.305513562677 -0.670395080454 -0.676189248009
vn -0.999074529035 0.0430126194643 -1.22351342409e-16
vn -0.999074529035 0.0430126194643 -1.22351342409e-16
vn -0.315875379577 0.616653379549 0.721083458462
vn -0.315875379577 0.616653379549 0.721083458462
vn 1.54044776039e-9 0.653957295739 0.756531463556
vn 1.54044776039e-9 0.653957295739 0.756531463556
vn 0.315875379577 0.616653379549 0.721083458462
vn 0.315875379577 0.616653379549 0.721083458462
vn 0.999682496848 0.0251973311343 1.22425796993e-16
vn 0.999682496848 0.0251973311343 1.22425796993e-16
vn 0.332092652637 -0.644095141924 -0.689097901763
vn 0.332092652637 -0.644095141924 -0.689097901763
vn 0.344539707460 -0.505368002407 -0.791135621829
vn 0.344539707460 -0.505368002407 -0.791135621829
vn -1.00959462759e-9 -0.535801822523 -0.844343772986
vn -1.00959462759e-9 -0.535801822523 -0.844343772986
vn -0.332092652637 -0.644095141924 -0.689097901763
vn -0.332092652637 -0.644095141924 -0.689097901763
vn -0.344539707460 -0.505368002407 -0.791135621829
vn -0.344539707460 -0.505368002407 -0.791135621829
vn -0.999682496848 0.0251973311343 -1.22425796993e-16
vn -0.999682496848 0.0251973311343 -1.22425796993e-16
vn -0.334289612152 0.543406250964 0.770039026037
vn -0.334289612152 0.543406250964 0.770039026037
vn -1.06397799639e-9 0.578906352260 0.815394036839
vn -1.06397799639e-9 0.578906352260 0.815394036839
vn 0.334289612152 0.543406250964 0.770039026037
vn 0.334289612152 0.543406250964 0.770039026037
vn 0.999999310772 0.00117407684011 1.22464595509e-16
vn 0.999999310772 0.00117407684011 1.22464595509e-16
vn 0.350422623140 -0.462132814667 -0.814639335412
vn 0.350422623140 -0.462132814667 -0.814639335412
vn 4.00041575674e-10 -0.493327703326 -0.869843536006
vn 4.00041575674e-10 -0.493327703326 -0.869843536006
vn -0.350422623140 -0.462132814667 -0.814639335412
vn -0.350422623140 -0.462132814667 -0.814639335412
vn -0.999999310772 0.00117407684011 -1.22464595509e-16
vn -0.999999310772 0.00117407684011 -1.22464595509e-16
vn -0.348790189714 0.471554058746 0.809927264166
vn -0.348790189714 0.471554058746 0.809927264166
vn 4.07306131323e-10 0.503324321025 0.864097580059
vn 4.07306131323e-10 0.503324321025 0.864097580059
vn 0.348790194616 0.471554035570 0.809927275548
vn 0.348790194616 0.471554035570 0.809927275548
vn 1.00000000000 0.00000000000 1.22464679915e-16
vn 1.00000000000 0.00000000000 1.22464679915e-16
vn 0.358476575382 -0.405519540771 -0.840861728797
vn 0.358476575382 -0.405519540771 -0.840861728797
vn 2.62229159700e-9 -0.434430299803 -0.900705453860
vn 2.62229159700e-9 -0.434430299803 -0.900705453860
vn -0.358476571049 -0.405519565673 -0.840861718635
vn -0.358476571049 -0.405519565673 -0.840861718635
vn -1.00000000000 0.00000000000 -1.22464679915e-16
vn -1.00000000000 0.00000000000 -1.22464679915e-16
vn -0.357794798128 0.410709805990 0.838630036247
vn -0.357794798128 0.410709805990 0.838630036247
vn -9.50993627438e-17 0.439869977501 0.898061469440
vn -9.50993627438e-17 0.439869977501 0.898061469440
vn 0.357794798128 0.410709805990 0.838630036247
vn 0.357794798128 0.410709805990 0.838630036247
vn 1.00000000000 0.00000000000 1.22464679915e-16
vn 1.00000000000 0.00000000000 1.22464679915e-16
vn 0.365995473836 -0.341354138345 -0.865750925709
vn 0.365995473836 -0.341354138345 -0.865750925709
vn -4.54093201501e-9 -0.366848353945 -0.930280756120
vn -4.54093201501e-9 -0.366848353945 -0.930280756120
vn -0.365995458673 -0.341354094401 -0.865750949446
vn -0.365995458673 -0.341354094401 -0.865750949446
vn -1.00000000000 0.00000000000 -1.22464679915e-16
vn -1.00000000000 0.00000000000 -1.22464679915e-16
vn -0.365603328482 0.345076293443 0.864440025627
vn -0.365603328482 0.345076293443 0.864440025627
vn -9.87162582526e-17 0.370788545118 0.928717316954
vn -9.87162582526e-17 0.370788545118 0.928717316954
vn 0.365603328482 0.345076293443 0.864440025627
vn 0.365603328482 0.345076293443 0.864440025627
vn 1.00000000000 0.00000000000 1.22464679915e-16
vn 1.00000000000 0.00000000000 1.22464679915e-16
vn 0.372622511478 -0.268656486283 -0.888243297930
vn 0.372622511478 -0.268656486283 -0.888243297930
vn 1.91068863312e-9 -0.289549681534 -0.957162986081
vn 1.91068863312e-9 -0.289549681534 -0.957162986081
vn -0.372622528223 -0.268656528158 -0.888243278240
vn -0.372622528223 -0.268656528158 -0.888243278240
vn -1.00000000000 0.00000000000 -1.22464679915e-16
vn -1.00000000000 0.00000000000 -1.22464679915e-16
vn -0.372401455401 0.271469510418 0.887480400307
vn -0.372401455401 0.271469510418 0.887480400307
vn -1.32249990547e-16 0.292554380879 0.956248887178
vn -1.32249990547e-16 0.292554380879 0.956248887178
vn 0.372401455401 0.271469510418 0.887480400307
vn 0.372401455401 0.271469510418 0.887480400307
vn 1.00000000000 0.00000000000 1.22464679915e-16
vn 1.00000000000 0.00000000000 1.22464679915e-16
vn 0.378083101427 -0.184881668142 -0.907122889801
vn 0.378083101427 -0.184881668142 -0.907122889801
vn 1.04744714879e-16 -0.199746887580 -0.979847529416
vn 1.04744714879e-16 -0.199746887580 -0.979847529416
vn -0.378083101427 -0.184881668142 -0.907122889801
vn -0.378083101427 -0.184881668142 -0.907122889801
vn -1.00000000000 0.00000000000 -1.22464679915e-16
vn -1.00000000000 0.00000000000 -1.22464679915e-16
vn -0.377981331980 0.186871348356 0.906757526486
vn -0.377981331980 0.186871348356 0.906757526486
vn -1.19942954841e-16 0.201888305854 0.979408552117
vn -1.19942954841e-16 0.201888305854 0.979408552117
vn 0.377981331980 0.186871348356 0.906757526486
vn 0.377981331980 0.186871348356 0.906757526486
vn 1.00000000000 0.00000000000 1.22464679915e-16
vn 1.00000000000 0.00000000000 1.22464679915e-16
vn 0.381646206764 -0.0923727207087 -0.919681169391
vn 0.381646206764 -0.0923727207087 -0.919681169391
vn 1.43214640103e-16 -0.121058199284 -0.992645411205
vn 1.43214640103e-16 -0.121058199284 -0.992645411205
vn -0.381646206239 -0.0923727354827 -0.919681168125
vn -0.381646206239 -0.0923727354827 -0.919681168125
vn -1.00000000000 0.00000000000 -1.22464679915e-16
vn -1.00000000000 0.00000000000 -1.22464679915e-16
vn -0.381621890083 0.0934055355604 0.919586939303
vn -0.381621890083 0.0934055355604 0.919586939303
vn -1.21543791060e-16 0.122403886765 0.992480371849
vn -1.21543791060e-16 0.122403886765 0.992480371849
vn 0.381621890083 0.0934055355604 0.919586939303
vn 0.381621890083 0.0934055355604 0.919586939303
vn 1.00000000000 0.00000000000 1.22464679915e-16
vn 1.00000000000 0.00000000000 1.22464679915e-16
vn 0.503966447473 -0.0681037153425 -0.861034089789
vn 0.503966447473 -0.0681037153425 -0.861034089789
vn 0.505468310890 -0.0174530726604 -0.862668636813
vn 0.505468310890 -0.0174530726604 -0.862668636813
vn 2.57695381994e-10 -0.0999595174085 -0.994991504928
vn 2.57695381994e-10 -0.0999595174085 -0.994991504928
vn -3.64892460591e-10 -0.0202412844469 -0.999795124215
vn -3.64892460591e-10 -0.0202412844469 -0.999795124215
vn -0.503966446961 -0.0681037301745 -0.861034088915
vn -0.503966446961 -0.0681037301745 -0.861034088915
vn -0.505468311202 -0.0174530372810 -0.862668637346
vn -0.505468311202 -0.0174530372810 -0.862668637346
vn -1.00000000000 0.00000000000 -1.22464679915e-16
vn -1.00000000000 0.00000000000 -1.22464679915e-16
vn -0.503931940630 0.0688723252628 0.860993148652
vn -0.503931940630 0.0688723252628 0.860993148652
vn -0.505464964158 0.0176527199717 0.862666535509
vn -0.505464964158 0.0176527199717 0.862666535509
vn -1.37158040367e-16 0.101076543571 0.994878652068
vn -1.37158040367e-16 0.101076543571 0.994878652068
vn -1.44133883140e-16 0.0204733224957 0.999790399567
vn -1.44133883140e-16 0.0204733224957 0.999790399567
vn 0.503931940630 0.0688723252628 0.860993148652
vn 0.503931940630 0.0688723252628 0.860993148652
vn 0.505464964158 0.0176527199717 0.862666535509
vn 0.505464964158 0.0176527199717 0.862666535509
vn 1.00000000000 0.00000000000 1.22464679915e-16
vn 1.00000000000 0.00000000000 1.22464679915e-16
vn 0.505468311202 0.0174530372810 -0.862668637346
vn 0.505468311202 0.0174530372810 -0.862668637346
vn 0.503966446961 0.0681037301745 -0.861034088915
vn 0.503966446961 0.0681037301745 -0.861034088915
vn 3.64892705457e-10 0.0202412863088 -0.999795124177
vn 3.64892705457e-10 0.0202412863088 -0.999795124177
vn -2.57695166239e-10 0.0999595100324 -0.994991505669
vn -2.57695166239e-10 0.0999595100324 -0.994991505669
vn -0.505468310873 0.0174530745225 -0.862668636785
vn -0.505468310873 0.0174530745225 -0.862668636785
vn -0.503966447473 0.0681037153425 -0.861034089789
vn -0.503966447473 0.0681037153425 -0.861034089789
vn -1.00000000000 0.00000000000 -1.22464679915e-16
vn -1.00000000000 0.00000000000 -1.22464679915e-16
vn -0.505464964158 -0.0176527199717 0.862666535509
vn -0.505464964158 -0.0176527199717 0.862666535509
vn -0.503931940630 -0.0688723252628 0.860993148652
vn -0.503931940630 -0.0688723252628 0.860993148652
vn -1.44133883135e-16 -0.0204733243576 0.999790399529
vn -1.44133883135e-16 -0.0204733243576 0.999790399529
vn -1.52478585170e-16 -0.101076536196 0.994878652817
vn -1.52478585170e-16 -0.101076536196 0.994878652817
vn 0.505464964158 -0.0176527199717 0.862666535509
vn 0.505464964158 -0.0176527199717 0.862666535509
vn 0.503931940630 -0.0688723252628 0.860993148652
vn 0.503931940630 -0.0688723252628 0.860993148652
vn 1.00000000000 0.00000000000 1.22464679915e-16
vn 1.00000000000 0.00000000000 1.22464679915e-16
vn 0.381646206501 0.0923727280957 -0.919681168758
vn 0.381646206501 0.0923727280957 -0.919681168758
vn 0.378083101427 0.184881668142 -0.907122889801
vn 0.378083101427 0.184881668142 -0.907122889801
vn 9.99133650909e-17 0.121058191942 -0.992645412100
vn 9.99133650909e-17 0.121058191942 -0.992645412100
vn 1.04744714879e-16 0.199746887580 -0.979847529416
vn 1.04744714879e-16 0.199746887580 -0.979847529416
vn -0.381646206764 0.0923727207087 -0.919681169391
vn -0.381646206764 0.0923727207087 -0.919681169391
vn -0.378083101427 0.184881668142 -0.907122889801
vn -0.378083101427 0.184881668142 -0.907122889801
vn -1.00000000000 0.00000000000 -1.22464679915e-16
vn -1.00000000000 0.00000000000 -1.22464679915e-16
vn -0.381621890083 -0.0934055355604 0.919586939303
vn -0.381621890083 -0.0934055355604 0.919586939303
vn -0.377981333032 -0.186871333975 0.906757529011
vn -0.377981333032 -0.186871333975 0.906757529011
vn -1.21543791282e-16 -0.122403872087 0.992480373659
vn -1.21543791282e-16 -0.122403872087 0.992480373659
vn -1.35193260528e-16 -0.201888291560 0.979408555063
vn -1.35193260528e-16 -0.201888291560 0.979408555063
vn 0.381621890083 -0.0934055355604 0.919586939303
vn 0.381621890083 -0.0934055355604 0.919586939303
vn 0.377981333032 -0.186871333975 0.906757529011
vn 0.377981333032 -0.186871333975 0.906757529011
vn 1.00000000000 0.00000000000 1.22464679915e-16
vn 1.00000000000 0.00000000000 1.22464679915e-16
vn 0.372622528223 0.268656528158 -0.888243278240
vn 0.372622528223 0.268656528158 -0.888243278240
vn -1.91068839869e-9 0.289549681534 -0.957162986081
vn -1.91068839869e-9 0.289549681534 -0.957162986081
vn -0.372622511478 0.268656486283 -0.888243297930
vn -0.372622511478 0.268656486283 -0.888243297930
vn -1.00000000000 0.00000000000 -1.22464679915e-16
vn -1.00000000000 0.00000000000 -1.22464679915e-16
vn -0.372401455401 -0.271469510418 0.887480400307
vn -0.372401455401 -0.271469510418 0.887480400307
vn -1.32249990547e-16 -0.292554380879 0.956248887178
vn -1.32249990547e-16 -0.292554380879 0.956248887178
vn 0.372401455401 -0.271469510418 0.887480400307
vn 0.372401455401 -0.271469510418 0.887480400307
vn 1.00000000000 0.00000000000 1.22464679915e-16
vn 1.00000000000 0.00000000000 1.22464679915e-16
vn 0.365995458673 0.341354094401 -0.865750949446
vn 0.365995458673 0.341354094401 -0.865750949446
vn 4.54093224287e-9 0.366848353945 -0.930280756120
vn 4.54093224287e-9 0.366848353945 -0.930280756120
vn -0.365995473836 0.341354138345 -0.865750925709
vn -0.365995473836 0.341354138345 -0.865750925709
vn -1.00000000000 0.00000000000 -1.22464679915e-16
vn -1.00000000000 0.00000000000 -1.22464679915e-16
vn -0.365603328482 -0.345076293443 0.864440025627
vn -0.365603328482 -0.345076293443 0.864440025627
vn -1.28753879651e-16 -0.370788545118 0.928717316954
vn -1.28753879651e-16 -0.370788545118 0.928717316954
vn 0.365603328482 -0.345076293443 0.864440025627
vn 0.365603328482 -0.345076293443 0.864440025627
vn 0.999999827693 -0.000587038292178 1.22464658813e-16
vn 0.999999827693 -0.000587038292178 1.22464658813e-16
vn 0.354618373683 0.434088204187 -0.828138418401
vn 0.354618373683 0.434088204187 -0.828138418401
vn -1.50688529819e-9 0.464271221410 -0.885693080570
vn -1.50688529819e-9 0.464271221410 -0.885693080570
vn -0.354618378271 0.434088180000 -0.828138429115
vn -0.354618378271 0.434088180000 -0.828138429115
vn -0.999999827693 -0.000587038292178 -1.22464658813e-16
vn -0.999999827693 -0.000587038292178 -1.22464658813e-16
vn -0.353487934540 -0.441441381815 0.824727704491
vn -0.353487934540 -0.441441381815 0.824727704491
vn -2.04819940552e-10 -0.472063999572 0.881564280304
vn -2.04819940552e-10 -0.472063999572 0.881564280304
vn 0.353487934540 -0.441441381815 0.824727704491
vn 0.353487934540 -0.441441381815 0.824727704491
vn 0.999999827693 -0.000587038292178 1.22464658813e-16
vn 0.999999827693 -0.000587038292178 1.22464658813e-16
vn 0.354618373683 0.434088204187 -0.828138418401
vn 0.354618373683 0.434088204187 -0.828138418401
vn -1.50688529819e-9 0.464271221410 -0.885693080570
vn -1.50688529819e-9 0.464271221410 -0.885693080570
vn -0.354618378271 0.434088180000 -0.828138429115
vn -0.354618378271 0.434088180000 -0.828138429115
vn -0.999999827693 -0.000587038292178 -1.22464658813e-16
vn -0.999999827693 -0.000587038292178 -1.22464658813e-16
vn -0.353487934540 -0.441441381815 0.824727704491
vn -0.353487934540 -0.441441381815 0.824727704491
vn -2.04819940552e-10 -0.472063999572 0.881564280304
vn -2.04819940552e-10 -0.472063999572 0.881564280304
vn 0.353487934540 -0.441441381815 0.824727704491
vn 0.353487934540 -0.441441381815 0.824727704491
vn 0.999229417581 -0.0392501088116 1.22370310785e-16
vn 0.999229417581 -0.0392501088116 1.22370310785e-16
vn 0.340247382208 0.532640083173 -0.774936294606
vn 0.340247382208 0.532640083173 -0.774936294606
vn -2.41404071680e-10 0.562843080784 -0.826563770325
vn -2.41404071680e-10 0.562843080784 -0.826563770325
vn -0.340247382208 0.532640083173 -0.774936294606
vn -0.340247382208 0.532640083173 -0.774936294606
vn -0.999229417581 -0.0392501088116 -1.22370310785e-16
vn -0.999229417581 -0.0392501088116 -1.22370310785e-16
vn -0.325379916902 -0.580746368409 0.746231576159
vn -0.325379916902 -0.580746368409 0.746231576159
vn -2.50880182437e-10 -0.617490509420 0.786578330986
vn -2.50880182437e-10 -0.617490509420 0.786578330986
vn 0.325379916902 -0.580746368409 0.746231576159
vn 0.325379916902 -0.580746368409 0.746231576159
vn 0.999229417581 -0.0392501088116 1.22370310785e-16
vn 0.999229417581 -0.0392501088116 1.22370310785e-16
vn 0.340247382208 0.532640083173 -0.774936294606
vn 0.340247382208 0.532640083173 -0.774936294606
vn -2.41404071680e-10 0.562843080784 -0.826563770325
vn -2.41404071680e-10 0.562843080784 -0.826563770325
vn -0.340247382208 0.532640083173 -0.774936294606
vn -0.340247382208 0.532640083173 -0.774936294606
vn -0.999229417581 -0.0392501088116 -1.22370310785e-16
vn -0.999229417581 -0.0392501088116 -1.22370310785e-16
vn -0.325379916902 -0.580746368409 0.746231576159
vn -0.325379916902 -0.580746368409 0.746231576159
vn -2.50880182437e-10 -0.617490509420 0.786578330986
vn -2.50880182437e-10 -0.617490509420 0.786578330986
vn 0.325379916902 -0.580746368409 0.746231576159
vn 0.325379916902 -0.580746368409 0.746231576159
vn 0.999516332018 -0.0310982640759 1.22405447670e-16
vn 0.999464300930 -0.0327278347370 1.22399075700e-16
vn 0.288307251173 0.720591310752 -0.630576792937
vn 0.288307251173 0.720591310752 -0.630576792937
vn 1.26474338024e-9 0.751324170454 -0.659933323065
vn 1.26474338024e-9 0.751324170454 -0.659933323065
vn -0.288307251173 0.720591310752 -0.630576792937
vn -0.288307251173 0.720591310752 -0.630576792937
vn -0.999183277869 -0.0404076382168 -1.22364660300e-16
vn -0.999662539460 -0.0259770514302 -1.22423352918e-16
vn -0.265945760096 -0.767250054401 0.583609635552
vn -0.265945760096 -0.767250054401 0.583609635552
vn 3.43656918399e-10 -0.797925950171 0.602755487776
vn 3.43656918399e-10 -0.797925950171 0.602755487776
vn 0.265945760096 -0.767250054401 0.583609635552
vn 0.265945760096 -0.767250054401 0.583609635552
vn 0.999516332018 -0.0310982640759 1.22405447670e-16
vn 0.999464300930 -0.0327278347370 1.22399075700e-16
vn 0.288307251173 0.720591310752 -0.630576792937
vn 0.288307251173 0.720591310752 -0.630576792937
vn 1.26474338024e-9 0.751324170454 -0.659933323065
vn 1.26474338024e-9 0.751324170454 -0.659933323065
vn -0.288307251173 0.720591310752 -0.630576792937
vn -0.288307251173 0.720591310752 -0.630576792937
vn -0.999183277869 -0.0404076382168 -1.22364660300e-16
vn -0.999662539460 -0.0259770514302 -1.22423352918e-16
vn -0.265945760096 -0.767250054401 0.583609635552
vn -0.265945760096 -0.767250054401 0.583609635552
vn 3.43656918399e-10 -0.797925950171 0.602755487776
vn 3.43656918399e-10 -0.797925950171 0.602755487776
vn 0.265945760096 -0.767250054401 0.583609635552
vn 0.265945760096 -0.767250054401 0.583609635552
vn 0.999516332018 -0.0310982640759 1.22405447670e-16
vn 0.999516332018 -0.0310982640759 1.22405447670e-16
vn 0.0558836078630 0.991495176164 -0.117534412050
vn 0.0558836078630 0.991495176164 -0.117534412050
vn -1.03860320794e-9 0.987663291559 -0.156592536562
vn -1.03860320794e-9 0.987663291559 -0.156592536562
vn -0.0558836078630 0.991495176164 -0.117534412050
vn -0.0558836078630 0.991495176164 -0.117534412050
vn -0.999662539460 -0.0259770514302 -1.22423352918e-16
vn -0.999662539460 -0.0259770514302 -1.22423352918e-16
vn -0.265945760096 -0.767250054401 0.583609635552
vn -0.265945760096 -0.767250054401 0.583609635552
vn 3.43656918399e-10 -0.797925950171 0.602755487776
vn 3.43656918399e-10 -0.797925950171 0.602755487776
vn 0.265945760096 -0.767250054401 0.583609635552
vn 0.265945760096 -0.767250054401 0.583609635552
vn 1.03860324629e-9 -0.987663291559 -0.156592536562
vn 1.03860324629e-9 -0.987663291559 -0.156592536562
vn -1.03860320794e-9 0.987663291559 -0.156592536562
vn -1.03860320794e-9 0.987663291559 -0.156592536562
vn 1.03860324629e-9 -0.987663291559 -0.156592536562
vn -1.03860320794e-9 0.987663291559 -0.156592536562
vn 1.03860324629e-9 -0.987663291559 -0.156592536562
vn -1.03860320794e-9 0.987663291559 -0.156592536562
vn 1.03860324629e-9 -0.987663291559 -0.156592536562
vn -1.03860320794e-9 0.987663291559 -0.156592536562
vn 1.03860324629e-9 -0.987663291559 -0.156592536562
vn -1.03860320794e-9 0.987663291559 -0.156592536562
f 1339/1339/1339 1340/1340/1340 1341/1341/1341
f 1340/1340/1340 1342/1342/1342 1341/1341/1341
f 1343/1343/1343 1344/1344/1344 1345/1345/1345
f 1344/1344/1344 1346/1346/1346 1345/1345/1345
f 1347/1347/1347 1348/1348/1348 1349/1349/1349
f 1348/1348/1348 1350/1350/1350 1349/1349/1349
f 1351/1351/1351 1352/1352/1352 1353/1353/1353
f 1352/1352/1352 1354/1354/1354 1353/1353/1353
f 1355/1355/1355 1356/1356/1356 1357/1357/1357
f 1356/1356/1356 1358/1358/1358 1357/1357/1357
f 1359/1359/1359 1360/1360/1360 1361/1361/1361
f 1360/1360/1360 1362/1362/1362 1361/1361/1361
f 1363/1363/1363 1364/1364/1364 1365/1365/1365
f 1364/1364/1364 1366/1366/1366 1365/1365/1365
f 1367/1367/1367 1368/1368/1368 1369/1369/1369
f 1368/1368/1368 1370/1370/1370 1369/1369/1369
f 1341/1341/1341 1342/1342/1342 1371/1371/1371
f 1342/1342/1342 1372/1372/1372 1371/1371/1371
f 1345/1345/1345 1346/1346/1346 1373/1373/1373
f 1346/1346/1346 1374/1374/1374 1373/1373/1373
f 1375/1375/1375 1376/1376/1376 1377/1377/1377
f 1376/1376/1376 1378/1378/1378 1377/1377/1377
f 1353/1353/1353 1354/1354/1354 1379/1379/1379
f 1354/1354/1354 1380/1380/1380 1379/1379/1379
f 1357/1357/1357 1358/1358/1358 1381/1381/1381
f 1358/1358/1358 1382/1382/1382 1381/1381/1381
f 1361/1361/1361 1362/1362/1362 1383/1383/1383
f 1362/1362/1362 1384/1384/1384 1383/1383/1383
f 1365/1365/1365 1366/1366/1366 1385/1385/1385
f 1366/1366/1366 1386/1386/1386 1385/1385/1385
f 1369/1369/1369 1370/1370/1370 1387/1387/1387
f 1370/1370/1370 1388/1388/1388 1387/1387/1387
f 1371/1371/1371 1372/1372/1372 1389/1389/1389
f 1372/1372/1372 1390/1390/1390 1389/1389/1389
f 1373/1373/1373 1374/1374/1374 1391/1391/1391
f 1374/1374/1374 1392/1392/1392 1391/1391/1391
f 1377/1377/1377 1378/1378/1378 1393/1393/1393
f 1378/1378/1378 1394/1394/1394 1393/1393/1393
f 1379/1379/1379 1380/1380/1380 1395/1395/1395
f 1380/1380/1380 1396/1396/1396 1395/1395/1395
f 1381/1381/1381 1382/1382/1382 1397/1397/1397
f 1382/1382/1382 1398/1398/1398 1397/1397/1397
f 1383/1383/1383 1384/1384/1384 1399/1399/1399
f 1384/1384/1384 1400/1400/1400 1399/1399/1399
f 1385/1385/1385 1386/1386/1386 1401/1401/1401
f 1386/1386/1386 1402/1402/1402 1401/1401/1401
f 1387/1387/1387 1388/1388/1388 1403/1403/1403
f 1388/1388/1388 1404/1404/1404 1403/1403/1403
f 1389/1389/1389 1390/1390/1390 1405/1405/1405
f 1390/1390/1390 1406/1406/1406 1405/1405/1405
f 1407/1407/1407 1408/1408/1408 1409/1409/1409
f 1408/1408/1408 1410/1410/1410 1409/1409/1409
f 1393/1393/1393 1394/1394/1394 1411/1411/1411
f 1394/1394/1394 1412/1412/1412 1411/1411/1411
f 1413/1413/1413 1414/1414/1414 1415/1415/1415
f 1414/1414/1414 1416/1416/1416 1415/1415/1415
f 1397/1397/1397 1398/1398/1398 1417/1417/1417
f 1398/1398/1398 1418/1418/1418 1417/1417/1417
f 1399/1399/1399 1400/1400/1400 1419/1419/1419
f 1400/1400/1400 1420/1420/1420 1419/1419/1419
f 1401/1401/1401 1402/1402/1402 1421/1421/1421
f 1402/1402/1402 1422/1422/1422 1421/1421/1421
f 1403/1403/1403 1404/1404/1404 1423/1423/1423
f 1404/1404/1404 1424/1424/1424 1423/1423/1423
f 1405/1405/1405 1406/1406/1406 1425/1425/1425
f 1406/1406/1406 1426/1426/1426 1425/1425/1425
f 1409/1409/1409 1410/1410/1410 1427/1427/1427
f 1410/1410/1410 1428/1428/1428 1427/1427/1427
f 1411/1411/1411 1412/1412/1412 1429/1429/1429
f 1412/1412/1412 1430/1430/1430 1429/1429/1429
f 1415/1415/1415 1416/1416/1416 1431/1431/1431
f 1416/1416/1416 1432/1432/1432 1431/1431/1431
f 1417/1417/1417 1418/1418/1418 1433/1433/1433
f 1418/1418/1418 1434/1434/1434 1433/1433/1433
f 1419/1419/1419 1420/1420/1420 1435/1435/1435
f 1420/1420/1420 1436/1436/1436 1435/1435/1435
f 1421/1421/1421 1422/1422/1422 1437/1437/1437
f 1422/1422/1422 1438/1438/1438 1437/1437/1437
f 1423/1423/1423 1424/1424/1424 1439/1439/1439
f 1424/1424/1424 1440/1440/1440 1439/1439/1439
f 1425/1425/1425 1426/1426/1426 1441/1441/1441
f 1426/1426/1426 1442/1442/1442 1441/1441/1441
f 1427/1427/1427 1428/1428/1428 1443/1443/1443
f 1428/1428/1428 1444/1444/1444 1443/1443/1443
f 1429/1429/1429 1430/1430/1430 1445/1445/1445
f 1430/1430/1430 1446/1446/1446 1445/1445/1445
f 1431/1431/1431 1432/1432/1432 1447/1447/1447
f 1432/1432/1432 1448/1448/1448 1447/1447/1447
f 1433/1433/1433 1434/1434/1434 1449/1449/1449
f 1434/1434/1434 1450/1450/1450 1449/1449/1449
f 1435/1435/1435 1436/1436/1436 1451/1451/1451
f 1436/1436/1436 1452/1452/1452 1451/1451/1451
f 1437/1437/1437 1438/1438/1438 1453/1453/1453
f 1438/1438/1438 1454/1454/1454 1453/1453/1453
f 1439/1439/1439 1440/1440/1440 1455/1455/1455
f 1440/1440/1440 1456/1456/1456 1455/1455/1455
f 1441/1441/1441 1442/1442/1442 1457/1457/1457
f 1442/1442/1442 1458/1458/1458 1457/1457/1457
f 1443/1443/1443 1444/1444/1444 1459/1459/1459
f 1444/1444/1444 1460/1460/1460 1459/1459/1459
f 1445/1445/1445 1446/1446/1446 1461/1461/1461
f 1446/1446/1446 1462/1462/1462 1461/1461/1461
f 1447/1447/1447 1448/1448/1448 1463/1463/1463
f 1448/1448/1448 1464/1464/1464 1463/1463/1463
f 1449/1449/1449 1450/1450/1450 1465/1465/1465
f 1450/1450/1450 1466/1466/1466 1465/1465/1465
f 1451/1451/1451 1452/1452/1452 1467/1467/1467
f 1452/1452/1452 1468/1468/1468 1467/1467/1467
f 1453/1453/1453 1454/1454/1454 1469/1469/1469
f 1454/1454/1454 1470/1470/1470 1469/1469/1469
f 1455/1455/1455 1456/1456/1456 1471/1471/1471
f 1456/1456/1456 1472/1472/1472 1471/1471/1471
f 1457/1457/1457 1458/1458/1458 1473/1473/1473
f 1458/1458/1458 1474/1474/1474 1473/1473/1473
f 1459/1459/1459 1460/1460/1460 1475/1475/1475
f 1460/1460/1460 1476/1476/1476 1475/1475/1475
f 1461/1461/1461 1462/1462/1462 1477/1477/1477
f 1462/1462/1462 1478/1478/1478 1477/1477/1477
f 1463/1463/1463 1464/1464/1464 1479/1479/1479
f 1464/1464/1464 1480/1480/1480 1479/1479/1479
f 1465/1465/1465 1466/1466/1466 1481/1481/1481
f 1466/1466/1466 1482/1482/1482 1481/1481/1481
f 1467/1467/1467 1468/1468/1468 1483/1483/1483
f 1468/1468/1468 1484/1484/1484 1483/1483/1483
f 1469/1469/1469 1470/1470/1470 1485/1485/1485
f 1470/1470/1470 1486/1486/1486 1485/1485/1485
f 1471/1471/1471 1472/1472/1472 1487/1487/1487
f 1472/1472/1472 1488/1488/1488 1487/1487/1487
f 1473/1473/1473 1474/1474/1474 1489/1489/1489
f 1474/1474/1474 1490/1490/1490 1489/1489/1489
f 1475/1475/1475 1476/1476/1476 1491/1491/1491
f 1476/1476/1476 1492/1492/1492 1491/1491/1491
f 1477/1477/1477 1478/1478/1478 1493/1493/1493
f 1478/1478/1478 1494/1494/1494 1493/1493/1493
f 1479/1479/1479 1480/1480/1480 1495/1495/1495
f 1480/1480/1480 1496/1496/1496 1495/1495/1495
f 1481/1481/1481 1482/1482/1482 1497/1497/1497
f 1482/1482/1482 1498/1498/1498 1497/1497/1497
f 1483/1483/1483 1484/1484/1484 1499/1499/1499
f 1484/1484/1484 1500/1500/1500 1499/1499/1499
f 1485/1485/1485 1486/1486/1486 1501/1501/1501
f 1486/1486/1486 1502/1502/1502 1501/1501/1501
f 1487/1487/1487 1488/1488/1488 1503/1503/1503
f 1488/1488/1488 1504/1504/1504 1503/1503/1503
f 1489/1489/1489 1490/1490/1490 1505/1505/1505
f 1490/1490/1490 1506/1506/1506 1505/1505/1505
f 1491/1491/1491 1492/1492/1492 1507/1507/1507
f 1492/1492/1492 1508/1508/1508 1507/1507/1507
f 1493/1493/1493 1494/1494/1494 1509/1509/1509
f 1494/1494/1494 1510/1510/1510 1509/1509/1509
f 1495/1495/1495 1496/1496/1496 1511/1511/1511
f 1496/1496/1496 1512/1512/1512 1511/1511/1511
f 1497/1497/1497 1498/1498/1498 1513/1513/1513
f 1498/1498/1498 1514/1514/1514 1513/1513/1513
f 1499/1499/1499 1500/1500/1500 1515/1515/1515
f 1500/1500/1500 1516/1516/1516 1515/1515/1515
f 1501/1501/1501 1502/1502/1502 1517/1517/1517
f 1502/1502/1502 1518/1518/1518 1517/1517/1517
f 1503/1503/1503 1504/1504/1504 1519/1519/1519
f 1504/1504/1504 1520/1520/1520 1519/1519/1519
f 1505/1505/1505 1506/1506/1506 1521/1521/1521
f 1506/1506/1506 1522/1522/1522 1521/1521/1521
f 1523/1523/1523 1524/1524/1524 1525/1525/1525
f 1524/1524/1524 1526/1526/1526 1525/1525/1525
f 1527/1527/1527 1528/1528/1528 1529/1529/1529
f 1528/1528/1528 1530/1530/1530 1529/1529/1529
f 1531/1531/1531 1532/1532/1532 1533/1533/1533
f 1532/1532/1532 1534/1534/1534 1533/1533/1533
f 1513/1513/1513 1514/1514/1514 1535/1535/1535
f 1514/1514/1514 1536/1536/1536 1535/1535/1535
f 1537/1537/1537 1538/1538/1538 1539/1539/1539
f 1538/1538/1538 1540/1540/1540 1539/1539/1539
f 1541/1541/1541 1542/1542/1542 1543/1543/1543
f 1542/1542/1542 1544/1544/1544 1543/1543/1543
f 1545/1545/1545 1546/1546/1546 1547/1547/1547
f 1546/1546/1546 1548/1548/1548 1547/1547/1547
f 1521/1521/1521 1522/1522/1522 1549/1549/1549
f 1522/1522/1522 1550/1550/1550 1549/1549/1549
f 1551/1551/1551 1552/1552/1552 1553/1553/1553
f 1552/1552/1552 1554/1554/1554 1553/1553/1553
f 1555/1555/1555 1556/1556/1556 1557/1557/1557
f 1556/1556/1556 1558/1558/1558 1557/1557/1557
f 1559/1559/1559 1560/1560/1560 1561/1561/1561
f 1560/1560/1560 1562/1562/1562 1561/1561/1561
f 1535/1535/1535 1536/1536/1536 1563/1563/1563
f 1536/1536/1536 1564/1564/1564 1563/1563/1563
f 1565/1565/1565 1566/1566/1566 1567/1567/1567
f 1566/1566/1566 1568/1568/1568 1567/1567/1567
f 1569/1569/1569 1570/1570/1570 1571/1571/1571
f 1570/1570/1570 1572/1572/1572 1571/1571/1571
f 1573/1573/1573 1574/1574/1574 1575/1575/1575
f 1574/1574/1574 1576/1576/1576 1575/1575/1575
f 1549/1549/1549 1550/1550/1550 1577/1577/1577
f 1550/1550/1550 1578/1578/1578 1577/1577/1577
f 1579/1579/1579 1580/1580/1580 1581/1581/1581
f 1580/1580/1580 1582/1582/1582 1581/1581/1581
f 1583/1583/1583 1584/1584/1584 1585/1585/1585
f 1584/1584/1584 1586/1586/1586 1585/1585/1585
f 1587/1587/1587 1588/1588/1588 1589/1589/1589
f 1588/1588/1588 1590/1590/1590 1589/1589/1589
f 1563/1563/1563 1564/1564/1564 1591/1591/1591
f 1564/1564/1564 1592/1592/1592 1591/1591/1591
f 1593/1593/1593 1594/1594/1594 1595/1595/1595
f 1594/1594/1594 1596/1596/1596 1595/1595/1595
f 1597/1597/1597 1598/1598/1598 1599/1599/1599
f 1598/1598/1598 1600/1600/1600 1599/1599/1599
f 1601/1601/1601 1602/1602/1602 1603/1603/1603
f 1602/1602/1602 1604/1604/1604 1603/1603/1603
f 1577/1577/1577 1578/1578/1578 1605/1605/1605
f 1578/1578/1578 1606/1606/1606 1605/1605/1605
f 1581/1581/1581 1582/1582/1582 1607/1607/1607
f 1582/1582/1582 1608/1608/1608 1607/1607/1607
f 1585/1585/1585 1586/1586/1586 1609/1609/1609
f 1586/1586/1586 1610/1610/1610 1609/1609/1609
f 1589/1589/1589 1590/1590/1590 1611/1611/1611
f 1590/1590/1590 1612/1612/1612 1611/1611/1611
f 1591/1591/1591 1592/1592/1592 1613/1613/1613
f 1592/1592/1592 1614/1614/1614 1613/1613/1613
f 1595/1595/1595 1596/1596/1596 1615/1615/1615
f 1596/1596/1596 1616/1616/1616 1615/1615/1615
f 1599/1599/1599 1600/1600/1600 1617/1617/1617
f 1600/1600/1600 1618/1618/1618 1617/1617/1617
f 1603/1603/1603 1604/1604/1604 1619/1619/1619
f 1604/1604/1604 1620/1620/1620 1619/1619/1619
f 1605/1605/1605 1606/1606/1606 1621/1621/1621
f 1606/1606/1606 1622/1622/1622 1621/1621/1621
f 1607/1607/1607 1608/1608/1608 1623/1623/1623
f 1608/1608/1608 1624/1624/1624 1623/1623/1623
f 1609/1609/1609 1610/1610/1610 1625/1625/1625
f 1610/1610/1610 1626/1626/1626 1625/1625/1625
f 1611/1611/1611 1612/1612/1612 1627/1627/1627
f 1612/1612/1612 1628/1628/1628 1627/1627/1627
f 1613/1613/1613 1614/1614/1614 1629/1629/1629
f 1614/1614/1614 1630/1630/1630 1629/1629/1629
f 1615/1615/1615 1616/1616/1616 1631/1631/1631
f 1616/1616/1616 1632/1632/1632 1631/1631/1631
f 1617/1617/1617 1618/1618/1618 1633/1633/1633
f 1618/1618/1618 1634/1634/1634 1633/1633/1633
f 1619/1619/1619 1620/1620/1620 1635/1635/1635
f 1620/1620/1620 1636/1636/1636 1635/1635/1635
f 1621/1621/1621 1622/1622/1622 1637/1637/1637
f 1622/1622/1622 1638/1638/1638 1637/1637/1637
f 1623/1623/1623 1624/1624/1624 1639/1639/1639
f 1624/1624/1624 1640/1640/1640 1639/1639/1639
f 1625/1625/1625 1626/1626/1626 1641/1641/1641
f 1626/1626/1626 1642/1642/1642 1641/1641/1641
f 1627/1627/1627 1628/1628/1628 1643/1643/1643
f 1628/1628/1628 1644/1644/1644 1643/1643/1643
f 1629/1629/1629 1630/1630/1630 1645/1645/1645
f 1630/1630/1630 1646/1646/1646 1645/1645/1645
f 1631/1631/1631 1632/1632/1632 1647/1647/1647
f 1632/1632/1632 1648/1648/1648 1647/1647/1647
f 1633/1633/1633 1634/1634/1634 1649/1649/1649
f 1634/1634/1634 1650/1650/1650 1649/1649/1649
f 1635/1635/1635 1636/1636/1636 1651/1651/1651
f 1636/1636/1636 1652/1652/1652 1651/1651/1651
f 1637/1637/1637 1638/1638/1638 1653/1653/1653
f 1638/1638/1638 1654/1654/1654 1653/1653/1653
f 1639/1639/1639 1640/1640/1640 1655/1655/1655
f 1640/1640/1640 1656/1656/1656 1655/1655/1655
f 1641/1641/1641 1642/1642/1642 1657/1657/1657
f 1642/1642/1642 1658/1658/1658 1657/1657/1657
f 1643/1643/1643 1644/1644/1644 1659/1659/1659
f 1644/1644/1644 1660/1660/1660 1659/1659/1659
f 1645/1645/1645 1646/1646/1646 1661/1661/1661
f 1646/1646/1646 1662/1662/1662 1661/1661/1661
f 1647/1647/1647 1648/1648/1648 1663/1663/1663
f 1648/1648/1648 1664/1664/1664 1663/1663/1663
f 1649/1649/1649 1650/1650/1650 1665/1665/1665
f 1650/1650/1650 1666/1666/1666 1665/1665/1665
f 1651/1651/1651 1652/1652/1652 1667/1667/1667
f 1652/1652/1652 1668/1668/1668 1667/1667/1667
f 1653/1653/1653 1654/1654/1654 1669/1669/1669
f 1654/1654/1654 1670/1670/1670 1669/1669/1669
f 1655/1655/1655 1656/1656/1656 1671/1671/1671
f 1656/1656/1656 1672/1672/1672 1671/1671/1671
f 1657/1657/1657 1658/1658/1658 1673/1673/1673
f 1658/1658/1658 1674/1674/1674 1673/1673/1673
f 1659/1659/1659 1660/1660/1660 1675/1675/1675
f 1660/1660/1660 1676/1676/1676 1675/1675/1675
f 1661/1661/1661 1662/1662/1662 1677/1677/1677
f 1662/1662/1662 1678/1678/1678 1677/1677/1677
f 1663/1663/1663 1664/1664/1664 1679/1679/1679
f 1664/1664/1664 1680/1680/1680 1679/1679/1679
f 1665/1665/1665 1666/1666/1666 1681/1681/1681
f 1666/1666/1666 1682/1682/1682 1681/1681/1681
f 1667/1667/1667 1668/1668/1668 1683/1683/1683
f 1668/1668/1668 1684/1684/1684 1683/1683/1683
f 1669/1669/1669 1670/1670/1670 1685/1685/1685
f 1670/1670/1670 1686/1686/1686 1685/1685/1685
f 1671/1671/1671 1672/1672/1672 1687/1687/1687
f 1672/1672/1672 1688/1688/1688 1687/1687/1687
f 1673/1673/1673 1674/1674/1674 1689/1689/1689
f 1674/1674/1674 1690/1690/1690 1689/1689/1689
f 1675/1675/1675 1676/1676/1676 1691/1691/1691
f 1676/1676/1676 1692/1692/1692 1691/1691/1691
f 1677/1677/1677 1678/1678/1678 1693/1693/1693
f 1678/1678/1678 1694/1694/1694 1693/1693/1693
f 1679/1679/1679 1680/1680/1680 1695/1695/1695
f 1680/1680/1680 1696/1696/1696 1695/1695/1695
f 1681/1681/1681 1682/1682/1682 1697/1697/1697
f 1682/1682/1682 1698/1698/1698 1697/1697/1697
f 1683/1683/1683 1684/1684/1684 1699/1699/1699
f 1684/1684/1684 1700/1700/1700 1699/1699/1699
f 1685/1685/1685 1686/1686/1686 1701/1701/1701
f 1686/1686/1686 1702/1702/1702 1701/1701/1701
f 1687/1687/1687 1688/1688/1688 1703/1703/1703
f 1688/1688/1688 1704/1704/1704 1703/1703/1703
f 1689/1689/1689 1690/1690/1690 1705/1705/1705
f 1690/1690/1690 1706/1706/1706 1705/1705/1705
f 1691/1691/1691 1692/1692/1692 1707/1707/1707
f 1692/1692/1692 1708/1708/1708 1707/1707/1707
f 1693/1693/1693 1694/1694/1694 1709/1709/1709
f 1694/1694/1694 1710/1710/1710 1709/1709/1709
f 1695/1695/1695 1696/1696/1696 1711/1711/1711
f 1696/1696/1696 1712/1712/1712 1711/1711/1711
f 1697/1697/1697 1698/1698/1698 1713/1713/1713
f 1698/1698/1698 1714/1714/1714 1713/1713/1713
f 1699/1699/1699 1700/1700/1700 1715/1715/1715
f 1700/1700/1700 1716/1716/1716 1715/1715/1715
f 1701/1701/1701 1702/1702/1702 1717/1717/1717
f 1702/1702/1702 1718/1718/1718 1717/1717/1717
f 1703/1703/1703 1704/1704/1704 1719/1719/1719
f 1704/1704/1704 1720/1720/1720 1719/1719/1719
f 1705/1705/1705 1706/1706/1706 1721/1721/1721
f 1706/1706/1706 1722/1722/1722 1721/1721/1721
f 1707/1707/1707 1708/1708/1708 1723/1723/1723
f 1708/1708/1708 1724/1724/1724 1723/1723/1723
f 1709/1709/1709 1710/1710/1710 1725/1725/1725
f 1710/1710/1710 1726/1726/1726 1725/1725/1725
f 1711/1711/1711 1712/1712/1712 1727/1727/1727
f 1712/1712/1712 1728/1728/1728 1727/1727/1727
f 1713/1713/1713 1714/1714/1714 1729/1729/1729
f 1714/1714/1714 1730/1730/1730 1729/1729/1729
f 1715/1715/1715 1716/1716/1716 1731/1731/1731
f 1716/1716/1716 1732/1732/1732 1731/1731/1731
f 1717/1717/1717 1718/1718/1718 1733/1733/1733
f 1718/1718/1718 1734/1734/1734 1733/1733/1733
f 1719/1719/1719 1720/1720/1720 1735/1735/1735
f 1720/1720/1720 1736/1736/1736 1735/1735/1735
f 1721/1721/1721 1722/1722/1722 1737/1737/1737
f 1722/1722/1722 1738/1738/1738 1737/1737/1737
f 1723/1723/1723 1724/1724/1724 1739/1739/1739
f 1724/1724/1724 1740/1740/1740 1739/1739/1739
f 1725/1725/1725 1726/1726/1726 1741/1741/1741
f 1726/1726/1726 1742/1742/1742 1741/1741/1741
f 1727/1727/1727 1728/1728/1728 1743/1743/1743
f 1728/1728/1728 1744/1744/1744 1743/1743/1743
f 1729/1729/1729 1730/1730/1730 1745/1745/1745
f 1730/1730/1730 1746/1746/1746 1745/1745/1745
f 1731/1731/1731 1732/1732/1732 1747/1747/1747
f 1732/1732/1732 1748/1748/1748 1747/1747/1747
f 1749/1749/1749 1347/1347/1347 1750/1750/1750
f 1751/1751/1751 1752/1752/1752 1737/1737/1737
f 1749/1749/1749 1348/1348/1348 1347/1347/1347
f 1751/1751/1751 1737/1737/1737 1738/1738/1738
f 1749/1749/1749 1753/1753/1753 1348/1348/1348
f 1751/1751/1751 1738/1738/1738 1754/1754/1754
f 1749/1749/1749 1755/1755/1755 1753/1753/1753
f 1751/1751/1751 1754/1754/1754 1756/1756/1756
f 1749/1749/1749 1757/1757/1757 1755/1755/1755
f 1751/1751/1751 1756/1756/1756 1758/1758/1758
f 1749/1749/1749 1759/1759/1759 1757/1757/1757
f 1751/1751/1751 1758/1758/1758 1760/1760/1760
o S13
v 0.0140000004321 1.66250000006 0.00000000000
v 0.0129343131557 1.66250000006 0.00535756815225
v 0.00989949516952 1.66250000006 0.00989949516952
v 0.00535756815225 1.66250000006 0.0129343131557
v 8.57252763722e-19 1.66250000006 0.0140000004321
v -0.00535756815225 1.66250000006 0.0129343131557
v -0.00989949516952 1.66250000006 0.00989949516952
v -0.0129343131557 1.66250000006 0.00535756815225
v -0.0140000004321 1.66250000006 1.71450552744e-18
v -0.0129343131557 1.66250000006 -0.00535756815225
v -0.00989949516952 1.66250000006 -0.00989949516952
v -0.00535756815225 1.66250000006 -0.0129343131557
v -2.57175829117e-18 1.66250000006 -0.0140000004321
v 0.00535756815225 1.66250000006 -0.0129343131557
v 0.00989949516952 1.66250000006 -0.00989949516952
v 0.0129343131557 1.66250000006 -0.00535756815225
v 0.0144999995828 1.66199999997 0.00000000000
v 0.0133962528780 1.66199999997 0.00554890977219
v 0.0102530485019 1.66199999997 0.0102530485019
v 0.00554890977219 1.66199999997 0.0133962528780
v 8.87868889542e-19 1.66199999997 0.0144999995828
v -0.00554890977219 1.66199999997 0.0133962528780
v -0.0102530485019 1.66199999997 0.0102530485019
v -0.0133962528780 1.66199999997 0.00554890977219
v -0.0144999995828 1.66199999997 1.77573777908e-18
v -0.0133962528780 1.66199999997 -0.00554890977219
v -0.0102530485019 1.66199999997 -0.0102530485019
v -0.00554890977219 1.66199999997 -0.0133962528780
v -2.66360677202e-18 1.66199999997 -0.0144999995828
v 0.00554890977219 1.66199999997 -0.0133962528780
v 0.0102530485019 1.66199999997 -0.0102530485019
v 0.0133962528780 1.66199999997 -0.00554890977219
v 0.0192000009120 1.66199999997 0.00000000000
v 0.0177384875715 1.66199999997 0.00734752183780
v 0.0135764498264 1.66199999997 0.0135764498264
v 0.00734752183780 1.66199999997 0.0177384875715
v 1.17566094788e-18 1.66199999997 0.0192000009120
v -0.00734752183780 1.66199999997 0.0177384875715
v -0.0135764498264 1.66199999997 0.0135764498264
v -0.0177384875715 1.66199999997 0.00734752183780
v -0.0192000009120 1.66199999997 2.35132189575e-18
v -0.0177384875715 1.66199999997 -0.00734752183780
v -0.0135764498264 1.66199999997 -0.0135764498264
v -0.00734752183780 1.66199999997 -0.0177384875715
v -3.52698274023e-18 1.66199999997 -0.0192000009120
v 0.00734752183780 1.66199999997 -0.0177384875715
v 0.0135764498264 1.66199999997 -0.0135764498264
v 0.0177384875715 1.66199999997 -0.00734752183780
v 0.0199999995530 1.66280000001 0.00000000000
v 0.0184775907546 1.66280000001 0.00765366852283
v 0.0141421351582 1.66280000001 0.0141421351582
v 0.00765366852283 1.66280000001 0.0184775907546
v 1.22464679055e-18 1.66280000001 0.0199999995530
v -0.00765366852283 1.66280000001 0.0184775907546
v -0.0141421351582 1.66280000001 0.0141421351582
v -0.0184775907546 1.66280000001 0.00765366852283
v -0.0199999995530 1.66280000001 2.44929358109e-18
v -0.0184775907546 1.66280000001 -0.00765366852283
v -0.0141421351582 1.66280000001 -0.0141421351582
v -0.00765366852283 1.66280000001 -0.0184775907546
v -3.67394047504e-18 1.66280000001 -0.0199999995530
v 0.00765366852283 1.66280000001 -0.0184775907546
v 0.0141421351582 1.66280000001 -0.0141421351582
v 0.0184775907546 1.66280000001 -0.00765366852283
v 0.0199999995530 1.66719999999 0.00000000000
v 0.0184775907546 1.66719999999 0.00765366852283
v 0.0141421351582 1.66719999999 0.0141421351582
v 0.00765366852283 1.66719999999 0.0184775907546
v 1.22464679055e-18 1.66719999999 0.0199999995530
v -0.00765366852283 1.66719999999 0.0184775907546
v -0.0141421351582 1.66719999999 0.0141421351582
v -0.0184775907546 1.66719999999 0.00765366852283
v -0.0199999995530 1.66719999999 2.44929358109e-18
v -0.0184775907546 1.66719999999 -0.00765366852283
v -0.0141421351582 1.66719999999 -0.0141421351582
v -0.00765366852283 1.66719999999 -0.0184775907546
v -3.67394047504e-18 1.66719999999 -0.0199999995530
v 0.00765366852283 1.66719999999 -0.0184775907546
v 0.0141421351582 1.66719999999 -0.0141421351582
v 0.0184775907546 1.66719999999 -0.00765366852283
v 0.0192000009120 1.66800000003 0.00000000000
v 0.0177384875715 1.66800000003 0.00734752183780
v 0.0135764498264 1.66800000003 0.0135764498264
v 0.00734752183780 1.66800000003 0.0177384875715
v 1.17566094788e-18 1.66800000003 0.0192000009120
v -0.00734752183780 1.66800000003 0.0177384875715
v -0.0135764498264 1.66800000003 0.0135764498264
v -0.0177384875715 1.66800000003 0.00734752183780
v -0.0192000009120 1.66800000003 2.35132189575e-18
v -0.0177384875715 1.66800000003 -0.00734752183780
v -0.0135764498264 1.66800000003 -0.0135764498264
v -0.00734752183780 1.66800000003 -0.0177384875715
v -3.52698274023e-18 1.66800000003 -0.0192000009120
v 0.00734752183780 1.66800000003 -0.0177384875715
v 0.0135764498264 1.66800000003 -0.0135764498264
v 0.0177384875715 1.66800000003 -0.00734752183780
v 0.0144999995828 1.66800000003 0.00000000000
v 0.0133962528780 1.66800000003 0.00554890977219
v 0.0102530485019 1.66800000003 0.0102530485019
v 0.00554890977219 1.66800000003 0.0133962528780
v 8.87868889542e-19 1.66800000003 0.0144999995828
v -0.00554890977219 1.66800000003 0.0133962528780
v -0.0102530485019 1.66800000003 0.0102530485019
v -0.0133962528780 1.66800000003 0.00554890977219
v -0.0144999995828 1.66800000003 1.77573777908e-18
v -0.0133962528780 1.66800000003 -0.00554890977219
v -0.0102530485019 1.66800000003 -0.0102530485019
v -0.00554890977219 1.66800000003 -0.0133962528780
v -2.66360677202e-18 1.66800000003 -0.0144999995828
v 0.00554890977219 1.66800000003 -0.0133962528780
v 0.0102530485019 1.66800000003 -0.0102530485019
v 0.0133962528780 1.66800000003 -0.00554890977219
v 0.0140000004321 1.66749999994 0.00000000000
v 0.0129343131557 1.66749999994 0.00535756815225
v 0.00989949516952 1.66749999994 0.00989949516952
v 0.00535756815225 1.66749999994 0.0129343131557
v 8.57252763722e-19 1.66749999994 0.0140000004321
v -0.00535756815225 1.66749999994 0.0129343131557
v -0.00989949516952 1.66749999994 0.00989949516952
v -0.0129343131557 1.66749999994 0.00535756815225
v -0.0140000004321 1.66749999994 1.71450552744e-18
v -0.0129343131557 1.66749999994 -0.00535756815225
v -0.00989949516952 1.66749999994 -0.00989949516952
v -0.00535756815225 1.66749999994 -0.0129343131557
v -2.57175829117e-18 1.66749999994 -0.0140000004321
v 0.00535756815225 1.66749999994 -0.0129343131557
v 0.00989949516952 1.66749999994 -0.00989949516952
v 0.0129343131557 1.66749999994 -0.00535756815225
v 0.0140000004321 1.66600000005 0.00000000000
v 0.0129343131557 1.66600000005 0.00535756815225
v 0.00989949516952 1.66600000005 0.00989949516952
v 0.00535756815225 1.66600000005 0.0129343131557
v 8.57252763722e-19 1.66600000005 0.0140000004321
v -0.00535756815225 1.66600000005 0.0129343131557
v -0.00989949516952 1.66600000005 0.00989949516952
v -0.0129343131557 1.66600000005 0.00535756815225
v -0.0140000004321 1.66600000005 1.71450552744e-18
v -0.0129343131557 1.66600000005 -0.00535756815225
v -0.00989949516952 1.66600000005 -0.00989949516952
v -0.00535756815225 1.66600000005 -0.0129343131557
v -2.57175829117e-18 1.66600000005 -0.0140000004321
v 0.00535756815225 1.66600000005 -0.0129343131557
v 0.00989949516952 1.66600000005 -0.00989949516952
v 0.0129343131557 1.66600000005 -0.00535756815225
v 0.0149999996647 1.66600000005 0.00000000000
v 0.0138581926003 1.66600000005 0.00574025139213
v 0.0106066018343 1.66600000005 0.0106066018343
v 0.00574025139213 1.66600000005 0.0138581926003
v 9.18485118759e-19 1.66600000005 0.0149999996647
v -0.00574025139213 1.66600000005 0.0138581926003
v -0.0106066018343 1.66600000005 0.0106066018343
v -0.0138581926003 1.66600000005 0.00574025139213
v -0.0149999996647 1.66600000005 1.83697023752e-18
v -0.0138581926003 1.66600000005 -0.00574025139213
v -0.0106066018343 1.66600000005 -0.0106066018343
v -0.00574025139213 1.66600000005 -0.0138581926003
v -2.75545525288e-18 1.66600000005 -0.0149999996647
v 0.00574025139213 1.66600000005 -0.0138581926003
v 0.0106066018343 1.66600000005 -0.0106066018343
v 0.0138581926003 1.66600000005 -0.00574025139213
v 0.0149999996647 1.66399999995 0.00000000000
v 0.0138581926003 1.66399999995 0.00574025139213
v 0.0106066018343 1.66399999995 0.0106066018343
v 0.00574025139213 1.66399999995 0.0138581926003
v 9.18485118759e-19 1.66399999995 0.0149999996647
v -0.00574025139213 1.66399999995 0.0138581926003
v -0.0106066018343 1.66399999995 0.0106066018343
v -0.0138581926003 1.66399999995 0.00574025139213
v -0.0149999996647 1.66399999995 1.83697023752e-18
v -0.0138581926003 1.66399999995 -0.00574025139213
v -0.0106066018343 1.66399999995 -0.0106066018343
v -0.00574025139213 1.66399999995 -0.0138581926003
v -2.75545525288e-18 1.66399999995 -0.0149999996647
v 0.00574025139213 1.66399999995 -0.0138581926003
v 0.0106066018343 1.66399999995 -0.0106066018343
v 0.0138581926003 1.66399999995 -0.00574025139213
v 0.0140000004321 1.66399999995 0.00000000000
v 0.0129343131557 1.66399999995 0.00535756815225
v 0.00989949516952 1.66399999995 0.00989949516952
v 0.00535756815225 1.66399999995 0.0129343131557
v 8.57252763722e-19 1.66399999995 0.0140000004321
v -0.00535756815225 1.66399999995 0.0129343131557
v -0.00989949516952 1.66399999995 0.00989949516952
v -0.0129343131557 1.66399999995 0.00535756815225
v -0.0140000004321 1.66399999995 1.71450552744e-18
v -0.0129343131557 1.66399999995 -0.00535756815225
v -0.00989949516952 1.66399999995 -0.00989949516952
v -0.00535756815225 1.66399999995 -0.0129343131557
v -2.57175829117e-18 1.66399999995 -0.0140000004321
v 0.00535756815225 1.66399999995 -0.0129343131557
v 0.00989949516952 1.66399999995 -0.00989949516952
v 0.0129343131557 1.66399999995 -0.00535756815225
vt 0 0
vt 0.0625 0
vt 0.125 0
vt 0.1875 0
vt 0.25 0
vt 0.3125 0
vt 0.375 0
vt 0.4375 0
vt 0.5 0
vt 0.5625 0
vt 0.625 0
vt 0.6875 0
vt 0.75 0
vt 0.8125 0
vt 0.875 0
vt 0.9375 0
vt 0 0.0833333358168602
vt 0.0625 0.0833333358168602
vt 0.125 0.0833333358168602
vt 0.1875 0.0833333358168602
vt 0.25 0.0833333358168602
vt 0.3125 0.0833333358168602
vt 0.375 0.0833333358168602
vt 0.4375 0.0833333358168602
vt 0.5 0.0833333358168602
vt 0.5625 0.0833333358168602
vt 0.625 0.0833333358168602
vt 0.6875 0.0833333358168602
vt 0.75 0.0833333358168602
vt 0.8125 0.0833333358168602
vt 0.875 0.0833333358168602
vt 0.9375 0.0833333358168602
vt 0 0.1666666716337204
vt 0.0625 0.1666666716337204
vt 0.125 0.1666666716337204
vt 0.1875 0.1666666716337204
vt 0.25 0.1666666716337204
vt 0.3125 0.1666666716337204
vt 0.375 0.1666666716337204
vt 0.4375 0.1666666716337204
vt 0.5 0.1666666716337204
vt 0.5625 0.1666666716337204
vt 0.625 0.1666666716337204
vt 0.6875 0.1666666716337204
vt 0.75 0.1666666716337204
vt 0.8125 0.1666666716337204
vt 0.875 0.1666666716337204
vt 0.9375 0.1666666716337204
vt 0 0.25
vt 0.0625 0.25
vt 0.125 0.25
vt 0.1875 0.25
vt 0.25 0.25
vt 0.3125 0.25
vt 0.375 0.25
vt 0.4375 0.25
vt 0.5 0.25
vt 0.5625 0.25
vt 0.625 0.25
vt 0.6875 0.25
vt 0.75 0.25
vt 0.8125 0.25
vt 0.875 0.25
vt 0.9375 0.25
vt 0 0.3333333432674408
vt 0.0625 0.3333333432674408
vt 0.125 0.3333333432674408
vt 0.1875 0.3333333432674408
vt 0.25 0.3333333432674408
vt 0.3125 0.3333333432674408
vt 0.375 0.3333333432674408
vt 0.4375 0.3333333432674408
vt 0.5 0.3333333432674408
vt 0.5625 0.3333333432674408
vt 0.625 0.3333333432674408
vt 0.6875 0.3333333432674408
vt 0.75 0.3333333432674408
vt 0.8125 0.3333333432674408
vt 0.875 0.3333333432674408
vt 0.9375 0.3333333432674408
vt 0 0.4166666567325592
vt 0.0625 0.4166666567325592
vt 0.125 0.4166666567325592
vt 0.1875 0.4166666567325592
vt 0.25 0.4166666567325592
vt 0.3125 0.4166666567325592
vt 0.375 0.4166666567325592
vt 0.4375 0.4166666567325592
vt 0.5 0.4166666567325592
vt 0.5625 0.4166666567325592
vt 0.625 0.4166666567325592
vt 0.6875 0.4166666567325592
vt 0.75 0.4166666567325592
vt 0.8125 0.4166666567325592
vt 0.875 0.4166666567325592
vt 0.9375 0.4166666567325592
vt 0 0.5
vt 0.0625 0.5
vt 0.125 0.5
vt 0.1875 0.5
vt 0.25 0.5
vt 0.3125 0.5
vt 0.375 0.5
vt 0.4375 0.5
vt 0.5 0.5
vt 0.5625 0.5
vt 0.625 0.5
vt 0.6875 0.5
vt 0.75 0.5
vt 0.8125 0.5
vt 0.875 0.5
vt 0.9375 0.5
vt 0 0.5833333134651184
vt 0.0625 0.5833333134651184
vt 0.125 0.5833333134651184
vt 0.1875 0.5833333134651184
vt 0.25 0.5833333134651184
vt 0.3125 0.5833333134651184
vt 0.375 0.5833333134651184
vt 0.4375 0.5833333134651184
vt 0.5 0.5833333134651184
vt 0.5625 0.5833333134651184
vt 0.625 0.5833333134651184
vt 0.6875 0.5833333134651184
vt 0.75 0.5833333134651184
vt 0.8125 0.5833333134651184
vt 0.875 0.5833333134651184
vt 0.9375 0.5833333134651184
vt 0 0.6666666865348816
vt 0.0625 0.6666666865348816
vt 0.125 0.6666666865348816
vt 0.1875 0.6666666865348816
vt 0.25 0.6666666865348816
vt 0.3125 0.6666666865348816
vt 0.375 0.6666666865348816
vt 0.4375 0.6666666865348816
vt 0.5 0.6666666865348816
vt 0.5625 0.6666666865348816
vt 0.625 0.6666666865348816
vt 0.6875 0.6666666865348816
vt 0.75 0.6666666865348816
vt 0.8125 0.6666666865348816
vt 0.875 0.6666666865348816
vt 0.9375 0.6666666865348816
vt 0 0.75
vt 0.0625 0.75
vt 0.125 0.75
vt 0.1875 0.75
vt 0.25 0.75
vt 0.3125 0.75
vt 0.375 0.75
vt 0.4375 0.75
vt 0.5 0.75
vt 0.5625 0.75
vt 0.625 0.75
vt 0.6875 0.75
vt 0.75 0.75
vt 0.8125 0.75
vt 0.875 0.75
vt 0.9375 0.75
vt 0 0.8333333134651184
vt 0.0625 0.8333333134651184
vt 0.125 0.8333333134651184
vt 0.1875 0.8333333134651184
vt 0.25 0.8333333134651184
vt 0.3125 0.8333333134651184
vt 0.375 0.8333333134651184
vt 0.4375 0.8333333134651184
vt 0.5 0.8333333134651184
vt 0.5625 0.8333333134651184
vt 0.625 0.8333333134651184
vt 0.6875 0.8333333134651184
vt 0.75 0.8333333134651184
vt 0.8125 0.8333333134651184
vt 0.875 0.8333333134651184
vt 0.9375 0.8333333134651184
vt 0 0.9166666865348816
vt 0.0625 0.9166666865348816
vt 0.125 0.9166666865348816
vt 0.1875 0.9166666865348816
vt 0.25 0.9166666865348816
vt 0.3125 0.9166666865348816
vt 0.375 0.9166666865348816
vt 0.4375 0.9166666865348816
vt 0.5 0.9166666865348816
vt 0.5625 0.9166666865348816
vt 0.625 0.9166666865348816
vt 0.6875 0.9166666865348816
vt 0.75 0.9166666865348816
vt 0.8125 0.9166666865348816
vt 0.875 0.9166666865348816
vt 0.9375 0.9166666865348816
vn -0.969152671901 -0.244444753392 -0.0314620578705
vn -0.883340303477 -0.244444863211 -0.399945767702
vn -0.663047370146 -0.244444980056 -0.707541402794
vn -0.341811530282 -0.244444990783 -0.907420257790
vn 0.0314620543781 -0.244444725399 -0.969152679075
vn 0.399945767702 -0.244444863211 -0.883340303477
vn 0.707541402794 -0.244444980056 -0.663047370146
vn 0.907420257790 -0.244444990783 -0.341811530282
vn 0.969152679075 -0.244444725399 0.0314620543781
vn 0.883340303477 -0.244444863211 0.399945767702
vn 0.663047370146 -0.244444980056 0.707541402794
vn 0.341811530282 -0.244444990783 0.907420257790
vn -0.0314620543781 -0.244444725399 0.969152679075
vn -0.399945767702 -0.244444863211 0.883340303477
vn -0.707541402794 -0.244444980056 0.663047370146
vn -0.907420257790 -0.244444990783 0.341811530282
vn -0.0863544123290 -0.996248783879 -0.00559250313160
vn -0.0776409210426 -0.996248783800 -0.0382131934979
vn -0.0571073033404 -0.996248782533 -0.0650162995418
vn -0.0278796107080 -0.996248783479 -0.0819212348747
vn 0.00559250313160 -0.996248783879 -0.0863544123290
vn 0.0382131934979 -0.996248783800 -0.0776409210426
vn 0.0650162995418 -0.996248782533 -0.0571073033404
vn 0.0819212348747 -0.996248783479 -0.0278796107080
vn 0.0863544123290 -0.996248783879 0.00559250313160
vn 0.0776409210426 -0.996248783800 0.0382131934979
vn 0.0571073033404 -0.996248782533 0.0650162995418
vn 0.0278796107080 -0.996248783479 0.0819212348747
vn -0.00559250313160 -0.996248783879 0.0863544123290
vn -0.0382131934979 -0.996248783800 0.0776409210426
vn -0.0650162995418 -0.996248782533 0.0571073033404
vn -0.0819212348747 -0.996248783479 0.0278796107080
vn 0.156233652376 -0.987662785566 -0.0106427380100
vn 0.148413880463 -0.987662784241 0.0499554272438
vn 0.117999433415 -0.987662783367 0.102948336872
vn 0.0696206461174 -0.987662786263 0.140268265357
vn 0.0106427380100 -0.987662785566 0.156233652376
vn -0.0499554272438 -0.987662784241 0.148413880463
vn -0.102948336872 -0.987662783367 0.117999433415
vn -0.140268265357 -0.987662786263 0.0696206461174
vn -0.156233652376 -0.987662785566 0.0106427380100
vn -0.148413880463 -0.987662784241 -0.0499554272438
vn -0.117999433415 -0.987662783367 -0.102948336872
vn -0.0696206461174 -0.987662786263 -0.140268265357
vn -0.0106427380100 -0.987662785566 -0.156233652376
vn 0.0499554272438 -0.987662784241 -0.148413880463
vn 0.102948336872 -0.987662783367 -0.117999433415
vn 0.140268265357 -0.987662786263 -0.0696206461174
vn 0.987589915816 -0.150219026284 -0.0458301464106
vn 0.929952536657 -0.150219153268 0.335592737641
vn 0.730738287862 -0.150219188304 0.665924733073
vn 0.420275867327 -0.150219082955 0.894875646366
vn 0.0458301501281 -0.150219026258 0.987589915648
vn -0.335592737641 -0.150219153268 0.929952536657
vn -0.665924733073 -0.150219188304 0.730738287862
vn -0.894875646366 -0.150219082955 0.420275867327
vn -0.987589915648 -0.150219026258 0.0458301501281
vn -0.929952536657 -0.150219153268 -0.335592737641
vn -0.730738287862 -0.150219188304 -0.665924733073
vn -0.420275867327 -0.150219082955 -0.894875646366
vn -0.0458301501281 -0.150219026258 -0.987589915648
vn 0.335592737641 -0.150219153268 -0.929952536657
vn 0.665924733073 -0.150219188304 -0.730738287862
vn 0.894875646366 -0.150219082955 -0.420275867327
vn 0.987589915985 0.150219026309 0.0458301426931
vn 0.894875646366 0.150219082955 0.420275867327
vn 0.665924733073 0.150219188304 0.730738287862
vn 0.335592737641 0.150219153268 0.929952536657
vn -0.0458301464106 0.150219026284 0.987589915816
vn -0.420275867327 0.150219082955 0.894875646366
vn -0.730738287862 0.150219188304 0.665924733073
vn -0.929952536657 0.150219153268 0.335592737641
vn -0.987589915816 0.150219026284 -0.0458301464106
vn -0.894875646366 0.150219082955 -0.420275867327
vn -0.665924733073 0.150219188304 -0.730738287862
vn -0.335592737641 0.150219153268 -0.929952536657
vn 0.0458301464106 0.150219026284 -0.987589915816
vn 0.420275867327 0.150219082955 -0.894875646366
vn 0.730738287862 0.150219188304 -0.665924733073
vn 0.929952536657 0.150219153268 -0.335592737641
vn 0.156233637840 0.987662787876 0.0106427371035
vn 0.140268236214 0.987662790904 0.0696206389940
vn 0.102948336872 0.987662783367 0.117999433415
vn 0.0499554309598 0.987662784057 0.148413880435
vn -0.0106427380100 0.987662785566 0.156233652376
vn -0.0696206389940 0.987662790904 0.140268236214
vn -0.117999433415 0.987662783367 0.102948336872
vn -0.148413880435 0.987662784057 0.0499554309598
vn -0.156233652376 0.987662785566 -0.0106427380100
vn -0.140268236214 0.987662790904 -0.0696206389940
vn -0.102948336872 0.987662783367 -0.117999433415
vn -0.0499554309598 0.987662784057 -0.148413880435
vn 0.0106427380100 0.987662785566 -0.156233652376
vn 0.0696206389940 0.987662790904 -0.140268236214
vn 0.117999433415 0.987662783367 -0.102948336872
vn 0.148413880435 0.987662784057 -0.0499554309598
vn -0.0863544197240 0.996248783238 0.00559250312800
vn -0.0819212496674 0.996248782159 -0.0278796143964
vn -0.0650162995141 0.996248782109 -0.0571073107667
vn -0.0382131934979 0.996248783800 -0.0776409210426
vn -0.00559250266955 0.996248784522 -0.0863544049342
vn 0.0278796143964 0.996248782159 -0.0819212496674
vn 0.0571073107667 0.996248782109 -0.0650162995141
vn 0.0776409210426 0.996248783800 -0.0382131934979
vn 0.0863544049342 0.996248784522 -0.00559250266955
vn 0.0819212496674 0.996248782159 0.0278796143964
vn 0.0650162995141 0.996248782109 0.0571073107667
vn 0.0382131934979 0.996248783800 0.0776409210426
vn 0.00559250266955 0.996248784522 0.0863544049342
vn -0.0278796143964 0.996248782159 0.0819212496674
vn -0.0571073107667 0.996248782109 0.0650162995141
vn -0.0776409210426 0.996248783800 0.0382131934979
vn -0.969152672015 0.244444753421 0.0314620541489
vn -0.907420257790 0.244444990783 -0.341811530282
vn -0.707541400217 0.244444994067 -0.663047367731
vn -0.399945767702 0.244444863211 -0.883340303477
vn -0.0314620578705 0.244444753392 -0.969152671901
vn 0.341811530282 0.244444990783 -0.907420257790
vn 0.663047367731 0.244444994067 -0.707541400217
vn 0.883340303477 0.244444863211 -0.399945767702
vn 0.969152671901 0.244444753392 -0.0314620578705
vn 0.907420257790 0.244444990783 0.341811530282
vn 0.707541400217 0.244444994067 0.663047367731
vn 0.399945767702 0.244444863211 0.883340303477
vn 0.0314620578705 0.244444753392 0.969152671901
vn -0.341811530282 0.244444990783 0.907420257790
vn -0.663047367731 0.244444994067 0.707541400217
vn -0.883340303477 0.244444863211 0.399945767702
vn -0.824714248869 -0.562899891286 -0.0546819906575
vn -0.741010669908 -0.562900009821 -0.366123976307
vn -0.544494937312 -0.562900077109 -0.621826958592
vn -0.265084924476 -0.562900070968 -0.782862371633
vn 0.0546819869433 -0.562899891401 -0.824714249037
vn 0.366123976307 -0.562900009821 -0.741010669908
vn 0.621826958592 -0.562900077109 -0.544494937312
vn 0.782862371633 -0.562900070968 -0.265084924476
vn 0.824714249037 -0.562899891401 0.0546819869433
vn 0.741010669908 -0.562900009821 0.366123976307
vn 0.544494937312 -0.562900077109 0.621826958592
vn 0.265084924476 -0.562900070968 0.782862371633
vn -0.0546819869433 -0.562899891401 0.824714249037
vn -0.366123976307 -0.562900009821 0.741010669908
vn -0.621826958592 -0.562900077109 0.544494937312
vn -0.782862371633 -0.562900070968 0.265084924476
vn -0.896794876988 -0.438432793348 0.0594612001656
vn -0.851285181648 -0.438432943262 -0.288253523429
vn -0.676175122346 -0.438432964849 -0.592084233242
vn -0.398123439301 -0.438432838280 -0.805775634651
vn -0.0594612075899 -0.438432793153 -0.896794876591
vn 0.288253523429 -0.438432943262 -0.851285181648
vn 0.592084233242 -0.438432964849 -0.676175122346
vn 0.805775634651 -0.438432838280 -0.398123439301
vn 0.896794876591 -0.438432793153 -0.0594612075899
vn 0.851285181648 -0.438432943262 0.288253523429
vn 0.676175122346 -0.438432964849 0.592084233242
vn 0.398123439301 -0.438432838280 0.805775634651
vn 0.0594612075899 -0.438432793153 0.896794876591
vn -0.288253523429 -0.438432943262 0.851285181648
vn -0.592084233242 -0.438432964849 0.676175122346
vn -0.805775634651 -0.438432838280 0.398123439301
vn -0.896794876591 0.438432793153 -0.0594612075899
vn -0.805775593657 0.438432878208 -0.398123478298
vn -0.592084287424 0.438432901229 -0.676175116153
vn -0.288253481476 0.438432924782 -0.851285205371
vn 0.0594612001656 0.438432793348 -0.896794876988
vn 0.398123478298 0.438432878208 -0.805775593657
vn 0.676175116153 0.438432901229 -0.592084287424
vn 0.851285205371 0.438432924782 -0.288253481476
vn 0.896794876988 0.438432793348 0.0594612001656
vn 0.805775593657 0.438432878208 0.398123478298
vn 0.592084287424 0.438432901229 0.676175116153
vn 0.288253481476 0.438432924782 0.851285205371
vn -0.0594612001656 0.438432793348 0.896794876988
vn -0.398123478298 0.438432878208 0.805775593657
vn -0.676175116153 0.438432901229 0.592084287424
vn -0.851285205371 0.438432924782 0.288253481476
vn -0.824714249037 0.562899891401 0.0546819869433
vn -0.782862365448 0.562900066521 -0.265084952185
vn -0.621826958592 0.562900077109 -0.544494937312
vn -0.366123972420 0.562899944240 -0.741010721646
vn -0.0546819906575 0.562899891286 -0.824714248869
vn 0.265084952185 0.562900066521 -0.782862365448
vn 0.544494937312 0.562900077109 -0.621826958592
vn 0.741010721646 0.562899944240 -0.366123972420
vn 0.824714248869 0.562899891286 -0.0546819906575
vn 0.782862365448 0.562900066521 0.265084952185
vn 0.621826958592 0.562900077109 0.544494937312
vn 0.366123972420 0.562899944240 0.741010721646
vn 0.0546819906575 0.562899891286 0.824714248869
vn -0.265084952185 0.562900066521 0.782862365448
vn -0.544494937312 0.562900077109 0.621826958592
vn -0.741010721646 0.562899944240 0.366123972420
f 1761/1761/1761 1777/1777/1777 1762/1762/1762
f 1762/1762/1762 1777/1777/1777 1778/1778/1778
f 1762/1762/1762 1778/1778/1778 1763/1763/1763
f 1763/1763/1763 1778/1778/1778 1779/1779/1779
f 1763/1763/1763 1779/1779/1779 1764/1764/1764
f 1764/1764/1764 1779/1779/1779 1780/1780/1780
f 1764/1764/1764 1780/1780/1780 1765/1765/1765
f 1765/1765/1765 1780/1780/1780 1781/1781/1781
f 1765/1765/1765 1781/1781/1781 1766/1766/1766
f 1766/1766/1766 1781/1781/1781 1782/1782/1782
f 1766/1766/1766 1782/1782/1782 1767/1767/1767
f 1767/1767/1767 1782/1782/1782 1783/1783/1783
f 1767/1767/1767 1783/1783/1783 1768/1768/1768
f 1768/1768/1768 1783/1783/1783 1784/1784/1784
f 1768/1768/1768 1784/1784/1784 1769/1769/1769
f 1769/1769/1769 1784/1784/1784 1785/1785/1785
f 1769/1769/1769 1785/1785/1785 1770/1770/1770
f 1770/1770/1770 1785/1785/1785 1786/1786/1786
f 1770/1770/1770 1786/1786/1786 1771/1771/1771
f 1771/1771/1771 1786/1786/1786 1787/1787/1787
f 1771/1771/1771 1787/1787/1787 1772/1772/1772
f 1772/1772/1772 1787/1787/1787 1788/1788/1788
f 1772/1772/1772 1788/1788/1788 1773/1773/1773
f 1773/1773/1773 1788/1788/1788 1789/1789/1789
f 1773/1773/1773 1789/1789/1789 1774/1774/1774
f 1774/1774/1774 1789/1789/1789 1790/1790/1790
f 1774/1774/1774 1790/1790/1790 1775/1775/1775
f 1775/1775/1775 1790/1790/1790 1791/1791/1791
f 1775/1775/1775 1791/1791/1791 1776/1776/1776
f 1776/1776/1776 1791/1791/1791 1792/1792/1792
f 1776/1776/1776 1792/1792/1792 1761/1761/1761
f 1761/1761/1761 1792/1792/1792 1777/1777/1777
f 1777/1777/1777 1793/1793/1793 1778/1778/1778
f 1778/1778/1778 1793/1793/1793 1794/1794/1794
f 1778/1778/1778 1794/1794/1794 1779/1779/1779
f 1779/1779/1779 1794/1794/1794 1795/1795/1795
f 1779/1779/1779 1795/1795/1795 1780/1780/1780
f 1780/1780/1780 1795/1795/1795 1796/1796/1796
f 1780/1780/1780 1796/1796/1796 1781/1781/1781
f 1781/1781/1781 1796/1796/1796 1797/1797/1797
f 1781/1781/1781 1797/1797/1797 1782/1782/1782
f 1782/1782/1782 1797/1797/1797 1798/1798/1798
f 1782/1782/1782 1798/1798/1798 1783/1783/1783
f 1783/1783/1783 1798/1798/1798 1799/1799/1799
f 1783/1783/1783 1799/1799/1799 1784/1784/1784
f 1784/1784/1784 1799/1799/1799 1800/1800/1800
f 1784/1784/1784 1800/1800/1800 1785/1785/1785
f 1785/1785/1785 1800/1800/1800 1801/1801/1801
f 1785/1785/1785 1801/1801/1801 1786/1786/1786
f 1786/1786/1786 1801/1801/1801 1802/1802/1802
f 1786/1786/1786 1802/1802/1802 1787/1787/1787
f 1787/1787/1787 1802/1802/1802 1803/1803/1803
f 1787/1787/1787 1803/1803/1803 1788/1788/1788
f 1788/1788/1788 1803/1803/1803 1804/1804/1804
f 1788/1788/1788 1804/1804/1804 1789/1789/1789
f 1789/1789/1789 1804/1804/1804 1805/1805/1805
f 1789/1789/1789 1805/1805/1805 1790/1790/1790
f 1790/1790/1790 1805/1805/1805 1806/1806/1806
f 1790/1790/1790 1806/1806/1806 1791/1791/1791
f 1791/1791/1791 1806/1806/1806 1807/1807/1807
f 1791/1791/1791 1807/1807/1807 1792/1792/1792
f 1792/1792/1792 1807/1807/1807 1808/1808/1808
f 1792/1792/1792 1808/1808/1808 1777/1777/1777
f 1777/1777/1777 1808/1808/1808 1793/1793/1793
f 1793/1793/1793 1809/1809/1809 1794/1794/1794
f 1794/1794/1794 1809/1809/1809 1810/1810/1810
f 1794/1794/1794 1810/1810/1810 1795/1795/1795
f 1795/1795/1795 1810/1810/1810 1811/1811/1811
f 1795/1795/1795 1811/1811/1811 1796/1796/1796
f 1796/1796/1796 1811/1811/1811 1812/1812/1812
f 1796/1796/1796 1812/1812/1812 1797/1797/1797
f 1797/1797/1797 1812/1812/1812 1813/1813/1813
f 1797/1797/1797 1813/1813/1813 1798/1798/1798
f 1798/1798/1798 1813/1813/1813 1814/1814/1814
f 1798/1798/1798 1814/1814/1814 1799/1799/1799
f 1799/1799/1799 1814/1814/1814 1815/1815/1815
f 1799/1799/1799 1815/1815/1815 1800/1800/1800
f 1800/1800/1800 1815/1815/1815 1816/1816/1816
f 1800/1800/1800 1816/1816/1816 1801/1801/1801
f 1801/1801/1801 1816/1816/1816 1817/1817/1817
f 1801/1801/1801 1817/1817/1817 1802/1802/1802
f 1802/1802/1802 1817/1817/1817 1818/1818/1818
f 1802/1802/1802 1818/1818/1818 1803/1803/1803
f 1803/1803/1803 1818/1818/1818 1819/1819/1819
f 1803/1803/1803 1819/1819/1819 1804/1804/1804
f 1804/1804/1804 1819/1819/1819 1820/1820/1820
f 1804/1804/1804 1820/1820/1820 1805/1805/1805
f 1805/1805/1805 1820/1820/1820 1821/1821/1821
f 1805/1805/1805 1821/1821/1821 1806/1806/1806
f 1806/1806/1806 1821/1821/1821 1822/1822/1822
f 1806/1806/1806 1822/1822/1822 1807/1807/1807
f 1807/1807/1807 1822/1822/1822 1823/1823/1823
f 1807/1807/1807 1823/1823/1823 1808/1808/1808
f 1808/1808/1808 1823/1823/1823 1824/1824/1824
f 1808/1808/1808 1824/1824/1824 1793/1793/1793
f 1793/1793/1793 1824/1824/1824 1809/1809/1809
f 1809/1809/1809 1825/1825/1825 1810/1810/1810
f 1810/1810/1810 1825/1825/1825 1826/1826/1826
f 1810/1810/1810 1826/1826/1826 1811/1811/1811
f 1811/1811/1811 1826/1826/1826 1827/1827/1827
f 1811/1811/1811 1827/1827/1827 1812/1812/1812
f 1812/1812/1812 1827/1827/1827 1828/1828/1828
f 1812/1812/1812 1828/1828/1828 1813/1813/1813
f 1813/1813/1813 1828/1828/1828 1829/1829/1829
f 1813/1813/1813 1829/1829/1829 1814/1814/1814
f 1814/1814/1814 1829/1829/1829 1830/1830/1830
f 1814/1814/1814 1830/1830/1830 1815/1815/1815
f 1815/1815/1815 1830/1830/1830 1831/1831/1831
f 1815/1815/1815 1831/1831/1831 1816/1816/1816
f 1816/1816/1816 1831/1831/1831 1832/1832/1832
f 1816/1816/1816 1832/1832/1832 1817/1817/1817
f 1817/1817/1817 1832/1832/1832 1833/1833/1833
f 1817/1817/1817 1833/1833/1833 1818/1818/1818
f 1818/1818/1818 1833/1833/1833 1834/1834/1834
f 1818/1818/1818 1834/1834/1834 1819/1819/1819
f 1819/1819/1819 1834/1834/1834 1835/1835/1835
f 1819/1819/1819 1835/1835/1835 1820/1820/1820
f 1820/1820/1820 1835/1835/1835 1836/1836/1836
f 1820/1820/1820 1836/1836/1836 1821/1821/1821
f 1821/1821/1821 1836/1836/1836 1837/1837/1837
f 1821/1821/1821 1837/1837/1837 1822/1822/1822
f 1822/1822/1822 1837/1837/1837 1838/1838/1838
f 1822/1822/1822 1838/1838/1838 1823/1823/1823
f 1823/1823/1823 1838/1838/1838 1839/1839/1839
f 1823/1823/1823 1839/1839/1839 1824/1824/1824
f 1824/1824/1824 1839/1839/1839 1840/1840/1840
f 1824/1824/1824 1840/1840/1840 1809/1809/1809
f 1809/1809/1809 1840/1840/1840 1825/1825/1825
f 1825/1825/1825 1841/1841/1841 1826/1826/1826
f 1826/1826/1826 1841/1841/1841 1842/1842/1842
f 1826/1826/1826 1842/1842/1842 1827/1827/1827
f 1827/1827/1827 1842/1842/1842 1843/1843/1843
f 1827/1827/1827 1843/1843/1843 1828/1828/1828
f 1828/1828/1828 1843/1843/1843 1844/1844/1844
f 1828/1828/1828 1844/1844/1844 1829/1829/1829
f 1829/1829/1829 1844/1844/1844 1845/1845/1845
f 1829/1829/1829 1845/1845/1845 1830/1830/1830
f 1830/1830/1830 1845/1845/1845 1846/1846/1846
f 1830/1830/1830 1846/1846/1846 1831/1831/1831
f 1831/1831/1831 1846/1846/1846 1847/1847/1847
f 1831/1831/1831 1847/1847/1847 1832/1832/1832
f 1832/1832/1832 1847/1847/1847 1848/1848/1848
f 1832/1832/1832 1848/1848/1848 1833/1833/1833
f 1833/1833/1833 1848/1848/1848 1849/1849/1849
f 1833/1833/1833 1849/1849/1849 1834/1834/1834
f 1834/1834/1834 1849/1849/1849 1850/1850/1850
f 1834/1834/1834 1850/1850/1850 1835/1835/1835
f 1835/1835/1835 1850/1850/1850 1851/1851/1851
f 1835/1835/1835 1851/1851/1851 1836/1836/1836
f 1836/1836/1836 1851/1851/1851 1852/1852/1852
f 1836/1836/1836 1852/1852/1852 1837/1837/1837
f 1837/1837/1837 1852/1852/1852 1853/1853/1853
f 1837/1837/1837 1853/1853/1853 1838/1838/1838
f 1838/1838/1838 1853/1853/1853 1854/1854/1854
f 1838/1838/1838 1854/1854/1854 1839/1839/1839
f 1839/1839/1839 1854/1854/1854 1855/1855/1855
f 1839/1839/1839 1855/1855/1855 1840/1840/1840
f 1840/1840/1840 1855/1855/1855 1856/1856/1856
f 1840/1840/1840 1856/1856/1856 1825/1825/1825
f 1825/1825/1825 1856/1856/1856 1841/1841/1841
f 1841/1841/1841 1857/1857/1857 1842/1842/1842
f 1842/1842/1842 1857/1857/1857 1858/1858/1858
f 1842/1842/1842 1858/1858/1858 1843/1843/1843
f 1843/1843/1843 1858/1858/1858 1859/1859/1859
f 1843/1843/1843 1859/1859/1859 1844/1844/1844
f 1844/1844/1844 1859/1859/1859 1860/1860/1860
f 1844/1844/1844 1860/1860/1860 1845/1845/1845
f 1845/1845/1845 1860/1860/1860 1861/1861/1861
f 1845/1845/1845 1861/1861/1861 1846/1846/1846
f 1846/1846/1846 1861/1861/1861 1862/1862/1862
f 1846/1846/1846 1862/1862/1862 1847/1847/1847
f 1847/1847/1847 1862/1862/1862 1863/1863/1863
f 1847/1847/1847 1863/1863/1863 1848/1848/1848
f 1848/1848/1848 1863/1863/1863 1864/1864/1864
f 1848/1848/1848 1864/1864/1864 1849/1849/1849
f 1849/1849/1849 1864/1864/1864 1865/1865/1865
f 1849/1849/1849 1865/1865/1865 1850/1850/1850
f 1850/1850/1850 1865/1865/1865 1866/1866/1866
f 1850/1850/1850 1866/1866/1866 1851/1851/1851
f 1851/1851/1851 1866/1866/1866 1867/1867/1867
f 1851/1851/1851 1867/1867/1867 1852/1852/1852
f 1852/1852/1852 1867/1867/1867 1868/1868/1868
f 1852/1852/1852 1868/1868/1868 1853/1853/1853
f 1853/1853/1853 1868/1868/1868 1869/1869/1869
f 1853/1853/1853 1869/1869/1869 1854/1854/1854
f 1854/1854/1854 1869/1869/1869 1870/1870/1870
f 1854/1854/1854 1870/1870/1870 1855/1855/1855
f 1855/1855/1855 1870/1870/1870 1871/1871/1871
f 1855/1855/1855 1871/1871/1871 1856/1856/1856
f 1856/1856/1856 1871/1871/1871 1872/1872/1872
f 1856/1856/1856 1872/1872/1872 1841/1841/1841
f 1841/1841/1841 1872/1872/1872 1857/1857/1857
f 1857/1857/1857 1873/1873/1873 1858/1858/1858
f 1858/1858/1858 1873/1873/1873 1874/1874/1874
f 1858/1858/1858 1874/1874/1874 1859/1859/1859
f 1859/1859/1859 1874/1874/1874 1875/1875/1875
f 1859/1859/1859 1875/1875/1875 1860/1860/1860
f 1860/1860/1860 1875/1875/1875 1876/1876/1876
f 1860/1860/1860 1876/1876/1876 1861/1861/1861
f 1861/1861/1861 1876/1876/1876 1877/1877/1877
f 1861/1861/1861 1877/1877/1877 1862/1862/1862
f 1862/1862/1862 1877/1877/1877 1878/1878/1878
f 1862/1862/1862 1878/1878/1878 1863/1863/1863
f 1863/1863/1863 1878/1878/1878 1879/1879/1879
f 1863/1863/1863 1879/1879/1879 1864/1864/1864
f 1864/1864/1864 1879/1879/1879 1880/1880/1880
f 1864/1864/1864 1880/1880/1880 1865/1865/1865
f 1865/1865/1865 1880/1880/1880 1881/1881/1881
f 1865/1865/1865 1881/1881/1881 1866/1866/1866
f 1866/1866/1866 1881/1881/1881 1882/1882/1882
f 1866/1866/1866 1882/1882/1882 1867/1867/1867
f 1867/1867/1867 1882/1882/1882 1883/1883/1883
f 1867/1867/1867 1883/1883/1883 1868/1868/1868
f 1868/1868/1868 1883/1883/1883 1884/1884/1884
f 1868/1868/1868 1884/1884/1884 1869/1869/1869
f 1869/1869/1869 1884/1884/1884 1885/1885/1885
f 1869/1869/1869 1885/1885/1885 1870/1870/1870
f 1870/1870/1870 1885/1885/1885 1886/1886/1886
f 1870/1870/1870 1886/1886/1886 1871/1871/1871
f 1871/1871/1871 1886/1886/1886 1887/1887/1887
f 1871/1871/1871 1887/1887/1887 1872/1872/1872
f 1872/1872/1872 1887/1887/1887 1888/1888/1888
f 1872/1872/1872 1888/1888/1888 1857/1857/1857
f 1857/1857/1857 1888/1888/1888 1873/1873/1873
f 1873/1873/1873 1889/1889/1889 1874/1874/1874
f 1874/1874/1874 1889/1889/1889 1890/1890/1890
f 1874/1874/1874 1890/1890/1890 1875/1875/1875
f 1875/1875/1875 1890/1890/1890 1891/1891/1891
f 1875/1875/1875 1891/1891/1891 1876/1876/1876
f 1876/1876/1876 1891/1891/1891 1892/1892/1892
f 1876/1876/1876 1892/1892/1892 1877/1877/1877
f 1877/1877/1877 1892/1892/1892 1893/1893/1893
f 1877/1877/1877 1893/1893/1893 1878/1878/1878
f 1878/1878/1878 1893/1893/1893 1894/1894/1894
f 1878/1878/1878 1894/1894/1894 1879/1879/1879
f 1879/1879/1879 1894/1894/1894 1895/1895/1895
f 1879/1879/1879 1895/1895/1895 1880/1880/1880
f 1880/1880/1880 1895/1895/1895 1896/1896/1896
f 1880/1880/1880 1896/1896/1896 1881/1881/1881
f 1881/1881/1881 1896/1896/1896 1897/1897/1897
f 1881/1881/1881 1897/1897/1897 1882/1882/1882
f 1882/1882/1882 1897/1897/1897 1898/1898/1898
f 1882/1882/1882 1898/1898/1898 1883/1883/1883
f 1883/1883/1883 1898/1898/1898 1899/1899/1899
f 1883/1883/1883 1899/1899/1899 1884/1884/1884
f 1884/1884/1884 1899/1899/1899 1900/1900/1900
f 1884/1884/1884 1900/1900/1900 1885/1885/1885
f 1885/1885/1885 1900/1900/1900 1901/1901/1901
f 1885/1885/1885 1901/1901/1901 1886/1886/1886
f 1886/1886/1886 1901/1901/1901 1902/1902/1902
f 1886/1886/1886 1902/1902/1902 1887/1887/1887
f 1887/1887/1887 1902/1902/1902 1903/1903/1903
f 1887/1887/1887 1903/1903/1903 1888/1888/1888
f 1888/1888/1888 1903/1903/1903 1904/1904/1904
f 1888/1888/1888 1904/1904/1904 1873/1873/1873
f 1873/1873/1873 1904/1904/1904 1889/1889/1889
f 1889/1889/1889 1905/1905/1905 1890/1890/1890
f 1890/1890/1890 1905/1905/1905 1906/1906/1906
f 1890/1890/1890 1906/1906/1906 1891/1891/1891
f 1891/1891/1891 1906/1906/1906 1907/1907/1907
f 1891/1891/1891 1907/1907/1907 1892/1892/1892
f 1892/1892/1892 1907/1907/1907 1908/1908/1908
f 1892/1892/1892 1908/1908/1908 1893/1893/1893
f 1893/1893/1893 1908/1908/1908 1909/1909/1909
f 1893/1893/1893 1909/1909/1909 1894/1894/1894
f 1894/1894/1894 1909/1909/1909 1910/1910/1910
f 1894/1894/1894 1910/1910/1910 1895/1895/1895
f 1895/1895/1895 1910/1910/1910 1911/1911/1911
f 1895/1895/1895 1911/1911/1911 1896/1896/1896
f 1896/1896/1896 1911/1911/1911 1912/1912/1912
f 1896/1896/1896 1912/1912/1912 1897/1897/1897
f 1897/1897/1897 1912/1912/1912 1913/1913/1913
f 1897/1897/1897 1913/1913/1913 1898/1898/1898
f 1898/1898/1898 1913/1913/1913 1914/1914/1914
f 1898/1898/1898 1914/1914/1914 1899/1899/1899
f 1899/1899/1899 1914/1914/1914 1915/1915/1915
f 1899/1899/1899 1915/1915/1915 1900/1900/1900
f 1900/1900/1900 1915/1915/1915 1916/1916/1916
f 1900/1900/1900 1916/1916/1916 1901/1901/1901
f 1901/1901/1901 1916/1916/1916 1917/1917/1917
f 1901/1901/1901 1917/1917/1917 1902/1902/1902
f 1902/1902/1902 1917/1917/1917 1918/1918/1918
f 1902/1902/1902 1918/1918/1918 1903/1903/1903
f 1903/1903/1903 1918/1918/1918 1919/1919/1919
f 1903/1903/1903 1919/1919/1919 1904/1904/1904
f 1904/1904/1904 1919/1919/1919 1920/1920/1920
f 1904/1904/1904 1920/1920/1920 1889/1889/1889
f 1889/1889/1889 1920/1920/1920 1905/1905/1905
f 1905/1905/1905 1921/1921/1921 1906/1906/1906
f 1906/1906/1906 1921/1921/1921 1922/1922/1922
f 1906/1906/1906 1922/1922/1922 1907/1907/1907
f 1907/1907/1907 1922/1922/1922 1923/1923/1923
f 1907/1907/1907 1923/1923/1923 1908/1908/1908
f 1908/1908/1908 1923/1923/1923 1924/1924/1924
f 1908/1908/1908 1924/1924/1924 1909/1909/1909
f 1909/1909/1909 1924/1924/1924 1925/1925/1925
f 1909/1909/1909 1925/1925/1925 1910/1910/1910
f 1910/1910/1910 1925/1925/1925 1926/1926/1926
f 1910/1910/1910 1926/1926/1926 1911/1911/1911
f 1911/1911/1911 1926/1926/1926 1927/1927/1927
f 1911/1911/1911 1927/1927/1927 1912/1912/1912
f 1912/1912/1912 1927/1927/1927 1928/1928/1928
f 1912/1912/1912 1928/1928/1928 1913/1913/1913
f 1913/1913/1913 1928/1928/1928 1929/1929/1929
f 1913/1913/1913 1929/1929/1929 1914/1914/1914
f 1914/1914/1914 1929/1929/1929 1930/1930/1930
f 1914/1914/1914 1930/1930/1930 1915/1915/1915
f 1915/1915/1915 1930/1930/1930 1931/1931/1931
f 1915/1915/1915 1931/1931/1931 1916/1916/1916
f 1916/1916/1916 1931/1931/1931 1932/1932/1932
f 1916/1916/1916 1932/1932/1932 1917/1917/1917
f 1917/1917/1917 1932/1932/1932 1933/1933/1933
f 1917/1917/1917 1933/1933/1933 1918/1918/1918
f 1918/1918/1918 1933/1933/1933 1934/1934/1934
f 1918/1918/1918 1934/1934/1934 1919/1919/1919
f 1919/1919/1919 1934/1934/1934 1935/1935/1935
f 1919/1919/1919 1935/1935/1935 1920/1920/1920
f 1920/1920/1920 1935/1935/1935 1936/1936/1936
f 1920/1920/1920 1936/1936/1936 1905/1905/1905
f 1905/1905/1905 1936/1936/1936 1921/1921/1921
f 1921/1921/1921 1937/1937/1937 1922/1922/1922
f 1922/1922/1922 1937/1937/1937 1938/1938/1938
f 1922/1922/1922 1938/1938/1938 1923/1923/1923
f 1923/1923/1923 1938/1938/1938 1939/1939/1939
f 1923/1923/1923 1939/1939/1939 1924/1924/1924
f 1924/1924/1924 1939/1939/1939 1940/1940/1940
f 1924/1924/1924 1940/1940/1940 1925/1925/1925
f 1925/1925/1925 1940/1940/1940 1941/1941/1941
f 1925/1925/1925 1941/1941/1941 1926/1926/1926
f 1926/1926/1926 1941/1941/1941 1942/1942/1942
f 1926/1926/1926 1942/1942/1942 1927/1927/1927
f 1927/1927/1927 1942/1942/1942 1943/1943/1943
f 1927/1927/1927 1943/1943/1943 1928/1928/1928
f 1928/1928/1928 1943/1943/1943 1944/1944/1944
f 1928/1928/1928 1944/1944/1944 1929/1929/1929
f 1929/1929/1929 1944/1944/1944 1945/1945/1945
f 1929/1929/1929 1945/1945/1945 1930/1930/1930
f 1930/1930/1930 1945/1945/1945 1946/1946/1946
f 1930/1930/1930 1946/1946/1946 1931/1931/1931
f 1931/1931/1931 1946/1946/1946 1947/1947/1947
f 1931/1931/1931 1947/1947/1947 1932/1932/1932
f 1932/1932/1932 1947/1947/1947 1948/1948/1948
f 1932/1932/1932 1948/1948/1948 1933/1933/1933
f 1933/1933/1933 1948/1948/1948 1949/1949/1949
f 1933/1933/1933 1949/1949/1949 1934/1934/1934
f 1934/1934/1934 1949/1949/1949 1950/1950/1950
f 1934/1934/1934 1950/1950/1950 1935/1935/1935
f 1935/1935/1935 1950/1950/1950 1951/1951/1951
f 1935/1935/1935 1951/1951/1951 1936/1936/1936
f 1936/1936/1936 1951/1951/1951 1952/1952/1952
f 1936/1936/1936 1952/1952/1952 1921/1921/1921
f 1921/1921/1921 1952/1952/1952 1937/1937/1937
f 1937/1937/1937 1761/1761/1761 1938/1938/1938
f 1938/1938/1938 1761/1761/1761 1762/1762/1762
f 1938/1938/1938 1762/1762/1762 1939/1939/1939
f 1939/1939/1939 1762/1762/1762 1763/1763/1763
f 1939/1939/1939 1763/1763/1763 1940/1940/1940
f 1940/1940/1940 1763/1763/1763 1764/1764/1764
f 1940/1940/1940 1764/1764/1764 1941/1941/1941
f 1941/1941/1941 1764/1764/1764 1765/1765/1765
f 1941/1941/1941 1765/1765/1765 1942/1942/1942
f 1942/1942/1942 1765/1765/1765 1766/1766/1766
f 1942/1942/1942 1766/1766/1766 1943/1943/1943
f 1943/1943/1943 1766/1766/1766 1767/1767/1767
f 1943/1943/1943 1767/1767/1767 1944/1944/1944
f 1944/1944/1944 1767/1767/1767 1768/1768/1768
f 1944/1944/1944 1768/1768/1768 1945/1945/1945
f 1945/1945/1945 1768/1768/1768 1769/1769/1769
f 1945/1945/1945 1769/1769/1769 1946/1946/1946
f 1946/1946/1946 1769/1769/1769 1770/1770/1770
f 1946/1946/1946 1770/1770/1770 1947/1947/1947
f 1947/1947/1947 1770/1770/1770 1771/1771/1771
f 1947/1947/1947 1771/1771/1771 1948/1948/1948
f 1948/1948/1948 1771/1771/1771 1772/1772/1772
f 1948/1948/1948 1772/1772/1772 1949/1949/1949
f 1949/1949/1949 1772/1772/1772 1773/1773/1773
f 1949/1949/1949 1773/1773/1773 1950/1950/1950
f 1950/1950/1950 1773/1773/1773 1774/1774/1774
f 1950/1950/1950 1774/1774/1774 1951/1951/1951
f 1951/1951/1951 1774/1774/1774 1775/1775/1775
f 1951/1951/1951 1775/1775/1775 1952/1952/1952
f 1952/1952/1952 1775/1775/1775 1776/1776/1776
f 1952/1952/1952 1776/1776/1776 1937/1937/1937
f 1937/1937/1937 1776/1776/1776 1761/1761/1761
o S07
v 0.00630000000820 1.42299999869 0.00000000000
v 0.00999999977648 1.42299999869 0.00000000000
v 0.00582044105977 1.42299999869 0.00241090566851
v 0.00923879537731 1.42299999869 0.00382683426142
v 0.00445477291942 1.42299999869 0.00445477291942
v 0.00707106757909 1.42299999869 0.00707106757909
v 0.00241090566851 1.42299999869 0.00582044105977
v 0.00382683426142 1.42299999869 0.00923879537731
v 3.85763743675e-19 1.42299999869 0.00630000000820
v 6.12323395273e-19 1.42299999869 0.00999999977648
v -0.00241090566851 1.42299999869 0.00582044105977
v -0.00382683426142 1.42299999869 0.00923879537731
v -0.00445477291942 1.42299999869 0.00445477291942
v -0.00707106757909 1.42299999869 0.00707106757909
v -0.00582044105977 1.42299999869 0.00241090566851
v -0.00923879537731 1.42299999869 0.00382683426142
v -0.00630000000820 1.42299999869 7.71527487350e-19
v -0.00999999977648 1.42299999869 1.22464679055e-18
v -0.00582044105977 1.42299999869 -0.00241090566851
v -0.00923879537731 1.42299999869 -0.00382683426142
v -0.00445477291942 1.42299999869 -0.00445477291942
v -0.00707106757909 1.42299999869 -0.00707106757909
v -0.00241090566851 1.42299999869 -0.00582044105977
v -0.00382683426142 1.42299999869 -0.00923879537731
v -1.15729123103e-18 1.42299999869 -0.00630000000820
v -1.83697023752e-18 1.42299999869 -0.00999999977648
v 0.00241090566851 1.42299999869 -0.00582044105977
v 0.00382683426142 1.42299999869 -0.00923879537731
v 0.00445477291942 1.42299999869 -0.00445477291942
v 0.00707106757909 1.42299999869 -0.00707106757909
v 0.00582044105977 1.42299999869 -0.00241090566851
v 0.00923879537731 1.42299999869 -0.00382683426142
v 0.00999999977648 1.42299999869 0.00000000000
v 0.0105999996886 1.42359999394 0.00000000000
v 0.00923879537731 1.42299999869 0.00382683426142
v 0.00979312323034 1.42359999394 0.00405644439161
v 0.00923879537731 1.42299999869 0.00382683426142
v 0.00979312323034 1.42359999394 0.00405644439161
v 0.00707106757909 1.42299999869 0.00707106757909
v 0.00749533204362 1.42359999394 0.00749533204362
v 0.00707106757909 1.42299999869 0.00707106757909
v 0.00749533204362 1.42359999394 0.00749533204362
v 0.00382683426142 1.42299999869 0.00923879537731
v 0.00405644439161 1.42359999394 0.00979312323034
v 0.00382683426142 1.42299999869 0.00923879537731
v 0.00405644439161 1.42359999394 0.00979312323034
v 6.12323395273e-19 1.42299999869 0.00999999977648
v 6.49062828975e-19 1.42359999394 0.0105999996886
v 6.12323395273e-19 1.42299999869 0.00999999977648
v 6.49062828975e-19 1.42359999394 0.0105999996886
v -0.00382683426142 1.42299999869 0.00923879537731
v -0.00405644439161 1.42359999394 0.00979312323034
v -0.00382683426142 1.42299999869 0.00923879537731
v -0.00405644439161 1.42359999394 0.00979312323034
v -0.00707106757909 1.42299999869 0.00707106757909
v -0.00749533204362 1.42359999394 0.00749533204362
v -0.00707106757909 1.42299999869 0.00707106757909
v -0.00749533204362 1.42359999394 0.00749533204362
v -0.00923879537731 1.42299999869 0.00382683426142
v -0.00979312323034 1.42359999394 0.00405644439161
v -0.00923879537731 1.42299999869 0.00382683426142
v -0.00979312323034 1.42359999394 0.00405644439161
v -0.00999999977648 1.42299999869 1.22464679055e-18
v -0.0105999996886 1.42359999394 1.29812565795e-18
v -0.00999999977648 1.42299999869 1.22464679055e-18
v -0.0105999996886 1.42359999394 1.29812565795e-18
v -0.00923879537731 1.42299999869 -0.00382683426142
v -0.00979312323034 1.42359999394 -0.00405644439161
v -0.00923879537731 1.42299999869 -0.00382683426142
v -0.00979312323034 1.42359999394 -0.00405644439161
v -0.00707106757909 1.42299999869 -0.00707106757909
v -0.00749533204362 1.42359999394 -0.00749533204362
v -0.00707106757909 1.42299999869 -0.00707106757909
v -0.00749533204362 1.42359999394 -0.00749533204362
v -0.00382683426142 1.42299999869 -0.00923879537731
v -0.00405644439161 1.42359999394 -0.00979312323034
v -0.00382683426142 1.42299999869 -0.00923879537731
v -0.00405644439161 1.42359999394 -0.00979312323034
v -1.83697023752e-18 1.42299999869 -0.00999999977648
v -1.94718833183e-18 1.42359999394 -0.0105999996886
v -1.83697023752e-18 1.42299999869 -0.00999999977648
v -1.94718833183e-18 1.42359999394 -0.0105999996886
v 0.00382683426142 1.42299999869 -0.00923879537731
v 0.00405644439161 1.42359999394 -0.00979312323034
v 0.00382683426142 1.42299999869 -0.00923879537731
v 0.00405644439161 1.42359999394 -0.00979312323034
v 0.00707106757909 1.42299999869 -0.00707106757909
v 0.00749533204362 1.42359999394 -0.00749533204362
v 0.00707106757909 1.42299999869 -0.00707106757909
v 0.00749533204362 1.42359999394 -0.00749533204362
v 0.00923879537731 1.42299999869 -0.00382683426142
v 0.00979312323034 1.42359999394 -0.00405644439161
v 0.00923879537731 1.42299999869 -0.00382683426142
v 0.00979312323034 1.42359999394 -0.00405644439161
v 0.00999999977648 1.42299999869 0.00000000000
v 0.0105999996886 1.42359999394 0.00000000000
v 0.0105999996886 1.42359999394 0.00000000000
v 0.0105999996886 1.42600000477 0.00000000000
v 0.00979312323034 1.42359999394 0.00405644439161
v 0.00979312323034 1.42600000477 0.00405644439161
v 0.00979312323034 1.42359999394 0.00405644439161
v 0.00979312323034 1.42600000477 0.00405644439161
v 0.00749533204362 1.42359999394 0.00749533204362
v 0.00749533204362 1.42600000477 0.00749533204362
v 0.00749533204362 1.42359999394 0.00749533204362
v 0.00749533204362 1.42600000477 0.00749533204362
v 0.00405644439161 1.42359999394 0.00979312323034
v 0.00405644439161 1.42600000477 0.00979312323034
v 0.00405644439161 1.42359999394 0.00979312323034
v 0.00405644439161 1.42600000477 0.00979312323034
v 6.49062828975e-19 1.42359999394 0.0105999996886
v 6.49062828975e-19 1.42600000477 0.0105999996886
v 6.49062828975e-19 1.42359999394 0.0105999996886
v 6.49062828975e-19 1.42600000477 0.0105999996886
v -0.00405644439161 1.42359999394 0.00979312323034
v -0.00405644439161 1.42600000477 0.00979312323034
v -0.00405644439161 1.42359999394 0.00979312323034
v -0.00405644439161 1.42600000477 0.00979312323034
v -0.00749533204362 1.42359999394 0.00749533204362
v -0.00749533204362 1.42600000477 0.00749533204362
v -0.00749533204362 1.42359999394 0.00749533204362
v -0.00749533204362 1.42600000477 0.00749533204362
v -0.00979312323034 1.42359999394 0.00405644439161
v -0.00979312323034 1.42600000477 0.00405644439161
v -0.00979312323034 1.42359999394 0.00405644439161
v -0.00979312323034 1.42600000477 0.00405644439161
v -0.0105999996886 1.42359999394 1.29812565795e-18
v -0.0105999996886 1.42600000477 1.29812565795e-18
v -0.0105999996886 1.42359999394 1.29812565795e-18
v -0.0105999996886 1.42600000477 1.29812565795e-18
v -0.00979312323034 1.42359999394 -0.00405644439161
v -0.00979312323034 1.42600000477 -0.00405644439161
v -0.00979312323034 1.42359999394 -0.00405644439161
v -0.00979312323034 1.42600000477 -0.00405644439161
v -0.00749533204362 1.42359999394 -0.00749533204362
v -0.00749533204362 1.42600000477 -0.00749533204362
v -0.00749533204362 1.42359999394 -0.00749533204362
v -0.00749533204362 1.42600000477 -0.00749533204362
v -0.00405644439161 1.42359999394 -0.00979312323034
v -0.00405644439161 1.42600000477 -0.00979312323034
v -0.00405644439161 1.42359999394 -0.00979312323034
v -0.00405644439161 1.42600000477 -0.00979312323034
v -1.94718833183e-18 1.42359999394 -0.0105999996886
v -1.94718833183e-18 1.42600000477 -0.0105999996886
v -1.94718833183e-18 1.42359999394 -0.0105999996886
v -1.94718833183e-18 1.42600000477 -0.0105999996886
v 0.00405644439161 1.42359999394 -0.00979312323034
v 0.00405644439161 1.42600000477 -0.00979312323034
v 0.00405644439161 1.42359999394 -0.00979312323034
v 0.00405644439161 1.42600000477 -0.00979312323034
v 0.00749533204362 1.42359999394 -0.00749533204362
v 0.00749533204362 1.42600000477 -0.00749533204362
v 0.00749533204362 1.42359999394 -0.00749533204362
v 0.00749533204362 1.42600000477 -0.00749533204362
v 0.00979312323034 1.42359999394 -0.00405644439161
v 0.00979312323034 1.42600000477 -0.00405644439161
v 0.00979312323034 1.42359999394 -0.00405644439161
v 0.00979312323034 1.42600000477 -0.00405644439161
v 0.0105999996886 1.42359999394 0.00000000000
v 0.0105999996886 1.42600000477 0.00000000000
v 0.0105999996886 1.42600000477 0.00000000000
v 0.0102000003681 1.42649999833 0.00000000000
v 0.00979312323034 1.42600000477 0.00405644439161
v 0.00942357163876 1.42649999833 0.00390337104909
v 0.00979312323034 1.42600000477 0.00405644439161
v 0.00942357163876 1.42649999833 0.00390337104909
v 0.00749533204362 1.42600000477 0.00749533204362
v 0.00721248937771 1.42649999833 0.00721248937771
v 0.00749533204362 1.42600000477 0.00749533204362
v 0.00721248937771 1.42649999833 0.00721248937771
v 0.00405644439161 1.42600000477 0.00979312323034
v 0.00390337104909 1.42649999833 0.00942357163876
v 0.00405644439161 1.42600000477 0.00979312323034
v 0.00390337104909 1.42649999833 0.00942357163876
v 6.49062828975e-19 1.42600000477 0.0105999996886
v 6.24569855941e-19 1.42649999833 0.0102000003681
v -0.00405644439161 1.42600000477 0.00979312323034
v -0.00390337104909 1.42649999833 0.00942357163876
v -0.00405644439161 1.42600000477 0.00979312323034
v -0.00390337104909 1.42649999833 0.00942357163876
v -0.00749533204362 1.42600000477 0.00749533204362
v -0.00721248937771 1.42649999833 0.00721248937771
v -0.00749533204362 1.42600000477 0.00749533204362
v -0.00721248937771 1.42649999833 0.00721248937771
v -0.00979312323034 1.42600000477 0.00405644439161
v -0.00942357163876 1.42649999833 0.00390337104909
v -0.00979312323034 1.42600000477 0.00405644439161
v -0.00942357163876 1.42649999833 0.00390337104909
v -0.0105999996886 1.42600000477 1.29812565795e-18
v -0.0102000003681 1.42649999833 1.24913971188e-18
v -0.00979312323034 1.42600000477 -0.00405644439161
v -0.00942357163876 1.42649999833 -0.00390337104909
v -0.00979312323034 1.42600000477 -0.00405644439161
v -0.00942357163876 1.42649999833 -0.00390337104909
v -0.00749533204362 1.42600000477 -0.00749533204362
v -0.00721248937771 1.42649999833 -0.00721248937771
v -0.00749533204362 1.42600000477 -0.00749533204362
v -0.00721248937771 1.42649999833 -0.00721248937771
v -0.00405644439161 1.42600000477 -0.00979312323034
v -0.00390337104909 1.42649999833 -0.00942357163876
v -0.00405644439161 1.42600000477 -0.00979312323034
v -0.00390337104909 1.42649999833 -0.00942357163876
v -1.94718833183e-18 1.42600000477 -0.0105999996886
v -1.87370967122e-18 1.42649999833 -0.0102000003681
v 0.00405644439161 1.42600000477 -0.00979312323034
v 0.00390337104909 1.42649999833 -0.00942357163876
v 0.00405644439161 1.42600000477 -0.00979312323034
v 0.00390337104909 1.42649999833 -0.00942357163876
v 0.00749533204362 1.42600000477 -0.00749533204362
v 0.00721248937771 1.42649999833 -0.00721248937771
v 0.00749533204362 1.42600000477 -0.00749533204362
v 0.00721248937771 1.42649999833 -0.00721248937771
v 0.00979312323034 1.42600000477 -0.00405644439161
v 0.00942357163876 1.42649999833 -0.00390337104909
v 0.00979312323034 1.42600000477 -0.00405644439161
v 0.00942357163876 1.42649999833 -0.00390337104909
v 0.0102000003681 1.42649999833 0.00000000000
v 0.0120000001043 1.42799999392 0.00000000000
v 0.00942357163876 1.42649999833 0.00390337104909
v 0.0110865542665 1.42799999392 0.00459220120683
v 0.00942357163876 1.42649999833 0.00390337104909
v 0.0110865542665 1.42799999392 0.00459220120683
v 0.00721248937771 1.42649999833 0.00721248937771
v 0.00848528090864 1.42799999392 0.00848528090864
v 0.00721248937771 1.42649999833 0.00721248937771
v 0.00848528090864 1.42799999392 0.00848528090864
v 0.00390337104909 1.42649999833 0.00942357163876
v 0.00459220120683 1.42799999392 0.0110865542665
v 0.00390337104909 1.42649999833 0.00942357163876
v 0.00459220120683 1.42799999392 0.0110865542665
v 6.24569855941e-19 1.42649999833 0.0102000003681
v 7.34788053648e-19 1.42799999392 0.0120000001043
v -0.00390337104909 1.42649999833 0.00942357163876
v -0.00459220120683 1.42799999392 0.0110865542665
v -0.00390337104909 1.42649999833 0.00942357163876
v -0.00459220120683 1.42799999392 0.0110865542665
v -0.00721248937771 1.42649999833 0.00721248937771
v -0.00848528090864 1.42799999392 0.00848528090864
v -0.00721248937771 1.42649999833 0.00721248937771
v -0.00848528090864 1.42799999392 0.00848528090864
v -0.00942357163876 1.42649999833 0.00390337104909
v -0.0110865542665 1.42799999392 0.00459220120683
v -0.00942357163876 1.42649999833 0.00390337104909
v -0.0110865542665 1.42799999392 0.00459220120683
v -0.0102000003681 1.42649999833 1.24913971188e-18
v -0.0120000001043 1.42799999392 1.46957610730e-18
v -0.00942357163876 1.42649999833 -0.00390337104909
v -0.0110865542665 1.42799999392 -0.00459220120683
v -0.00942357163876 1.42649999833 -0.00390337104909
v -0.0110865542665 1.42799999392 -0.00459220120683
v -0.00721248937771 1.42649999833 -0.00721248937771
v -0.00848528090864 1.42799999392 -0.00848528090864
v -0.00721248937771 1.42649999833 -0.00721248937771
v -0.00848528090864 1.42799999392 -0.00848528090864
v -0.00390337104909 1.42649999833 -0.00942357163876
v -0.00459220120683 1.42799999392 -0.0110865542665
v -0.00390337104909 1.42649999833 -0.00942357163876
v -0.00459220120683 1.42799999392 -0.0110865542665
v -1.87370967122e-18 1.42649999833 -0.0102000003681
v -2.20436416095e-18 1.42799999392 -0.0120000001043
v 0.00390337104909 1.42649999833 -0.00942357163876
v 0.00459220120683 1.42799999392 -0.0110865542665
v 0.00390337104909 1.42649999833 -0.00942357163876
v 0.00459220120683 1.42799999392 -0.0110865542665
v 0.00721248937771 1.42649999833 -0.00721248937771
v 0.00848528090864 1.42799999392 -0.00848528090864
v 0.00721248937771 1.42649999833 -0.00721248937771
v 0.00848528090864 1.42799999392 -0.00848528090864
v 0.00942357163876 1.42649999833 -0.00390337104909
v 0.0110865542665 1.42799999392 -0.00459220120683
v 0.00942357163876 1.42649999833 -0.00390337104909
v 0.0110865542665 1.42799999392 -0.00459220120683
v 0.0120000001043 1.42799999392 0.00000000000
v 0.0140000004321 1.43050000644 0.00000000000
v 0.0110865542665 1.42799999392 0.00459220120683
v 0.0129343131557 1.43050000644 0.00535756815225
v 0.0110865542665 1.42799999392 0.00459220120683
v 0.0129343131557 1.43050000644 0.00535756815225
v 0.00848528090864 1.42799999392 0.00848528090864
v 0.00989949516952 1.43050000644 0.00989949516952
v 0.00848528090864 1.42799999392 0.00848528090864
v 0.00989949516952 1.43050000644 0.00989949516952
v 0.00459220120683 1.42799999392 0.0110865542665
v 0.00535756815225 1.43050000644 0.0129343131557
v 0.00459220120683 1.42799999392 0.0110865542665
v 0.00535756815225 1.43050000644 0.0129343131557
v 7.34788053648e-19 1.42799999392 0.0120000001043
v 8.57252763722e-19 1.43050000644 0.0140000004321
v -0.00459220120683 1.42799999392 0.0110865542665
v -0.00535756815225 1.43050000644 0.0129343131557
v -0.00459220120683 1.42799999392 0.0110865542665
v -0.00535756815225 1.43050000644 0.0129343131557
v -0.00848528090864 1.42799999392 0.00848528090864
v -0.00989949516952 1.43050000644 0.00989949516952
v -0.00848528090864 1.42799999392 0.00848528090864
v -0.00989949516952 1.43050000644 0.00989949516952
v -0.0110865542665 1.42799999392 0.00459220120683
v -0.0129343131557 1.43050000644 0.00535756815225
v -0.0110865542665 1.42799999392 0.00459220120683
v -0.0129343131557 1.43050000644 0.00535756815225
v -0.0120000001043 1.42799999392 1.46957610730e-18
v -0.0140000004321 1.43050000644 1.71450552744e-18
v -0.0110865542665 1.42799999392 -0.00459220120683
v -0.0129343131557 1.43050000644 -0.00535756815225
v -0.0110865542665 1.42799999392 -0.00459220120683
v -0.0129343131557 1.43050000644 -0.00535756815225
v -0.00848528090864 1.42799999392 -0.00848528090864
v -0.00989949516952 1.43050000644 -0.00989949516952
v -0.00848528090864 1.42799999392 -0.00848528090864
v -0.00989949516952 1.43050000644 -0.00989949516952
v -0.00459220120683 1.42799999392 -0.0110865542665
v -0.00535756815225 1.43050000644 -0.0129343131557
v -0.00459220120683 1.42799999392 -0.0110865542665
v -0.00535756815225 1.43050000644 -0.0129343131557
v -2.20436416095e-18 1.42799999392 -0.0120000001043
v -2.57175829117e-18 1.43050000644 -0.0140000004321
v 0.00459220120683 1.42799999392 -0.0110865542665
v 0.00535756815225 1.43050000644 -0.0129343131557
v 0.00459220120683 1.42799999392 -0.0110865542665
v 0.00535756815225 1.43050000644 -0.0129343131557
v 0.00848528090864 1.42799999392 -0.00848528090864
v 0.00989949516952 1.43050000644 -0.00989949516952
v 0.00848528090864 1.42799999392 -0.00848528090864
v 0.00989949516952 1.43050000644 -0.00989949516952
v 0.0110865542665 1.42799999392 -0.00459220120683
v 0.0129343131557 1.43050000644 -0.00535756815225
v 0.0110865542665 1.42799999392 -0.00459220120683
v 0.0129343131557 1.43050000644 -0.00535756815225
v 0.0156999994069 1.43349999762 0.00000000000
v 0.0145049085841 1.43349999762 0.00600813003257
v 0.0145049085841 1.43349999762 0.00600813003257
v 0.0111015764996 1.43349999762 0.0111015764996
v 0.00600813003257 1.43349999762 0.0145049085841
v 0.00600813003257 1.43349999762 0.0145049085841
v 9.61347756945e-19 1.43349999762 0.0156999994069
v -0.00600813003257 1.43349999762 0.0145049085841
v -0.00600813003257 1.43349999762 0.0145049085841
v -0.0111015764996 1.43349999762 0.0111015764996
v -0.0145049085841 1.43349999762 0.00600813003257
v -0.0145049085841 1.43349999762 0.00600813003257
v -0.0156999994069 1.43349999762 1.92269551389e-18
v -0.0145049085841 1.43349999762 -0.00600813003257
v -0.0145049085841 1.43349999762 -0.00600813003257
v -0.0111015764996 1.43349999762 -0.0111015764996
v -0.00600813003257 1.43349999762 -0.0145049085841
v -0.00600813003257 1.43349999762 -0.0145049085841
v -2.88404316744e-18 1.43349999762 -0.0156999994069
v 0.00600813003257 1.43349999762 -0.0145049085841
v 0.00600813003257 1.43349999762 -0.0145049085841
v 0.0111015764996 1.43349999762 -0.0111015764996
v 0.0145049085841 1.43349999762 -0.00600813003257
v 0.0145049085841 1.43349999762 -0.00600813003257
v 0.0170000009239 1.43650000370 0.00000000000
v 0.0157059524208 1.43650000370 0.00650561833754
v 0.0157059524208 1.43650000370 0.00650561833754
v 0.0120208151639 1.43650000370 0.0120208151639
v 0.00650561833754 1.43650000370 0.0157059524208
v 0.00650561833754 1.43650000370 0.0157059524208
v 1.04094982883e-18 1.43650000370 0.0170000009239
v 1.04094982883e-18 1.43650000370 0.0170000009239
v -0.00650561833754 1.43650000370 0.0157059524208
v -0.00650561833754 1.43650000370 0.0157059524208
v -0.0120208151639 1.43650000370 0.0120208151639
v -0.0157059524208 1.43650000370 0.00650561833754
v -0.0157059524208 1.43650000370 0.00650561833754
v -0.0170000009239 1.43650000370 2.08189965767e-18
v -0.0170000009239 1.43650000370 2.08189965767e-18
v -0.0157059524208 1.43650000370 -0.00650561833754
v -0.0157059524208 1.43650000370 -0.00650561833754
v -0.0120208151639 1.43650000370 -0.0120208151639
v -0.00650561833754 1.43650000370 -0.0157059524208
v -0.00650561833754 1.43650000370 -0.0157059524208
v -3.12284938310e-18 1.43650000370 -0.0170000009239
v -3.12284938310e-18 1.43650000370 -0.0170000009239
v 0.00650561833754 1.43650000370 -0.0157059524208
v 0.00650561833754 1.43650000370 -0.0157059524208
v 0.0120208151639 1.43650000370 -0.0120208151639
v 0.0157059524208 1.43650000370 -0.00650561833754
v 0.0157059524208 1.43650000370 -0.00650561833754
v 0.0170000009239 1.43650000370 0.00000000000
v 0.0175999999046 1.43900000131 0.00000000000
v 0.0162602793425 1.43900000131 0.00673522846773
v 0.0162602793425 1.43900000131 0.00673522846773
v 0.0124450791627 1.43900000131 0.0124450791627
v 0.00673522846773 1.43900000131 0.0162602793425
v 0.00673522846773 1.43900000131 0.0162602793425
v 1.07768915914e-18 1.43900000131 0.0175999999046
v 1.07768915914e-18 1.43900000131 0.0175999999046
v -0.00673522846773 1.43900000131 0.0162602793425
v -0.00673522846773 1.43900000131 0.0162602793425
v -0.0124450791627 1.43900000131 0.0124450791627
v -0.0162602793425 1.43900000131 0.00673522846773
v -0.0162602793425 1.43900000131 0.00673522846773
v -0.0175999999046 1.43900000131 2.15537831827e-18
v -0.0175999999046 1.43900000131 2.15537831827e-18
v -0.0162602793425 1.43900000131 -0.00673522846773
v -0.0162602793425 1.43900000131 -0.00673522846773
v -0.0124450791627 1.43900000131 -0.0124450791627
v -0.00673522846773 1.43900000131 -0.0162602793425
v -0.00673522846773 1.43900000131 -0.0162602793425
v -3.23306747741e-18 1.43900000131 -0.0175999999046
v -3.23306747741e-18 1.43900000131 -0.0175999999046
v 0.00673522846773 1.43900000131 -0.0162602793425
v 0.00673522846773 1.43900000131 -0.0162602793425
v 0.0124450791627 1.43900000131 -0.0124450791627
v 0.0162602793425 1.43900000131 -0.00673522846773
v 0.0162602793425 1.43900000131 -0.00673522846773
v 0.0175999999046 1.43900000131 0.00000000000
v 0.0179999992251 1.44000000334 0.00000000000
v 0.0166298318654 1.44000000334 0.00688830157742
v 0.0166298318654 1.44000000334 0.00688830157742
v 0.0127279218286 1.44000000334 0.0127279218286
v 0.00688830157742 1.44000000334 0.0166298318654
v 0.00688830157742 1.44000000334 0.0166298318654
v 1.10218208047e-18 1.44000000334 0.0179999992251
v 1.10218208047e-18 1.44000000334 0.0179999992251
v -0.00688830157742 1.44000000334 0.0166298318654
v -0.00688830157742 1.44000000334 0.0166298318654
v -0.0127279218286 1.44000000334 0.0127279218286
v -0.0166298318654 1.44000000334 0.00688830157742
v -0.0166298318654 1.44000000334 0.00688830157742
v -0.0179999992251 1.44000000334 2.20436416095e-18
v -0.0179999992251 1.44000000334 2.20436416095e-18
v -0.0166298318654 1.44000000334 -0.00688830157742
v -0.0166298318654 1.44000000334 -0.00688830157742
v -0.0127279218286 1.44000000334 -0.0127279218286
v -0.00688830157742 1.44000000334 -0.0166298318654
v -0.00688830157742 1.44000000334 -0.0166298318654
v -3.30654634482e-18 1.44000000334 -0.0179999992251
v -3.30654634482e-18 1.44000000334 -0.0179999992251
v 0.00688830157742 1.44000000334 -0.0166298318654
v 0.00688830157742 1.44000000334 -0.0166298318654
v 0.0127279218286 1.44000000334 -0.0127279218286
v 0.0166298318654 1.44000000334 -0.00688830157742
v 0.0166298318654 1.44000000334 -0.00688830157742
v 0.0179999992251 1.44000000334 0.00000000000
v 0.0179999992251 1.44000000334 0.00000000000
v 0.0179999992251 1.44099999791 0.00000000000
v 0.0166298318654 1.44000000334 0.00688830157742
v 0.0166298318654 1.44099999791 0.00688830157742
v 0.0166298318654 1.44000000334 0.00688830157742
v 0.0166298318654 1.44099999791 0.00688830157742
v 0.0127279218286 1.44099999791 0.0127279218286
v 0.00688830157742 1.44000000334 0.0166298318654
v 0.00688830157742 1.44099999791 0.0166298318654
v 0.00688830157742 1.44000000334 0.0166298318654
v 0.00688830157742 1.44099999791 0.0166298318654
v 1.10218208047e-18 1.44000000334 0.0179999992251
v 1.10218208047e-18 1.44099999791 0.0179999992251
v 1.10218208047e-18 1.44000000334 0.0179999992251
v 1.10218208047e-18 1.44099999791 0.0179999992251
v -0.00688830157742 1.44000000334 0.0166298318654
v -0.00688830157742 1.44099999791 0.0166298318654
v -0.00688830157742 1.44000000334 0.0166298318654
v -0.00688830157742 1.44099999791 0.0166298318654
v -0.0127279218286 1.44099999791 0.0127279218286
v -0.0166298318654 1.44000000334 0.00688830157742
v -0.0166298318654 1.44099999791 0.00688830157742
v -0.0166298318654 1.44000000334 0.00688830157742
v -0.0166298318654 1.44099999791 0.00688830157742
v -0.0179999992251 1.44000000334 2.20436416095e-18
v -0.0179999992251 1.44099999791 2.20436416095e-18
v -0.0179999992251 1.44000000334 2.20436416095e-18
v -0.0179999992251 1.44099999791 2.20436416095e-18
v -0.0166298318654 1.44000000334 -0.00688830157742
v -0.0166298318654 1.44099999791 -0.00688830157742
v -0.0166298318654 1.44000000334 -0.00688830157742
v -0.0166298318654 1.44099999791 -0.00688830157742
v -0.0127279218286 1.44099999791 -0.0127279218286
v -0.00688830157742 1.44000000334 -0.0166298318654
v -0.00688830157742 1.44099999791 -0.0166298318654
v -0.00688830157742 1.44000000334 -0.0166298318654
v -0.00688830157742 1.44099999791 -0.0166298318654
v -3.30654634482e-18 1.44000000334 -0.0179999992251
v -3.30654634482e-18 1.44099999791 -0.0179999992251
v -3.30654634482e-18 1.44000000334 -0.0179999992251
v -3.30654634482e-18 1.44099999791 -0.0179999992251
v 0.00688830157742 1.44000000334 -0.0166298318654
v 0.00688830157742 1.44099999791 -0.0166298318654
v 0.00688830157742 1.44000000334 -0.0166298318654
v 0.00688830157742 1.44099999791 -0.0166298318654
v 0.0127279218286 1.44099999791 -0.0127279218286
v 0.0166298318654 1.44000000334 -0.00688830157742
v 0.0166298318654 1.44099999791 -0.00688830157742
v 0.0166298318654 1.44000000334 -0.00688830157742
v 0.0166298318654 1.44099999791 -0.00688830157742
v 0.0179999992251 1.44000000334 0.00000000000
v 0.0179999992251 1.44099999791 0.00000000000
v 0.0179999992251 1.44099999791 0.00000000000
v 0.0144999995828 1.44099999791 0.00000000000
v 0.0166298318654 1.44099999791 0.00688830157742
v 0.0133962528780 1.44099999791 0.00554890977219
v 0.0127279218286 1.44099999791 0.0127279218286
v 0.0102530485019 1.44099999791 0.0102530485019
v 0.00688830157742 1.44099999791 0.0166298318654
v 0.00554890977219 1.44099999791 0.0133962528780
v 1.10218208047e-18 1.44099999791 0.0179999992251
v 8.87868889542e-19 1.44099999791 0.0144999995828
v -0.00688830157742 1.44099999791 0.0166298318654
v -0.00554890977219 1.44099999791 0.0133962528780
v -0.0127279218286 1.44099999791 0.0127279218286
v -0.0102530485019 1.44099999791 0.0102530485019
v -0.0166298318654 1.44099999791 0.00688830157742
v -0.0133962528780 1.44099999791 0.00554890977219
v -0.0179999992251 1.44099999791 2.20436416095e-18
v -0.0144999995828 1.44099999791 1.77573777908e-18
v -0.0166298318654 1.44099999791 -0.00688830157742
v -0.0133962528780 1.44099999791 -0.00554890977219
v -0.0127279218286 1.44099999791 -0.0127279218286
v -0.0102530485019 1.44099999791 -0.0102530485019
v -0.00688830157742 1.44099999791 -0.0166298318654
v -0.00554890977219 1.44099999791 -0.0133962528780
v -3.30654634482e-18 1.44099999791 -0.0179999992251
v -2.66360677202e-18 1.44099999791 -0.0144999995828
v 0.00688830157742 1.44099999791 -0.0166298318654
v 0.00554890977219 1.44099999791 -0.0133962528780
v 0.0127279218286 1.44099999791 -0.0127279218286
v 0.0102530485019 1.44099999791 -0.0102530485019
v 0.0166298318654 1.44099999791 -0.00688830157742
v 0.0133962528780 1.44099999791 -0.00554890977219
v 0.0144999995828 1.44099999791 0.00000000000
v 0.0135000003502 1.43900000131 0.00000000000
v 0.0133962528780 1.44099999791 0.00554890977219
v 0.0124723734334 1.43900000131 0.00516622653231
v 0.0133962528780 1.44099999791 0.00554890977219
v 0.0124723734334 1.43900000131 0.00516622653231
v 0.0102530485019 1.44099999791 0.0102530485019
v 0.00954594183713 1.43900000131 0.00954594183713
v 0.00954594183713 1.43900000131 0.00954594183713
v 0.00554890977219 1.44099999791 0.0133962528780
v 0.00516622653231 1.43900000131 0.0124723734334
v 0.00554890977219 1.44099999791 0.0133962528780
v 0.00516622653231 1.43900000131 0.0124723734334
v 8.87868889542e-19 1.44099999791 0.0144999995828
v 8.26636586204e-19 1.43900000131 0.0135000003502
v -0.00554890977219 1.44099999791 0.0133962528780
v -0.00516622653231 1.43900000131 0.0124723734334
v -0.00554890977219 1.44099999791 0.0133962528780
v -0.00516622653231 1.43900000131 0.0124723734334
v -0.0102530485019 1.44099999791 0.0102530485019
v -0.00954594183713 1.43900000131 0.00954594183713
v -0.00954594183713 1.43900000131 0.00954594183713
v -0.0133962528780 1.44099999791 0.00554890977219
v -0.0124723734334 1.43900000131 0.00516622653231
v -0.0133962528780 1.44099999791 0.00554890977219
v -0.0124723734334 1.43900000131 0.00516622653231
v -0.0144999995828 1.44099999791 1.77573777908e-18
v -0.0135000003502 1.43900000131 1.65327317241e-18
v -0.0133962528780 1.44099999791 -0.00554890977219
v -0.0124723734334 1.43900000131 -0.00516622653231
v -0.0133962528780 1.44099999791 -0.00554890977219
v -0.0124723734334 1.43900000131 -0.00516622653231
v -0.0102530485019 1.44099999791 -0.0102530485019
v -0.00954594183713 1.43900000131 -0.00954594183713
v -0.00954594183713 1.43900000131 -0.00954594183713
v -0.00554890977219 1.44099999791 -0.0133962528780
v -0.00516622653231 1.43900000131 -0.0124723734334
v -0.00554890977219 1.44099999791 -0.0133962528780
v -0.00516622653231 1.43900000131 -0.0124723734334
v -2.66360677202e-18 1.44099999791 -0.0144999995828
v -2.47990981031e-18 1.43900000131 -0.0135000003502
v 0.00554890977219 1.44099999791 -0.0133962528780
v 0.00516622653231 1.43900000131 -0.0124723734334
v 0.00554890977219 1.44099999791 -0.0133962528780
v 0.00516622653231 1.43900000131 -0.0124723734334
v 0.0102530485019 1.44099999791 -0.0102530485019
v 0.00954594183713 1.43900000131 -0.00954594183713
v 0.00954594183713 1.43900000131 -0.00954594183713
v 0.0133962528780 1.44099999791 -0.00554890977219
v 0.0124723734334 1.43900000131 -0.00516622653231
v 0.0133962528780 1.44099999791 -0.00554890977219
v 0.0124723734334 1.43900000131 -0.00516622653231
v 0.0109999999404 1.43600000268 0.00000000000
v 0.0101626748219 1.43600000268 0.00420951796696
v 0.0101626748219 1.43600000268 0.00420951796696
v 0.00777817470953 1.43600000268 0.00777817470953
v 0.00777817470953 1.43600000268 0.00777817470953
v 0.00420951796696 1.43600000268 0.0101626748219
v 0.00420951796696 1.43600000268 0.0101626748219
v 6.73555750310e-19 1.43600000268 0.0109999999404
v -0.00420951796696 1.43600000268 0.0101626748219
v -0.00420951796696 1.43600000268 0.0101626748219
v -0.00777817470953 1.43600000268 0.00777817470953
v -0.00777817470953 1.43600000268 0.00777817470953
v -0.0101626748219 1.43600000268 0.00420951796696
v -0.0101626748219 1.43600000268 0.00420951796696
v -0.0109999999404 1.43600000268 1.34711150062e-18
v -0.0101626748219 1.43600000268 -0.00420951796696
v -0.0101626748219 1.43600000268 -0.00420951796696
v -0.00777817470953 1.43600000268 -0.00777817470953
v -0.00777817470953 1.43600000268 -0.00777817470953
v -0.00420951796696 1.43600000268 -0.0101626748219
v -0.00420951796696 1.43600000268 -0.0101626748219
v -2.02066719923e-18 1.43600000268 -0.0109999999404
v 0.00420951796696 1.43600000268 -0.0101626748219
v 0.00420951796696 1.43600000268 -0.0101626748219
v 0.00777817470953 1.43600000268 -0.00777817470953
v 0.00777817470953 1.43600000268 -0.00777817470953
v 0.0101626748219 1.43600000268 -0.00420951796696
v 0.0101626748219 1.43600000268 -0.00420951796696
v 0.0109999999404 1.43600000268 0.00000000000
v 0.00949999969453 1.43600000268 0.00000000000
v 0.0101626748219 1.43600000268 0.00420951796696
v 0.00877685565501 1.43600000268 0.00363549264148
v 0.00777817470953 1.43600000268 0.00777817470953
v 0.00671751424670 1.43600000268 0.00671751424670
v 0.00420951796696 1.43600000268 0.0101626748219
v 0.00363549264148 1.43600000268 0.00877685565501
v 6.73555750310e-19 1.43600000268 0.0109999999404
v 5.81707217755e-19 1.43600000268 0.00949999969453
v -0.00420951796696 1.43600000268 0.0101626748219
v -0.00363549264148 1.43600000268 0.00877685565501
v -0.00777817470953 1.43600000268 0.00777817470953
v -0.00671751424670 1.43600000268 0.00671751424670
v -0.0101626748219 1.43600000268 0.00420951796696
v -0.00877685565501 1.43600000268 0.00363549264148
v -0.0109999999404 1.43600000268 1.34711150062e-18
v -0.00949999969453 1.43600000268 1.16341443551e-18
v -0.0101626748219 1.43600000268 -0.00420951796696
v -0.00877685565501 1.43600000268 -0.00363549264148
v -0.00777817470953 1.43600000268 -0.00777817470953
v -0.00671751424670 1.43600000268 -0.00671751424670
v -0.00420951796696 1.43600000268 -0.0101626748219
v -0.00363549264148 1.43600000268 -0.00877685565501
v -2.02066719923e-18 1.43600000268 -0.0109999999404
v -1.74512175666e-18 1.43600000268 -0.00949999969453
v 0.00420951796696 1.43600000268 -0.0101626748219
v 0.00363549264148 1.43600000268 -0.00877685565501
v 0.00777817470953 1.43600000268 -0.00777817470953
v 0.00671751424670 1.43600000268 -0.00671751424670
v 0.0101626748219 1.43600000268 -0.00420951796696
v 0.00877685565501 1.43600000268 -0.00363549264148
v 0.00949999969453 1.43600000268 0.00000000000
v 0.00949999969453 1.44839222556 0.00000000000
v 0.00877685565501 1.43600000268 0.00363549264148
v 0.00877685565501 1.44839222556 0.00363549264148
v 0.00877685565501 1.43600000268 0.00363549264148
v 0.00877685565501 1.44839222556 0.00363549264148
v 0.00671751424670 1.43600000268 0.00671751424670
v 0.00671751424670 1.44839222556 0.00671751424670
v 0.00671751424670 1.43600000268 0.00671751424670
v 0.00671751424670 1.44839222556 0.00671751424670
v 0.00363549264148 1.43600000268 0.00877685565501
v 0.00363549264148 1.44839222556 0.00877685565501
v 0.00363549264148 1.43600000268 0.00877685565501
v 0.00363549264148 1.44839222556 0.00877685565501
v 5.81707217755e-19 1.43600000268 0.00949999969453
v 5.81707217755e-19 1.44839222556 0.00949999969453
v 5.81707217755e-19 1.43600000268 0.00949999969453
v -0.00363549264148 1.43600000268 0.00877685565501
v -0.00363549264148 1.44839222556 0.00877685565501
v -0.00363549264148 1.43600000268 0.00877685565501
v -0.00363549264148 1.44839222556 0.00877685565501
v -0.00671751424670 1.43600000268 0.00671751424670
v -0.00671751424670 1.44839222556 0.00671751424670
v -0.00671751424670 1.43600000268 0.00671751424670
v -0.00671751424670 1.44839222556 0.00671751424670
v -0.00877685565501 1.43600000268 0.00363549264148
v -0.00877685565501 1.44839222556 0.00363549264148
v -0.00877685565501 1.43600000268 0.00363549264148
v -0.00877685565501 1.44839222556 0.00363549264148
v -0.00949999969453 1.43600000268 1.16341443551e-18
v -0.00949999969453 1.44839222556 1.16341443551e-18
v -0.00949999969453 1.43600000268 1.16341443551e-18
v -0.00877685565501 1.43600000268 -0.00363549264148
v -0.00877685565501 1.44839222556 -0.00363549264148
v -0.00877685565501 1.43600000268 -0.00363549264148
v -0.00877685565501 1.44839222556 -0.00363549264148
v -0.00671751424670 1.43600000268 -0.00671751424670
v -0.00671751424670 1.44839222556 -0.00671751424670
v -0.00671751424670 1.43600000268 -0.00671751424670
v -0.00671751424670 1.44839222556 -0.00671751424670
v -0.00363549264148 1.43600000268 -0.00877685565501
v -0.00363549264148 1.44839222556 -0.00877685565501
v -0.00363549264148 1.43600000268 -0.00877685565501
v -0.00363549264148 1.44839222556 -0.00877685565501
v -1.74512175666e-18 1.43600000268 -0.00949999969453
v -1.74512175666e-18 1.44839222556 -0.00949999969453
v -1.74512175666e-18 1.43600000268 -0.00949999969453
v 0.00363549264148 1.43600000268 -0.00877685565501
v 0.00363549264148 1.44839222556 -0.00877685565501
v 0.00363549264148 1.43600000268 -0.00877685565501
v 0.00363549264148 1.44839222556 -0.00877685565501
v 0.00671751424670 1.43600000268 -0.00671751424670
v 0.00671751424670 1.44839222556 -0.00671751424670
v 0.00671751424670 1.43600000268 -0.00671751424670
v 0.00671751424670 1.44839222556 -0.00671751424670
v 0.00877685565501 1.43600000268 -0.00363549264148
v 0.00877685565501 1.44839222556 -0.00363549264148
v 0.00877685565501 1.43600000268 -0.00363549264148
v 0.00877685565501 1.44839222556 -0.00363549264148
v 0.00949999969453 1.43600000268 0.00000000000
v 0.00949999969453 1.44839222556 0.00000000000
v 0.00828454643488 1.44839222556 0.00000000000
v 0.00877685565501 1.44839222556 0.00363549264148
v 0.00765392323956 1.44839222556 0.00237776897848
v 0.00671751424670 1.44839222556 0.00671751424670
v 0.00585805904120 1.44839222556 0.00439354451373
v 0.00363549264148 1.44839222556 0.00877685565501
v 0.00317035871558 1.44839222556 0.00574044231325
v 5.81707217755e-19 1.44839222556 0.00949999969453
v 5.07282159128e-19 1.44839222556 0.00621340982616
v -0.00363549264148 1.44839222556 0.00877685565501
v -0.00317035871558 1.44839222556 0.00574044231325
v -0.00671751424670 1.44839222556 0.00671751424670
v -0.00585805904120 1.44839222556 0.00439354451373
v -0.00877685565501 1.44839222556 0.00363549264148
v -0.00765392323956 1.44839222556 0.00237776897848
v -0.00949999969453 1.44839222556 1.16341443551e-18
v -0.00828454643488 1.44839222556 7.60923290391e-19
v -0.00877685565501 1.44839222556 -0.00363549264148
v -0.00765392323956 1.44839222556 -0.00237776897848
v -0.00671751424670 1.44839222556 -0.00671751424670
v -0.00585805904120 1.44839222556 -0.00439354451373
v -0.00363549264148 1.44839222556 -0.00877685565501
v -0.00317035871558 1.44839222556 -0.00574044231325
v -1.74512175666e-18 1.44839222556 -0.00949999969453
v -1.52184658078e-18 1.44839222556 -0.00621340982616
v 0.00363549264148 1.44839222556 -0.00877685565501
v 0.00317035871558 1.44839222556 -0.00574044231325
v 0.00671751424670 1.44839222556 -0.00671751424670
v 0.00585805904120 1.44839222556 -0.00439354451373
v 0.00877685565501 1.44839222556 -0.00363549264148
v 0.00765392323956 1.44839222556 -0.00237776897848
v 0.00519133778289 1.44754454321 0.00000000000
v 0.00479617062956 1.44754454321 0.00148997921497
v 0.00367083004676 1.44754454321 0.00275312247686
v 0.00198663887568 1.44754454321 0.00359712797217
v 3.17877754586e-19 1.44754454321 0.00389350322075
v -0.00198663887568 1.44754454321 0.00359712797217
v -0.00367083004676 1.44754454321 0.00275312247686
v -0.00479617062956 1.44754454321 0.00148997921497
v -0.00519133778289 1.44754454321 4.76816631879e-19
v -0.00479617062956 1.44754454321 -0.00148997921497
v -0.00367083004676 1.44754454321 -0.00275312247686
v -0.00198663887568 1.44754454321 -0.00359712797217
v -9.53633263758e-19 1.44754454321 -0.00389350322075
v 0.00198663887568 1.44754454321 -0.00359712797217
v 0.00367083004676 1.44754454321 -0.00275312247686
v 0.00479617062956 1.44754454321 -0.00148997921497
v 0.00259891687892 1.44713622159 0.00000000000
v 0.00240108603612 1.44713622159 0.000745921803173
v 0.00183771166485 1.44713622159 0.00137828371953
v 0.000994562404230 1.44713622159 0.00180081452709
v 1.59137762531e-19 1.44713622159 0.00194918760099
v -0.000994562404230 1.44713622159 0.00180081452709
v -0.00183771166485 1.44713622159 0.00137828371953
v -0.00240108603612 1.44713622159 0.000745921803173
v -0.00259891687892 1.44713622159 2.38706643797e-19
v -0.00240108603612 1.44713622159 -0.000745921803173
v -0.00183771166485 1.44713622159 -0.00137828371953
v -0.000994562404230 1.44713622159 -0.00180081452709
v -4.77413287594e-19 1.44713622159 -0.00194918760099
v 0.000994562404230 1.44713622159 -0.00180081452709
v 0.00183771166485 1.44713622159 -0.00137828371953
v 0.00240108603612 1.44713622159 -0.000745921803173
v 0.00000000000 1.44700000262 0.00000000000
v 0.00000000000 1.43399999863 0.00000000000
v 0.00630000000820 1.43399999863 0.00000000000
v 0.00582044105977 1.43399999863 0.00241090566851
v 0.00445477291942 1.43399999863 0.00445477291942
v 0.00241090566851 1.43399999863 0.00582044105977
v 3.85763743675e-19 1.43399999863 0.00630000000820
v -0.00241090566851 1.43399999863 0.00582044105977
v -0.00445477291942 1.43399999863 0.00445477291942
v -0.00582044105977 1.43399999863 0.00241090566851
v -0.00630000000820 1.43399999863 7.71527487350e-19
v -0.00582044105977 1.43399999863 -0.00241090566851
v -0.00445477291942 1.43399999863 -0.00445477291942
v -0.00241090566851 1.43399999863 -0.00582044105977
v -1.15729123103e-18 1.43399999863 -0.00630000000820
v 0.00241090566851 1.43399999863 -0.00582044105977
v 0.00445477291942 1.43399999863 -0.00445477291942
v 0.00582044105977 1.43399999863 -0.00241090566851
v 0.00630000000820 1.43399999863 0.00000000000
v 0.00630000000820 1.42299999869 0.00000000000
v 0.00582044105977 1.43399999863 0.00241090566851
v 0.00582044105977 1.42299999869 0.00241090566851
v 0.00582044105977 1.43399999863 0.00241090566851
v 0.00582044105977 1.42299999869 0.00241090566851
v 0.00445477291942 1.43399999863 0.00445477291942
v 0.00445477291942 1.42299999869 0.00445477291942
v 0.00445477291942 1.43399999863 0.00445477291942
v 0.00445477291942 1.42299999869 0.00445477291942
v 0.00241090566851 1.43399999863 0.00582044105977
v 0.00241090566851 1.42299999869 0.00582044105977
v 0.00241090566851 1.43399999863 0.00582044105977
v 0.00241090566851 1.42299999869 0.00582044105977
v 3.85763743675e-19 1.43399999863 0.00630000000820
v 3.85763743675e-19 1.42299999869 0.00630000000820
v 3.85763743675e-19 1.43399999863 0.00630000000820
v 3.85763743675e-19 1.42299999869 0.00630000000820
v -0.00241090566851 1.43399999863 0.00582044105977
v -0.00241090566851 1.42299999869 0.00582044105977
v -0.00241090566851 1.43399999863 0.00582044105977
v -0.00241090566851 1.42299999869 0.00582044105977
v -0.00445477291942 1.43399999863 0.00445477291942
v -0.00445477291942 1.42299999869 0.00445477291942
v -0.00445477291942 1.43399999863 0.00445477291942
v -0.00445477291942 1.42299999869 0.00445477291942
v -0.00582044105977 1.43399999863 0.00241090566851
v -0.00582044105977 1.42299999869 0.00241090566851
v -0.00582044105977 1.43399999863 0.00241090566851
v -0.00582044105977 1.42299999869 0.00241090566851
v -0.00630000000820 1.43399999863 7.71527487350e-19
v -0.00630000000820 1.42299999869 7.71527487350e-19
v -0.00630000000820 1.43399999863 7.71527487350e-19
v -0.00630000000820 1.42299999869 7.71527487350e-19
v -0.00582044105977 1.43399999863 -0.00241090566851
v -0.00582044105977 1.42299999869 -0.00241090566851
v -0.00582044105977 1.43399999863 -0.00241090566851
v -0.00582044105977 1.42299999869 -0.00241090566851
v -0.00445477291942 1.43399999863 -0.00445477291942
v -0.00445477291942 1.42299999869 -0.00445477291942
v -0.00445477291942 1.43399999863 -0.00445477291942
v -0.00445477291942 1.42299999869 -0.00445477291942
v -0.00241090566851 1.43399999863 -0.00582044105977
v -0.00241090566851 1.42299999869 -0.00582044105977
v -0.00241090566851 1.43399999863 -0.00582044105977
v -0.00241090566851 1.42299999869 -0.00582044105977
v -1.15729123103e-18 1.43399999863 -0.00630000000820
v -1.15729123103e-18 1.42299999869 -0.00630000000820
v -1.15729123103e-18 1.43399999863 -0.00630000000820
v -1.15729123103e-18 1.42299999869 -0.00630000000820
v 0.00241090566851 1.43399999863 -0.00582044105977
v 0.00241090566851 1.42299999869 -0.00582044105977
v 0.00241090566851 1.43399999863 -0.00582044105977
v 0.00241090566851 1.42299999869 -0.00582044105977
v 0.00445477291942 1.43399999863 -0.00445477291942
v 0.00445477291942 1.42299999869 -0.00445477291942
v 0.00445477291942 1.43399999863 -0.00445477291942
v 0.00445477291942 1.42299999869 -0.00445477291942
v 0.00582044105977 1.43399999863 -0.00241090566851
v 0.00582044105977 1.42299999869 -0.00241090566851
v 0.00582044105977 1.43399999863 -0.00241090566851
v 0.00582044105977 1.42299999869 -0.00241090566851
v 0.00630000000820 1.43399999863 0.00000000000
v 0.00630000000820 1.42299999869 0.00000000000
vt 0 0
vt 0 0.04545454680919647
vt 0.0625 0
vt 0.0625 0.04545454680919647
vt 0.125 0
vt 0.125 0.04545454680919647
vt 0.1875 0
vt 0.1875 0.04545454680919647
vt 0.25 0
vt 0.25 0.04545454680919647
vt 0.3125 0
vt 0.3125 0.04545454680919647
vt 0.375 0
vt 0.375 0.04545454680919647
vt 0.4375 0
vt 0.4375 0.04545454680919647
vt 0.5 0
vt 0.5 0.04545454680919647
vt 0.5625 0
vt 0.5625 0.04545454680919647
vt 0.625 0
vt 0.625 0.04545454680919647
vt 0.6875 0
vt 0.6875 0.04545454680919647
vt 0.75 0
vt 0.75 0.04545454680919647
vt 0.8125 0
vt 0.8125 0.04545454680919647
vt 0.875 0
vt 0.875 0.04545454680919647
vt 0.9375 0
vt 0.9375 0.04545454680919647
vt 0 0.04545454680919647
vt 0 0.09090909361839294
vt 0.0625 0.04545454680919647
vt 0.0625 0.09090909361839294
vt 0.0625 0.04545454680919647
vt 0.0625 0.09090909361839294
vt 0.125 0.04545454680919647
vt 0.125 0.09090909361839294
vt 0.125 0.04545454680919647
vt 0.125 0.09090909361839294
vt 0.1875 0.04545454680919647
vt 0.1875 0.09090909361839294
vt 0.1875 0.04545454680919647
vt 0.1875 0.09090909361839294
vt 0.25 0.04545454680919647
vt 0.25 0.09090909361839294
vt 0.25 0.04545454680919647
vt 0.25 0.09090909361839294
vt 0.3125 0.04545454680919647
vt 0.3125 0.09090909361839294
vt 0.3125 0.04545454680919647
vt 0.3125 0.09090909361839294
vt 0.375 0.04545454680919647
vt 0.375 0.09090909361839294
vt 0.375 0.04545454680919647
vt 0.375 0.09090909361839294
vt 0.4375 0.04545454680919647
vt 0.4375 0.09090909361839294
vt 0.4375 0.04545454680919647
vt 0.4375 0.09090909361839294
vt 0.5 0.04545454680919647
vt 0.5 0.09090909361839294
vt 0.5 0.04545454680919647
vt 0.5 0.09090909361839294
vt 0.5625 0.04545454680919647
vt 0.5625 0.09090909361839294
vt 0.5625 0.04545454680919647
vt 0.5625 0.09090909361839294
vt 0.625 0.04545454680919647
vt 0.625 0.09090909361839294
vt 0.625 0.04545454680919647
vt 0.625 0.09090909361839294
vt 0.6875 0.04545454680919647
vt 0.6875 0.09090909361839294
vt 0.6875 0.04545454680919647
vt 0.6875 0.09090909361839294
vt 0.75 0.04545454680919647
vt 0.75 0.09090909361839294
vt 0.75 0.04545454680919647
vt 0.75 0.09090909361839294
vt 0.8125 0.04545454680919647
vt 0.8125 0.09090909361839294
vt 0.8125 0.04545454680919647
vt 0.8125 0.09090909361839294
vt 0.875 0.04545454680919647
vt 0.875 0.09090909361839294
vt 0.875 0.04545454680919647
vt 0.875 0.09090909361839294
vt 0.9375 0.04545454680919647
vt 0.9375 0.09090909361839294
vt 0.9375 0.04545454680919647
vt 0.9375 0.09090909361839294
vt 0 0.04545454680919647
vt 0 0.09090909361839294
vt 0 0.09090909361839294
vt 0 0.13636364042758942
vt 0.0625 0.09090909361839294
vt 0.0625 0.13636364042758942
vt 0.0625 0.09090909361839294
vt 0.0625 0.13636364042758942
vt 0.125 0.09090909361839294
vt 0.125 0.13636364042758942
vt 0.125 0.09090909361839294
vt 0.125 0.13636364042758942
vt 0.1875 0.09090909361839294
vt 0.1875 0.13636364042758942
vt 0.1875 0.09090909361839294
vt 0.1875 0.13636364042758942
vt 0.25 0.09090909361839294
vt 0.25 0.13636364042758942
vt 0.25 0.09090909361839294
vt 0.25 0.13636364042758942
vt 0.3125 0.09090909361839294
vt 0.3125 0.13636364042758942
vt 0.3125 0.09090909361839294
vt 0.3125 0.13636364042758942
vt 0.375 0.09090909361839294
vt 0.375 0.13636364042758942
vt 0.375 0.09090909361839294
vt 0.375 0.13636364042758942
vt 0.4375 0.09090909361839294
vt 0.4375 0.13636364042758942
vt 0.4375 0.09090909361839294
vt 0.4375 0.13636364042758942
vt 0.5 0.09090909361839294
vt 0.5 0.13636364042758942
vt 0.5 0.09090909361839294
vt 0.5 0.13636364042758942
vt 0.5625 0.09090909361839294
vt 0.5625 0.13636364042758942
vt 0.5625 0.09090909361839294
vt 0.5625 0.13636364042758942
vt 0.625 0.09090909361839294
vt 0.625 0.13636364042758942
vt 0.625 0.09090909361839294
vt 0.625 0.13636364042758942
vt 0.6875 0.09090909361839294
vt 0.6875 0.13636364042758942
vt 0.6875 0.09090909361839294
vt 0.6875 0.13636364042758942
vt 0.75 0.09090909361839294
vt 0.75 0.13636364042758942
vt 0.75 0.09090909361839294
vt 0.75 0.13636364042758942
vt 0.8125 0.09090909361839294
vt 0.8125 0.13636364042758942
vt 0.8125 0.09090909361839294
vt 0.8125 0.13636364042758942
vt 0.875 0.09090909361839294
vt 0.875 0.13636364042758942
vt 0.875 0.09090909361839294
vt 0.875 0.13636364042758942
vt 0.9375 0.09090909361839294
vt 0.9375 0.13636364042758942
vt 0.9375 0.09090909361839294
vt 0.9375 0.13636364042758942
vt 0 0.09090909361839294
vt 0 0.13636364042758942
vt 0 0.13636364042758942
vt 0 0.1818181872367859
vt 0.0625 0.13636364042758942
vt 0.0625 0.1818181872367859
vt 0.0625 0.13636364042758942
vt 0.0625 0.1818181872367859
vt 0.125 0.13636364042758942
vt 0.125 0.1818181872367859
vt 0.125 0.13636364042758942
vt 0.125 0.1818181872367859
vt 0.1875 0.13636364042758942
vt 0.1875 0.1818181872367859
vt 0.1875 0.13636364042758942
vt 0.1875 0.1818181872367859
vt 0.25 0.13636364042758942
vt 0.25 0.1818181872367859
vt 0.3125 0.13636364042758942
vt 0.3125 0.1818181872367859
vt 0.3125 0.13636364042758942
vt 0.3125 0.1818181872367859
vt 0.375 0.13636364042758942
vt 0.375 0.1818181872367859
vt 0.375 0.13636364042758942
vt 0.375 0.1818181872367859
vt 0.4375 0.13636364042758942
vt 0.4375 0.1818181872367859
vt 0.4375 0.13636364042758942
vt 0.4375 0.1818181872367859
vt 0.5 0.13636364042758942
vt 0.5 0.1818181872367859
vt 0.5625 0.13636364042758942
vt 0.5625 0.1818181872367859
vt 0.5625 0.13636364042758942
vt 0.5625 0.1818181872367859
vt 0.625 0.13636364042758942
vt 0.625 0.1818181872367859
vt 0.625 0.13636364042758942
vt 0.625 0.1818181872367859
vt 0.6875 0.13636364042758942
vt 0.6875 0.1818181872367859
vt 0.6875 0.13636364042758942
vt 0.6875 0.1818181872367859
vt 0.75 0.13636364042758942
vt 0.75 0.1818181872367859
vt 0.8125 0.13636364042758942
vt 0.8125 0.1818181872367859
vt 0.8125 0.13636364042758942
vt 0.8125 0.1818181872367859
vt 0.875 0.13636364042758942
vt 0.875 0.1818181872367859
vt 0.875 0.13636364042758942
vt 0.875 0.1818181872367859
vt 0.9375 0.13636364042758942
vt 0.9375 0.1818181872367859
vt 0.9375 0.13636364042758942
vt 0.9375 0.1818181872367859
vt 0 0.1818181872367859
vt 0 0.22727273404598236
vt 0.0625 0.1818181872367859
vt 0.0625 0.22727273404598236
vt 0.0625 0.1818181872367859
vt 0.0625 0.22727273404598236
vt 0.125 0.1818181872367859
vt 0.125 0.22727273404598236
vt 0.125 0.1818181872367859
vt 0.125 0.22727273404598236
vt 0.1875 0.1818181872367859
vt 0.1875 0.22727273404598236
vt 0.1875 0.1818181872367859
vt 0.1875 0.22727273404598236
vt 0.25 0.1818181872367859
vt 0.25 0.22727273404598236
vt 0.3125 0.1818181872367859
vt 0.3125 0.22727273404598236
vt 0.3125 0.1818181872367859
vt 0.3125 0.22727273404598236
vt 0.375 0.1818181872367859
vt 0.375 0.22727273404598236
vt 0.375 0.1818181872367859
vt 0.375 0.22727273404598236
vt 0.4375 0.1818181872367859
vt 0.4375 0.22727273404598236
vt 0.4375 0.1818181872367859
vt 0.4375 0.22727273404598236
vt 0.5 0.1818181872367859
vt 0.5 0.22727273404598236
vt 0.5625 0.1818181872367859
vt 0.5625 0.22727273404598236
vt 0.5625 0.1818181872367859
vt 0.5625 0.22727273404598236
vt 0.625 0.1818181872367859
vt 0.625 0.22727273404598236
vt 0.625 0.1818181872367859
vt 0.625 0.22727273404598236
vt 0.6875 0.1818181872367859
vt 0.6875 0.22727273404598236
vt 0.6875 0.1818181872367859
vt 0.6875 0.22727273404598236
vt 0.75 0.1818181872367859
vt 0.75 0.22727273404598236
vt 0.8125 0.1818181872367859
vt 0.8125 0.22727273404598236
vt 0.8125 0.1818181872367859
vt 0.8125 0.22727273404598236
vt 0.875 0.1818181872367859
vt 0.875 0.22727273404598236
vt 0.875 0.1818181872367859
vt 0.875 0.22727273404598236
vt 0.9375 0.1818181872367859
vt 0.9375 0.22727273404598236
vt 0.9375 0.1818181872367859
vt 0.9375 0.22727273404598236
vt 0 0.22727273404598236
vt 0 0.27272728085517883
vt 0.0625 0.22727273404598236
vt 0.0625 0.27272728085517883
vt 0.0625 0.22727273404598236
vt 0.0625 0.27272728085517883
vt 0.125 0.22727273404598236
vt 0.125 0.27272728085517883
vt 0.125 0.22727273404598236
vt 0.125 0.27272728085517883
vt 0.1875 0.22727273404598236
vt 0.1875 0.27272728085517883
vt 0.1875 0.22727273404598236
vt 0.1875 0.27272728085517883
vt 0.25 0.22727273404598236
vt 0.25 0.27272728085517883
vt 0.3125 0.22727273404598236
vt 0.3125 0.27272728085517883
vt 0.3125 0.22727273404598236
vt 0.3125 0.27272728085517883
vt 0.375 0.22727273404598236
vt 0.375 0.27272728085517883
vt 0.375 0.22727273404598236
vt 0.375 0.27272728085517883
vt 0.4375 0.22727273404598236
vt 0.4375 0.27272728085517883
vt 0.4375 0.22727273404598236
vt 0.4375 0.27272728085517883
vt 0.5 0.22727273404598236
vt 0.5 0.27272728085517883
vt 0.5625 0.22727273404598236
vt 0.5625 0.27272728085517883
vt 0.5625 0.22727273404598236
vt 0.5625 0.27272728085517883
vt 0.625 0.22727273404598236
vt 0.625 0.27272728085517883
vt 0.625 0.22727273404598236
vt 0.625 0.27272728085517883
vt 0.6875 0.22727273404598236
vt 0.6875 0.27272728085517883
vt 0.6875 0.22727273404598236
vt 0.6875 0.27272728085517883
vt 0.75 0.22727273404598236
vt 0.75 0.27272728085517883
vt 0.8125 0.22727273404598236
vt 0.8125 0.27272728085517883
vt 0.8125 0.22727273404598236
vt 0.8125 0.27272728085517883
vt 0.875 0.22727273404598236
vt 0.875 0.27272728085517883
vt 0.875 0.22727273404598236
vt 0.875 0.27272728085517883
vt 0.9375 0.22727273404598236
vt 0.9375 0.27272728085517883
vt 0.9375 0.22727273404598236
vt 0.9375 0.27272728085517883
vt 0 0.3181818127632141
vt 0.0625 0.3181818127632141
vt 0.0625 0.3181818127632141
vt 0.125 0.3181818127632141
vt 0.1875 0.3181818127632141
vt 0.1875 0.3181818127632141
vt 0.25 0.3181818127632141
vt 0.3125 0.3181818127632141
vt 0.3125 0.3181818127632141
vt 0.375 0.3181818127632141
vt 0.4375 0.3181818127632141
vt 0.4375 0.3181818127632141
vt 0.5 0.3181818127632141
vt 0.5625 0.3181818127632141
vt 0.5625 0.3181818127632141
vt 0.625 0.3181818127632141
vt 0.6875 0.3181818127632141
vt 0.6875 0.3181818127632141
vt 0.75 0.3181818127632141
vt 0.8125 0.3181818127632141
vt 0.8125 0.3181818127632141
vt 0.875 0.3181818127632141
vt 0.9375 0.3181818127632141
vt 0.9375 0.3181818127632141
vt 0 0.3636363744735718
vt 0.0625 0.3636363744735718
vt 0.0625 0.3636363744735718
vt 0.125 0.3636363744735718
vt 0.1875 0.3636363744735718
vt 0.1875 0.3636363744735718
vt 0.25 0.3636363744735718
vt 0.25 0.3636363744735718
vt 0.3125 0.3636363744735718
vt 0.3125 0.3636363744735718
vt 0.375 0.3636363744735718
vt 0.4375 0.3636363744735718
vt 0.4375 0.3636363744735718
vt 0.5 0.3636363744735718
vt 0.5 0.3636363744735718
vt 0.5625 0.3636363744735718
vt 0.5625 0.3636363744735718
vt 0.625 0.3636363744735718
vt 0.6875 0.3636363744735718
vt 0.6875 0.3636363744735718
vt 0.75 0.3636363744735718
vt 0.75 0.3636363744735718
vt 0.8125 0.3636363744735718
vt 0.8125 0.3636363744735718
vt 0.875 0.3636363744735718
vt 0.9375 0.3636363744735718
vt 0.9375 0.3636363744735718
vt 0 0.3636363744735718
vt 0 0.40909090638160706
vt 0.0625 0.40909090638160706
vt 0.0625 0.40909090638160706
vt 0.125 0.40909090638160706
vt 0.1875 0.40909090638160706
vt 0.1875 0.40909090638160706
vt 0.25 0.40909090638160706
vt 0.25 0.40909090638160706
vt 0.3125 0.40909090638160706
vt 0.3125 0.40909090638160706
vt 0.375 0.40909090638160706
vt 0.4375 0.40909090638160706
vt 0.4375 0.40909090638160706
vt 0.5 0.40909090638160706
vt 0.5 0.40909090638160706
vt 0.5625 0.40909090638160706
vt 0.5625 0.40909090638160706
vt 0.625 0.40909090638160706
vt 0.6875 0.40909090638160706
vt 0.6875 0.40909090638160706
vt 0.75 0.40909090638160706
vt 0.75 0.40909090638160706
vt 0.8125 0.40909090638160706
vt 0.8125 0.40909090638160706
vt 0.875 0.40909090638160706
vt 0.9375 0.40909090638160706
vt 0.9375 0.40909090638160706
vt 0 0.40909090638160706
vt 0 0.4545454680919647
vt 0.0625 0.4545454680919647
vt 0.0625 0.4545454680919647
vt 0.125 0.4545454680919647
vt 0.1875 0.4545454680919647
vt 0.1875 0.4545454680919647
vt 0.25 0.4545454680919647
vt 0.25 0.4545454680919647
vt 0.3125 0.4545454680919647
vt 0.3125 0.4545454680919647
vt 0.375 0.4545454680919647
vt 0.4375 0.4545454680919647
vt 0.4375 0.4545454680919647
vt 0.5 0.4545454680919647
vt 0.5 0.4545454680919647
vt 0.5625 0.4545454680919647
vt 0.5625 0.4545454680919647
vt 0.625 0.4545454680919647
vt 0.6875 0.4545454680919647
vt 0.6875 0.4545454680919647
vt 0.75 0.4545454680919647
vt 0.75 0.4545454680919647
vt 0.8125 0.4545454680919647
vt 0.8125 0.4545454680919647
vt 0.875 0.4545454680919647
vt 0.9375 0.4545454680919647
vt 0.9375 0.4545454680919647
vt 0 0.4545454680919647
vt 0 0.4545454680919647
vt 0 0.5
vt 0.0625 0.4545454680919647
vt 0.0625 0.5
vt 0.0625 0.4545454680919647
vt 0.0625 0.5
vt 0.125 0.5
vt 0.1875 0.4545454680919647
vt 0.1875 0.5
vt 0.1875 0.4545454680919647
vt 0.1875 0.5
vt 0.25 0.4545454680919647
vt 0.25 0.5
vt 0.25 0.4545454680919647
vt 0.25 0.5
vt 0.3125 0.4545454680919647
vt 0.3125 0.5
vt 0.3125 0.4545454680919647
vt 0.3125 0.5
vt 0.375 0.5
vt 0.4375 0.4545454680919647
vt 0.4375 0.5
vt 0.4375 0.4545454680919647
vt 0.4375 0.5
vt 0.5 0.4545454680919647
vt 0.5 0.5
vt 0.5 0.4545454680919647
vt 0.5 0.5
vt 0.5625 0.4545454680919647
vt 0.5625 0.5
vt 0.5625 0.4545454680919647
vt 0.5625 0.5
vt 0.625 0.5
vt 0.6875 0.4545454680919647
vt 0.6875 0.5
vt 0.6875 0.4545454680919647
vt 0.6875 0.5
vt 0.75 0.4545454680919647
vt 0.75 0.5
vt 0.75 0.4545454680919647
vt 0.75 0.5
vt 0.8125 0.4545454680919647
vt 0.8125 0.5
vt 0.8125 0.4545454680919647
vt 0.8125 0.5
vt 0.875 0.5
vt 0.9375 0.4545454680919647
vt 0.9375 0.5
vt 0.9375 0.4545454680919647
vt 0.9375 0.5
vt 0 0.4545454680919647
vt 0 0.5
vt 0 0.5
vt 0 0.5454545617103577
vt 0.0625 0.5
vt 0.0625 0.5454545617103577
vt 0.125 0.5
vt 0.125 0.5454545617103577
vt 0.1875 0.5
vt 0.1875 0.5454545617103577
vt 0.25 0.5
vt 0.25 0.5454545617103577
vt 0.3125 0.5
vt 0.3125 0.5454545617103577
vt 0.375 0.5
vt 0.375 0.5454545617103577
vt 0.4375 0.5
vt 0.4375 0.5454545617103577
vt 0.5 0.5
vt 0.5 0.5454545617103577
vt 0.5625 0.5
vt 0.5625 0.5454545617103577
vt 0.625 0.5
vt 0.625 0.5454545617103577
vt 0.6875 0.5
vt 0.6875 0.5454545617103577
vt 0.75 0.5
vt 0.75 0.5454545617103577
vt 0.8125 0.5
vt 0.8125 0.5454545617103577
vt 0.875 0.5
vt 0.875 0.5454545617103577
vt 0.9375 0.5
vt 0.9375 0.5454545617103577
vt 0 0.5454545617103577
vt 0 0.5909090638160706
vt 0.0625 0.5454545617103577
vt 0.0625 0.5909090638160706
vt 0.0625 0.5454545617103577
vt 0.0625 0.5909090638160706
vt 0.125 0.5454545617103577
vt 0.125 0.5909090638160706
vt 0.125 0.5909090638160706
vt 0.1875 0.5454545617103577
vt 0.1875 0.5909090638160706
vt 0.1875 0.5454545617103577
vt 0.1875 0.5909090638160706
vt 0.25 0.5454545617103577
vt 0.25 0.5909090638160706
vt 0.3125 0.5454545617103577
vt 0.3125 0.5909090638160706
vt 0.3125 0.5454545617103577
vt 0.3125 0.5909090638160706
vt 0.375 0.5454545617103577
vt 0.375 0.5909090638160706
vt 0.375 0.5909090638160706
vt 0.4375 0.5454545617103577
vt 0.4375 0.5909090638160706
vt 0.4375 0.5454545617103577
vt 0.4375 0.5909090638160706
vt 0.5 0.5454545617103577
vt 0.5 0.5909090638160706
vt 0.5625 0.5454545617103577
vt 0.5625 0.5909090638160706
vt 0.5625 0.5454545617103577
vt 0.5625 0.5909090638160706
vt 0.625 0.5454545617103577
vt 0.625 0.5909090638160706
vt 0.625 0.5909090638160706
vt 0.6875 0.5454545617103577
vt 0.6875 0.5909090638160706
vt 0.6875 0.5454545617103577
vt 0.6875 0.5909090638160706
vt 0.75 0.5454545617103577
vt 0.75 0.5909090638160706
vt 0.8125 0.5454545617103577
vt 0.8125 0.5909090638160706
vt 0.8125 0.5454545617103577
vt 0.8125 0.5909090638160706
vt 0.875 0.5454545617103577
vt 0.875 0.5909090638160706
vt 0.875 0.5909090638160706
vt 0.9375 0.5454545617103577
vt 0.9375 0.5909090638160706
vt 0.9375 0.5454545617103577
vt 0.9375 0.5909090638160706
vt 0 0.6363636255264282
vt 0.0625 0.6363636255264282
vt 0.0625 0.6363636255264282
vt 0.125 0.6363636255264282
vt 0.125 0.6363636255264282
vt 0.1875 0.6363636255264282
vt 0.1875 0.6363636255264282
vt 0.25 0.6363636255264282
vt 0.3125 0.6363636255264282
vt 0.3125 0.6363636255264282
vt 0.375 0.6363636255264282
vt 0.375 0.6363636255264282
vt 0.4375 0.6363636255264282
vt 0.4375 0.6363636255264282
vt 0.5 0.6363636255264282
vt 0.5625 0.6363636255264282
vt 0.5625 0.6363636255264282
vt 0.625 0.6363636255264282
vt 0.625 0.6363636255264282
vt 0.6875 0.6363636255264282
vt 0.6875 0.6363636255264282
vt 0.75 0.6363636255264282
vt 0.8125 0.6363636255264282
vt 0.8125 0.6363636255264282
vt 0.875 0.6363636255264282
vt 0.875 0.6363636255264282
vt 0.9375 0.6363636255264282
vt 0.9375 0.6363636255264282
vt 0 0.6363636255264282
vt 0 0.6818181872367859
vt 0.0625 0.6363636255264282
vt 0.0625 0.6818181872367859
vt 0.125 0.6363636255264282
vt 0.125 0.6818181872367859
vt 0.1875 0.6363636255264282
vt 0.1875 0.6818181872367859
vt 0.25 0.6363636255264282
vt 0.25 0.6818181872367859
vt 0.3125 0.6363636255264282
vt 0.3125 0.6818181872367859
vt 0.375 0.6363636255264282
vt 0.375 0.6818181872367859
vt 0.4375 0.6363636255264282
vt 0.4375 0.6818181872367859
vt 0.5 0.6363636255264282
vt 0.5 0.6818181872367859
vt 0.5625 0.6363636255264282
vt 0.5625 0.6818181872367859
vt 0.625 0.6363636255264282
vt 0.625 0.6818181872367859
vt 0.6875 0.6363636255264282
vt 0.6875 0.6818181872367859
vt 0.75 0.6363636255264282
vt 0.75 0.6818181872367859
vt 0.8125 0.6363636255264282
vt 0.8125 0.6818181872367859
vt 0.875 0.6363636255264282
vt 0.875 0.6818181872367859
vt 0.9375 0.6363636255264282
vt 0.9375 0.6818181872367859
vt 0 0.6818181872367859
vt 0 0.7272727489471436
vt 0.0625 0.6818181872367859
vt 0.0625 0.7272727489471436
vt 0.0625 0.6818181872367859
vt 0.0625 0.7272727489471436
vt 0.125 0.6818181872367859
vt 0.125 0.7272727489471436
vt 0.125 0.6818181872367859
vt 0.125 0.7272727489471436
vt 0.1875 0.6818181872367859
vt 0.1875 0.7272727489471436
vt 0.1875 0.6818181872367859
vt 0.1875 0.7272727489471436
vt 0.25 0.6818181872367859
vt 0.25 0.7272727489471436
vt 0.25 0.6818181872367859
vt 0.3125 0.6818181872367859
vt 0.3125 0.7272727489471436
vt 0.3125 0.6818181872367859
vt 0.3125 0.7272727489471436
vt 0.375 0.6818181872367859
vt 0.375 0.7272727489471436
vt 0.375 0.6818181872367859
vt 0.375 0.7272727489471436
vt 0.4375 0.6818181872367859
vt 0.4375 0.7272727489471436
vt 0.4375 0.6818181872367859
vt 0.4375 0.7272727489471436
vt 0.5 0.6818181872367859
vt 0.5 0.7272727489471436
vt 0.5 0.6818181872367859
vt 0.5625 0.6818181872367859
vt 0.5625 0.7272727489471436
vt 0.5625 0.6818181872367859
vt 0.5625 0.7272727489471436
vt 0.625 0.6818181872367859
vt 0.625 0.7272727489471436
vt 0.625 0.6818181872367859
vt 0.625 0.7272727489471436
vt 0.6875 0.6818181872367859
vt 0.6875 0.7272727489471436
vt 0.6875 0.6818181872367859
vt 0.6875 0.7272727489471436
vt 0.75 0.6818181872367859
vt 0.75 0.7272727489471436
vt 0.75 0.6818181872367859
vt 0.8125 0.6818181872367859
vt 0.8125 0.7272727489471436
vt 0.8125 0.6818181872367859
vt 0.8125 0.7272727489471436
vt 0.875 0.6818181872367859
vt 0.875 0.7272727489471436
vt 0.875 0.6818181872367859
vt 0.875 0.7272727489471436
vt 0.9375 0.6818181872367859
vt 0.9375 0.7272727489471436
vt 0.9375 0.6818181872367859
vt 0.9375 0.7272727489471436
vt 0 0.6818181872367859
vt 0 0.7272727489471436
vt 0 0.7727272510528564
vt 0.0625 0.7272727489471436
vt 0.0625 0.7727272510528564
vt 0.125 0.7272727489471436
vt 0.125 0.7727272510528564
vt 0.1875 0.7272727489471436
vt 0.1875 0.7727272510528564
vt 0.25 0.7272727489471436
vt 0.25 0.7727272510528564
vt 0.3125 0.7272727489471436
vt 0.3125 0.7727272510528564
vt 0.375 0.7272727489471436
vt 0.375 0.7727272510528564
vt 0.4375 0.7272727489471436
vt 0.4375 0.7727272510528564
vt 0.5 0.7272727489471436
vt 0.5 0.7727272510528564
vt 0.5625 0.7272727489471436
vt 0.5625 0.7727272510528564
vt 0.625 0.7272727489471436
vt 0.625 0.7727272510528564
vt 0.6875 0.7272727489471436
vt 0.6875 0.7727272510528564
vt 0.75 0.7272727489471436
vt 0.75 0.7727272510528564
vt 0.8125 0.7272727489471436
vt 0.8125 0.7727272510528564
vt 0.875 0.7272727489471436
vt 0.875 0.7727272510528564
vt 0.9375 0.7272727489471436
vt 0.9375 0.7727272510528564
vt 0 0.8181818127632141
vt 0.0625 0.8181818127632141
vt 0.125 0.8181818127632141
vt 0.1875 0.8181818127632141
vt 0.25 0.8181818127632141
vt 0.3125 0.8181818127632141
vt 0.375 0.8181818127632141
vt 0.4375 0.8181818127632141
vt 0.5 0.8181818127632141
vt 0.5625 0.8181818127632141
vt 0.625 0.8181818127632141
vt 0.6875 0.8181818127632141
vt 0.75 0.8181818127632141
vt 0.8125 0.8181818127632141
vt 0.875 0.8181818127632141
vt 0.9375 0.8181818127632141
vt 0 0.8636363744735718
vt 0.0625 0.8636363744735718
vt 0.125 0.8636363744735718
vt 0.1875 0.8636363744735718
vt 0.25 0.8636363744735718
vt 0.3125 0.8636363744735718
vt 0.375 0.8636363744735718
vt 0.4375 0.8636363744735718
vt 0.5 0.8636363744735718
vt 0.5625 0.8636363744735718
vt 0.625 0.8636363744735718
vt 0.6875 0.8636363744735718
vt 0.75 0.8636363744735718
vt 0.8125 0.8636363744735718
vt 0.875 0.8636363744735718
vt 0.9375 0.8636363744735718
vt 0 0.9090909361839294
vt 0 0.9545454382896423
vt 0 1
vt 0.0625 1
vt 0.125 1
vt 0.1875 1
vt 0.25 1
vt 0.3125 1
vt 0.375 1
vt 0.4375 1
vt 0.5 1
vt 0.5625 1
vt 0.625 1
vt 0.6875 1
vt 0.75 1
vt 0.8125 1
vt 0.875 1
vt 0.9375 1
vt 0 1
vt 0 0
vt 0.0625 1
vt 0.0625 0
vt 0.0625 1
vt 0.0625 0
vt 0.125 1
vt 0.125 0
vt 0.125 1
vt 0.125 0
vt 0.1875 1
vt 0.1875 0
vt 0.1875 1
vt 0.1875 0
vt 0.25 1
vt 0.25 0
vt 0.25 1
vt 0.25 0
vt 0.3125 1
vt 0.3125 0
vt 0.3125 1
vt 0.3125 0
vt 0.375 1
vt 0.375 0
vt 0.375 1
vt 0.375 0
vt 0.4375 1
vt 0.4375 0
vt 0.4375 1
vt 0.4375 0
vt 0.5 1
vt 0.5 0
vt 0.5 1
vt 0.5 0
vt 0.5625 1
vt 0.5625 0
vt 0.5625 1
vt 0.5625 0
vt 0.625 1
vt 0.625 0
vt 0.625 1
vt 0.625 0
vt 0.6875 1
vt 0.6875 0
vt 0.6875 1
vt 0.6875 0
vt 0.75 1
vt 0.75 0
vt 0.75 1
vt 0.75 0
vt 0.8125 1
vt 0.8125 0
vt 0.8125 1
vt 0.8125 0
vt 0.875 1
vt 0.875 0
vt 0.875 1
vt 0.875 0
vt 0.9375 1
vt 0.9375 0
vt 0.9375 1
vt 0.9375 0
vt 0 1
vt 0 0
vn 0.00000000000 -1.00000000000 0.00000000000
vn 0.00000000000 -1.00000000000 0.00000000000
vn 0.00000000000 -1.00000000000 0.00000000000
vn 0.00000000000 -1.00000000000 0.00000000000
vn 0.00000000000 -1.00000000000 0.00000000000
vn 0.00000000000 -1.00000000000 0.00000000000
vn 0.00000000000 -1.00000000000 0.00000000000
vn 0.00000000000 -1.00000000000 0.00000000000
vn 0.00000000000 -1.00000000000 0.00000000000
vn 0.00000000000 -1.00000000000 0.00000000000
vn 0.00000000000 -1.00000000000 0.00000000000
vn 0.00000000000 -1.00000000000 0.00000000000
vn 0.00000000000 -1.00000000000 0.00000000000
vn 0.00000000000 -1.00000000000 0.00000000000
vn 0.00000000000 -1.00000000000 0.00000000000
vn 0.00000000000 -1.00000000000 0.00000000000
vn 0.00000000000 -1.00000000000 0.00000000000
vn 0.00000000000 -1.00000000000 0.00000000000
vn 0.00000000000 -1.00000000000 0.00000000000
vn 0.00000000000 -1.00000000000 0.00000000000
vn 0.00000000000 -1.00000000000 0.00000000000
vn 0.00000000000 -1.00000000000 0.00000000000
vn 0.00000000000 -1.00000000000 0.00000000000
vn 0.00000000000 -1.00000000000 0.00000000000
vn 0.00000000000 -1.00000000000 0.00000000000
vn 0.00000000000 -1.00000000000 0.00000000000
vn 0.00000000000 -1.00000000000 0.00000000000
vn 0.00000000000 -1.00000000000 0.00000000000
vn 0.00000000000 -1.00000000000 0.00000000000
vn 0.00000000000 -1.00000000000 0.00000000000
vn 0.00000000000 -1.00000000000 0.00000000000
vn 0.00000000000 -1.00000000000 0.00000000000
vn 0.729608161626 -0.666081711476 0.154942196081
vn 0.822965617120 -0.561028358029 0.0893015930778
vn 0.729608161626 -0.666081711476 0.154942196081
vn 0.729608161626 -0.666081711476 0.154942196081
vn 0.628951601738 -0.638670138955 0.443306142839
vn 0.628951601738 -0.638670138955 0.443306142839
vn 0.628951601738 -0.638670138955 0.443306142839
vn 0.628951601738 -0.638670138955 0.443306142839
vn 0.439598176165 -0.629990343953 0.640207474213
vn 0.439598176165 -0.629990343953 0.640207474213
vn 0.439598176165 -0.629990343953 0.640207474213
vn 0.439598176165 -0.629990343953 0.640207474213
vn 0.161840544144 -0.682777826208 0.712476019463
vn 0.161840544144 -0.682777826208 0.712476019463
vn 0.161840544144 -0.682777826208 0.712476019463
vn 0.0547805355628 -0.458648802213 0.886927488102
vn -0.154942196081 -0.666081711476 0.729608161626
vn -0.0893015930778 -0.561028358029 0.822965617120
vn -0.154942196081 -0.666081711476 0.729608161626
vn -0.154942196081 -0.666081711476 0.729608161626
vn -0.443306142839 -0.638670138955 0.628951601738
vn -0.443306142839 -0.638670138955 0.628951601738
vn -0.443306142839 -0.638670138955 0.628951601738
vn -0.443306142839 -0.638670138955 0.628951601738
vn -0.640207474213 -0.629990343953 0.439598176165
vn -0.640207474213 -0.629990343953 0.439598176165
vn -0.640207474213 -0.629990343953 0.439598176165
vn -0.640207474213 -0.629990343953 0.439598176165
vn -0.712476019463 -0.682777826208 0.161840544144
vn -0.712476019463 -0.682777826208 0.161840544144
vn -0.712476019463 -0.682777826208 0.161840544144
vn -0.886927488102 -0.458648802213 0.0547805355628
vn -0.729608161626 -0.666081711476 -0.154942196081
vn -0.822965617120 -0.561028358029 -0.0893015930778
vn -0.729608161626 -0.666081711476 -0.154942196081
vn -0.729608161626 -0.666081711476 -0.154942196081
vn -0.628951601738 -0.638670138955 -0.443306142839
vn -0.628951601738 -0.638670138955 -0.443306142839
vn -0.628951601738 -0.638670138955 -0.443306142839
vn -0.628951601738 -0.638670138955 -0.443306142839
vn -0.439598176165 -0.629990343953 -0.640207474213
vn -0.439598176165 -0.629990343953 -0.640207474213
vn -0.439598176165 -0.629990343953 -0.640207474213
vn -0.439598176165 -0.629990343953 -0.640207474213
vn -0.161840544144 -0.682777826208 -0.712476019463
vn -0.161840544144 -0.682777826208 -0.712476019463
vn -0.161840544144 -0.682777826208 -0.712476019463
vn -0.0547805355628 -0.458648802213 -0.886927488102
vn 0.154942196081 -0.666081711476 -0.729608161626
vn 0.0893015930778 -0.561028358029 -0.822965617120
vn 0.154942196081 -0.666081711476 -0.729608161626
vn 0.154942196081 -0.666081711476 -0.729608161626
vn 0.443306142839 -0.638670138955 -0.628951601738
vn 0.443306142839 -0.638670138955 -0.628951601738
vn 0.443306142839 -0.638670138955 -0.628951601738
vn 0.443306142839 -0.638670138955 -0.628951601738
vn 0.640207474213 -0.629990343953 -0.439598176165
vn 0.640207474213 -0.629990343953 -0.439598176165
vn 0.640207474213 -0.629990343953 -0.439598176165
vn 0.640207474213 -0.629990343953 -0.439598176165
vn 0.712476019463 -0.682777826208 -0.161840544144
vn 0.712476019463 -0.682777826208 -0.161840544144
vn 0.712476019463 -0.682777826208 -0.161840544144
vn 0.886927488102 -0.458648802213 -0.0547805355628
vn 0.951578982944 -0.306859764127 0.0182900076449
vn 0.919887370957 -0.382780286622 0.0853608629686
vn 0.991111052953 -0.128484235878 0.0345062580704
vn 0.977946919452 0.145669889804 0.149666649385
vn 0.871052495096 -0.176696567005 0.458307619396
vn 0.835690548654 0.109688332946 0.538135462970
vn 0.871052495096 -0.176696567005 0.458307619396
vn 0.835690548654 0.109688332946 0.538135462970
vn 0.445198156321 -0.178016323003 0.877558425606
vn 0.552901035540 0.109267079517 0.826051542116
vn 0.445198156321 -0.178016323003 0.877558425606
vn 0.552901035540 0.109267079517 0.826051542116
vn 0.0221973111899 -0.155022229854 0.987661575453
vn 0.149720278216 0.164497670054 0.974948385730
vn 0.0897808836207 -0.188013139779 0.978054421904
vn 0.0865004527611 -0.384233303879 0.919174869033
vn -0.0182900076449 -0.306859764127 0.951578982944
vn -0.0853608629686 -0.382780286622 0.919887370957
vn -0.0345062580704 -0.128484235878 0.991111052953
vn -0.149666649385 0.145669889804 0.977946919452
vn -0.458307619396 -0.176696567005 0.871052495096
vn -0.538135462970 0.109688332946 0.835690548654
vn -0.458307619396 -0.176696567005 0.871052495096
vn -0.538135462970 0.109688332946 0.835690548654
vn -0.877558425606 -0.178016323003 0.445198156321
vn -0.826051542116 0.109267079517 0.552901035540
vn -0.877558425606 -0.178016323003 0.445198156321
vn -0.826051542116 0.109267079517 0.552901035540
vn -0.987661575453 -0.155022229854 0.0221973111899
vn -0.974948385730 0.164497670054 0.149720278216
vn -0.978054421904 -0.188013139779 0.0897808836207
vn -0.919174869033 -0.384233303879 0.0865004527611
vn -0.951578982944 -0.306859764127 -0.0182900076449
vn -0.919887370957 -0.382780286622 -0.0853608629686
vn -0.991111052953 -0.128484235878 -0.0345062580704
vn -0.977946919452 0.145669889804 -0.149666649385
vn -0.871052495096 -0.176696567005 -0.458307619396
vn -0.835690548654 0.109688332946 -0.538135462970
vn -0.871052495096 -0.176696567005 -0.458307619396
vn -0.835690548654 0.109688332946 -0.538135462970
vn -0.445198156321 -0.178016323003 -0.877558425606
vn -0.552901035540 0.109267079517 -0.826051542116
vn -0.445198156321 -0.178016323003 -0.877558425606
vn -0.552901035540 0.109267079517 -0.826051542116
vn -0.0221973111899 -0.155022229854 -0.987661575453
vn -0.149720278216 0.164497670054 -0.974948385730
vn -0.0897808836207 -0.188013139779 -0.978054421904
vn -0.0865004527611 -0.384233303879 -0.919174869033
vn 0.0182900076449 -0.306859764127 -0.951578982944
vn 0.0853608629686 -0.382780286622 -0.919887370957
vn 0.0345062580704 -0.128484235878 -0.991111052953
vn 0.149666649385 0.145669889804 -0.977946919452
vn 0.458307619396 -0.176696567005 -0.871052495096
vn 0.538135462970 0.109688332946 -0.835690548654
vn 0.458307619396 -0.176696567005 -0.871052495096
vn 0.538135462970 0.109688332946 -0.835690548654
vn 0.877558425606 -0.178016323003 -0.445198156321
vn 0.826051542116 0.109267079517 -0.552901035540
vn 0.877558425606 -0.178016323003 -0.445198156321
vn 0.826051542116 0.109267079517 -0.552901035540
vn 0.987661575453 -0.155022229854 -0.0221973111899
vn 0.974948385730 0.164497670054 -0.149720278216
vn 0.978054421904 -0.188013139779 -0.0897808836207
vn 0.919174869033 -0.384233303879 -0.0865004527611
vn 0.898054819772 0.439274600085 0.0231379861857
vn 0.898054819772 0.439274600085 0.0231379861857
vn 0.869686844388 0.445557953169 0.212421522136
vn 0.869686844388 0.445557953169 0.212421522136
vn 0.733151487380 0.397943522123 0.551479691152
vn 0.733151487380 0.397943522123 0.551479691152
vn 0.733151487380 0.397943522123 0.551479691152
vn 0.733151487380 0.397943522123 0.551479691152
vn 0.543594965399 0.388040012586 0.744264376566
vn 0.543594965399 0.388040012586 0.744264376566
vn 0.543594965399 0.388040012586 0.744264376566
vn 0.543594965399 0.388040012586 0.744264376566
vn 0.223584029212 0.444421029319 0.867467653910
vn 0.223584029212 0.444421029319 0.867467653910
vn -0.0231379861857 0.439274600085 0.898054819772
vn -0.0231379861857 0.439274600085 0.898054819772
vn -0.212421522136 0.445557953169 0.869686844388
vn -0.212421522136 0.445557953169 0.869686844388
vn -0.551479691152 0.397943522123 0.733151487380
vn -0.551479691152 0.397943522123 0.733151487380
vn -0.551479691152 0.397943522123 0.733151487380
vn -0.551479691152 0.397943522123 0.733151487380
vn -0.744264376566 0.388040012586 0.543594965399
vn -0.744264376566 0.388040012586 0.543594965399
vn -0.744264376566 0.388040012586 0.543594965399
vn -0.744264376566 0.388040012586 0.543594965399
vn -0.867467653910 0.444421029319 0.223584029212
vn -0.867467653910 0.444421029319 0.223584029212
vn -0.898054819772 0.439274600085 -0.0231379861857
vn -0.898054819772 0.439274600085 -0.0231379861857
vn -0.869686844388 0.445557953169 -0.212421522136
vn -0.869686844388 0.445557953169 -0.212421522136
vn -0.733151487380 0.397943522123 -0.551479691152
vn -0.733151487380 0.397943522123 -0.551479691152
vn -0.733151487380 0.397943522123 -0.551479691152
vn -0.733151487380 0.397943522123 -0.551479691152
vn -0.543594965399 0.388040012586 -0.744264376566
vn -0.543594965399 0.388040012586 -0.744264376566
vn -0.543594965399 0.388040012586 -0.744264376566
vn -0.543594965399 0.388040012586 -0.744264376566
vn -0.223584029212 0.444421029319 -0.867467653910
vn -0.223584029212 0.444421029319 -0.867467653910
vn 0.0231379861857 0.439274600085 -0.898054819772
vn 0.0231379861857 0.439274600085 -0.898054819772
vn 0.212421522136 0.445557953169 -0.869686844388
vn 0.212421522136 0.445557953169 -0.869686844388
vn 0.551479691152 0.397943522123 -0.733151487380
vn 0.551479691152 0.397943522123 -0.733151487380
vn 0.551479691152 0.397943522123 -0.733151487380
vn 0.551479691152 0.397943522123 -0.733151487380
vn 0.744264376566 0.388040012586 -0.543594965399
vn 0.744264376566 0.388040012586 -0.543594965399
vn 0.744264376566 0.388040012586 -0.543594965399
vn 0.744264376566 0.388040012586 -0.543594965399
vn 0.867467653910 0.444421029319 -0.223584029212
vn 0.867467653910 0.444421029319 -0.223584029212
vn 0.796723251745 -0.604322258580 -0.00516409849374
vn 0.796723251745 -0.604322258580 -0.00516409849374
vn 0.241540236271 -0.968821457986 0.0551660838648
vn 0.796723251745 -0.604322258580 -0.00516409849374
vn 0.193770603121 -0.972036186769 0.132659733826
vn 0.792325523077 -0.605493744524 0.0748170490163
vn 0.193770603121 -0.972036186769 0.132659733826
vn 0.193770603121 -0.972036186769 0.132659733826
vn 0.136593464710 -0.972049202834 0.190951754818
vn 0.136593464710 -0.972049202834 0.190951754818
vn 0.136593464710 -0.972049202834 0.190951754818
vn 0.0744224495215 -0.602950995450 0.794299311402
vn 0.0513000744012 -0.968084385422 0.245318008040
vn 0.00516409849374 -0.604322258580 0.796723251745
vn 0.00516409849374 -0.604322258580 0.796723251745
vn 0.00516409849374 -0.604322258580 0.796723251745
vn -0.0551660838648 -0.968821457986 0.241540236271
vn 0.00516409849374 -0.604322258580 0.796723251745
vn -0.132659733826 -0.972036186769 0.193770603121
vn -0.0748170490163 -0.605493744524 0.792325523077
vn -0.132659733826 -0.972036186769 0.193770603121
vn -0.132659733826 -0.972036186769 0.193770603121
vn -0.190951754818 -0.972049202834 0.136593464710
vn -0.190951754818 -0.972049202834 0.136593464710
vn -0.190951754818 -0.972049202834 0.136593464710
vn -0.794299311402 -0.602950995450 0.0744224495215
vn -0.245318008040 -0.968084385422 0.0513000744012
vn -0.796723251745 -0.604322258580 0.00516409849374
vn -0.796723251745 -0.604322258580 0.00516409849374
vn -0.796723251745 -0.604322258580 0.00516409849374
vn -0.241540236271 -0.968821457986 -0.0551660838648
vn -0.796723251745 -0.604322258580 0.00516409849374
vn -0.193770603121 -0.972036186769 -0.132659733826
vn -0.792325523077 -0.605493744524 -0.0748170490163
vn -0.193770603121 -0.972036186769 -0.132659733826
vn -0.193770603121 -0.972036186769 -0.132659733826
vn -0.136593464710 -0.972049202834 -0.190951754818
vn -0.136593464710 -0.972049202834 -0.190951754818
vn -0.136593464710 -0.972049202834 -0.190951754818
vn -0.0744224495215 -0.602950995450 -0.794299311402
vn -0.0513000744012 -0.968084385422 -0.245318008040
vn -0.00516409849374 -0.604322258580 -0.796723251745
vn -0.00516409849374 -0.604322258580 -0.796723251745
vn -0.00516409849374 -0.604322258580 -0.796723251745
vn 0.0551660838648 -0.968821457986 -0.241540236271
vn -0.00516409849374 -0.604322258580 -0.796723251745
vn 0.132659733826 -0.972036186769 -0.193770603121
vn 0.0748170490163 -0.605493744524 -0.792325523077
vn 0.132659733826 -0.972036186769 -0.193770603121
vn 0.132659733826 -0.972036186769 -0.193770603121
vn 0.190951754818 -0.972049202834 -0.136593464710
vn 0.190951754818 -0.972049202834 -0.136593464710
vn 0.190951754818 -0.972049202834 -0.136593464710
vn 0.794299311402 -0.602950995450 -0.0744224495215
vn 0.245318008040 -0.968084385422 -0.0513000744012
vn 0.796723251745 -0.604322258580 -0.00516409849374
vn 0.815459849912 -0.578811766464 -0.00147383299635
vn 0.815459849912 -0.578811766464 -0.00147383299635
vn 0.815459849912 -0.578811766464 -0.00147383299635
vn 0.815459849912 -0.578811766464 -0.00147383299635
vn 0.809702168189 -0.579997368023 0.0893613558360
vn 0.809702168189 -0.579997368023 0.0893613558360
vn 0.695419728163 -0.447003721810 0.562653600690
vn 0.695419728163 -0.447003721810 0.562653600690
vn 0.558004554798 -0.450527844158 0.696889932817
vn 0.558004554798 -0.450527844158 0.696889932817
vn 0.0953563173507 -0.582054507875 0.807539300966
vn 0.0953563173507 -0.582054507875 0.807539300966
vn 0.00147383299635 -0.578811766464 0.815459849912
vn 0.00147383299635 -0.578811766464 0.815459849912
vn 0.00147383299635 -0.578811766464 0.815459849912
vn 0.00147383299635 -0.578811766464 0.815459849912
vn 0.00147383299635 -0.578811766464 0.815459849912
vn 0.00147383299635 -0.578811766464 0.815459849912
vn -0.0893613558360 -0.579997368023 0.809702168189
vn -0.0893613558360 -0.579997368023 0.809702168189
vn -0.562653600690 -0.447003721810 0.695419728163
vn -0.562653600690 -0.447003721810 0.695419728163
vn -0.696889932817 -0.450527844158 0.558004554798
vn -0.696889932817 -0.450527844158 0.558004554798
vn -0.807539300966 -0.582054507875 0.0953563173507
vn -0.807539300966 -0.582054507875 0.0953563173507
vn -0.815459849912 -0.578811766464 0.00147383299635
vn -0.815459849912 -0.578811766464 0.00147383299635
vn -0.815459849912 -0.578811766464 0.00147383299635
vn -0.815459849912 -0.578811766464 0.00147383299635
vn -0.815459849912 -0.578811766464 0.00147383299635
vn -0.815459849912 -0.578811766464 0.00147383299635
vn -0.809702168189 -0.579997368023 -0.0893613558360
vn -0.809702168189 -0.579997368023 -0.0893613558360
vn -0.695419728163 -0.447003721810 -0.562653600690
vn -0.695419728163 -0.447003721810 -0.562653600690
vn -0.558004554798 -0.450527844158 -0.696889932817
vn -0.558004554798 -0.450527844158 -0.696889932817
vn -0.0953563173507 -0.582054507875 -0.807539300966
vn -0.0953563173507 -0.582054507875 -0.807539300966
vn -0.00147383299635 -0.578811766464 -0.815459849912
vn -0.00147383299635 -0.578811766464 -0.815459849912
vn -0.00147383299635 -0.578811766464 -0.815459849912
vn -0.00147383299635 -0.578811766464 -0.815459849912
vn -0.00147383299635 -0.578811766464 -0.815459849912
vn -0.00147383299635 -0.578811766464 -0.815459849912
vn 0.0893613558360 -0.579997368023 -0.809702168189
vn 0.0893613558360 -0.579997368023 -0.809702168189
vn 0.562653600690 -0.447003721810 -0.695419728163
vn 0.562653600690 -0.447003721810 -0.695419728163
vn 0.696889932817 -0.450527844158 -0.558004554798
vn 0.696889932817 -0.450527844158 -0.558004554798
vn 0.807539300966 -0.582054507875 -0.0953563173507
vn 0.807539300966 -0.582054507875 -0.0953563173507
vn 0.815459849912 -0.578811766464 -0.00147383299635
vn 0.815459849912 -0.578811766464 -0.00147383299635
vn 0.815459849912 -0.578811766464 -0.00147383299635
vn 0.815459849912 -0.578811766464 -0.00147383299635
vn 0.809702168189 -0.579997368023 0.0893613558360
vn 0.633970858375 -0.445982397805 0.631807448183
vn 0.0953563173507 -0.582054507875 0.807539300966
vn 0.00147383299635 -0.578811766464 0.815459849912
vn 0.00147383299635 -0.578811766464 0.815459849912
vn 0.00147383299635 -0.578811766464 0.815459849912
vn -0.0893613558360 -0.579997368023 0.809702168189
vn -0.631807448183 -0.445982397805 0.633970858375
vn -0.807539300966 -0.582054507875 0.0953563173507
vn -0.815459849912 -0.578811766464 0.00147383299635
vn -0.815459849912 -0.578811766464 0.00147383299635
vn -0.815459849912 -0.578811766464 0.00147383299635
vn -0.809702168189 -0.579997368023 -0.0893613558360
vn -0.633970858375 -0.445982397805 -0.631807448183
vn -0.0953563173507 -0.582054507875 -0.807539300966
vn -0.00147383299635 -0.578811766464 -0.815459849912
vn -0.00147383299635 -0.578811766464 -0.815459849912
vn -0.00147383299635 -0.578811766464 -0.815459849912
vn 0.0893613558360 -0.579997368023 -0.809702168189
vn 0.631807448183 -0.445982397805 -0.633970858375
vn 0.807539300966 -0.582054507875 -0.0953563173507
vn 0.815459849912 -0.578811766464 -0.00147383299635
vn 0.966172278207 -0.254923969581 0.0390499495083
vn 0.966172278207 -0.254923969581 0.0390499495083
vn 0.950116174394 -0.269331519615 0.157288867046
vn 0.681415686231 -0.232793170363 0.693887600690
vn 0.148887931080 -0.266003248896 0.952404670062
vn 0.0207267276636 -0.255063776409 0.966702059957
vn 0.0207267276636 -0.255063776409 0.966702059957
vn -0.0390499495083 -0.254923969581 0.966172278207
vn -0.0390499495083 -0.254923969581 0.966172278207
vn -0.157288867046 -0.269331519615 0.950116174394
vn -0.693887600690 -0.232793170363 0.681415686231
vn -0.952404670062 -0.266003248896 0.148887931080
vn -0.966702059957 -0.255063776409 0.0207267276636
vn -0.966702059957 -0.255063776409 0.0207267276636
vn -0.966172278207 -0.254923969581 -0.0390499495083
vn -0.966172278207 -0.254923969581 -0.0390499495083
vn -0.950116174394 -0.269331519615 -0.157288867046
vn -0.681415686231 -0.232793170363 -0.693887600690
vn -0.148887931080 -0.266003248896 -0.952404670062
vn -0.0207267276636 -0.255063776409 -0.966702059957
vn -0.0207267276636 -0.255063776409 -0.966702059957
vn 0.0390499495083 -0.254923969581 -0.966172278207
vn 0.0390499495083 -0.254923969581 -0.966172278207
vn 0.157288867046 -0.269331519615 -0.950116174394
vn 0.693887600690 -0.232793170363 -0.681415686231
vn 0.952404670062 -0.266003248896 -0.148887931080
vn 0.966702059957 -0.255063776409 -0.0207267276636
vn 0.966702059957 -0.255063776409 -0.0207267276636
vn 0.966172278207 -0.254923969581 0.0390499495083
vn 0.966172278207 -0.254923969581 0.0390499495083
vn 0.950116174394 -0.269331519615 0.157288867046
vn 0.681415686231 -0.232793170363 0.693887600690
vn 0.148887931080 -0.266003248896 0.952404670062
vn 0.0207267276636 -0.255063776409 0.966702059957
vn 0.0207267276636 -0.255063776409 0.966702059957
vn -0.0390499495083 -0.254923969581 0.966172278207
vn -0.0390499495083 -0.254923969581 0.966172278207
vn -0.157288867046 -0.269331519615 0.950116174394
vn -0.693887600690 -0.232793170363 0.681415686231
vn -0.952404670062 -0.266003248896 0.148887931080
vn -0.966702059957 -0.255063776409 0.0207267276636
vn -0.966702059957 -0.255063776409 0.0207267276636
vn -0.966172278207 -0.254923969581 -0.0390499495083
vn -0.966172278207 -0.254923969581 -0.0390499495083
vn -0.950116174394 -0.269331519615 -0.157288867046
vn -0.681415686231 -0.232793170363 -0.693887600690
vn -0.148887931080 -0.266003248896 -0.952404670062
vn -0.0207267276636 -0.255063776409 -0.966702059957
vn -0.0207267276636 -0.255063776409 -0.966702059957
vn 0.0390499495083 -0.254923969581 -0.966172278207
vn 0.0390499495083 -0.254923969581 -0.966172278207
vn 0.157288867046 -0.269331519615 -0.950116174394
vn 0.693887600690 -0.232793170363 -0.681415686231
vn 0.952404670062 -0.266003248896 -0.148887931080
vn 0.966702059957 -0.255063776409 -0.0207267276636
vn 0.966702059957 -0.255063776409 -0.0207267276636
vn 0.966172278207 -0.254923969581 0.0390499495083
vn 0.966172278207 -0.254923969581 0.0390499495083
vn 0.950116174394 -0.269331519615 0.157288867046
vn 0.681415686231 -0.232793170363 0.693887600690
vn 0.148887931080 -0.266003248896 0.952404670062
vn 0.0207267276636 -0.255063776409 0.966702059957
vn 0.0207267276636 -0.255063776409 0.966702059957
vn -0.0390499495083 -0.254923969581 0.966172278207
vn -0.0390499495083 -0.254923969581 0.966172278207
vn -0.157288867046 -0.269331519615 0.950116174394
vn -0.693887600690 -0.232793170363 0.681415686231
vn -0.952404670062 -0.266003248896 0.148887931080
vn -0.966702059957 -0.255063776409 0.0207267276636
vn -0.966702059957 -0.255063776409 0.0207267276636
vn -0.966172278207 -0.254923969581 -0.0390499495083
vn -0.966172278207 -0.254923969581 -0.0390499495083
vn -0.950116174394 -0.269331519615 -0.157288867046
vn -0.681415686231 -0.232793170363 -0.693887600690
vn -0.148887931080 -0.266003248896 -0.952404670062
vn -0.0207267276636 -0.255063776409 -0.966702059957
vn -0.0207267276636 -0.255063776409 -0.966702059957
vn 0.0390499495083 -0.254923969581 -0.966172278207
vn 0.0390499495083 -0.254923969581 -0.966172278207
vn 0.157288867046 -0.269331519615 -0.950116174394
vn 0.693887600690 -0.232793170363 -0.681415686231
vn 0.952404670062 -0.266003248896 -0.148887931080
vn 0.966702059957 -0.255063776409 -0.0207267276636
vn 0.966702059957 -0.255063776409 -0.0207267276636
vn 0.969973730437 -0.229667824521 0.0800228257575
vn 0.969973730437 -0.229667824521 0.0800228257575
vn 0.969973730437 -0.229667824521 0.0800228257575
vn 0.969973730437 -0.229667824521 0.0800228257575
vn 0.950153489226 -0.201419700279 0.237988342680
vn 0.950153489226 -0.201419700279 0.237988342680
vn 0.681415686231 -0.232793170363 0.693887600690
vn 0.229753377676 -0.195627095549 0.953385244764
vn 0.229753377676 -0.195627095549 0.953385244764
vn 0.0714593234878 -0.225960836826 0.971511845171
vn 0.0714593234878 -0.225960836826 0.971511845171
vn 0.0714593234878 -0.225960836826 0.971511845171
vn 0.0714593234878 -0.225960836826 0.971511845171
vn -0.0800228257575 -0.229667824521 0.969973730437
vn -0.0800228257575 -0.229667824521 0.969973730437
vn -0.0800228257575 -0.229667824521 0.969973730437
vn -0.0800228257575 -0.229667824521 0.969973730437
vn -0.237988342680 -0.201419700279 0.950153489226
vn -0.237988342680 -0.201419700279 0.950153489226
vn -0.693887600690 -0.232793170363 0.681415686231
vn -0.953385244764 -0.195627095549 0.229753377676
vn -0.953385244764 -0.195627095549 0.229753377676
vn -0.971511845171 -0.225960836826 0.0714593234878
vn -0.971511845171 -0.225960836826 0.0714593234878
vn -0.971511845171 -0.225960836826 0.0714593234878
vn -0.971511845171 -0.225960836826 0.0714593234878
vn -0.969973730437 -0.229667824521 -0.0800228257575
vn -0.969973730437 -0.229667824521 -0.0800228257575
vn -0.969973730437 -0.229667824521 -0.0800228257575
vn -0.969973730437 -0.229667824521 -0.0800228257575
vn -0.950153489226 -0.201419700279 -0.237988342680
vn -0.950153489226 -0.201419700279 -0.237988342680
vn -0.681415686231 -0.232793170363 -0.693887600690
vn -0.229753377676 -0.195627095549 -0.953385244764
vn -0.229753377676 -0.195627095549 -0.953385244764
vn -0.0714593234878 -0.225960836826 -0.971511845171
vn -0.0714593234878 -0.225960836826 -0.971511845171
vn -0.0714593234878 -0.225960836826 -0.971511845171
vn -0.0714593234878 -0.225960836826 -0.971511845171
vn 0.0800228257575 -0.229667824521 -0.969973730437
vn 0.0800228257575 -0.229667824521 -0.969973730437
vn 0.0800228257575 -0.229667824521 -0.969973730437
vn 0.0800228257575 -0.229667824521 -0.969973730437
vn 0.237988342680 -0.201419700279 -0.950153489226
vn 0.237988342680 -0.201419700279 -0.950153489226
vn 0.693887600690 -0.232793170363 -0.681415686231
vn 0.953385244764 -0.195627095549 -0.229753377676
vn 0.953385244764 -0.195627095549 -0.229753377676
vn 0.971511845171 -0.225960836826 -0.0714593234878
vn 0.971511845171 -0.225960836826 -0.0714593234878
vn 0.971511845171 -0.225960836826 -0.0714593234878
vn 0.971511845171 -0.225960836826 -0.0714593234878
vn 0.00000000000 1.00000000000 0.00000000000
vn 0.00000000000 1.00000000000 0.00000000000
vn 0.00000000000 1.00000000000 0.00000000000
vn 0.00000000000 1.00000000000 0.00000000000
vn 0.00000000000 1.00000000000 0.00000000000
vn 0.00000000000 1.00000000000 0.00000000000
vn 0.00000000000 1.00000000000 0.00000000000
vn 0.00000000000 1.00000000000 0.00000000000
vn 0.00000000000 1.00000000000 0.00000000000
vn 0.00000000000 1.00000000000 0.00000000000
vn 0.00000000000 1.00000000000 0.00000000000
vn 0.00000000000 1.00000000000 0.00000000000
vn 0.00000000000 1.00000000000 0.00000000000
vn 0.00000000000 1.00000000000 0.00000000000
vn 0.00000000000 1.00000000000 0.00000000000
vn 0.00000000000 1.00000000000 0.00000000000
vn 0.00000000000 1.00000000000 0.00000000000
vn 0.00000000000 1.00000000000 0.00000000000
vn 0.00000000000 1.00000000000 0.00000000000
vn 0.00000000000 1.00000000000 0.00000000000
vn 0.00000000000 1.00000000000 0.00000000000
vn 0.00000000000 1.00000000000 0.00000000000
vn 0.00000000000 1.00000000000 0.00000000000
vn 0.00000000000 1.00000000000 0.00000000000
vn 0.00000000000 1.00000000000 0.00000000000
vn 0.00000000000 1.00000000000 0.00000000000
vn 0.00000000000 1.00000000000 0.00000000000
vn 0.00000000000 1.00000000000 0.00000000000
vn 0.00000000000 1.00000000000 0.00000000000
vn 0.00000000000 1.00000000000 0.00000000000
vn 0.00000000000 1.00000000000 0.00000000000
vn 0.00000000000 1.00000000000 0.00000000000
vn -0.823336958092 0.567552864005 1.54142376492e-9
vn -0.823336958092 0.567552864005 1.54142376492e-9
vn -0.823336958092 0.567552864005 1.54142376492e-9
vn -0.823336958092 0.567552864005 1.54142376492e-9
vn -0.825026298940 0.556810574858 -0.0964032664553
vn -0.825026298940 0.556810574858 -0.0964032664553
vn -0.673206973109 0.446429781183 -0.589485217652
vn -0.733074906960 0.310851038975 -0.604956868176
vn -0.588644559113 0.310183611837 -0.746514373588
vn -0.0964032664553 0.556810574858 -0.825026298940
vn -0.0964032664553 0.556810574858 -0.825026298940
vn -1.54142376492e-9 0.567552864005 -0.823336958092
vn -1.54142376492e-9 0.567552864005 -0.823336958092
vn -1.54142376492e-9 0.567552864005 -0.823336958092
vn -1.54142376492e-9 0.567552864005 -0.823336958092
vn -1.54142376492e-9 0.567552864005 -0.823336958092
vn -1.54142376492e-9 0.567552864005 -0.823336958092
vn 0.0964032664553 0.556810574858 -0.825026298940
vn 0.0964032664553 0.556810574858 -0.825026298940
vn 0.589485217652 0.446429781183 -0.673206973109
vn 0.604956868176 0.310851038975 -0.733074906960
vn 0.746514373588 0.310183611837 -0.588644559113
vn 0.825026298940 0.556810574858 -0.0964032664553
vn 0.825026298940 0.556810574858 -0.0964032664553
vn 0.823336958092 0.567552864005 -1.54142376492e-9
vn 0.823336958092 0.567552864005 -1.54142376492e-9
vn 0.823336958092 0.567552864005 -1.54142376492e-9
vn 0.823336958092 0.567552864005 -1.54142376492e-9
vn 0.823336958092 0.567552864005 -1.54142376492e-9
vn 0.823336958092 0.567552864005 -1.54142376492e-9
vn 0.825026298940 0.556810574858 0.0964032664553
vn 0.825026298940 0.556810574858 0.0964032664553
vn 0.673206973109 0.446429781183 0.589485217652
vn 0.733074906960 0.310851038975 0.604956868176
vn 0.588644559113 0.310183611837 0.746514373588
vn 0.0964032664553 0.556810574858 0.825026298940
vn 0.0964032664553 0.556810574858 0.825026298940
vn 1.54142376492e-9 0.567552864005 0.823336958092
vn 1.54142376492e-9 0.567552864005 0.823336958092
vn 1.54142376492e-9 0.567552864005 0.823336958092
vn 1.54142376492e-9 0.567552864005 0.823336958092
vn 1.54142376492e-9 0.567552864005 0.823336958092
vn 1.54142376492e-9 0.567552864005 0.823336958092
vn -0.0964032664553 0.556810574858 0.825026298940
vn -0.0964032664553 0.556810574858 0.825026298940
vn -0.589485217652 0.446429781183 0.673206973109
vn -0.604956868176 0.310851038975 0.733074906960
vn -0.746514373588 0.310183611837 0.588644559113
vn -0.825026298940 0.556810574858 0.0964032664553
vn -0.825026298940 0.556810574858 0.0964032664553
vn -0.823336958092 0.567552864005 1.54142376492e-9
vn -0.823336958092 0.567552864005 1.54142376492e-9
vn -0.823336958092 0.567552864005 1.54142376492e-9
vn -0.823336958092 0.567552864005 1.54142376492e-9
vn -0.825026298940 0.556810574858 -0.0964032664553
vn -0.733074906960 0.310851038975 -0.604956868176
vn -0.588644559113 0.310183611837 -0.746514373588
vn -0.0964032664553 0.556810574858 -0.825026298940
vn -1.54142376492e-9 0.567552864005 -0.823336958092
vn -1.54142376492e-9 0.567552864005 -0.823336958092
vn -1.54142376492e-9 0.567552864005 -0.823336958092
vn 0.0964032664553 0.556810574858 -0.825026298940
vn 0.604956868176 0.310851038975 -0.733074906960
vn 0.746514373588 0.310183611837 -0.588644559113
vn 0.825026298940 0.556810574858 -0.0964032664553
vn 0.823336958092 0.567552864005 -1.54142376492e-9
vn 0.823336958092 0.567552864005 -1.54142376492e-9
vn 0.823336958092 0.567552864005 -1.54142376492e-9
vn 0.825026298940 0.556810574858 0.0964032664553
vn 0.733074906960 0.310851038975 0.604956868176
vn 0.588644559113 0.310183611837 0.746514373588
vn 0.0964032664553 0.556810574858 0.825026298940
vn 1.54142376492e-9 0.567552864005 0.823336958092
vn 1.54142376492e-9 0.567552864005 0.823336958092
vn 1.54142376492e-9 0.567552864005 0.823336958092
vn -0.0964032664553 0.556810574858 0.825026298940
vn -0.604956868176 0.310851038975 0.733074906960
vn -0.746514373588 0.310183611837 0.588644559113
vn -0.825026298940 0.556810574858 0.0964032664553
vn -0.823336958092 0.567552864005 1.54142376492e-9
vn 0.00000000000 1.00000000000 0.00000000000
vn 0.00000000000 1.00000000000 0.00000000000
vn 0.00000000000 1.00000000000 0.00000000000
vn 0.00000000000 1.00000000000 0.00000000000
vn 0.00000000000 1.00000000000 0.00000000000
vn 0.00000000000 1.00000000000 0.00000000000
vn 0.00000000000 1.00000000000 0.00000000000
vn 0.00000000000 1.00000000000 0.00000000000
vn 0.00000000000 1.00000000000 0.00000000000
vn 0.00000000000 1.00000000000 0.00000000000
vn 0.00000000000 1.00000000000 0.00000000000
vn 0.00000000000 1.00000000000 0.00000000000
vn 0.00000000000 1.00000000000 0.00000000000
vn 0.00000000000 1.00000000000 0.00000000000
vn 0.00000000000 1.00000000000 0.00000000000
vn 0.00000000000 1.00000000000 0.00000000000
vn 0.00000000000 1.00000000000 0.00000000000
vn 0.00000000000 1.00000000000 0.00000000000
vn 0.00000000000 1.00000000000 0.00000000000
vn 0.00000000000 1.00000000000 0.00000000000
vn 0.00000000000 1.00000000000 0.00000000000
vn 0.00000000000 1.00000000000 0.00000000000
vn 0.00000000000 1.00000000000 0.00000000000
vn 0.00000000000 1.00000000000 0.00000000000
vn 0.00000000000 1.00000000000 0.00000000000
vn 0.00000000000 1.00000000000 0.00000000000
vn 0.00000000000 1.00000000000 0.00000000000
vn 0.00000000000 1.00000000000 0.00000000000
vn 0.00000000000 1.00000000000 0.00000000000
vn 0.00000000000 1.00000000000 0.00000000000
vn 0.00000000000 1.00000000000 0.00000000000
vn 0.00000000000 1.00000000000 0.00000000000
vn 0.977194070801 0.168651923535 0.129028201101
vn 1.00000000000 0.00000000000 2.55258209390e-17
vn 0.977194070801 0.168651923535 0.129028201101
vn 1.00000000000 0.00000000000 2.55258209390e-17
vn 0.814806863302 0.277788186830 0.508845260147
vn 0.923879530566 0.00000000000 0.382683437061
vn 0.814806863302 0.277788186830 0.508845260147
vn 0.923879530566 0.00000000000 0.382683437061
vn 0.493285922614 0.276602833576 0.824718055464
vn 0.382683437061 0.00000000000 0.923879530566
vn 0.493285922614 0.276602833576 0.824718055464
vn 0.382683437061 0.00000000000 0.923879530566
vn 0.155189511440 0.188488807951 0.969736141853
vn 2.04206557586e-17 0.00000000000 1.00000000000
vn 0.155189511440 0.188488807951 0.969736141853
vn 2.04206557586e-17 0.00000000000 1.00000000000
vn -0.129028201101 0.168651923535 0.977194070801
vn -0.129028201101 0.168651923535 0.977194070801
vn 2.04206557586e-17 0.00000000000 1.00000000000
vn -0.508845260147 0.277788186830 0.814806863302
vn -0.382683437061 0.00000000000 0.923879530566
vn -0.508845260147 0.277788186830 0.814806863302
vn -0.382683437061 0.00000000000 0.923879530566
vn -0.824718055464 0.276602833576 0.493285922614
vn -0.923879530566 0.00000000000 0.382683437061
vn -0.824718055464 0.276602833576 0.493285922614
vn -0.923879530566 0.00000000000 0.382683437061
vn -0.969736141853 0.188488807951 0.155189511440
vn -1.00000000000 0.00000000000 2.04206557586e-17
vn -0.969736141853 0.188488807951 0.155189511440
vn -1.00000000000 0.00000000000 2.04206557586e-17
vn -0.977194070801 0.168651923535 -0.129028201101
vn -0.977194070801 0.168651923535 -0.129028201101
vn -1.00000000000 0.00000000000 2.04206557586e-17
vn -0.814806863302 0.277788186830 -0.508845260147
vn -0.923879530566 0.00000000000 -0.382683437061
vn -0.814806863302 0.277788186830 -0.508845260147
vn -0.923879530566 0.00000000000 -0.382683437061
vn -0.493285922614 0.276602833576 -0.824718055464
vn -0.382683437061 0.00000000000 -0.923879530566
vn -0.493285922614 0.276602833576 -0.824718055464
vn -0.382683437061 0.00000000000 -0.923879530566
vn -0.155189511440 0.188488807951 -0.969736141853
vn -2.04206557586e-17 0.00000000000 -1.00000000000
vn -0.155189511440 0.188488807951 -0.969736141853
vn -2.04206557586e-17 0.00000000000 -1.00000000000
vn 0.129028201101 0.168651923535 -0.977194070801
vn 0.129028201101 0.168651923535 -0.977194070801
vn -2.04206557586e-17 0.00000000000 -1.00000000000
vn 0.508845260147 0.277788186830 -0.814806863302
vn 0.382683437061 0.00000000000 -0.923879530566
vn 0.508845260147 0.277788186830 -0.814806863302
vn 0.382683437061 0.00000000000 -0.923879530566
vn 0.824718055464 0.276602833576 -0.493285922614
vn 0.923879530566 0.00000000000 -0.382683437061
vn 0.824718055464 0.276602833576 -0.493285922614
vn 0.923879530566 0.00000000000 -0.382683437061
vn 0.969736141853 0.188488807951 -0.155189511440
vn 1.00000000000 0.00000000000 2.55258209390e-17
vn 0.969736141853 0.188488807951 -0.155189511440
vn -1.26380531395e-18 1.00000000000 3.24903276634e-17
vn -1.26380531395e-18 1.00000000000 3.24903276634e-17
vn -1.26380531395e-18 1.00000000000 3.24903276634e-17
vn -1.26380531395e-18 1.00000000000 3.24903276634e-17
vn -1.26380531395e-18 1.00000000000 3.24903276634e-17
vn -1.26380531395e-18 1.00000000000 3.24903276634e-17
vn -1.26380531395e-18 1.00000000000 3.24903276634e-17
vn -1.26380531395e-18 1.00000000000 3.24903276634e-17
vn -1.26380531395e-18 1.00000000000 3.24903276634e-17
vn -1.26380531395e-18 1.00000000000 3.24903276634e-17
vn -1.26380531395e-18 1.00000000000 3.24903276634e-17
vn -1.26380531395e-18 1.00000000000 3.24903276634e-17
vn -1.26380531395e-18 1.00000000000 3.24903276634e-17
vn -1.26380531395e-18 1.00000000000 3.24903276634e-17
vn -1.26380531395e-18 1.00000000000 3.24903276634e-17
vn -1.26380531395e-18 1.00000000000 3.24903276634e-17
vn -1.26380531395e-18 1.00000000000 3.24903276634e-17
vn -1.26380531395e-18 1.00000000000 3.24903276634e-17
vn -1.26380531395e-18 1.00000000000 3.24903276634e-17
vn -1.26380531395e-18 1.00000000000 3.24903276634e-17
vn -1.26380531395e-18 1.00000000000 3.24903276634e-17
vn -1.26380531395e-18 1.00000000000 3.24903276634e-17
vn -1.26380531395e-18 1.00000000000 3.24903276634e-17
vn -1.26380531395e-18 1.00000000000 3.24903276634e-17
vn -1.26380531395e-18 1.00000000000 3.24903276634e-17
vn -1.26380531395e-18 1.00000000000 3.24903276634e-17
vn -1.26380531395e-18 1.00000000000 3.24903276634e-17
vn -1.26380531395e-18 1.00000000000 3.24903276634e-17
vn -1.26380531395e-18 1.00000000000 3.24903276634e-17
vn -1.26380531395e-18 1.00000000000 3.24903276634e-17
vn -1.26380531395e-18 1.00000000000 3.24903276634e-17
vn -1.26380531395e-18 1.00000000000 3.24903276634e-17
vn -1.26380531395e-18 1.00000000000 3.24903276634e-17
vn -1.26380531395e-18 1.00000000000 3.24903276634e-17
vn -1.26380531395e-18 1.00000000000 3.24903276634e-17
vn -1.26380531395e-18 1.00000000000 3.24903276634e-17
vn -1.26380531395e-18 1.00000000000 3.24903276634e-17
vn -1.26380531395e-18 1.00000000000 3.24903276634e-17
vn -1.26380531395e-18 1.00000000000 3.24903276634e-17
vn -1.26380531395e-18 1.00000000000 3.24903276634e-17
vn -1.26380531395e-18 1.00000000000 3.24903276634e-17
vn -1.26380531395e-18 1.00000000000 3.24903276634e-17
vn -1.26380531395e-18 1.00000000000 3.24903276634e-17
vn -1.26380531395e-18 1.00000000000 3.24903276634e-17
vn -1.26380531395e-18 1.00000000000 3.24903276634e-17
vn -1.26380531395e-18 1.00000000000 3.24903276634e-17
vn -1.26380531395e-18 1.00000000000 3.24903276634e-17
vn -1.26380531395e-18 1.00000000000 3.24903276634e-17
vn -1.26380531395e-18 1.00000000000 3.24903276634e-17
vn -1.26380531395e-18 1.00000000000 3.24903276634e-17
vn -1.26380531395e-18 1.00000000000 3.24903276634e-17
vn -1.26380531395e-18 1.00000000000 3.24903276634e-17
vn -1.26380531395e-18 1.00000000000 3.24903276634e-17
vn -1.26380531395e-18 1.00000000000 3.24903276634e-17
vn -1.26380531395e-18 1.00000000000 3.24903276634e-17
vn -1.26380531395e-18 1.00000000000 3.24903276634e-17
vn -1.26380531395e-18 1.00000000000 3.24903276634e-17
vn -1.26380531395e-18 1.00000000000 3.24903276634e-17
vn -1.26380531395e-18 1.00000000000 3.24903276634e-17
vn -1.26380531395e-18 1.00000000000 3.24903276634e-17
vn -1.26380531395e-18 1.00000000000 3.24903276634e-17
vn -1.26380531395e-18 1.00000000000 3.24903276634e-17
vn -1.26380531395e-18 1.00000000000 3.24903276634e-17
vn -1.26380531395e-18 1.00000000000 3.24903276634e-17
vn -1.26380531395e-18 1.00000000000 3.24903276634e-17
vn 1.31264195392e-18 -1.00000000000 -1.08292955511e-17
vn 1.31264195392e-18 -1.00000000000 -1.08292955511e-17
vn 1.31264195392e-18 -1.00000000000 -1.08292955511e-17
vn 1.31264195392e-18 -1.00000000000 -1.08292955511e-17
vn 1.31264195392e-18 -1.00000000000 -1.08292955511e-17
vn 1.31264195392e-18 -1.00000000000 -1.08292955511e-17
vn 1.31264195392e-18 -1.00000000000 -1.08292955511e-17
vn 1.31264195392e-18 -1.00000000000 -1.08292955511e-17
vn 1.31264195392e-18 -1.00000000000 -1.08292955511e-17
vn 1.31264195392e-18 -1.00000000000 -1.08292955511e-17
vn 1.31264195392e-18 -1.00000000000 -1.08292955511e-17
vn 1.31264195392e-18 -1.00000000000 -1.08292955511e-17
vn 1.31264195392e-18 -1.00000000000 -1.08292955511e-17
vn 1.31264195392e-18 -1.00000000000 -1.08292955511e-17
vn 1.31264195392e-18 -1.00000000000 -1.08292955511e-17
vn 1.31264195392e-18 -1.00000000000 -1.08292955511e-17
vn 1.31264195392e-18 -1.00000000000 -1.08292955511e-17
vn -0.977946919452 0.145669889804 -0.149666649385
vn -0.991111052953 -0.128484235878 -0.0345062580704
vn -0.977946919452 0.145669889804 -0.149666649385
vn -0.991111052953 -0.128484235878 -0.0345062580704
vn -0.835690548654 0.109688332946 -0.538135462970
vn -0.871052495096 -0.176696567005 -0.458307619396
vn -0.835690548654 0.109688332946 -0.538135462970
vn -0.871052495096 -0.176696567005 -0.458307619396
vn -0.552901035540 0.109267079517 -0.826051542116
vn -0.445198156321 -0.178016323003 -0.877558425606
vn -0.552901035540 0.109267079517 -0.826051542116
vn -0.445198156321 -0.178016323003 -0.877558425606
vn -0.149720278216 0.164497670054 -0.974948385730
vn -0.0221973111899 -0.155022229854 -0.987661575453
vn -0.149720278216 0.164497670054 -0.974948385730
vn -0.0221973111899 -0.155022229854 -0.987661575453
vn 0.149666649385 0.145669889804 -0.977946919452
vn 0.0345062580704 -0.128484235878 -0.991111052953
vn 0.149666649385 0.145669889804 -0.977946919452
vn 0.0345062580704 -0.128484235878 -0.991111052953
vn 0.538135462970 0.109688332946 -0.835690548654
vn 0.458307619396 -0.176696567005 -0.871052495096
vn 0.538135462970 0.109688332946 -0.835690548654
vn 0.458307619396 -0.176696567005 -0.871052495096
vn 0.826051542116 0.109267079517 -0.552901035540
vn 0.877558425606 -0.178016323003 -0.445198156321
vn 0.826051542116 0.109267079517 -0.552901035540
vn 0.877558425606 -0.178016323003 -0.445198156321
vn 0.974948385730 0.164497670054 -0.149720278216
vn 0.987661575453 -0.155022229854 -0.0221973111899
vn 0.974948385730 0.164497670054 -0.149720278216
vn 0.987661575453 -0.155022229854 -0.0221973111899
vn 0.977946919452 0.145669889804 0.149666649385
vn 0.991111052953 -0.128484235878 0.0345062580704
vn 0.977946919452 0.145669889804 0.149666649385
vn 0.991111052953 -0.128484235878 0.0345062580704
vn 0.835690548654 0.109688332946 0.538135462970
vn 0.871052495096 -0.176696567005 0.458307619396
vn 0.835690548654 0.109688332946 0.538135462970
vn 0.871052495096 -0.176696567005 0.458307619396
vn 0.552901035540 0.109267079517 0.826051542116
vn 0.445198156321 -0.178016323003 0.877558425606
vn 0.552901035540 0.109267079517 0.826051542116
vn 0.445198156321 -0.178016323003 0.877558425606
vn 0.149720278216 0.164497670054 0.974948385730
vn 0.0221973111899 -0.155022229854 0.987661575453
vn 0.149720278216 0.164497670054 0.974948385730
vn 0.0221973111899 -0.155022229854 0.987661575453
vn -0.149666649385 0.145669889804 0.977946919452
vn -0.0345062580704 -0.128484235878 0.991111052953
vn -0.149666649385 0.145669889804 0.977946919452
vn -0.0345062580704 -0.128484235878 0.991111052953
vn -0.538135462970 0.109688332946 0.835690548654
vn -0.458307619396 -0.176696567005 0.871052495096
vn -0.538135462970 0.109688332946 0.835690548654
vn -0.458307619396 -0.176696567005 0.871052495096
vn -0.826051542116 0.109267079517 0.552901035540
vn -0.877558425606 -0.178016323003 0.445198156321
vn -0.826051542116 0.109267079517 0.552901035540
vn -0.877558425606 -0.178016323003 0.445198156321
vn -0.974948385730 0.164497670054 0.149720278216
vn -0.987661575453 -0.155022229854 0.0221973111899
vn -0.974948385730 0.164497670054 0.149720278216
vn -0.987661575453 -0.155022229854 0.0221973111899
f 1953/1953/1953 1954/1954/1954 1955/1955/1955
f 1955/1955/1955 1954/1954/1954 1956/1956/1956
f 1955/1955/1955 1956/1956/1956 1957/1957/1957
f 1957/1957/1957 1956/1956/1956 1958/1958/1958
f 1957/1957/1957 1958/1958/1958 1959/1959/1959
f 1959/1959/1959 1958/1958/1958 1960/1960/1960
f 1959/1959/1959 1960/1960/1960 1961/1961/1961
f 1961/1961/1961 1960/1960/1960 1962/1962/1962
f 1961/1961/1961 1962/1962/1962 1963/1963/1963
f 1963/1963/1963 1962/1962/1962 1964/1964/1964
f 1963/1963/1963 1964/1964/1964 1965/1965/1965
f 1965/1965/1965 1964/1964/1964 1966/1966/1966
f 1965/1965/1965 1966/1966/1966 1967/1967/1967
f 1967/1967/1967 1966/1966/1966 1968/1968/1968
f 1967/1967/1967 1968/1968/1968 1969/1969/1969
f 1969/1969/1969 1968/1968/1968 1970/1970/1970
f 1969/1969/1969 1970/1970/1970 1971/1971/1971
f 1971/1971/1971 1970/1970/1970 1972/1972/1972
f 1971/1971/1971 1972/1972/1972 1973/1973/1973
f 1973/1973/1973 1972/1972/1972 1974/1974/1974
f 1973/1973/1973 1974/1974/1974 1975/1975/1975
f 1975/1975/1975 1974/1974/1974 1976/1976/1976
f 1975/1975/1975 1976/1976/1976 1977/1977/1977
f 1977/1977/1977 1976/1976/1976 1978/1978/1978
f 1977/1977/1977 1978/1978/1978 1979/1979/1979
f 1979/1979/1979 1978/1978/1978 1980/1980/1980
f 1979/1979/1979 1980/1980/1980 1981/1981/1981
f 1981/1981/1981 1980/1980/1980 1982/1982/1982
f 1981/1981/1981 1982/1982/1982 1983/1983/1983
f 1983/1983/1983 1982/1982/1982 1984/1984/1984
f 1983/1983/1983 1984/1984/1984 1953/1953/1953
f 1953/1953/1953 1984/1984/1984 1954/1954/1954
f 1985/1985/1985 1986/1986/1986 1987/1987/1987
f 1987/1987/1987 1986/1986/1986 1988/1988/1988
f 1989/1989/1989 1990/1990/1990 1991/1991/1991
f 1991/1991/1991 1990/1990/1990 1992/1992/1992
f 1993/1993/1993 1994/1994/1994 1995/1995/1995
f 1995/1995/1995 1994/1994/1994 1996/1996/1996
f 1997/1997/1997 1998/1998/1998 1999/1999/1999
f 1999/1999/1999 1998/1998/1998 2000/2000/2000
f 2001/2001/2001 2002/2002/2002 2003/2003/2003
f 2003/2003/2003 2002/2002/2002 2004/2004/2004
f 2005/2005/2005 2006/2006/2006 2007/2007/2007
f 2007/2007/2007 2006/2006/2006 2008/2008/2008
f 2009/2009/2009 2010/2010/2010 2011/2011/2011
f 2011/2011/2011 2010/2010/2010 2012/2012/2012
f 2013/2013/2013 2014/2014/2014 2015/2015/2015
f 2015/2015/2015 2014/2014/2014 2016/2016/2016
f 2017/2017/2017 2018/2018/2018 2019/2019/2019
f 2019/2019/2019 2018/2018/2018 2020/2020/2020
f 2021/2021/2021 2022/2022/2022 2023/2023/2023
f 2023/2023/2023 2022/2022/2022 2024/2024/2024
f 2025/2025/2025 2026/2026/2026 2027/2027/2027
f 2027/2027/2027 2026/2026/2026 2028/2028/2028
f 2029/2029/2029 2030/2030/2030 2031/2031/2031
f 2031/2031/2031 2030/2030/2030 2032/2032/2032
f 2033/2033/2033 2034/2034/2034 2035/2035/2035
f 2035/2035/2035 2034/2034/2034 2036/2036/2036
f 2037/2037/2037 2038/2038/2038 2039/2039/2039
f 2039/2039/2039 2038/2038/2038 2040/2040/2040
f 2041/2041/2041 2042/2042/2042 2043/2043/2043
f 2043/2043/2043 2042/2042/2042 2044/2044/2044
f 2045/2045/2045 2046/2046/2046 2047/2047/2047
f 2047/2047/2047 2046/2046/2046 2048/2048/2048
f 2049/2049/2049 2050/2050/2050 2051/2051/2051
f 2051/2051/2051 2050/2050/2050 2052/2052/2052
f 2053/2053/2053 2054/2054/2054 2055/2055/2055
f 2055/2055/2055 2054/2054/2054 2056/2056/2056
f 2057/2057/2057 2058/2058/2058 2059/2059/2059
f 2059/2059/2059 2058/2058/2058 2060/2060/2060
f 2061/2061/2061 2062/2062/2062 2063/2063/2063
f 2063/2063/2063 2062/2062/2062 2064/2064/2064
f 2065/2065/2065 2066/2066/2066 2067/2067/2067
f 2067/2067/2067 2066/2066/2066 2068/2068/2068
f 2069/2069/2069 2070/2070/2070 2071/2071/2071
f 2071/2071/2071 2070/2070/2070 2072/2072/2072
f 2073/2073/2073 2074/2074/2074 2075/2075/2075
f 2075/2075/2075 2074/2074/2074 2076/2076/2076
f 2077/2077/2077 2078/2078/2078 2079/2079/2079
f 2079/2079/2079 2078/2078/2078 2080/2080/2080
f 2081/2081/2081 2082/2082/2082 2083/2083/2083
f 2083/2083/2083 2082/2082/2082 2084/2084/2084
f 2085/2085/2085 2086/2086/2086 2087/2087/2087
f 2087/2087/2087 2086/2086/2086 2088/2088/2088
f 2089/2089/2089 2090/2090/2090 2091/2091/2091
f 2091/2091/2091 2090/2090/2090 2092/2092/2092
f 2093/2093/2093 2094/2094/2094 2095/2095/2095
f 2095/2095/2095 2094/2094/2094 2096/2096/2096
f 2097/2097/2097 2098/2098/2098 2099/2099/2099
f 2099/2099/2099 2098/2098/2098 2100/2100/2100
f 2101/2101/2101 2102/2102/2102 2103/2103/2103
f 2103/2103/2103 2102/2102/2102 2104/2104/2104
f 2105/2105/2105 2106/2106/2106 2107/2107/2107
f 2107/2107/2107 2106/2106/2106 2108/2108/2108
f 2109/2109/2109 2110/2110/2110 2111/2111/2111
f 2111/2111/2111 2110/2110/2110 2112/2112/2112
f 2113/2113/2113 2114/2114/2114 2115/2115/2115
f 2115/2115/2115 2114/2114/2114 2116/2116/2116
f 2117/2117/2117 2118/2118/2118 2119/2119/2119
f 2119/2119/2119 2118/2118/2118 2120/2120/2120
f 2121/2121/2121 2122/2122/2122 2123/2123/2123
f 2123/2123/2123 2122/2122/2122 2124/2124/2124
f 2125/2125/2125 2126/2126/2126 2127/2127/2127
f 2127/2127/2127 2126/2126/2126 2128/2128/2128
f 2127/2127/2127 2128/2128/2128 2129/2129/2129
f 2129/2129/2129 2128/2128/2128 2130/2130/2130
f 2131/2131/2131 2132/2132/2132 2133/2133/2133
f 2133/2133/2133 2132/2132/2132 2134/2134/2134
f 2135/2135/2135 2136/2136/2136 2137/2137/2137
f 2137/2137/2137 2136/2136/2136 2138/2138/2138
f 2139/2139/2139 2140/2140/2140 2141/2141/2141
f 2141/2141/2141 2140/2140/2140 2142/2142/2142
f 2141/2141/2141 2142/2142/2142 2143/2143/2143
f 2143/2143/2143 2142/2142/2142 2144/2144/2144
f 2145/2145/2145 2146/2146/2146 2147/2147/2147
f 2147/2147/2147 2146/2146/2146 2148/2148/2148
f 2149/2149/2149 2150/2150/2150 2151/2151/2151
f 2151/2151/2151 2150/2150/2150 2152/2152/2152
f 2153/2153/2153 2154/2154/2154 2155/2155/2155
f 2155/2155/2155 2154/2154/2154 2156/2156/2156
f 2155/2155/2155 2156/2156/2156 2157/2157/2157
f 2157/2157/2157 2156/2156/2156 2158/2158/2158
f 2159/2159/2159 2160/2160/2160 2161/2161/2161
f 2161/2161/2161 2160/2160/2160 2162/2162/2162
f 2163/2163/2163 2164/2164/2164 2165/2165/2165
f 2165/2165/2165 2164/2164/2164 2166/2166/2166
f 2167/2167/2167 2168/2168/2168 2113/2113/2113
f 2113/2113/2113 2168/2168/2168 2114/2114/2114
f 2169/2169/2169 2170/2170/2170 2171/2171/2171
f 2171/2171/2171 2170/2170/2170 2172/2172/2172
f 2173/2173/2173 2174/2174/2174 2175/2175/2175
f 2175/2175/2175 2174/2174/2174 2176/2176/2176
f 2177/2177/2177 2178/2178/2178 2179/2179/2179
f 2179/2179/2179 2178/2178/2178 2180/2180/2180
f 2181/2181/2181 2182/2182/2182 2183/2183/2183
f 2183/2183/2183 2182/2182/2182 2184/2184/2184
f 2183/2183/2183 2184/2184/2184 2185/2185/2185
f 2185/2185/2185 2184/2184/2184 2186/2186/2186
f 2187/2187/2187 2188/2188/2188 2189/2189/2189
f 2189/2189/2189 2188/2188/2188 2190/2190/2190
f 2191/2191/2191 2192/2192/2192 2193/2193/2193
f 2193/2193/2193 2192/2192/2192 2194/2194/2194
f 2195/2195/2195 2196/2196/2196 2197/2197/2197
f 2197/2197/2197 2196/2196/2196 2198/2198/2198
f 2197/2197/2197 2198/2198/2198 2199/2199/2199
f 2199/2199/2199 2198/2198/2198 2200/2200/2200
f 2201/2201/2201 2202/2202/2202 2203/2203/2203
f 2203/2203/2203 2202/2202/2202 2204/2204/2204
f 2205/2205/2205 2206/2206/2206 2207/2207/2207
f 2207/2207/2207 2206/2206/2206 2208/2208/2208
f 2209/2209/2209 2210/2210/2210 2211/2211/2211
f 2211/2211/2211 2210/2210/2210 2212/2212/2212
f 2211/2211/2211 2212/2212/2212 2213/2213/2213
f 2213/2213/2213 2212/2212/2212 2214/2214/2214
f 2215/2215/2215 2216/2216/2216 2217/2217/2217
f 2217/2217/2217 2216/2216/2216 2218/2218/2218
f 2219/2219/2219 2220/2220/2220 2221/2221/2221
f 2221/2221/2221 2220/2220/2220 2222/2222/2222
f 2223/2223/2223 2224/2224/2224 2169/2169/2169
f 2169/2169/2169 2224/2224/2224 2170/2170/2170
f 2225/2225/2225 2226/2226/2226 2227/2227/2227
f 2227/2227/2227 2226/2226/2226 2228/2228/2228
f 2229/2229/2229 2230/2230/2230 2231/2231/2231
f 2231/2231/2231 2230/2230/2230 2232/2232/2232
f 2233/2233/2233 2234/2234/2234 2235/2235/2235
f 2235/2235/2235 2234/2234/2234 2236/2236/2236
f 2237/2237/2237 2238/2238/2238 2239/2239/2239
f 2239/2239/2239 2238/2238/2238 2240/2240/2240
f 2239/2239/2239 2240/2240/2240 2241/2241/2241
f 2241/2241/2241 2240/2240/2240 2242/2242/2242
f 2243/2243/2243 2244/2244/2244 2245/2245/2245
f 2245/2245/2245 2244/2244/2244 2246/2246/2246
f 2247/2247/2247 2248/2248/2248 2249/2249/2249
f 2249/2249/2249 2248/2248/2248 2250/2250/2250
f 2251/2251/2251 2252/2252/2252 2253/2253/2253
f 2253/2253/2253 2252/2252/2252 2254/2254/2254
f 2253/2253/2253 2254/2254/2254 2255/2255/2255
f 2255/2255/2255 2254/2254/2254 2256/2256/2256
f 2257/2257/2257 2258/2258/2258 2259/2259/2259
f 2259/2259/2259 2258/2258/2258 2260/2260/2260
f 2261/2261/2261 2262/2262/2262 2263/2263/2263
f 2263/2263/2263 2262/2262/2262 2264/2264/2264
f 2265/2265/2265 2266/2266/2266 2267/2267/2267
f 2267/2267/2267 2266/2266/2266 2268/2268/2268
f 2267/2267/2267 2268/2268/2268 2269/2269/2269
f 2269/2269/2269 2268/2268/2268 2270/2270/2270
f 2271/2271/2271 2272/2272/2272 2273/2273/2273
f 2273/2273/2273 2272/2272/2272 2274/2274/2274
f 2275/2275/2275 2276/2276/2276 2277/2277/2277
f 2277/2277/2277 2276/2276/2276 2278/2278/2278
f 2279/2279/2279 2280/2280/2280 2225/2225/2225
f 2225/2225/2225 2280/2280/2280 2226/2226/2226
f 2226/2226/2226 2281/2281/2281 2228/2228/2228
f 2228/2228/2228 2281/2281/2281 2282/2282/2282
f 2230/2230/2230 2283/2283/2283 2232/2232/2232
f 2232/2232/2232 2283/2283/2283 2284/2284/2284
f 2234/2234/2234 2284/2284/2284 2236/2236/2236
f 2236/2236/2236 2284/2284/2284 2285/2285/2285
f 2238/2238/2238 2286/2286/2286 2240/2240/2240
f 2240/2240/2240 2286/2286/2286 2287/2287/2287
f 2240/2240/2240 2287/2287/2287 2242/2242/2242
f 2242/2242/2242 2287/2287/2287 2288/2288/2288
f 2244/2244/2244 2289/2289/2289 2246/2246/2246
f 2246/2246/2246 2289/2289/2289 2290/2290/2290
f 2248/2248/2248 2290/2290/2290 2250/2250/2250
f 2250/2250/2250 2290/2290/2290 2291/2291/2291
f 2252/2252/2252 2292/2292/2292 2254/2254/2254
f 2254/2254/2254 2292/2292/2292 2293/2293/2293
f 2254/2254/2254 2293/2293/2293 2256/2256/2256
f 2256/2256/2256 2293/2293/2293 2294/2294/2294
f 2258/2258/2258 2295/2295/2295 2260/2260/2260
f 2260/2260/2260 2295/2295/2295 2296/2296/2296
f 2262/2262/2262 2296/2296/2296 2264/2264/2264
f 2264/2264/2264 2296/2296/2296 2297/2297/2297
f 2266/2266/2266 2298/2298/2298 2268/2268/2268
f 2268/2268/2268 2298/2298/2298 2299/2299/2299
f 2268/2268/2268 2299/2299/2299 2270/2270/2270
f 2270/2270/2270 2299/2299/2299 2300/2300/2300
f 2272/2272/2272 2301/2301/2301 2274/2274/2274
f 2274/2274/2274 2301/2301/2301 2302/2302/2302
f 2276/2276/2276 2302/2302/2302 2278/2278/2278
f 2278/2278/2278 2302/2302/2302 2303/2303/2303
f 2280/2280/2280 2304/2304/2304 2226/2226/2226
f 2226/2226/2226 2304/2304/2304 2281/2281/2281
f 2281/2281/2281 2305/2305/2305 2282/2282/2282
f 2282/2282/2282 2305/2305/2305 2306/2306/2306
f 2283/2283/2283 2307/2307/2307 2284/2284/2284
f 2284/2284/2284 2307/2307/2307 2308/2308/2308
f 2284/2284/2284 2308/2308/2308 2285/2285/2285
f 2285/2285/2285 2308/2308/2308 2309/2309/2309
f 2286/2286/2286 2310/2310/2310 2287/2287/2287
f 2287/2287/2287 2310/2310/2310 2311/2311/2311
f 2287/2287/2287 2312/2312/2312 2288/2288/2288
f 2288/2288/2288 2312/2312/2312 2313/2313/2313
f 2289/2289/2289 2314/2314/2314 2290/2290/2290
f 2290/2290/2290 2314/2314/2314 2315/2315/2315
f 2290/2290/2290 2315/2315/2315 2291/2291/2291
f 2291/2291/2291 2315/2315/2315 2316/2316/2316
f 2292/2292/2292 2317/2317/2317 2293/2293/2293
f 2293/2293/2293 2317/2317/2317 2318/2318/2318
f 2293/2293/2293 2319/2319/2319 2294/2294/2294
f 2294/2294/2294 2319/2319/2319 2320/2320/2320
f 2295/2295/2295 2321/2321/2321 2296/2296/2296
f 2296/2296/2296 2321/2321/2321 2322/2322/2322
f 2296/2296/2296 2322/2322/2322 2297/2297/2297
f 2297/2297/2297 2322/2322/2322 2323/2323/2323
f 2298/2298/2298 2324/2324/2324 2299/2299/2299
f 2299/2299/2299 2324/2324/2324 2325/2325/2325
f 2299/2299/2299 2326/2326/2326 2300/2300/2300
f 2300/2300/2300 2326/2326/2326 2327/2327/2327
f 2301/2301/2301 2328/2328/2328 2302/2302/2302
f 2302/2302/2302 2328/2328/2328 2329/2329/2329
f 2302/2302/2302 2329/2329/2329 2303/2303/2303
f 2303/2303/2303 2329/2329/2329 2330/2330/2330
f 2304/2304/2304 2331/2331/2331 2281/2281/2281
f 2281/2281/2281 2331/2331/2331 2332/2332/2332
f 2305/2305/2305 2333/2333/2333 2306/2306/2306
f 2306/2306/2306 2333/2333/2333 2334/2334/2334
f 2307/2307/2307 2335/2335/2335 2308/2308/2308
f 2308/2308/2308 2335/2335/2335 2336/2336/2336
f 2308/2308/2308 2336/2336/2336 2309/2309/2309
f 2309/2309/2309 2336/2336/2336 2337/2337/2337
f 2310/2310/2310 2338/2338/2338 2311/2311/2311
f 2311/2311/2311 2338/2338/2338 2339/2339/2339
f 2312/2312/2312 2340/2340/2340 2313/2313/2313
f 2313/2313/2313 2340/2340/2340 2341/2341/2341
f 2314/2314/2314 2342/2342/2342 2315/2315/2315
f 2315/2315/2315 2342/2342/2342 2343/2343/2343
f 2315/2315/2315 2343/2343/2343 2316/2316/2316
f 2316/2316/2316 2343/2343/2343 2344/2344/2344
f 2317/2317/2317 2345/2345/2345 2318/2318/2318
f 2318/2318/2318 2345/2345/2345 2346/2346/2346
f 2319/2319/2319 2347/2347/2347 2320/2320/2320
f 2320/2320/2320 2347/2347/2347 2348/2348/2348
f 2321/2321/2321 2349/2349/2349 2322/2322/2322
f 2322/2322/2322 2349/2349/2349 2350/2350/2350
f 2322/2322/2322 2350/2350/2350 2323/2323/2323
f 2323/2323/2323 2350/2350/2350 2351/2351/2351
f 2324/2324/2324 2352/2352/2352 2325/2325/2325
f 2325/2325/2325 2352/2352/2352 2353/2353/2353
f 2326/2326/2326 2354/2354/2354 2327/2327/2327
f 2327/2327/2327 2354/2354/2354 2355/2355/2355
f 2328/2328/2328 2356/2356/2356 2329/2329/2329
f 2329/2329/2329 2356/2356/2356 2357/2357/2357
f 2329/2329/2329 2357/2357/2357 2330/2330/2330
f 2330/2330/2330 2357/2357/2357 2358/2358/2358
f 2331/2331/2331 2359/2359/2359 2332/2332/2332
f 2332/2332/2332 2359/2359/2359 2360/2360/2360
f 2333/2333/2333 2361/2361/2361 2334/2334/2334
f 2334/2334/2334 2361/2361/2361 2362/2362/2362
f 2335/2335/2335 2363/2363/2363 2336/2336/2336
f 2336/2336/2336 2363/2363/2363 2364/2364/2364
f 2336/2336/2336 2364/2364/2364 2337/2337/2337
f 2337/2337/2337 2364/2364/2364 2365/2365/2365
f 2338/2338/2338 2366/2366/2366 2339/2339/2339
f 2339/2339/2339 2366/2366/2366 2367/2367/2367
f 2340/2340/2340 2368/2368/2368 2341/2341/2341
f 2341/2341/2341 2368/2368/2368 2369/2369/2369
f 2342/2342/2342 2370/2370/2370 2343/2343/2343
f 2343/2343/2343 2370/2370/2370 2371/2371/2371
f 2343/2343/2343 2371/2371/2371 2344/2344/2344
f 2344/2344/2344 2371/2371/2371 2372/2372/2372
f 2345/2345/2345 2373/2373/2373 2346/2346/2346
f 2346/2346/2346 2373/2373/2373 2374/2374/2374
f 2347/2347/2347 2375/2375/2375 2348/2348/2348
f 2348/2348/2348 2375/2375/2375 2376/2376/2376
f 2349/2349/2349 2377/2377/2377 2350/2350/2350
f 2350/2350/2350 2377/2377/2377 2378/2378/2378
f 2350/2350/2350 2378/2378/2378 2351/2351/2351
f 2351/2351/2351 2378/2378/2378 2379/2379/2379
f 2352/2352/2352 2380/2380/2380 2353/2353/2353
f 2353/2353/2353 2380/2380/2380 2381/2381/2381
f 2354/2354/2354 2382/2382/2382 2355/2355/2355
f 2355/2355/2355 2382/2382/2382 2383/2383/2383
f 2356/2356/2356 2384/2384/2384 2357/2357/2357
f 2357/2357/2357 2384/2384/2384 2385/2385/2385
f 2357/2357/2357 2385/2385/2385 2358/2358/2358
f 2358/2358/2358 2385/2385/2385 2386/2386/2386
f 2359/2359/2359 2387/2387/2387 2360/2360/2360
f 2360/2360/2360 2387/2387/2387 2388/2388/2388
f 2389/2389/2389 2390/2390/2390 2391/2391/2391
f 2391/2391/2391 2390/2390/2390 2392/2392/2392
f 2393/2393/2393 2394/2394/2394 2364/2364/2364
f 2364/2364/2364 2394/2394/2394 2395/2395/2395
f 2364/2364/2364 2395/2395/2395 2396/2396/2396
f 2396/2396/2396 2395/2395/2395 2397/2397/2397
f 2398/2398/2398 2399/2399/2399 2400/2400/2400
f 2400/2400/2400 2399/2399/2399 2401/2401/2401
f 2402/2402/2402 2403/2403/2403 2404/2404/2404
f 2404/2404/2404 2403/2403/2403 2405/2405/2405
f 2406/2406/2406 2407/2407/2407 2371/2371/2371
f 2371/2371/2371 2407/2407/2407 2408/2408/2408
f 2371/2371/2371 2408/2408/2408 2409/2409/2409
f 2409/2409/2409 2408/2408/2408 2410/2410/2410
f 2411/2411/2411 2412/2412/2412 2413/2413/2413
f 2413/2413/2413 2412/2412/2412 2414/2414/2414
f 2415/2415/2415 2416/2416/2416 2417/2417/2417
f 2417/2417/2417 2416/2416/2416 2418/2418/2418
f 2419/2419/2419 2420/2420/2420 2378/2378/2378
f 2378/2378/2378 2420/2420/2420 2421/2421/2421
f 2378/2378/2378 2421/2421/2421 2422/2422/2422
f 2422/2422/2422 2421/2421/2421 2423/2423/2423
f 2424/2424/2424 2425/2425/2425 2426/2426/2426
f 2426/2426/2426 2425/2425/2425 2427/2427/2427
f 2428/2428/2428 2429/2429/2429 2430/2430/2430
f 2430/2430/2430 2429/2429/2429 2431/2431/2431
f 2432/2432/2432 2433/2433/2433 2385/2385/2385
f 2385/2385/2385 2433/2433/2433 2434/2434/2434
f 2385/2385/2385 2434/2434/2434 2435/2435/2435
f 2435/2435/2435 2434/2434/2434 2436/2436/2436
f 2437/2437/2437 2438/2438/2438 2439/2439/2439
f 2439/2439/2439 2438/2438/2438 2440/2440/2440
f 2441/2441/2441 2442/2442/2442 2443/2443/2443
f 2443/2443/2443 2442/2442/2442 2444/2444/2444
f 2443/2443/2443 2444/2444/2444 2445/2445/2445
f 2445/2445/2445 2444/2444/2444 2446/2446/2446
f 2445/2445/2445 2446/2446/2446 2447/2447/2447
f 2447/2447/2447 2446/2446/2446 2448/2448/2448
f 2447/2447/2447 2448/2448/2448 2449/2449/2449
f 2449/2449/2449 2448/2448/2448 2450/2450/2450
f 2449/2449/2449 2450/2450/2450 2451/2451/2451
f 2451/2451/2451 2450/2450/2450 2452/2452/2452
f 2451/2451/2451 2452/2452/2452 2453/2453/2453
f 2453/2453/2453 2452/2452/2452 2454/2454/2454
f 2453/2453/2453 2454/2454/2454 2455/2455/2455
f 2455/2455/2455 2454/2454/2454 2456/2456/2456
f 2455/2455/2455 2456/2456/2456 2457/2457/2457
f 2457/2457/2457 2456/2456/2456 2458/2458/2458
f 2457/2457/2457 2458/2458/2458 2459/2459/2459
f 2459/2459/2459 2458/2458/2458 2460/2460/2460
f 2459/2459/2459 2460/2460/2460 2461/2461/2461
f 2461/2461/2461 2460/2460/2460 2462/2462/2462
f 2461/2461/2461 2462/2462/2462 2463/2463/2463
f 2463/2463/2463 2462/2462/2462 2464/2464/2464
f 2463/2463/2463 2464/2464/2464 2465/2465/2465
f 2465/2465/2465 2464/2464/2464 2466/2466/2466
f 2465/2465/2465 2466/2466/2466 2467/2467/2467
f 2467/2467/2467 2466/2466/2466 2468/2468/2468
f 2467/2467/2467 2468/2468/2468 2469/2469/2469
f 2469/2469/2469 2468/2468/2468 2470/2470/2470
f 2469/2469/2469 2470/2470/2470 2471/2471/2471
f 2471/2471/2471 2470/2470/2470 2472/2472/2472
f 2471/2471/2471 2472/2472/2472 2441/2441/2441
f 2441/2441/2441 2472/2472/2472 2442/2442/2442
f 2473/2473/2473 2474/2474/2474 2475/2475/2475
f 2475/2475/2475 2474/2474/2474 2476/2476/2476
f 2477/2477/2477 2478/2478/2478 2479/2479/2479
f 2479/2479/2479 2478/2478/2478 2480/2480/2480
f 2479/2479/2479 2481/2481/2481 2482/2482/2482
f 2482/2482/2482 2481/2481/2481 2483/2483/2483
f 2484/2484/2484 2485/2485/2485 2486/2486/2486
f 2486/2486/2486 2485/2485/2485 2487/2487/2487
f 2486/2486/2486 2487/2487/2487 2488/2488/2488
f 2488/2488/2488 2487/2487/2487 2489/2489/2489
f 2490/2490/2490 2491/2491/2491 2492/2492/2492
f 2492/2492/2492 2491/2491/2491 2493/2493/2493
f 2492/2492/2492 2494/2494/2494 2495/2495/2495
f 2495/2495/2495 2494/2494/2494 2496/2496/2496
f 2497/2497/2497 2498/2498/2498 2499/2499/2499
f 2499/2499/2499 2498/2498/2498 2500/2500/2500
f 2499/2499/2499 2500/2500/2500 2501/2501/2501
f 2501/2501/2501 2500/2500/2500 2502/2502/2502
f 2503/2503/2503 2504/2504/2504 2505/2505/2505
f 2505/2505/2505 2504/2504/2504 2506/2506/2506
f 2505/2505/2505 2507/2507/2507 2508/2508/2508
f 2508/2508/2508 2507/2507/2507 2509/2509/2509
f 2510/2510/2510 2511/2511/2511 2512/2512/2512
f 2512/2512/2512 2511/2511/2511 2513/2513/2513
f 2512/2512/2512 2513/2513/2513 2514/2514/2514
f 2514/2514/2514 2513/2513/2513 2515/2515/2515
f 2516/2516/2516 2517/2517/2517 2518/2518/2518
f 2518/2518/2518 2517/2517/2517 2519/2519/2519
f 2518/2518/2518 2520/2520/2520 2521/2521/2521
f 2521/2521/2521 2520/2520/2520 2522/2522/2522
f 2523/2523/2523 2524/2524/2524 2473/2473/2473
f 2473/2473/2473 2524/2524/2524 2474/2474/2474
f 2474/2474/2474 2525/2525/2525 2476/2476/2476
f 2476/2476/2476 2525/2525/2525 2526/2526/2526
f 2478/2478/2478 2527/2527/2527 2480/2480/2480
f 2480/2480/2480 2527/2527/2527 2528/2528/2528
f 2481/2481/2481 2529/2529/2529 2483/2483/2483
f 2483/2483/2483 2529/2529/2529 2530/2530/2530
f 2485/2485/2485 2531/2531/2531 2487/2487/2487
f 2487/2487/2487 2531/2531/2531 2532/2532/2532
f 2487/2487/2487 2532/2532/2532 2489/2489/2489
f 2489/2489/2489 2532/2532/2532 2533/2533/2533
f 2491/2491/2491 2534/2534/2534 2493/2493/2493
f 2493/2493/2493 2534/2534/2534 2535/2535/2535
f 2494/2494/2494 2536/2536/2536 2496/2496/2496
f 2496/2496/2496 2536/2536/2536 2537/2537/2537
f 2498/2498/2498 2538/2538/2538 2500/2500/2500
f 2500/2500/2500 2538/2538/2538 2539/2539/2539
f 2500/2500/2500 2539/2539/2539 2502/2502/2502
f 2502/2502/2502 2539/2539/2539 2540/2540/2540
f 2504/2504/2504 2541/2541/2541 2506/2506/2506
f 2506/2506/2506 2541/2541/2541 2542/2542/2542
f 2507/2507/2507 2543/2543/2543 2509/2509/2509
f 2509/2509/2509 2543/2543/2543 2544/2544/2544
f 2511/2511/2511 2545/2545/2545 2513/2513/2513
f 2513/2513/2513 2545/2545/2545 2546/2546/2546
f 2513/2513/2513 2546/2546/2546 2515/2515/2515
f 2515/2515/2515 2546/2546/2546 2547/2547/2547
f 2517/2517/2517 2548/2548/2548 2519/2519/2519
f 2519/2519/2519 2548/2548/2548 2549/2549/2549
f 2520/2520/2520 2550/2550/2550 2522/2522/2522
f 2522/2522/2522 2550/2550/2550 2551/2551/2551
f 2524/2524/2524 2552/2552/2552 2474/2474/2474
f 2474/2474/2474 2552/2552/2552 2525/2525/2525
f 2553/2553/2553 2554/2554/2554 2555/2555/2555
f 2555/2555/2555 2554/2554/2554 2556/2556/2556
f 2555/2555/2555 2556/2556/2556 2557/2557/2557
f 2557/2557/2557 2556/2556/2556 2558/2558/2558
f 2557/2557/2557 2558/2558/2558 2559/2559/2559
f 2559/2559/2559 2558/2558/2558 2560/2560/2560
f 2559/2559/2559 2560/2560/2560 2561/2561/2561
f 2561/2561/2561 2560/2560/2560 2562/2562/2562
f 2561/2561/2561 2562/2562/2562 2563/2563/2563
f 2563/2563/2563 2562/2562/2562 2564/2564/2564
f 2563/2563/2563 2564/2564/2564 2565/2565/2565
f 2565/2565/2565 2564/2564/2564 2566/2566/2566
f 2565/2565/2565 2566/2566/2566 2567/2567/2567
f 2567/2567/2567 2566/2566/2566 2568/2568/2568
f 2567/2567/2567 2568/2568/2568 2569/2569/2569
f 2569/2569/2569 2568/2568/2568 2570/2570/2570
f 2569/2569/2569 2570/2570/2570 2571/2571/2571
f 2571/2571/2571 2570/2570/2570 2572/2572/2572
f 2571/2571/2571 2572/2572/2572 2573/2573/2573
f 2573/2573/2573 2572/2572/2572 2574/2574/2574
f 2573/2573/2573 2574/2574/2574 2575/2575/2575
f 2575/2575/2575 2574/2574/2574 2576/2576/2576
f 2575/2575/2575 2576/2576/2576 2577/2577/2577
f 2577/2577/2577 2576/2576/2576 2578/2578/2578
f 2577/2577/2577 2578/2578/2578 2579/2579/2579
f 2579/2579/2579 2578/2578/2578 2580/2580/2580
f 2579/2579/2579 2580/2580/2580 2581/2581/2581
f 2581/2581/2581 2580/2580/2580 2582/2582/2582
f 2581/2581/2581 2582/2582/2582 2583/2583/2583
f 2583/2583/2583 2582/2582/2582 2584/2584/2584
f 2583/2583/2583 2584/2584/2584 2553/2553/2553
f 2553/2553/2553 2584/2584/2584 2554/2554/2554
f 2585/2585/2585 2586/2586/2586 2587/2587/2587
f 2587/2587/2587 2586/2586/2586 2588/2588/2588
f 2589/2589/2589 2590/2590/2590 2591/2591/2591
f 2591/2591/2591 2590/2590/2590 2592/2592/2592
f 2593/2593/2593 2594/2594/2594 2595/2595/2595
f 2595/2595/2595 2594/2594/2594 2596/2596/2596
f 2597/2597/2597 2598/2598/2598 2599/2599/2599
f 2599/2599/2599 2598/2598/2598 2600/2600/2600
f 2601/2601/2601 2600/2600/2600 2602/2602/2602
f 2602/2602/2602 2600/2600/2600 2603/2603/2603
f 2604/2604/2604 2605/2605/2605 2606/2606/2606
f 2606/2606/2606 2605/2605/2605 2607/2607/2607
f 2608/2608/2608 2609/2609/2609 2610/2610/2610
f 2610/2610/2610 2609/2609/2609 2611/2611/2611
f 2612/2612/2612 2613/2613/2613 2614/2614/2614
f 2614/2614/2614 2613/2613/2613 2615/2615/2615
f 2616/2616/2616 2615/2615/2615 2617/2617/2617
f 2617/2617/2617 2615/2615/2615 2618/2618/2618
f 2619/2619/2619 2620/2620/2620 2621/2621/2621
f 2621/2621/2621 2620/2620/2620 2622/2622/2622
f 2623/2623/2623 2624/2624/2624 2625/2625/2625
f 2625/2625/2625 2624/2624/2624 2626/2626/2626
f 2627/2627/2627 2628/2628/2628 2629/2629/2629
f 2629/2629/2629 2628/2628/2628 2630/2630/2630
f 2631/2631/2631 2630/2630/2630 2632/2632/2632
f 2632/2632/2632 2630/2630/2630 2633/2633/2633
f 2634/2634/2634 2635/2635/2635 2636/2636/2636
f 2636/2636/2636 2635/2635/2635 2637/2637/2637
f 2638/2638/2638 2639/2639/2639 2640/2640/2640
f 2640/2640/2640 2639/2639/2639 2641/2641/2641
f 2642/2642/2642 2643/2643/2643 2644/2644/2644
f 2644/2644/2644 2643/2643/2643 2586/2586/2586
f 2645/2645/2645 2646/2646/2646 2647/2647/2647
f 2647/2647/2647 2646/2646/2646 2648/2648/2648
f 2647/2647/2647 2648/2648/2648 2649/2649/2649
f 2649/2649/2649 2648/2648/2648 2650/2650/2650
f 2649/2649/2649 2650/2650/2650 2651/2651/2651
f 2651/2651/2651 2650/2650/2650 2652/2652/2652
f 2651/2651/2651 2652/2652/2652 2653/2653/2653
f 2653/2653/2653 2652/2652/2652 2654/2654/2654
f 2653/2653/2653 2654/2654/2654 2655/2655/2655
f 2655/2655/2655 2654/2654/2654 2656/2656/2656
f 2655/2655/2655 2656/2656/2656 2657/2657/2657
f 2657/2657/2657 2656/2656/2656 2658/2658/2658
f 2657/2657/2657 2658/2658/2658 2659/2659/2659
f 2659/2659/2659 2658/2658/2658 2660/2660/2660
f 2659/2659/2659 2660/2660/2660 2661/2661/2661
f 2661/2661/2661 2660/2660/2660 2662/2662/2662
f 2661/2661/2661 2662/2662/2662 2663/2663/2663
f 2663/2663/2663 2662/2662/2662 2664/2664/2664
f 2663/2663/2663 2664/2664/2664 2665/2665/2665
f 2665/2665/2665 2664/2664/2664 2666/2666/2666
f 2665/2665/2665 2666/2666/2666 2667/2667/2667
f 2667/2667/2667 2666/2666/2666 2668/2668/2668
f 2667/2667/2667 2668/2668/2668 2669/2669/2669
f 2669/2669/2669 2668/2668/2668 2670/2670/2670
f 2669/2669/2669 2670/2670/2670 2671/2671/2671
f 2671/2671/2671 2670/2670/2670 2672/2672/2672
f 2671/2671/2671 2672/2672/2672 2673/2673/2673
f 2673/2673/2673 2672/2672/2672 2674/2674/2674
f 2673/2673/2673 2674/2674/2674 2675/2675/2675
f 2675/2675/2675 2674/2674/2674 2676/2676/2676
f 2675/2675/2675 2676/2676/2676 2645/2645/2645
f 2645/2645/2645 2676/2676/2676 2646/2646/2646
f 2646/2646/2646 2677/2677/2677 2648/2648/2648
f 2648/2648/2648 2677/2677/2677 2678/2678/2678
f 2648/2648/2648 2678/2678/2678 2650/2650/2650
f 2650/2650/2650 2678/2678/2678 2679/2679/2679
f 2650/2650/2650 2679/2679/2679 2652/2652/2652
f 2652/2652/2652 2679/2679/2679 2680/2680/2680
f 2652/2652/2652 2680/2680/2680 2654/2654/2654
f 2654/2654/2654 2680/2680/2680 2681/2681/2681
f 2654/2654/2654 2681/2681/2681 2656/2656/2656
f 2656/2656/2656 2681/2681/2681 2682/2682/2682
f 2656/2656/2656 2682/2682/2682 2658/2658/2658
f 2658/2658/2658 2682/2682/2682 2683/2683/2683
f 2658/2658/2658 2683/2683/2683 2660/2660/2660
f 2660/2660/2660 2683/2683/2683 2684/2684/2684
f 2660/2660/2660 2684/2684/2684 2662/2662/2662
f 2662/2662/2662 2684/2684/2684 2685/2685/2685
f 2662/2662/2662 2685/2685/2685 2664/2664/2664
f 2664/2664/2664 2685/2685/2685 2686/2686/2686
f 2664/2664/2664 2686/2686/2686 2666/2666/2666
f 2666/2666/2666 2686/2686/2686 2687/2687/2687
f 2666/2666/2666 2687/2687/2687 2668/2668/2668
f 2668/2668/2668 2687/2687/2687 2688/2688/2688
f 2668/2668/2668 2688/2688/2688 2670/2670/2670
f 2670/2670/2670 2688/2688/2688 2689/2689/2689
f 2670/2670/2670 2689/2689/2689 2672/2672/2672
f 2672/2672/2672 2689/2689/2689 2690/2690/2690
f 2672/2672/2672 2690/2690/2690 2674/2674/2674
f 2674/2674/2674 2690/2690/2690 2691/2691/2691
f 2674/2674/2674 2691/2691/2691 2676/2676/2676
f 2676/2676/2676 2691/2691/2691 2692/2692/2692
f 2676/2676/2676 2692/2692/2692 2646/2646/2646
f 2646/2646/2646 2692/2692/2692 2677/2677/2677
f 2677/2677/2677 2693/2693/2693 2678/2678/2678
f 2678/2678/2678 2693/2693/2693 2694/2694/2694
f 2678/2678/2678 2694/2694/2694 2679/2679/2679
f 2679/2679/2679 2694/2694/2694 2695/2695/2695
f 2679/2679/2679 2695/2695/2695 2680/2680/2680
f 2680/2680/2680 2695/2695/2695 2696/2696/2696
f 2680/2680/2680 2696/2696/2696 2681/2681/2681
f 2681/2681/2681 2696/2696/2696 2697/2697/2697
f 2681/2681/2681 2697/2697/2697 2682/2682/2682
f 2682/2682/2682 2697/2697/2697 2698/2698/2698
f 2682/2682/2682 2698/2698/2698 2683/2683/2683
f 2683/2683/2683 2698/2698/2698 2699/2699/2699
f 2683/2683/2683 2699/2699/2699 2684/2684/2684
f 2684/2684/2684 2699/2699/2699 2700/2700/2700
f 2684/2684/2684 2700/2700/2700 2685/2685/2685
f 2685/2685/2685 2700/2700/2700 2701/2701/2701
f 2685/2685/2685 2701/2701/2701 2686/2686/2686
f 2686/2686/2686 2701/2701/2701 2702/2702/2702
f 2686/2686/2686 2702/2702/2702 2687/2687/2687
f 2687/2687/2687 2702/2702/2702 2703/2703/2703
f 2687/2687/2687 2703/2703/2703 2688/2688/2688
f 2688/2688/2688 2703/2703/2703 2704/2704/2704
f 2688/2688/2688 2704/2704/2704 2689/2689/2689
f 2689/2689/2689 2704/2704/2704 2705/2705/2705
f 2689/2689/2689 2705/2705/2705 2690/2690/2690
f 2690/2690/2690 2705/2705/2705 2706/2706/2706
f 2690/2690/2690 2706/2706/2706 2691/2691/2691
f 2691/2691/2691 2706/2706/2706 2707/2707/2707
f 2691/2691/2691 2707/2707/2707 2692/2692/2692
f 2692/2692/2692 2707/2707/2707 2708/2708/2708
f 2692/2692/2692 2708/2708/2708 2677/2677/2677
f 2677/2677/2677 2708/2708/2708 2693/2693/2693
f 2693/2693/2693 2709/2709/2709 2694/2694/2694
f 2694/2694/2694 2709/2709/2709 2695/2695/2695
f 2695/2695/2695 2709/2709/2709 2696/2696/2696
f 2696/2696/2696 2709/2709/2709 2697/2697/2697
f 2697/2697/2697 2709/2709/2709 2698/2698/2698
f 2698/2698/2698 2709/2709/2709 2699/2699/2699
f 2699/2699/2699 2709/2709/2709 2700/2700/2700
f 2700/2700/2700 2709/2709/2709 2701/2701/2701
f 2701/2701/2701 2709/2709/2709 2702/2702/2702
f 2702/2702/2702 2709/2709/2709 2703/2703/2703
f 2703/2703/2703 2709/2709/2709 2704/2704/2704
f 2704/2704/2704 2709/2709/2709 2705/2705/2705
f 2705/2705/2705 2709/2709/2709 2706/2706/2706
f 2706/2706/2706 2709/2709/2709 2707/2707/2707
f 2707/2707/2707 2709/2709/2709 2708/2708/2708
f 2708/2708/2708 2709/2709/2709 2693/2693/2693
f 2710/2710/2710 2711/2711/2711 2712/2712/2712
f 2710/2710/2710 2712/2712/2712 2713/2713/2713
f 2710/2710/2710 2713/2713/2713 2714/2714/2714
f 2710/2710/2710 2714/2714/2714 2715/2715/2715
f 2710/2710/2710 2715/2715/2715 2716/2716/2716
f 2710/2710/2710 2716/2716/2716 2717/2717/2717
f 2710/2710/2710 2717/2717/2717 2718/2718/2718
f 2710/2710/2710 2718/2718/2718 2719/2719/2719
f 2710/2710/2710 2719/2719/2719 2720/2720/2720
f 2710/2710/2710 2720/2720/2720 2721/2721/2721
f 2710/2710/2710 2721/2721/2721 2722/2722/2722
f 2710/2710/2710 2722/2722/2722 2723/2723/2723
f 2710/2710/2710 2723/2723/2723 2724/2724/2724
f 2710/2710/2710 2724/2724/2724 2725/2725/2725
f 2710/2710/2710 2725/2725/2725 2726/2726/2726
f 2710/2710/2710 2726/2726/2726 2711/2711/2711
f 2727/2727/2727 2728/2728/2728 2729/2729/2729
f 2729/2729/2729 2728/2728/2728 2730/2730/2730
f 2731/2731/2731 2732/2732/2732 2733/2733/2733
f 2733/2733/2733 2732/2732/2732 2734/2734/2734
f 2735/2735/2735 2736/2736/2736 2737/2737/2737
f 2737/2737/2737 2736/2736/2736 2738/2738/2738
f 2739/2739/2739 2740/2740/2740 2741/2741/2741
f 2741/2741/2741 2740/2740/2740 2742/2742/2742
f 2743/2743/2743 2744/2744/2744 2745/2745/2745
f 2745/2745/2745 2744/2744/2744 2746/2746/2746
f 2747/2747/2747 2748/2748/2748 2749/2749/2749
f 2749/2749/2749 2748/2748/2748 2750/2750/2750
f 2751/2751/2751 2752/2752/2752 2753/2753/2753
f 2753/2753/2753 2752/2752/2752 2754/2754/2754
f 2755/2755/2755 2756/2756/2756 2757/2757/2757
f 2757/2757/2757 2756/2756/2756 2758/2758/2758
f 2759/2759/2759 2760/2760/2760 2761/2761/2761
f 2761/2761/2761 2760/2760/2760 2762/2762/2762
f 2763/2763/2763 2764/2764/2764 2765/2765/2765
f 2765/2765/2765 2764/2764/2764 2766/2766/2766
f 2767/2767/2767 2768/2768/2768 2769/2769/2769
f 2769/2769/2769 2768/2768/2768 2770/2770/2770
f 2771/2771/2771 2772/2772/2772 2773/2773/2773
f 2773/2773/2773 2772/2772/2772 2774/2774/2774
f 2775/2775/2775 2776/2776/2776 2777/2777/2777
f 2777/2777/2777 2776/2776/2776 2778/2778/2778
f 2779/2779/2779 2780/2780/2780 2781/2781/2781
f 2781/2781/2781 2780/2780/2780 2782/2782/2782
f 2783/2783/2783 2784/2784/2784 2785/2785/2785
f 2785/2785/2785 2784/2784/2784 2786/2786/2786
f 2787/2787/2787 2788/2788/2788 2789/2789/2789
f 2789/2789/2789 2788/2788/2788 2790/2790/2790
o S14
v 0.00680000009015 1.67800000137 0.00000000000
v 0.00628238078207 1.67800000137 0.00260224728845
v 0.00850000046194 1.67800000137 0.00000000000
v 0.00785297621042 1.67800000137 0.00325280916877
v 0.00480832625180 1.67800000137 0.00480832625180
v 0.00601040758193 1.67800000137 0.00601040758193
v 0.00260224728845 1.67800000137 0.00628238078207
v 0.00325280916877 1.67800000137 0.00785297621042
v 4.16379921194e-19 1.67800000137 0.00680000009015
v 5.20474914417e-19 1.67800000137 0.00850000046194
v -0.00260224728845 1.67800000137 0.00628238078207
v -0.00325280916877 1.67800000137 0.00785297621042
v -0.00480832625180 1.67800000137 0.00480832625180
v -0.00601040758193 1.67800000137 0.00601040758193
v -0.00628238078207 1.67800000137 0.00260224728845
v -0.00785297621042 1.67800000137 0.00325280916877
v -0.00680000009015 1.67800000137 8.32759842387e-19
v -0.00850000046194 1.67800000137 1.04094982883e-18
v -0.00628238078207 1.67800000137 -0.00260224728845
v -0.00785297621042 1.67800000137 -0.00325280916877
v -0.00480832625180 1.67800000137 -0.00480832625180
v -0.00601040758193 1.67800000137 -0.00601040758193
v -0.00260224728845 1.67800000137 -0.00628238078207
v -0.00325280916877 1.67800000137 -0.00785297621042
v -1.24913971188e-18 1.67800000137 -0.00680000009015
v -1.56142469155e-18 1.67800000137 -0.00850000046194
v 0.00260224728845 1.67800000137 -0.00628238078207
v 0.00325280916877 1.67800000137 -0.00785297621042
v 0.00480832625180 1.67800000137 -0.00480832625180
v 0.00601040758193 1.67800000137 -0.00601040758193
v 0.00628238078207 1.67800000137 -0.00260224728845
v 0.00785297621042 1.67800000137 -0.00325280916877
v 0.00850000046194 1.67800000137 0.00000000000
v 0.00785297621042 1.67800000137 0.00325280916877
v 0.00899999961257 1.67750000036 0.00000000000
v 0.00831491593271 1.67750000036 0.00344415078871
v 0.00785297621042 1.67800000137 0.00325280916877
v 0.00601040758193 1.67800000137 0.00601040758193
v 0.00831491593271 1.67750000036 0.00344415078871
v 0.00636396091431 1.67750000036 0.00636396091431
v 0.00601040758193 1.67800000137 0.00601040758193
v 0.00325280916877 1.67800000137 0.00785297621042
v 0.00636396091431 1.67750000036 0.00636396091431
v 0.00344415078871 1.67750000036 0.00831491593271
v 0.00325280916877 1.67800000137 0.00785297621042
v 5.20474914417e-19 1.67800000137 0.00850000046194
v 0.00344415078871 1.67750000036 0.00831491593271
v 5.51091040236e-19 1.67750000036 0.00899999961257
v 5.20474914417e-19 1.67800000137 0.00850000046194
v -0.00325280916877 1.67800000137 0.00785297621042
v 5.51091040236e-19 1.67750000036 0.00899999961257
v -0.00344415078871 1.67750000036 0.00831491593271
v -0.00325280916877 1.67800000137 0.00785297621042
v -0.00601040758193 1.67800000137 0.00601040758193
v -0.00344415078871 1.67750000036 0.00831491593271
v -0.00636396091431 1.67750000036 0.00636396091431
v -0.00601040758193 1.67800000137 0.00601040758193
v -0.00785297621042 1.67800000137 0.00325280916877
v -0.00636396091431 1.67750000036 0.00636396091431
v -0.00831491593271 1.67750000036 0.00344415078871
v -0.00785297621042 1.67800000137 0.00325280916877
v -0.00850000046194 1.67800000137 1.04094982883e-18
v -0.00831491593271 1.67750000036 0.00344415078871
v -0.00899999961257 1.67750000036 1.10218208047e-18
v -0.00850000046194 1.67800000137 1.04094982883e-18
v -0.00785297621042 1.67800000137 -0.00325280916877
v -0.00899999961257 1.67750000036 1.10218208047e-18
v -0.00831491593271 1.67750000036 -0.00344415078871
v -0.00785297621042 1.67800000137 -0.00325280916877
v -0.00601040758193 1.67800000137 -0.00601040758193
v -0.00831491593271 1.67750000036 -0.00344415078871
v -0.00636396091431 1.67750000036 -0.00636396091431
v -0.00601040758193 1.67800000137 -0.00601040758193
v -0.00325280916877 1.67800000137 -0.00785297621042
v -0.00636396091431 1.67750000036 -0.00636396091431
v -0.00344415078871 1.67750000036 -0.00831491593271
v -0.00325280916877 1.67800000137 -0.00785297621042
v -1.56142469155e-18 1.67800000137 -0.00850000046194
v -0.00344415078871 1.67750000036 -0.00831491593271
v -1.65327317241e-18 1.67750000036 -0.00899999961257
v -1.56142469155e-18 1.67800000137 -0.00850000046194
v 0.00325280916877 1.67800000137 -0.00785297621042
v -1.65327317241e-18 1.67750000036 -0.00899999961257
v 0.00344415078871 1.67750000036 -0.00831491593271
v 0.00325280916877 1.67800000137 -0.00785297621042
v 0.00601040758193 1.67800000137 -0.00601040758193
v 0.00344415078871 1.67750000036 -0.00831491593271
v 0.00636396091431 1.67750000036 -0.00636396091431
v 0.00601040758193 1.67800000137 -0.00601040758193
v 0.00785297621042 1.67800000137 -0.00325280916877
v 0.00636396091431 1.67750000036 -0.00636396091431
v 0.00831491593271 1.67750000036 -0.00344415078871
v 0.00785297621042 1.67800000137 -0.00325280916877
v 0.00850000046194 1.67800000137 0.00000000000
v 0.00831491593271 1.67750000036 -0.00344415078871
v 0.00899999961257 1.67750000036 0.00000000000
v 0.00899999961257 1.67750000036 0.00000000000
v 0.00831491593271 1.67750000036 0.00344415078871
v 0.00899999961257 1.67450000173 0.00000000000
v 0.00831491593271 1.67450000173 0.00344415078871
v 0.00831491593271 1.67750000036 0.00344415078871
v 0.00636396091431 1.67750000036 0.00636396091431
v 0.00831491593271 1.67450000173 0.00344415078871
v 0.00636396091431 1.67450000173 0.00636396091431
v 0.00636396091431 1.67750000036 0.00636396091431
v 0.00344415078871 1.67750000036 0.00831491593271
v 0.00636396091431 1.67450000173 0.00636396091431
v 0.00344415078871 1.67450000173 0.00831491593271
v 0.00344415078871 1.67750000036 0.00831491593271
v 5.51091040236e-19 1.67750000036 0.00899999961257
v 0.00344415078871 1.67450000173 0.00831491593271
v 5.51091040236e-19 1.67450000173 0.00899999961257
v 5.51091040236e-19 1.67750000036 0.00899999961257
v -0.00344415078871 1.67750000036 0.00831491593271
v -0.00344415078871 1.67450000173 0.00831491593271
v -0.00344415078871 1.67750000036 0.00831491593271
v -0.00636396091431 1.67750000036 0.00636396091431
v -0.00344415078871 1.67450000173 0.00831491593271
v -0.00636396091431 1.67450000173 0.00636396091431
v -0.00636396091431 1.67750000036 0.00636396091431
v -0.00831491593271 1.67750000036 0.00344415078871
v -0.00636396091431 1.67450000173 0.00636396091431
v -0.00831491593271 1.67450000173 0.00344415078871
v -0.00831491593271 1.67750000036 0.00344415078871
v -0.00899999961257 1.67750000036 1.10218208047e-18
v -0.00831491593271 1.67450000173 0.00344415078871
v -0.00899999961257 1.67450000173 1.10218208047e-18
v -0.00899999961257 1.67750000036 1.10218208047e-18
v -0.00831491593271 1.67750000036 -0.00344415078871
v -0.00831491593271 1.67450000173 -0.00344415078871
v -0.00831491593271 1.67750000036 -0.00344415078871
v -0.00636396091431 1.67750000036 -0.00636396091431
v -0.00831491593271 1.67450000173 -0.00344415078871
v -0.00636396091431 1.67450000173 -0.00636396091431
v -0.00636396091431 1.67750000036 -0.00636396091431
v -0.00344415078871 1.67750000036 -0.00831491593271
v -0.00636396091431 1.67450000173 -0.00636396091431
v -0.00344415078871 1.67450000173 -0.00831491593271
v -0.00344415078871 1.67750000036 -0.00831491593271
v -1.65327317241e-18 1.67750000036 -0.00899999961257
v -0.00344415078871 1.67450000173 -0.00831491593271
v -1.65327317241e-18 1.67450000173 -0.00899999961257
v -1.65327317241e-18 1.67750000036 -0.00899999961257
v 0.00344415078871 1.67750000036 -0.00831491593271
v 0.00344415078871 1.67450000173 -0.00831491593271
v 0.00344415078871 1.67750000036 -0.00831491593271
v 0.00636396091431 1.67750000036 -0.00636396091431
v 0.00344415078871 1.67450000173 -0.00831491593271
v 0.00636396091431 1.67450000173 -0.00636396091431
v 0.00636396091431 1.67750000036 -0.00636396091431
v 0.00831491593271 1.67750000036 -0.00344415078871
v 0.00636396091431 1.67450000173 -0.00636396091431
v 0.00831491593271 1.67450000173 -0.00344415078871
v 0.00831491593271 1.67750000036 -0.00344415078871
v 0.00899999961257 1.67750000036 0.00000000000
v 0.00831491593271 1.67450000173 -0.00344415078871
v 0.00899999961257 1.67450000173 0.00000000000
v 0.00831491593271 1.67450000173 0.00344415078871
v 0.00800000037998 1.67400000072 0.00000000000
v 0.00739103648812 1.67400000072 0.00306146754883
v 0.00831491593271 1.67450000173 0.00344415078871
v 0.00636396091431 1.67450000173 0.00636396091431
v 0.00739103648812 1.67400000072 0.00306146754883
v 0.00565685424954 1.67400000072 0.00565685424954
v 0.00636396091431 1.67450000173 0.00636396091431
v 0.00344415078871 1.67450000173 0.00831491593271
v 0.00565685424954 1.67400000072 0.00565685424954
v 0.00306146754883 1.67400000072 0.00739103648812
v 0.00344415078871 1.67450000173 0.00831491593271
v 5.51091040236e-19 1.67450000173 0.00899999961257
v 0.00306146754883 1.67400000072 0.00739103648812
v 4.89858736898e-19 1.67400000072 0.00800000037998
v 5.51091040236e-19 1.67450000173 0.00899999961257
v -0.00344415078871 1.67450000173 0.00831491593271
v 4.89858736898e-19 1.67400000072 0.00800000037998
v -0.00306146754883 1.67400000072 0.00739103648812
v -0.00344415078871 1.67450000173 0.00831491593271
v -0.00636396091431 1.67450000173 0.00636396091431
v -0.00306146754883 1.67400000072 0.00739103648812
v -0.00565685424954 1.67400000072 0.00565685424954
v -0.00636396091431 1.67450000173 0.00636396091431
v -0.00831491593271 1.67450000173 0.00344415078871
v -0.00565685424954 1.67400000072 0.00565685424954
v -0.00739103648812 1.67400000072 0.00306146754883
v -0.00831491593271 1.67450000173 0.00344415078871
v -0.00899999961257 1.67450000173 1.10218208047e-18
v -0.00739103648812 1.67400000072 0.00306146754883
v -0.00800000037998 1.67400000072 9.79717473796e-19
v -0.00899999961257 1.67450000173 1.10218208047e-18
v -0.00831491593271 1.67450000173 -0.00344415078871
v -0.00800000037998 1.67400000072 9.79717473796e-19
v -0.00739103648812 1.67400000072 -0.00306146754883
v -0.00831491593271 1.67450000173 -0.00344415078871
v -0.00636396091431 1.67450000173 -0.00636396091431
v -0.00739103648812 1.67400000072 -0.00306146754883
v -0.00565685424954 1.67400000072 -0.00565685424954
v -0.00636396091431 1.67450000173 -0.00636396091431
v -0.00344415078871 1.67450000173 -0.00831491593271
v -0.00565685424954 1.67400000072 -0.00565685424954
v -0.00306146754883 1.67400000072 -0.00739103648812
v -0.00344415078871 1.67450000173 -0.00831491593271
v -1.65327317241e-18 1.67450000173 -0.00899999961257
v -0.00306146754883 1.67400000072 -0.00739103648812
v -1.46957610730e-18 1.67400000072 -0.00800000037998
v -1.65327317241e-18 1.67450000173 -0.00899999961257
v 0.00344415078871 1.67450000173 -0.00831491593271
v -1.46957610730e-18 1.67400000072 -0.00800000037998
v 0.00306146754883 1.67400000072 -0.00739103648812
v 0.00344415078871 1.67450000173 -0.00831491593271
v 0.00636396091431 1.67450000173 -0.00636396091431
v 0.00306146754883 1.67400000072 -0.00739103648812
v 0.00565685424954 1.67400000072 -0.00565685424954
v 0.00636396091431 1.67450000173 -0.00636396091431
v 0.00831491593271 1.67450000173 -0.00344415078871
v 0.00565685424954 1.67400000072 -0.00565685424954
v 0.00739103648812 1.67400000072 -0.00306146754883
v 0.00831491593271 1.67450000173 -0.00344415078871
v 0.00899999961257 1.67450000173 0.00000000000
v 0.00739103648812 1.67400000072 -0.00306146754883
v 0.00800000037998 1.67400000072 0.00000000000
v 0.00800000037998 1.67400000072 0.00000000000
v 0.00739103648812 1.67400000072 0.00306146754883
v 0.00800000037998 1.67249999768 0.00000000000
v 0.00739103648812 1.67249999768 0.00306146754883
v 0.00739103648812 1.67400000072 0.00306146754883
v 0.00565685424954 1.67400000072 0.00565685424954
v 0.00739103648812 1.67249999768 0.00306146754883
v 0.00565685424954 1.67249999768 0.00565685424954
v 0.00565685424954 1.67400000072 0.00565685424954
v 0.00306146754883 1.67400000072 0.00739103648812
v 0.00565685424954 1.67249999768 0.00565685424954
v 0.00306146754883 1.67249999768 0.00739103648812
v 0.00306146754883 1.67400000072 0.00739103648812
v 4.89858736898e-19 1.67400000072 0.00800000037998
v 0.00306146754883 1.67249999768 0.00739103648812
v 4.89858736898e-19 1.67249999768 0.00800000037998
v 4.89858736898e-19 1.67400000072 0.00800000037998
v -0.00306146754883 1.67400000072 0.00739103648812
v 4.89858736898e-19 1.67249999768 0.00800000037998
v -0.00306146754883 1.67249999768 0.00739103648812
v -0.00306146754883 1.67400000072 0.00739103648812
v -0.00565685424954 1.67400000072 0.00565685424954
v -0.00306146754883 1.67249999768 0.00739103648812
v -0.00565685424954 1.67249999768 0.00565685424954
v -0.00565685424954 1.67400000072 0.00565685424954
v -0.00739103648812 1.67400000072 0.00306146754883
v -0.00565685424954 1.67249999768 0.00565685424954
v -0.00739103648812 1.67249999768 0.00306146754883
v -0.00739103648812 1.67400000072 0.00306146754883
v -0.00800000037998 1.67400000072 9.79717473796e-19
v -0.00739103648812 1.67249999768 0.00306146754883
v -0.00800000037998 1.67249999768 9.79717473796e-19
v -0.00800000037998 1.67400000072 9.79717473796e-19
v -0.00739103648812 1.67400000072 -0.00306146754883
v -0.00800000037998 1.67249999768 9.79717473796e-19
v -0.00739103648812 1.67249999768 -0.00306146754883
v -0.00739103648812 1.67400000072 -0.00306146754883
v -0.00565685424954 1.67400000072 -0.00565685424954
v -0.00739103648812 1.67249999768 -0.00306146754883
v -0.00565685424954 1.67249999768 -0.00565685424954
v -0.00565685424954 1.67400000072 -0.00565685424954
v -0.00306146754883 1.67400000072 -0.00739103648812
v -0.00565685424954 1.67249999768 -0.00565685424954
v -0.00306146754883 1.67249999768 -0.00739103648812
v -0.00306146754883 1.67400000072 -0.00739103648812
v -1.46957610730e-18 1.67400000072 -0.00800000037998
v -0.00306146754883 1.67249999768 -0.00739103648812
v -1.46957610730e-18 1.67249999768 -0.00800000037998
v -1.46957610730e-18 1.67400000072 -0.00800000037998
v 0.00306146754883 1.67400000072 -0.00739103648812
v -1.46957610730e-18 1.67249999768 -0.00800000037998
v 0.00306146754883 1.67249999768 -0.00739103648812
v 0.00306146754883 1.67400000072 -0.00739103648812
v 0.00565685424954 1.67400000072 -0.00565685424954
v 0.00306146754883 1.67249999768 -0.00739103648812
v 0.00565685424954 1.67249999768 -0.00565685424954
v 0.00565685424954 1.67400000072 -0.00565685424954
v 0.00739103648812 1.67400000072 -0.00306146754883
v 0.00565685424954 1.67249999768 -0.00565685424954
v 0.00739103648812 1.67249999768 -0.00306146754883
v 0.00739103648812 1.67400000072 -0.00306146754883
v 0.00800000037998 1.67400000072 0.00000000000
v 0.00739103648812 1.67249999768 -0.00306146754883
v 0.00800000037998 1.67249999768 0.00000000000
v 0.00800000037998 1.67249999768 0.00000000000
v 0.00739103648812 1.67249999768 0.00306146754883
v 0.00999999977648 1.67150000310 0.00000000000
v 0.00923879537731 1.67150000310 0.00382683426142
v 0.00739103648812 1.67249999768 0.00306146754883
v 0.00565685424954 1.67249999768 0.00565685424954
v 0.00923879537731 1.67150000310 0.00382683426142
v 0.00707106757909 1.67150000310 0.00707106757909
v 0.00565685424954 1.67249999768 0.00565685424954
v 0.00306146754883 1.67249999768 0.00739103648812
v 0.00707106757909 1.67150000310 0.00707106757909
v 0.00382683426142 1.67150000310 0.00923879537731
v 0.00306146754883 1.67249999768 0.00739103648812
v 4.89858736898e-19 1.67249999768 0.00800000037998
v 0.00382683426142 1.67150000310 0.00923879537731
v 6.12323395273e-19 1.67150000310 0.00999999977648
v 4.89858736898e-19 1.67249999768 0.00800000037998
v -0.00306146754883 1.67249999768 0.00739103648812
v 6.12323395273e-19 1.67150000310 0.00999999977648
v -0.00382683426142 1.67150000310 0.00923879537731
v -0.00306146754883 1.67249999768 0.00739103648812
v -0.00565685424954 1.67249999768 0.00565685424954
v -0.00382683426142 1.67150000310 0.00923879537731
v -0.00707106757909 1.67150000310 0.00707106757909
v -0.00565685424954 1.67249999768 0.00565685424954
v -0.00739103648812 1.67249999768 0.00306146754883
v -0.00707106757909 1.67150000310 0.00707106757909
v -0.00923879537731 1.67150000310 0.00382683426142
v -0.00739103648812 1.67249999768 0.00306146754883
v -0.00800000037998 1.67249999768 9.79717473796e-19
v -0.00923879537731 1.67150000310 0.00382683426142
v -0.00999999977648 1.67150000310 1.22464679055e-18
v -0.00800000037998 1.67249999768 9.79717473796e-19
v -0.00739103648812 1.67249999768 -0.00306146754883
v -0.00999999977648 1.67150000310 1.22464679055e-18
v -0.00923879537731 1.67150000310 -0.00382683426142
v -0.00739103648812 1.67249999768 -0.00306146754883
v -0.00565685424954 1.67249999768 -0.00565685424954
v -0.00923879537731 1.67150000310 -0.00382683426142
v -0.00707106757909 1.67150000310 -0.00707106757909
v -0.00565685424954 1.67249999768 -0.00565685424954
v -0.00306146754883 1.67249999768 -0.00739103648812
v -0.00707106757909 1.67150000310 -0.00707106757909
v -0.00382683426142 1.67150000310 -0.00923879537731
v -0.00306146754883 1.67249999768 -0.00739103648812
v -1.46957610730e-18 1.67249999768 -0.00800000037998
v -0.00382683426142 1.67150000310 -0.00923879537731
v -1.83697023752e-18 1.67150000310 -0.00999999977648
v -1.46957610730e-18 1.67249999768 -0.00800000037998
v 0.00306146754883 1.67249999768 -0.00739103648812
v -1.83697023752e-18 1.67150000310 -0.00999999977648
v 0.00382683426142 1.67150000310 -0.00923879537731
v 0.00306146754883 1.67249999768 -0.00739103648812
v 0.00565685424954 1.67249999768 -0.00565685424954
v 0.00382683426142 1.67150000310 -0.00923879537731
v 0.00707106757909 1.67150000310 -0.00707106757909
v 0.00565685424954 1.67249999768 -0.00565685424954
v 0.00739103648812 1.67249999768 -0.00306146754883
v 0.00707106757909 1.67150000310 -0.00707106757909
v 0.00923879537731 1.67150000310 -0.00382683426142
v 0.00739103648812 1.67249999768 -0.00306146754883
v 0.00800000037998 1.67249999768 0.00000000000
v 0.00923879537731 1.67150000310 -0.00382683426142
v 0.00999999977648 1.67150000310 0.00000000000
v 0.00999999977648 1.67150000310 0.00000000000
v 0.00923879537731 1.67150000310 0.00382683426142
v 0.0175000000745 1.66899999803 0.00000000000
v 0.0161678921431 1.66899999803 0.00669695995748
v 0.00923879537731 1.67150000310 0.00382683426142
v 0.00707106757909 1.67150000310 0.00707106757909
v 0.0123743684962 1.66899999803 0.0123743684962
v 0.00707106757909 1.67150000310 0.00707106757909
v 0.00382683426142 1.67150000310 0.00923879537731
v 0.00669695995748 1.66899999803 0.0161678921431
v 0.00382683426142 1.67150000310 0.00923879537731
v 6.12323395273e-19 1.67150000310 0.00999999977648
v 1.07156595465e-18 1.66899999803 0.0175000000745
v 6.12323395273e-19 1.67150000310 0.00999999977648
v -0.00382683426142 1.67150000310 0.00923879537731
v -0.00669695995748 1.66899999803 0.0161678921431
v -0.00382683426142 1.67150000310 0.00923879537731
v -0.00707106757909 1.67150000310 0.00707106757909
v -0.0123743684962 1.66899999803 0.0123743684962
v -0.00707106757909 1.67150000310 0.00707106757909
v -0.00923879537731 1.67150000310 0.00382683426142
v -0.0161678921431 1.66899999803 0.00669695995748
v -0.00923879537731 1.67150000310 0.00382683426142
v -0.00999999977648 1.67150000310 1.22464679055e-18
v -0.0175000000745 1.66899999803 2.14313190931e-18
v -0.00999999977648 1.67150000310 1.22464679055e-18
v -0.00923879537731 1.67150000310 -0.00382683426142
v -0.0161678921431 1.66899999803 -0.00669695995748
v -0.00923879537731 1.67150000310 -0.00382683426142
v -0.00707106757909 1.67150000310 -0.00707106757909
v -0.0123743684962 1.66899999803 -0.0123743684962
v -0.00707106757909 1.67150000310 -0.00707106757909
v -0.00382683426142 1.67150000310 -0.00923879537731
v -0.00669695995748 1.66899999803 -0.0161678921431
v -0.00382683426142 1.67150000310 -0.00923879537731
v -1.83697023752e-18 1.67150000310 -0.00999999977648
v -3.21469786396e-18 1.66899999803 -0.0175000000745
v -1.83697023752e-18 1.67150000310 -0.00999999977648
v 0.00382683426142 1.67150000310 -0.00923879537731
v 0.00669695995748 1.66899999803 -0.0161678921431
v 0.00382683426142 1.67150000310 -0.00923879537731
v 0.00707106757909 1.67150000310 -0.00707106757909
v 0.0123743684962 1.66899999803 -0.0123743684962
v 0.00707106757909 1.67150000310 -0.00707106757909
v 0.00923879537731 1.67150000310 -0.00382683426142
v 0.0161678921431 1.66899999803 -0.00669695995748
v 0.00923879537731 1.67150000310 -0.00382683426142
v 0.00999999977648 1.67150000310 0.00000000000
v 0.0175000000745 1.66899999803 0.00000000000
v 0.0161678921431 1.66899999803 0.00669695995748
v 0.0179999992251 1.66849999702 0.00000000000
v 0.0166298318654 1.66849999702 0.00688830157742
v 0.0161678921431 1.66899999803 0.00669695995748
v 0.0123743684962 1.66899999803 0.0123743684962
v 0.0166298318654 1.66849999702 0.00688830157742
v 0.0127279218286 1.66849999702 0.0127279218286
v 0.0123743684962 1.66899999803 0.0123743684962
v 0.00669695995748 1.66899999803 0.0161678921431
v 0.0127279218286 1.66849999702 0.0127279218286
v 0.00688830157742 1.66849999702 0.0166298318654
v 0.00669695995748 1.66899999803 0.0161678921431
v 1.07156595465e-18 1.66899999803 0.0175000000745
v 0.00688830157742 1.66849999702 0.0166298318654
v 1.10218208047e-18 1.66849999702 0.0179999992251
v 1.07156595465e-18 1.66899999803 0.0175000000745
v -0.00669695995748 1.66899999803 0.0161678921431
v 1.10218208047e-18 1.66849999702 0.0179999992251
v -0.00688830157742 1.66849999702 0.0166298318654
v -0.00669695995748 1.66899999803 0.0161678921431
v -0.0123743684962 1.66899999803 0.0123743684962
v -0.00688830157742 1.66849999702 0.0166298318654
v -0.0127279218286 1.66849999702 0.0127279218286
v -0.0123743684962 1.66899999803 0.0123743684962
v -0.0161678921431 1.66899999803 0.00669695995748
v -0.0127279218286 1.66849999702 0.0127279218286
v -0.0166298318654 1.66849999702 0.00688830157742
v -0.0161678921431 1.66899999803 0.00669695995748
v -0.0175000000745 1.66899999803 2.14313190931e-18
v -0.0166298318654 1.66849999702 0.00688830157742
v -0.0179999992251 1.66849999702 2.20436416095e-18
v -0.0175000000745 1.66899999803 2.14313190931e-18
v -0.0161678921431 1.66899999803 -0.00669695995748
v -0.0179999992251 1.66849999702 2.20436416095e-18
v -0.0166298318654 1.66849999702 -0.00688830157742
v -0.0161678921431 1.66899999803 -0.00669695995748
v -0.0123743684962 1.66899999803 -0.0123743684962
v -0.0166298318654 1.66849999702 -0.00688830157742
v -0.0127279218286 1.66849999702 -0.0127279218286
v -0.0123743684962 1.66899999803 -0.0123743684962
v -0.00669695995748 1.66899999803 -0.0161678921431
v -0.0127279218286 1.66849999702 -0.0127279218286
v -0.00688830157742 1.66849999702 -0.0166298318654
v -0.00669695995748 1.66899999803 -0.0161678921431
v -3.21469786396e-18 1.66899999803 -0.0175000000745
v -0.00688830157742 1.66849999702 -0.0166298318654
v -3.30654634482e-18 1.66849999702 -0.0179999992251
v -3.21469786396e-18 1.66899999803 -0.0175000000745
v 0.00669695995748 1.66899999803 -0.0161678921431
v -3.30654634482e-18 1.66849999702 -0.0179999992251
v 0.00688830157742 1.66849999702 -0.0166298318654
v 0.00669695995748 1.66899999803 -0.0161678921431
v 0.0123743684962 1.66899999803 -0.0123743684962
v 0.00688830157742 1.66849999702 -0.0166298318654
v 0.0127279218286 1.66849999702 -0.0127279218286
v 0.0123743684962 1.66899999803 -0.0123743684962
v 0.0161678921431 1.66899999803 -0.00669695995748
v 0.0127279218286 1.66849999702 -0.0127279218286
v 0.0166298318654 1.66849999702 -0.00688830157742
v 0.0161678921431 1.66899999803 -0.00669695995748
v 0.0175000000745 1.66899999803 0.00000000000
v 0.0166298318654 1.66849999702 -0.00688830157742
v 0.0179999992251 1.66849999702 0.00000000000
v 0.0179999992251 1.66849999702 0.00000000000
v 0.0166298318654 1.66849999702 0.00688830157742
v 0.0179999992251 1.66800000346 0.00000000000
v 0.0166298318654 1.66800000346 0.00688830157742
v 0.0166298318654 1.66849999702 0.00688830157742
v 0.0127279218286 1.66849999702 0.0127279218286
v 0.0166298318654 1.66800000346 0.00688830157742
v 0.0127279218286 1.66800000346 0.0127279218286
v 0.0127279218286 1.66849999702 0.0127279218286
v 0.00688830157742 1.66849999702 0.0166298318654
v 0.0127279218286 1.66800000346 0.0127279218286
v 0.00688830157742 1.66800000346 0.0166298318654
v 0.00688830157742 1.66849999702 0.0166298318654
v 1.10218208047e-18 1.66849999702 0.0179999992251
v 0.00688830157742 1.66800000346 0.0166298318654
v 1.10218208047e-18 1.66800000346 0.0179999992251
v 1.10218208047e-18 1.66849999702 0.0179999992251
v -0.00688830157742 1.66849999702 0.0166298318654
v 1.10218208047e-18 1.66800000346 0.0179999992251
v -0.00688830157742 1.66800000346 0.0166298318654
v -0.00688830157742 1.66849999702 0.0166298318654
v -0.0127279218286 1.66849999702 0.0127279218286
v -0.00688830157742 1.66800000346 0.0166298318654
v -0.0127279218286 1.66800000346 0.0127279218286
v -0.0127279218286 1.66849999702 0.0127279218286
v -0.0166298318654 1.66849999702 0.00688830157742
v -0.0127279218286 1.66800000346 0.0127279218286
v -0.0166298318654 1.66800000346 0.00688830157742
v -0.0166298318654 1.66849999702 0.00688830157742
v -0.0179999992251 1.66849999702 2.20436416095e-18
v -0.0166298318654 1.66800000346 0.00688830157742
v -0.0179999992251 1.66800000346 2.20436416095e-18
v -0.0179999992251 1.66849999702 2.20436416095e-18
v -0.0166298318654 1.66849999702 -0.00688830157742
v -0.0179999992251 1.66800000346 2.20436416095e-18
v -0.0166298318654 1.66800000346 -0.00688830157742
v -0.0166298318654 1.66849999702 -0.00688830157742
v -0.0127279218286 1.66849999702 -0.0127279218286
v -0.0166298318654 1.66800000346 -0.00688830157742
v -0.0127279218286 1.66800000346 -0.0127279218286
v -0.0127279218286 1.66849999702 -0.0127279218286
v -0.00688830157742 1.66849999702 -0.0166298318654
v -0.0127279218286 1.66800000346 -0.0127279218286
v -0.00688830157742 1.66800000346 -0.0166298318654
v -0.00688830157742 1.66849999702 -0.0166298318654
v -3.30654634482e-18 1.66849999702 -0.0179999992251
v -0.00688830157742 1.66800000346 -0.0166298318654
v -3.30654634482e-18 1.66800000346 -0.0179999992251
v -3.30654634482e-18 1.66849999702 -0.0179999992251
v 0.00688830157742 1.66849999702 -0.0166298318654
v -3.30654634482e-18 1.66800000346 -0.0179999992251
v 0.00688830157742 1.66800000346 -0.0166298318654
v 0.00688830157742 1.66849999702 -0.0166298318654
v 0.0127279218286 1.66849999702 -0.0127279218286
v 0.00688830157742 1.66800000346 -0.0166298318654
v 0.0127279218286 1.66800000346 -0.0127279218286
v 0.0127279218286 1.66849999702 -0.0127279218286
v 0.0166298318654 1.66849999702 -0.00688830157742
v 0.0127279218286 1.66800000346 -0.0127279218286
v 0.0166298318654 1.66800000346 -0.00688830157742
v 0.0166298318654 1.66849999702 -0.00688830157742
v 0.0179999992251 1.66849999702 0.00000000000
v 0.0166298318654 1.66800000346 -0.00688830157742
v 0.0179999992251 1.66800000346 0.00000000000
v 0.0179999992251 1.66800000346 0.00000000000
v 0.0166298318654 1.66800000346 0.00688830157742
v 0.0140000004321 1.66800000346 0.00000000000
v 0.0129343131557 1.66800000346 0.00535756815225
v 0.0127279218286 1.66800000346 0.0127279218286
v 0.00989949516952 1.66800000346 0.00989949516952
v 0.00688830157742 1.66800000346 0.0166298318654
v 0.00535756815225 1.66800000346 0.0129343131557
v 1.10218208047e-18 1.66800000346 0.0179999992251
v 8.57252763722e-19 1.66800000346 0.0140000004321
v -0.00688830157742 1.66800000346 0.0166298318654
v -0.00535756815225 1.66800000346 0.0129343131557
v -0.0127279218286 1.66800000346 0.0127279218286
v -0.00989949516952 1.66800000346 0.00989949516952
v -0.0166298318654 1.66800000346 0.00688830157742
v -0.0129343131557 1.66800000346 0.00535756815225
v -0.0179999992251 1.66800000346 2.20436416095e-18
v -0.0140000004321 1.66800000346 1.71450552744e-18
v -0.0166298318654 1.66800000346 -0.00688830157742
v -0.0129343131557 1.66800000346 -0.00535756815225
v -0.0127279218286 1.66800000346 -0.0127279218286
v -0.00989949516952 1.66800000346 -0.00989949516952
v -0.00688830157742 1.66800000346 -0.0166298318654
v -0.00535756815225 1.66800000346 -0.0129343131557
v -3.30654634482e-18 1.66800000346 -0.0179999992251
v -2.57175829117e-18 1.66800000346 -0.0140000004321
v 0.00688830157742 1.66800000346 -0.0166298318654
v 0.00535756815225 1.66800000346 -0.0129343131557
v 0.0127279218286 1.66800000346 -0.0127279218286
v 0.00989949516952 1.66800000346 -0.00989949516952
v 0.0166298318654 1.66800000346 -0.00688830157742
v 0.0129343131557 1.66800000346 -0.00535756815225
v 0.0131999999285 1.66750000244 0.00000000000
v 0.0121952099726 1.66750000244 0.00505142146721
v 0.00989949516952 1.66800000346 0.00989949516952
v 0.00933380983770 1.66750000244 0.00933380983770
v 0.00989949516952 1.66800000346 0.00989949516952
v 0.00933380983770 1.66750000244 0.00933380983770
v 0.00505142146721 1.66750000244 0.0121952099726
v 8.08266869353e-19 1.66750000244 0.0131999999285
v -0.00505142146721 1.66750000244 0.0121952099726
v -0.00989949516952 1.66800000346 0.00989949516952
v -0.00933380983770 1.66750000244 0.00933380983770
v -0.00989949516952 1.66800000346 0.00989949516952
v -0.00933380983770 1.66750000244 0.00933380983770
v -0.0121952099726 1.66750000244 0.00505142146721
v -0.0131999999285 1.66750000244 1.61653373871e-18
v -0.0121952099726 1.66750000244 -0.00505142146721
v -0.00989949516952 1.66800000346 -0.00989949516952
v -0.00933380983770 1.66750000244 -0.00933380983770
v -0.00989949516952 1.66800000346 -0.00989949516952
v -0.00933380983770 1.66750000244 -0.00933380983770
v -0.00505142146721 1.66750000244 -0.0121952099726
v -2.42480076316e-18 1.66750000244 -0.0131999999285
v 0.00505142146721 1.66750000244 -0.0121952099726
v 0.00989949516952 1.66800000346 -0.00989949516952
v 0.00933380983770 1.66750000244 -0.00933380983770
v 0.00989949516952 1.66800000346 -0.00989949516952
v 0.00933380983770 1.66750000244 -0.00933380983770
v 0.0121952099726 1.66750000244 -0.00505142146721
v 0.0131999999285 1.66750000244 0.00000000000
v 0.0121952099726 1.66750000244 0.00505142146721
v 0.0131999999285 1.66199999875 0.00000000000
v 0.0121952099726 1.66199999875 0.00505142146721
v 0.0121952099726 1.66750000244 0.00505142146721
v 0.00933380983770 1.66750000244 0.00933380983770
v 0.0121952099726 1.66199999875 0.00505142146721
v 0.00933380983770 1.66199999875 0.00933380983770
v 0.00933380983770 1.66750000244 0.00933380983770
v 0.00505142146721 1.66750000244 0.0121952099726
v 0.00933380983770 1.66199999875 0.00933380983770
v 0.00505142146721 1.66199999875 0.0121952099726
v 0.00505142146721 1.66750000244 0.0121952099726
v 8.08266869353e-19 1.66750000244 0.0131999999285
v 0.00505142146721 1.66199999875 0.0121952099726
v 8.08266869353e-19 1.66199999875 0.0131999999285
v 8.08266869353e-19 1.66750000244 0.0131999999285
v -0.00505142146721 1.66750000244 0.0121952099726
v -0.00505142146721 1.66199999875 0.0121952099726
v -0.00505142146721 1.66750000244 0.0121952099726
v -0.00933380983770 1.66750000244 0.00933380983770
v -0.00505142146721 1.66199999875 0.0121952099726
v -0.00933380983770 1.66199999875 0.00933380983770
v -0.00933380983770 1.66750000244 0.00933380983770
v -0.0121952099726 1.66750000244 0.00505142146721
v -0.00933380983770 1.66199999875 0.00933380983770
v -0.0121952099726 1.66199999875 0.00505142146721
v -0.0121952099726 1.66750000244 0.00505142146721
v -0.0131999999285 1.66750000244 1.61653373871e-18
v -0.0121952099726 1.66199999875 0.00505142146721
v -0.0131999999285 1.66199999875 1.61653373871e-18
v -0.0131999999285 1.66750000244 1.61653373871e-18
v -0.0121952099726 1.66750000244 -0.00505142146721
v -0.0121952099726 1.66199999875 -0.00505142146721
v -0.0121952099726 1.66750000244 -0.00505142146721
v -0.00933380983770 1.66750000244 -0.00933380983770
v -0.0121952099726 1.66199999875 -0.00505142146721
v -0.00933380983770 1.66199999875 -0.00933380983770
v -0.00933380983770 1.66750000244 -0.00933380983770
v -0.00505142146721 1.66750000244 -0.0121952099726
v -0.00933380983770 1.66199999875 -0.00933380983770
v -0.00505142146721 1.66199999875 -0.0121952099726
v -0.00505142146721 1.66750000244 -0.0121952099726
v -2.42480076316e-18 1.66750000244 -0.0131999999285
v -0.00505142146721 1.66199999875 -0.0121952099726
v -2.42480076316e-18 1.66199999875 -0.0131999999285
v -2.42480076316e-18 1.66750000244 -0.0131999999285
v 0.00505142146721 1.66750000244 -0.0121952099726
v 0.00505142146721 1.66199999875 -0.0121952099726
v 0.00505142146721 1.66750000244 -0.0121952099726
v 0.00933380983770 1.66750000244 -0.00933380983770
v 0.00505142146721 1.66199999875 -0.0121952099726
v 0.00933380983770 1.66199999875 -0.00933380983770
v 0.00933380983770 1.66750000244 -0.00933380983770
v 0.0121952099726 1.66750000244 -0.00505142146721
v 0.00933380983770 1.66199999875 -0.00933380983770
v 0.0121952099726 1.66199999875 -0.00505142146721
v 0.0121952099726 1.66750000244 -0.00505142146721
v 0.0131999999285 1.66750000244 0.00000000000
v 0.0121952099726 1.66199999875 -0.00505142146721
v 0.0131999999285 1.66199999875 0.00000000000
v 0.0121952099726 1.66199999875 0.00505142146721
v 0.00800000037998 1.66199999875 0.00000000000
v 0.00739103648812 1.66199999875 0.00306146754883
v 0.00933380983770 1.66199999875 0.00933380983770
v 0.00565685424954 1.66199999875 0.00565685424954
v 0.00505142146721 1.66199999875 0.0121952099726
v 0.00306146754883 1.66199999875 0.00739103648812
v 8.08266869353e-19 1.66199999875 0.0131999999285
v 4.89858736898e-19 1.66199999875 0.00800000037998
v -0.00505142146721 1.66199999875 0.0121952099726
v -0.00306146754883 1.66199999875 0.00739103648812
v -0.00933380983770 1.66199999875 0.00933380983770
v -0.00565685424954 1.66199999875 0.00565685424954
v -0.0121952099726 1.66199999875 0.00505142146721
v -0.00739103648812 1.66199999875 0.00306146754883
v -0.0131999999285 1.66199999875 1.61653373871e-18
v -0.00800000037998 1.66199999875 9.79717473796e-19
v -0.0121952099726 1.66199999875 -0.00505142146721
v -0.00739103648812 1.66199999875 -0.00306146754883
v -0.00933380983770 1.66199999875 -0.00933380983770
v -0.00565685424954 1.66199999875 -0.00565685424954
v -0.00505142146721 1.66199999875 -0.0121952099726
v -0.00306146754883 1.66199999875 -0.00739103648812
v -2.42480076316e-18 1.66199999875 -0.0131999999285
v -1.46957610730e-18 1.66199999875 -0.00800000037998
v 0.00505142146721 1.66199999875 -0.0121952099726
v 0.00306146754883 1.66199999875 -0.00739103648812
v 0.00933380983770 1.66199999875 -0.00933380983770
v 0.00565685424954 1.66199999875 -0.00565685424954
v 0.0121952099726 1.66199999875 -0.00505142146721
v 0.00739103648812 1.66199999875 -0.00306146754883
v 0.00800000037998 1.66199999875 0.00000000000
v 0.00739103648812 1.66199999875 0.00306146754883
v 0.00899999961257 1.66499999738 0.00000000000
v 0.00831491593271 1.66499999738 0.00344415078871
v 0.00739103648812 1.66199999875 0.00306146754883
v 0.00565685424954 1.66199999875 0.00565685424954
v 0.00831491593271 1.66499999738 0.00344415078871
v 0.00636396091431 1.66499999738 0.00636396091431
v 0.00565685424954 1.66199999875 0.00565685424954
v 0.00306146754883 1.66199999875 0.00739103648812
v 0.00636396091431 1.66499999738 0.00636396091431
v 0.00344415078871 1.66499999738 0.00831491593271
v 0.00306146754883 1.66199999875 0.00739103648812
v 4.89858736898e-19 1.66199999875 0.00800000037998
v 0.00344415078871 1.66499999738 0.00831491593271
v 5.51091040236e-19 1.66499999738 0.00899999961257
v 4.89858736898e-19 1.66199999875 0.00800000037998
v -0.00306146754883 1.66199999875 0.00739103648812
v 5.51091040236e-19 1.66499999738 0.00899999961257
v -0.00344415078871 1.66499999738 0.00831491593271
v -0.00306146754883 1.66199999875 0.00739103648812
v -0.00565685424954 1.66199999875 0.00565685424954
v -0.00344415078871 1.66499999738 0.00831491593271
v -0.00636396091431 1.66499999738 0.00636396091431
v -0.00565685424954 1.66199999875 0.00565685424954
v -0.00739103648812 1.66199999875 0.00306146754883
v -0.00636396091431 1.66499999738 0.00636396091431
v -0.00831491593271 1.66499999738 0.00344415078871
v -0.00739103648812 1.66199999875 0.00306146754883
v -0.00800000037998 1.66199999875 9.79717473796e-19
v -0.00831491593271 1.66499999738 0.00344415078871
v -0.00899999961257 1.66499999738 1.10218208047e-18
v -0.00800000037998 1.66199999875 9.79717473796e-19
v -0.00739103648812 1.66199999875 -0.00306146754883
v -0.00899999961257 1.66499999738 1.10218208047e-18
v -0.00831491593271 1.66499999738 -0.00344415078871
v -0.00739103648812 1.66199999875 -0.00306146754883
v -0.00565685424954 1.66199999875 -0.00565685424954
v -0.00831491593271 1.66499999738 -0.00344415078871
v -0.00636396091431 1.66499999738 -0.00636396091431
v -0.00565685424954 1.66199999875 -0.00565685424954
v -0.00306146754883 1.66199999875 -0.00739103648812
v -0.00636396091431 1.66499999738 -0.00636396091431
v -0.00344415078871 1.66499999738 -0.00831491593271
v -0.00306146754883 1.66199999875 -0.00739103648812
v -1.46957610730e-18 1.66199999875 -0.00800000037998
v -0.00344415078871 1.66499999738 -0.00831491593271
v -1.65327317241e-18 1.66499999738 -0.00899999961257
v -1.46957610730e-18 1.66199999875 -0.00800000037998
v 0.00306146754883 1.66199999875 -0.00739103648812
v -1.65327317241e-18 1.66499999738 -0.00899999961257
v 0.00344415078871 1.66499999738 -0.00831491593271
v 0.00306146754883 1.66199999875 -0.00739103648812
v 0.00565685424954 1.66199999875 -0.00565685424954
v 0.00344415078871 1.66499999738 -0.00831491593271
v 0.00636396091431 1.66499999738 -0.00636396091431
v 0.00565685424954 1.66199999875 -0.00565685424954
v 0.00739103648812 1.66199999875 -0.00306146754883
v 0.00636396091431 1.66499999738 -0.00636396091431
v 0.00831491593271 1.66499999738 -0.00344415078871
v 0.00739103648812 1.66199999875 -0.00306146754883
v 0.00800000037998 1.66199999875 0.00000000000
v 0.00831491593271 1.66499999738 -0.00344415078871
v 0.00899999961257 1.66499999738 0.00000000000
v 0.00899999961257 1.66499999738 0.00000000000
v 0.00831491593271 1.66499999738 0.00344415078871
v 0.00000000000 1.67199999666 0.00000000000
v 0.00831491593271 1.66499999738 0.00344415078871
v 0.00636396091431 1.66499999738 0.00636396091431
v 0.00000000000 1.67199999666 0.00000000000
v 0.00636396091431 1.66499999738 0.00636396091431
v 0.00344415078871 1.66499999738 0.00831491593271
v 0.00000000000 1.67199999666 0.00000000000
v 0.00344415078871 1.66499999738 0.00831491593271
v 5.51091040236e-19 1.66499999738 0.00899999961257
v 0.00000000000 1.67199999666 0.00000000000
v 5.51091040236e-19 1.66499999738 0.00899999961257
v -0.00344415078871 1.66499999738 0.00831491593271
v 0.00000000000 1.67199999666 0.00000000000
v -0.00344415078871 1.66499999738 0.00831491593271
v -0.00636396091431 1.66499999738 0.00636396091431
v 0.00000000000 1.67199999666 0.00000000000
v -0.00636396091431 1.66499999738 0.00636396091431
v -0.00831491593271 1.66499999738 0.00344415078871
v 0.00000000000 1.67199999666 0.00000000000
v -0.00831491593271 1.66499999738 0.00344415078871
v -0.00899999961257 1.66499999738 1.10218208047e-18
v 0.00000000000 1.67199999666 0.00000000000
v -0.00899999961257 1.66499999738 1.10218208047e-18
v -0.00831491593271 1.66499999738 -0.00344415078871
v 0.00000000000 1.67199999666 0.00000000000
v -0.00831491593271 1.66499999738 -0.00344415078871
v -0.00636396091431 1.66499999738 -0.00636396091431
v 0.00000000000 1.67199999666 0.00000000000
v -0.00636396091431 1.66499999738 -0.00636396091431
v -0.00344415078871 1.66499999738 -0.00831491593271
v 0.00000000000 1.67199999666 0.00000000000
v -0.00344415078871 1.66499999738 -0.00831491593271
v -1.65327317241e-18 1.66499999738 -0.00899999961257
v 0.00000000000 1.67199999666 0.00000000000
v -1.65327317241e-18 1.66499999738 -0.00899999961257
v 0.00344415078871 1.66499999738 -0.00831491593271
v 0.00000000000 1.67199999666 0.00000000000
v 0.00344415078871 1.66499999738 -0.00831491593271
v 0.00636396091431 1.66499999738 -0.00636396091431
v 0.00000000000 1.67199999666 0.00000000000
v 0.00636396091431 1.66499999738 -0.00636396091431
v 0.00831491593271 1.66499999738 -0.00344415078871
v 0.00000000000 1.67199999666 0.00000000000
v 0.00831491593271 1.66499999738 -0.00344415078871
v 0.00899999961257 1.66499999738 0.00000000000
v 0.00000000000 1.67199999666 0.00000000000
v 0.00000000000 1.67400000072 0.00000000000
v 0.00582044105977 1.67400000072 0.00241090566851
v 0.00630000000820 1.67400000072 0.00000000000
v 0.00445477291942 1.67400000072 0.00445477291942
v 0.00241090566851 1.67400000072 0.00582044105977
v 3.85763743675e-19 1.67400000072 0.00630000000820
v -0.00241090566851 1.67400000072 0.00582044105977
v -0.00445477291942 1.67400000072 0.00445477291942
v -0.00582044105977 1.67400000072 0.00241090566851
v -0.00630000000820 1.67400000072 7.71527487350e-19
v -0.00582044105977 1.67400000072 -0.00241090566851
v -0.00445477291942 1.67400000072 -0.00445477291942
v -0.00241090566851 1.67400000072 -0.00582044105977
v -1.15729123103e-18 1.67400000072 -0.00630000000820
v 0.00241090566851 1.67400000072 -0.00582044105977
v 0.00445477291942 1.67400000072 -0.00445477291942
v 0.00582044105977 1.67400000072 -0.00241090566851
v 0.00630000000820 1.67400000072 0.00000000000
v 0.00582044105977 1.67400000072 0.00241090566851
v 0.00630000000820 1.67725000358 0.00000000000
v 0.00582044105977 1.67725000358 0.00241090566851
v 0.00582044105977 1.67400000072 0.00241090566851
v 0.00445477291942 1.67400000072 0.00445477291942
v 0.00582044105977 1.67725000358 0.00241090566851
v 0.00445477291942 1.67725000358 0.00445477291942
v 0.00445477291942 1.67400000072 0.00445477291942
v 0.00241090566851 1.67400000072 0.00582044105977
v 0.00445477291942 1.67725000358 0.00445477291942
v 0.00241090566851 1.67725000358 0.00582044105977
v 0.00241090566851 1.67400000072 0.00582044105977
v 3.85763743675e-19 1.67400000072 0.00630000000820
v 0.00241090566851 1.67725000358 0.00582044105977
v 3.85763743675e-19 1.67725000358 0.00630000000820
v 3.85763743675e-19 1.67400000072 0.00630000000820
v -0.00241090566851 1.67400000072 0.00582044105977
v 3.85763743675e-19 1.67725000358 0.00630000000820
v -0.00241090566851 1.67725000358 0.00582044105977
v -0.00241090566851 1.67400000072 0.00582044105977
v -0.00445477291942 1.67400000072 0.00445477291942
v -0.00241090566851 1.67725000358 0.00582044105977
v -0.00445477291942 1.67725000358 0.00445477291942
v -0.00445477291942 1.67400000072 0.00445477291942
v -0.00582044105977 1.67400000072 0.00241090566851
v -0.00445477291942 1.67725000358 0.00445477291942
v -0.00582044105977 1.67725000358 0.00241090566851
v -0.00582044105977 1.67400000072 0.00241090566851
v -0.00630000000820 1.67400000072 7.71527487350e-19
v -0.00582044105977 1.67725000358 0.00241090566851
v -0.00630000000820 1.67725000358 7.71527487350e-19
v -0.00630000000820 1.67400000072 7.71527487350e-19
v -0.00582044105977 1.67400000072 -0.00241090566851
v -0.00630000000820 1.67725000358 7.71527487350e-19
v -0.00582044105977 1.67725000358 -0.00241090566851
v -0.00582044105977 1.67400000072 -0.00241090566851
v -0.00445477291942 1.67400000072 -0.00445477291942
v -0.00582044105977 1.67725000358 -0.00241090566851
v -0.00445477291942 1.67725000358 -0.00445477291942
v -0.00445477291942 1.67400000072 -0.00445477291942
v -0.00241090566851 1.67400000072 -0.00582044105977
v -0.00445477291942 1.67725000358 -0.00445477291942
v -0.00241090566851 1.67725000358 -0.00582044105977
v -0.00241090566851 1.67400000072 -0.00582044105977
v -1.15729123103e-18 1.67400000072 -0.00630000000820
v -0.00241090566851 1.67725000358 -0.00582044105977
v -1.15729123103e-18 1.67725000358 -0.00630000000820
v -1.15729123103e-18 1.67400000072 -0.00630000000820
v 0.00241090566851 1.67400000072 -0.00582044105977
v -1.15729123103e-18 1.67725000358 -0.00630000000820
v 0.00241090566851 1.67725000358 -0.00582044105977
v 0.00241090566851 1.67400000072 -0.00582044105977
v 0.00445477291942 1.67400000072 -0.00445477291942
v 0.00241090566851 1.67725000358 -0.00582044105977
v 0.00445477291942 1.67725000358 -0.00445477291942
v 0.00445477291942 1.67400000072 -0.00445477291942
v 0.00582044105977 1.67400000072 -0.00241090566851
v 0.00445477291942 1.67725000358 -0.00445477291942
v 0.00582044105977 1.67725000358 -0.00241090566851
v 0.00582044105977 1.67400000072 -0.00241090566851
v 0.00630000000820 1.67400000072 0.00000000000
v 0.00582044105977 1.67725000358 -0.00241090566851
v 0.00630000000820 1.67725000358 0.00000000000
v 0.00630000000820 1.67725000358 0.00000000000
v 0.00582044105977 1.67725000358 0.00241090566851
v 0.00680000009015 1.67800000137 0.00000000000
v 0.00628238078207 1.67800000137 0.00260224728845
v 0.00582044105977 1.67725000358 0.00241090566851
v 0.00445477291942 1.67725000358 0.00445477291942
v 0.00628238078207 1.67800000137 0.00260224728845
v 0.00480832625180 1.67800000137 0.00480832625180
v 0.00445477291942 1.67725000358 0.00445477291942
v 0.00241090566851 1.67725000358 0.00582044105977
v 0.00480832625180 1.67800000137 0.00480832625180
v 0.00260224728845 1.67800000137 0.00628238078207
v 0.00241090566851 1.67725000358 0.00582044105977
v 3.85763743675e-19 1.67725000358 0.00630000000820
v 0.00260224728845 1.67800000137 0.00628238078207
v 4.16379921194e-19 1.67800000137 0.00680000009015
v 3.85763743675e-19 1.67725000358 0.00630000000820
v -0.00241090566851 1.67725000358 0.00582044105977
v 4.16379921194e-19 1.67800000137 0.00680000009015
v -0.00260224728845 1.67800000137 0.00628238078207
v -0.00241090566851 1.67725000358 0.00582044105977
v -0.00445477291942 1.67725000358 0.00445477291942
v -0.00260224728845 1.67800000137 0.00628238078207
v -0.00480832625180 1.67800000137 0.00480832625180
v -0.00445477291942 1.67725000358 0.00445477291942
v -0.00582044105977 1.67725000358 0.00241090566851
v -0.00480832625180 1.67800000137 0.00480832625180
v -0.00628238078207 1.67800000137 0.00260224728845
v -0.00582044105977 1.67725000358 0.00241090566851
v -0.00630000000820 1.67725000358 7.71527487350e-19
v -0.00628238078207 1.67800000137 0.00260224728845
v -0.00680000009015 1.67800000137 8.32759842387e-19
v -0.00630000000820 1.67725000358 7.71527487350e-19
v -0.00582044105977 1.67725000358 -0.00241090566851
v -0.00680000009015 1.67800000137 8.32759842387e-19
v -0.00628238078207 1.67800000137 -0.00260224728845
v -0.00582044105977 1.67725000358 -0.00241090566851
v -0.00445477291942 1.67725000358 -0.00445477291942
v -0.00628238078207 1.67800000137 -0.00260224728845
v -0.00480832625180 1.67800000137 -0.00480832625180
v -0.00445477291942 1.67725000358 -0.00445477291942
v -0.00241090566851 1.67725000358 -0.00582044105977
v -0.00480832625180 1.67800000137 -0.00480832625180
v -0.00260224728845 1.67800000137 -0.00628238078207
v -0.00241090566851 1.67725000358 -0.00582044105977
v -1.15729123103e-18 1.67725000358 -0.00630000000820
v -0.00260224728845 1.67800000137 -0.00628238078207
v -1.24913971188e-18 1.67800000137 -0.00680000009015
v -1.15729123103e-18 1.67725000358 -0.00630000000820
v 0.00241090566851 1.67725000358 -0.00582044105977
v -1.24913971188e-18 1.67800000137 -0.00680000009015
v 0.00260224728845 1.67800000137 -0.00628238078207
v 0.00241090566851 1.67725000358 -0.00582044105977
v 0.00445477291942 1.67725000358 -0.00445477291942
v 0.00260224728845 1.67800000137 -0.00628238078207
v 0.00480832625180 1.67800000137 -0.00480832625180
v 0.00445477291942 1.67725000358 -0.00445477291942
v 0.00582044105977 1.67725000358 -0.00241090566851
v 0.00480832625180 1.67800000137 -0.00480832625180
v 0.00628238078207 1.67800000137 -0.00260224728845
v 0.00582044105977 1.67725000358 -0.00241090566851
v 0.00630000000820 1.67725000358 0.00000000000
v 0.00628238078207 1.67800000137 -0.00260224728845
v 0.00680000009015 1.67800000137 0.00000000000
vt 0 0
vt 0.0625 0
vt 0 0.0555555559694767
vt 0.0625 0.0555555559694767
vt 0.125 0
vt 0.125 0.0555555559694767
vt 0.1875 0
vt 0.1875 0.0555555559694767
vt 0.25 0
vt 0.25 0.0555555559694767
vt 0.3125 0
vt 0.3125 0.0555555559694767
vt 0.375 0
vt 0.375 0.0555555559694767
vt 0.4375 0
vt 0.4375 0.0555555559694767
vt 0.5 0
vt 0.5 0.0555555559694767
vt 0.5625 0
vt 0.5625 0.0555555559694767
vt 0.625 0
vt 0.625 0.0555555559694767
vt 0.6875 0
vt 0.6875 0.0555555559694767
vt 0.75 0
vt 0.75 0.0555555559694767
vt 0.8125 0
vt 0.8125 0.0555555559694767
vt 0.875 0
vt 0.875 0.0555555559694767
vt 0.9375 0
vt 0.9375 0.0555555559694767
vt 0 0.0555555559694767
vt 0.0625 0.0555555559694767
vt 0 0.1111111119389534
vt 0.0625 0.1111111119389534
vt 0.0625 0.0555555559694767
vt 0.125 0.0555555559694767
vt 0.0625 0.1111111119389534
vt 0.125 0.1111111119389534
vt 0.125 0.0555555559694767
vt 0.1875 0.0555555559694767
vt 0.125 0.1111111119389534
vt 0.1875 0.1111111119389534
vt 0.1875 0.0555555559694767
vt 0.25 0.0555555559694767
vt 0.1875 0.1111111119389534
vt 0.25 0.1111111119389534
vt 0.25 0.0555555559694767
vt 0.3125 0.0555555559694767
vt 0.25 0.1111111119389534
vt 0.3125 0.1111111119389534
vt 0.3125 0.0555555559694767
vt 0.375 0.0555555559694767
vt 0.3125 0.1111111119389534
vt 0.375 0.1111111119389534
vt 0.375 0.0555555559694767
vt 0.4375 0.0555555559694767
vt 0.375 0.1111111119389534
vt 0.4375 0.1111111119389534
vt 0.4375 0.0555555559694767
vt 0.5 0.0555555559694767
vt 0.4375 0.1111111119389534
vt 0.5 0.1111111119389534
vt 0.5 0.0555555559694767
vt 0.5625 0.0555555559694767
vt 0.5 0.1111111119389534
vt 0.5625 0.1111111119389534
vt 0.5625 0.0555555559694767
vt 0.625 0.0555555559694767
vt 0.5625 0.1111111119389534
vt 0.625 0.1111111119389534
vt 0.625 0.0555555559694767
vt 0.6875 0.0555555559694767
vt 0.625 0.1111111119389534
vt 0.6875 0.1111111119389534
vt 0.6875 0.0555555559694767
vt 0.75 0.0555555559694767
vt 0.6875 0.1111111119389534
vt 0.75 0.1111111119389534
vt 0.75 0.0555555559694767
vt 0.8125 0.0555555559694767
vt 0.75 0.1111111119389534
vt 0.8125 0.1111111119389534
vt 0.8125 0.0555555559694767
vt 0.875 0.0555555559694767
vt 0.8125 0.1111111119389534
vt 0.875 0.1111111119389534
vt 0.875 0.0555555559694767
vt 0.9375 0.0555555559694767
vt 0.875 0.1111111119389534
vt 0.9375 0.1111111119389534
vt 0.9375 0.0555555559694767
vt 0 0.0555555559694767
vt 0.9375 0.1111111119389534
vt 0 0.1111111119389534
vt 0 0.1111111119389534
vt 0.0625 0.1111111119389534
vt 0 0.1666666716337204
vt 0.0625 0.1666666716337204
vt 0.0625 0.1111111119389534
vt 0.125 0.1111111119389534
vt 0.0625 0.1666666716337204
vt 0.125 0.1666666716337204
vt 0.125 0.1111111119389534
vt 0.1875 0.1111111119389534
vt 0.125 0.1666666716337204
vt 0.1875 0.1666666716337204
vt 0.1875 0.1111111119389534
vt 0.25 0.1111111119389534
vt 0.1875 0.1666666716337204
vt 0.25 0.1666666716337204
vt 0.25 0.1111111119389534
vt 0.3125 0.1111111119389534
vt 0.3125 0.1666666716337204
vt 0.3125 0.1111111119389534
vt 0.375 0.1111111119389534
vt 0.3125 0.1666666716337204
vt 0.375 0.1666666716337204
vt 0.375 0.1111111119389534
vt 0.4375 0.1111111119389534
vt 0.375 0.1666666716337204
vt 0.4375 0.1666666716337204
vt 0.4375 0.1111111119389534
vt 0.5 0.1111111119389534
vt 0.4375 0.1666666716337204
vt 0.5 0.1666666716337204
vt 0.5 0.1111111119389534
vt 0.5625 0.1111111119389534
vt 0.5625 0.1666666716337204
vt 0.5625 0.1111111119389534
vt 0.625 0.1111111119389534
vt 0.5625 0.1666666716337204
vt 0.625 0.1666666716337204
vt 0.625 0.1111111119389534
vt 0.6875 0.1111111119389534
vt 0.625 0.1666666716337204
vt 0.6875 0.1666666716337204
vt 0.6875 0.1111111119389534
vt 0.75 0.1111111119389534
vt 0.6875 0.1666666716337204
vt 0.75 0.1666666716337204
vt 0.75 0.1111111119389534
vt 0.8125 0.1111111119389534
vt 0.8125 0.1666666716337204
vt 0.8125 0.1111111119389534
vt 0.875 0.1111111119389534
vt 0.8125 0.1666666716337204
vt 0.875 0.1666666716337204
vt 0.875 0.1111111119389534
vt 0.9375 0.1111111119389534
vt 0.875 0.1666666716337204
vt 0.9375 0.1666666716337204
vt 0.9375 0.1111111119389534
vt 0 0.1111111119389534
vt 0.9375 0.1666666716337204
vt 0 0.1666666716337204
vt 0.0625 0.1666666716337204
vt 0 0.2222222238779068
vt 0.0625 0.2222222238779068
vt 0.0625 0.1666666716337204
vt 0.125 0.1666666716337204
vt 0.0625 0.2222222238779068
vt 0.125 0.2222222238779068
vt 0.125 0.1666666716337204
vt 0.1875 0.1666666716337204
vt 0.125 0.2222222238779068
vt 0.1875 0.2222222238779068
vt 0.1875 0.1666666716337204
vt 0.25 0.1666666716337204
vt 0.1875 0.2222222238779068
vt 0.25 0.2222222238779068
vt 0.25 0.1666666716337204
vt 0.3125 0.1666666716337204
vt 0.25 0.2222222238779068
vt 0.3125 0.2222222238779068
vt 0.3125 0.1666666716337204
vt 0.375 0.1666666716337204
vt 0.3125 0.2222222238779068
vt 0.375 0.2222222238779068
vt 0.375 0.1666666716337204
vt 0.4375 0.1666666716337204
vt 0.375 0.2222222238779068
vt 0.4375 0.2222222238779068
vt 0.4375 0.1666666716337204
vt 0.5 0.1666666716337204
vt 0.4375 0.2222222238779068
vt 0.5 0.2222222238779068
vt 0.5 0.1666666716337204
vt 0.5625 0.1666666716337204
vt 0.5 0.2222222238779068
vt 0.5625 0.2222222238779068
vt 0.5625 0.1666666716337204
vt 0.625 0.1666666716337204
vt 0.5625 0.2222222238779068
vt 0.625 0.2222222238779068
vt 0.625 0.1666666716337204
vt 0.6875 0.1666666716337204
vt 0.625 0.2222222238779068
vt 0.6875 0.2222222238779068
vt 0.6875 0.1666666716337204
vt 0.75 0.1666666716337204
vt 0.6875 0.2222222238779068
vt 0.75 0.2222222238779068
vt 0.75 0.1666666716337204
vt 0.8125 0.1666666716337204
vt 0.75 0.2222222238779068
vt 0.8125 0.2222222238779068
vt 0.8125 0.1666666716337204
vt 0.875 0.1666666716337204
vt 0.8125 0.2222222238779068
vt 0.875 0.2222222238779068
vt 0.875 0.1666666716337204
vt 0.9375 0.1666666716337204
vt 0.875 0.2222222238779068
vt 0.9375 0.2222222238779068
vt 0.9375 0.1666666716337204
vt 0 0.1666666716337204
vt 0.9375 0.2222222238779068
vt 0 0.2222222238779068
vt 0 0.2222222238779068
vt 0.0625 0.2222222238779068
vt 0 0.2777777910232544
vt 0.0625 0.2777777910232544
vt 0.0625 0.2222222238779068
vt 0.125 0.2222222238779068
vt 0.0625 0.2777777910232544
vt 0.125 0.2777777910232544
vt 0.125 0.2222222238779068
vt 0.1875 0.2222222238779068
vt 0.125 0.2777777910232544
vt 0.1875 0.2777777910232544
vt 0.1875 0.2222222238779068
vt 0.25 0.2222222238779068
vt 0.1875 0.2777777910232544
vt 0.25 0.2777777910232544
vt 0.25 0.2222222238779068
vt 0.3125 0.2222222238779068
vt 0.25 0.2777777910232544
vt 0.3125 0.2777777910232544
vt 0.3125 0.2222222238779068
vt 0.375 0.2222222238779068
vt 0.3125 0.2777777910232544
vt 0.375 0.2777777910232544
vt 0.375 0.2222222238779068
vt 0.4375 0.2222222238779068
vt 0.375 0.2777777910232544
vt 0.4375 0.2777777910232544
vt 0.4375 0.2222222238779068
vt 0.5 0.2222222238779068
vt 0.4375 0.2777777910232544
vt 0.5 0.2777777910232544
vt 0.5 0.2222222238779068
vt 0.5625 0.2222222238779068
vt 0.5 0.2777777910232544
vt 0.5625 0.2777777910232544
vt 0.5625 0.2222222238779068
vt 0.625 0.2222222238779068
vt 0.5625 0.2777777910232544
vt 0.625 0.2777777910232544
vt 0.625 0.2222222238779068
vt 0.6875 0.2222222238779068
vt 0.625 0.2777777910232544
vt 0.6875 0.2777777910232544
vt 0.6875 0.2222222238779068
vt 0.75 0.2222222238779068
vt 0.6875 0.2777777910232544
vt 0.75 0.2777777910232544
vt 0.75 0.2222222238779068
vt 0.8125 0.2222222238779068
vt 0.75 0.2777777910232544
vt 0.8125 0.2777777910232544
vt 0.8125 0.2222222238779068
vt 0.875 0.2222222238779068
vt 0.8125 0.2777777910232544
vt 0.875 0.2777777910232544
vt 0.875 0.2222222238779068
vt 0.9375 0.2222222238779068
vt 0.875 0.2777777910232544
vt 0.9375 0.2777777910232544
vt 0.9375 0.2222222238779068
vt 0 0.2222222238779068
vt 0.9375 0.2777777910232544
vt 0 0.2777777910232544
vt 0 0.2777777910232544
vt 0.0625 0.2777777910232544
vt 0 0.3333333432674408
vt 0.0625 0.3333333432674408
vt 0.0625 0.2777777910232544
vt 0.125 0.2777777910232544
vt 0.0625 0.3333333432674408
vt 0.125 0.3333333432674408
vt 0.125 0.2777777910232544
vt 0.1875 0.2777777910232544
vt 0.125 0.3333333432674408
vt 0.1875 0.3333333432674408
vt 0.1875 0.2777777910232544
vt 0.25 0.2777777910232544
vt 0.1875 0.3333333432674408
vt 0.25 0.3333333432674408
vt 0.25 0.2777777910232544
vt 0.3125 0.2777777910232544
vt 0.25 0.3333333432674408
vt 0.3125 0.3333333432674408
vt 0.3125 0.2777777910232544
vt 0.375 0.2777777910232544
vt 0.3125 0.3333333432674408
vt 0.375 0.3333333432674408
vt 0.375 0.2777777910232544
vt 0.4375 0.2777777910232544
vt 0.375 0.3333333432674408
vt 0.4375 0.3333333432674408
vt 0.4375 0.2777777910232544
vt 0.5 0.2777777910232544
vt 0.4375 0.3333333432674408
vt 0.5 0.3333333432674408
vt 0.5 0.2777777910232544
vt 0.5625 0.2777777910232544
vt 0.5 0.3333333432674408
vt 0.5625 0.3333333432674408
vt 0.5625 0.2777777910232544
vt 0.625 0.2777777910232544
vt 0.5625 0.3333333432674408
vt 0.625 0.3333333432674408
vt 0.625 0.2777777910232544
vt 0.6875 0.2777777910232544
vt 0.625 0.3333333432674408
vt 0.6875 0.3333333432674408
vt 0.6875 0.2777777910232544
vt 0.75 0.2777777910232544
vt 0.6875 0.3333333432674408
vt 0.75 0.3333333432674408
vt 0.75 0.2777777910232544
vt 0.8125 0.2777777910232544
vt 0.75 0.3333333432674408
vt 0.8125 0.3333333432674408
vt 0.8125 0.2777777910232544
vt 0.875 0.2777777910232544
vt 0.8125 0.3333333432674408
vt 0.875 0.3333333432674408
vt 0.875 0.2777777910232544
vt 0.9375 0.2777777910232544
vt 0.875 0.3333333432674408
vt 0.9375 0.3333333432674408
vt 0.9375 0.2777777910232544
vt 0 0.2777777910232544
vt 0.9375 0.3333333432674408
vt 0 0.3333333432674408
vt 0 0.3333333432674408
vt 0.0625 0.3333333432674408
vt 0 0.3888888955116272
vt 0.0625 0.3888888955116272
vt 0.0625 0.3333333432674408
vt 0.125 0.3333333432674408
vt 0.125 0.3888888955116272
vt 0.125 0.3333333432674408
vt 0.1875 0.3333333432674408
vt 0.1875 0.3888888955116272
vt 0.1875 0.3333333432674408
vt 0.25 0.3333333432674408
vt 0.25 0.3888888955116272
vt 0.25 0.3333333432674408
vt 0.3125 0.3333333432674408
vt 0.3125 0.3888888955116272
vt 0.3125 0.3333333432674408
vt 0.375 0.3333333432674408
vt 0.375 0.3888888955116272
vt 0.375 0.3333333432674408
vt 0.4375 0.3333333432674408
vt 0.4375 0.3888888955116272
vt 0.4375 0.3333333432674408
vt 0.5 0.3333333432674408
vt 0.5 0.3888888955116272
vt 0.5 0.3333333432674408
vt 0.5625 0.3333333432674408
vt 0.5625 0.3888888955116272
vt 0.5625 0.3333333432674408
vt 0.625 0.3333333432674408
vt 0.625 0.3888888955116272
vt 0.625 0.3333333432674408
vt 0.6875 0.3333333432674408
vt 0.6875 0.3888888955116272
vt 0.6875 0.3333333432674408
vt 0.75 0.3333333432674408
vt 0.75 0.3888888955116272
vt 0.75 0.3333333432674408
vt 0.8125 0.3333333432674408
vt 0.8125 0.3888888955116272
vt 0.8125 0.3333333432674408
vt 0.875 0.3333333432674408
vt 0.875 0.3888888955116272
vt 0.875 0.3333333432674408
vt 0.9375 0.3333333432674408
vt 0.9375 0.3888888955116272
vt 0.9375 0.3333333432674408
vt 0 0.3333333432674408
vt 0 0.3888888955116272
vt 0.0625 0.3888888955116272
vt 0 0.4444444477558136
vt 0.0625 0.4444444477558136
vt 0.0625 0.3888888955116272
vt 0.125 0.3888888955116272
vt 0.0625 0.4444444477558136
vt 0.125 0.4444444477558136
vt 0.125 0.3888888955116272
vt 0.1875 0.3888888955116272
vt 0.125 0.4444444477558136
vt 0.1875 0.4444444477558136
vt 0.1875 0.3888888955116272
vt 0.25 0.3888888955116272
vt 0.1875 0.4444444477558136
vt 0.25 0.4444444477558136
vt 0.25 0.3888888955116272
vt 0.3125 0.3888888955116272
vt 0.25 0.4444444477558136
vt 0.3125 0.4444444477558136
vt 0.3125 0.3888888955116272
vt 0.375 0.3888888955116272
vt 0.3125 0.4444444477558136
vt 0.375 0.4444444477558136
vt 0.375 0.3888888955116272
vt 0.4375 0.3888888955116272
vt 0.375 0.4444444477558136
vt 0.4375 0.4444444477558136
vt 0.4375 0.3888888955116272
vt 0.5 0.3888888955116272
vt 0.4375 0.4444444477558136
vt 0.5 0.4444444477558136
vt 0.5 0.3888888955116272
vt 0.5625 0.3888888955116272
vt 0.5 0.4444444477558136
vt 0.5625 0.4444444477558136
vt 0.5625 0.3888888955116272
vt 0.625 0.3888888955116272
vt 0.5625 0.4444444477558136
vt 0.625 0.4444444477558136
vt 0.625 0.3888888955116272
vt 0.6875 0.3888888955116272
vt 0.625 0.4444444477558136
vt 0.6875 0.4444444477558136
vt 0.6875 0.3888888955116272
vt 0.75 0.3888888955116272
vt 0.6875 0.4444444477558136
vt 0.75 0.4444444477558136
vt 0.75 0.3888888955116272
vt 0.8125 0.3888888955116272
vt 0.75 0.4444444477558136
vt 0.8125 0.4444444477558136
vt 0.8125 0.3888888955116272
vt 0.875 0.3888888955116272
vt 0.8125 0.4444444477558136
vt 0.875 0.4444444477558136
vt 0.875 0.3888888955116272
vt 0.9375 0.3888888955116272
vt 0.875 0.4444444477558136
vt 0.9375 0.4444444477558136
vt 0.9375 0.3888888955116272
vt 0 0.3888888955116272
vt 0.9375 0.4444444477558136
vt 0 0.4444444477558136
vt 0 0.4444444477558136
vt 0.0625 0.4444444477558136
vt 0 0.5
vt 0.0625 0.5
vt 0.0625 0.4444444477558136
vt 0.125 0.4444444477558136
vt 0.0625 0.5
vt 0.125 0.5
vt 0.125 0.4444444477558136
vt 0.1875 0.4444444477558136
vt 0.125 0.5
vt 0.1875 0.5
vt 0.1875 0.4444444477558136
vt 0.25 0.4444444477558136
vt 0.1875 0.5
vt 0.25 0.5
vt 0.25 0.4444444477558136
vt 0.3125 0.4444444477558136
vt 0.25 0.5
vt 0.3125 0.5
vt 0.3125 0.4444444477558136
vt 0.375 0.4444444477558136
vt 0.3125 0.5
vt 0.375 0.5
vt 0.375 0.4444444477558136
vt 0.4375 0.4444444477558136
vt 0.375 0.5
vt 0.4375 0.5
vt 0.4375 0.4444444477558136
vt 0.5 0.4444444477558136
vt 0.4375 0.5
vt 0.5 0.5
vt 0.5 0.4444444477558136
vt 0.5625 0.4444444477558136
vt 0.5 0.5
vt 0.5625 0.5
vt 0.5625 0.4444444477558136
vt 0.625 0.4444444477558136
vt 0.5625 0.5
vt 0.625 0.5
vt 0.625 0.4444444477558136
vt 0.6875 0.4444444477558136
vt 0.625 0.5
vt 0.6875 0.5
vt 0.6875 0.4444444477558136
vt 0.75 0.4444444477558136
vt 0.6875 0.5
vt 0.75 0.5
vt 0.75 0.4444444477558136
vt 0.8125 0.4444444477558136
vt 0.75 0.5
vt 0.8125 0.5
vt 0.8125 0.4444444477558136
vt 0.875 0.4444444477558136
vt 0.8125 0.5
vt 0.875 0.5
vt 0.875 0.4444444477558136
vt 0.9375 0.4444444477558136
vt 0.875 0.5
vt 0.9375 0.5
vt 0.9375 0.4444444477558136
vt 0 0.4444444477558136
vt 0.9375 0.5
vt 0 0.5
vt 0 0.5
vt 0.0625 0.5
vt 0 0.5555555820465088
vt 0.0625 0.5555555820465088
vt 0.125 0.5
vt 0.125 0.5555555820465088
vt 0.1875 0.5
vt 0.1875 0.5555555820465088
vt 0.25 0.5
vt 0.25 0.5555555820465088
vt 0.3125 0.5
vt 0.3125 0.5555555820465088
vt 0.375 0.5
vt 0.375 0.5555555820465088
vt 0.4375 0.5
vt 0.4375 0.5555555820465088
vt 0.5 0.5
vt 0.5 0.5555555820465088
vt 0.5625 0.5
vt 0.5625 0.5555555820465088
vt 0.625 0.5
vt 0.625 0.5555555820465088
vt 0.6875 0.5
vt 0.6875 0.5555555820465088
vt 0.75 0.5
vt 0.75 0.5555555820465088
vt 0.8125 0.5
vt 0.8125 0.5555555820465088
vt 0.875 0.5
vt 0.875 0.5555555820465088
vt 0.9375 0.5
vt 0.9375 0.5555555820465088
vt 0 0.6111111044883728
vt 0.0625 0.6111111044883728
vt 0.125 0.5555555820465088
vt 0.125 0.6111111044883728
vt 0.125 0.5555555820465088
vt 0.125 0.6111111044883728
vt 0.1875 0.6111111044883728
vt 0.25 0.6111111044883728
vt 0.3125 0.6111111044883728
vt 0.375 0.5555555820465088
vt 0.375 0.6111111044883728
vt 0.375 0.5555555820465088
vt 0.375 0.6111111044883728
vt 0.4375 0.6111111044883728
vt 0.5 0.6111111044883728
vt 0.5625 0.6111111044883728
vt 0.625 0.5555555820465088
vt 0.625 0.6111111044883728
vt 0.625 0.5555555820465088
vt 0.625 0.6111111044883728
vt 0.6875 0.6111111044883728
vt 0.75 0.6111111044883728
vt 0.8125 0.6111111044883728
vt 0.875 0.5555555820465088
vt 0.875 0.6111111044883728
vt 0.875 0.5555555820465088
vt 0.875 0.6111111044883728
vt 0.9375 0.6111111044883728
vt 0 0.6111111044883728
vt 0.0625 0.6111111044883728
vt 0 0.6666666865348816
vt 0.0625 0.6666666865348816
vt 0.0625 0.6111111044883728
vt 0.125 0.6111111044883728
vt 0.0625 0.6666666865348816
vt 0.125 0.6666666865348816
vt 0.125 0.6111111044883728
vt 0.1875 0.6111111044883728
vt 0.125 0.6666666865348816
vt 0.1875 0.6666666865348816
vt 0.1875 0.6111111044883728
vt 0.25 0.6111111044883728
vt 0.1875 0.6666666865348816
vt 0.25 0.6666666865348816
vt 0.25 0.6111111044883728
vt 0.3125 0.6111111044883728
vt 0.3125 0.6666666865348816
vt 0.3125 0.6111111044883728
vt 0.375 0.6111111044883728
vt 0.3125 0.6666666865348816
vt 0.375 0.6666666865348816
vt 0.375 0.6111111044883728
vt 0.4375 0.6111111044883728
vt 0.375 0.6666666865348816
vt 0.4375 0.6666666865348816
vt 0.4375 0.6111111044883728
vt 0.5 0.6111111044883728
vt 0.4375 0.6666666865348816
vt 0.5 0.6666666865348816
vt 0.5 0.6111111044883728
vt 0.5625 0.6111111044883728
vt 0.5625 0.6666666865348816
vt 0.5625 0.6111111044883728
vt 0.625 0.6111111044883728
vt 0.5625 0.6666666865348816
vt 0.625 0.6666666865348816
vt 0.625 0.6111111044883728
vt 0.6875 0.6111111044883728
vt 0.625 0.6666666865348816
vt 0.6875 0.6666666865348816
vt 0.6875 0.6111111044883728
vt 0.75 0.6111111044883728
vt 0.6875 0.6666666865348816
vt 0.75 0.6666666865348816
vt 0.75 0.6111111044883728
vt 0.8125 0.6111111044883728
vt 0.8125 0.6666666865348816
vt 0.8125 0.6111111044883728
vt 0.875 0.6111111044883728
vt 0.8125 0.6666666865348816
vt 0.875 0.6666666865348816
vt 0.875 0.6111111044883728
vt 0.9375 0.6111111044883728
vt 0.875 0.6666666865348816
vt 0.9375 0.6666666865348816
vt 0.9375 0.6111111044883728
vt 0 0.6111111044883728
vt 0.9375 0.6666666865348816
vt 0 0.6666666865348816
vt 0.0625 0.6666666865348816
vt 0 0.7222222089767456
vt 0.0625 0.7222222089767456
vt 0.125 0.6666666865348816
vt 0.125 0.7222222089767456
vt 0.1875 0.6666666865348816
vt 0.1875 0.7222222089767456
vt 0.25 0.6666666865348816
vt 0.25 0.7222222089767456
vt 0.3125 0.6666666865348816
vt 0.3125 0.7222222089767456
vt 0.375 0.6666666865348816
vt 0.375 0.7222222089767456
vt 0.4375 0.6666666865348816
vt 0.4375 0.7222222089767456
vt 0.5 0.6666666865348816
vt 0.5 0.7222222089767456
vt 0.5625 0.6666666865348816
vt 0.5625 0.7222222089767456
vt 0.625 0.6666666865348816
vt 0.625 0.7222222089767456
vt 0.6875 0.6666666865348816
vt 0.6875 0.7222222089767456
vt 0.75 0.6666666865348816
vt 0.75 0.7222222089767456
vt 0.8125 0.6666666865348816
vt 0.8125 0.7222222089767456
vt 0.875 0.6666666865348816
vt 0.875 0.7222222089767456
vt 0.9375 0.6666666865348816
vt 0.9375 0.7222222089767456
vt 0 0.7222222089767456
vt 0.0625 0.7222222089767456
vt 0 0.7777777910232544
vt 0.0625 0.7777777910232544
vt 0.0625 0.7222222089767456
vt 0.125 0.7222222089767456
vt 0.0625 0.7777777910232544
vt 0.125 0.7777777910232544
vt 0.125 0.7222222089767456
vt 0.1875 0.7222222089767456
vt 0.125 0.7777777910232544
vt 0.1875 0.7777777910232544
vt 0.1875 0.7222222089767456
vt 0.25 0.7222222089767456
vt 0.1875 0.7777777910232544
vt 0.25 0.7777777910232544
vt 0.25 0.7222222089767456
vt 0.3125 0.7222222089767456
vt 0.25 0.7777777910232544
vt 0.3125 0.7777777910232544
vt 0.3125 0.7222222089767456
vt 0.375 0.7222222089767456
vt 0.3125 0.7777777910232544
vt 0.375 0.7777777910232544
vt 0.375 0.7222222089767456
vt 0.4375 0.7222222089767456
vt 0.375 0.7777777910232544
vt 0.4375 0.7777777910232544
vt 0.4375 0.7222222089767456
vt 0.5 0.7222222089767456
vt 0.4375 0.7777777910232544
vt 0.5 0.7777777910232544
vt 0.5 0.7222222089767456
vt 0.5625 0.7222222089767456
vt 0.5 0.7777777910232544
vt 0.5625 0.7777777910232544
vt 0.5625 0.7222222089767456
vt 0.625 0.7222222089767456
vt 0.5625 0.7777777910232544
vt 0.625 0.7777777910232544
vt 0.625 0.7222222089767456
vt 0.6875 0.7222222089767456
vt 0.625 0.7777777910232544
vt 0.6875 0.7777777910232544
vt 0.6875 0.7222222089767456
vt 0.75 0.7222222089767456
vt 0.6875 0.7777777910232544
vt 0.75 0.7777777910232544
vt 0.75 0.7222222089767456
vt 0.8125 0.7222222089767456
vt 0.75 0.7777777910232544
vt 0.8125 0.7777777910232544
vt 0.8125 0.7222222089767456
vt 0.875 0.7222222089767456
vt 0.8125 0.7777777910232544
vt 0.875 0.7777777910232544
vt 0.875 0.7222222089767456
vt 0.9375 0.7222222089767456
vt 0.875 0.7777777910232544
vt 0.9375 0.7777777910232544
vt 0.9375 0.7222222089767456
vt 0 0.7222222089767456
vt 0.9375 0.7777777910232544
vt 0 0.7777777910232544
vt 0 0.7777777910232544
vt 0.0625 0.7777777910232544
vt 0 0.8333333134651184
vt 0.0625 0.7777777910232544
vt 0.125 0.7777777910232544
vt 0 0.8333333134651184
vt 0.125 0.7777777910232544
vt 0.1875 0.7777777910232544
vt 0 0.8333333134651184
vt 0.1875 0.7777777910232544
vt 0.25 0.7777777910232544
vt 0 0.8333333134651184
vt 0.25 0.7777777910232544
vt 0.3125 0.7777777910232544
vt 0 0.8333333134651184
vt 0.3125 0.7777777910232544
vt 0.375 0.7777777910232544
vt 0 0.8333333134651184
vt 0.375 0.7777777910232544
vt 0.4375 0.7777777910232544
vt 0 0.8333333134651184
vt 0.4375 0.7777777910232544
vt 0.5 0.7777777910232544
vt 0 0.8333333134651184
vt 0.5 0.7777777910232544
vt 0.5625 0.7777777910232544
vt 0 0.8333333134651184
vt 0.5625 0.7777777910232544
vt 0.625 0.7777777910232544
vt 0 0.8333333134651184
vt 0.625 0.7777777910232544
vt 0.6875 0.7777777910232544
vt 0 0.8333333134651184
vt 0.6875 0.7777777910232544
vt 0.75 0.7777777910232544
vt 0 0.8333333134651184
vt 0.75 0.7777777910232544
vt 0.8125 0.7777777910232544
vt 0 0.8333333134651184
vt 0.8125 0.7777777910232544
vt 0.875 0.7777777910232544
vt 0 0.8333333134651184
vt 0.875 0.7777777910232544
vt 0.9375 0.7777777910232544
vt 0 0.8333333134651184
vt 0.9375 0.7777777910232544
vt 0 0.7777777910232544
vt 0 0.8333333134651184
vt 0 0.8888888955116272
vt 0.0625 0.9444444179534912
vt 0 0.9444444179534912
vt 0.125 0.9444444179534912
vt 0.1875 0.9444444179534912
vt 0.25 0.9444444179534912
vt 0.3125 0.9444444179534912
vt 0.375 0.9444444179534912
vt 0.4375 0.9444444179534912
vt 0.5 0.9444444179534912
vt 0.5625 0.9444444179534912
vt 0.625 0.9444444179534912
vt 0.6875 0.9444444179534912
vt 0.75 0.9444444179534912
vt 0.8125 0.9444444179534912
vt 0.875 0.9444444179534912
vt 0.9375 0.9444444179534912
vt 0 0.9444444179534912
vt 0.0625 0.9444444179534912
vt 0 1
vt 0.0625 1
vt 0.0625 0.9444444179534912
vt 0.125 0.9444444179534912
vt 0.0625 1
vt 0.125 1
vt 0.125 0.9444444179534912
vt 0.1875 0.9444444179534912
vt 0.125 1
vt 0.1875 1
vt 0.1875 0.9444444179534912
vt 0.25 0.9444444179534912
vt 0.1875 1
vt 0.25 1
vt 0.25 0.9444444179534912
vt 0.3125 0.9444444179534912
vt 0.25 1
vt 0.3125 1
vt 0.3125 0.9444444179534912
vt 0.375 0.9444444179534912
vt 0.3125 1
vt 0.375 1
vt 0.375 0.9444444179534912
vt 0.4375 0.9444444179534912
vt 0.375 1
vt 0.4375 1
vt 0.4375 0.9444444179534912
vt 0.5 0.9444444179534912
vt 0.4375 1
vt 0.5 1
vt 0.5 0.9444444179534912
vt 0.5625 0.9444444179534912
vt 0.5 1
vt 0.5625 1
vt 0.5625 0.9444444179534912
vt 0.625 0.9444444179534912
vt 0.5625 1
vt 0.625 1
vt 0.625 0.9444444179534912
vt 0.6875 0.9444444179534912
vt 0.625 1
vt 0.6875 1
vt 0.6875 0.9444444179534912
vt 0.75 0.9444444179534912
vt 0.6875 1
vt 0.75 1
vt 0.75 0.9444444179534912
vt 0.8125 0.9444444179534912
vt 0.75 1
vt 0.8125 1
vt 0.8125 0.9444444179534912
vt 0.875 0.9444444179534912
vt 0.8125 1
vt 0.875 1
vt 0.875 0.9444444179534912
vt 0.9375 0.9444444179534912
vt 0.875 1
vt 0.9375 1
vt 0.9375 0.9444444179534912
vt 0 0.9444444179534912
vt 0.9375 1
vt 0 1
vt 0 1
vt 0.0625 1
vt 0 0
vt 0.0625 0
vt 0.0625 1
vt 0.125 1
vt 0.0625 0
vt 0.125 0
vt 0.125 1
vt 0.1875 1
vt 0.125 0
vt 0.1875 0
vt 0.1875 1
vt 0.25 1
vt 0.1875 0
vt 0.25 0
vt 0.25 1
vt 0.3125 1
vt 0.25 0
vt 0.3125 0
vt 0.3125 1
vt 0.375 1
vt 0.3125 0
vt 0.375 0
vt 0.375 1
vt 0.4375 1
vt 0.375 0
vt 0.4375 0
vt 0.4375 1
vt 0.5 1
vt 0.4375 0
vt 0.5 0
vt 0.5 1
vt 0.5625 1
vt 0.5 0
vt 0.5625 0
vt 0.5625 1
vt 0.625 1
vt 0.5625 0
vt 0.625 0
vt 0.625 1
vt 0.6875 1
vt 0.625 0
vt 0.6875 0
vt 0.6875 1
vt 0.75 1
vt 0.6875 0
vt 0.75 0
vt 0.75 1
vt 0.8125 1
vt 0.75 0
vt 0.8125 0
vt 0.8125 1
vt 0.875 1
vt 0.8125 0
vt 0.875 0
vt 0.875 1
vt 0.9375 1
vt 0.875 0
vt 0.9375 0
vt 0.9375 1
vt 0 1
vt 0.9375 0
vt 0 0
vn 0.00000000000 1.00000000000 0.00000000000
vn 0.00000000000 1.00000000000 0.00000000000
vn 0.00000000000 1.00000000000 0.00000000000
vn 0.00000000000 1.00000000000 0.00000000000
vn 0.00000000000 1.00000000000 0.00000000000
vn 0.00000000000 1.00000000000 0.00000000000
vn 0.00000000000 1.00000000000 0.00000000000
vn 0.00000000000 1.00000000000 0.00000000000
vn 0.00000000000 1.00000000000 0.00000000000
vn 0.00000000000 1.00000000000 0.00000000000
vn 0.00000000000 1.00000000000 0.00000000000
vn 0.00000000000 1.00000000000 0.00000000000
vn 0.00000000000 1.00000000000 0.00000000000
vn 0.00000000000 1.00000000000 0.00000000000
vn 0.00000000000 1.00000000000 0.00000000000
vn 0.00000000000 1.00000000000 0.00000000000
vn 0.00000000000 1.00000000000 0.00000000000
vn 0.00000000000 1.00000000000 0.00000000000
vn 0.00000000000 1.00000000000 0.00000000000
vn 0.00000000000 1.00000000000 0.00000000000
vn 0.00000000000 1.00000000000 0.00000000000
vn 0.00000000000 1.00000000000 0.00000000000
vn 0.00000000000 1.00000000000 0.00000000000
vn 0.00000000000 1.00000000000 0.00000000000
vn 0.00000000000 1.00000000000 0.00000000000
vn 0.00000000000 1.00000000000 0.00000000000
vn 0.00000000000 1.00000000000 0.00000000000
vn 0.00000000000 1.00000000000 0.00000000000
vn 0.00000000000 1.00000000000 0.00000000000
vn 0.00000000000 1.00000000000 0.00000000000
vn 0.00000000000 1.00000000000 0.00000000000
vn 0.00000000000 1.00000000000 0.00000000000
vn 0.758544259933 0.633912200439 0.150883822382
vn 0.758544259933 0.633912200439 0.150883822382
vn 0.758544259933 0.633912200439 0.150883822382
vn 0.758544259933 0.633912200439 0.150883822382
vn 0.643062822574 0.633912138799 0.429680819337
vn 0.643062822574 0.633912138799 0.429680819337
vn 0.643062822574 0.633912138799 0.429680819337
vn 0.643062822574 0.633912138799 0.429680819337
vn 0.429680819337 0.633912138799 0.643062822574
vn 0.429680819337 0.633912138799 0.643062822574
vn 0.429680819337 0.633912138799 0.643062822574
vn 0.429680819337 0.633912138799 0.643062822574
vn 0.150883822382 0.633912200439 0.758544259933
vn 0.150883822382 0.633912200439 0.758544259933
vn 0.150883822382 0.633912200439 0.758544259933
vn 0.150883822382 0.633912200439 0.758544259933
vn -0.150883822382 0.633912200439 0.758544259933
vn -0.150883822382 0.633912200439 0.758544259933
vn -0.150883822382 0.633912200439 0.758544259933
vn -0.150883822382 0.633912200439 0.758544259933
vn -0.429680819337 0.633912138799 0.643062822574
vn -0.429680819337 0.633912138799 0.643062822574
vn -0.429680819337 0.633912138799 0.643062822574
vn -0.429680819337 0.633912138799 0.643062822574
vn -0.643062822574 0.633912138799 0.429680819337
vn -0.643062822574 0.633912138799 0.429680819337
vn -0.643062822574 0.633912138799 0.429680819337
vn -0.643062822574 0.633912138799 0.429680819337
vn -0.758544259933 0.633912200439 0.150883822382
vn -0.758544259933 0.633912200439 0.150883822382
vn -0.758544259933 0.633912200439 0.150883822382
vn -0.758544259933 0.633912200439 0.150883822382
vn -0.758544259933 0.633912200439 -0.150883822382
vn -0.758544259933 0.633912200439 -0.150883822382
vn -0.758544259933 0.633912200439 -0.150883822382
vn -0.758544259933 0.633912200439 -0.150883822382
vn -0.643062822574 0.633912138799 -0.429680819337
vn -0.643062822574 0.633912138799 -0.429680819337
vn -0.643062822574 0.633912138799 -0.429680819337
vn -0.643062822574 0.633912138799 -0.429680819337
vn -0.429680819337 0.633912138799 -0.643062822574
vn -0.429680819337 0.633912138799 -0.643062822574
vn -0.429680819337 0.633912138799 -0.643062822574
vn -0.429680819337 0.633912138799 -0.643062822574
vn -0.150883822382 0.633912200439 -0.758544259933
vn -0.150883822382 0.633912200439 -0.758544259933
vn -0.150883822382 0.633912200439 -0.758544259933
vn -0.150883822382 0.633912200439 -0.758544259933
vn 0.150883822382 0.633912200439 -0.758544259933
vn 0.150883822382 0.633912200439 -0.758544259933
vn 0.150883822382 0.633912200439 -0.758544259933
vn 0.150883822382 0.633912200439 -0.758544259933
vn 0.429680819337 0.633912138799 -0.643062822574
vn 0.429680819337 0.633912138799 -0.643062822574
vn 0.429680819337 0.633912138799 -0.643062822574
vn 0.429680819337 0.633912138799 -0.643062822574
vn 0.643062822574 0.633912138799 -0.429680819337
vn 0.643062822574 0.633912138799 -0.429680819337
vn 0.643062822574 0.633912138799 -0.429680819337
vn 0.643062822574 0.633912138799 -0.429680819337
vn 0.758544259933 0.633912200439 -0.150883822382
vn 0.758544259933 0.633912200439 -0.150883822382
vn 0.758544259933 0.633912200439 -0.150883822382
vn 0.758544259933 0.633912200439 -0.150883822382
vn 0.939974856246 0.330422256561 0.0852549235786
vn 0.939974856246 0.330422256561 0.0852549235786
vn 0.999927037224 0.00000000000 0.0120797445189
vn 0.999927037224 0.00000000000 0.0120797445189
vn 0.784285031832 0.332078973225 0.524042502462
vn 0.784285031832 0.332078973225 0.524042502462
vn 0.771134937833 0.00000000000 0.636671742465
vn 0.771134937833 0.00000000000 0.636671742465
vn 0.524042502462 0.332078973225 0.784285031832
vn 0.524042502462 0.332078973225 0.784285031832
vn 0.643191286848 0.00000000000 0.765705536432
vn 0.643191286848 0.00000000000 0.765705536432
vn 0.0852549235786 0.330422256561 0.939974856246
vn 0.0852549235786 0.330422256561 0.939974856246
vn -0.0120797445189 0.00000000000 0.999927037224
vn -0.0120797445189 0.00000000000 0.999927037224
vn -0.0852549235786 0.330422256561 0.939974856246
vn -0.0852549235786 0.330422256561 0.939974856246
vn -0.0120797445189 0.00000000000 0.999927037224
vn -0.524042502462 0.332078973225 0.784285031832
vn -0.524042502462 0.332078973225 0.784285031832
vn -0.636671742465 0.00000000000 0.771134937833
vn -0.636671742465 0.00000000000 0.771134937833
vn -0.784285031832 0.332078973225 0.524042502462
vn -0.784285031832 0.332078973225 0.524042502462
vn -0.765705536432 0.00000000000 0.643191286848
vn -0.765705536432 0.00000000000 0.643191286848
vn -0.939974856246 0.330422256561 0.0852549235786
vn -0.939974856246 0.330422256561 0.0852549235786
vn -0.999927037224 0.00000000000 -0.0120797445189
vn -0.999927037224 0.00000000000 -0.0120797445189
vn -0.939974856246 0.330422256561 -0.0852549235786
vn -0.939974856246 0.330422256561 -0.0852549235786
vn -0.999927037224 0.00000000000 -0.0120797445189
vn -0.784285031832 0.332078973225 -0.524042502462
vn -0.784285031832 0.332078973225 -0.524042502462
vn -0.771134937833 0.00000000000 -0.636671742465
vn -0.771134937833 0.00000000000 -0.636671742465
vn -0.524042502462 0.332078973225 -0.784285031832
vn -0.524042502462 0.332078973225 -0.784285031832
vn -0.643191286848 0.00000000000 -0.765705536432
vn -0.643191286848 0.00000000000 -0.765705536432
vn -0.0852549235786 0.330422256561 -0.939974856246
vn -0.0852549235786 0.330422256561 -0.939974856246
vn 0.0120797445189 0.00000000000 -0.999927037224
vn 0.0120797445189 0.00000000000 -0.999927037224
vn 0.0852549235786 0.330422256561 -0.939974856246
vn 0.0852549235786 0.330422256561 -0.939974856246
vn 0.0120797445189 0.00000000000 -0.999927037224
vn 0.524042502462 0.332078973225 -0.784285031832
vn 0.524042502462 0.332078973225 -0.784285031832
vn 0.636671742465 0.00000000000 -0.771134937833
vn 0.636671742465 0.00000000000 -0.771134937833
vn 0.784285031832 0.332078973225 -0.524042502462
vn 0.784285031832 0.332078973225 -0.524042502462
vn 0.765705536432 0.00000000000 -0.643191286848
vn 0.765705536432 0.00000000000 -0.643191286848
vn 0.939974856246 0.330422256561 -0.0852549235786
vn 0.939974856246 0.330422256561 -0.0852549235786
vn 0.999927037224 0.00000000000 0.0120797445189
vn 0.213867114060 -0.976322357750 0.0324886331091
vn 0.213867114060 -0.976322357750 0.0324886331091
vn 0.213867114060 -0.976322357750 0.0324886331091
vn 0.213867114060 -0.976322357750 0.0324886331091
vn 0.174284756099 -0.979091763021 0.104900635728
vn 0.174284756099 -0.979091763021 0.104900635728
vn 0.174284756099 -0.979091763021 0.104900635728
vn 0.174284756099 -0.979091763021 0.104900635728
vn 0.104900635728 -0.979091763021 0.174284756099
vn 0.104900635728 -0.979091763021 0.174284756099
vn 0.104900635728 -0.979091763021 0.174284756099
vn 0.104900635728 -0.979091763021 0.174284756099
vn 0.0324886331091 -0.976322357750 0.213867114060
vn 0.0324886331091 -0.976322357750 0.213867114060
vn 0.0324886331091 -0.976322357750 0.213867114060
vn 0.0324886331091 -0.976322357750 0.213867114060
vn -0.0324886331091 -0.976322357750 0.213867114060
vn -0.0324886331091 -0.976322357750 0.213867114060
vn -0.0324886331091 -0.976322357750 0.213867114060
vn -0.0324886331091 -0.976322357750 0.213867114060
vn -0.104900635728 -0.979091763021 0.174284756099
vn -0.104900635728 -0.979091763021 0.174284756099
vn -0.104900635728 -0.979091763021 0.174284756099
vn -0.104900635728 -0.979091763021 0.174284756099
vn -0.174284756099 -0.979091763021 0.104900635728
vn -0.174284756099 -0.979091763021 0.104900635728
vn -0.174284756099 -0.979091763021 0.104900635728
vn -0.174284756099 -0.979091763021 0.104900635728
vn -0.213867114060 -0.976322357750 0.0324886331091
vn -0.213867114060 -0.976322357750 0.0324886331091
vn -0.213867114060 -0.976322357750 0.0324886331091
vn -0.213867114060 -0.976322357750 0.0324886331091
vn -0.213867114060 -0.976322357750 -0.0324886331091
vn -0.213867114060 -0.976322357750 -0.0324886331091
vn -0.213867114060 -0.976322357750 -0.0324886331091
vn -0.213867114060 -0.976322357750 -0.0324886331091
vn -0.174284756099 -0.979091763021 -0.104900635728
vn -0.174284756099 -0.979091763021 -0.104900635728
vn -0.174284756099 -0.979091763021 -0.104900635728
vn -0.174284756099 -0.979091763021 -0.104900635728
vn -0.104900635728 -0.979091763021 -0.174284756099
vn -0.104900635728 -0.979091763021 -0.174284756099
vn -0.104900635728 -0.979091763021 -0.174284756099
vn -0.104900635728 -0.979091763021 -0.174284756099
vn -0.0324886331091 -0.976322357750 -0.213867114060
vn -0.0324886331091 -0.976322357750 -0.213867114060
vn -0.0324886331091 -0.976322357750 -0.213867114060
vn -0.0324886331091 -0.976322357750 -0.213867114060
vn 0.0324886331091 -0.976322357750 -0.213867114060
vn 0.0324886331091 -0.976322357750 -0.213867114060
vn 0.0324886331091 -0.976322357750 -0.213867114060
vn 0.0324886331091 -0.976322357750 -0.213867114060
vn 0.104900635728 -0.979091763021 -0.174284756099
vn 0.104900635728 -0.979091763021 -0.174284756099
vn 0.104900635728 -0.979091763021 -0.174284756099
vn 0.104900635728 -0.979091763021 -0.174284756099
vn 0.174284756099 -0.979091763021 -0.104900635728
vn 0.174284756099 -0.979091763021 -0.104900635728
vn 0.174284756099 -0.979091763021 -0.104900635728
vn 0.174284756099 -0.979091763021 -0.104900635728
vn 0.213867114060 -0.976322357750 -0.0324886331091
vn 0.213867114060 -0.976322357750 -0.0324886331091
vn 0.213867114060 -0.976322357750 -0.0324886331091
vn 0.213867114060 -0.976322357750 -0.0324886331091
vn 0.957903217957 0.00000000000 0.287091318272
vn 0.957903217957 0.00000000000 0.287091318272
vn 0.957903217957 0.00000000000 0.287091318272
vn 0.957903217957 0.00000000000 0.287091318272
vn 0.771134937833 0.00000000000 0.636671742465
vn 0.771134937833 0.00000000000 0.636671742465
vn 0.771134937833 0.00000000000 0.636671742465
vn 0.771134937833 0.00000000000 0.636671742465
vn 0.643191286848 0.00000000000 0.765705536432
vn 0.643191286848 0.00000000000 0.765705536432
vn 0.643191286848 0.00000000000 0.765705536432
vn 0.643191286848 0.00000000000 0.765705536432
vn 0.264410254613 0.00000000000 0.964410295080
vn 0.264410254613 0.00000000000 0.964410295080
vn 0.264410254613 0.00000000000 0.964410295080
vn 0.264410254613 0.00000000000 0.964410295080
vn -0.287091318272 0.00000000000 0.957903217957
vn -0.287091318272 0.00000000000 0.957903217957
vn -0.287091318272 0.00000000000 0.957903217957
vn -0.287091318272 0.00000000000 0.957903217957
vn -0.636671742465 0.00000000000 0.771134937833
vn -0.636671742465 0.00000000000 0.771134937833
vn -0.636671742465 0.00000000000 0.771134937833
vn -0.636671742465 0.00000000000 0.771134937833
vn -0.765705536432 0.00000000000 0.643191286848
vn -0.765705536432 0.00000000000 0.643191286848
vn -0.765705536432 0.00000000000 0.643191286848
vn -0.765705536432 0.00000000000 0.643191286848
vn -0.964410295080 0.00000000000 0.264410254613
vn -0.964410295080 0.00000000000 0.264410254613
vn -0.964410295080 0.00000000000 0.264410254613
vn -0.964410295080 0.00000000000 0.264410254613
vn -0.957903217957 0.00000000000 -0.287091318272
vn -0.957903217957 0.00000000000 -0.287091318272
vn -0.957903217957 0.00000000000 -0.287091318272
vn -0.957903217957 0.00000000000 -0.287091318272
vn -0.771134937833 0.00000000000 -0.636671742465
vn -0.771134937833 0.00000000000 -0.636671742465
vn -0.771134937833 0.00000000000 -0.636671742465
vn -0.771134937833 0.00000000000 -0.636671742465
vn -0.643191286848 0.00000000000 -0.765705536432
vn -0.643191286848 0.00000000000 -0.765705536432
vn -0.643191286848 0.00000000000 -0.765705536432
vn -0.643191286848 0.00000000000 -0.765705536432
vn -0.264410254613 0.00000000000 -0.964410295080
vn -0.264410254613 0.00000000000 -0.964410295080
vn -0.264410254613 0.00000000000 -0.964410295080
vn -0.264410254613 0.00000000000 -0.964410295080
vn 0.287091318272 0.00000000000 -0.957903217957
vn 0.287091318272 0.00000000000 -0.957903217957
vn 0.287091318272 0.00000000000 -0.957903217957
vn 0.287091318272 0.00000000000 -0.957903217957
vn 0.636671742465 0.00000000000 -0.771134937833
vn 0.636671742465 0.00000000000 -0.771134937833
vn 0.636671742465 0.00000000000 -0.771134937833
vn 0.636671742465 0.00000000000 -0.771134937833
vn 0.765705536432 0.00000000000 -0.643191286848
vn 0.765705536432 0.00000000000 -0.643191286848
vn 0.765705536432 0.00000000000 -0.643191286848
vn 0.765705536432 0.00000000000 -0.643191286848
vn 0.964410295080 0.00000000000 -0.264410254613
vn 0.964410295080 0.00000000000 -0.264410254613
vn 0.964410295080 0.00000000000 -0.264410254613
vn 0.964410295080 0.00000000000 -0.264410254613
vn 0.0822879052184 0.996474177603 0.0163680794567
vn 0.0822879052184 0.996474177603 0.0163680794567
vn 0.0822879052184 0.996474177603 0.0163680794567
vn 0.0822879052184 0.996474177603 0.0163680794567
vn 0.0697603205324 0.996474177331 0.0466123544961
vn 0.0697603205324 0.996474177331 0.0466123544961
vn 0.0697603205324 0.996474177331 0.0466123544961
vn 0.0697603205324 0.996474177331 0.0466123544961
vn 0.0466123544961 0.996474177331 0.0697603205324
vn 0.0466123544961 0.996474177331 0.0697603205324
vn 0.0466123544961 0.996474177331 0.0697603205324
vn 0.0466123544961 0.996474177331 0.0697603205324
vn 0.0163680794567 0.996474177603 0.0822879052184
vn 0.0163680794567 0.996474177603 0.0822879052184
vn 0.0163680794567 0.996474177603 0.0822879052184
vn 0.0163680794567 0.996474177603 0.0822879052184
vn -0.0163680794567 0.996474177603 0.0822879052184
vn -0.0163680794567 0.996474177603 0.0822879052184
vn -0.0163680794567 0.996474177603 0.0822879052184
vn -0.0163680794567 0.996474177603 0.0822879052184
vn -0.0466123544961 0.996474177331 0.0697603205324
vn -0.0466123544961 0.996474177331 0.0697603205324
vn -0.0466123544961 0.996474177331 0.0697603205324
vn -0.0466123544961 0.996474177331 0.0697603205324
vn -0.0697603205324 0.996474177331 0.0466123544961
vn -0.0697603205324 0.996474177331 0.0466123544961
vn -0.0697603205324 0.996474177331 0.0466123544961
vn -0.0697603205324 0.996474177331 0.0466123544961
vn -0.0822879052184 0.996474177603 0.0163680794567
vn -0.0822879052184 0.996474177603 0.0163680794567
vn -0.0822879052184 0.996474177603 0.0163680794567
vn -0.0822879052184 0.996474177603 0.0163680794567
vn -0.0822879052184 0.996474177603 -0.0163680794567
vn -0.0822879052184 0.996474177603 -0.0163680794567
vn -0.0822879052184 0.996474177603 -0.0163680794567
vn -0.0822879052184 0.996474177603 -0.0163680794567
vn -0.0697603205324 0.996474177331 -0.0466123544961
vn -0.0697603205324 0.996474177331 -0.0466123544961
vn -0.0697603205324 0.996474177331 -0.0466123544961
vn -0.0697603205324 0.996474177331 -0.0466123544961
vn -0.0466123544961 0.996474177331 -0.0697603205324
vn -0.0466123544961 0.996474177331 -0.0697603205324
vn -0.0466123544961 0.996474177331 -0.0697603205324
vn -0.0466123544961 0.996474177331 -0.0697603205324
vn -0.0163680794567 0.996474177603 -0.0822879052184
vn -0.0163680794567 0.996474177603 -0.0822879052184
vn -0.0163680794567 0.996474177603 -0.0822879052184
vn -0.0163680794567 0.996474177603 -0.0822879052184
vn 0.0163680794567 0.996474177603 -0.0822879052184
vn 0.0163680794567 0.996474177603 -0.0822879052184
vn 0.0163680794567 0.996474177603 -0.0822879052184
vn 0.0163680794567 0.996474177603 -0.0822879052184
vn 0.0466123544961 0.996474177331 -0.0697603205324
vn 0.0466123544961 0.996474177331 -0.0697603205324
vn 0.0466123544961 0.996474177331 -0.0697603205324
vn 0.0466123544961 0.996474177331 -0.0697603205324
vn 0.0697603205324 0.996474177331 -0.0466123544961
vn 0.0697603205324 0.996474177331 -0.0466123544961
vn 0.0697603205324 0.996474177331 -0.0466123544961
vn 0.0697603205324 0.996474177331 -0.0466123544961
vn 0.0822879052184 0.996474177603 -0.0163680794567
vn 0.0822879052184 0.996474177603 -0.0163680794567
vn 0.0822879052184 0.996474177603 -0.0163680794567
vn 0.0822879052184 0.996474177603 -0.0163680794567
vn 0.0153913758986 0.999876858694 0.00306153484268
vn 0.0153913758986 0.999876858694 0.00306153484268
vn 0.570128121896 0.821526378026 0.00695232555816
vn 0.570128121896 0.821526378026 0.00695232555816
vn 0.0130481766786 0.999876858710 0.00871851483160
vn 0.0130481766786 0.999876858710 0.00871851483160
vn 0.412223157555 0.807248169834 0.422400829397
vn 0.00871851483160 0.999876858710 0.0130481766786
vn 0.00871851483160 0.999876858710 0.0130481766786
vn -0.00695232555816 0.821526378026 0.570128121896
vn 0.00306153460989 0.999876858709 0.0153913749675
vn 0.00306153460989 0.999876858709 0.0153913749675
vn -0.00695232555816 0.821526378026 0.570128121896
vn -0.00306153484268 0.999876858694 0.0153913758986
vn -0.00306153484268 0.999876858694 0.0153913758986
vn -0.00695232555816 0.821526378026 0.570128121896
vn -0.00871851483160 0.999876858710 0.0130481766786
vn -0.00871851483160 0.999876858710 0.0130481766786
vn -0.422400829397 0.807248169834 0.412223157555
vn -0.0130481766786 0.999876858710 0.00871851483160
vn -0.0130481766786 0.999876858710 0.00871851483160
vn -0.570128121896 0.821526378026 -0.00695232555816
vn -0.0153913749675 0.999876858709 0.00306153460989
vn -0.0153913749675 0.999876858709 0.00306153460989
vn -0.570128121896 0.821526378026 -0.00695232555816
vn -0.0153913758986 0.999876858694 -0.00306153484268
vn -0.0153913758986 0.999876858694 -0.00306153484268
vn -0.570128121896 0.821526378026 -0.00695232555816
vn -0.0130481766786 0.999876858710 -0.00871851483160
vn -0.0130481766786 0.999876858710 -0.00871851483160
vn -0.412223157555 0.807248169834 -0.422400829397
vn -0.00871851483160 0.999876858710 -0.0130481766786
vn -0.00871851483160 0.999876858710 -0.0130481766786
vn 0.00695232555816 0.821526378026 -0.570128121896
vn -0.00306153460989 0.999876858709 -0.0153913749675
vn -0.00306153460989 0.999876858709 -0.0153913749675
vn 0.00695232555816 0.821526378026 -0.570128121896
vn 0.00306153484268 0.999876858694 -0.0153913758986
vn 0.00306153484268 0.999876858694 -0.0153913758986
vn 0.00695232555816 0.821526378026 -0.570128121896
vn 0.00871851483160 0.999876858710 -0.0130481766786
vn 0.00871851483160 0.999876858710 -0.0130481766786
vn 0.422400829397 0.807248169834 -0.412223157555
vn 0.0130481766786 0.999876858710 -0.00871851483160
vn 0.0130481766786 0.999876858710 -0.00871851483160
vn 0.570128121896 0.821526378026 0.00695232555816
vn 0.0153913749675 0.999876858709 -0.00306153460989
vn 0.0153913749675 0.999876858709 -0.00306153460989
vn 0.742119781265 0.667474262799 0.0611255982006
vn 0.742119781265 0.667474262799 0.0611255982006
vn 0.742119781265 0.667474262799 0.0611255982006
vn 0.742119781265 0.667474262799 0.0611255982006
vn 0.641863385298 0.753513193016 0.142229612120
vn 0.567146774120 0.655747945468 0.498336401059
vn 0.641863385298 0.753513193016 0.142229612120
vn 0.567146774120 0.655747945468 0.498336401059
vn 0.489756818103 0.655330473146 0.575048024158
vn 0.146759989000 0.736880372691 0.659900615223
vn 0.489756818103 0.655330473146 0.575048024158
vn 0.146759989000 0.736880372691 0.659900615223
vn 0.0498595955896 0.667893006372 0.742585316827
vn 0.0498595955896 0.667893006372 0.742585316827
vn 0.0498595955896 0.667893006372 0.742585316827
vn 0.0498595955896 0.667893006372 0.742585316827
vn -0.0611255982006 0.667474262799 0.742119781265
vn -0.0611255982006 0.667474262799 0.742119781265
vn -0.0611255982006 0.667474262799 0.742119781265
vn -0.0611255982006 0.667474262799 0.742119781265
vn -0.142229612120 0.753513193016 0.641863385298
vn -0.498336401059 0.655747945468 0.567146774120
vn -0.142229612120 0.753513193016 0.641863385298
vn -0.498336401059 0.655747945468 0.567146774120
vn -0.575048024158 0.655330473146 0.489756818103
vn -0.659900615223 0.736880372691 0.146759989000
vn -0.575048024158 0.655330473146 0.489756818103
vn -0.659900615223 0.736880372691 0.146759989000
vn -0.742585316827 0.667893006372 0.0498595955896
vn -0.742585316827 0.667893006372 0.0498595955896
vn -0.742585316827 0.667893006372 0.0498595955896
vn -0.742585316827 0.667893006372 0.0498595955896
vn -0.742119781265 0.667474262799 -0.0611255982006
vn -0.742119781265 0.667474262799 -0.0611255982006
vn -0.742119781265 0.667474262799 -0.0611255982006
vn -0.742119781265 0.667474262799 -0.0611255982006
vn -0.641863385298 0.753513193016 -0.142229612120
vn -0.567146774120 0.655747945468 -0.498336401059
vn -0.641863385298 0.753513193016 -0.142229612120
vn -0.567146774120 0.655747945468 -0.498336401059
vn -0.489756818103 0.655330473146 -0.575048024158
vn -0.146759989000 0.736880372691 -0.659900615223
vn -0.489756818103 0.655330473146 -0.575048024158
vn -0.146759989000 0.736880372691 -0.659900615223
vn -0.0498595955896 0.667893006372 -0.742585316827
vn -0.0498595955896 0.667893006372 -0.742585316827
vn -0.0498595955896 0.667893006372 -0.742585316827
vn -0.0498595955896 0.667893006372 -0.742585316827
vn 0.0611255982006 0.667474262799 -0.742119781265
vn 0.0611255982006 0.667474262799 -0.742119781265
vn 0.0611255982006 0.667474262799 -0.742119781265
vn 0.0611255982006 0.667474262799 -0.742119781265
vn 0.142229612120 0.753513193016 -0.641863385298
vn 0.498336401059 0.655747945468 -0.567146774120
vn 0.142229612120 0.753513193016 -0.641863385298
vn 0.498336401059 0.655747945468 -0.567146774120
vn 0.575048024158 0.655330473146 -0.489756818103
vn 0.659900615223 0.736880372691 -0.146759989000
vn 0.575048024158 0.655330473146 -0.489756818103
vn 0.659900615223 0.736880372691 -0.146759989000
vn 0.742585316827 0.667893006372 -0.0498595955896
vn 0.742585316827 0.667893006372 -0.0498595955896
vn 0.742585316827 0.667893006372 -0.0498595955896
vn 0.742585316827 0.667893006372 -0.0498595955896
vn 0.989857781078 0.141747145158 0.00945093005828
vn 0.989857781078 0.141747145158 0.00945093005828
vn 0.989857781078 0.141747145158 0.00945093005828
vn 0.989857781078 0.141747145158 0.00945093005828
vn 0.975009386707 0.103345104085 0.196663380665
vn 0.718704398379 0.254081098787 0.647230085047
vn 0.975009386707 0.103345104085 0.196663380665
vn 0.718704398379 0.254081098787 0.647230085047
vn 0.647230085047 0.254081098787 0.718704398379
vn 0.214260442029 0.0988535275693 0.971761515532
vn 0.647230085047 0.254081098787 0.718704398379
vn 0.214260442029 0.0988535275693 0.971761515532
vn 0.0468901911137 0.141597552215 0.988813148772
vn 0.0468901911137 0.141597552215 0.988813148772
vn 0.0468901911137 0.141597552215 0.988813148772
vn 0.0468901911137 0.141597552215 0.988813148772
vn -0.00945093005828 0.141747145158 0.989857781078
vn -0.00945093005828 0.141747145158 0.989857781078
vn -0.00945093005828 0.141747145158 0.989857781078
vn -0.00945093005828 0.141747145158 0.989857781078
vn -0.196663380665 0.103345104085 0.975009386707
vn -0.647230085047 0.254081098787 0.718704398379
vn -0.196663380665 0.103345104085 0.975009386707
vn -0.647230085047 0.254081098787 0.718704398379
vn -0.718704398379 0.254081098787 0.647230085047
vn -0.971761515532 0.0988535275693 0.214260442029
vn -0.718704398379 0.254081098787 0.647230085047
vn -0.971761515532 0.0988535275693 0.214260442029
vn -0.988813148772 0.141597552215 0.0468901911137
vn -0.988813148772 0.141597552215 0.0468901911137
vn -0.988813148772 0.141597552215 0.0468901911137
vn -0.988813148772 0.141597552215 0.0468901911137
vn -0.989857781078 0.141747145158 -0.00945093005828
vn -0.989857781078 0.141747145158 -0.00945093005828
vn -0.989857781078 0.141747145158 -0.00945093005828
vn -0.989857781078 0.141747145158 -0.00945093005828
vn -0.975009386707 0.103345104085 -0.196663380665
vn -0.718704398379 0.254081098787 -0.647230085047
vn -0.975009386707 0.103345104085 -0.196663380665
vn -0.718704398379 0.254081098787 -0.647230085047
vn -0.647230085047 0.254081098787 -0.718704398379
vn -0.214260442029 0.0988535275693 -0.971761515532
vn -0.647230085047 0.254081098787 -0.718704398379
vn -0.214260442029 0.0988535275693 -0.971761515532
vn -0.0468901911137 0.141597552215 -0.988813148772
vn -0.0468901911137 0.141597552215 -0.988813148772
vn -0.0468901911137 0.141597552215 -0.988813148772
vn -0.0468901911137 0.141597552215 -0.988813148772
vn 0.00945093005828 0.141747145158 -0.989857781078
vn 0.00945093005828 0.141747145158 -0.989857781078
vn 0.00945093005828 0.141747145158 -0.989857781078
vn 0.00945093005828 0.141747145158 -0.989857781078
vn 0.196663380665 0.103345104085 -0.975009386707
vn 0.647230085047 0.254081098787 -0.718704398379
vn 0.196663380665 0.103345104085 -0.975009386707
vn 0.647230085047 0.254081098787 -0.718704398379
vn 0.718704398379 0.254081098787 -0.647230085047
vn 0.971761515532 0.0988535275693 -0.214260442029
vn 0.718704398379 0.254081098787 -0.647230085047
vn 0.971761515532 0.0988535275693 -0.214260442029
vn 0.988813148772 0.141597552215 -0.0468901911137
vn 0.988813148772 0.141597552215 -0.0468901911137
vn 0.988813148772 0.141597552215 -0.0468901911137
vn 0.988813148772 0.141597552215 -0.0468901911137
vn 0.261950767289 -0.965081237781 -3.35680630145e-10
vn 0.261950767289 -0.965081237781 -3.35680630145e-10
vn 0.261950767289 -0.965081237781 -3.35680630145e-10
vn 0.261950767289 -0.965081237781 -3.35680630145e-10
vn 0.00000000000 -1.00000000000 0.00000000000
vn -8.52028394371e-19 -1.00000000000 -4.95241503065e-17
vn 3.35680630145e-10 -0.965081237781 0.261950767289
vn 3.35680630145e-10 -0.965081237781 0.261950767289
vn 3.35680630145e-10 -0.965081237781 0.261950767289
vn 3.35680630145e-10 -0.965081237781 0.261950767289
vn 3.35680630145e-10 -0.965081237781 0.261950767289
vn 3.35680630145e-10 -0.965081237781 0.261950767289
vn 0.00000000000 -1.00000000000 0.00000000000
vn -8.52028394371e-19 -1.00000000000 -4.95241503065e-17
vn -0.261950767289 -0.965081237781 3.35680657900e-10
vn -0.261950767289 -0.965081237781 3.35680657900e-10
vn -0.261950767289 -0.965081237781 3.35680657900e-10
vn -0.261950767289 -0.965081237781 3.35680657900e-10
vn -0.261950767289 -0.965081237781 3.35680657900e-10
vn -0.261950767289 -0.965081237781 3.35680657900e-10
vn 0.00000000000 -1.00000000000 0.00000000000
vn -8.52028394371e-19 -1.00000000000 -4.95241503065e-17
vn -3.35680657900e-10 -0.965081237781 -0.261950767289
vn -3.35680657900e-10 -0.965081237781 -0.261950767289
vn -3.35680657900e-10 -0.965081237781 -0.261950767289
vn -3.35680657900e-10 -0.965081237781 -0.261950767289
vn -3.35680657900e-10 -0.965081237781 -0.261950767289
vn -3.35680657900e-10 -0.965081237781 -0.261950767289
vn 0.00000000000 -1.00000000000 0.00000000000
vn -8.52028394371e-19 -1.00000000000 -4.95241503065e-17
vn 0.261950767289 -0.965081237781 -3.35680630145e-10
vn 0.261950767289 -0.965081237781 -3.35680630145e-10
vn 0.261950767289 -0.965081237781 -3.35680630145e-10
vn 0.261950767289 -0.965081237781 -3.35680630145e-10
vn 0.217121315552 -0.967164267204 0.132104559254
vn 0.217121315552 -0.967164267204 0.132104559254
vn 0.132104559254 -0.967164267204 0.217121315552
vn 0.132104559254 -0.967164267204 0.217121315552
vn 3.35680630145e-10 -0.965081237781 0.261950767289
vn 3.35680630145e-10 -0.965081237781 0.261950767289
vn 3.35680630145e-10 -0.965081237781 0.261950767289
vn -0.132104559254 -0.967164267204 0.217121315552
vn -0.132104559254 -0.967164267204 0.217121315552
vn -0.217121315552 -0.967164267204 0.132104559254
vn -0.217121315552 -0.967164267204 0.132104559254
vn -0.261950767289 -0.965081237781 3.35680657900e-10
vn -0.261950767289 -0.965081237781 3.35680657900e-10
vn -0.261950767289 -0.965081237781 3.35680657900e-10
vn -0.217121315552 -0.967164267204 -0.132104559254
vn -0.217121315552 -0.967164267204 -0.132104559254
vn -0.132104559254 -0.967164267204 -0.217121315552
vn -0.132104559254 -0.967164267204 -0.217121315552
vn -3.35680657900e-10 -0.965081237781 -0.261950767289
vn -3.35680657900e-10 -0.965081237781 -0.261950767289
vn -3.35680657900e-10 -0.965081237781 -0.261950767289
vn 0.132104559254 -0.967164267204 -0.217121315552
vn 0.132104559254 -0.967164267204 -0.217121315552
vn 0.217121315552 -0.967164267204 -0.132104559254
vn 0.217121315552 -0.967164267204 -0.132104559254
vn 0.261950767289 -0.965081237781 -3.35680630145e-10
vn 0.985447117535 0.154228211825 0.0714677355107
vn 0.985447117535 0.154228211825 0.0714677355107
vn 0.997809103078 0.00000000000 0.0661588528750
vn 0.997809103078 0.00000000000 0.0661588528750
vn 0.984854944415 0.0908940739692 0.147644863704
vn 0.915869297213 0.00000000000 0.401476562731
vn 0.989336638189 0.00000000000 0.145646889211
vn 0.775967464157 0.280993068893 0.564727712976
vn 0.408676087344 0.00000000000 0.912679492283
vn 0.165215759933 0.0874695029996 0.982371029049
vn 0.549156744362 0.280120471848 0.787375000475
vn 0.0824395664199 0.00000000000 0.996596065559
vn 0.111839197299 0.153653531885 0.981775221773
vn 0.111839197299 0.153653531885 0.981775221773
vn -0.0661588528750 0.00000000000 0.997809103078
vn -0.0661588528750 0.00000000000 0.997809103078
vn -0.0714677355107 0.154228211825 0.985447117535
vn -0.0714677355107 0.154228211825 0.985447117535
vn -0.0661588528750 0.00000000000 0.997809103078
vn -0.147644863704 0.0908940739692 0.984854944415
vn -0.401476562731 0.00000000000 0.915869297213
vn -0.145646889211 0.00000000000 0.989336638189
vn -0.564727712976 0.280993068893 0.775967464157
vn -0.912679492283 0.00000000000 0.408676087344
vn -0.982371029049 0.0874695029996 0.165215759933
vn -0.787375000475 0.280120471848 0.549156744362
vn -0.996596065559 0.00000000000 0.0824395664199
vn -0.981775221773 0.153653531885 0.111839197299
vn -0.981775221773 0.153653531885 0.111839197299
vn -0.997809103078 0.00000000000 -0.0661588528750
vn -0.997809103078 0.00000000000 -0.0661588528750
vn -0.985447117535 0.154228211825 -0.0714677355107
vn -0.985447117535 0.154228211825 -0.0714677355107
vn -0.997809103078 0.00000000000 -0.0661588528750
vn -0.984854944415 0.0908940739692 -0.147644863704
vn -0.915869297213 0.00000000000 -0.401476562731
vn -0.989336638189 0.00000000000 -0.145646889211
vn -0.775967464157 0.280993068893 -0.564727712976
vn -0.408676087344 0.00000000000 -0.912679492283
vn -0.165215759933 0.0874695029996 -0.982371029049
vn -0.549156744362 0.280120471848 -0.787375000475
vn -0.0824395664199 0.00000000000 -0.996596065559
vn -0.111839197299 0.153653531885 -0.981775221773
vn -0.111839197299 0.153653531885 -0.981775221773
vn 0.0661588528750 0.00000000000 -0.997809103078
vn 0.0661588528750 0.00000000000 -0.997809103078
vn 0.0714677355107 0.154228211825 -0.985447117535
vn 0.0714677355107 0.154228211825 -0.985447117535
vn 0.0661588528750 0.00000000000 -0.997809103078
vn 0.147644863704 0.0908940739692 -0.984854944415
vn 0.401476562731 0.00000000000 -0.915869297213
vn 0.145646889211 0.00000000000 -0.989336638189
vn 0.564727712976 0.280993068893 -0.775967464157
vn 0.912679492283 0.00000000000 -0.408676087344
vn 0.982371029049 0.0874695029996 -0.165215759933
vn 0.787375000475 0.280120471848 -0.549156744362
vn 0.996596065559 0.00000000000 -0.0824395664199
vn 0.981775221773 0.153653531885 -0.111839197299
vn 0.981775221773 0.153653531885 -0.111839197299
vn 0.997809103078 0.00000000000 0.0661588528750
vn 0.00000000000 -1.00000000000 0.00000000000
vn 0.00000000000 -1.00000000000 0.00000000000
vn 0.00000000000 -1.00000000000 -7.50388721360e-18
vn 0.00000000000 -1.00000000000 -7.50388721360e-18
vn 0.00000000000 -1.00000000000 -7.50388721360e-18
vn 0.00000000000 -1.00000000000 -7.50388721360e-18
vn 0.00000000000 -1.00000000000 0.00000000000
vn 0.00000000000 -1.00000000000 -7.50388721360e-18
vn 0.00000000000 -1.00000000000 0.00000000000
vn 0.00000000000 -1.00000000000 -7.50388721360e-18
vn 0.00000000000 -1.00000000000 0.00000000000
vn 0.00000000000 -1.00000000000 -7.50388721360e-18
vn 0.00000000000 -1.00000000000 -7.50388721360e-18
vn 0.00000000000 -1.00000000000 -7.50388721360e-18
vn 0.00000000000 -1.00000000000 0.00000000000
vn 0.00000000000 -1.00000000000 -7.50388721360e-18
vn 0.00000000000 -1.00000000000 0.00000000000
vn 0.00000000000 -1.00000000000 -7.50388721360e-18
vn 0.00000000000 -1.00000000000 0.00000000000
vn 0.00000000000 -1.00000000000 -7.50388721360e-18
vn 0.00000000000 -1.00000000000 -7.50388721360e-18
vn 0.00000000000 -1.00000000000 -7.50388721360e-18
vn 0.00000000000 -1.00000000000 0.00000000000
vn 0.00000000000 -1.00000000000 -7.50388721360e-18
vn 0.00000000000 -1.00000000000 0.00000000000
vn 0.00000000000 -1.00000000000 -7.50388721360e-18
vn 0.00000000000 -1.00000000000 0.00000000000
vn 0.00000000000 -1.00000000000 -7.50388721360e-18
vn 0.00000000000 -1.00000000000 -7.50388721360e-18
vn 0.00000000000 -1.00000000000 -7.50388721360e-18
vn 0.00000000000 -1.00000000000 0.00000000000
vn 0.00000000000 -1.00000000000 -7.50388721360e-18
vn -0.917123233713 0.346558353025 -0.196932176476
vn -0.917123233713 0.346558353025 -0.196932176476
vn -0.917123233713 0.346558353025 -0.196932176476
vn -0.917123233713 0.346558353025 -0.196932176476
vn -0.771329184040 0.324598201390 -0.547437026061
vn -0.771329184040 0.324598201390 -0.547437026061
vn -0.771329184040 0.324598201390 -0.547437026061
vn -0.771329184040 0.324598201390 -0.547437026061
vn -0.536627938394 0.323872530452 -0.779189989511
vn -0.536627938394 0.323872530452 -0.779189989511
vn -0.536627938394 0.323872530452 -0.779189989511
vn -0.536627938394 0.323872530452 -0.779189989511
vn -0.210721131447 0.335625016768 -0.918124421242
vn -0.210721131447 0.335625016768 -0.918124421242
vn -0.210721131447 0.335625016768 -0.918124421242
vn -0.210721131447 0.335625016768 -0.918124421242
vn 0.196932176476 0.346558353025 -0.917123233713
vn 0.196932176476 0.346558353025 -0.917123233713
vn 0.196932176476 0.346558353025 -0.917123233713
vn 0.196932176476 0.346558353025 -0.917123233713
vn 0.547437026061 0.324598201390 -0.771329184040
vn 0.547437026061 0.324598201390 -0.771329184040
vn 0.547437026061 0.324598201390 -0.771329184040
vn 0.547437026061 0.324598201390 -0.771329184040
vn 0.779189989511 0.323872530452 -0.536627938394
vn 0.779189989511 0.323872530452 -0.536627938394
vn 0.779189989511 0.323872530452 -0.536627938394
vn 0.779189989511 0.323872530452 -0.536627938394
vn 0.918124421242 0.335625016768 -0.210721131447
vn 0.918124421242 0.335625016768 -0.210721131447
vn 0.918124421242 0.335625016768 -0.210721131447
vn 0.918124421242 0.335625016768 -0.210721131447
vn 0.917123233713 0.346558353025 0.196932176476
vn 0.917123233713 0.346558353025 0.196932176476
vn 0.917123233713 0.346558353025 0.196932176476
vn 0.917123233713 0.346558353025 0.196932176476
vn 0.771329184040 0.324598201390 0.547437026061
vn 0.771329184040 0.324598201390 0.547437026061
vn 0.771329184040 0.324598201390 0.547437026061
vn 0.771329184040 0.324598201390 0.547437026061
vn 0.536627938394 0.323872530452 0.779189989511
vn 0.536627938394 0.323872530452 0.779189989511
vn 0.536627938394 0.323872530452 0.779189989511
vn 0.536627938394 0.323872530452 0.779189989511
vn 0.210721131447 0.335625016768 0.918124421242
vn 0.210721131447 0.335625016768 0.918124421242
vn 0.210721131447 0.335625016768 0.918124421242
vn 0.210721131447 0.335625016768 0.918124421242
vn -0.196932176476 0.346558353025 0.917123233713
vn -0.196932176476 0.346558353025 0.917123233713
vn -0.196932176476 0.346558353025 0.917123233713
vn -0.196932176476 0.346558353025 0.917123233713
vn -0.547437026061 0.324598201390 0.771329184040
vn -0.547437026061 0.324598201390 0.771329184040
vn -0.547437026061 0.324598201390 0.771329184040
vn -0.547437026061 0.324598201390 0.771329184040
vn -0.779189989511 0.323872530452 0.536627938394
vn -0.779189989511 0.323872530452 0.536627938394
vn -0.779189989511 0.323872530452 0.536627938394
vn -0.779189989511 0.323872530452 0.536627938394
vn -0.918124421242 0.335625016768 0.210721131447
vn -0.918124421242 0.335625016768 0.210721131447
vn -0.918124421242 0.335625016768 0.210721131447
vn -0.918124421242 0.335625016768 0.210721131447
vn -0.0860067208495 -0.996147663308 -0.0171078010156
vn -0.0860067208495 -0.996147663308 -0.0171078010156
vn -0.306619796720 -0.950621794719 -0.0479844106319
vn -0.0729129814577 -0.996147662985 -0.0487188943341
vn -0.0729129814577 -0.996147662985 -0.0487188943341
vn -0.266994676662 -0.949907392634 -0.162449339959
vn -0.0487188943341 -0.996147662985 -0.0729129814577
vn -0.0487188943341 -0.996147662985 -0.0729129814577
vn -0.162449339959 -0.949907392634 -0.266994676662
vn -0.0171078010156 -0.996147663308 -0.0860067208495
vn -0.0171078010156 -0.996147663308 -0.0860067208495
vn -0.0479844069152 -0.950621794889 -0.306619796775
vn 0.0171078010156 -0.996147663308 -0.0860067208495
vn 0.0171078010156 -0.996147663308 -0.0860067208495
vn 0.0479844106319 -0.950621794719 -0.306619796720
vn 0.0487188943341 -0.996147662985 -0.0729129814577
vn 0.0487188943341 -0.996147662985 -0.0729129814577
vn 0.162449339959 -0.949907392634 -0.266994676662
vn 0.0729129814577 -0.996147662985 -0.0487188943341
vn 0.0729129814577 -0.996147662985 -0.0487188943341
vn 0.266994676662 -0.949907392634 -0.162449339959
vn 0.0860067208495 -0.996147663308 -0.0171078010156
vn 0.0860067208495 -0.996147663308 -0.0171078010156
vn 0.306619796775 -0.950621794889 -0.0479844069152
vn 0.0860067208495 -0.996147663308 0.0171078010156
vn 0.0860067208495 -0.996147663308 0.0171078010156
vn 0.306619796720 -0.950621794719 0.0479844106319
vn 0.0729129814577 -0.996147662985 0.0487188943341
vn 0.0729129814577 -0.996147662985 0.0487188943341
vn 0.266994676662 -0.949907392634 0.162449339959
vn 0.0487188943341 -0.996147662985 0.0729129814577
vn 0.0487188943341 -0.996147662985 0.0729129814577
vn 0.162449339959 -0.949907392634 0.266994676662
vn 0.0171078010156 -0.996147663308 0.0860067208495
vn 0.0171078010156 -0.996147663308 0.0860067208495
vn 0.0479844069152 -0.950621794889 0.306619796775
vn -0.0171078010156 -0.996147663308 0.0860067208495
vn -0.0171078010156 -0.996147663308 0.0860067208495
vn -0.0479844106319 -0.950621794719 0.306619796720
vn -0.0487188943341 -0.996147662985 0.0729129814577
vn -0.0487188943341 -0.996147662985 0.0729129814577
vn -0.162449339959 -0.949907392634 0.266994676662
vn -0.0729129814577 -0.996147662985 0.0487188943341
vn -0.0729129814577 -0.996147662985 0.0487188943341
vn -0.266994676662 -0.949907392634 0.162449339959
vn -0.0860067208495 -0.996147663308 0.0171078010156
vn -0.0860067208495 -0.996147663308 0.0171078010156
vn -0.306619796775 -0.950621794889 0.0479844069152
vn -4.65243930500e-18 1.00000000000 -3.49708371796e-17
vn -4.65243930500e-18 1.00000000000 -3.49708371796e-17
vn -4.65243930500e-18 1.00000000000 -3.49708371796e-17
vn -4.65243930500e-18 1.00000000000 -3.49708371796e-17
vn -4.65243930500e-18 1.00000000000 -3.49708371796e-17
vn -4.65243930500e-18 1.00000000000 -3.49708371796e-17
vn -4.65243930500e-18 1.00000000000 -3.49708371796e-17
vn -4.65243930500e-18 1.00000000000 -3.49708371796e-17
vn -4.65243930500e-18 1.00000000000 -3.49708371796e-17
vn -4.65243930500e-18 1.00000000000 -3.49708371796e-17
vn -4.65243930500e-18 1.00000000000 -3.49708371796e-17
vn -4.65243930500e-18 1.00000000000 -3.49708371796e-17
vn -4.65243930500e-18 1.00000000000 -3.49708371796e-17
vn -4.65243930500e-18 1.00000000000 -3.49708371796e-17
vn -4.65243930500e-18 1.00000000000 -3.49708371796e-17
vn -4.65243930500e-18 1.00000000000 -3.49708371796e-17
vn -4.65243930500e-18 1.00000000000 -3.49708371796e-17
vn -0.957903217957 0.00000000000 -0.287091318272
vn -0.957903217957 0.00000000000 -0.287091318272
vn -0.925127283906 0.332078939484 -0.184019255854
vn -0.925127283906 0.332078939484 -0.184019255854
vn -0.915869297213 0.00000000000 -0.401476562731
vn -0.915869297213 0.00000000000 -0.401476562731
vn -0.835797865851 0.330422289941 -0.438478092666
vn -0.835797865851 0.330422289941 -0.438478092666
vn -0.408676087344 0.00000000000 -0.912679492283
vn -0.408676087344 0.00000000000 -0.912679492283
vn -0.438478092666 0.330422289941 -0.835797865851
vn -0.438478092666 0.330422289941 -0.835797865851
vn -0.264410254613 0.00000000000 -0.964410295080
vn -0.264410254613 0.00000000000 -0.964410295080
vn -0.184019255854 0.332078939484 -0.925127283906
vn -0.184019255854 0.332078939484 -0.925127283906
vn 0.287091318272 0.00000000000 -0.957903217957
vn 0.287091318272 0.00000000000 -0.957903217957
vn 0.184019255854 0.332078939484 -0.925127283906
vn 0.184019255854 0.332078939484 -0.925127283906
vn 0.401476562731 0.00000000000 -0.915869297213
vn 0.401476562731 0.00000000000 -0.915869297213
vn 0.438478092666 0.330422289941 -0.835797865851
vn 0.438478092666 0.330422289941 -0.835797865851
vn 0.912679492283 0.00000000000 -0.408676087344
vn 0.912679492283 0.00000000000 -0.408676087344
vn 0.835797865851 0.330422289941 -0.438478092666
vn 0.835797865851 0.330422289941 -0.438478092666
vn 0.964410295080 0.00000000000 -0.264410254613
vn 0.964410295080 0.00000000000 -0.264410254613
vn 0.925127283906 0.332078939484 -0.184019255854
vn 0.925127283906 0.332078939484 -0.184019255854
vn 0.957903217957 0.00000000000 0.287091318272
vn 0.957903217957 0.00000000000 0.287091318272
vn 0.925127283906 0.332078939484 0.184019255854
vn 0.925127283906 0.332078939484 0.184019255854
vn 0.915869297213 0.00000000000 0.401476562731
vn 0.915869297213 0.00000000000 0.401476562731
vn 0.835797865851 0.330422289941 0.438478092666
vn 0.835797865851 0.330422289941 0.438478092666
vn 0.408676087344 0.00000000000 0.912679492283
vn 0.408676087344 0.00000000000 0.912679492283
vn 0.438478092666 0.330422289941 0.835797865851
vn 0.438478092666 0.330422289941 0.835797865851
vn 0.264410254613 0.00000000000 0.964410295080
vn 0.264410254613 0.00000000000 0.964410295080
vn 0.184019255854 0.332078939484 0.925127283906
vn 0.184019255854 0.332078939484 0.925127283906
vn -0.287091318272 0.00000000000 0.957903217957
vn -0.287091318272 0.00000000000 0.957903217957
vn -0.184019255854 0.332078939484 0.925127283906
vn -0.184019255854 0.332078939484 0.925127283906
vn -0.401476562731 0.00000000000 0.915869297213
vn -0.401476562731 0.00000000000 0.915869297213
vn -0.438478092666 0.330422289941 0.835797865851
vn -0.438478092666 0.330422289941 0.835797865851
vn -0.912679492283 0.00000000000 0.408676087344
vn -0.912679492283 0.00000000000 0.408676087344
vn -0.835797865851 0.330422289941 0.438478092666
vn -0.835797865851 0.330422289941 0.438478092666
vn -0.964410295080 0.00000000000 0.264410254613
vn -0.964410295080 0.00000000000 0.264410254613
vn -0.925127283906 0.332078939484 0.184019255854
vn -0.925127283906 0.332078939484 0.184019255854
vn -0.818759393555 0.550553568181 -0.162861364444
vn -0.818759393555 0.550553568181 -0.162861364444
vn -0.818759393555 0.550553568181 -0.162861364444
vn -0.818759393555 0.550553568181 -0.162861364444
vn -0.694110697390 0.550553564891 -0.463789943784
vn -0.694110697390 0.550553564891 -0.463789943784
vn -0.694110697390 0.550553564891 -0.463789943784
vn -0.694110697390 0.550553564891 -0.463789943784
vn -0.463789943784 0.550553564891 -0.694110697390
vn -0.463789943784 0.550553564891 -0.694110697390
vn -0.463789943784 0.550553564891 -0.694110697390
vn -0.463789943784 0.550553564891 -0.694110697390
vn -0.162861364444 0.550553568181 -0.818759393555
vn -0.162861364444 0.550553568181 -0.818759393555
vn -0.162861364444 0.550553568181 -0.818759393555
vn -0.162861364444 0.550553568181 -0.818759393555
vn 0.162861364444 0.550553568181 -0.818759393555
vn 0.162861364444 0.550553568181 -0.818759393555
vn 0.162861364444 0.550553568181 -0.818759393555
vn 0.162861364444 0.550553568181 -0.818759393555
vn 0.463789943784 0.550553564891 -0.694110697390
vn 0.463789943784 0.550553564891 -0.694110697390
vn 0.463789943784 0.550553564891 -0.694110697390
vn 0.463789943784 0.550553564891 -0.694110697390
vn 0.694110697390 0.550553564891 -0.463789943784
vn 0.694110697390 0.550553564891 -0.463789943784
vn 0.694110697390 0.550553564891 -0.463789943784
vn 0.694110697390 0.550553564891 -0.463789943784
vn 0.818759393555 0.550553568181 -0.162861364444
vn 0.818759393555 0.550553568181 -0.162861364444
vn 0.818759393555 0.550553568181 -0.162861364444
vn 0.818759393555 0.550553568181 -0.162861364444
vn 0.818759393555 0.550553568181 0.162861364444
vn 0.818759393555 0.550553568181 0.162861364444
vn 0.818759393555 0.550553568181 0.162861364444
vn 0.818759393555 0.550553568181 0.162861364444
vn 0.694110697390 0.550553564891 0.463789943784
vn 0.694110697390 0.550553564891 0.463789943784
vn 0.694110697390 0.550553564891 0.463789943784
vn 0.694110697390 0.550553564891 0.463789943784
vn 0.463789943784 0.550553564891 0.694110697390
vn 0.463789943784 0.550553564891 0.694110697390
vn 0.463789943784 0.550553564891 0.694110697390
vn 0.463789943784 0.550553564891 0.694110697390
vn 0.162861364444 0.550553568181 0.818759393555
vn 0.162861364444 0.550553568181 0.818759393555
vn 0.162861364444 0.550553568181 0.818759393555
vn 0.162861364444 0.550553568181 0.818759393555
vn -0.162861364444 0.550553568181 0.818759393555
vn -0.162861364444 0.550553568181 0.818759393555
vn -0.162861364444 0.550553568181 0.818759393555
vn -0.162861364444 0.550553568181 0.818759393555
vn -0.463789943784 0.550553564891 0.694110697390
vn -0.463789943784 0.550553564891 0.694110697390
vn -0.463789943784 0.550553564891 0.694110697390
vn -0.463789943784 0.550553564891 0.694110697390
vn -0.694110697390 0.550553564891 0.463789943784
vn -0.694110697390 0.550553564891 0.463789943784
vn -0.694110697390 0.550553564891 0.463789943784
vn -0.694110697390 0.550553564891 0.463789943784
vn -0.818759393555 0.550553568181 0.162861364444
vn -0.818759393555 0.550553568181 0.162861364444
vn -0.818759393555 0.550553568181 0.162861364444
vn -0.818759393555 0.550553568181 0.162861364444
f 2791/2791/2791 2792/2792/2792 2793/2793/2793
f 2792/2792/2792 2794/2794/2794 2793/2793/2793
f 2792/2792/2792 2795/2795/2795 2794/2794/2794
f 2795/2795/2795 2796/2796/2796 2794/2794/2794
f 2795/2795/2795 2797/2797/2797 2796/2796/2796
f 2797/2797/2797 2798/2798/2798 2796/2796/2796
f 2797/2797/2797 2799/2799/2799 2798/2798/2798
f 2799/2799/2799 2800/2800/2800 2798/2798/2798
f 2799/2799/2799 2801/2801/2801 2800/2800/2800
f 2801/2801/2801 2802/2802/2802 2800/2800/2800
f 2801/2801/2801 2803/2803/2803 2802/2802/2802
f 2803/2803/2803 2804/2804/2804 2802/2802/2802
f 2803/2803/2803 2805/2805/2805 2804/2804/2804
f 2805/2805/2805 2806/2806/2806 2804/2804/2804
f 2805/2805/2805 2807/2807/2807 2806/2806/2806
f 2807/2807/2807 2808/2808/2808 2806/2806/2806
f 2807/2807/2807 2809/2809/2809 2808/2808/2808
f 2809/2809/2809 2810/2810/2810 2808/2808/2808
f 2809/2809/2809 2811/2811/2811 2810/2810/2810
f 2811/2811/2811 2812/2812/2812 2810/2810/2810
f 2811/2811/2811 2813/2813/2813 2812/2812/2812
f 2813/2813/2813 2814/2814/2814 2812/2812/2812
f 2813/2813/2813 2815/2815/2815 2814/2814/2814
f 2815/2815/2815 2816/2816/2816 2814/2814/2814
f 2815/2815/2815 2817/2817/2817 2816/2816/2816
f 2817/2817/2817 2818/2818/2818 2816/2816/2816
f 2817/2817/2817 2819/2819/2819 2818/2818/2818
f 2819/2819/2819 2820/2820/2820 2818/2818/2818
f 2819/2819/2819 2821/2821/2821 2820/2820/2820
f 2821/2821/2821 2822/2822/2822 2820/2820/2820
f 2821/2821/2821 2791/2791/2791 2822/2822/2822
f 2791/2791/2791 2793/2793/2793 2822/2822/2822
f 2823/2823/2823 2824/2824/2824 2825/2825/2825
f 2824/2824/2824 2826/2826/2826 2825/2825/2825
f 2827/2827/2827 2828/2828/2828 2829/2829/2829
f 2828/2828/2828 2830/2830/2830 2829/2829/2829
f 2831/2831/2831 2832/2832/2832 2833/2833/2833
f 2832/2832/2832 2834/2834/2834 2833/2833/2833
f 2835/2835/2835 2836/2836/2836 2837/2837/2837
f 2836/2836/2836 2838/2838/2838 2837/2837/2837
f 2839/2839/2839 2840/2840/2840 2841/2841/2841
f 2840/2840/2840 2842/2842/2842 2841/2841/2841
f 2843/2843/2843 2844/2844/2844 2845/2845/2845
f 2844/2844/2844 2846/2846/2846 2845/2845/2845
f 2847/2847/2847 2848/2848/2848 2849/2849/2849
f 2848/2848/2848 2850/2850/2850 2849/2849/2849
f 2851/2851/2851 2852/2852/2852 2853/2853/2853
f 2852/2852/2852 2854/2854/2854 2853/2853/2853
f 2855/2855/2855 2856/2856/2856 2857/2857/2857
f 2856/2856/2856 2858/2858/2858 2857/2857/2857
f 2859/2859/2859 2860/2860/2860 2861/2861/2861
f 2860/2860/2860 2862/2862/2862 2861/2861/2861
f 2863/2863/2863 2864/2864/2864 2865/2865/2865
f 2864/2864/2864 2866/2866/2866 2865/2865/2865
f 2867/2867/2867 2868/2868/2868 2869/2869/2869
f 2868/2868/2868 2870/2870/2870 2869/2869/2869
f 2871/2871/2871 2872/2872/2872 2873/2873/2873
f 2872/2872/2872 2874/2874/2874 2873/2873/2873
f 2875/2875/2875 2876/2876/2876 2877/2877/2877
f 2876/2876/2876 2878/2878/2878 2877/2877/2877
f 2879/2879/2879 2880/2880/2880 2881/2881/2881
f 2880/2880/2880 2882/2882/2882 2881/2881/2881
f 2883/2883/2883 2884/2884/2884 2885/2885/2885
f 2884/2884/2884 2886/2886/2886 2885/2885/2885
f 2887/2887/2887 2888/2888/2888 2889/2889/2889
f 2888/2888/2888 2890/2890/2890 2889/2889/2889
f 2891/2891/2891 2892/2892/2892 2893/2893/2893
f 2892/2892/2892 2894/2894/2894 2893/2893/2893
f 2895/2895/2895 2896/2896/2896 2897/2897/2897
f 2896/2896/2896 2898/2898/2898 2897/2897/2897
f 2899/2899/2899 2900/2900/2900 2901/2901/2901
f 2900/2900/2900 2902/2902/2902 2901/2901/2901
f 2903/2903/2903 2904/2904/2904 2902/2902/2902
f 2904/2904/2904 2905/2905/2905 2902/2902/2902
f 2906/2906/2906 2907/2907/2907 2908/2908/2908
f 2907/2907/2907 2909/2909/2909 2908/2908/2908
f 2910/2910/2910 2911/2911/2911 2912/2912/2912
f 2911/2911/2911 2913/2913/2913 2912/2912/2912
f 2914/2914/2914 2915/2915/2915 2916/2916/2916
f 2915/2915/2915 2917/2917/2917 2916/2916/2916
f 2918/2918/2918 2919/2919/2919 2917/2917/2917
f 2919/2919/2919 2920/2920/2920 2917/2917/2917
f 2921/2921/2921 2922/2922/2922 2923/2923/2923
f 2922/2922/2922 2924/2924/2924 2923/2923/2923
f 2925/2925/2925 2926/2926/2926 2927/2927/2927
f 2926/2926/2926 2928/2928/2928 2927/2927/2927
f 2929/2929/2929 2930/2930/2930 2931/2931/2931
f 2930/2930/2930 2932/2932/2932 2931/2931/2931
f 2933/2933/2933 2934/2934/2934 2932/2932/2932
f 2934/2934/2934 2935/2935/2935 2932/2932/2932
f 2936/2936/2936 2937/2937/2937 2938/2938/2938
f 2937/2937/2937 2939/2939/2939 2938/2938/2938
f 2940/2940/2940 2941/2941/2941 2942/2942/2942
f 2941/2941/2941 2943/2943/2943 2942/2942/2942
f 2944/2944/2944 2945/2945/2945 2946/2946/2946
f 2945/2945/2945 2889/2889/2889 2946/2946/2946
f 2947/2947/2947 2948/2948/2948 2949/2949/2949
f 2948/2948/2948 2950/2950/2950 2949/2949/2949
f 2951/2951/2951 2952/2952/2952 2953/2953/2953
f 2952/2952/2952 2954/2954/2954 2953/2953/2953
f 2955/2955/2955 2956/2956/2956 2957/2957/2957
f 2956/2956/2956 2958/2958/2958 2957/2957/2957
f 2959/2959/2959 2960/2960/2960 2961/2961/2961
f 2960/2960/2960 2962/2962/2962 2961/2961/2961
f 2963/2963/2963 2964/2964/2964 2965/2965/2965
f 2964/2964/2964 2966/2966/2966 2965/2965/2965
f 2967/2967/2967 2968/2968/2968 2969/2969/2969
f 2968/2968/2968 2970/2970/2970 2969/2969/2969
f 2971/2971/2971 2972/2972/2972 2973/2973/2973
f 2972/2972/2972 2974/2974/2974 2973/2973/2973
f 2975/2975/2975 2976/2976/2976 2977/2977/2977
f 2976/2976/2976 2978/2978/2978 2977/2977/2977
f 2979/2979/2979 2980/2980/2980 2981/2981/2981
f 2980/2980/2980 2982/2982/2982 2981/2981/2981
f 2983/2983/2983 2984/2984/2984 2985/2985/2985
f 2984/2984/2984 2986/2986/2986 2985/2985/2985
f 2987/2987/2987 2988/2988/2988 2989/2989/2989
f 2988/2988/2988 2990/2990/2990 2989/2989/2989
f 2991/2991/2991 2992/2992/2992 2993/2993/2993
f 2992/2992/2992 2994/2994/2994 2993/2993/2993
f 2995/2995/2995 2996/2996/2996 2997/2997/2997
f 2996/2996/2996 2998/2998/2998 2997/2997/2997
f 2999/2999/2999 3000/3000/3000 3001/3001/3001
f 3000/3000/3000 3002/3002/3002 3001/3001/3001
f 3003/3003/3003 3004/3004/3004 3005/3005/3005
f 3004/3004/3004 3006/3006/3006 3005/3005/3005
f 3007/3007/3007 3008/3008/3008 3009/3009/3009
f 3008/3008/3008 3010/3010/3010 3009/3009/3009
f 3011/3011/3011 3012/3012/3012 3013/3013/3013
f 3012/3012/3012 3014/3014/3014 3013/3013/3013
f 3015/3015/3015 3016/3016/3016 3017/3017/3017
f 3016/3016/3016 3018/3018/3018 3017/3017/3017
f 3019/3019/3019 3020/3020/3020 3021/3021/3021
f 3020/3020/3020 3022/3022/3022 3021/3021/3021
f 3023/3023/3023 3024/3024/3024 3025/3025/3025
f 3024/3024/3024 3026/3026/3026 3025/3025/3025
f 3027/3027/3027 3028/3028/3028 3029/3029/3029
f 3028/3028/3028 3030/3030/3030 3029/3029/3029
f 3031/3031/3031 3032/3032/3032 3033/3033/3033
f 3032/3032/3032 3034/3034/3034 3033/3033/3033
f 3035/3035/3035 3036/3036/3036 3037/3037/3037
f 3036/3036/3036 3038/3038/3038 3037/3037/3037
f 3039/3039/3039 3040/3040/3040 3041/3041/3041
f 3040/3040/3040 3042/3042/3042 3041/3041/3041
f 3043/3043/3043 3044/3044/3044 3045/3045/3045
f 3044/3044/3044 3046/3046/3046 3045/3045/3045
f 3047/3047/3047 3048/3048/3048 3049/3049/3049
f 3048/3048/3048 3050/3050/3050 3049/3049/3049
f 3051/3051/3051 3052/3052/3052 3053/3053/3053
f 3052/3052/3052 3054/3054/3054 3053/3053/3053
f 3055/3055/3055 3056/3056/3056 3057/3057/3057
f 3056/3056/3056 3058/3058/3058 3057/3057/3057
f 3059/3059/3059 3060/3060/3060 3061/3061/3061
f 3060/3060/3060 3062/3062/3062 3061/3061/3061
f 3063/3063/3063 3064/3064/3064 3065/3065/3065
f 3064/3064/3064 3066/3066/3066 3065/3065/3065
f 3067/3067/3067 3068/3068/3068 3069/3069/3069
f 3068/3068/3068 3070/3070/3070 3069/3069/3069
f 3071/3071/3071 3072/3072/3072 3073/3073/3073
f 3072/3072/3072 3074/3074/3074 3073/3073/3073
f 3075/3075/3075 3076/3076/3076 3077/3077/3077
f 3076/3076/3076 3078/3078/3078 3077/3077/3077
f 3079/3079/3079 3080/3080/3080 3081/3081/3081
f 3080/3080/3080 3082/3082/3082 3081/3081/3081
f 3083/3083/3083 3084/3084/3084 3085/3085/3085
f 3084/3084/3084 3086/3086/3086 3085/3085/3085
f 3087/3087/3087 3088/3088/3088 3089/3089/3089
f 3088/3088/3088 3090/3090/3090 3089/3089/3089
f 3091/3091/3091 3092/3092/3092 3093/3093/3093
f 3092/3092/3092 3094/3094/3094 3093/3093/3093
f 3095/3095/3095 3096/3096/3096 3097/3097/3097
f 3096/3096/3096 3098/3098/3098 3097/3097/3097
f 3099/3099/3099 3100/3100/3100 3101/3101/3101
f 3100/3100/3100 3102/3102/3102 3101/3101/3101
f 3103/3103/3103 3104/3104/3104 3105/3105/3105
f 3104/3104/3104 3106/3106/3106 3105/3105/3105
f 3107/3107/3107 3108/3108/3108 3109/3109/3109
f 3108/3108/3108 3110/3110/3110 3109/3109/3109
f 3111/3111/3111 3112/3112/3112 3113/3113/3113
f 3112/3112/3112 3114/3114/3114 3113/3113/3113
f 3115/3115/3115 3116/3116/3116 3117/3117/3117
f 3116/3116/3116 3118/3118/3118 3117/3117/3117
f 3119/3119/3119 3120/3120/3120 3121/3121/3121
f 3120/3120/3120 3122/3122/3122 3121/3121/3121
f 3123/3123/3123 3124/3124/3124 3125/3125/3125
f 3124/3124/3124 3126/3126/3126 3125/3125/3125
f 3127/3127/3127 3128/3128/3128 3129/3129/3129
f 3128/3128/3128 3130/3130/3130 3129/3129/3129
f 3131/3131/3131 3132/3132/3132 3133/3133/3133
f 3132/3132/3132 3134/3134/3134 3133/3133/3133
f 3135/3135/3135 3136/3136/3136 3137/3137/3137
f 3136/3136/3136 3138/3138/3138 3137/3137/3137
f 3139/3139/3139 3140/3140/3140 3141/3141/3141
f 3140/3140/3140 3142/3142/3142 3141/3141/3141
f 3143/3143/3143 3144/3144/3144 3142/3142/3142
f 3144/3144/3144 3145/3145/3145 3142/3142/3142
f 3146/3146/3146 3147/3147/3147 3145/3145/3145
f 3147/3147/3147 3148/3148/3148 3145/3145/3145
f 3149/3149/3149 3150/3150/3150 3148/3148/3148
f 3150/3150/3150 3151/3151/3151 3148/3148/3148
f 3152/3152/3152 3153/3153/3153 3151/3151/3151
f 3153/3153/3153 3154/3154/3154 3151/3151/3151
f 3155/3155/3155 3156/3156/3156 3154/3154/3154
f 3156/3156/3156 3157/3157/3157 3154/3154/3154
f 3158/3158/3158 3159/3159/3159 3157/3157/3157
f 3159/3159/3159 3160/3160/3160 3157/3157/3157
f 3161/3161/3161 3162/3162/3162 3160/3160/3160
f 3162/3162/3162 3163/3163/3163 3160/3160/3160
f 3164/3164/3164 3165/3165/3165 3163/3163/3163
f 3165/3165/3165 3166/3166/3166 3163/3163/3163
f 3167/3167/3167 3168/3168/3168 3166/3166/3166
f 3168/3168/3168 3169/3169/3169 3166/3166/3166
f 3170/3170/3170 3171/3171/3171 3169/3169/3169
f 3171/3171/3171 3172/3172/3172 3169/3169/3169
f 3173/3173/3173 3174/3174/3174 3172/3172/3172
f 3174/3174/3174 3175/3175/3175 3172/3172/3172
f 3176/3176/3176 3177/3177/3177 3175/3175/3175
f 3177/3177/3177 3178/3178/3178 3175/3175/3175
f 3179/3179/3179 3180/3180/3180 3178/3178/3178
f 3180/3180/3180 3181/3181/3181 3178/3178/3178
f 3182/3182/3182 3183/3183/3183 3181/3181/3181
f 3183/3183/3183 3184/3184/3184 3181/3181/3181
f 3185/3185/3185 3186/3186/3186 3184/3184/3184
f 3186/3186/3186 3141/3141/3141 3184/3184/3184
f 3187/3187/3187 3188/3188/3188 3189/3189/3189
f 3188/3188/3188 3190/3190/3190 3189/3189/3189
f 3191/3191/3191 3192/3192/3192 3193/3193/3193
f 3192/3192/3192 3194/3194/3194 3193/3193/3193
f 3195/3195/3195 3196/3196/3196 3197/3197/3197
f 3196/3196/3196 3198/3198/3198 3197/3197/3197
f 3199/3199/3199 3200/3200/3200 3201/3201/3201
f 3200/3200/3200 3202/3202/3202 3201/3201/3201
f 3203/3203/3203 3204/3204/3204 3205/3205/3205
f 3204/3204/3204 3206/3206/3206 3205/3205/3205
f 3207/3207/3207 3208/3208/3208 3209/3209/3209
f 3208/3208/3208 3210/3210/3210 3209/3209/3209
f 3211/3211/3211 3212/3212/3212 3213/3213/3213
f 3212/3212/3212 3214/3214/3214 3213/3213/3213
f 3215/3215/3215 3216/3216/3216 3217/3217/3217
f 3216/3216/3216 3218/3218/3218 3217/3217/3217
f 3219/3219/3219 3220/3220/3220 3221/3221/3221
f 3220/3220/3220 3222/3222/3222 3221/3221/3221
f 3223/3223/3223 3224/3224/3224 3225/3225/3225
f 3224/3224/3224 3226/3226/3226 3225/3225/3225
f 3227/3227/3227 3228/3228/3228 3229/3229/3229
f 3228/3228/3228 3230/3230/3230 3229/3229/3229
f 3231/3231/3231 3232/3232/3232 3233/3233/3233
f 3232/3232/3232 3234/3234/3234 3233/3233/3233
f 3235/3235/3235 3236/3236/3236 3237/3237/3237
f 3236/3236/3236 3238/3238/3238 3237/3237/3237
f 3239/3239/3239 3240/3240/3240 3241/3241/3241
f 3240/3240/3240 3242/3242/3242 3241/3241/3241
f 3243/3243/3243 3244/3244/3244 3245/3245/3245
f 3244/3244/3244 3246/3246/3246 3245/3245/3245
f 3247/3247/3247 3248/3248/3248 3249/3249/3249
f 3248/3248/3248 3250/3250/3250 3249/3249/3249
f 3251/3251/3251 3252/3252/3252 3253/3253/3253
f 3252/3252/3252 3254/3254/3254 3253/3253/3253
f 3255/3255/3255 3256/3256/3256 3257/3257/3257
f 3256/3256/3256 3258/3258/3258 3257/3257/3257
f 3259/3259/3259 3260/3260/3260 3261/3261/3261
f 3260/3260/3260 3262/3262/3262 3261/3261/3261
f 3263/3263/3263 3264/3264/3264 3265/3265/3265
f 3264/3264/3264 3266/3266/3266 3265/3265/3265
f 3267/3267/3267 3268/3268/3268 3269/3269/3269
f 3268/3268/3268 3270/3270/3270 3269/3269/3269
f 3271/3271/3271 3272/3272/3272 3273/3273/3273
f 3272/3272/3272 3274/3274/3274 3273/3273/3273
f 3275/3275/3275 3276/3276/3276 3277/3277/3277
f 3276/3276/3276 3278/3278/3278 3277/3277/3277
f 3279/3279/3279 3280/3280/3280 3281/3281/3281
f 3280/3280/3280 3282/3282/3282 3281/3281/3281
f 3283/3283/3283 3284/3284/3284 3285/3285/3285
f 3284/3284/3284 3286/3286/3286 3285/3285/3285
f 3287/3287/3287 3288/3288/3288 3289/3289/3289
f 3288/3288/3288 3290/3290/3290 3289/3289/3289
f 3291/3291/3291 3292/3292/3292 3293/3293/3293
f 3292/3292/3292 3294/3294/3294 3293/3293/3293
f 3295/3295/3295 3296/3296/3296 3297/3297/3297
f 3296/3296/3296 3298/3298/3298 3297/3297/3297
f 3299/3299/3299 3300/3300/3300 3301/3301/3301
f 3300/3300/3300 3302/3302/3302 3301/3301/3301
f 3303/3303/3303 3304/3304/3304 3305/3305/3305
f 3304/3304/3304 3306/3306/3306 3305/3305/3305
f 3307/3307/3307 3308/3308/3308 3309/3309/3309
f 3308/3308/3308 3310/3310/3310 3309/3309/3309
f 3311/3311/3311 3312/3312/3312 3313/3313/3313
f 3312/3312/3312 3314/3314/3314 3313/3313/3313
f 3315/3315/3315 3316/3316/3316 3317/3317/3317
f 3316/3316/3316 3318/3318/3318 3317/3317/3317
f 3316/3316/3316 3319/3319/3319 3318/3318/3318
f 3319/3319/3319 3320/3320/3320 3318/3318/3318
f 3319/3319/3319 3321/3321/3321 3320/3320/3320
f 3321/3321/3321 3322/3322/3322 3320/3320/3320
f 3321/3321/3321 3323/3323/3323 3322/3322/3322
f 3323/3323/3323 3324/3324/3324 3322/3322/3322
f 3323/3323/3323 3325/3325/3325 3324/3324/3324
f 3325/3325/3325 3326/3326/3326 3324/3324/3324
f 3325/3325/3325 3327/3327/3327 3326/3326/3326
f 3327/3327/3327 3328/3328/3328 3326/3326/3326
f 3327/3327/3327 3329/3329/3329 3328/3328/3328
f 3329/3329/3329 3330/3330/3330 3328/3328/3328
f 3329/3329/3329 3331/3331/3331 3330/3330/3330
f 3331/3331/3331 3332/3332/3332 3330/3330/3330
f 3331/3331/3331 3333/3333/3333 3332/3332/3332
f 3333/3333/3333 3334/3334/3334 3332/3332/3332
f 3333/3333/3333 3335/3335/3335 3334/3334/3334
f 3335/3335/3335 3336/3336/3336 3334/3334/3334
f 3335/3335/3335 3337/3337/3337 3336/3336/3336
f 3337/3337/3337 3338/3338/3338 3336/3336/3336
f 3337/3337/3337 3339/3339/3339 3338/3338/3338
f 3339/3339/3339 3340/3340/3340 3338/3338/3338
f 3339/3339/3339 3341/3341/3341 3340/3340/3340
f 3341/3341/3341 3342/3342/3342 3340/3340/3340
f 3341/3341/3341 3343/3343/3343 3342/3342/3342
f 3343/3343/3343 3344/3344/3344 3342/3342/3342
f 3343/3343/3343 3345/3345/3345 3344/3344/3344
f 3345/3345/3345 3346/3346/3346 3344/3344/3344
f 3345/3345/3345 3315/3315/3315 3346/3346/3346
f 3315/3315/3315 3317/3317/3317 3346/3346/3346
f 3317/3317/3317 3318/3318/3318 3347/3347/3347
f 3318/3318/3318 3348/3348/3348 3347/3347/3347
f 3318/3318/3318 3349/3349/3349 3348/3348/3348
f 3349/3349/3349 3350/3350/3350 3348/3348/3348
f 3351/3351/3351 3322/3322/3322 3352/3352/3352
f 3322/3322/3322 3353/3353/3353 3352/3352/3352
f 3322/3322/3322 3324/3324/3324 3353/3353/3353
f 3324/3324/3324 3354/3354/3354 3353/3353/3353
f 3324/3324/3324 3326/3326/3326 3354/3354/3354
f 3326/3326/3326 3355/3355/3355 3354/3354/3354
f 3326/3326/3326 3356/3356/3356 3355/3355/3355
f 3356/3356/3356 3357/3357/3357 3355/3355/3355
f 3358/3358/3358 3330/3330/3330 3359/3359/3359
f 3330/3330/3330 3360/3360/3360 3359/3359/3359
f 3330/3330/3330 3332/3332/3332 3360/3360/3360
f 3332/3332/3332 3361/3361/3361 3360/3360/3360
f 3332/3332/3332 3334/3334/3334 3361/3361/3361
f 3334/3334/3334 3362/3362/3362 3361/3361/3361
f 3334/3334/3334 3363/3363/3363 3362/3362/3362
f 3363/3363/3363 3364/3364/3364 3362/3362/3362
f 3365/3365/3365 3338/3338/3338 3366/3366/3366
f 3338/3338/3338 3367/3367/3367 3366/3366/3366
f 3338/3338/3338 3340/3340/3340 3367/3367/3367
f 3340/3340/3340 3368/3368/3368 3367/3367/3367
f 3340/3340/3340 3342/3342/3342 3368/3368/3368
f 3342/3342/3342 3369/3369/3369 3368/3368/3368
f 3342/3342/3342 3370/3370/3370 3369/3369/3369
f 3370/3370/3370 3371/3371/3371 3369/3369/3369
f 3372/3372/3372 3346/3346/3346 3373/3373/3373
f 3346/3346/3346 3374/3374/3374 3373/3373/3373
f 3346/3346/3346 3317/3317/3317 3374/3374/3374
f 3317/3317/3317 3347/3347/3347 3374/3374/3374
f 3375/3375/3375 3376/3376/3376 3377/3377/3377
f 3376/3376/3376 3378/3378/3378 3377/3377/3377
f 3379/3379/3379 3380/3380/3380 3381/3381/3381
f 3380/3380/3380 3382/3382/3382 3381/3381/3381
f 3383/3383/3383 3384/3384/3384 3385/3385/3385
f 3384/3384/3384 3386/3386/3386 3385/3385/3385
f 3387/3387/3387 3388/3388/3388 3389/3389/3389
f 3388/3388/3388 3390/3390/3390 3389/3389/3389
f 3391/3391/3391 3392/3392/3392 3390/3390/3390
f 3392/3392/3392 3393/3393/3393 3390/3390/3390
f 3394/3394/3394 3395/3395/3395 3396/3396/3396
f 3395/3395/3395 3397/3397/3397 3396/3396/3396
f 3398/3398/3398 3399/3399/3399 3400/3400/3400
f 3399/3399/3399 3401/3401/3401 3400/3400/3400
f 3402/3402/3402 3403/3403/3403 3404/3404/3404
f 3403/3403/3403 3405/3405/3405 3404/3404/3404
f 3406/3406/3406 3407/3407/3407 3405/3405/3405
f 3407/3407/3407 3408/3408/3408 3405/3405/3405
f 3409/3409/3409 3410/3410/3410 3411/3411/3411
f 3410/3410/3410 3412/3412/3412 3411/3411/3411
f 3413/3413/3413 3414/3414/3414 3415/3415/3415
f 3414/3414/3414 3416/3416/3416 3415/3415/3415
f 3417/3417/3417 3418/3418/3418 3419/3419/3419
f 3418/3418/3418 3420/3420/3420 3419/3419/3419
f 3421/3421/3421 3422/3422/3422 3420/3420/3420
f 3422/3422/3422 3423/3423/3423 3420/3420/3420
f 3424/3424/3424 3425/3425/3425 3426/3426/3426
f 3425/3425/3425 3427/3427/3427 3426/3426/3426
f 3428/3428/3428 3429/3429/3429 3430/3430/3430
f 3429/3429/3429 3431/3431/3431 3430/3430/3430
f 3432/3432/3432 3433/3433/3433 3434/3434/3434
f 3433/3433/3433 3377/3377/3377 3434/3434/3434
f 3435/3435/3435 3436/3436/3436 3437/3437/3437
f 3436/3436/3436 3438/3438/3438 3437/3437/3437
f 3436/3436/3436 3439/3439/3439 3438/3438/3438
f 3439/3439/3439 3440/3440/3440 3438/3438/3438
f 3439/3439/3439 3441/3441/3441 3440/3440/3440
f 3441/3441/3441 3442/3442/3442 3440/3440/3440
f 3441/3441/3441 3443/3443/3443 3442/3442/3442
f 3443/3443/3443 3444/3444/3444 3442/3442/3442
f 3443/3443/3443 3445/3445/3445 3444/3444/3444
f 3445/3445/3445 3446/3446/3446 3444/3444/3444
f 3445/3445/3445 3447/3447/3447 3446/3446/3446
f 3447/3447/3447 3448/3448/3448 3446/3446/3446
f 3447/3447/3447 3449/3449/3449 3448/3448/3448
f 3449/3449/3449 3450/3450/3450 3448/3448/3448
f 3449/3449/3449 3451/3451/3451 3450/3450/3450
f 3451/3451/3451 3452/3452/3452 3450/3450/3450
f 3451/3451/3451 3453/3453/3453 3452/3452/3452
f 3453/3453/3453 3454/3454/3454 3452/3452/3452
f 3453/3453/3453 3455/3455/3455 3454/3454/3454
f 3455/3455/3455 3456/3456/3456 3454/3454/3454
f 3455/3455/3455 3457/3457/3457 3456/3456/3456
f 3457/3457/3457 3458/3458/3458 3456/3456/3456
f 3457/3457/3457 3459/3459/3459 3458/3458/3458
f 3459/3459/3459 3460/3460/3460 3458/3458/3458
f 3459/3459/3459 3461/3461/3461 3460/3460/3460
f 3461/3461/3461 3462/3462/3462 3460/3460/3460
f 3461/3461/3461 3463/3463/3463 3462/3462/3462
f 3463/3463/3463 3464/3464/3464 3462/3462/3462
f 3463/3463/3463 3465/3465/3465 3464/3464/3464
f 3465/3465/3465 3466/3466/3466 3464/3464/3464
f 3465/3465/3465 3435/3435/3435 3466/3466/3466
f 3435/3435/3435 3437/3437/3437 3466/3466/3466
f 3467/3467/3467 3468/3468/3468 3469/3469/3469
f 3468/3468/3468 3470/3470/3470 3469/3469/3469
f 3471/3471/3471 3472/3472/3472 3473/3473/3473
f 3472/3472/3472 3474/3474/3474 3473/3473/3473
f 3475/3475/3475 3476/3476/3476 3477/3477/3477
f 3476/3476/3476 3478/3478/3478 3477/3477/3477
f 3479/3479/3479 3480/3480/3480 3481/3481/3481
f 3480/3480/3480 3482/3482/3482 3481/3481/3481
f 3483/3483/3483 3484/3484/3484 3485/3485/3485
f 3484/3484/3484 3486/3486/3486 3485/3485/3485
f 3487/3487/3487 3488/3488/3488 3489/3489/3489
f 3488/3488/3488 3490/3490/3490 3489/3489/3489
f 3491/3491/3491 3492/3492/3492 3493/3493/3493
f 3492/3492/3492 3494/3494/3494 3493/3493/3493
f 3495/3495/3495 3496/3496/3496 3497/3497/3497
f 3496/3496/3496 3498/3498/3498 3497/3497/3497
f 3499/3499/3499 3500/3500/3500 3501/3501/3501
f 3500/3500/3500 3502/3502/3502 3501/3501/3501
f 3503/3503/3503 3504/3504/3504 3505/3505/3505
f 3504/3504/3504 3506/3506/3506 3505/3505/3505
f 3507/3507/3507 3508/3508/3508 3509/3509/3509
f 3508/3508/3508 3510/3510/3510 3509/3509/3509
f 3511/3511/3511 3512/3512/3512 3513/3513/3513
f 3512/3512/3512 3514/3514/3514 3513/3513/3513
f 3515/3515/3515 3516/3516/3516 3517/3517/3517
f 3516/3516/3516 3518/3518/3518 3517/3517/3517
f 3519/3519/3519 3520/3520/3520 3521/3521/3521
f 3520/3520/3520 3522/3522/3522 3521/3521/3521
f 3523/3523/3523 3524/3524/3524 3525/3525/3525
f 3524/3524/3524 3526/3526/3526 3525/3525/3525
f 3527/3527/3527 3528/3528/3528 3529/3529/3529
f 3528/3528/3528 3530/3530/3530 3529/3529/3529
f 3531/3531/3531 3532/3532/3532 3533/3533/3533
f 3534/3534/3534 3535/3535/3535 3536/3536/3536
f 3537/3537/3537 3538/3538/3538 3539/3539/3539
f 3540/3540/3540 3541/3541/3541 3542/3542/3542
f 3543/3543/3543 3544/3544/3544 3545/3545/3545
f 3546/3546/3546 3547/3547/3547 3548/3548/3548
f 3549/3549/3549 3550/3550/3550 3551/3551/3551
f 3552/3552/3552 3553/3553/3553 3554/3554/3554
f 3555/3555/3555 3556/3556/3556 3557/3557/3557
f 3558/3558/3558 3559/3559/3559 3560/3560/3560
f 3561/3561/3561 3562/3562/3562 3563/3563/3563
f 3564/3564/3564 3565/3565/3565 3566/3566/3566
f 3567/3567/3567 3568/3568/3568 3569/3569/3569
f 3570/3570/3570 3571/3571/3571 3572/3572/3572
f 3573/3573/3573 3574/3574/3574 3575/3575/3575
f 3576/3576/3576 3577/3577/3577 3578/3578/3578
f 3579/3579/3579 3580/3580/3580 3581/3581/3581
f 3579/3579/3579 3582/3582/3582 3580/3580/3580
f 3579/3579/3579 3583/3583/3583 3582/3582/3582
f 3579/3579/3579 3584/3584/3584 3583/3583/3583
f 3579/3579/3579 3585/3585/3585 3584/3584/3584
f 3579/3579/3579 3586/3586/3586 3585/3585/3585
f 3579/3579/3579 3587/3587/3587 3586/3586/3586
f 3579/3579/3579 3588/3588/3588 3587/3587/3587
f 3579/3579/3579 3589/3589/3589 3588/3588/3588
f 3579/3579/3579 3590/3590/3590 3589/3589/3589
f 3579/3579/3579 3591/3591/3591 3590/3590/3590
f 3579/3579/3579 3592/3592/3592 3591/3591/3591
f 3579/3579/3579 3593/3593/3593 3592/3592/3592
f 3579/3579/3579 3594/3594/3594 3593/3593/3593
f 3579/3579/3579 3595/3595/3595 3594/3594/3594
f 3579/3579/3579 3581/3581/3581 3595/3595/3595
f 3596/3596/3596 3597/3597/3597 3598/3598/3598
f 3597/3597/3597 3599/3599/3599 3598/3598/3598
f 3600/3600/3600 3601/3601/3601 3602/3602/3602
f 3601/3601/3601 3603/3603/3603 3602/3602/3602
f 3604/3604/3604 3605/3605/3605 3606/3606/3606
f 3605/3605/3605 3607/3607/3607 3606/3606/3606
f 3608/3608/3608 3609/3609/3609 3610/3610/3610
f 3609/3609/3609 3611/3611/3611 3610/3610/3610
f 3612/3612/3612 3613/3613/3613 3614/3614/3614
f 3613/3613/3613 3615/3615/3615 3614/3614/3614
f 3616/3616/3616 3617/3617/3617 3618/3618/3618
f 3617/3617/3617 3619/3619/3619 3618/3618/3618
f 3620/3620/3620 3621/3621/3621 3622/3622/3622
f 3621/3621/3621 3623/3623/3623 3622/3622/3622
f 3624/3624/3624 3625/3625/3625 3626/3626/3626
f 3625/3625/3625 3627/3627/3627 3626/3626/3626
f 3628/3628/3628 3629/3629/3629 3630/3630/3630
f 3629/3629/3629 3631/3631/3631 3630/3630/3630
f 3632/3632/3632 3633/3633/3633 3634/3634/3634
f 3633/3633/3633 3635/3635/3635 3634/3634/3634
f 3636/3636/3636 3637/3637/3637 3638/3638/3638
f 3637/3637/3637 3639/3639/3639 3638/3638/3638
f 3640/3640/3640 3641/3641/3641 3642/3642/3642
f 3641/3641/3641 3643/3643/3643 3642/3642/3642
f 3644/3644/3644 3645/3645/3645 3646/3646/3646
f 3645/3645/3645 3647/3647/3647 3646/3646/3646
f 3648/3648/3648 3649/3649/3649 3650/3650/3650
f 3649/3649/3649 3651/3651/3651 3650/3650/3650
f 3652/3652/3652 3653/3653/3653 3654/3654/3654
f 3653/3653/3653 3655/3655/3655 3654/3654/3654
f 3656/3656/3656 3657/3657/3657 3658/3658/3658
f 3657/3657/3657 3659/3659/3659 3658/3658/3658
f 3660/3660/3660 3661/3661/3661 3662/3662/3662
f 3661/3661/3661 3663/3663/3663 3662/3662/3662
f 3664/3664/3664 3665/3665/3665 3666/3666/3666
f 3665/3665/3665 3667/3667/3667 3666/3666/3666
f 3668/3668/3668 3669/3669/3669 3670/3670/3670
f 3669/3669/3669 3671/3671/3671 3670/3670/3670
f 3672/3672/3672 3673/3673/3673 3674/3674/3674
f 3673/3673/3673 3675/3675/3675 3674/3674/3674
f 3676/3676/3676 3677/3677/3677 3678/3678/3678
f 3677/3677/3677 3679/3679/3679 3678/3678/3678
f 3680/3680/3680 3681/3681/3681 3682/3682/3682
f 3681/3681/3681 3683/3683/3683 3682/3682/3682
f 3684/3684/3684 3685/3685/3685 3686/3686/3686
f 3685/3685/3685 3687/3687/3687 3686/3686/3686
f 3688/3688/3688 3689/3689/3689 3690/3690/3690
f 3689/3689/3689 3691/3691/3691 3690/3690/3690
f 3692/3692/3692 3693/3693/3693 3694/3694/3694
f 3693/3693/3693 3695/3695/3695 3694/3694/3694
f 3696/3696/3696 3697/3697/3697 3698/3698/3698
f 3697/3697/3697 3699/3699/3699 3698/3698/3698
f 3700/3700/3700 3701/3701/3701 3702/3702/3702
f 3701/3701/3701 3703/3703/3703 3702/3702/3702
f 3704/3704/3704 3705/3705/3705 3706/3706/3706
f 3705/3705/3705 3707/3707/3707 3706/3706/3706
f 3708/3708/3708 3709/3709/3709 3710/3710/3710
f 3709/3709/3709 3711/3711/3711 3710/3710/3710
f 3712/3712/3712 3713/3713/3713 3714/3714/3714
f 3713/3713/3713 3715/3715/3715 3714/3714/3714
f 3716/3716/3716 3717/3717/3717 3718/3718/3718
f 3717/3717/3717 3719/3719/3719 3718/3718/3718
f 3720/3720/3720 3721/3721/3721 3722/3722/3722
f 3721/3721/3721 3723/3723/3723 3722/3722/3722
o S16
v 0.00000000000 1.66199999875 0.00000000000
v 0.0111936582252 1.66199999875 0.00347742391750
v 0.0121159283444 1.66199999875 0.00000000000
v 0.00856725499034 1.66199999875 0.00642544124275
v 0.00463656522334 1.66199999875 0.00839524343610
v 7.41886659171e-19 1.66199999875 0.00908694602549
v -0.00463656522334 1.66199999875 0.00839524343610
v -0.00856725499034 1.66199999875 0.00642544124275
v -0.0111936582252 1.66199999875 0.00347742391750
v -0.0121159283444 1.66199999875 1.11282996291e-18
v -0.0111936582252 1.66199999875 -0.00347742391750
v -0.00856725499034 1.66199999875 -0.00642544124275
v -0.00463656522334 1.66199999875 -0.00839524343610
v -2.22565992582e-18 1.66199999875 -0.00908694602549
v 0.00463656522334 1.66199999875 -0.00839524343610
v 0.00856725499034 1.66199999875 -0.00642544124275
v 0.0111936582252 1.66199999875 -0.00347742391750
v 0.0134585900232 1.66128591275 0.00000000000
v 0.0124341165647 1.66128591275 0.00386278470978
v 0.00856725499034 1.66199999875 0.00642544124275
v 0.00951666012406 1.66128591275 0.00713749555871
v 0.00856725499034 1.66199999875 0.00642544124275
v 0.00463656522334 1.66199999875 0.00839524343610
v 0.00951666012406 1.66128591275 0.00713749555871
v 0.00515037961304 1.66128591275 0.00932558719069
v 0.00463656522334 1.66199999875 0.00839524343610
v 7.41886659171e-19 1.66199999875 0.00908694602549
v 0.00515037961304 1.66128591275 0.00932558719069
v 8.24100967434e-19 1.66128591275 0.0100939432159
v 7.41886659171e-19 1.66199999875 0.00908694602549
v -0.00463656522334 1.66199999875 0.00839524343610
v -0.00515037961304 1.66128591275 0.00932558719069
v -0.00463656522334 1.66199999875 0.00839524343610
v -0.00856725499034 1.66199999875 0.00642544124275
v -0.00515037961304 1.66128591275 0.00932558719069
v -0.00951666012406 1.66128591275 0.00713749555871
v -0.00856725499034 1.66199999875 0.00642544124275
v -0.00951666012406 1.66128591275 0.00713749555871
v -0.0124341165647 1.66128591275 0.00386278470978
v -0.0134585900232 1.66128591275 1.23615142530e-18
v -0.0124341165647 1.66128591275 -0.00386278470978
v -0.00856725499034 1.66199999875 -0.00642544124275
v -0.00951666012406 1.66128591275 -0.00713749555871
v -0.00856725499034 1.66199999875 -0.00642544124275
v -0.00463656522334 1.66199999875 -0.00839524343610
v -0.00951666012406 1.66128591275 -0.00713749555871
v -0.00515037961304 1.66128591275 -0.00932558719069
v -0.00463656522334 1.66199999875 -0.00839524343610
v -2.22565992582e-18 1.66199999875 -0.00908694602549
v -0.00515037961304 1.66128591275 -0.00932558719069
v -2.47230285060e-18 1.66128591275 -0.0100939432159
v -2.22565992582e-18 1.66199999875 -0.00908694602549
v 0.00463656522334 1.66199999875 -0.00839524343610
v 0.00515037961304 1.66128591275 -0.00932558719069
v 0.00463656522334 1.66199999875 -0.00839524343610
v 0.00856725499034 1.66199999875 -0.00642544124275
v 0.00515037961304 1.66128591275 -0.00932558719069
v 0.00951666012406 1.66128591275 -0.00713749555871
v 0.00856725499034 1.66199999875 -0.00642544124275
v 0.00951666012406 1.66128591275 -0.00713749555871
v 0.0124341165647 1.66128591275 -0.00386278470978
v 0.0198995377868 1.65670286691 0.00000000000
v 0.0183847770095 1.65670286691 0.00571141764522
v 0.0140710985288 1.65670286691 0.0105533236638
v 0.00951666012406 1.66128591275 0.00713749555871
v 0.00761522352695 1.65670286691 0.0137885818258
v 0.00515037961304 1.66128591275 0.00932558719069
v 1.21849525513e-18 1.65670286691 0.0149246538058
v -0.00515037961304 1.66128591275 0.00932558719069
v -0.00761522352695 1.65670286691 0.0137885818258
v -0.00951666012406 1.66128591275 0.00713749555871
v -0.0140710985288 1.65670286691 0.0105533236638
v -0.0183847770095 1.65670286691 0.00571141764522
v -0.0198995377868 1.65670286691 1.82774303779e-18
v -0.0183847770095 1.65670286691 -0.00571141764522
v -0.0140710985288 1.65670286691 -0.0105533236638
v -0.00951666012406 1.66128591275 -0.00713749555871
v -0.00761522352695 1.65670286691 -0.0137885818258
v -0.00515037961304 1.66128591275 -0.00932558719069
v -3.65548607557e-18 1.65670286691 -0.0149246538058
v 0.00515037961304 1.66128591275 -0.00932558719069
v 0.00761522352695 1.65670286691 -0.0137885818258
v 0.00951666012406 1.66128591275 -0.00713749555871
v 0.0140710985288 1.65670286691 -0.0105533236638
v 0.0183847770095 1.65670286691 -0.00571141764522
v 0.0260000005364 1.65039677000 0.00000000000
v 0.0240208674222 1.65039677000 0.00746232690290
v 0.0183847770095 1.65670286691 0.00571141764522
v 0.0240208674222 1.65039677000 0.00746232690290
v 0.0183847770095 1.65039677000 0.0137885818258
v 0.00994976889342 1.65039677000 0.0180156510323
v 1.59204081737e-18 1.65039677000 0.0195000004023
v -0.00994976889342 1.65039677000 0.0180156510323
v -0.0183847770095 1.65039677000 0.0137885818258
v -0.0183847770095 1.65670286691 0.00571141764522
v -0.0240208674222 1.65039677000 0.00746232690290
v -0.0240208674222 1.65039677000 0.00746232690290
v -0.0260000005364 1.65039677000 2.38806132945e-18
v -0.0240208674222 1.65039677000 -0.00746232690290
v -0.0183847770095 1.65670286691 -0.00571141764522
v -0.0240208674222 1.65039677000 -0.00746232690290
v -0.0183847770095 1.65039677000 -0.0137885818258
v -0.00994976889342 1.65039677000 -0.0180156510323
v -4.77612265891e-18 1.65039677000 -0.0195000004023
v 0.00994976889342 1.65039677000 -0.0180156510323
v 0.0183847770095 1.65039677000 -0.0137885818258
v 0.0183847770095 1.65670286691 -0.00571141764522
v 0.0240208674222 1.65039677000 -0.00746232690290
v 0.0240208674222 1.65039677000 -0.00746232690290
v 0.0316555947065 1.64247551388 0.00000000000
v 0.0292459558696 1.64247551388 0.00908555369824
v 0.0292459558696 1.64247551388 0.00908555369824
v 0.0223838854581 1.64247551388 0.0167879145592
v 0.0121140712872 1.64247551388 0.0219344664365
v 1.93834618467e-18 1.64247551388 0.0237416960299
v -0.0121140712872 1.64247551388 0.0219344664365
v -0.0223838854581 1.64247551388 0.0167879145592
v -0.0292459558696 1.64247551388 0.00908555369824
v -0.0292459558696 1.64247551388 0.00908555369824
v -0.0316555947065 1.64247551388 2.90751917361e-18
v -0.0292459558696 1.64247551388 -0.00908555369824
v -0.0292459558696 1.64247551388 -0.00908555369824
v -0.0223838854581 1.64247551388 -0.0167879145592
v -0.0121140712872 1.64247551388 -0.0219344664365
v -5.81503834722e-18 1.64247551388 -0.0237416960299
v 0.0121140712872 1.64247551388 -0.0219344664365
v 0.0223838854581 1.64247551388 -0.0167879145592
v 0.0292459558696 1.64247551388 -0.00908555369824
v 0.0292459558696 1.64247551388 -0.00908555369824
v 0.0367695540190 1.63307463950 0.00000000000
v 0.0339706353843 1.63307463950 0.0105533236638
v 0.0260000005364 1.63307463950 0.0195000004023
v 0.0140710985288 1.63307463950 0.0254779774696
v 2.25148574531e-18 1.63307463950 0.0275771636516
v -0.0140710985288 1.63307463950 0.0254779774696
v -0.0260000005364 1.63307463950 0.0195000004023
v -0.0339706353843 1.63307463950 0.0105533236638
v -0.0367695540190 1.63307463950 3.37722872136e-18
v -0.0339706353843 1.63307463950 -0.0105533236638
v -0.0260000005364 1.63307463950 -0.0195000004023
v -0.0140710985288 1.63307463950 -0.0254779774696
v -6.75445744273e-18 1.63307463950 -0.0275771636516
v 0.0140710985288 1.63307463950 -0.0254779774696
v 0.0260000005364 1.63307463950 -0.0195000004023
v 0.0339706353843 1.63307463950 -0.0105533236638
v 0.0412543751299 1.62235499746 0.00000000000
v 0.0381140708923 1.62235499746 0.0118405241519
v 0.0291712470353 1.62235499746 0.0218784362078
v 0.0157873649150 1.62235499746 0.0285855531693
v 2.52610185046e-18 1.62235499746 0.0309407804161
v -0.0157873649150 1.62235499746 0.0285855531693
v -0.0291712470353 1.62235499746 0.0218784362078
v -0.0381140708923 1.62235499746 0.0118405241519
v -0.0412543751299 1.62235499746 3.78915267230e-18
v -0.0381140708923 1.62235499746 -0.0118405241519
v -0.0291712470353 1.62235499746 -0.0218784362078
v -0.0157873649150 1.62235499746 -0.0285855531693
v -7.57830534459e-18 1.62235499746 -0.0309407804161
v 0.0157873649150 1.62235499746 -0.0285855531693
v 0.0291712470353 1.62235499746 -0.0218784362078
v 0.0381140708923 1.62235499746 -0.0118405241519
v 0.0450333207846 1.61049999869 0.00000000000
v 0.0416053645313 1.61049999869 0.0129251293838
v 0.0318433679640 1.61049999869 0.0238825250417
v 0.0172335058451 1.61049999869 0.0312040224671
v 2.75749570066e-18 1.61049999869 0.0337749905884
v -0.0172335058451 1.61049999869 0.0312040224671
v -0.0318433679640 1.61049999869 0.0238825250417
v -0.0416053645313 1.61049999869 0.0129251293838
v -0.0450333207846 1.61049999869 4.13624344759e-18
v -0.0416053645313 1.61049999869 -0.0129251293838
v -0.0318433679640 1.61049999869 -0.0238825250417
v -0.0172335058451 1.61049999869 -0.0312040224671
v -8.27248689517e-18 1.61049999869 -0.0337749905884
v 0.0172335058451 1.61049999869 -0.0312040224671
v 0.0318433679640 1.61049999869 -0.0238825250417
v 0.0416053645313 1.61049999869 -0.0129251293838
v 0.0480417348444 1.59771249270 0.00000000000
v 0.0443847775459 1.59771249270 0.0137885818258
v 0.0339706353843 1.59771249270 0.0254779774696
v 0.0183847770095 1.59771249270 0.0332885831594
v 2.94170778910e-18 1.59771249270 0.0360313020647
v -0.0183847770095 1.59771249270 0.0332885831594
v -0.0339706353843 1.59771249270 0.0254779774696
v -0.0443847775459 1.59771249270 0.0137885818258
v -0.0480417348444 1.59771249270 4.41256189044e-18
v -0.0443847775459 1.59771249270 -0.0137885818258
v -0.0339706353843 1.59771249270 -0.0254779774696
v -0.0183847770095 1.59771249270 -0.0332885831594
v -8.82512378088e-18 1.59771249270 -0.0360313020647
v 0.0183847770095 1.59771249270 -0.0332885831594
v 0.0339706353843 1.59771249270 -0.0254779774696
v 0.0443847775459 1.59771249270 -0.0137885818258
v 0.0502281412482 1.58421127512 0.00000000000
v 0.0464047528803 1.58421127512 0.0144161088392
v 0.0355166606605 1.58421127512 0.0266374945641
v 0.0192214790732 1.58421127512 0.0348035655916
v 3.07558676444e-18 1.58421127512 0.0376711077988
v -0.0192214790732 1.58421127512 0.0348035655916
v -0.0355166606605 1.58421127512 0.0266374945641
v -0.0464047528803 1.58421127512 0.0144161088392
v -0.0502281412482 1.58421127512 4.61338025006e-18
v -0.0464047528803 1.58421127512 -0.0144161088392
v -0.0355166606605 1.58421127512 -0.0266374945641
v -0.0192214790732 1.58421127512 -0.0348035655916
v -9.22676050012e-18 1.58421127512 -0.0376711077988
v 0.0192214790732 1.58421127512 -0.0348035655916
v 0.0355166606605 1.58421127512 -0.0266374945641
v 0.0464047528803 1.58421127512 -0.0144161088392
v 0.0515551343560 1.57022735490 0.00000000000
v 0.0476307310164 1.57022735490 0.0147969713435
v 0.0364549830556 1.57022735490 0.0273412372917
v 0.0197292957455 1.57022735490 0.0357230491936
v 3.15684133640e-18 1.57022735490 0.0386663489044
v -0.0197292957455 1.57022735490 0.0357230491936
v -0.0364549830556 1.57022735490 0.0273412372917
v -0.0476307310164 1.57022735490 0.0147969713435
v -0.0515551343560 1.57022735490 4.73526200460e-18
v -0.0476307310164 1.57022735490 -0.0147969713435
v -0.0364549830556 1.57022735490 -0.0273412372917
v -0.0197292957455 1.57022735490 -0.0357230491936
v -9.47052400920e-18 1.57022735490 -0.0386663489044
v 0.0197292957455 1.57022735490 -0.0357230491936
v 0.0364549830556 1.57022735490 -0.0273412372917
v 0.0476307310164 1.57022735490 -0.0147969713435
v 0.0520000010729 1.55600000000 0.00000000000
v 0.0480417348444 1.55600000000 0.0149246538058
v 0.0367695540190 1.55600000000 0.0275771636516
v 0.0198995377868 1.55600000000 0.0360313020647
v 3.18408163474e-18 1.55600000000 0.0390000008047
v -0.0198995377868 1.55600000000 0.0360313020647
v -0.0367695540190 1.55600000000 0.0275771636516
v -0.0480417348444 1.55600000000 0.0149246538058
v -0.0520000010729 1.55600000000 4.77612265891e-18
v -0.0480417348444 1.55600000000 -0.0149246538058
v -0.0367695540190 1.55600000000 -0.0275771636516
v -0.0198995377868 1.55600000000 -0.0360313020647
v -9.55224531782e-18 1.55600000000 -0.0390000008047
v 0.0198995377868 1.55600000000 -0.0360313020647
v 0.0367695540190 1.55600000000 -0.0275771636516
v 0.0480417348444 1.55600000000 -0.0149246538058
v 0.0515551343560 1.54177264510 0.00000000000
v 0.0476307310164 1.54177264510 0.0147969713435
v 0.0364549830556 1.54177264510 0.0273412372917
v 0.0197292957455 1.54177264510 0.0357230491936
v 3.15684133640e-18 1.54177264510 0.0386663489044
v -0.0197292957455 1.54177264510 0.0357230491936
v -0.0364549830556 1.54177264510 0.0273412372917
v -0.0476307310164 1.54177264510 0.0147969713435
v -0.0515551343560 1.54177264510 4.73526200460e-18
v -0.0476307310164 1.54177264510 -0.0147969713435
v -0.0364549830556 1.54177264510 -0.0273412372917
v -0.0197292957455 1.54177264510 -0.0357230491936
v -9.47052400920e-18 1.54177264510 -0.0386663489044
v 0.0197292957455 1.54177264510 -0.0357230491936
v 0.0364549830556 1.54177264510 -0.0273412372917
v 0.0476307310164 1.54177264510 -0.0147969713435
v 0.0502281412482 1.52778872488 0.00000000000
v 0.0464047528803 1.52778872488 0.0144161088392
v 0.0355166606605 1.52778872488 0.0266374945641
v 0.0192214790732 1.52778872488 0.0348035655916
v 3.07558676444e-18 1.52778872488 0.0376711077988
v -0.0192214790732 1.52778872488 0.0348035655916
v -0.0355166606605 1.52778872488 0.0266374945641
v -0.0464047528803 1.52778872488 0.0144161088392
v -0.0502281412482 1.52778872488 4.61338025006e-18
v -0.0464047528803 1.52778872488 -0.0144161088392
v -0.0355166606605 1.52778872488 -0.0266374945641
v -0.0192214790732 1.52778872488 -0.0348035655916
v -9.22676050012e-18 1.52778872488 -0.0376711077988
v 0.0192214790732 1.52778872488 -0.0348035655916
v 0.0355166606605 1.52778872488 -0.0266374945641
v 0.0464047528803 1.52778872488 -0.0144161088392
v 0.0480417348444 1.51428750730 0.00000000000
v 0.0443847775459 1.51428750730 0.0137885818258
v 0.0339706353843 1.51428750730 0.0254779774696
v 0.0183847770095 1.51428750730 0.0332885831594
v 2.94170778910e-18 1.51428750730 0.0360313020647
v -0.0183847770095 1.51428750730 0.0332885831594
v -0.0339706353843 1.51428750730 0.0254779774696
v -0.0443847775459 1.51428750730 0.0137885818258
v -0.0480417348444 1.51428750730 4.41256189044e-18
v -0.0443847775459 1.51428750730 -0.0137885818258
v -0.0339706353843 1.51428750730 -0.0254779774696
v -0.0183847770095 1.51428750730 -0.0332885831594
v -8.82512378088e-18 1.51428750730 -0.0360313020647
v 0.0183847770095 1.51428750730 -0.0332885831594
v 0.0339706353843 1.51428750730 -0.0254779774696
v 0.0443847775459 1.51428750730 -0.0137885818258
v 0.0450333207846 1.50150000131 0.00000000000
v 0.0416053645313 1.50150000131 0.0129251293838
v 0.0318433679640 1.50150000131 0.0238825250417
v 0.0172335058451 1.50150000131 0.0312040224671
v 2.75749570066e-18 1.50150000131 0.0337749905884
v -0.0172335058451 1.50150000131 0.0312040224671
v -0.0318433679640 1.50150000131 0.0238825250417
v -0.0416053645313 1.50150000131 0.0129251293838
v -0.0450333207846 1.50150000131 4.13624344759e-18
v -0.0416053645313 1.50150000131 -0.0129251293838
v -0.0318433679640 1.50150000131 -0.0238825250417
v -0.0172335058451 1.50150000131 -0.0312040224671
v -8.27248689517e-18 1.50150000131 -0.0337749905884
v 0.0172335058451 1.50150000131 -0.0312040224671
v 0.0318433679640 1.50150000131 -0.0238825250417
v 0.0416053645313 1.50150000131 -0.0129251293838
v 0.0412543751299 1.48964500254 0.00000000000
v 0.0381140708923 1.48964500254 0.0118405241519
v 0.0291712470353 1.48964500254 0.0218784362078
v 0.0157873649150 1.48964500254 0.0285855531693
v 2.52610185046e-18 1.48964500254 0.0309407804161
v -0.0157873649150 1.48964500254 0.0285855531693
v -0.0291712470353 1.48964500254 0.0218784362078
v -0.0381140708923 1.48964500254 0.0118405241519
v -0.0412543751299 1.48964500254 3.78915267230e-18
v -0.0381140708923 1.48964500254 -0.0118405241519
v -0.0291712470353 1.48964500254 -0.0218784362078
v -0.0157873649150 1.48964500254 -0.0285855531693
v -7.57830534459e-18 1.48964500254 -0.0309407804161
v 0.0157873649150 1.48964500254 -0.0285855531693
v 0.0291712470353 1.48964500254 -0.0218784362078
v 0.0381140708923 1.48964500254 -0.0118405241519
v 0.0367695540190 1.47892536050 0.00000000000
v 0.0339706353843 1.47892536050 0.0105533236638
v 0.0260000005364 1.47892536050 0.0195000004023
v 0.0140710985288 1.47892536050 0.0254779774696
v 2.25148574531e-18 1.47892536050 0.0275771636516
v -0.0140710985288 1.47892536050 0.0254779774696
v -0.0260000005364 1.47892536050 0.0195000004023
v -0.0339706353843 1.47892536050 0.0105533236638
v -0.0367695540190 1.47892536050 3.37722872136e-18
v -0.0339706353843 1.47892536050 -0.0105533236638
v -0.0260000005364 1.47892536050 -0.0195000004023
v -0.0140710985288 1.47892536050 -0.0254779774696
v -6.75445744273e-18 1.47892536050 -0.0275771636516
v 0.0140710985288 1.47892536050 -0.0254779774696
v 0.0260000005364 1.47892536050 -0.0195000004023
v 0.0339706353843 1.47892536050 -0.0105533236638
v 0.0316555947065 1.46952448612 0.00000000000
v 0.0292459558696 1.46952448612 0.00908555369824
v 0.0292459558696 1.46952448612 0.00908555369824
v 0.0223838854581 1.46952448612 0.0167879145592
v 0.0121140712872 1.46952448612 0.0219344664365
v 1.93834618467e-18 1.46952448612 0.0237416960299
v -0.0121140712872 1.46952448612 0.0219344664365
v -0.0223838854581 1.46952448612 0.0167879145592
v -0.0292459558696 1.46952448612 0.00908555369824
v -0.0292459558696 1.46952448612 0.00908555369824
v -0.0316555947065 1.46952448612 2.90751917361e-18
v -0.0292459558696 1.46952448612 -0.00908555369824
v -0.0292459558696 1.46952448612 -0.00908555369824
v -0.0223838854581 1.46952448612 -0.0167879145592
v -0.0121140712872 1.46952448612 -0.0219344664365
v -5.81503834722e-18 1.46952448612 -0.0237416960299
v 0.0121140712872 1.46952448612 -0.0219344664365
v 0.0223838854581 1.46952448612 -0.0167879145592
v 0.0292459558696 1.46952448612 -0.00908555369824
v 0.0292459558696 1.46952448612 -0.00908555369824
v 0.0260000005364 1.46160323000 0.00000000000
v 0.0240208674222 1.46160323000 0.00746232690290
v 0.0240208674222 1.46160323000 0.00746232690290
v 0.0183847770095 1.46160323000 0.0137885818258
v 0.00994976889342 1.46160323000 0.0180156510323
v 1.59204081737e-18 1.46160323000 0.0195000004023
v -0.00994976889342 1.46160323000 0.0180156510323
v -0.0183847770095 1.46160323000 0.0137885818258
v -0.0240208674222 1.46160323000 0.00746232690290
v -0.0240208674222 1.46160323000 0.00746232690290
v -0.0260000005364 1.46160323000 2.38806132945e-18
v -0.0240208674222 1.46160323000 -0.00746232690290
v -0.0240208674222 1.46160323000 -0.00746232690290
v -0.0183847770095 1.46160323000 -0.0137885818258
v -0.00994976889342 1.46160323000 -0.0180156510323
v -4.77612265891e-18 1.46160323000 -0.0195000004023
v 0.00994976889342 1.46160323000 -0.0180156510323
v 0.0183847770095 1.46160323000 -0.0137885818258
v 0.0240208674222 1.46160323000 -0.00746232690290
v 0.0240208674222 1.46160323000 -0.00746232690290
v 0.0198995377868 1.45529713309 0.00000000000
v 0.0183847770095 1.45529713309 0.00571141764522
v 0.0183847770095 1.45529713309 0.00571141764522
v 0.0140710985288 1.45529713309 0.0105533236638
v 0.00761522352695 1.45529713309 0.0137885818258
v 1.21849525513e-18 1.45529713309 0.0149246538058
v -0.00761522352695 1.45529713309 0.0137885818258
v -0.0140710985288 1.45529713309 0.0105533236638
v -0.0183847770095 1.45529713309 0.00571141764522
v -0.0183847770095 1.45529713309 0.00571141764522
v -0.0198995377868 1.45529713309 1.82774303779e-18
v -0.0183847770095 1.45529713309 -0.00571141764522
v -0.0183847770095 1.45529713309 -0.00571141764522
v -0.0140710985288 1.45529713309 -0.0105533236638
v -0.00761522352695 1.45529713309 -0.0137885818258
v -3.65548607557e-18 1.45529713309 -0.0149246538058
v 0.00761522352695 1.45529713309 -0.0137885818258
v 0.0140710985288 1.45529713309 -0.0105533236638
v 0.0183847770095 1.45529713309 -0.00571141764522
v 0.0183847770095 1.45529713309 -0.00571141764522
v 0.0134585900232 1.45071408725 0.00000000000
v 0.0124341165647 1.45071408725 0.00386278470978
v 0.00951666012406 1.45071408725 0.00713749555871
v 0.00951666012406 1.45071408725 0.00713749555871
v 0.00515037961304 1.45071408725 0.00932558719069
v 0.00515037961304 1.45071408725 0.00932558719069
v 8.24100967434e-19 1.45071408725 0.0100939432159
v -0.00515037961304 1.45071408725 0.00932558719069
v -0.00515037961304 1.45071408725 0.00932558719069
v -0.00951666012406 1.45071408725 0.00713749555871
v -0.00951666012406 1.45071408725 0.00713749555871
v -0.0124341165647 1.45071408725 0.00386278470978
v -0.0134585900232 1.45071408725 1.23615142530e-18
v -0.0124341165647 1.45071408725 -0.00386278470978
v -0.00951666012406 1.45071408725 -0.00713749555871
v -0.00951666012406 1.45071408725 -0.00713749555871
v -0.00515037961304 1.45071408725 -0.00932558719069
v -0.00515037961304 1.45071408725 -0.00932558719069
v -2.47230285060e-18 1.45071408725 -0.0100939432159
v 0.00515037961304 1.45071408725 -0.00932558719069
v 0.00515037961304 1.45071408725 -0.00932558719069
v 0.00951666012406 1.45071408725 -0.00713749555871
v 0.00951666012406 1.45071408725 -0.00713749555871
v 0.0124341165647 1.45071408725 -0.00386278470978
v 0.00828454643488 1.44839222556 0.00000000000
v 0.00765392323956 1.44839222556 0.00237776897848
v 0.00951666012406 1.45071408725 0.00713749555871
v 0.00765392323956 1.44839222556 0.00237776897848
v 0.00585805904120 1.44839222556 0.00439354451373
v 0.00951666012406 1.45071408725 0.00713749555871
v 0.00515037961304 1.45071408725 0.00932558719069
v 0.00585805904120 1.44839222556 0.00439354451373
v 0.00317035871558 1.44839222556 0.00574044231325
v 0.00515037961304 1.45071408725 0.00932558719069
v 0.00317035871558 1.44839222556 0.00574044231325
v 5.07282159128e-19 1.44839222556 0.00621340982616
v -0.00515037961304 1.45071408725 0.00932558719069
v -0.00317035871558 1.44839222556 0.00574044231325
v -0.00515037961304 1.45071408725 0.00932558719069
v -0.00951666012406 1.45071408725 0.00713749555871
v -0.00317035871558 1.44839222556 0.00574044231325
v -0.00585805904120 1.44839222556 0.00439354451373
v -0.00951666012406 1.45071408725 0.00713749555871
v -0.00585805904120 1.44839222556 0.00439354451373
v -0.00765392323956 1.44839222556 0.00237776897848
v -0.00765392323956 1.44839222556 0.00237776897848
v -0.00828454643488 1.44839222556 7.60923290391e-19
v -0.00828454643488 1.44839222556 7.60923290391e-19
v -0.00765392323956 1.44839222556 -0.00237776897848
v -0.00951666012406 1.45071408725 -0.00713749555871
v -0.00765392323956 1.44839222556 -0.00237776897848
v -0.00585805904120 1.44839222556 -0.00439354451373
v -0.00951666012406 1.45071408725 -0.00713749555871
v -0.00515037961304 1.45071408725 -0.00932558719069
v -0.00585805904120 1.44839222556 -0.00439354451373
v -0.00317035871558 1.44839222556 -0.00574044231325
v -0.00515037961304 1.45071408725 -0.00932558719069
v -0.00317035871558 1.44839222556 -0.00574044231325
v -1.52184658078e-18 1.44839222556 -0.00621340982616
v 0.00515037961304 1.45071408725 -0.00932558719069
v 0.00317035871558 1.44839222556 -0.00574044231325
v 0.00515037961304 1.45071408725 -0.00932558719069
v 0.00951666012406 1.45071408725 -0.00713749555871
v 0.00317035871558 1.44839222556 -0.00574044231325
v 0.00585805904120 1.44839222556 -0.00439354451373
v 0.00951666012406 1.45071408725 -0.00713749555871
v 0.00585805904120 1.44839222556 -0.00439354451373
v 0.00765392323956 1.44839222556 -0.00237776897848
v 0.00765392323956 1.44839222556 -0.00237776897848
v 0.00828454643488 1.44839222556 0.00000000000
v 0.00828454643488 1.44839222556 0.00000000000
v 0.00765392323956 1.44839222556 0.00237776897848
v 0.00519133778289 1.44754454321 0.00000000000
v 0.00479617062956 1.44754454321 0.00148997921497
v 0.00585805904120 1.44839222556 0.00439354451373
v 0.00367083004676 1.44754454321 0.00275312247686
v 0.00585805904120 1.44839222556 0.00439354451373
v 0.00317035871558 1.44839222556 0.00574044231325
v 0.00367083004676 1.44754454321 0.00275312247686
v 0.00198663887568 1.44754454321 0.00359712797217
v 5.07282159128e-19 1.44839222556 0.00621340982616
v 3.17877754586e-19 1.44754454321 0.00389350322075
v 5.07282159128e-19 1.44839222556 0.00621340982616
v -0.00317035871558 1.44839222556 0.00574044231325
v 3.17877754586e-19 1.44754454321 0.00389350322075
v -0.00198663887568 1.44754454321 0.00359712797217
v -0.00585805904120 1.44839222556 0.00439354451373
v -0.00367083004676 1.44754454321 0.00275312247686
v -0.00585805904120 1.44839222556 0.00439354451373
v -0.00765392323956 1.44839222556 0.00237776897848
v -0.00367083004676 1.44754454321 0.00275312247686
v -0.00479617062956 1.44754454321 0.00148997921497
v -0.00828454643488 1.44839222556 7.60923290391e-19
v -0.00519133778289 1.44754454321 4.76816631879e-19
v -0.00765392323956 1.44839222556 -0.00237776897848
v -0.00479617062956 1.44754454321 -0.00148997921497
v -0.00585805904120 1.44839222556 -0.00439354451373
v -0.00367083004676 1.44754454321 -0.00275312247686
v -0.00585805904120 1.44839222556 -0.00439354451373
v -0.00317035871558 1.44839222556 -0.00574044231325
v -0.00367083004676 1.44754454321 -0.00275312247686
v -0.00198663887568 1.44754454321 -0.00359712797217
v -1.52184658078e-18 1.44839222556 -0.00621340982616
v -9.53633263758e-19 1.44754454321 -0.00389350322075
v -1.52184658078e-18 1.44839222556 -0.00621340982616
v 0.00317035871558 1.44839222556 -0.00574044231325
v -9.53633263758e-19 1.44754454321 -0.00389350322075
v 0.00198663887568 1.44754454321 -0.00359712797217
v 0.00585805904120 1.44839222556 -0.00439354451373
v 0.00367083004676 1.44754454321 -0.00275312247686
v 0.00585805904120 1.44839222556 -0.00439354451373
v 0.00765392323956 1.44839222556 -0.00237776897848
v 0.00367083004676 1.44754454321 -0.00275312247686
v 0.00479617062956 1.44754454321 -0.00148997921497
v 0.00259891687892 1.44713622159 0.00000000000
v 0.00240108603612 1.44713622159 0.000745921803173
v 0.00183771166485 1.44713622159 0.00137828371953
v 0.00198663887568 1.44754454321 0.00359712797217
v 0.000994562404230 1.44713622159 0.00180081452709
v 3.17877754586e-19 1.44754454321 0.00389350322075
v 1.59137762531e-19 1.44713622159 0.00194918760099
v -0.00198663887568 1.44754454321 0.00359712797217
v -0.000994562404230 1.44713622159 0.00180081452709
v -0.00183771166485 1.44713622159 0.00137828371953
v -0.00240108603612 1.44713622159 0.000745921803173
v -0.00259891687892 1.44713622159 2.38706643797e-19
v -0.00240108603612 1.44713622159 -0.000745921803173
v -0.00183771166485 1.44713622159 -0.00137828371953
v -0.00198663887568 1.44754454321 -0.00359712797217
v -0.000994562404230 1.44713622159 -0.00180081452709
v -9.53633263758e-19 1.44754454321 -0.00389350322075
v -4.77413287594e-19 1.44713622159 -0.00194918760099
v 0.00198663887568 1.44754454321 -0.00359712797217
v 0.000994562404230 1.44713622159 -0.00180081452709
v 0.00183771166485 1.44713622159 -0.00137828371953
v 0.00240108603612 1.44713622159 -0.000745921803173
v 0.00000000000 1.44700000262 0.00000000000
vt 0 0
vt 0.0625 0.03846153989434242
vt 0 0.03846153989434242
vt 0.125 0.03846153989434242
vt 0.1875 0.03846153989434242
vt 0.25 0.03846153989434242
vt 0.3125 0.03846153989434242
vt 0.375 0.03846153989434242
vt 0.4375 0.03846153989434242
vt 0.5 0.03846153989434242
vt 0.5625 0.03846153989434242
vt 0.625 0.03846153989434242
vt 0.6875 0.03846153989434242
vt 0.75 0.03846153989434242
vt 0.8125 0.03846153989434242
vt 0.875 0.03846153989434242
vt 0.9375 0.03846153989434242
vt 0 0.07692307978868484
vt 0.0625 0.07692307978868484
vt 0.125 0.03846153989434242
vt 0.125 0.07692307978868484
vt 0.125 0.03846153989434242
vt 0.1875 0.03846153989434242
vt 0.125 0.07692307978868484
vt 0.1875 0.07692307978868484
vt 0.1875 0.03846153989434242
vt 0.25 0.03846153989434242
vt 0.1875 0.07692307978868484
vt 0.25 0.07692307978868484
vt 0.25 0.03846153989434242
vt 0.3125 0.03846153989434242
vt 0.3125 0.07692307978868484
vt 0.3125 0.03846153989434242
vt 0.375 0.03846153989434242
vt 0.3125 0.07692307978868484
vt 0.375 0.07692307978868484
vt 0.375 0.03846153989434242
vt 0.375 0.07692307978868484
vt 0.4375 0.07692307978868484
vt 0.5 0.07692307978868484
vt 0.5625 0.07692307978868484
vt 0.625 0.03846153989434242
vt 0.625 0.07692307978868484
vt 0.625 0.03846153989434242
vt 0.6875 0.03846153989434242
vt 0.625 0.07692307978868484
vt 0.6875 0.07692307978868484
vt 0.6875 0.03846153989434242
vt 0.75 0.03846153989434242
vt 0.6875 0.07692307978868484
vt 0.75 0.07692307978868484
vt 0.75 0.03846153989434242
vt 0.8125 0.03846153989434242
vt 0.8125 0.07692307978868484
vt 0.8125 0.03846153989434242
vt 0.875 0.03846153989434242
vt 0.8125 0.07692307978868484
vt 0.875 0.07692307978868484
vt 0.875 0.03846153989434242
vt 0.875 0.07692307978868484
vt 0.9375 0.07692307978868484
vt 0 0.11538461595773697
vt 0.0625 0.11538461595773697
vt 0.125 0.11538461595773697
vt 0.125 0.07692307978868484
vt 0.1875 0.11538461595773697
vt 0.1875 0.07692307978868484
vt 0.25 0.11538461595773697
vt 0.3125 0.07692307978868484
vt 0.3125 0.11538461595773697
vt 0.375 0.07692307978868484
vt 0.375 0.11538461595773697
vt 0.4375 0.11538461595773697
vt 0.5 0.11538461595773697
vt 0.5625 0.11538461595773697
vt 0.625 0.11538461595773697
vt 0.625 0.07692307978868484
vt 0.6875 0.11538461595773697
vt 0.6875 0.07692307978868484
vt 0.75 0.11538461595773697
vt 0.8125 0.07692307978868484
vt 0.8125 0.11538461595773697
vt 0.875 0.07692307978868484
vt 0.875 0.11538461595773697
vt 0.9375 0.11538461595773697
vt 0 0.1538461595773697
vt 0.0625 0.1538461595773697
vt 0.0625 0.11538461595773697
vt 0.0625 0.1538461595773697
vt 0.125 0.1538461595773697
vt 0.1875 0.1538461595773697
vt 0.25 0.1538461595773697
vt 0.3125 0.1538461595773697
vt 0.375 0.1538461595773697
vt 0.4375 0.11538461595773697
vt 0.4375 0.1538461595773697
vt 0.4375 0.1538461595773697
vt 0.5 0.1538461595773697
vt 0.5625 0.1538461595773697
vt 0.5625 0.11538461595773697
vt 0.5625 0.1538461595773697
vt 0.625 0.1538461595773697
vt 0.6875 0.1538461595773697
vt 0.75 0.1538461595773697
vt 0.8125 0.1538461595773697
vt 0.875 0.1538461595773697
vt 0.9375 0.11538461595773697
vt 0.9375 0.1538461595773697
vt 0.9375 0.1538461595773697
vt 0 0.19230769574642181
vt 0.0625 0.19230769574642181
vt 0.0625 0.19230769574642181
vt 0.125 0.19230769574642181
vt 0.1875 0.19230769574642181
vt 0.25 0.19230769574642181
vt 0.3125 0.19230769574642181
vt 0.375 0.19230769574642181
vt 0.4375 0.19230769574642181
vt 0.4375 0.19230769574642181
vt 0.5 0.19230769574642181
vt 0.5625 0.19230769574642181
vt 0.5625 0.19230769574642181
vt 0.625 0.19230769574642181
vt 0.6875 0.19230769574642181
vt 0.75 0.19230769574642181
vt 0.8125 0.19230769574642181
vt 0.875 0.19230769574642181
vt 0.9375 0.19230769574642181
vt 0.9375 0.19230769574642181
vt 0 0.23076923191547394
vt 0.0625 0.23076923191547394
vt 0.125 0.23076923191547394
vt 0.1875 0.23076923191547394
vt 0.25 0.23076923191547394
vt 0.3125 0.23076923191547394
vt 0.375 0.23076923191547394
vt 0.4375 0.23076923191547394
vt 0.5 0.23076923191547394
vt 0.5625 0.23076923191547394
vt 0.625 0.23076923191547394
vt 0.6875 0.23076923191547394
vt 0.75 0.23076923191547394
vt 0.8125 0.23076923191547394
vt 0.875 0.23076923191547394
vt 0.9375 0.23076923191547394
vt 0 0.26923078298568726
vt 0.0625 0.26923078298568726
vt 0.125 0.26923078298568726
vt 0.1875 0.26923078298568726
vt 0.25 0.26923078298568726
vt 0.3125 0.26923078298568726
vt 0.375 0.26923078298568726
vt 0.4375 0.26923078298568726
vt 0.5 0.26923078298568726
vt 0.5625 0.26923078298568726
vt 0.625 0.26923078298568726
vt 0.6875 0.26923078298568726
vt 0.75 0.26923078298568726
vt 0.8125 0.26923078298568726
vt 0.875 0.26923078298568726
vt 0.9375 0.26923078298568726
vt 0 0.3076923191547394
vt 0.0625 0.3076923191547394
vt 0.125 0.3076923191547394
vt 0.1875 0.3076923191547394
vt 0.25 0.3076923191547394
vt 0.3125 0.3076923191547394
vt 0.375 0.3076923191547394
vt 0.4375 0.3076923191547394
vt 0.5 0.3076923191547394
vt 0.5625 0.3076923191547394
vt 0.625 0.3076923191547394
vt 0.6875 0.3076923191547394
vt 0.75 0.3076923191547394
vt 0.8125 0.3076923191547394
vt 0.875 0.3076923191547394
vt 0.9375 0.3076923191547394
vt 0 0.3461538553237915
vt 0.0625 0.3461538553237915
vt 0.125 0.3461538553237915
vt 0.1875 0.3461538553237915
vt 0.25 0.3461538553237915
vt 0.3125 0.3461538553237915
vt 0.375 0.3461538553237915
vt 0.4375 0.3461538553237915
vt 0.5 0.3461538553237915
vt 0.5625 0.3461538553237915
vt 0.625 0.3461538553237915
vt 0.6875 0.3461538553237915
vt 0.75 0.3461538553237915
vt 0.8125 0.3461538553237915
vt 0.875 0.3461538553237915
vt 0.9375 0.3461538553237915
vt 0 0.38461539149284363
vt 0.0625 0.38461539149284363
vt 0.125 0.38461539149284363
vt 0.1875 0.38461539149284363
vt 0.25 0.38461539149284363
vt 0.3125 0.38461539149284363
vt 0.375 0.38461539149284363
vt 0.4375 0.38461539149284363
vt 0.5 0.38461539149284363
vt 0.5625 0.38461539149284363
vt 0.625 0.38461539149284363
vt 0.6875 0.38461539149284363
vt 0.75 0.38461539149284363
vt 0.8125 0.38461539149284363
vt 0.875 0.38461539149284363
vt 0.9375 0.38461539149284363
vt 0 0.42307692766189575
vt 0.0625 0.42307692766189575
vt 0.125 0.42307692766189575
vt 0.1875 0.42307692766189575
vt 0.25 0.42307692766189575
vt 0.3125 0.42307692766189575
vt 0.375 0.42307692766189575
vt 0.4375 0.42307692766189575
vt 0.5 0.42307692766189575
vt 0.5625 0.42307692766189575
vt 0.625 0.42307692766189575
vt 0.6875 0.42307692766189575
vt 0.75 0.42307692766189575
vt 0.8125 0.42307692766189575
vt 0.875 0.42307692766189575
vt 0.9375 0.42307692766189575
vt 0 0.4615384638309479
vt 0.0625 0.4615384638309479
vt 0.125 0.4615384638309479
vt 0.1875 0.4615384638309479
vt 0.25 0.4615384638309479
vt 0.3125 0.4615384638309479
vt 0.375 0.4615384638309479
vt 0.4375 0.4615384638309479
vt 0.5 0.4615384638309479
vt 0.5625 0.4615384638309479
vt 0.625 0.4615384638309479
vt 0.6875 0.4615384638309479
vt 0.75 0.4615384638309479
vt 0.8125 0.4615384638309479
vt 0.875 0.4615384638309479
vt 0.9375 0.4615384638309479
vt 0 0.5
vt 0.0625 0.5
vt 0.125 0.5
vt 0.1875 0.5
vt 0.25 0.5
vt 0.3125 0.5
vt 0.375 0.5
vt 0.4375 0.5
vt 0.5 0.5
vt 0.5625 0.5
vt 0.625 0.5
vt 0.6875 0.5
vt 0.75 0.5
vt 0.8125 0.5
vt 0.875 0.5
vt 0.9375 0.5
vt 0 0.5384615659713745
vt 0.0625 0.5384615659713745
vt 0.125 0.5384615659713745
vt 0.1875 0.5384615659713745
vt 0.25 0.5384615659713745
vt 0.3125 0.5384615659713745
vt 0.375 0.5384615659713745
vt 0.4375 0.5384615659713745
vt 0.5 0.5384615659713745
vt 0.5625 0.5384615659713745
vt 0.625 0.5384615659713745
vt 0.6875 0.5384615659713745
vt 0.75 0.5384615659713745
vt 0.8125 0.5384615659713745
vt 0.875 0.5384615659713745
vt 0.9375 0.5384615659713745
vt 0 0.5769230723381042
vt 0.0625 0.5769230723381042
vt 0.125 0.5769230723381042
vt 0.1875 0.5769230723381042
vt 0.25 0.5769230723381042
vt 0.3125 0.5769230723381042
vt 0.375 0.5769230723381042
vt 0.4375 0.5769230723381042
vt 0.5 0.5769230723381042
vt 0.5625 0.5769230723381042
vt 0.625 0.5769230723381042
vt 0.6875 0.5769230723381042
vt 0.75 0.5769230723381042
vt 0.8125 0.5769230723381042
vt 0.875 0.5769230723381042
vt 0.9375 0.5769230723381042
vt 0 0.6153846383094788
vt 0.0625 0.6153846383094788
vt 0.125 0.6153846383094788
vt 0.1875 0.6153846383094788
vt 0.25 0.6153846383094788
vt 0.3125 0.6153846383094788
vt 0.375 0.6153846383094788
vt 0.4375 0.6153846383094788
vt 0.5 0.6153846383094788
vt 0.5625 0.6153846383094788
vt 0.625 0.6153846383094788
vt 0.6875 0.6153846383094788
vt 0.75 0.6153846383094788
vt 0.8125 0.6153846383094788
vt 0.875 0.6153846383094788
vt 0.9375 0.6153846383094788
vt 0 0.6538461446762085
vt 0.0625 0.6538461446762085
vt 0.125 0.6538461446762085
vt 0.1875 0.6538461446762085
vt 0.25 0.6538461446762085
vt 0.3125 0.6538461446762085
vt 0.375 0.6538461446762085
vt 0.4375 0.6538461446762085
vt 0.5 0.6538461446762085
vt 0.5625 0.6538461446762085
vt 0.625 0.6538461446762085
vt 0.6875 0.6538461446762085
vt 0.75 0.6538461446762085
vt 0.8125 0.6538461446762085
vt 0.875 0.6538461446762085
vt 0.9375 0.6538461446762085
vt 0 0.692307710647583
vt 0.0625 0.692307710647583
vt 0.125 0.692307710647583
vt 0.1875 0.692307710647583
vt 0.25 0.692307710647583
vt 0.3125 0.692307710647583
vt 0.375 0.692307710647583
vt 0.4375 0.692307710647583
vt 0.5 0.692307710647583
vt 0.5625 0.692307710647583
vt 0.625 0.692307710647583
vt 0.6875 0.692307710647583
vt 0.75 0.692307710647583
vt 0.8125 0.692307710647583
vt 0.875 0.692307710647583
vt 0.9375 0.692307710647583
vt 0 0.7307692170143127
vt 0.0625 0.7307692170143127
vt 0.0625 0.7307692170143127
vt 0.125 0.7307692170143127
vt 0.1875 0.7307692170143127
vt 0.25 0.7307692170143127
vt 0.3125 0.7307692170143127
vt 0.375 0.7307692170143127
vt 0.4375 0.7307692170143127
vt 0.4375 0.7307692170143127
vt 0.5 0.7307692170143127
vt 0.5625 0.7307692170143127
vt 0.5625 0.7307692170143127
vt 0.625 0.7307692170143127
vt 0.6875 0.7307692170143127
vt 0.75 0.7307692170143127
vt 0.8125 0.7307692170143127
vt 0.875 0.7307692170143127
vt 0.9375 0.7307692170143127
vt 0.9375 0.7307692170143127
vt 0 0.7692307829856873
vt 0.0625 0.7692307829856873
vt 0.0625 0.7692307829856873
vt 0.125 0.7692307829856873
vt 0.1875 0.7692307829856873
vt 0.25 0.7692307829856873
vt 0.3125 0.7692307829856873
vt 0.375 0.7692307829856873
vt 0.4375 0.7692307829856873
vt 0.4375 0.7692307829856873
vt 0.5 0.7692307829856873
vt 0.5625 0.7692307829856873
vt 0.5625 0.7692307829856873
vt 0.625 0.7692307829856873
vt 0.6875 0.7692307829856873
vt 0.75 0.7692307829856873
vt 0.8125 0.7692307829856873
vt 0.875 0.7692307829856873
vt 0.9375 0.7692307829856873
vt 0.9375 0.7692307829856873
vt 0 0.807692289352417
vt 0.0625 0.807692289352417
vt 0.0625 0.807692289352417
vt 0.125 0.807692289352417
vt 0.1875 0.807692289352417
vt 0.25 0.807692289352417
vt 0.3125 0.807692289352417
vt 0.375 0.807692289352417
vt 0.4375 0.807692289352417
vt 0.4375 0.807692289352417
vt 0.5 0.807692289352417
vt 0.5625 0.807692289352417
vt 0.5625 0.807692289352417
vt 0.625 0.807692289352417
vt 0.6875 0.807692289352417
vt 0.75 0.807692289352417
vt 0.8125 0.807692289352417
vt 0.875 0.807692289352417
vt 0.9375 0.807692289352417
vt 0.9375 0.807692289352417
vt 0 0.8461538553237915
vt 0.0625 0.8461538553237915
vt 0.125 0.8461538553237915
vt 0.125 0.8461538553237915
vt 0.1875 0.8461538553237915
vt 0.1875 0.8461538553237915
vt 0.25 0.8461538553237915
vt 0.3125 0.8461538553237915
vt 0.3125 0.8461538553237915
vt 0.375 0.8461538553237915
vt 0.375 0.8461538553237915
vt 0.4375 0.8461538553237915
vt 0.5 0.8461538553237915
vt 0.5625 0.8461538553237915
vt 0.625 0.8461538553237915
vt 0.625 0.8461538553237915
vt 0.6875 0.8461538553237915
vt 0.6875 0.8461538553237915
vt 0.75 0.8461538553237915
vt 0.8125 0.8461538553237915
vt 0.8125 0.8461538553237915
vt 0.875 0.8461538553237915
vt 0.875 0.8461538553237915
vt 0.9375 0.8461538553237915
vt 0 0.8846153616905212
vt 0.0625 0.8846153616905212
vt 0.125 0.8461538553237915
vt 0.0625 0.8846153616905212
vt 0.125 0.8846153616905212
vt 0.125 0.8461538553237915
vt 0.1875 0.8461538553237915
vt 0.125 0.8846153616905212
vt 0.1875 0.8846153616905212
vt 0.1875 0.8461538553237915
vt 0.1875 0.8846153616905212
vt 0.25 0.8846153616905212
vt 0.3125 0.8461538553237915
vt 0.3125 0.8846153616905212
vt 0.3125 0.8461538553237915
vt 0.375 0.8461538553237915
vt 0.3125 0.8846153616905212
vt 0.375 0.8846153616905212
vt 0.375 0.8461538553237915
vt 0.375 0.8846153616905212
vt 0.4375 0.8846153616905212
vt 0.4375 0.8846153616905212
vt 0.5 0.8846153616905212
vt 0.5 0.8846153616905212
vt 0.5625 0.8846153616905212
vt 0.625 0.8461538553237915
vt 0.5625 0.8846153616905212
vt 0.625 0.8846153616905212
vt 0.625 0.8461538553237915
vt 0.6875 0.8461538553237915
vt 0.625 0.8846153616905212
vt 0.6875 0.8846153616905212
vt 0.6875 0.8461538553237915
vt 0.6875 0.8846153616905212
vt 0.75 0.8846153616905212
vt 0.8125 0.8461538553237915
vt 0.8125 0.8846153616905212
vt 0.8125 0.8461538553237915
vt 0.875 0.8461538553237915
vt 0.8125 0.8846153616905212
vt 0.875 0.8846153616905212
vt 0.875 0.8461538553237915
vt 0.875 0.8846153616905212
vt 0.9375 0.8846153616905212
vt 0.9375 0.8846153616905212
vt 0 0.8846153616905212
vt 0 0.8846153616905212
vt 0.0625 0.8846153616905212
vt 0 0.9230769276618958
vt 0.0625 0.9230769276618958
vt 0.125 0.8846153616905212
vt 0.125 0.9230769276618958
vt 0.125 0.8846153616905212
vt 0.1875 0.8846153616905212
vt 0.125 0.9230769276618958
vt 0.1875 0.9230769276618958
vt 0.25 0.8846153616905212
vt 0.25 0.9230769276618958
vt 0.25 0.8846153616905212
vt 0.3125 0.8846153616905212
vt 0.25 0.9230769276618958
vt 0.3125 0.9230769276618958
vt 0.375 0.8846153616905212
vt 0.375 0.9230769276618958
vt 0.375 0.8846153616905212
vt 0.4375 0.8846153616905212
vt 0.375 0.9230769276618958
vt 0.4375 0.9230769276618958
vt 0.5 0.8846153616905212
vt 0.5 0.9230769276618958
vt 0.5625 0.8846153616905212
vt 0.5625 0.9230769276618958
vt 0.625 0.8846153616905212
vt 0.625 0.9230769276618958
vt 0.625 0.8846153616905212
vt 0.6875 0.8846153616905212
vt 0.625 0.9230769276618958
vt 0.6875 0.9230769276618958
vt 0.75 0.8846153616905212
vt 0.75 0.9230769276618958
vt 0.75 0.8846153616905212
vt 0.8125 0.8846153616905212
vt 0.75 0.9230769276618958
vt 0.8125 0.9230769276618958
vt 0.875 0.8846153616905212
vt 0.875 0.9230769276618958
vt 0.875 0.8846153616905212
vt 0.9375 0.8846153616905212
vt 0.875 0.9230769276618958
vt 0.9375 0.9230769276618958
vt 0 0.9615384340286255
vt 0.0625 0.9615384340286255
vt 0.125 0.9615384340286255
vt 0.1875 0.9230769276618958
vt 0.1875 0.9615384340286255
vt 0.25 0.9230769276618958
vt 0.25 0.9615384340286255
vt 0.3125 0.9230769276618958
vt 0.3125 0.9615384340286255
vt 0.375 0.9615384340286255
vt 0.4375 0.9615384340286255
vt 0.5 0.9615384340286255
vt 0.5625 0.9615384340286255
vt 0.625 0.9615384340286255
vt 0.6875 0.9230769276618958
vt 0.6875 0.9615384340286255
vt 0.75 0.9230769276618958
vt 0.75 0.9615384340286255
vt 0.8125 0.9230769276618958
vt 0.8125 0.9615384340286255
vt 0.875 0.9615384340286255
vt 0.9375 0.9615384340286255
vt 0 1
vn -5.05999284716e-18 1.00000000000 3.31710642203e-17
vn 0.488678501049 0.872400616612 -0.0105112676311
vn 0.488678501049 0.872400616612 -0.0105112676311
vn -5.05999284716e-18 1.00000000000 3.31710642203e-17
vn -5.05999284716e-18 1.00000000000 3.31710642203e-17
vn -5.05999284716e-18 1.00000000000 3.31710642203e-17
vn -5.05999284716e-18 1.00000000000 3.31710642203e-17
vn -5.05999284716e-18 1.00000000000 3.31710642203e-17
vn -0.488678501049 0.872400616612 0.0105112676311
vn -0.488678501049 0.872400616612 0.0105112676311
vn -0.488678501049 0.872400616612 0.0105112676311
vn -5.05999284716e-18 1.00000000000 3.31710642203e-17
vn -5.05999284716e-18 1.00000000000 3.31710642203e-17
vn -5.05999284716e-18 1.00000000000 3.31710642203e-17
vn -5.05999284716e-18 1.00000000000 3.31710642203e-17
vn -5.05999284716e-18 1.00000000000 3.31710642203e-17
vn 0.488678501049 0.872400616612 -0.0105112676311
vn 0.488678501049 0.872400616612 -0.0105112676311
vn 0.488678501049 0.872400616612 -0.0105112676311
vn 0.0587179898459 0.988251769507 0.141105059208
vn 0.0587179898459 0.988251769507 0.141105059208
vn 0.0462648796734 0.978138273658 0.202743874174
vn 0.0462648796734 0.978138273658 0.202743874174
vn 0.0462648796734 0.978138273658 0.202743874174
vn 0.0462648796734 0.978138273658 0.202743874174
vn 0.0222154038562 0.964430879036 0.263399991256
vn 0.0222154038562 0.964430879036 0.263399991256
vn 0.0222154038562 0.964430879036 0.263399991256
vn 0.00308868596824 0.703857552822 0.710334432049
vn -0.00972175573143 0.964623366821 0.263452552934
vn -0.00972175573143 0.964623366821 0.263452552934
vn -0.00972175573143 0.964623366821 0.263452552934
vn -0.0402759500530 0.979841472379 0.195674568746
vn -0.0402759500530 0.979841472379 0.195674568746
vn -0.0402759500530 0.979841472379 0.195674568746
vn -0.0402759500530 0.979841472379 0.195674568746
vn -0.0535199353617 0.990482645850 0.126805933571
vn -0.0535199353617 0.990482645850 0.126805933571
vn -0.488678501049 0.872400616612 0.0105112676311
vn -0.488678501049 0.872400616612 0.0105112676311
vn -0.488678501049 0.872400616612 0.0105112676311
vn -0.0587179898459 0.988251769507 -0.141105059208
vn -0.0587179898459 0.988251769507 -0.141105059208
vn -0.0462648796734 0.978138273658 -0.202743874174
vn -0.0462648796734 0.978138273658 -0.202743874174
vn -0.0462648796734 0.978138273658 -0.202743874174
vn -0.0462648796734 0.978138273658 -0.202743874174
vn -0.0222154038562 0.964430879036 -0.263399991256
vn -0.0222154038562 0.964430879036 -0.263399991256
vn -0.0222154038562 0.964430879036 -0.263399991256
vn -0.00308868596824 0.703857552822 -0.710334432049
vn 0.00972175573143 0.964623366821 -0.263452552934
vn 0.00972175573143 0.964623366821 -0.263452552934
vn 0.00972175573143 0.964623366821 -0.263452552934
vn 0.0402759500530 0.979841472379 -0.195674568746
vn 0.0402759500530 0.979841472379 -0.195674568746
vn 0.0402759500530 0.979841472379 -0.195674568746
vn 0.0402759500530 0.979841472379 -0.195674568746
vn 0.0535199353617 0.990482645850 -0.126805933571
vn 0.0535199353617 0.990482645850 -0.126805933571
vn 0.488678501049 0.872400616612 -0.0105112676311
vn 0.488678501049 0.872400616612 -0.0105112676311
vn 0.488678501049 0.872400616612 -0.0105112676311
vn 0.432420090189 0.704002952725 0.563376169318
vn 0.0222154038562 0.964430879036 0.263399991256
vn 0.00308868596824 0.703857552822 0.710334432049
vn 0.00644346941775 0.958112194843 0.286320631102
vn 0.00308868596824 0.703857552822 0.710334432049
vn 0.00644346941775 0.958112194843 0.286320631102
vn 0.00308868596824 0.703857552822 0.710334432049
vn -0.00972175573143 0.964623366821 0.263452552934
vn -0.425852381313 0.704045344028 0.568304410402
vn -0.488678501049 0.872400616612 0.0105112676311
vn -0.488678501049 0.872400616612 0.0105112676311
vn -0.488678501049 0.872400616612 0.0105112676311
vn -0.432420090189 0.704002952725 -0.563376169318
vn -0.0222154038562 0.964430879036 -0.263399991256
vn -0.00308868596824 0.703857552822 -0.710334432049
vn -0.00644346941775 0.958112194843 -0.286320631102
vn -0.00308868596824 0.703857552822 -0.710334432049
vn -0.00644346941775 0.958112194843 -0.286320631102
vn -0.00308868596824 0.703857552822 -0.710334432049
vn 0.00972175573143 0.964623366821 -0.263452552934
vn 0.425852381313 0.704045344028 -0.568304410402
vn 0.488678501049 0.872400616612 -0.0105112676311
vn 0.752149279032 0.658984060803 -0.00338668839683
vn 0.752149279032 0.658984060803 -0.00338668839683
vn 0.481946675001 0.876132842300 0.0108924330699
vn 0.751310958397 0.650742602415 0.109844932493
vn 0.496082847643 0.578249997109 0.647710389849
vn 0.00196925878412 0.551398401392 0.834239728712
vn 0.00196925878412 0.551398401392 0.834239728712
vn 0.00196925878412 0.551398401392 0.834239728712
vn -0.491672808874 0.578961545280 0.650431685961
vn -0.485292809381 0.874089933335 0.0213934009866
vn -0.756850794548 0.643574489415 0.113968203314
vn -0.752149279032 0.658984060803 0.00338668839683
vn -0.752149279032 0.658984060803 0.00338668839683
vn -0.752149279032 0.658984060803 0.00338668839683
vn -0.481946675001 0.876132842300 -0.0108924330699
vn -0.751310958397 0.650742602415 -0.109844932493
vn -0.496082847643 0.578249997109 -0.647710389849
vn -0.00196925878412 0.551398401392 -0.834239728712
vn -0.00196925878412 0.551398401392 -0.834239728712
vn -0.00196925878412 0.551398401392 -0.834239728712
vn 0.491672808874 0.578961545280 -0.650431685961
vn 0.485292809381 0.874089933335 -0.0213934009866
vn 0.756850794548 0.643574489415 -0.113968203314
vn 0.752149279032 0.658984060803 -0.00338668839683
vn 0.847654481861 0.530541670920 -0.00272301264944
vn 0.828565885683 0.559888177398 -0.00194984404375
vn 0.814068619704 0.543079855904 0.205807075983
vn 0.536672718983 0.469739145741 0.700947592662
vn 0.271563237893 0.437048385180 0.857462603754
vn 0.00108421852220 0.425509729683 0.904953200124
vn -0.269151598251 0.437686026154 0.857897639388
vn -0.533732949013 0.470746724321 0.702514527024
vn -0.820802040864 0.532440250287 0.206860797612
vn -0.828565885683 0.559888177398 0.00194984404375
vn -0.847654481861 0.530541670920 0.00272301264944
vn -0.828565885683 0.559888177398 0.00194984404375
vn -0.814068619704 0.543079855904 -0.205807075983
vn -0.536672718983 0.469739145741 -0.700947592662
vn -0.271563237893 0.437048385180 -0.857462603754
vn -0.00108421852220 0.425509729683 -0.904953200124
vn 0.269151598251 0.437686026154 -0.857897639388
vn 0.533732949013 0.470746724321 -0.702514527024
vn 0.820802040864 0.532440250287 -0.206860797612
vn 0.828565885683 0.559888177398 -0.00194984404375
vn 0.901617691695 0.432529919523 -0.00184573591123
vn 0.801590448263 0.414043220793 0.431301477587
vn 0.562994236889 0.377505746228 0.735205346005
vn 0.282804306843 0.348837252141 0.893495548702
vn 0.000688919490174 0.338879279212 0.940829612369
vn -0.281248026560 0.349488250301 0.893732348333
vn -0.561017570106 0.378599761045 0.736153181728
vn -0.799738568890 0.414973607749 0.433837672755
vn -0.901617691695 0.432529919523 0.00184573591123
vn -0.801590448263 0.414043220793 -0.431301477587
vn -0.562994236889 0.377505746228 -0.735205346005
vn -0.282804306843 0.348837252141 -0.893495548702
vn -0.000688919490174 0.338879279212 -0.940829612369
vn 0.281248026560 0.349488250301 -0.893732348333
vn 0.561017570106 0.378599761045 -0.736153181728
vn 0.799738568890 0.414973607749 -0.433837672755
vn 0.938527512436 0.345202143534 -0.00126035719425
vn 0.831558938900 0.329231439479 0.447343704990
vn 0.580407441071 0.298239171715 0.757747054633
vn 0.290123168753 0.274325821699 0.916828168471
vn 0.000449978914691 0.266120757844 0.963939593420
vn -0.289096149742 0.274950954115 0.916965315067
vn -0.579066326658 0.299328411677 0.758343386134
vn -0.830259123837 0.330206296648 0.449036289112
vn -0.938527512436 0.345202143534 0.00126035719425
vn -0.831558938900 0.329231439479 -0.447343704990
vn -0.580407441071 0.298239171715 -0.757747054633
vn -0.290123168753 0.274325821699 -0.916828168471
vn -0.000449978914691 0.266120757844 -0.963939593420
vn 0.289096149742 0.274950954115 -0.916965315067
vn 0.579066326658 0.299328411677 -0.758343386134
vn 0.830259123837 0.330206296648 -0.449036289112
vn 0.963811533799 0.266583179179 -0.000857843043080
vn 0.851920364813 0.253545552053 0.458199023407
vn 0.592057281677 0.228644562424 0.772780589357
vn 0.294965171209 0.209673668247 0.932219126932
vn 0.000297035316310 0.203236709116 0.979129588889
vn -0.294282406006 0.210264563159 0.932301817543
vn -0.591148917064 0.229697765535 0.773163562490
vn -0.851019227387 0.254518784227 0.459332627942
vn -0.963811533799 0.266583179179 0.000857843043080
vn -0.851920364813 0.253545552053 -0.458199023407
vn -0.592057281677 0.228644562424 -0.772780589357
vn -0.294965171209 0.209673668247 -0.932219126932
vn -0.000297035316310 0.203236709116 -0.979129588889
vn 0.294282406006 0.210264563159 -0.932301817543
vn 0.591148917064 0.229697765535 -0.773163562490
vn 0.851019227387 0.254518784227 -0.459332627942
vn 0.980888377781 0.194570469074 -0.000568241003801
vn 0.865585400750 0.184635373955 0.465480066912
vn 0.599789569135 0.165983962604 0.782752704828
vn 0.298151737260 0.151928487379 0.942349869365
vn 0.000192729741201 0.147221743691 0.989103493594
vn -0.297706671182 0.152488518660 0.942400121822
vn -0.599189988322 0.166996968432 0.782996405119
vn -0.864981170411 0.185591160380 0.466222582060
vn -0.980888377781 0.194570469074 0.000568241003801
vn -0.865585400750 0.184635373955 -0.465480066912
vn -0.599789569135 0.165983962604 -0.782752704828
vn -0.298151737260 0.151928487379 -0.942349869365
vn -0.000192729741201 0.147221743691 -0.989103493594
vn 0.297706671182 0.152488518660 -0.942400121822
vn 0.599189988322 0.166996968432 -0.782996405119
vn 0.864981170411 0.185591160380 -0.466222582060
vn 0.991871595653 0.127242356573 -0.000347031280493
vn 0.874322131456 0.120463418058 0.470158883098
vn 0.604690779865 0.108062615638 0.789095388308
vn 0.300155553337 0.0988339568435 0.948756287345
vn 0.000116130652010 0.0958114655632 0.995399492455
vn -0.299886612553 0.0993709559136 0.948785240575
vn -0.604325479120 0.109042913770 0.789240367849
vn -0.873950315895 0.121400276183 0.470608986622
vn -0.991871595653 0.127242356573 0.000347031280493
vn -0.874322131456 0.120463418058 -0.470158883098
vn -0.604690779865 0.108062615638 -0.789095388308
vn -0.300155553337 0.0988339568435 -0.948756287345
vn -0.000116130652010 0.0958114655632 -0.995399492455
vn 0.299886612553 0.0993709559136 -0.948785240575
vn 0.604325479120 0.109042913770 -0.789240367849
vn 0.873950315895 0.121400276183 -0.470608986622
vn 0.998020002609 0.0628971165322 -0.000164691913313
vn 0.879169886288 0.0592808987554 0.472806605375
vn 0.607385522825 0.0530885165789 0.792631336795
vn 0.301244058226 0.0486052049132 0.952307487862
vn 0.0000547072480329 0.0472318562120 0.998883951601
vn -0.301117188009 0.0491282205018 0.952320774233
vn -0.607212428876 0.0540480878572 0.792699104590
vn -0.878992682410 0.0602046627713 0.473019304945
vn -0.998020002609 0.0628971165322 0.000164691913313
vn -0.879169886288 0.0592808987554 -0.472806605375
vn -0.607385522825 0.0530885165789 -0.792631336795
vn -0.301244058226 0.0486052049132 -0.952307487862
vn -0.0000547072480329 0.0472318562120 -0.998883951601
vn 0.301117188009 0.0491282205018 -0.952320774233
vn 0.607212428876 0.0540480878572 -0.792699104590
vn 0.878992682410 0.0602046627713 -0.473019304945
vn 1.00000000000 -5.98505446538e-19 0.00000000000
vn 0.880672138060 -0.000459477324733 0.473726053881
vn 0.608194887670 -0.000476276327415 0.793787598652
vn 0.301552267524 -0.000259156049243 0.953449612087
vn 3.27486694036e-17 -4.67838134337e-18 1.00000000000
vn -0.301552267524 0.000259156049243 0.953449612087
vn -0.608194887670 0.000476276327415 0.793787598652
vn -0.880672138060 0.000459477324733 0.473726053881
vn -1.00000000000 1.13716034325e-17 8.61847884374e-17
vn -0.880672138060 -0.000459477324733 -0.473726053881
vn -0.608194887670 -0.000476276327415 -0.793787598652
vn -0.301552267524 -0.000259156049243 -0.953449612087
vn -8.42108641806e-17 5.84797667921e-19 -1.00000000000
vn 0.301552267524 0.000259156049243 -0.953449612087
vn 0.608194887670 0.000476276327415 -0.793787598652
vn 0.880672138060 0.000459477324733 -0.473726053881
vn 0.998020002609 -0.0628971165322 0.000164691913313
vn 0.878992682410 -0.0602046627713 0.473019304945
vn 0.607212428876 -0.0540480878572 0.792699104590
vn 0.301117188009 -0.0491282205018 0.952320774233
vn -0.0000547072480329 -0.0472318562120 0.998883951601
vn -0.301244058226 -0.0486052049132 0.952307487862
vn -0.607385522825 -0.0530885165789 0.792631336795
vn -0.879169886288 -0.0592808987554 0.472806605375
vn -0.998020002609 -0.0628971165322 -0.000164691913313
vn -0.878992682410 -0.0602046627713 -0.473019304945
vn -0.607212428876 -0.0540480878572 -0.792699104590
vn -0.301117188009 -0.0491282205018 -0.952320774233
vn 0.0000547072480329 -0.0472318562120 -0.998883951601
vn 0.301244058226 -0.0486052049132 -0.952307487862
vn 0.607385522825 -0.0530885165789 -0.792631336795
vn 0.879169886288 -0.0592808987554 -0.472806605375
vn 0.991871595653 -0.127242356573 0.000347031280493
vn 0.873950315895 -0.121400276183 0.470608986622
vn 0.604325479120 -0.109042913770 0.789240367849
vn 0.299886612553 -0.0993709559136 0.948785240575
vn -0.000116130652010 -0.0958114655632 0.995399492455
vn -0.300155553337 -0.0988339568435 0.948756287345
vn -0.604690779865 -0.108062615638 0.789095388308
vn -0.874322131456 -0.120463418058 0.470158883098
vn -0.991871595653 -0.127242356573 -0.000347031280493
vn -0.873950315895 -0.121400276183 -0.470608986622
vn -0.604325479120 -0.109042913770 -0.789240367849
vn -0.299886612553 -0.0993709559136 -0.948785240575
vn 0.000116130652010 -0.0958114655632 -0.995399492455
vn 0.300155553337 -0.0988339568435 -0.948756287345
vn 0.604690779865 -0.108062615638 -0.789095388308
vn 0.874322131456 -0.120463418058 -0.470158883098
vn 0.980888377781 -0.194570469074 0.000568241003801
vn 0.864981170411 -0.185591160380 0.466222582060
vn 0.599189988322 -0.166996968432 0.782996405119
vn 0.297706671182 -0.152488518660 0.942400121822
vn -0.000192729741201 -0.147221743691 0.989103493594
vn -0.298151737260 -0.151928487379 0.942349869365
vn -0.599789569135 -0.165983962604 0.782752704828
vn -0.865585400750 -0.184635373955 0.465480066912
vn -0.980888377781 -0.194570469074 -0.000568241003801
vn -0.864981170411 -0.185591160380 -0.466222582060
vn -0.599189988322 -0.166996968432 -0.782996405119
vn -0.297706671182 -0.152488518660 -0.942400121822
vn 0.000192729741201 -0.147221743691 -0.989103493594
vn 0.298151737260 -0.151928487379 -0.942349869365
vn 0.599789569135 -0.165983962604 -0.782752704828
vn 0.865585400750 -0.184635373955 -0.465480066912
vn 0.963811533799 -0.266583179179 0.000857843043080
vn 0.851019227387 -0.254518784227 0.459332627942
vn 0.591148917064 -0.229697765535 0.773163562490
vn 0.294282406006 -0.210264563159 0.932301817543
vn -0.000297035316310 -0.203236709116 0.979129588889
vn -0.294965171209 -0.209673668247 0.932219126932
vn -0.592057281677 -0.228644562424 0.772780589357
vn -0.851920364813 -0.253545552053 0.458199023407
vn -0.963811533799 -0.266583179179 -0.000857843043080
vn -0.851019227387 -0.254518784227 -0.459332627942
vn -0.591148917064 -0.229697765535 -0.773163562490
vn -0.294282406006 -0.210264563159 -0.932301817543
vn 0.000297035316310 -0.203236709116 -0.979129588889
vn 0.294965171209 -0.209673668247 -0.932219126932
vn 0.592057281677 -0.228644562424 -0.772780589357
vn 0.851920364813 -0.253545552053 -0.458199023407
vn 0.938527512436 -0.345202143534 0.00126035719425
vn 0.830259123837 -0.330206296648 0.449036289112
vn 0.579066326658 -0.299328411677 0.758343386134
vn 0.289096149742 -0.274950954115 0.916965315067
vn -0.000449978914691 -0.266120757844 0.963939593420
vn -0.290123168753 -0.274325821699 0.916828168471
vn -0.580407441071 -0.298239171715 0.757747054633
vn -0.831558938900 -0.329231439479 0.447343704990
vn -0.938527512436 -0.345202143534 -0.00126035719425
vn -0.830259123837 -0.330206296648 -0.449036289112
vn -0.579066326658 -0.299328411677 -0.758343386134
vn -0.289096149742 -0.274950954115 -0.916965315067
vn 0.000449978914691 -0.266120757844 -0.963939593420
vn 0.290123168753 -0.274325821699 -0.916828168471
vn 0.580407441071 -0.298239171715 -0.757747054633
vn 0.831558938900 -0.329231439479 -0.447343704990
vn 0.901617691695 -0.432529919523 0.00184573591123
vn 0.799738568890 -0.414973607749 0.433837672755
vn 0.561017570106 -0.378599761045 0.736153181728
vn 0.281248026560 -0.349488250301 0.893732348333
vn -0.000688919490174 -0.338879279212 0.940829612369
vn -0.282804306843 -0.348837252141 0.893495548702
vn -0.562994236889 -0.377505746228 0.735205346005
vn -0.801590448263 -0.414043220793 0.431301477587
vn -0.901617691695 -0.432529919523 -0.00184573591123
vn -0.799738568890 -0.414973607749 -0.433837672755
vn -0.561017570106 -0.378599761045 -0.736153181728
vn -0.281248026560 -0.349488250301 -0.893732348333
vn 0.000688919490174 -0.338879279212 -0.940829612369
vn 0.282804306843 -0.348837252141 -0.893495548702
vn 0.562994236889 -0.377505746228 -0.735205346005
vn 0.801590448263 -0.414043220793 -0.431301477587
vn 0.847654481861 -0.530541670920 0.00272301264944
vn 0.828565885683 -0.559888177398 0.00194984404375
vn 0.820802040864 -0.532440250287 0.206860797612
vn 0.533732949013 -0.470746724321 0.702514527024
vn 0.269151598251 -0.437686026154 0.857897639388
vn -0.00108421852220 -0.425509729683 0.904953200124
vn -0.271563237893 -0.437048385180 0.857462603754
vn -0.536672718983 -0.469739145741 0.700947592662
vn -0.814068619704 -0.543079855904 0.205807075983
vn -0.828565885683 -0.559888177398 -0.00194984404375
vn -0.847654481861 -0.530541670920 -0.00272301264944
vn -0.828565885683 -0.559888177398 -0.00194984404375
vn -0.820802040864 -0.532440250287 -0.206860797612
vn -0.533732949013 -0.470746724321 -0.702514527024
vn -0.269151598251 -0.437686026154 -0.857897639388
vn 0.00108421852220 -0.425509729683 -0.904953200124
vn 0.271563237893 -0.437048385180 -0.857462603754
vn 0.536672718983 -0.469739145741 -0.700947592662
vn 0.814068619704 -0.543079855904 -0.205807075983
vn 0.828565885683 -0.559888177398 0.00194984404375
vn 0.752149279032 -0.658984060803 0.00338668839683
vn 0.752149279032 -0.658984060803 0.00338668839683
vn 0.756850794548 -0.643574489415 0.113968203314
vn 0.491672808874 -0.578961545280 0.650431685961
vn -0.00196925878412 -0.551398401392 0.834239728712
vn -0.00196925878412 -0.551398401392 0.834239728712
vn -0.00196925878412 -0.551398401392 0.834239728712
vn -0.496082847643 -0.578249997109 0.647710389849
vn -0.751310958397 -0.650742602415 0.109844932493
vn -0.752149279032 -0.658984060803 -0.00338668839683
vn -0.752149279032 -0.658984060803 -0.00338668839683
vn -0.752149279032 -0.658984060803 -0.00338668839683
vn -0.756850794548 -0.643574489415 -0.113968203314
vn -0.491672808874 -0.578961545280 -0.650431685961
vn 0.00196925878412 -0.551398401392 -0.834239728712
vn 0.00196925878412 -0.551398401392 -0.834239728712
vn 0.00196925878412 -0.551398401392 -0.834239728712
vn 0.496082847643 -0.578249997109 -0.647710389849
vn 0.751310958397 -0.650742602415 -0.109844932493
vn 0.752149279032 -0.658984060803 0.00338668839683
vn 0.556680266471 -0.830705470425 0.00595838301849
vn 0.556680266471 -0.830705470425 0.00595838301849
vn 0.553802185460 -0.832377125606 0.0212475915643
vn 0.425852381313 -0.704045344028 0.568304410402
vn -0.00350544420886 -0.710732411511 0.703453730596
vn -0.00350544420886 -0.710732411511 0.703453730596
vn -0.00350544420886 -0.710732411511 0.703453730596
vn -0.432420090189 -0.704002952725 0.563376169318
vn -0.550843362491 -0.834240145271 0.0247985890276
vn -0.556680266471 -0.830705470425 -0.00595838301849
vn -0.556680266471 -0.830705470425 -0.00595838301849
vn -0.556680266471 -0.830705470425 -0.00595838301849
vn -0.553802185460 -0.832377125606 -0.0212475915643
vn -0.425852381313 -0.704045344028 -0.568304410402
vn 0.00350544420886 -0.710732411511 -0.703453730596
vn 0.00350544420886 -0.710732411511 -0.703453730596
vn 0.00350544420886 -0.710732411511 -0.703453730596
vn 0.432420090189 -0.704002952725 -0.563376169318
vn 0.550843362491 -0.834240145271 -0.0247985890276
vn 0.556680266471 -0.830705470425 0.00595838301849
vn 0.556680266471 -0.830705470425 0.00595838301849
vn 0.556680266471 -0.830705470425 0.00595838301849
vn 0.0164790193198 -0.998474851143 0.0526916839538
vn 0.0135564607934 -0.996445174828 0.0831458714115
vn 0.0135564607934 -0.996445174828 0.0831458714115
vn -0.000404576542123 -0.994462738313 0.105089002395
vn -0.00350544420886 -0.710732411511 0.703453730596
vn -0.000404576542123 -0.994462738313 0.105089002395
vn -0.0155362583561 -0.996530675072 0.0817633066593
vn -0.0155362583561 -0.996530675072 0.0817633066593
vn -0.0167458279359 -0.998450210319 0.0530731077013
vn -0.556680266471 -0.830705470425 -0.00595838301849
vn -0.556680266471 -0.830705470425 -0.00595838301849
vn -0.556680266471 -0.830705470425 -0.00595838301849
vn -0.0164790193198 -0.998474851143 -0.0526916839538
vn -0.0135564607934 -0.996445174828 -0.0831458714115
vn -0.0135564607934 -0.996445174828 -0.0831458714115
vn 0.000404576542123 -0.994462738313 -0.105089002395
vn 0.00350544420886 -0.710732411511 -0.703453730596
vn 0.000404576542123 -0.994462738313 -0.105089002395
vn 0.0155362583561 -0.996530675072 -0.0817633066593
vn 0.0155362583561 -0.996530675072 -0.0817633066593
vn 0.0167458279359 -0.998450210319 -0.0530731077013
vn 0.556680266471 -0.830705470425 0.00595838301849
vn 0.00439150921235 -0.999965154988 0.00709953920982
vn 0.00439150921235 -0.999965154988 0.00709953920982
vn 0.00475204779581 -0.999893659044 0.0137872639179
vn 0.00475204779581 -0.999893659044 0.0137872639179
vn 0.00475204779581 -0.999893659044 0.0137872639179
vn 0.00185990808095 -0.999803707043 0.0197253168422
vn 0.00185990808095 -0.999803707043 0.0197253168422
vn 0.00185990808095 -0.999803707043 0.0197253168422
vn 0.00185990808095 -0.999803707043 0.0197253168422
vn -0.00148757839461 -0.999254116091 0.0385875444461
vn -0.00148757839461 -0.999254116091 0.0385875444461
vn -0.00148757839461 -0.999254116091 0.0385875444461
vn -0.00148757839461 -0.999254116091 0.0385875444461
vn -0.00148757839461 -0.999254116091 0.0385875444461
vn -0.00272917391410 -0.999772821634 0.0211389860427
vn -0.00272917391410 -0.999772821634 0.0211389860427
vn -0.00272917391410 -0.999772821634 0.0211389860427
vn -0.00272917391410 -0.999772821634 0.0211389860427
vn -0.00562234351217 -0.999869028375 0.0151761441216
vn -0.00562234351217 -0.999869028375 0.0151761441216
vn -0.00562234351217 -0.999869028375 0.0151761441216
vn -0.00591227460118 -0.999946715694 0.00846231544428
vn -0.00591227460118 -0.999946715694 0.00846231544428
vn -0.00439150921235 -0.999965154988 -0.00709953920982
vn -0.00439150921235 -0.999965154988 -0.00709953920982
vn -0.00475204779581 -0.999893659044 -0.0137872639179
vn -0.00475204779581 -0.999893659044 -0.0137872639179
vn -0.00475204779581 -0.999893659044 -0.0137872639179
vn -0.00185990808095 -0.999803707043 -0.0197253168422
vn -0.00185990808095 -0.999803707043 -0.0197253168422
vn -0.00185990808095 -0.999803707043 -0.0197253168422
vn -0.00185990808095 -0.999803707043 -0.0197253168422
vn 0.00148757839461 -0.999254116091 -0.0385875444461
vn 0.00148757839461 -0.999254116091 -0.0385875444461
vn 0.00148757839461 -0.999254116091 -0.0385875444461
vn 0.00148757839461 -0.999254116091 -0.0385875444461
vn 0.00148757839461 -0.999254116091 -0.0385875444461
vn 0.00272917391410 -0.999772821634 -0.0211389860427
vn 0.00272917391410 -0.999772821634 -0.0211389860427
vn 0.00272917391410 -0.999772821634 -0.0211389860427
vn 0.00272917391410 -0.999772821634 -0.0211389860427
vn 0.00562234351217 -0.999869028375 -0.0151761441216
vn 0.00562234351217 -0.999869028375 -0.0151761441216
vn 0.00562234351217 -0.999869028375 -0.0151761441216
vn 0.00591227460118 -0.999946715694 -0.00846231544428
vn 0.00591227460118 -0.999946715694 -0.00846231544428
vn 1.32360757711e-18 -1.00000000000 -3.40277454022e-17
vn 1.32360757711e-18 -1.00000000000 -3.40277454022e-17
vn 1.32360757711e-18 -1.00000000000 -3.40277454022e-17
vn 1.32360757711e-18 -1.00000000000 -3.40277454022e-17
vn 1.32360757711e-18 -1.00000000000 -3.40277454022e-17
vn 1.32360757711e-18 -1.00000000000 -3.40277454022e-17
vn 0.00322746757801 -0.999917842903 0.0124052769582
vn 0.00322746757801 -0.999917842903 0.0124052769582
vn 0.00322746757801 -0.999917842903 0.0124052769582
vn 0.00322746757801 -0.999917842903 0.0124052769582
vn 0.00322746757801 -0.999917842903 0.0124052769582
vn 0.00322746757801 -0.999917842903 0.0124052769582
vn -0.00256886700450 -0.999919751492 0.0124053011880
vn -0.00256886700450 -0.999919751492 0.0124053011880
vn -0.00256886700450 -0.999919751492 0.0124053011880
vn -0.00256886700450 -0.999919751492 0.0124053011880
vn -0.00256886700450 -0.999919751492 0.0124053011880
vn -0.00256886700450 -0.999919751492 0.0124053011880
vn 1.32360757711e-18 -1.00000000000 -3.40277454022e-17
vn 1.32360757711e-18 -1.00000000000 -3.40277454022e-17
vn 1.32360757711e-18 -1.00000000000 -3.40277454022e-17
vn 1.32360757711e-18 -1.00000000000 -3.40277454022e-17
vn 1.32360757711e-18 -1.00000000000 -3.40277454022e-17
vn 1.32360757711e-18 -1.00000000000 -3.40277454022e-17
vn 1.32360757711e-18 -1.00000000000 -3.40277454022e-17
vn 1.32360757711e-18 -1.00000000000 -3.40277454022e-17
vn 1.32360757711e-18 -1.00000000000 -3.40277454022e-17
vn 1.32360757711e-18 -1.00000000000 -3.40277454022e-17
vn -0.00322746757801 -0.999917842903 -0.0124052769582
vn -0.00322746757801 -0.999917842903 -0.0124052769582
vn -0.00322746757801 -0.999917842903 -0.0124052769582
vn -0.00322746757801 -0.999917842903 -0.0124052769582
vn -0.00322746757801 -0.999917842903 -0.0124052769582
vn -0.00322746757801 -0.999917842903 -0.0124052769582
vn 0.00256886700450 -0.999919751492 -0.0124053011880
vn 0.00256886700450 -0.999919751492 -0.0124053011880
vn 0.00256886700450 -0.999919751492 -0.0124053011880
vn 0.00256886700450 -0.999919751492 -0.0124053011880
vn 0.00256886700450 -0.999919751492 -0.0124053011880
vn 0.00256886700450 -0.999919751492 -0.0124053011880
vn 1.32360757711e-18 -1.00000000000 -3.40277454022e-17
vn 1.32360757711e-18 -1.00000000000 -3.40277454022e-17
vn 1.32360757711e-18 -1.00000000000 -3.40277454022e-17
vn 1.32360757711e-18 -1.00000000000 -3.40277454022e-17
vn 1.32360757711e-18 -1.00000000000 -3.40277454022e-17
vn 1.32360757711e-18 -1.00000000000 -3.40277454022e-17
vn 1.32360757711e-18 -1.00000000000 -3.40277454022e-17
vn 1.32360757711e-18 -1.00000000000 -3.40277454022e-17
vn 1.32360757711e-18 -1.00000000000 -3.40277454022e-17
vn 1.32360757711e-18 -1.00000000000 -3.40277454022e-17
vn 1.32360757711e-18 -1.00000000000 -3.40277454022e-17
vn 1.32360757711e-18 -1.00000000000 -3.40277454022e-17
vn 1.32360757711e-18 -1.00000000000 -3.40277454022e-17
vn 1.32360757711e-18 -1.00000000000 -3.40277454022e-17
vn 1.32360757711e-18 -1.00000000000 -3.40277454022e-17
vn 1.32360757711e-18 -1.00000000000 -3.40277454022e-17
vn 1.32360757711e-18 -1.00000000000 -3.40277454022e-17
vn 1.32360757711e-18 -1.00000000000 -3.40277454022e-17
vn 1.32360757711e-18 -1.00000000000 -3.40277454022e-17
vn 1.32360757711e-18 -1.00000000000 -3.40277454022e-17
vn 1.32360757711e-18 -1.00000000000 -3.40277454022e-17
vn 1.32360757711e-18 -1.00000000000 -3.40277454022e-17
vn 1.32360757711e-18 -1.00000000000 -3.40277454022e-17
vn 1.32360757711e-18 -1.00000000000 -3.40277454022e-17
vn 1.32360757711e-18 -1.00000000000 -3.40277454022e-17
vn 1.32360757711e-18 -1.00000000000 -3.40277454022e-17
vn 1.32360757711e-18 -1.00000000000 -3.40277454022e-17
f 3724/3724/3724 3725/3725/3725 3726/3726/3726
f 3724/3724/3724 3727/3727/3727 3725/3725/3725
f 3724/3724/3724 3728/3728/3728 3727/3727/3727
f 3724/3724/3724 3729/3729/3729 3728/3728/3728
f 3724/3724/3724 3730/3730/3730 3729/3729/3729
f 3724/3724/3724 3731/3731/3731 3730/3730/3730
f 3724/3724/3724 3732/3732/3732 3731/3731/3731
f 3724/3724/3724 3733/3733/3733 3732/3732/3732
f 3724/3724/3724 3734/3734/3734 3733/3733/3733
f 3724/3724/3724 3735/3735/3735 3734/3734/3734
f 3724/3724/3724 3736/3736/3736 3735/3735/3735
f 3724/3724/3724 3737/3737/3737 3736/3736/3736
f 3724/3724/3724 3738/3738/3738 3737/3737/3737
f 3724/3724/3724 3739/3739/3739 3738/3738/3738
f 3724/3724/3724 3740/3740/3740 3739/3739/3739
f 3724/3724/3724 3726/3726/3726 3740/3740/3740
f 3726/3726/3726 3725/3725/3725 3741/3741/3741
f 3725/3725/3725 3742/3742/3742 3741/3741/3741
f 3725/3725/3725 3743/3743/3743 3742/3742/3742
f 3743/3743/3743 3744/3744/3744 3742/3742/3742
f 3745/3745/3745 3746/3746/3746 3747/3747/3747
f 3746/3746/3746 3748/3748/3748 3747/3747/3747
f 3749/3749/3749 3750/3750/3750 3751/3751/3751
f 3750/3750/3750 3752/3752/3752 3751/3751/3751
f 3753/3753/3753 3754/3754/3754 3752/3752/3752
f 3754/3754/3754 3755/3755/3755 3752/3752/3752
f 3756/3756/3756 3757/3757/3757 3758/3758/3758
f 3757/3757/3757 3759/3759/3759 3758/3758/3758
f 3760/3760/3760 3732/3732/3732 3761/3761/3761
f 3732/3732/3732 3762/3762/3762 3761/3761/3761
f 3732/3732/3732 3733/3733/3733 3762/3762/3762
f 3733/3733/3733 3763/3763/3763 3762/3762/3762
f 3733/3733/3733 3734/3734/3734 3763/3763/3763
f 3734/3734/3734 3764/3764/3764 3763/3763/3763
f 3734/3734/3734 3765/3765/3765 3764/3764/3764
f 3765/3765/3765 3766/3766/3766 3764/3764/3764
f 3767/3767/3767 3768/3768/3768 3769/3769/3769
f 3768/3768/3768 3770/3770/3770 3769/3769/3769
f 3771/3771/3771 3772/3772/3772 3773/3773/3773
f 3772/3772/3772 3774/3774/3774 3773/3773/3773
f 3775/3775/3775 3776/3776/3776 3774/3774/3774
f 3776/3776/3776 3777/3777/3777 3774/3774/3774
f 3778/3778/3778 3779/3779/3779 3780/3780/3780
f 3779/3779/3779 3781/3781/3781 3780/3780/3780
f 3782/3782/3782 3740/3740/3740 3783/3783/3783
f 3740/3740/3740 3784/3784/3784 3783/3783/3783
f 3740/3740/3740 3726/3726/3726 3784/3784/3784
f 3726/3726/3726 3741/3741/3741 3784/3784/3784
f 3741/3741/3741 3742/3742/3742 3785/3785/3785
f 3742/3742/3742 3786/3786/3786 3785/3785/3785
f 3742/3742/3742 3747/3747/3747 3786/3786/3786
f 3747/3747/3747 3787/3787/3787 3786/3786/3786
f 3788/3788/3788 3751/3751/3751 3787/3787/3787
f 3751/3751/3751 3789/3789/3789 3787/3787/3787
f 3790/3790/3790 3752/3752/3752 3789/3789/3789
f 3752/3752/3752 3791/3791/3791 3789/3789/3789
f 3752/3752/3752 3792/3792/3792 3791/3791/3791
f 3792/3792/3792 3793/3793/3793 3791/3791/3791
f 3755/3755/3755 3794/3794/3794 3793/3793/3793
f 3794/3794/3794 3795/3795/3795 3793/3793/3793
f 3759/3759/3759 3762/3762/3762 3795/3795/3795
f 3762/3762/3762 3796/3796/3796 3795/3795/3795
f 3762/3762/3762 3763/3763/3763 3796/3796/3796
f 3763/3763/3763 3797/3797/3797 3796/3796/3796
f 3763/3763/3763 3764/3764/3764 3797/3797/3797
f 3764/3764/3764 3798/3798/3798 3797/3797/3797
f 3764/3764/3764 3769/3769/3769 3798/3798/3798
f 3769/3769/3769 3799/3799/3799 3798/3798/3798
f 3800/3800/3800 3773/3773/3773 3799/3799/3799
f 3773/3773/3773 3801/3801/3801 3799/3799/3799
f 3802/3802/3802 3774/3774/3774 3801/3801/3801
f 3774/3774/3774 3803/3803/3803 3801/3801/3801
f 3774/3774/3774 3804/3804/3804 3803/3803/3803
f 3804/3804/3804 3805/3805/3805 3803/3803/3803
f 3777/3777/3777 3806/3806/3806 3805/3805/3805
f 3806/3806/3806 3807/3807/3807 3805/3805/3805
f 3781/3781/3781 3784/3784/3784 3807/3807/3807
f 3784/3784/3784 3808/3808/3808 3807/3807/3807
f 3784/3784/3784 3741/3741/3741 3808/3808/3808
f 3741/3741/3741 3785/3785/3785 3808/3808/3808
f 3785/3785/3785 3786/3786/3786 3809/3809/3809
f 3786/3786/3786 3810/3810/3810 3809/3809/3809
f 3811/3811/3811 3787/3787/3787 3812/3812/3812
f 3787/3787/3787 3813/3813/3813 3812/3812/3812
f 3787/3787/3787 3789/3789/3789 3813/3813/3813
f 3789/3789/3789 3814/3814/3814 3813/3813/3813
f 3789/3789/3789 3791/3791/3791 3814/3814/3814
f 3791/3791/3791 3815/3815/3815 3814/3814/3814
f 3791/3791/3791 3793/3793/3793 3815/3815/3815
f 3793/3793/3793 3816/3816/3816 3815/3815/3815
f 3793/3793/3793 3795/3795/3795 3816/3816/3816
f 3795/3795/3795 3817/3817/3817 3816/3816/3816
f 3795/3795/3795 3818/3818/3818 3817/3817/3817
f 3818/3818/3818 3819/3819/3819 3817/3817/3817
f 3796/3796/3796 3797/3797/3797 3820/3820/3820
f 3797/3797/3797 3821/3821/3821 3820/3820/3820
f 3797/3797/3797 3798/3798/3798 3821/3821/3821
f 3798/3798/3798 3822/3822/3822 3821/3821/3821
f 3823/3823/3823 3799/3799/3799 3824/3824/3824
f 3799/3799/3799 3825/3825/3825 3824/3824/3824
f 3799/3799/3799 3801/3801/3801 3825/3825/3825
f 3801/3801/3801 3826/3826/3826 3825/3825/3825
f 3801/3801/3801 3803/3803/3803 3826/3826/3826
f 3803/3803/3803 3827/3827/3827 3826/3826/3826
f 3803/3803/3803 3805/3805/3805 3827/3827/3827
f 3805/3805/3805 3828/3828/3828 3827/3827/3827
f 3805/3805/3805 3807/3807/3807 3828/3828/3828
f 3807/3807/3807 3829/3829/3829 3828/3828/3828
f 3807/3807/3807 3830/3830/3830 3829/3829/3829
f 3830/3830/3830 3831/3831/3831 3829/3829/3829
f 3808/3808/3808 3785/3785/3785 3832/3832/3832
f 3785/3785/3785 3809/3809/3809 3832/3832/3832
f 3809/3809/3809 3810/3810/3810 3833/3833/3833
f 3810/3810/3810 3834/3834/3834 3833/3833/3833
f 3812/3812/3812 3813/3813/3813 3835/3835/3835
f 3813/3813/3813 3836/3836/3836 3835/3835/3835
f 3813/3813/3813 3814/3814/3814 3836/3836/3836
f 3814/3814/3814 3837/3837/3837 3836/3836/3836
f 3814/3814/3814 3815/3815/3815 3837/3837/3837
f 3815/3815/3815 3838/3838/3838 3837/3837/3837
f 3815/3815/3815 3816/3816/3816 3838/3838/3838
f 3816/3816/3816 3839/3839/3839 3838/3838/3838
f 3816/3816/3816 3817/3817/3817 3839/3839/3839
f 3817/3817/3817 3840/3840/3840 3839/3839/3839
f 3817/3817/3817 3819/3819/3819 3840/3840/3840
f 3819/3819/3819 3841/3841/3841 3840/3840/3840
f 3820/3820/3820 3821/3821/3821 3842/3842/3842
f 3821/3821/3821 3843/3843/3843 3842/3842/3842
f 3821/3821/3821 3822/3822/3822 3843/3843/3843
f 3822/3822/3822 3844/3844/3844 3843/3843/3843
f 3824/3824/3824 3825/3825/3825 3845/3845/3845
f 3825/3825/3825 3846/3846/3846 3845/3845/3845
f 3825/3825/3825 3826/3826/3826 3846/3846/3846
f 3826/3826/3826 3847/3847/3847 3846/3846/3846
f 3826/3826/3826 3827/3827/3827 3847/3847/3847
f 3827/3827/3827 3848/3848/3848 3847/3847/3847
f 3827/3827/3827 3828/3828/3828 3848/3848/3848
f 3828/3828/3828 3849/3849/3849 3848/3848/3848
f 3828/3828/3828 3829/3829/3829 3849/3849/3849
f 3829/3829/3829 3850/3850/3850 3849/3849/3849
f 3829/3829/3829 3831/3831/3831 3850/3850/3850
f 3831/3831/3831 3851/3851/3851 3850/3850/3850
f 3832/3832/3832 3809/3809/3809 3852/3852/3852
f 3809/3809/3809 3833/3833/3833 3852/3852/3852
f 3833/3833/3833 3834/3834/3834 3853/3853/3853
f 3834/3834/3834 3854/3854/3854 3853/3853/3853
f 3835/3835/3835 3836/3836/3836 3854/3854/3854
f 3836/3836/3836 3855/3855/3855 3854/3854/3854
f 3836/3836/3836 3837/3837/3837 3855/3855/3855
f 3837/3837/3837 3856/3856/3856 3855/3855/3855
f 3837/3837/3837 3838/3838/3838 3856/3856/3856
f 3838/3838/3838 3857/3857/3857 3856/3856/3856
f 3838/3838/3838 3839/3839/3839 3857/3857/3857
f 3839/3839/3839 3858/3858/3858 3857/3857/3857
f 3839/3839/3839 3840/3840/3840 3858/3858/3858
f 3840/3840/3840 3859/3859/3859 3858/3858/3858
f 3840/3840/3840 3841/3841/3841 3859/3859/3859
f 3841/3841/3841 3860/3860/3860 3859/3859/3859
f 3842/3842/3842 3843/3843/3843 3860/3860/3860
f 3843/3843/3843 3861/3861/3861 3860/3860/3860
f 3843/3843/3843 3844/3844/3844 3861/3861/3861
f 3844/3844/3844 3862/3862/3862 3861/3861/3861
f 3845/3845/3845 3846/3846/3846 3862/3862/3862
f 3846/3846/3846 3863/3863/3863 3862/3862/3862
f 3846/3846/3846 3847/3847/3847 3863/3863/3863
f 3847/3847/3847 3864/3864/3864 3863/3863/3863
f 3847/3847/3847 3848/3848/3848 3864/3864/3864
f 3848/3848/3848 3865/3865/3865 3864/3864/3864
f 3848/3848/3848 3849/3849/3849 3865/3865/3865
f 3849/3849/3849 3866/3866/3866 3865/3865/3865
f 3849/3849/3849 3850/3850/3850 3866/3866/3866
f 3850/3850/3850 3867/3867/3867 3866/3866/3866
f 3850/3850/3850 3851/3851/3851 3867/3867/3867
f 3851/3851/3851 3868/3868/3868 3867/3867/3867
f 3852/3852/3852 3833/3833/3833 3868/3868/3868
f 3833/3833/3833 3853/3853/3853 3868/3868/3868
f 3853/3853/3853 3854/3854/3854 3869/3869/3869
f 3854/3854/3854 3870/3870/3870 3869/3869/3869
f 3854/3854/3854 3855/3855/3855 3870/3870/3870
f 3855/3855/3855 3871/3871/3871 3870/3870/3870
f 3855/3855/3855 3856/3856/3856 3871/3871/3871
f 3856/3856/3856 3872/3872/3872 3871/3871/3871
f 3856/3856/3856 3857/3857/3857 3872/3872/3872
f 3857/3857/3857 3873/3873/3873 3872/3872/3872
f 3857/3857/3857 3858/3858/3858 3873/3873/3873
f 3858/3858/3858 3874/3874/3874 3873/3873/3873
f 3858/3858/3858 3859/3859/3859 3874/3874/3874
f 3859/3859/3859 3875/3875/3875 3874/3874/3874
f 3859/3859/3859 3860/3860/3860 3875/3875/3875
f 3860/3860/3860 3876/3876/3876 3875/3875/3875
f 3860/3860/3860 3861/3861/3861 3876/3876/3876
f 3861/3861/3861 3877/3877/3877 3876/3876/3876
f 3861/3861/3861 3862/3862/3862 3877/3877/3877
f 3862/3862/3862 3878/3878/3878 3877/3877/3877
f 3862/3862/3862 3863/3863/3863 3878/3878/3878
f 3863/3863/3863 3879/3879/3879 3878/3878/3878
f 3863/3863/3863 3864/3864/3864 3879/3879/3879
f 3864/3864/3864 3880/3880/3880 3879/3879/3879
f 3864/3864/3864 3865/3865/3865 3880/3880/3880
f 3865/3865/3865 3881/3881/3881 3880/3880/3880
f 3865/3865/3865 3866/3866/3866 3881/3881/3881
f 3866/3866/3866 3882/3882/3882 3881/3881/3881
f 3866/3866/3866 3867/3867/3867 3882/3882/3882
f 3867/3867/3867 3883/3883/3883 3882/3882/3882
f 3867/3867/3867 3868/3868/3868 3883/3883/3883
f 3868/3868/3868 3884/3884/3884 3883/3883/3883
f 3868/3868/3868 3853/3853/3853 3884/3884/3884
f 3853/3853/3853 3869/3869/3869 3884/3884/3884
f 3869/3869/3869 3870/3870/3870 3885/3885/3885
f 3870/3870/3870 3886/3886/3886 3885/3885/3885
f 3870/3870/3870 3871/3871/3871 3886/3886/3886
f 3871/3871/3871 3887/3887/3887 3886/3886/3886
f 3871/3871/3871 3872/3872/3872 3887/3887/3887
f 3872/3872/3872 3888/3888/3888 3887/3887/3887
f 3872/3872/3872 3873/3873/3873 3888/3888/3888
f 3873/3873/3873 3889/3889/3889 3888/3888/3888
f 3873/3873/3873 3874/3874/3874 3889/3889/3889
f 3874/3874/3874 3890/3890/3890 3889/3889/3889
f 3874/3874/3874 3875/3875/3875 3890/3890/3890
f 3875/3875/3875 3891/3891/3891 3890/3890/3890
f 3875/3875/3875 3876/3876/3876 3891/3891/3891
f 3876/3876/3876 3892/3892/3892 3891/3891/3891
f 3876/3876/3876 3877/3877/3877 3892/3892/3892
f 3877/3877/3877 3893/3893/3893 3892/3892/3892
f 3877/3877/3877 3878/3878/3878 3893/3893/3893
f 3878/3878/3878 3894/3894/3894 3893/3893/3893
f 3878/3878/3878 3879/3879/3879 3894/3894/3894
f 3879/3879/3879 3895/3895/3895 3894/3894/3894
f 3879/3879/3879 3880/3880/3880 3895/3895/3895
f 3880/3880/3880 3896/3896/3896 3895/3895/3895
f 3880/3880/3880 3881/3881/3881 3896/3896/3896
f 3881/3881/3881 3897/3897/3897 3896/3896/3896
f 3881/3881/3881 3882/3882/3882 3897/3897/3897
f 3882/3882/3882 3898/3898/3898 3897/3897/3897
f 3882/3882/3882 3883/3883/3883 3898/3898/3898
f 3883/3883/3883 3899/3899/3899 3898/3898/3898
f 3883/3883/3883 3884/3884/3884 3899/3899/3899
f 3884/3884/3884 3900/3900/3900 3899/3899/3899
f 3884/3884/3884 3869/3869/3869 3900/3900/3900
f 3869/3869/3869 3885/3885/3885 3900/3900/3900
f 3885/3885/3885 3886/3886/3886 3901/3901/3901
f 3886/3886/3886 3902/3902/3902 3901/3901/3901
f 3886/3886/3886 3887/3887/3887 3902/3902/3902
f 3887/3887/3887 3903/3903/3903 3902/3902/3902
f 3887/3887/3887 3888/3888/3888 3903/3903/3903
f 3888/3888/3888 3904/3904/3904 3903/3903/3903
f 3888/3888/3888 3889/3889/3889 3904/3904/3904
f 3889/3889/3889 3905/3905/3905 3904/3904/3904
f 3889/3889/3889 3890/3890/3890 3905/3905/3905
f 3890/3890/3890 3906/3906/3906 3905/3905/3905
f 3890/3890/3890 3891/3891/3891 3906/3906/3906
f 3891/3891/3891 3907/3907/3907 3906/3906/3906
f 3891/3891/3891 3892/3892/3892 3907/3907/3907
f 3892/3892/3892 3908/3908/3908 3907/3907/3907
f 3892/3892/3892 3893/3893/3893 3908/3908/3908
f 3893/3893/3893 3909/3909/3909 3908/3908/3908
f 3893/3893/3893 3894/3894/3894 3909/3909/3909
f 3894/3894/3894 3910/3910/3910 3909/3909/3909
f 3894/3894/3894 3895/3895/3895 3910/3910/3910
f 3895/3895/3895 3911/3911/3911 3910/3910/3910
f 3895/3895/3895 3896/3896/3896 3911/3911/3911
f 3896/3896/3896 3912/3912/3912 3911/3911/3911
f 3896/3896/3896 3897/3897/3897 3912/3912/3912
f 3897/3897/3897 3913/3913/3913 3912/3912/3912
f 3897/3897/3897 3898/3898/3898 3913/3913/3913
f 3898/3898/3898 3914/3914/3914 3913/3913/3913
f 3898/3898/3898 3899/3899/3899 3914/3914/3914
f 3899/3899/3899 3915/3915/3915 3914/3914/3914
f 3899/3899/3899 3900/3900/3900 3915/3915/3915
f 3900/3900/3900 3916/3916/3916 3915/3915/3915
f 3900/3900/3900 3885/3885/3885 3916/3916/3916
f 3885/3885/3885 3901/3901/3901 3916/3916/3916
f 3901/3901/3901 3902/3902/3902 3917/3917/3917
f 3902/3902/3902 3918/3918/3918 3917/3917/3917
f 3902/3902/3902 3903/3903/3903 3918/3918/3918
f 3903/3903/3903 3919/3919/3919 3918/3918/3918
f 3903/3903/3903 3904/3904/3904 3919/3919/3919
f 3904/3904/3904 3920/3920/3920 3919/3919/3919
f 3904/3904/3904 3905/3905/3905 3920/3920/3920
f 3905/3905/3905 3921/3921/3921 3920/3920/3920
f 3905/3905/3905 3906/3906/3906 3921/3921/3921
f 3906/3906/3906 3922/3922/3922 3921/3921/3921
f 3906/3906/3906 3907/3907/3907 3922/3922/3922
f 3907/3907/3907 3923/3923/3923 3922/3922/3922
f 3907/3907/3907 3908/3908/3908 3923/3923/3923
f 3908/3908/3908 3924/3924/3924 3923/3923/3923
f 3908/3908/3908 3909/3909/3909 3924/3924/3924
f 3909/3909/3909 3925/3925/3925 3924/3924/3924
f 3909/3909/3909 3910/3910/3910 3925/3925/3925
f 3910/3910/3910 3926/3926/3926 3925/3925/3925
f 3910/3910/3910 3911/3911/3911 3926/3926/3926
f 3911/3911/3911 3927/3927/3927 3926/3926/3926
f 3911/3911/3911 3912/3912/3912 3927/3927/3927
f 3912/3912/3912 3928/3928/3928 3927/3927/3927
f 3912/3912/3912 3913/3913/3913 3928/3928/3928
f 3913/3913/3913 3929/3929/3929 3928/3928/3928
f 3913/3913/3913 3914/3914/3914 3929/3929/3929
f 3914/3914/3914 3930/3930/3930 3929/3929/3929
f 3914/3914/3914 3915/3915/3915 3930/3930/3930
f 3915/3915/3915 3931/3931/3931 3930/3930/3930
f 3915/3915/3915 3916/3916/3916 3931/3931/3931
f 3916/3916/3916 3932/3932/3932 3931/3931/3931
f 3916/3916/3916 3901/3901/3901 3932/3932/3932
f 3901/3901/3901 3917/3917/3917 3932/3932/3932
f 3917/3917/3917 3918/3918/3918 3933/3933/3933
f 3918/3918/3918 3934/3934/3934 3933/3933/3933
f 3918/3918/3918 3919/3919/3919 3934/3934/3934
f 3919/3919/3919 3935/3935/3935 3934/3934/3934
f 3919/3919/3919 3920/3920/3920 3935/3935/3935
f 3920/3920/3920 3936/3936/3936 3935/3935/3935
f 3920/3920/3920 3921/3921/3921 3936/3936/3936
f 3921/3921/3921 3937/3937/3937 3936/3936/3936
f 3921/3921/3921 3922/3922/3922 3937/3937/3937
f 3922/3922/3922 3938/3938/3938 3937/3937/3937
f 3922/3922/3922 3923/3923/3923 3938/3938/3938
f 3923/3923/3923 3939/3939/3939 3938/3938/3938
f 3923/3923/3923 3924/3924/3924 3939/3939/3939
f 3924/3924/3924 3940/3940/3940 3939/3939/3939
f 3924/3924/3924 3925/3925/3925 3940/3940/3940
f 3925/3925/3925 3941/3941/3941 3940/3940/3940
f 3925/3925/3925 3926/3926/3926 3941/3941/3941
f 3926/3926/3926 3942/3942/3942 3941/3941/3941
f 3926/3926/3926 3927/3927/3927 3942/3942/3942
f 3927/3927/3927 3943/3943/3943 3942/3942/3942
f 3927/3927/3927 3928/3928/3928 3943/3943/3943
f 3928/3928/3928 3944/3944/3944 3943/3943/3943
f 3928/3928/3928 3929/3929/3929 3944/3944/3944
f 3929/3929/3929 3945/3945/3945 3944/3944/3944
f 3929/3929/3929 3930/3930/3930 3945/3945/3945
f 3930/3930/3930 3946/3946/3946 3945/3945/3945
f 3930/3930/3930 3931/3931/3931 3946/3946/3946
f 3931/3931/3931 3947/3947/3947 3946/3946/3946
f 3931/3931/3931 3932/3932/3932 3947/3947/3947
f 3932/3932/3932 3948/3948/3948 3947/3947/3947
f 3932/3932/3932 3917/3917/3917 3948/3948/3948
f 3917/3917/3917 3933/3933/3933 3948/3948/3948
f 3933/3933/3933 3934/3934/3934 3949/3949/3949
f 3934/3934/3934 3950/3950/3950 3949/3949/3949
f 3934/3934/3934 3935/3935/3935 3950/3950/3950
f 3935/3935/3935 3951/3951/3951 3950/3950/3950
f 3935/3935/3935 3936/3936/3936 3951/3951/3951
f 3936/3936/3936 3952/3952/3952 3951/3951/3951
f 3936/3936/3936 3937/3937/3937 3952/3952/3952
f 3937/3937/3937 3953/3953/3953 3952/3952/3952
f 3937/3937/3937 3938/3938/3938 3953/3953/3953
f 3938/3938/3938 3954/3954/3954 3953/3953/3953
f 3938/3938/3938 3939/3939/3939 3954/3954/3954
f 3939/3939/3939 3955/3955/3955 3954/3954/3954
f 3939/3939/3939 3940/3940/3940 3955/3955/3955
f 3940/3940/3940 3956/3956/3956 3955/3955/3955
f 3940/3940/3940 3941/3941/3941 3956/3956/3956
f 3941/3941/3941 3957/3957/3957 3956/3956/3956
f 3941/3941/3941 3942/3942/3942 3957/3957/3957
f 3942/3942/3942 3958/3958/3958 3957/3957/3957
f 3942/3942/3942 3943/3943/3943 3958/3958/3958
f 3943/3943/3943 3959/3959/3959 3958/3958/3958
f 3943/3943/3943 3944/3944/3944 3959/3959/3959
f 3944/3944/3944 3960/3960/3960 3959/3959/3959
f 3944/3944/3944 3945/3945/3945 3960/3960/3960
f 3945/3945/3945 3961/3961/3961 3960/3960/3960
f 3945/3945/3945 3946/3946/3946 3961/3961/3961
f 3946/3946/3946 3962/3962/3962 3961/3961/3961
f 3946/3946/3946 3947/3947/3947 3962/3962/3962
f 3947/3947/3947 3963/3963/3963 3962/3962/3962
f 3947/3947/3947 3948/3948/3948 3963/3963/3963
f 3948/3948/3948 3964/3964/3964 3963/3963/3963
f 3948/3948/3948 3933/3933/3933 3964/3964/3964
f 3933/3933/3933 3949/3949/3949 3964/3964/3964
f 3949/3949/3949 3950/3950/3950 3965/3965/3965
f 3950/3950/3950 3966/3966/3966 3965/3965/3965
f 3950/3950/3950 3951/3951/3951 3966/3966/3966
f 3951/3951/3951 3967/3967/3967 3966/3966/3966
f 3951/3951/3951 3952/3952/3952 3967/3967/3967
f 3952/3952/3952 3968/3968/3968 3967/3967/3967
f 3952/3952/3952 3953/3953/3953 3968/3968/3968
f 3953/3953/3953 3969/3969/3969 3968/3968/3968
f 3953/3953/3953 3954/3954/3954 3969/3969/3969
f 3954/3954/3954 3970/3970/3970 3969/3969/3969
f 3954/3954/3954 3955/3955/3955 3970/3970/3970
f 3955/3955/3955 3971/3971/3971 3970/3970/3970
f 3955/3955/3955 3956/3956/3956 3971/3971/3971
f 3956/3956/3956 3972/3972/3972 3971/3971/3971
f 3956/3956/3956 3957/3957/3957 3972/3972/3972
f 3957/3957/3957 3973/3973/3973 3972/3972/3972
f 3957/3957/3957 3958/3958/3958 3973/3973/3973
f 3958/3958/3958 3974/3974/3974 3973/3973/3973
f 3958/3958/3958 3959/3959/3959 3974/3974/3974
f 3959/3959/3959 3975/3975/3975 3974/3974/3974
f 3959/3959/3959 3960/3960/3960 3975/3975/3975
f 3960/3960/3960 3976/3976/3976 3975/3975/3975
f 3960/3960/3960 3961/3961/3961 3976/3976/3976
f 3961/3961/3961 3977/3977/3977 3976/3976/3976
f 3961/3961/3961 3962/3962/3962 3977/3977/3977
f 3962/3962/3962 3978/3978/3978 3977/3977/3977
f 3962/3962/3962 3963/3963/3963 3978/3978/3978
f 3963/3963/3963 3979/3979/3979 3978/3978/3978
f 3963/3963/3963 3964/3964/3964 3979/3979/3979
f 3964/3964/3964 3980/3980/3980 3979/3979/3979
f 3964/3964/3964 3949/3949/3949 3980/3980/3980
f 3949/3949/3949 3965/3965/3965 3980/3980/3980
f 3965/3965/3965 3966/3966/3966 3981/3981/3981
f 3966/3966/3966 3982/3982/3982 3981/3981/3981
f 3966/3966/3966 3967/3967/3967 3982/3982/3982
f 3967/3967/3967 3983/3983/3983 3982/3982/3982
f 3967/3967/3967 3968/3968/3968 3983/3983/3983
f 3968/3968/3968 3984/3984/3984 3983/3983/3983
f 3968/3968/3968 3969/3969/3969 3984/3984/3984
f 3969/3969/3969 3985/3985/3985 3984/3984/3984
f 3969/3969/3969 3970/3970/3970 3985/3985/3985
f 3970/3970/3970 3986/3986/3986 3985/3985/3985
f 3970/3970/3970 3971/3971/3971 3986/3986/3986
f 3971/3971/3971 3987/3987/3987 3986/3986/3986
f 3971/3971/3971 3972/3972/3972 3987/3987/3987
f 3972/3972/3972 3988/3988/3988 3987/3987/3987
f 3972/3972/3972 3973/3973/3973 3988/3988/3988
f 3973/3973/3973 3989/3989/3989 3988/3988/3988
f 3973/3973/3973 3974/3974/3974 3989/3989/3989
f 3974/3974/3974 3990/3990/3990 3989/3989/3989
f 3974/3974/3974 3975/3975/3975 3990/3990/3990
f 3975/3975/3975 3991/3991/3991 3990/3990/3990
f 3975/3975/3975 3976/3976/3976 3991/3991/3991
f 3976/3976/3976 3992/3992/3992 3991/3991/3991
f 3976/3976/3976 3977/3977/3977 3992/3992/3992
f 3977/3977/3977 3993/3993/3993 3992/3992/3992
f 3977/3977/3977 3978/3978/3978 3993/3993/3993
f 3978/3978/3978 3994/3994/3994 3993/3993/3993
f 3978/3978/3978 3979/3979/3979 3994/3994/3994
f 3979/3979/3979 3995/3995/3995 3994/3994/3994
f 3979/3979/3979 3980/3980/3980 3995/3995/3995
f 3980/3980/3980 3996/3996/3996 3995/3995/3995
f 3980/3980/3980 3965/3965/3965 3996/3996/3996
f 3965/3965/3965 3981/3981/3981 3996/3996/3996
f 3981/3981/3981 3982/3982/3982 3997/3997/3997
f 3982/3982/3982 3998/3998/3998 3997/3997/3997
f 3982/3982/3982 3983/3983/3983 3998/3998/3998
f 3983/3983/3983 3999/3999/3999 3998/3998/3998
f 3983/3983/3983 3984/3984/3984 3999/3999/3999
f 3984/3984/3984 4000/4000/4000 3999/3999/3999
f 3984/3984/3984 3985/3985/3985 4000/4000/4000
f 3985/3985/3985 4001/4001/4001 4000/4000/4000
f 3985/3985/3985 3986/3986/3986 4001/4001/4001
f 3986/3986/3986 4002/4002/4002 4001/4001/4001
f 3986/3986/3986 3987/3987/3987 4002/4002/4002
f 3987/3987/3987 4003/4003/4003 4002/4002/4002
f 3987/3987/3987 3988/3988/3988 4003/4003/4003
f 3988/3988/3988 4004/4004/4004 4003/4003/4003
f 3988/3988/3988 3989/3989/3989 4004/4004/4004
f 3989/3989/3989 4005/4005/4005 4004/4004/4004
f 3989/3989/3989 3990/3990/3990 4005/4005/4005
f 3990/3990/3990 4006/4006/4006 4005/4005/4005
f 3990/3990/3990 3991/3991/3991 4006/4006/4006
f 3991/3991/3991 4007/4007/4007 4006/4006/4006
f 3991/3991/3991 3992/3992/3992 4007/4007/4007
f 3992/3992/3992 4008/4008/4008 4007/4007/4007
f 3992/3992/3992 3993/3993/3993 4008/4008/4008
f 3993/3993/3993 4009/4009/4009 4008/4008/4008
f 3993/3993/3993 3994/3994/3994 4009/4009/4009
f 3994/3994/3994 4010/4010/4010 4009/4009/4009
f 3994/3994/3994 3995/3995/3995 4010/4010/4010
f 3995/3995/3995 4011/4011/4011 4010/4010/4010
f 3995/3995/3995 3996/3996/3996 4011/4011/4011
f 3996/3996/3996 4012/4012/4012 4011/4011/4011
f 3996/3996/3996 3981/3981/3981 4012/4012/4012
f 3981/3981/3981 3997/3997/3997 4012/4012/4012
f 3997/3997/3997 3998/3998/3998 4013/4013/4013
f 3998/3998/3998 4014/4014/4014 4013/4013/4013
f 3998/3998/3998 3999/3999/3999 4014/4014/4014
f 3999/3999/3999 4015/4015/4015 4014/4014/4014
f 3999/3999/3999 4000/4000/4000 4015/4015/4015
f 4000/4000/4000 4016/4016/4016 4015/4015/4015
f 4000/4000/4000 4001/4001/4001 4016/4016/4016
f 4001/4001/4001 4017/4017/4017 4016/4016/4016
f 4001/4001/4001 4002/4002/4002 4017/4017/4017
f 4002/4002/4002 4018/4018/4018 4017/4017/4017
f 4002/4002/4002 4003/4003/4003 4018/4018/4018
f 4003/4003/4003 4019/4019/4019 4018/4018/4018
f 4003/4003/4003 4004/4004/4004 4019/4019/4019
f 4004/4004/4004 4020/4020/4020 4019/4019/4019
f 4004/4004/4004 4005/4005/4005 4020/4020/4020
f 4005/4005/4005 4021/4021/4021 4020/4020/4020
f 4005/4005/4005 4006/4006/4006 4021/4021/4021
f 4006/4006/4006 4022/4022/4022 4021/4021/4021
f 4006/4006/4006 4007/4007/4007 4022/4022/4022
f 4007/4007/4007 4023/4023/4023 4022/4022/4022
f 4007/4007/4007 4008/4008/4008 4023/4023/4023
f 4008/4008/4008 4024/4024/4024 4023/4023/4023
f 4008/4008/4008 4009/4009/4009 4024/4024/4024
f 4009/4009/4009 4025/4025/4025 4024/4024/4024
f 4009/4009/4009 4010/4010/4010 4025/4025/4025
f 4010/4010/4010 4026/4026/4026 4025/4025/4025
f 4010/4010/4010 4011/4011/4011 4026/4026/4026
f 4011/4011/4011 4027/4027/4027 4026/4026/4026
f 4011/4011/4011 4012/4012/4012 4027/4027/4027
f 4012/4012/4012 4028/4028/4028 4027/4027/4027
f 4012/4012/4012 3997/3997/3997 4028/4028/4028
f 3997/3997/3997 4013/4013/4013 4028/4028/4028
f 4013/4013/4013 4014/4014/4014 4029/4029/4029
f 4014/4014/4014 4030/4030/4030 4029/4029/4029
f 4014/4014/4014 4015/4015/4015 4030/4030/4030
f 4015/4015/4015 4031/4031/4031 4030/4030/4030
f 4015/4015/4015 4016/4016/4016 4031/4031/4031
f 4016/4016/4016 4032/4032/4032 4031/4031/4031
f 4016/4016/4016 4017/4017/4017 4032/4032/4032
f 4017/4017/4017 4033/4033/4033 4032/4032/4032
f 4017/4017/4017 4018/4018/4018 4033/4033/4033
f 4018/4018/4018 4034/4034/4034 4033/4033/4033
f 4018/4018/4018 4019/4019/4019 4034/4034/4034
f 4019/4019/4019 4035/4035/4035 4034/4034/4034
f 4019/4019/4019 4020/4020/4020 4035/4035/4035
f 4020/4020/4020 4036/4036/4036 4035/4035/4035
f 4020/4020/4020 4021/4021/4021 4036/4036/4036
f 4021/4021/4021 4037/4037/4037 4036/4036/4036
f 4021/4021/4021 4022/4022/4022 4037/4037/4037
f 4022/4022/4022 4038/4038/4038 4037/4037/4037
f 4022/4022/4022 4023/4023/4023 4038/4038/4038
f 4023/4023/4023 4039/4039/4039 4038/4038/4038
f 4023/4023/4023 4024/4024/4024 4039/4039/4039
f 4024/4024/4024 4040/4040/4040 4039/4039/4039
f 4024/4024/4024 4025/4025/4025 4040/4040/4040
f 4025/4025/4025 4041/4041/4041 4040/4040/4040
f 4025/4025/4025 4026/4026/4026 4041/4041/4041
f 4026/4026/4026 4042/4042/4042 4041/4041/4041
f 4026/4026/4026 4027/4027/4027 4042/4042/4042
f 4027/4027/4027 4043/4043/4043 4042/4042/4042
f 4027/4027/4027 4028/4028/4028 4043/4043/4043
f 4028/4028/4028 4044/4044/4044 4043/4043/4043
f 4028/4028/4028 4013/4013/4013 4044/4044/4044
f 4013/4013/4013 4029/4029/4029 4044/4044/4044
f 4029/4029/4029 4030/4030/4030 4045/4045/4045
f 4030/4030/4030 4046/4046/4046 4045/4045/4045
f 4030/4030/4030 4031/4031/4031 4046/4046/4046
f 4031/4031/4031 4047/4047/4047 4046/4046/4046
f 4031/4031/4031 4032/4032/4032 4047/4047/4047
f 4032/4032/4032 4048/4048/4048 4047/4047/4047
f 4032/4032/4032 4033/4033/4033 4048/4048/4048
f 4033/4033/4033 4049/4049/4049 4048/4048/4048
f 4033/4033/4033 4034/4034/4034 4049/4049/4049
f 4034/4034/4034 4050/4050/4050 4049/4049/4049
f 4034/4034/4034 4035/4035/4035 4050/4050/4050
f 4035/4035/4035 4051/4051/4051 4050/4050/4050
f 4035/4035/4035 4036/4036/4036 4051/4051/4051
f 4036/4036/4036 4052/4052/4052 4051/4051/4051
f 4036/4036/4036 4037/4037/4037 4052/4052/4052
f 4037/4037/4037 4053/4053/4053 4052/4052/4052
f 4037/4037/4037 4038/4038/4038 4053/4053/4053
f 4038/4038/4038 4054/4054/4054 4053/4053/4053
f 4038/4038/4038 4039/4039/4039 4054/4054/4054
f 4039/4039/4039 4055/4055/4055 4054/4054/4054
f 4039/4039/4039 4040/4040/4040 4055/4055/4055
f 4040/4040/4040 4056/4056/4056 4055/4055/4055
f 4040/4040/4040 4041/4041/4041 4056/4056/4056
f 4041/4041/4041 4057/4057/4057 4056/4056/4056
f 4041/4041/4041 4042/4042/4042 4057/4057/4057
f 4042/4042/4042 4058/4058/4058 4057/4057/4057
f 4042/4042/4042 4043/4043/4043 4058/4058/4058
f 4043/4043/4043 4059/4059/4059 4058/4058/4058
f 4043/4043/4043 4044/4044/4044 4059/4059/4059
f 4044/4044/4044 4060/4060/4060 4059/4059/4059
f 4044/4044/4044 4029/4029/4029 4060/4060/4060
f 4029/4029/4029 4045/4045/4045 4060/4060/4060
f 4045/4045/4045 4046/4046/4046 4061/4061/4061
f 4046/4046/4046 4062/4062/4062 4061/4061/4061
f 4046/4046/4046 4047/4047/4047 4063/4063/4063
f 4047/4047/4047 4064/4064/4064 4063/4063/4063
f 4047/4047/4047 4048/4048/4048 4064/4064/4064
f 4048/4048/4048 4065/4065/4065 4064/4064/4064
f 4048/4048/4048 4049/4049/4049 4065/4065/4065
f 4049/4049/4049 4066/4066/4066 4065/4065/4065
f 4049/4049/4049 4050/4050/4050 4066/4066/4066
f 4050/4050/4050 4067/4067/4067 4066/4066/4066
f 4050/4050/4050 4051/4051/4051 4067/4067/4067
f 4051/4051/4051 4068/4068/4068 4067/4067/4067
f 4051/4051/4051 4052/4052/4052 4068/4068/4068
f 4052/4052/4052 4069/4069/4069 4068/4068/4068
f 4052/4052/4052 4053/4053/4053 4070/4070/4070
f 4053/4053/4053 4071/4071/4071 4070/4070/4070
f 4053/4053/4053 4054/4054/4054 4071/4071/4071
f 4054/4054/4054 4072/4072/4072 4071/4071/4071
f 4054/4054/4054 4055/4055/4055 4073/4073/4073
f 4055/4055/4055 4074/4074/4074 4073/4073/4073
f 4055/4055/4055 4056/4056/4056 4074/4074/4074
f 4056/4056/4056 4075/4075/4075 4074/4074/4074
f 4056/4056/4056 4057/4057/4057 4075/4075/4075
f 4057/4057/4057 4076/4076/4076 4075/4075/4075
f 4057/4057/4057 4058/4058/4058 4076/4076/4076
f 4058/4058/4058 4077/4077/4077 4076/4076/4076
f 4058/4058/4058 4059/4059/4059 4077/4077/4077
f 4059/4059/4059 4078/4078/4078 4077/4077/4077
f 4059/4059/4059 4060/4060/4060 4078/4078/4078
f 4060/4060/4060 4079/4079/4079 4078/4078/4078
f 4060/4060/4060 4045/4045/4045 4080/4080/4080
f 4045/4045/4045 4061/4061/4061 4080/4080/4080
f 4061/4061/4061 4062/4062/4062 4081/4081/4081
f 4062/4062/4062 4082/4082/4082 4081/4081/4081
f 4063/4063/4063 4064/4064/4064 4083/4083/4083
f 4064/4064/4064 4084/4084/4084 4083/4083/4083
f 4064/4064/4064 4065/4065/4065 4084/4084/4084
f 4065/4065/4065 4085/4085/4085 4084/4084/4084
f 4065/4065/4065 4066/4066/4066 4085/4085/4085
f 4066/4066/4066 4086/4086/4086 4085/4085/4085
f 4066/4066/4066 4067/4067/4067 4086/4086/4086
f 4067/4067/4067 4087/4087/4087 4086/4086/4086
f 4067/4067/4067 4068/4068/4068 4087/4087/4087
f 4068/4068/4068 4088/4088/4088 4087/4087/4087
f 4068/4068/4068 4069/4069/4069 4088/4088/4088
f 4069/4069/4069 4089/4089/4089 4088/4088/4088
f 4070/4070/4070 4071/4071/4071 4090/4090/4090
f 4071/4071/4071 4091/4091/4091 4090/4090/4090
f 4071/4071/4071 4072/4072/4072 4091/4091/4091
f 4072/4072/4072 4092/4092/4092 4091/4091/4091
f 4073/4073/4073 4074/4074/4074 4093/4093/4093
f 4074/4074/4074 4094/4094/4094 4093/4093/4093
f 4074/4074/4074 4075/4075/4075 4094/4094/4094
f 4075/4075/4075 4095/4095/4095 4094/4094/4094
f 4075/4075/4075 4076/4076/4076 4095/4095/4095
f 4076/4076/4076 4096/4096/4096 4095/4095/4095
f 4076/4076/4076 4077/4077/4077 4096/4096/4096
f 4077/4077/4077 4097/4097/4097 4096/4096/4096
f 4077/4077/4077 4078/4078/4078 4097/4097/4097
f 4078/4078/4078 4098/4098/4098 4097/4097/4097
f 4078/4078/4078 4079/4079/4079 4098/4098/4098
f 4079/4079/4079 4099/4099/4099 4098/4098/4098
f 4080/4080/4080 4061/4061/4061 4100/4100/4100
f 4061/4061/4061 4081/4081/4081 4100/4100/4100
f 4081/4081/4081 4082/4082/4082 4101/4101/4101
f 4082/4082/4082 4102/4102/4102 4101/4101/4101
f 4083/4083/4083 4084/4084/4084 4103/4103/4103
f 4084/4084/4084 4104/4104/4104 4103/4103/4103
f 4084/4084/4084 4085/4085/4085 4104/4104/4104
f 4085/4085/4085 4105/4105/4105 4104/4104/4104
f 4085/4085/4085 4086/4086/4086 4105/4105/4105
f 4086/4086/4086 4106/4106/4106 4105/4105/4105
f 4086/4086/4086 4087/4087/4087 4106/4106/4106
f 4087/4087/4087 4107/4107/4107 4106/4106/4106
f 4087/4087/4087 4088/4088/4088 4107/4107/4107
f 4088/4088/4088 4108/4108/4108 4107/4107/4107
f 4088/4088/4088 4089/4089/4089 4108/4108/4108
f 4089/4089/4089 4109/4109/4109 4108/4108/4108
f 4090/4090/4090 4091/4091/4091 4110/4110/4110
f 4091/4091/4091 4111/4111/4111 4110/4110/4110
f 4091/4091/4091 4092/4092/4092 4111/4111/4111
f 4092/4092/4092 4112/4112/4112 4111/4111/4111
f 4093/4093/4093 4094/4094/4094 4113/4113/4113
f 4094/4094/4094 4114/4114/4114 4113/4113/4113
f 4094/4094/4094 4095/4095/4095 4114/4114/4114
f 4095/4095/4095 4115/4115/4115 4114/4114/4114
f 4095/4095/4095 4096/4096/4096 4115/4115/4115
f 4096/4096/4096 4116/4116/4116 4115/4115/4115
f 4096/4096/4096 4097/4097/4097 4116/4116/4116
f 4097/4097/4097 4117/4117/4117 4116/4116/4116
f 4097/4097/4097 4098/4098/4098 4117/4117/4117
f 4098/4098/4098 4118/4118/4118 4117/4117/4117
f 4098/4098/4098 4099/4099/4099 4118/4118/4118
f 4099/4099/4099 4119/4119/4119 4118/4118/4118
f 4100/4100/4100 4081/4081/4081 4120/4120/4120
f 4081/4081/4081 4101/4101/4101 4120/4120/4120
f 4101/4101/4101 4102/4102/4102 4121/4121/4121
f 4102/4102/4102 4122/4122/4122 4121/4121/4121
f 4102/4102/4102 4104/4104/4104 4122/4122/4122
f 4104/4104/4104 4123/4123/4123 4122/4122/4122
f 4104/4104/4104 4105/4105/4105 4124/4124/4124
f 4105/4105/4105 4125/4125/4125 4124/4124/4124
f 4105/4105/4105 4106/4106/4106 4126/4126/4126
f 4106/4106/4106 4127/4127/4127 4126/4126/4126
f 4106/4106/4106 4107/4107/4107 4127/4127/4127
f 4107/4107/4107 4128/4128/4128 4127/4127/4127
f 4107/4107/4107 4108/4108/4108 4129/4129/4129
f 4108/4108/4108 4130/4130/4130 4129/4129/4129
f 4108/4108/4108 4110/4110/4110 4131/4131/4131
f 4110/4110/4110 4132/4132/4132 4131/4131/4131
f 4110/4110/4110 4111/4111/4111 4132/4132/4132
f 4111/4111/4111 4133/4133/4133 4132/4132/4132
f 4111/4111/4111 4112/4112/4112 4133/4133/4133
f 4112/4112/4112 4134/4134/4134 4133/4133/4133
f 4112/4112/4112 4114/4114/4114 4134/4134/4134
f 4114/4114/4114 4135/4135/4135 4134/4134/4134
f 4114/4114/4114 4115/4115/4115 4136/4136/4136
f 4115/4115/4115 4137/4137/4137 4136/4136/4136
f 4115/4115/4115 4116/4116/4116 4138/4138/4138
f 4116/4116/4116 4139/4139/4139 4138/4138/4138
f 4116/4116/4116 4117/4117/4117 4139/4139/4139
f 4117/4117/4117 4140/4140/4140 4139/4139/4139
f 4117/4117/4117 4118/4118/4118 4141/4141/4141
f 4118/4118/4118 4142/4142/4142 4141/4141/4141
f 4118/4118/4118 4120/4120/4120 4143/4143/4143
f 4120/4120/4120 4144/4144/4144 4143/4143/4143
f 4120/4120/4120 4101/4101/4101 4144/4144/4144
f 4101/4101/4101 4121/4121/4121 4144/4144/4144
f 4121/4121/4121 4122/4122/4122 4145/4145/4145
f 4122/4122/4122 4146/4146/4146 4145/4145/4145
f 4122/4122/4122 4147/4147/4147 4148/4148/4148
f 4147/4147/4147 4149/4149/4149 4148/4148/4148
f 4150/4150/4150 4151/4151/4151 4152/4152/4152
f 4151/4151/4151 4153/4153/4153 4152/4152/4152
f 4154/4154/4154 4127/4127/4127 4155/4155/4155
f 4127/4127/4127 4156/4156/4156 4155/4155/4155
f 4127/4127/4127 4157/4157/4157 4156/4156/4156
f 4157/4157/4157 4158/4158/4158 4156/4156/4156
f 4159/4159/4159 4160/4160/4160 4161/4161/4161
f 4160/4160/4160 4162/4162/4162 4161/4161/4161
f 4163/4163/4163 4132/4132/4132 4164/4164/4164
f 4132/4132/4132 4165/4165/4165 4164/4164/4164
f 4132/4132/4132 4133/4133/4133 4166/4166/4166
f 4133/4133/4133 4167/4167/4167 4166/4166/4166
f 4133/4133/4133 4134/4134/4134 4168/4168/4168
f 4134/4134/4134 4169/4169/4169 4168/4168/4168
f 4134/4134/4134 4170/4170/4170 4171/4171/4171
f 4170/4170/4170 4172/4172/4172 4171/4171/4171
f 4173/4173/4173 4174/4174/4174 4175/4175/4175
f 4174/4174/4174 4176/4176/4176 4175/4175/4175
f 4177/4177/4177 4139/4139/4139 4178/4178/4178
f 4139/4139/4139 4179/4179/4179 4178/4178/4178
f 4139/4139/4139 4180/4180/4180 4179/4179/4179
f 4180/4180/4180 4181/4181/4181 4179/4179/4179
f 4182/4182/4182 4183/4183/4183 4184/4184/4184
f 4183/4183/4183 4185/4185/4185 4184/4184/4184
f 4186/4186/4186 4144/4144/4144 4187/4187/4187
f 4144/4144/4144 4188/4188/4188 4187/4187/4187
f 4144/4144/4144 4121/4121/4121 4189/4189/4189
f 4121/4121/4121 4190/4190/4190 4189/4189/4189
f 4191/4191/4191 4192/4192/4192 4193/4193/4193
f 4192/4192/4192 4194/4194/4194 4193/4193/4193
f 4192/4192/4192 4195/4195/4195 4194/4194/4194
f 4195/4195/4195 4196/4196/4196 4194/4194/4194
f 4197/4197/4197 4198/4198/4198 4199/4199/4199
f 4198/4198/4198 4200/4200/4200 4199/4199/4199
f 4198/4198/4198 4201/4201/4201 4200/4200/4200
f 4201/4201/4201 4202/4202/4202 4200/4200/4200
f 4203/4203/4203 4204/4204/4204 4205/4205/4205
f 4204/4204/4204 4206/4206/4206 4205/4205/4205
f 4204/4204/4204 4207/4207/4207 4206/4206/4206
f 4207/4207/4207 4208/4208/4208 4206/4206/4206
f 4209/4209/4209 4210/4210/4210 4211/4211/4211
f 4210/4210/4210 4212/4212/4212 4211/4211/4211
f 4210/4210/4210 4213/4213/4213 4212/4212/4212
f 4213/4213/4213 4214/4214/4214 4212/4212/4212
f 4213/4213/4213 4215/4215/4215 4214/4214/4214
f 4215/4215/4215 4216/4216/4216 4214/4214/4214
f 4215/4215/4215 4217/4217/4217 4216/4216/4216
f 4217/4217/4217 4218/4218/4218 4216/4216/4216
f 4219/4219/4219 4220/4220/4220 4221/4221/4221
f 4220/4220/4220 4222/4222/4222 4221/4221/4221
f 4220/4220/4220 4223/4223/4223 4222/4222/4222
f 4223/4223/4223 4224/4224/4224 4222/4222/4222
f 4225/4225/4225 4226/4226/4226 4227/4227/4227
f 4226/4226/4226 4228/4228/4228 4227/4227/4227
f 4226/4226/4226 4229/4229/4229 4228/4228/4228
f 4229/4229/4229 4230/4230/4230 4228/4228/4228
f 4231/4231/4231 4232/4232/4232 4233/4233/4233
f 4232/4232/4232 4234/4234/4234 4233/4233/4233
f 4232/4232/4232 4191/4191/4191 4234/4234/4234
f 4191/4191/4191 4193/4193/4193 4234/4234/4234
f 4193/4193/4193 4194/4194/4194 4235/4235/4235
f 4194/4194/4194 4236/4236/4236 4235/4235/4235
f 4194/4194/4194 4196/4196/4196 4236/4236/4236
f 4196/4196/4196 4237/4237/4237 4236/4236/4236
f 4196/4196/4196 4238/4238/4238 4237/4237/4237
f 4238/4238/4238 4239/4239/4239 4237/4237/4237
f 4238/4238/4238 4240/4240/4240 4239/4239/4239
f 4240/4240/4240 4241/4241/4241 4239/4239/4239
f 4240/4240/4240 4242/4242/4242 4241/4241/4241
f 4242/4242/4242 4243/4243/4243 4241/4241/4241
f 4242/4242/4242 4211/4211/4211 4243/4243/4243
f 4211/4211/4211 4244/4244/4244 4243/4243/4243
f 4211/4211/4211 4212/4212/4212 4244/4244/4244
f 4212/4212/4212 4245/4245/4245 4244/4244/4244
f 4212/4212/4212 4214/4214/4214 4245/4245/4245
f 4214/4214/4214 4246/4246/4246 4245/4245/4245
f 4214/4214/4214 4216/4216/4216 4246/4246/4246
f 4216/4216/4216 4247/4247/4247 4246/4246/4246
f 4216/4216/4216 4218/4218/4218 4247/4247/4247
f 4218/4218/4218 4248/4248/4248 4247/4247/4247
f 4218/4218/4218 4249/4249/4249 4248/4248/4248
f 4249/4249/4249 4250/4250/4250 4248/4248/4248
f 4249/4249/4249 4251/4251/4251 4250/4250/4250
f 4251/4251/4251 4252/4252/4252 4250/4250/4250
f 4251/4251/4251 4253/4253/4253 4252/4252/4252
f 4253/4253/4253 4254/4254/4254 4252/4252/4252
f 4253/4253/4253 4233/4233/4233 4254/4254/4254
f 4233/4233/4233 4255/4255/4255 4254/4254/4254
f 4233/4233/4233 4234/4234/4234 4255/4255/4255
f 4234/4234/4234 4256/4256/4256 4255/4255/4255
f 4234/4234/4234 4193/4193/4193 4256/4256/4256
f 4193/4193/4193 4235/4235/4235 4256/4256/4256
f 4235/4235/4235 4236/4236/4236 4257/4257/4257
f 4236/4236/4236 4237/4237/4237 4257/4257/4257
f 4237/4237/4237 4239/4239/4239 4257/4257/4257
f 4239/4239/4239 4241/4241/4241 4257/4257/4257
f 4241/4241/4241 4243/4243/4243 4257/4257/4257
f 4243/4243/4243 4244/4244/4244 4257/4257/4257
f 4244/4244/4244 4245/4245/4245 4257/4257/4257
f 4245/4245/4245 4246/4246/4246 4257/4257/4257
f 4246/4246/4246 4247/4247/4247 4257/4257/4257
f 4247/4247/4247 4248/4248/4248 4257/4257/4257
f 4248/4248/4248 4250/4250/4250 4257/4257/4257
f 4250/4250/4250 4252/4252/4252 4257/4257/4257
f 4252/4252/4252 4254/4254/4254 4257/4257/4257
f 4254/4254/4254 4255/4255/4255 4257/4257/4257
f 4255/4255/4255 4256/4256/4256 4257/4257/4257
f 4256/4256/4256 4235/4235/4235 4257/4257/4257
o S08
v 0.0140000004321 1.44649999994 -3.06161692944e-19
v 0.0129343131557 1.44649999994 -0.00535756815225
v 0.00989949516952 1.44649999994 -0.00989949516952
v 0.00535756815225 1.44649999994 -0.0129343131557
v 8.57252763722e-19 1.44649999994 -0.0140000004321
v -0.00535756815225 1.44649999994 -0.0129343131557
v -0.00989949516952 1.44649999994 -0.00989949516952
v -0.0129343131557 1.44649999994 -0.00535756815225
v -0.0140000004321 1.44649999994 -2.02066722039e-18
v -0.0129343131557 1.44649999994 0.00535756815225
v -0.00989949516952 1.44649999994 0.00989949516952
v -0.00535756815225 1.44649999994 0.0129343131557
v -2.57175829117e-18 1.44649999994 0.0140000004321
v 0.00535756815225 1.44649999994 0.0129343131557
v 0.00989949516952 1.44649999994 0.00989949516952
v 0.0129343131557 1.44649999994 0.00535756815225
v 0.0144999995828 1.44700000003 -3.67394042938e-19
v 0.0133962528780 1.44700000003 -0.00554890977219
v 0.0102530485019 1.44700000003 -0.0102530485019
v 0.00554890977219 1.44700000003 -0.0133962528780
v 8.87868889542e-19 1.44700000003 -0.0144999995828
v -0.00554890977219 1.44700000003 -0.0133962528780
v -0.0102530485019 1.44700000003 -0.0102530485019
v -0.0133962528780 1.44700000003 -0.00554890977219
v -0.0144999995828 1.44700000003 -2.14313182202e-18
v -0.0133962528780 1.44700000003 0.00554890977219
v -0.0102530485019 1.44700000003 0.0102530485019
v -0.00554890977219 1.44700000003 0.0133962528780
v -2.66360677202e-18 1.44700000003 0.0144999995828
v 0.00554890977219 1.44700000003 0.0133962528780
v 0.0102530485019 1.44700000003 0.0102530485019
v 0.0133962528780 1.44700000003 0.00554890977219
v 0.0192000009120 1.44700000003 -3.67394042938e-19
v 0.0177384875715 1.44700000003 -0.00734752183780
v 0.0135764498264 1.44700000003 -0.0135764498264
v 0.00734752183780 1.44700000003 -0.0177384875715
v 1.17566094788e-18 1.44700000003 -0.0192000009120
v -0.00734752183780 1.44700000003 -0.0177384875715
v -0.0135764498264 1.44700000003 -0.0135764498264
v -0.0177384875715 1.44700000003 -0.00734752183780
v -0.0192000009120 1.44700000003 -2.71871593869e-18
v -0.0177384875715 1.44700000003 0.00734752183780
v -0.0135764498264 1.44700000003 0.0135764498264
v -0.00734752183780 1.44700000003 0.0177384875715
v -3.52698274023e-18 1.44700000003 0.0192000009120
v 0.00734752183780 1.44700000003 0.0177384875715
v 0.0135764498264 1.44700000003 0.0135764498264
v 0.0177384875715 1.44700000003 0.00734752183780
v 0.0199999995530 1.44619999999 -2.69422294353e-19
v 0.0184775907546 1.44619999999 -0.00765366852283
v 0.0141421351582 1.44619999999 -0.0141421351582
v 0.00765366852283 1.44619999999 -0.0184775907546
v 1.22464679055e-18 1.44619999999 -0.0199999995530
v -0.00765366852283 1.44619999999 -0.0184775907546
v -0.0141421351582 1.44619999999 -0.0141421351582
v -0.0184775907546 1.44619999999 -0.00765366852283
v -0.0199999995530 1.44619999999 -2.71871587545e-18
v -0.0184775907546 1.44619999999 0.00765366852283
v -0.0141421351582 1.44619999999 0.0141421351582
v -0.00765366852283 1.44619999999 0.0184775907546
v -3.67394047504e-18 1.44619999999 0.0199999995530
v 0.00765366852283 1.44619999999 0.0184775907546
v 0.0141421351582 1.44619999999 0.0141421351582
v 0.0184775907546 1.44619999999 0.00765366852283
v 0.0199999995530 1.44180000001 2.69422294353e-19
v 0.0184775907546 1.44180000001 -0.00765366852283
v 0.0141421351582 1.44180000001 -0.0141421351582
v 0.00765366852283 1.44180000001 -0.0184775907546
v 1.22464679055e-18 1.44180000001 -0.0199999995530
v -0.00765366852283 1.44180000001 -0.0184775907546
v -0.0141421351582 1.44180000001 -0.0141421351582
v -0.0184775907546 1.44180000001 -0.00765366852283
v -0.0199999995530 1.44180000001 -2.17987128674e-18
v -0.0184775907546 1.44180000001 0.00765366852283
v -0.0141421351582 1.44180000001 0.0141421351582
v -0.00765366852283 1.44180000001 0.0184775907546
v -3.67394047504e-18 1.44180000001 0.0199999995530
v 0.00765366852283 1.44180000001 0.0184775907546
v 0.0141421351582 1.44180000001 0.0141421351582
v 0.0184775907546 1.44180000001 0.00765366852283
v 0.0192000009120 1.44099999997 3.67394042938e-19
v 0.0177384875715 1.44099999997 -0.00734752183780
v 0.0135764498264 1.44099999997 -0.0135764498264
v 0.00734752183780 1.44099999997 -0.0177384875715
v 1.17566094788e-18 1.44099999997 -0.0192000009120
v -0.00734752183780 1.44099999997 -0.0177384875715
v -0.0135764498264 1.44099999997 -0.0135764498264
v -0.0177384875715 1.44099999997 -0.00734752183780
v -0.0192000009120 1.44099999997 -1.98392785281e-18
v -0.0177384875715 1.44099999997 0.00734752183780
v -0.0135764498264 1.44099999997 0.0135764498264
v -0.00734752183780 1.44099999997 0.0177384875715
v -3.52698274023e-18 1.44099999997 0.0192000009120
v 0.00734752183780 1.44099999997 0.0177384875715
v 0.0135764498264 1.44099999997 0.0135764498264
v 0.0177384875715 1.44099999997 0.00734752183780
v 0.0144999995828 1.44099999997 3.67394042938e-19
v 0.0133962528780 1.44099999997 -0.00554890977219
v 0.0102530485019 1.44099999997 -0.0102530485019
v 0.00554890977219 1.44099999997 -0.0133962528780
v 8.87868889542e-19 1.44099999997 -0.0144999995828
v -0.00554890977219 1.44099999997 -0.0133962528780
v -0.0102530485019 1.44099999997 -0.0102530485019
v -0.0133962528780 1.44099999997 -0.00554890977219
v -0.0144999995828 1.44099999997 -1.40834373615e-18
v -0.0133962528780 1.44099999997 0.00554890977219
v -0.0102530485019 1.44099999997 0.0102530485019
v -0.00554890977219 1.44099999997 0.0133962528780
v -2.66360677202e-18 1.44099999997 0.0144999995828
v 0.00554890977219 1.44099999997 0.0133962528780
v 0.0102530485019 1.44099999997 0.0102530485019
v 0.0133962528780 1.44099999997 0.00554890977219
v 0.0140000004321 1.44150000006 3.06161692944e-19
v 0.0129343131557 1.44150000006 -0.00535756815225
v 0.00989949516952 1.44150000006 -0.00989949516952
v 0.00535756815225 1.44150000006 -0.0129343131557
v 8.57252763722e-19 1.44150000006 -0.0140000004321
v -0.00535756815225 1.44150000006 -0.0129343131557
v -0.00989949516952 1.44150000006 -0.00989949516952
v -0.0129343131557 1.44150000006 -0.00535756815225
v -0.0140000004321 1.44150000006 -1.40834383450e-18
v -0.0129343131557 1.44150000006 0.00535756815225
v -0.00989949516952 1.44150000006 0.00989949516952
v -0.00535756815225 1.44150000006 0.0129343131557
v -2.57175829117e-18 1.44150000006 0.0140000004321
v 0.00535756815225 1.44150000006 0.0129343131557
v 0.00989949516952 1.44150000006 0.00989949516952
v 0.0129343131557 1.44150000006 0.00535756815225
v 0.0140000004321 1.44299999995 1.22464685731e-19
v 0.0129343131557 1.44299999995 -0.00535756815225
v 0.00989949516952 1.44299999995 -0.00989949516952
v 0.00535756815225 1.44299999995 -0.0129343131557
v 8.57252763722e-19 1.44299999995 -0.0140000004321
v -0.00535756815225 1.44299999995 -0.0129343131557
v -0.00989949516952 1.44299999995 -0.00989949516952
v -0.0129343131557 1.44299999995 -0.00535756815225
v -0.0140000004321 1.44299999995 -1.59204084171e-18
v -0.0129343131557 1.44299999995 0.00535756815225
v -0.00989949516952 1.44299999995 0.00989949516952
v -0.00535756815225 1.44299999995 0.0129343131557
v -2.57175829117e-18 1.44299999995 0.0140000004321
v 0.00535756815225 1.44299999995 0.0129343131557
v 0.00989949516952 1.44299999995 0.00989949516952
v 0.0129343131557 1.44299999995 0.00535756815225
v 0.0149999996647 1.44299999995 1.22464685731e-19
v 0.0138581926003 1.44299999995 -0.00574025139213
v 0.0106066018343 1.44299999995 -0.0106066018343
v 0.00574025139213 1.44299999995 -0.0138581926003
v 9.18485118759e-19 1.44299999995 -0.0149999996647
v -0.00574025139213 1.44299999995 -0.0138581926003
v -0.0106066018343 1.44299999995 -0.0106066018343
v -0.0138581926003 1.44299999995 -0.00574025139213
v -0.0149999996647 1.44299999995 -1.71450555179e-18
v -0.0138581926003 1.44299999995 0.00574025139213
v -0.0106066018343 1.44299999995 0.0106066018343
v -0.00574025139213 1.44299999995 0.0138581926003
v -2.75545525288e-18 1.44299999995 0.0149999996647
v 0.00574025139213 1.44299999995 0.0138581926003
v 0.0106066018343 1.44299999995 0.0106066018343
v 0.0138581926003 1.44299999995 0.00574025139213
v 0.0149999996647 1.44500000005 -1.22464685731e-19
v 0.0138581926003 1.44500000005 -0.00574025139213
v 0.0106066018343 1.44500000005 -0.0106066018343
v 0.00574025139213 1.44500000005 -0.0138581926003
v 9.18485118759e-19 1.44500000005 -0.0149999996647
v -0.00574025139213 1.44500000005 -0.0138581926003
v -0.0106066018343 1.44500000005 -0.0106066018343
v -0.0138581926003 1.44500000005 -0.00574025139213
v -0.0149999996647 1.44500000005 -1.95943492325e-18
v -0.0138581926003 1.44500000005 0.00574025139213
v -0.0106066018343 1.44500000005 0.0106066018343
v -0.00574025139213 1.44500000005 0.0138581926003
v -2.75545525288e-18 1.44500000005 0.0149999996647
v 0.00574025139213 1.44500000005 0.0138581926003
v 0.0106066018343 1.44500000005 0.0106066018343
v 0.0138581926003 1.44500000005 0.00574025139213
v 0.0140000004321 1.44500000005 -1.22464685731e-19
v 0.0129343131557 1.44500000005 -0.00535756815225
v 0.00989949516952 1.44500000005 -0.00989949516952
v 0.00535756815225 1.44500000005 -0.0129343131557
v 8.57252763722e-19 1.44500000005 -0.0140000004321
v -0.00535756815225 1.44500000005 -0.0129343131557
v -0.00989949516952 1.44500000005 -0.00989949516952
v -0.0129343131557 1.44500000005 -0.00535756815225
v -0.0140000004321 1.44500000005 -1.83697021318e-18
v -0.0129343131557 1.44500000005 0.00535756815225
v -0.00989949516952 1.44500000005 0.00989949516952
v -0.00535756815225 1.44500000005 0.0129343131557
v -2.57175829117e-18 1.44500000005 0.0140000004321
v 0.00535756815225 1.44500000005 0.0129343131557
v 0.00989949516952 1.44500000005 0.00989949516952
v 0.0129343131557 1.44500000005 0.00535756815225
vt 0 0
vt 0.0625 0
vt 0.125 0
vt 0.1875 0
vt 0.25 0
vt 0.3125 0
vt 0.375 0
vt 0.4375 0
vt 0.5 0
vt 0.5625 0
vt 0.625 0
vt 0.6875 0
vt 0.75 0
vt 0.8125 0
vt 0.875 0
vt 0.9375 0
vt 0 0.0833333358168602
vt 0.0625 0.0833333358168602
vt 0.125 0.0833333358168602
vt 0.1875 0.0833333358168602
vt 0.25 0.0833333358168602
vt 0.3125 0.0833333358168602
vt 0.375 0.0833333358168602
vt 0.4375 0.0833333358168602
vt 0.5 0.0833333358168602
vt 0.5625 0.0833333358168602
vt 0.625 0.0833333358168602
vt 0.6875 0.0833333358168602
vt 0.75 0.0833333358168602
vt 0.8125 0.0833333358168602
vt 0.875 0.0833333358168602
vt 0.9375 0.0833333358168602
vt 0 0.1666666716337204
vt 0.0625 0.1666666716337204
vt 0.125 0.1666666716337204
vt 0.1875 0.1666666716337204
vt 0.25 0.1666666716337204
vt 0.3125 0.1666666716337204
vt 0.375 0.1666666716337204
vt 0.4375 0.1666666716337204
vt 0.5 0.1666666716337204
vt 0.5625 0.1666666716337204
vt 0.625 0.1666666716337204
vt 0.6875 0.1666666716337204
vt 0.75 0.1666666716337204
vt 0.8125 0.1666666716337204
vt 0.875 0.1666666716337204
vt 0.9375 0.1666666716337204
vt 0 0.25
vt 0.0625 0.25
vt 0.125 0.25
vt 0.1875 0.25
vt 0.25 0.25
vt 0.3125 0.25
vt 0.375 0.25
vt 0.4375 0.25
vt 0.5 0.25
vt 0.5625 0.25
vt 0.625 0.25
vt 0.6875 0.25
vt 0.75 0.25
vt 0.8125 0.25
vt 0.875 0.25
vt 0.9375 0.25
vt 0 0.3333333432674408
vt 0.0625 0.3333333432674408
vt 0.125 0.3333333432674408
vt 0.1875 0.3333333432674408
vt 0.25 0.3333333432674408
vt 0.3125 0.3333333432674408
vt 0.375 0.3333333432674408
vt 0.4375 0.3333333432674408
vt 0.5 0.3333333432674408
vt 0.5625 0.3333333432674408
vt 0.625 0.3333333432674408
vt 0.6875 0.3333333432674408
vt 0.75 0.3333333432674408
vt 0.8125 0.3333333432674408
vt 0.875 0.3333333432674408
vt 0.9375 0.3333333432674408
vt 0 0.4166666567325592
vt 0.0625 0.4166666567325592
vt 0.125 0.4166666567325592
vt 0.1875 0.4166666567325592
vt 0.25 0.4166666567325592
vt 0.3125 0.4166666567325592
vt 0.375 0.4166666567325592
vt 0.4375 0.4166666567325592
vt 0.5 0.4166666567325592
vt 0.5625 0.4166666567325592
vt 0.625 0.4166666567325592
vt 0.6875 0.4166666567325592
vt 0.75 0.4166666567325592
vt 0.8125 0.4166666567325592
vt 0.875 0.4166666567325592
vt 0.9375 0.4166666567325592
vt 0 0.5
vt 0.0625 0.5
vt 0.125 0.5
vt 0.1875 0.5
vt 0.25 0.5
vt 0.3125 0.5
vt 0.375 0.5
vt 0.4375 0.5
vt 0.5 0.5
vt 0.5625 0.5
vt 0.625 0.5
vt 0.6875 0.5
vt 0.75 0.5
vt 0.8125 0.5
vt 0.875 0.5
vt 0.9375 0.5
vt 0 0.5833333134651184
vt 0.0625 0.5833333134651184
vt 0.125 0.5833333134651184
vt 0.1875 0.5833333134651184
vt 0.25 0.5833333134651184
vt 0.3125 0.5833333134651184
vt 0.375 0.5833333134651184
vt 0.4375 0.5833333134651184
vt 0.5 0.5833333134651184
vt 0.5625 0.5833333134651184
vt 0.625 0.5833333134651184
vt 0.6875 0.5833333134651184
vt 0.75 0.5833333134651184
vt 0.8125 0.5833333134651184
vt 0.875 0.5833333134651184
vt 0.9375 0.5833333134651184
vt 0 0.6666666865348816
vt 0.0625 0.6666666865348816
vt 0.125 0.6666666865348816
vt 0.1875 0.6666666865348816
vt 0.25 0.6666666865348816
vt 0.3125 0.6666666865348816
vt 0.375 0.6666666865348816
vt 0.4375 0.6666666865348816
vt 0.5 0.6666666865348816
vt 0.5625 0.6666666865348816
vt 0.625 0.6666666865348816
vt 0.6875 0.6666666865348816
vt 0.75 0.6666666865348816
vt 0.8125 0.6666666865348816
vt 0.875 0.6666666865348816
vt 0.9375 0.6666666865348816
vt 0 0.75
vt 0.0625 0.75
vt 0.125 0.75
vt 0.1875 0.75
vt 0.25 0.75
vt 0.3125 0.75
vt 0.375 0.75
vt 0.4375 0.75
vt 0.5 0.75
vt 0.5625 0.75
vt 0.625 0.75
vt 0.6875 0.75
vt 0.75 0.75
vt 0.8125 0.75
vt 0.875 0.75
vt 0.9375 0.75
vt 0 0.8333333134651184
vt 0.0625 0.8333333134651184
vt 0.125 0.8333333134651184
vt 0.1875 0.8333333134651184
vt 0.25 0.8333333134651184
vt 0.3125 0.8333333134651184
vt 0.375 0.8333333134651184
vt 0.4375 0.8333333134651184
vt 0.5 0.8333333134651184
vt 0.5625 0.8333333134651184
vt 0.625 0.8333333134651184
vt 0.6875 0.8333333134651184
vt 0.75 0.8333333134651184
vt 0.8125 0.8333333134651184
vt 0.875 0.8333333134651184
vt 0.9375 0.8333333134651184
vt 0 0.9166666865348816
vt 0.0625 0.9166666865348816
vt 0.125 0.9166666865348816
vt 0.1875 0.9166666865348816
vt 0.25 0.9166666865348816
vt 0.3125 0.9166666865348816
vt 0.375 0.9166666865348816
vt 0.4375 0.9166666865348816
vt 0.5 0.9166666865348816
vt 0.5625 0.9166666865348816
vt 0.625 0.9166666865348816
vt 0.6875 0.9166666865348816
vt 0.75 0.9166666865348816
vt 0.8125 0.9166666865348816
vt 0.875 0.9166666865348816
vt 0.9375 0.9166666865348816
vn -0.969152671901 0.244444753392 0.0314620578705
vn -0.883340303477 0.244444863211 0.399945767702
vn -0.663047370146 0.244444980056 0.707541402794
vn -0.341811530282 0.244444990783 0.907420257790
vn 0.0314620543781 0.244444725399 0.969152679075
vn 0.399945767702 0.244444863211 0.883340303477
vn 0.707541402794 0.244444980056 0.663047370146
vn 0.907420257790 0.244444990783 0.341811530282
vn 0.969152679075 0.244444725399 -0.0314620543781
vn 0.883340303477 0.244444863211 -0.399945767702
vn 0.663047370146 0.244444980056 -0.707541402794
vn 0.341811530282 0.244444990783 -0.907420257790
vn -0.0314620543781 0.244444725399 -0.969152679075
vn -0.399945767702 0.244444863211 -0.883340303477
vn -0.707541402794 0.244444980056 -0.663047370146
vn -0.907420257790 0.244444990783 -0.341811530282
vn -0.0863544123290 0.996248783879 0.00559250313160
vn -0.0776409210426 0.996248783800 0.0382131934979
vn -0.0571073033404 0.996248782533 0.0650162995418
vn -0.0278796107080 0.996248783479 0.0819212348747
vn 0.00559250313160 0.996248783879 0.0863544123290
vn 0.0382131934979 0.996248783800 0.0776409210426
vn 0.0650162995418 0.996248782533 0.0571073033404
vn 0.0819212348747 0.996248783479 0.0278796107080
vn 0.0863544123290 0.996248783879 -0.00559250313160
vn 0.0776409210426 0.996248783800 -0.0382131934979
vn 0.0571073033404 0.996248782533 -0.0650162995418
vn 0.0278796107080 0.996248783479 -0.0819212348747
vn -0.00559250313160 0.996248783879 -0.0863544123290
vn -0.0382131934979 0.996248783800 -0.0776409210426
vn -0.0650162995418 0.996248782533 -0.0571073033404
vn -0.0819212348747 0.996248783479 -0.0278796107080
vn 0.156233652376 0.987662785566 0.0106427380100
vn 0.148413880463 0.987662784241 -0.0499554272438
vn 0.117999433415 0.987662783367 -0.102948336872
vn 0.0696206461174 0.987662786263 -0.140268265357
vn 0.0106427380100 0.987662785566 -0.156233652376
vn -0.0499554272438 0.987662784241 -0.148413880463
vn -0.102948336872 0.987662783367 -0.117999433415
vn -0.140268265357 0.987662786263 -0.0696206461174
vn -0.156233652376 0.987662785566 -0.0106427380100
vn -0.148413880463 0.987662784241 0.0499554272438
vn -0.117999433415 0.987662783367 0.102948336872
vn -0.0696206461174 0.987662786263 0.140268265357
vn -0.0106427380100 0.987662785566 0.156233652376
vn 0.0499554272438 0.987662784241 0.148413880463
vn 0.102948336872 0.987662783367 0.117999433415
vn 0.140268265357 0.987662786263 0.0696206461174
vn 0.987589915816 0.150219026284 0.0458301464106
vn 0.929952536657 0.150219153268 -0.335592737641
vn 0.730738287862 0.150219188304 -0.665924733073
vn 0.420275867327 0.150219082955 -0.894875646366
vn 0.0458301501281 0.150219026258 -0.987589915648
vn -0.335592737641 0.150219153268 -0.929952536657
vn -0.665924733073 0.150219188304 -0.730738287862
vn -0.894875646366 0.150219082955 -0.420275867327
vn -0.987589915648 0.150219026258 -0.0458301501281
vn -0.929952536657 0.150219153268 0.335592737641
vn -0.730738287862 0.150219188304 0.665924733073
vn -0.420275867327 0.150219082955 0.894875646366
vn -0.0458301501281 0.150219026258 0.987589915648
vn 0.335592737641 0.150219153268 0.929952536657
vn 0.665924733073 0.150219188304 0.730738287862
vn 0.894875646366 0.150219082955 0.420275867327
vn 0.987589915985 -0.150219026309 -0.0458301426931
vn 0.894875646366 -0.150219082955 -0.420275867327
vn 0.665924733073 -0.150219188304 -0.730738287862
vn 0.335592737641 -0.150219153268 -0.929952536657
vn -0.0458301464106 -0.150219026284 -0.987589915816
vn -0.420275867327 -0.150219082955 -0.894875646366
vn -0.730738287862 -0.150219188304 -0.665924733073
vn -0.929952536657 -0.150219153268 -0.335592737641
vn -0.987589915816 -0.150219026284 0.0458301464106
vn -0.894875646366 -0.150219082955 0.420275867327
vn -0.665924733073 -0.150219188304 0.730738287862
vn -0.335592737641 -0.150219153268 0.929952536657
vn 0.0458301464106 -0.150219026284 0.987589915816
vn 0.420275867327 -0.150219082955 0.894875646366
vn 0.730738287862 -0.150219188304 0.665924733073
vn 0.929952536657 -0.150219153268 0.335592737641
vn 0.156233637840 -0.987662787876 -0.0106427371035
vn 0.140268236214 -0.987662790904 -0.0696206389940
vn 0.102948336872 -0.987662783367 -0.117999433415
vn 0.0499554309598 -0.987662784057 -0.148413880435
vn -0.0106427380100 -0.987662785566 -0.156233652376
vn -0.0696206389940 -0.987662790904 -0.140268236214
vn -0.117999433415 -0.987662783367 -0.102948336872
vn -0.148413880435 -0.987662784057 -0.0499554309598
vn -0.156233652376 -0.987662785566 0.0106427380100
vn -0.140268236214 -0.987662790904 0.0696206389940
vn -0.102948336872 -0.987662783367 0.117999433415
vn -0.0499554309598 -0.987662784057 0.148413880435
vn 0.0106427380100 -0.987662785566 0.156233652376
vn 0.0696206389940 -0.987662790904 0.140268236214
vn 0.117999433415 -0.987662783367 0.102948336872
vn 0.148413880435 -0.987662784057 0.0499554309598
vn -0.0863544197240 -0.996248783238 -0.00559250312800
vn -0.0819212496674 -0.996248782159 0.0278796143964
vn -0.0650162995141 -0.996248782109 0.0571073107667
vn -0.0382131934979 -0.996248783800 0.0776409210426
vn -0.00559250266955 -0.996248784522 0.0863544049342
vn 0.0278796143964 -0.996248782159 0.0819212496674
vn 0.0571073107667 -0.996248782109 0.0650162995141
vn 0.0776409210426 -0.996248783800 0.0382131934979
vn 0.0863544049342 -0.996248784522 0.00559250266955
vn 0.0819212496674 -0.996248782159 -0.0278796143964
vn 0.0650162995141 -0.996248782109 -0.0571073107667
vn 0.0382131934979 -0.996248783800 -0.0776409210426
vn 0.00559250266955 -0.996248784522 -0.0863544049342
vn -0.0278796143964 -0.996248782159 -0.0819212496674
vn -0.0571073107667 -0.996248782109 -0.0650162995141
vn -0.0776409210426 -0.996248783800 -0.0382131934979
vn -0.969152672015 -0.244444753421 -0.0314620541489
vn -0.907420257790 -0.244444990783 0.341811530282
vn -0.707541400217 -0.244444994067 0.663047367731
vn -0.399945767702 -0.244444863211 0.883340303477
vn -0.0314620578705 -0.244444753392 0.969152671901
vn 0.341811530282 -0.244444990783 0.907420257790
vn 0.663047367731 -0.244444994067 0.707541400217
vn 0.883340303477 -0.244444863211 0.399945767702
vn 0.969152671901 -0.244444753392 0.0314620578705
vn 0.907420257790 -0.244444990783 -0.341811530282
vn 0.707541400217 -0.244444994067 -0.663047367731
vn 0.399945767702 -0.244444863211 -0.883340303477
vn 0.0314620578705 -0.244444753392 -0.969152671901
vn -0.341811530282 -0.244444990783 -0.907420257790
vn -0.663047367731 -0.244444994067 -0.707541400217
vn -0.883340303477 -0.244444863211 -0.399945767702
vn -0.824714248869 0.562899891286 0.0546819906575
vn -0.741010669908 0.562900009821 0.366123976307
vn -0.544494937312 0.562900077109 0.621826958592
vn -0.265084924476 0.562900070968 0.782862371633
vn 0.0546819869433 0.562899891401 0.824714249037
vn 0.366123976307 0.562900009821 0.741010669908
vn 0.621826958592 0.562900077109 0.544494937312
vn 0.782862371633 0.562900070968 0.265084924476
vn 0.824714249037 0.562899891401 -0.0546819869433
vn 0.741010669908 0.562900009821 -0.366123976307
vn 0.544494937312 0.562900077109 -0.621826958592
vn 0.265084924476 0.562900070968 -0.782862371633
vn -0.0546819869433 0.562899891401 -0.824714249037
vn -0.366123976307 0.562900009821 -0.741010669908
vn -0.621826958592 0.562900077109 -0.544494937312
vn -0.782862371633 0.562900070968 -0.265084924476
vn -0.896794876988 0.438432793348 -0.0594612001656
vn -0.851285181648 0.438432943262 0.288253523429
vn -0.676175122346 0.438432964849 0.592084233242
vn -0.398123439301 0.438432838280 0.805775634651
vn -0.0594612075899 0.438432793153 0.896794876591
vn 0.288253523429 0.438432943262 0.851285181648
vn 0.592084233242 0.438432964849 0.676175122346
vn 0.805775634651 0.438432838280 0.398123439301
vn 0.896794876591 0.438432793153 0.0594612075899
vn 0.851285181648 0.438432943262 -0.288253523429
vn 0.676175122346 0.438432964849 -0.592084233242
vn 0.398123439301 0.438432838280 -0.805775634651
vn 0.0594612075899 0.438432793153 -0.896794876591
vn -0.288253523429 0.438432943262 -0.851285181648
vn -0.592084233242 0.438432964849 -0.676175122346
vn -0.805775634651 0.438432838280 -0.398123439301
vn -0.896794876591 -0.438432793153 0.0594612075899
vn -0.805775593657 -0.438432878208 0.398123478298
vn -0.592084287424 -0.438432901229 0.676175116153
vn -0.288253481476 -0.438432924782 0.851285205371
vn 0.0594612001656 -0.438432793348 0.896794876988
vn 0.398123478298 -0.438432878208 0.805775593657
vn 0.676175116153 -0.438432901229 0.592084287424
vn 0.851285205371 -0.438432924782 0.288253481476
vn 0.896794876988 -0.438432793348 -0.0594612001656
vn 0.805775593657 -0.438432878208 -0.398123478298
vn 0.592084287424 -0.438432901229 -0.676175116153
vn 0.288253481476 -0.438432924782 -0.851285205371
vn -0.0594612001656 -0.438432793348 -0.896794876988
vn -0.398123478298 -0.438432878208 -0.805775593657
vn -0.676175116153 -0.438432901229 -0.592084287424
vn -0.851285205371 -0.438432924782 -0.288253481476
vn -0.824714249037 -0.562899891401 -0.0546819869433
vn -0.782862365448 -0.562900066521 0.265084952185
vn -0.621826958592 -0.562900077109 0.544494937312
vn -0.366123972420 -0.562899944240 0.741010721646
vn -0.0546819906575 -0.562899891286 0.824714248869
vn 0.265084952185 -0.562900066521 0.782862365448
vn 0.544494937312 -0.562900077109 0.621826958592
vn 0.741010721646 -0.562899944240 0.366123972420
vn 0.824714248869 -0.562899891286 0.0546819906575
vn 0.782862365448 -0.562900066521 -0.265084952185
vn 0.621826958592 -0.562900077109 -0.544494937312
vn 0.366123972420 -0.562899944240 -0.741010721646
vn 0.0546819906575 -0.562899891286 -0.824714248869
vn -0.265084952185 -0.562900066521 -0.782862365448
vn -0.544494937312 -0.562900077109 -0.621826958592
vn -0.741010721646 -0.562899944240 -0.366123972420
f 4258/4258/4258 4274/4274/4274 4259/4259/4259
f 4259/4259/4259 4274/4274/4274 4275/4275/4275
f 4259/4259/4259 4275/4275/4275 4260/4260/4260
f 4260/4260/4260 4275/4275/4275 4276/4276/4276
f 4260/4260/4260 4276/4276/4276 4261/4261/4261
f 4261/4261/4261 4276/4276/4276 4277/4277/4277
f 4261/4261/4261 4277/4277/4277 4262/4262/4262
f 4262/4262/4262 4277/4277/4277 4278/4278/4278
f 4262/4262/4262 4278/4278/4278 4263/4263/4263
f 4263/4263/4263 4278/4278/4278 4279/4279/4279
f 4263/4263/4263 4279/4279/4279 4264/4264/4264
f 4264/4264/4264 4279/4279/4279 4280/4280/4280
f 4264/4264/4264 4280/4280/4280 4265/4265/4265
f 4265/4265/4265 4280/4280/4280 4281/4281/4281
f 4265/4265/4265 4281/4281/4281 4266/4266/4266
f 4266/4266/4266 4281/4281/4281 4282/4282/4282
f 4266/4266/4266 4282/4282/4282 4267/4267/4267
f 4267/4267/4267 4282/4282/4282 4283/4283/4283
f 4267/4267/4267 4283/4283/4283 4268/4268/4268
f 4268/4268/4268 4283/4283/4283 4284/4284/4284
f 4268/4268/4268 4284/4284/4284 4269/4269/4269
f 4269/4269/4269 4284/4284/4284 4285/4285/4285
f 4269/4269/4269 4285/4285/4285 4270/4270/4270
f 4270/4270/4270 4285/4285/4285 4286/4286/4286
f 4270/4270/4270 4286/4286/4286 4271/4271/4271
f 4271/4271/4271 4286/4286/4286 4287/4287/4287
f 4271/4271/4271 4287/4287/4287 4272/4272/4272
f 4272/4272/4272 4287/4287/4287 4288/4288/4288
f 4272/4272/4272 4288/4288/4288 4273/4273/4273
f 4273/4273/4273 4288/4288/4288 4289/4289/4289
f 4273/4273/4273 4289/4289/4289 4258/4258/4258
f 4258/4258/4258 4289/4289/4289 4274/4274/4274
f 4274/4274/4274 4290/4290/4290 4275/4275/4275
f 4275/4275/4275 4290/4290/4290 4291/4291/4291
f 4275/4275/4275 4291/4291/4291 4276/4276/4276
f 4276/4276/4276 4291/4291/4291 4292/4292/4292
f 4276/4276/4276 4292/4292/4292 4277/4277/4277
f 4277/4277/4277 4292/4292/4292 4293/4293/4293
f 4277/4277/4277 4293/4293/4293 4278/4278/4278
f 4278/4278/4278 4293/4293/4293 4294/4294/4294
f 4278/4278/4278 4294/4294/4294 4279/4279/4279
f 4279/4279/4279 4294/4294/4294 4295/4295/4295
f 4279/4279/4279 4295/4295/4295 4280/4280/4280
f 4280/4280/4280 4295/4295/4295 4296/4296/4296
f 4280/4280/4280 4296/4296/4296 4281/4281/4281
f 4281/4281/4281 4296/4296/4296 4297/4297/4297
f 4281/4281/4281 4297/4297/4297 4282/4282/4282
f 4282/4282/4282 4297/4297/4297 4298/4298/4298
f 4282/4282/4282 4298/4298/4298 4283/4283/4283
f 4283/4283/4283 4298/4298/4298 4299/4299/4299
f 4283/4283/4283 4299/4299/4299 4284/4284/4284
f 4284/4284/4284 4299/4299/4299 4300/4300/4300
f 4284/4284/4284 4300/4300/4300 4285/4285/4285
f 4285/4285/4285 4300/4300/4300 4301/4301/4301
f 4285/4285/4285 4301/4301/4301 4286/4286/4286
f 4286/4286/4286 4301/4301/4301 4302/4302/4302
f 4286/4286/4286 4302/4302/4302 4287/4287/4287
f 4287/4287/4287 4302/4302/4302 4303/4303/4303
f 4287/4287/4287 4303/4303/4303 4288/4288/4288
f 4288/4288/4288 4303/4303/4303 4304/4304/4304
f 4288/4288/4288 4304/4304/4304 4289/4289/4289
f 4289/4289/4289 4304/4304/4304 4305/4305/4305
f 4289/4289/4289 4305/4305/4305 4274/4274/4274
f 4274/4274/4274 4305/4305/4305 4290/4290/4290
f 4290/4290/4290 4306/4306/4306 4291/4291/4291
f 4291/4291/4291 4306/4306/4306 4307/4307/4307
f 4291/4291/4291 4307/4307/4307 4292/4292/4292
f 4292/4292/4292 4307/4307/4307 4308/4308/4308
f 4292/4292/4292 4308/4308/4308 4293/4293/4293
f 4293/4293/4293 4308/4308/4308 4309/4309/4309
f 4293/4293/4293 4309/4309/4309 4294/4294/4294
f 4294/4294/4294 4309/4309/4309 4310/4310/4310
f 4294/4294/4294 4310/4310/4310 4295/4295/4295
f 4295/4295/4295 4310/4310/4310 4311/4311/4311
f 4295/4295/4295 4311/4311/4311 4296/4296/4296
f 4296/4296/4296 4311/4311/4311 4312/4312/4312
f 4296/4296/4296 4312/4312/4312 4297/4297/4297
f 4297/4297/4297 4312/4312/4312 4313/4313/4313
f 4297/4297/4297 4313/4313/4313 4298/4298/4298
f 4298/4298/4298 4313/4313/4313 4314/4314/4314
f 4298/4298/4298 4314/4314/4314 4299/4299/4299
f 4299/4299/4299 4314/4314/4314 4315/4315/4315
f 4299/4299/4299 4315/4315/4315 4300/4300/4300
f 4300/4300/4300 4315/4315/4315 4316/4316/4316
f 4300/4300/4300 4316/4316/4316 4301/4301/4301
f 4301/4301/4301 4316/4316/4316 4317/4317/4317
f 4301/4301/4301 4317/4317/4317 4302/4302/4302
f 4302/4302/4302 4317/4317/4317 4318/4318/4318
f 4302/4302/4302 4318/4318/4318 4303/4303/4303
f 4303/4303/4303 4318/4318/4318 4319/4319/4319
f 4303/4303/4303 4319/4319/4319 4304/4304/4304
f 4304/4304/4304 4319/4319/4319 4320/4320/4320
f 4304/4304/4304 4320/4320/4320 4305/4305/4305
f 4305/4305/4305 4320/4320/4320 4321/4321/4321
f 4305/4305/4305 4321/4321/4321 4290/4290/4290
f 4290/4290/4290 4321/4321/4321 4306/4306/4306
f 4306/4306/4306 4322/4322/4322 4307/4307/4307
f 4307/4307/4307 4322/4322/4322 4323/4323/4323
f 4307/4307/4307 4323/4323/4323 4308/4308/4308
f 4308/4308/4308 4323/4323/4323 4324/4324/4324
f 4308/4308/4308 4324/4324/4324 4309/4309/4309
f 4309/4309/4309 4324/4324/4324 4325/4325/4325
f 4309/4309/4309 4325/4325/4325 4310/4310/4310
f 4310/4310/4310 4325/4325/4325 4326/4326/4326
f 4310/4310/4310 4326/4326/4326 4311/4311/4311
f 4311/4311/4311 4326/4326/4326 4327/4327/4327
f 4311/4311/4311 4327/4327/4327 4312/4312/4312
f 4312/4312/4312 4327/4327/4327 4328/4328/4328
f 4312/4312/4312 4328/4328/4328 4313/4313/4313
f 4313/4313/4313 4328/4328/4328 4329/4329/4329
f 4313/4313/4313 4329/4329/4329 4314/4314/4314
f 4314/4314/4314 4329/4329/4329 4330/4330/4330
f 4314/4314/4314 4330/4330/4330 4315/4315/4315
f 4315/4315/4315 4330/4330/4330 4331/4331/4331
f 4315/4315/4315 4331/4331/4331 4316/4316/4316
f 4316/4316/4316 4331/4331/4331 4332/4332/4332
f 4316/4316/4316 4332/4332/4332 4317/4317/4317
f 4317/4317/4317 4332/4332/4332 4333/4333/4333
f 4317/4317/4317 4333/4333/4333 4318/4318/4318
f 4318/4318/4318 4333/4333/4333 4334/4334/4334
f 4318/4318/4318 4334/4334/4334 4319/4319/4319
f 4319/4319/4319 4334/4334/4334 4335/4335/4335
f 4319/4319/4319 4335/4335/4335 4320/4320/4320
f 4320/4320/4320 4335/4335/4335 4336/4336/4336
f 4320/4320/4320 4336/4336/4336 4321/4321/4321
f 4321/4321/4321 4336/4336/4336 4337/4337/4337
f 4321/4321/4321 4337/4337/4337 4306/4306/4306
f 4306/4306/4306 4337/4337/4337 4322/4322/4322
f 4322/4322/4322 4338/4338/4338 4323/4323/4323
f 4323/4323/4323 4338/4338/4338 4339/4339/4339
f 4323/4323/4323 4339/4339/4339 4324/4324/4324
f 4324/4324/4324 4339/4339/4339 4340/4340/4340
f 4324/4324/4324 4340/4340/4340 4325/4325/4325
f 4325/4325/4325 4340/4340/4340 4341/4341/4341
f 4325/4325/4325 4341/4341/4341 4326/4326/4326
f 4326/4326/4326 4341/4341/4341 4342/4342/4342
f 4326/4326/4326 4342/4342/4342 4327/4327/4327
f 4327/4327/4327 4342/4342/4342 4343/4343/4343
f 4327/4327/4327 4343/4343/4343 4328/4328/4328
f 4328/4328/4328 4343/4343/4343 4344/4344/4344
f 4328/4328/4328 4344/4344/4344 4329/4329/4329
f 4329/4329/4329 4344/4344/4344 4345/4345/4345
f 4329/4329/4329 4345/4345/4345 4330/4330/4330
f 4330/4330/4330 4345/4345/4345 4346/4346/4346
f 4330/4330/4330 4346/4346/4346 4331/4331/4331
f 4331/4331/4331 4346/4346/4346 4347/4347/4347
f 4331/4331/4331 4347/4347/4347 4332/4332/4332
f 4332/4332/4332 4347/4347/4347 4348/4348/4348
f 4332/4332/4332 4348/4348/4348 4333/4333/4333
f 4333/4333/4333 4348/4348/4348 4349/4349/4349
f 4333/4333/4333 4349/4349/4349 4334/4334/4334
f 4334/4334/4334 4349/4349/4349 4350/4350/4350
f 4334/4334/4334 4350/4350/4350 4335/4335/4335
f 4335/4335/4335 4350/4350/4350 4351/4351/4351
f 4335/4335/4335 4351/4351/4351 4336/4336/4336
f 4336/4336/4336 4351/4351/4351 4352/4352/4352
f 4336/4336/4336 4352/4352/4352 4337/4337/4337
f 4337/4337/4337 4352/4352/4352 4353/4353/4353
f 4337/4337/4337 4353/4353/4353 4322/4322/4322
f 4322/4322/4322 4353/4353/4353 4338/4338/4338
f 4338/4338/4338 4354/4354/4354 4339/4339/4339
f 4339/4339/4339 4354/4354/4354 4355/4355/4355
f 4339/4339/4339 4355/4355/4355 4340/4340/4340
f 4340/4340/4340 4355/4355/4355 4356/4356/4356
f 4340/4340/4340 4356/4356/4356 4341/4341/4341
f 4341/4341/4341 4356/4356/4356 4357/4357/4357
f 4341/4341/4341 4357/4357/4357 4342/4342/4342
f 4342/4342/4342 4357/4357/4357 4358/4358/4358
f 4342/4342/4342 4358/4358/4358 4343/4343/4343
f 4343/4343/4343 4358/4358/4358 4359/4359/4359
f 4343/4343/4343 4359/4359/4359 4344/4344/4344
f 4344/4344/4344 4359/4359/4359 4360/4360/4360
f 4344/4344/4344 4360/4360/4360 4345/4345/4345
f 4345/4345/4345 4360/4360/4360 4361/4361/4361
f 4345/4345/4345 4361/4361/4361 4346/4346/4346
f 4346/4346/4346 4361/4361/4361 4362/4362/4362
f 4346/4346/4346 4362/4362/4362 4347/4347/4347
f 4347/4347/4347 4362/4362/4362 4363/4363/4363
f 4347/4347/4347 4363/4363/4363 4348/4348/4348
f 4348/4348/4348 4363/4363/4363 4364/4364/4364
f 4348/4348/4348 4364/4364/4364 4349/4349/4349
f 4349/4349/4349 4364/4364/4364 4365/4365/4365
f 4349/4349/4349 4365/4365/4365 4350/4350/4350
f 4350/4350/4350 4365/4365/4365 4366/4366/4366
f 4350/4350/4350 4366/4366/4366 4351/4351/4351
f 4351/4351/4351 4366/4366/4366 4367/4367/4367
f 4351/4351/4351 4367/4367/4367 4352/4352/4352
f 4352/4352/4352 4367/4367/4367 4368/4368/4368
f 4352/4352/4352 4368/4368/4368 4353/4353/4353
f 4353/4353/4353 4368/4368/4368 4369/4369/4369
f 4353/4353/4353 4369/4369/4369 4338/4338/4338
f 4338/4338/4338 4369/4369/4369 4354/4354/4354
f 4354/4354/4354 4370/4370/4370 4355/4355/4355
f 4355/4355/4355 4370/4370/4370 4371/4371/4371
f 4355/4355/4355 4371/4371/4371 4356/4356/4356
f 4356/4356/4356 4371/4371/4371 4372/4372/4372
f 4356/4356/4356 4372/4372/4372 4357/4357/4357
f 4357/4357/4357 4372/4372/4372 4373/4373/4373
f 4357/4357/4357 4373/4373/4373 4358/4358/4358
f 4358/4358/4358 4373/4373/4373 4374/4374/4374
f 4358/4358/4358 4374/4374/4374 4359/4359/4359
f 4359/4359/4359 4374/4374/4374 4375/4375/4375
f 4359/4359/4359 4375/4375/4375 4360/4360/4360
f 4360/4360/4360 4375/4375/4375 4376/4376/4376
f 4360/4360/4360 4376/4376/4376 4361/4361/4361
f 4361/4361/4361 4376/4376/4376 4377/4377/4377
f 4361/4361/4361 4377/4377/4377 4362/4362/4362
f 4362/4362/4362 4377/4377/4377 4378/4378/4378
f 4362/4362/4362 4378/4378/4378 4363/4363/4363
f 4363/4363/4363 4378/4378/4378 4379/4379/4379
f 4363/4363/4363 4379/4379/4379 4364/4364/4364
f 4364/4364/4364 4379/4379/4379 4380/4380/4380
f 4364/4364/4364 4380/4380/4380 4365/4365/4365
f 4365/4365/4365 4380/4380/4380 4381/4381/4381
f 4365/4365/4365 4381/4381/4381 4366/4366/4366
f 4366/4366/4366 4381/4381/4381 4382/4382/4382
f 4366/4366/4366 4382/4382/4382 4367/4367/4367
f 4367/4367/4367 4382/4382/4382 4383/4383/4383
f 4367/4367/4367 4383/4383/4383 4368/4368/4368
f 4368/4368/4368 4383/4383/4383 4384/4384/4384
f 4368/4368/4368 4384/4384/4384 4369/4369/4369
f 4369/4369/4369 4384/4384/4384 4385/4385/4385
f 4369/4369/4369 4385/4385/4385 4354/4354/4354
f 4354/4354/4354 4385/4385/4385 4370/4370/4370
f 4370/4370/4370 4386/4386/4386 4371/4371/4371
f 4371/4371/4371 4386/4386/4386 4387/4387/4387
f 4371/4371/4371 4387/4387/4387 4372/4372/4372
f 4372/4372/4372 4387/4387/4387 4388/4388/4388
f 4372/4372/4372 4388/4388/4388 4373/4373/4373
f 4373/4373/4373 4388/4388/4388 4389/4389/4389
f 4373/4373/4373 4389/4389/4389 4374/4374/4374
f 4374/4374/4374 4389/4389/4389 4390/4390/4390
f 4374/4374/4374 4390/4390/4390 4375/4375/4375
f 4375/4375/4375 4390/4390/4390 4391/4391/4391
f 4375/4375/4375 4391/4391/4391 4376/4376/4376
f 4376/4376/4376 4391/4391/4391 4392/4392/4392
f 4376/4376/4376 4392/4392/4392 4377/4377/4377
f 4377/4377/4377 4392/4392/4392 4393/4393/4393
f 4377/4377/4377 4393/4393/4393 4378/4378/4378
f 4378/4378/4378 4393/4393/4393 4394/4394/4394
f 4378/4378/4378 4394/4394/4394 4379/4379/4379
f 4379/4379/4379 4394/4394/4394 4395/4395/4395
f 4379/4379/4379 4395/4395/4395 4380/4380/4380
f 4380/4380/4380 4395/4395/4395 4396/4396/4396
f 4380/4380/4380 4396/4396/4396 4381/4381/4381
f 4381/4381/4381 4396/4396/4396 4397/4397/4397
f 4381/4381/4381 4397/4397/4397 4382/4382/4382
f 4382/4382/4382 4397/4397/4397 4398/4398/4398
f 4382/4382/4382 4398/4398/4398 4383/4383/4383
f 4383/4383/4383 4398/4398/4398 4399/4399/4399
f 4383/4383/4383 4399/4399/4399 4384/4384/4384
f 4384/4384/4384 4399/4399/4399 4400/4400/4400
f 4384/4384/4384 4400/4400/4400 4385/4385/4385
f 4385/4385/4385 4400/4400/4400 4401/4401/4401
f 4385/4385/4385 4401/4401/4401 4370/4370/4370
f 4370/4370/4370 4401/4401/4401 4386/4386/4386
f 4386/4386/4386 4402/4402/4402 4387/4387/4387
f 4387/4387/4387 4402/4402/4402 4403/4403/4403
f 4387/4387/4387 4403/4403/4403 4388/4388/4388
f 4388/4388/4388 4403/4403/4403 4404/4404/4404
f 4388/4388/4388 4404/4404/4404 4389/4389/4389
f 4389/4389/4389 4404/4404/4404 4405/4405/4405
f 4389/4389/4389 4405/4405/4405 4390/4390/4390
f 4390/4390/4390 4405/4405/4405 4406/4406/4406
f 4390/4390/4390 4406/4406/4406 4391/4391/4391
f 4391/4391/4391 4406/4406/4406 4407/4407/4407
f 4391/4391/4391 4407/4407/4407 4392/4392/4392
f 4392/4392/4392 4407/4407/4407 4408/4408/4408
f 4392/4392/4392 4408/4408/4408 4393/4393/4393
f 4393/4393/4393 4408/4408/4408 4409/4409/4409
f 4393/4393/4393 4409/4409/4409 4394/4394/4394
f 4394/4394/4394 4409/4409/4409 4410/4410/4410
f 4394/4394/4394 4410/4410/4410 4395/4395/4395
f 4395/4395/4395 4410/4410/4410 4411/4411/4411
f 4395/4395/4395 4411/4411/4411 4396/4396/4396
f 4396/4396/4396 4411/4411/4411 4412/4412/4412
f 4396/4396/4396 4412/4412/4412 4397/4397/4397
f 4397/4397/4397 4412/4412/4412 4413/4413/4413
f 4397/4397/4397 4413/4413/4413 4398/4398/4398
f 4398/4398/4398 4413/4413/4413 4414/4414/4414
f 4398/4398/4398 4414/4414/4414 4399/4399/4399
f 4399/4399/4399 4414/4414/4414 4415/4415/4415
f 4399/4399/4399 4415/4415/4415 4400/4400/4400
f 4400/4400/4400 4415/4415/4415 4416/4416/4416
f 4400/4400/4400 4416/4416/4416 4401/4401/4401
f 4401/4401/4401 4416/4416/4416 4417/4417/4417
f 4401/4401/4401 4417/4417/4417 4386/4386/4386
f 4386/4386/4386 4417/4417/4417 4402/4402/4402
f 4402/4402/4402 4418/4418/4418 4403/4403/4403
f 4403/4403/4403 4418/4418/4418 4419/4419/4419
f 4403/4403/4403 4419/4419/4419 4404/4404/4404
f 4404/4404/4404 4419/4419/4419 4420/4420/4420
f 4404/4404/4404 4420/4420/4420 4405/4405/4405
f 4405/4405/4405 4420/4420/4420 4421/4421/4421
f 4405/4405/4405 4421/4421/4421 4406/4406/4406
f 4406/4406/4406 4421/4421/4421 4422/4422/4422
f 4406/4406/4406 4422/4422/4422 4407/4407/4407
f 4407/4407/4407 4422/4422/4422 4423/4423/4423
f 4407/4407/4407 4423/4423/4423 4408/4408/4408
f 4408/4408/4408 4423/4423/4423 4424/4424/4424
f 4408/4408/4408 4424/4424/4424 4409/4409/4409
f 4409/4409/4409 4424/4424/4424 4425/4425/4425
f 4409/4409/4409 4425/4425/4425 4410/4410/4410
f 4410/4410/4410 4425/4425/4425 4426/4426/4426
f 4410/4410/4410 4426/4426/4426 4411/4411/4411
f 4411/4411/4411 4426/4426/4426 4427/4427/4427
f 4411/4411/4411 4427/4427/4427 4412/4412/4412
f 4412/4412/4412 4427/4427/4427 4428/4428/4428
f 4412/4412/4412 4428/4428/4428 4413/4413/4413
f 4413/4413/4413 4428/4428/4428 4429/4429/4429
f 4413/4413/4413 4429/4429/4429 4414/4414/4414
f 4414/4414/4414 4429/4429/4429 4430/4430/4430
f 4414/4414/4414 4430/4430/4430 4415/4415/4415
f 4415/4415/4415 4430/4430/4430 4431/4431/4431
f 4415/4415/4415 4431/4431/4431 4416/4416/4416
f 4416/4416/4416 4431/4431/4431 4432/4432/4432
f 4416/4416/4416 4432/4432/4432 4417/4417/4417
f 4417/4417/4417 4432/4432/4432 4433/4433/4433
f 4417/4417/4417 4433/4433/4433 4402/4402/4402
f 4402/4402/4402 4433/4433/4433 4418/4418/4418
f 4418/4418/4418 4434/4434/4434 4419/4419/4419
f 4419/4419/4419 4434/4434/4434 4435/4435/4435
f 4419/4419/4419 4435/4435/4435 4420/4420/4420
f 4420/4420/4420 4435/4435/4435 4436/4436/4436
f 4420/4420/4420 4436/4436/4436 4421/4421/4421
f 4421/4421/4421 4436/4436/4436 4437/4437/4437
f 4421/4421/4421 4437/4437/4437 4422/4422/4422
f 4422/4422/4422 4437/4437/4437 4438/4438/4438
f 4422/4422/4422 4438/4438/4438 4423/4423/4423
f 4423/4423/4423 4438/4438/4438 4439/4439/4439
f 4423/4423/4423 4439/4439/4439 4424/4424/4424
f 4424/4424/4424 4439/4439/4439 4440/4440/4440
f 4424/4424/4424 4440/4440/4440 4425/4425/4425
f 4425/4425/4425 4440/4440/4440 4441/4441/4441
f 4425/4425/4425 4441/4441/4441 4426/4426/4426
f 4426/4426/4426 4441/4441/4441 4442/4442/4442
f 4426/4426/4426 4442/4442/4442 4427/4427/4427
f 4427/4427/4427 4442/4442/4442 4443/4443/4443
f 4427/4427/4427 4443/4443/4443 4428/4428/4428
f 4428/4428/4428 4443/4443/4443 4444/4444/4444
f 4428/4428/4428 4444/4444/4444 4429/4429/4429
f 4429/4429/4429 4444/4444/4444 4445/4445/4445
f 4429/4429/4429 4445/4445/4445 4430/4430/4430
f 4430/4430/4430 4445/4445/4445 4446/4446/4446
f 4430/4430/4430 4446/4446/4446 4431/4431/4431
f 4431/4431/4431 4446/4446/4446 4447/4447/4447
f 4431/4431/4431 4447/4447/4447 4432/4432/4432
f 4432/4432/4432 4447/4447/4447 4448/4448/4448
f 4432/4432/4432 4448/4448/4448 4433/4433/4433
f 4433/4433/4433 4448/4448/4448 4449/4449/4449
f 4433/4433/4433 4449/4449/4449 4418/4418/4418
f 4418/4418/4418 4449/4449/4449 4434/4434/4434
f 4434/4434/4434 4258/4258/4258 4435/4435/4435
f 4435/4435/4435 4258/4258/4258 4259/4259/4259
f 4435/4435/4435 4259/4259/4259 4436/4436/4436
f 4436/4436/4436 4259/4259/4259 4260/4260/4260
f 4436/4436/4436 4260/4260/4260 4437/4437/4437
f 4437/4437/4437 4260/4260/4260 4261/4261/4261
f 4437/4437/4437 4261/4261/4261 4438/4438/4438
f 4438/4438/4438 4261/4261/4261 4262/4262/4262
f 4438/4438/4438 4262/4262/4262 4439/4439/4439
f 4439/4439/4439 4262/4262/4262 4263/4263/4263
f 4439/4439/4439 4263/4263/4263 4440/4440/4440
f 4440/4440/4440 4263/4263/4263 4264/4264/4264
f 4440/4440/4440 4264/4264/4264 4441/4441/4441
f 4441/4441/4441 4264/4264/4264 4265/4265/4265
f 4441/4441/4441 4265/4265/4265 4442/4442/4442
f 4442/4442/4442 4265/4265/4265 4266/4266/4266
f 4442/4442/4442 4266/4266/4266 4443/4443/4443
f 4443/4443/4443 4266/4266/4266 4267/4267/4267
f 4443/4443/4443 4267/4267/4267 4444/4444/4444
f 4444/4444/4444 4267/4267/4267 4268/4268/4268
f 4444/4444/4444 4268/4268/4268 4445/4445/4445
f 4445/4445/4445 4268/4268/4268 4269/4269/4269
f 4445/4445/4445 4269/4269/4269 4446/4446/4446
f 4446/4446/4446 4269/4269/4269 4270/4270/4270
f 4446/4446/4446 4270/4270/4270 4447/4447/4447
f 4447/4447/4447 4270/4270/4270 4271/4271/4271
f 4447/4447/4447 4271/4271/4271 4448/4448/4448
f 4448/4448/4448 4271/4271/4271 4272/4272/4272
f 4448/4448/4448 4272/4272/4272 4449/4449/4449
f 4449/4449/4449 4272/4272/4272 4273/4273/4273
f 4449/4449/4449 4273/4273/4273 4434/4434/4434
f 4434/4434/4434 4273/4273/4273 4258/4258/4258
