# Native 3D geometry in metres. Partial staff head; CPU source, not a render.
o S07
v 0.00630000000820 1.42299999869 0.00000000000
v 0.00999999977648 1.42299999869 0.00000000000
v 0.00582044105977 1.42299999869 0.00241090566851
v 0.00923879537731 1.42299999869 0.00382683426142
v 0.00445477291942 1.42299999869 0.00445477291942
v 0.00707106757909 1.42299999869 0.00707106757909
v 0.00241090566851 1.42299999869 0.00582044105977
v 0.00382683426142 1.42299999869 0.00923879537731
v 3.85763743675e-19 1.42299999869 0.00630000000820
v 6.12323395273e-19 1.42299999869 0.00999999977648
v -0.00241090566851 1.42299999869 0.00582044105977
v -0.00382683426142 1.42299999869 0.00923879537731
v -0.00445477291942 1.42299999869 0.00445477291942
v -0.00707106757909 1.42299999869 0.00707106757909
v -0.00582044105977 1.42299999869 0.00241090566851
v -0.00923879537731 1.42299999869 0.00382683426142
v -0.00630000000820 1.42299999869 7.71527487350e-19
v -0.00999999977648 1.42299999869 1.22464679055e-18
v -0.00582044105977 1.42299999869 -0.00241090566851
v -0.00923879537731 1.42299999869 -0.00382683426142
v -0.00445477291942 1.42299999869 -0.00445477291942
v -0.00707106757909 1.42299999869 -0.00707106757909
v -0.00241090566851 1.42299999869 -0.00582044105977
v -0.00382683426142 1.42299999869 -0.00923879537731
v -1.15729123103e-18 1.42299999869 -0.00630000000820
v -1.83697023752e-18 1.42299999869 -0.00999999977648
v 0.00241090566851 1.42299999869 -0.00582044105977
v 0.00382683426142 1.42299999869 -0.00923879537731
v 0.00445477291942 1.42299999869 -0.00445477291942
v 0.00707106757909 1.42299999869 -0.00707106757909
v 0.00582044105977 1.42299999869 -0.00241090566851
v 0.00923879537731 1.42299999869 -0.00382683426142
v 0.00999999977648 1.42299999869 0.00000000000
v 0.0105999996886 1.42359999394 0.00000000000
v 0.00923879537731 1.42299999869 0.00382683426142
v 0.00979312323034 1.42359999394 0.00405644439161
v 0.00923879537731 1.42299999869 0.00382683426142
v 0.00979312323034 1.42359999394 0.00405644439161
v 0.00707106757909 1.42299999869 0.00707106757909
v 0.00749533204362 1.42359999394 0.00749533204362
v 0.00707106757909 1.42299999869 0.00707106757909
v 0.00749533204362 1.42359999394 0.00749533204362
v 0.00382683426142 1.42299999869 0.00923879537731
v 0.00405644439161 1.42359999394 0.00979312323034
v 0.00382683426142 1.42299999869 0.00923879537731
v 0.00405644439161 1.42359999394 0.00979312323034
v 6.12323395273e-19 1.42299999869 0.00999999977648
v 6.49062828975e-19 1.42359999394 0.0105999996886
v 6.12323395273e-19 1.42299999869 0.00999999977648
v 6.49062828975e-19 1.42359999394 0.0105999996886
v -0.00382683426142 1.42299999869 0.00923879537731
v -0.00405644439161 1.42359999394 0.00979312323034
v -0.00382683426142 1.42299999869 0.00923879537731
v -0.00405644439161 1.42359999394 0.00979312323034
v -0.00707106757909 1.42299999869 0.00707106757909
v -0.00749533204362 1.42359999394 0.00749533204362
v -0.00707106757909 1.42299999869 0.00707106757909
v -0.00749533204362 1.42359999394 0.00749533204362
v -0.00923879537731 1.42299999869 0.00382683426142
v -0.00979312323034 1.42359999394 0.00405644439161
v -0.00923879537731 1.42299999869 0.00382683426142
v -0.00979312323034 1.42359999394 0.00405644439161
v -0.00999999977648 1.42299999869 1.22464679055e-18
v -0.0105999996886 1.42359999394 1.29812565795e-18
v -0.00999999977648 1.42299999869 1.22464679055e-18
v -0.0105999996886 1.42359999394 1.29812565795e-18
v -0.00923879537731 1.42299999869 -0.00382683426142
v -0.00979312323034 1.42359999394 -0.00405644439161
v -0.00923879537731 1.42299999869 -0.00382683426142
v -0.00979312323034 1.42359999394 -0.00405644439161
v -0.00707106757909 1.42299999869 -0.00707106757909
v -0.00749533204362 1.42359999394 -0.00749533204362
v -0.00707106757909 1.42299999869 -0.00707106757909
v -0.00749533204362 1.42359999394 -0.00749533204362
v -0.00382683426142 1.42299999869 -0.00923879537731
v -0.00405644439161 1.42359999394 -0.00979312323034
v -0.00382683426142 1.42299999869 -0.00923879537731
v -0.00405644439161 1.42359999394 -0.00979312323034
v -1.83697023752e-18 1.42299999869 -0.00999999977648
v -1.94718833183e-18 1.42359999394 -0.0105999996886
v -1.83697023752e-18 1.42299999869 -0.00999999977648
v -1.94718833183e-18 1.42359999394 -0.0105999996886
v 0.00382683426142 1.42299999869 -0.00923879537731
v 0.00405644439161 1.42359999394 -0.00979312323034
v 0.00382683426142 1.42299999869 -0.00923879537731
v 0.00405644439161 1.42359999394 -0.00979312323034
v 0.00707106757909 1.42299999869 -0.00707106757909
v 0.00749533204362 1.42359999394 -0.00749533204362
v 0.00707106757909 1.42299999869 -0.00707106757909
v 0.00749533204362 1.42359999394 -0.00749533204362
v 0.00923879537731 1.42299999869 -0.00382683426142
v 0.00979312323034 1.42359999394 -0.00405644439161
v 0.00923879537731 1.42299999869 -0.00382683426142
v 0.00979312323034 1.42359999394 -0.00405644439161
v 0.00999999977648 1.42299999869 0.00000000000
v 0.0105999996886 1.42359999394 0.00000000000
v 0.0105999996886 1.42359999394 0.00000000000
v 0.0105999996886 1.42600000477 0.00000000000
v 0.00979312323034 1.42359999394 0.00405644439161
v 0.00979312323034 1.42600000477 0.00405644439161
v 0.00979312323034 1.42359999394 0.00405644439161
v 0.00979312323034 1.42600000477 0.00405644439161
v 0.00749533204362 1.42359999394 0.00749533204362
v 0.00749533204362 1.42600000477 0.00749533204362
v 0.00749533204362 1.42359999394 0.00749533204362
v 0.00749533204362 1.42600000477 0.00749533204362
v 0.00405644439161 1.42359999394 0.00979312323034
v 0.00405644439161 1.42600000477 0.00979312323034
v 0.00405644439161 1.42359999394 0.00979312323034
v 0.00405644439161 1.42600000477 0.00979312323034
v 6.49062828975e-19 1.42359999394 0.0105999996886
v 6.49062828975e-19 1.42600000477 0.0105999996886
v 6.49062828975e-19 1.42359999394 0.0105999996886
v 6.49062828975e-19 1.42600000477 0.0105999996886
v -0.00405644439161 1.42359999394 0.00979312323034
v -0.00405644439161 1.42600000477 0.00979312323034
v -0.00405644439161 1.42359999394 0.00979312323034
v -0.00405644439161 1.42600000477 0.00979312323034
v -0.00749533204362 1.42359999394 0.00749533204362
v -0.00749533204362 1.42600000477 0.00749533204362
v -0.00749533204362 1.42359999394 0.00749533204362
v -0.00749533204362 1.42600000477 0.00749533204362
v -0.00979312323034 1.42359999394 0.00405644439161
v -0.00979312323034 1.42600000477 0.00405644439161
v -0.00979312323034 1.42359999394 0.00405644439161
v -0.00979312323034 1.42600000477 0.00405644439161
v -0.0105999996886 1.42359999394 1.29812565795e-18
v -0.0105999996886 1.42600000477 1.29812565795e-18
v -0.0105999996886 1.42359999394 1.29812565795e-18
v -0.0105999996886 1.42600000477 1.29812565795e-18
v -0.00979312323034 1.42359999394 -0.00405644439161
v -0.00979312323034 1.42600000477 -0.00405644439161
v -0.00979312323034 1.42359999394 -0.00405644439161
v -0.00979312323034 1.42600000477 -0.00405644439161
v -0.00749533204362 1.42359999394 -0.00749533204362
v -0.00749533204362 1.42600000477 -0.00749533204362
v -0.00749533204362 1.42359999394 -0.00749533204362
v -0.00749533204362 1.42600000477 -0.00749533204362
v -0.00405644439161 1.42359999394 -0.00979312323034
v -0.00405644439161 1.42600000477 -0.00979312323034
v -0.00405644439161 1.42359999394 -0.00979312323034
v -0.00405644439161 1.42600000477 -0.00979312323034
v -1.94718833183e-18 1.42359999394 -0.0105999996886
v -1.94718833183e-18 1.42600000477 -0.0105999996886
v -1.94718833183e-18 1.42359999394 -0.0105999996886
v -1.94718833183e-18 1.42600000477 -0.0105999996886
v 0.00405644439161 1.42359999394 -0.00979312323034
v 0.00405644439161 1.42600000477 -0.00979312323034
v 0.00405644439161 1.42359999394 -0.00979312323034
v 0.00405644439161 1.42600000477 -0.00979312323034
v 0.00749533204362 1.42359999394 -0.00749533204362
v 0.00749533204362 1.42600000477 -0.00749533204362
v 0.00749533204362 1.42359999394 -0.00749533204362
v 0.00749533204362 1.42600000477 -0.00749533204362
v 0.00979312323034 1.42359999394 -0.00405644439161
v 0.00979312323034 1.42600000477 -0.00405644439161
v 0.00979312323034 1.42359999394 -0.00405644439161
v 0.00979312323034 1.42600000477 -0.00405644439161
v 0.0105999996886 1.42359999394 0.00000000000
v 0.0105999996886 1.42600000477 0.00000000000
v 0.0105999996886 1.42600000477 0.00000000000
v 0.0102000003681 1.42649999833 0.00000000000
v 0.00979312323034 1.42600000477 0.00405644439161
v 0.00942357163876 1.42649999833 0.00390337104909
v 0.00979312323034 1.42600000477 0.00405644439161
v 0.00942357163876 1.42649999833 0.00390337104909
v 0.00749533204362 1.42600000477 0.00749533204362
v 0.00721248937771 1.42649999833 0.00721248937771
v 0.00749533204362 1.42600000477 0.00749533204362
v 0.00721248937771 1.42649999833 0.00721248937771
v 0.00405644439161 1.42600000477 0.00979312323034
v 0.00390337104909 1.42649999833 0.00942357163876
v 0.00405644439161 1.42600000477 0.00979312323034
v 0.00390337104909 1.42649999833 0.00942357163876
v 6.49062828975e-19 1.42600000477 0.0105999996886
v 6.24569855941e-19 1.42649999833 0.0102000003681
v -0.00405644439161 1.42600000477 0.00979312323034
v -0.00390337104909 1.42649999833 0.00942357163876
v -0.00405644439161 1.42600000477 0.00979312323034
v -0.00390337104909 1.42649999833 0.00942357163876
v -0.00749533204362 1.42600000477 0.00749533204362
v -0.00721248937771 1.42649999833 0.00721248937771
v -0.00749533204362 1.42600000477 0.00749533204362
v -0.00721248937771 1.42649999833 0.00721248937771
v -0.00979312323034 1.42600000477 0.00405644439161
v -0.00942357163876 1.42649999833 0.00390337104909
v -0.00979312323034 1.42600000477 0.00405644439161
v -0.00942357163876 1.42649999833 0.00390337104909
v -0.0105999996886 1.42600000477 1.29812565795e-18
v -0.0102000003681 1.42649999833 1.24913971188e-18
v -0.00979312323034 1.42600000477 -0.00405644439161
v -0.00942357163876 1.42649999833 -0.00390337104909
v -0.00979312323034 1.42600000477 -0.00405644439161
v -0.00942357163876 1.42649999833 -0.00390337104909
v -0.00749533204362 1.42600000477 -0.00749533204362
v -0.00721248937771 1.42649999833 -0.00721248937771
v -0.00749533204362 1.42600000477 -0.00749533204362
v -0.00721248937771 1.42649999833 -0.00721248937771
v -0.00405644439161 1.42600000477 -0.00979312323034
v -0.00390337104909 1.42649999833 -0.00942357163876
v -0.00405644439161 1.42600000477 -0.00979312323034
v -0.00390337104909 1.42649999833 -0.00942357163876
v -1.94718833183e-18 1.42600000477 -0.0105999996886
v -1.87370967122e-18 1.42649999833 -0.0102000003681
v 0.00405644439161 1.42600000477 -0.00979312323034
v 0.00390337104909 1.42649999833 -0.00942357163876
v 0.00405644439161 1.42600000477 -0.00979312323034
v 0.00390337104909 1.42649999833 -0.00942357163876
v 0.00749533204362 1.42600000477 -0.00749533204362
v 0.00721248937771 1.42649999833 -0.00721248937771
v 0.00749533204362 1.42600000477 -0.00749533204362
v 0.00721248937771 1.42649999833 -0.00721248937771
v 0.00979312323034 1.42600000477 -0.00405644439161
v 0.00942357163876 1.42649999833 -0.00390337104909
v 0.00979312323034 1.42600000477 -0.00405644439161
v 0.00942357163876 1.42649999833 -0.00390337104909
v 0.0102000003681 1.42649999833 0.00000000000
v 0.0120000001043 1.42799999392 0.00000000000
v 0.00942357163876 1.42649999833 0.00390337104909
v 0.0110865542665 1.42799999392 0.00459220120683
v 0.00942357163876 1.42649999833 0.00390337104909
v 0.0110865542665 1.42799999392 0.00459220120683
v 0.00721248937771 1.42649999833 0.00721248937771
v 0.00848528090864 1.42799999392 0.00848528090864
v 0.00721248937771 1.42649999833 0.00721248937771
v 0.00848528090864 1.42799999392 0.00848528090864
v 0.00390337104909 1.42649999833 0.00942357163876
v 0.00459220120683 1.42799999392 0.0110865542665
v 0.00390337104909 1.42649999833 0.00942357163876
v 0.00459220120683 1.42799999392 0.0110865542665
v 6.24569855941e-19 1.42649999833 0.0102000003681
v 7.34788053648e-19 1.42799999392 0.0120000001043
v -0.00390337104909 1.42649999833 0.00942357163876
v -0.00459220120683 1.42799999392 0.0110865542665
v -0.00390337104909 1.42649999833 0.00942357163876
v -0.00459220120683 1.42799999392 0.0110865542665
v -0.00721248937771 1.42649999833 0.00721248937771
v -0.00848528090864 1.42799999392 0.00848528090864
v -0.00721248937771 1.42649999833 0.00721248937771
v -0.00848528090864 1.42799999392 0.00848528090864
v -0.00942357163876 1.42649999833 0.00390337104909
v -0.0110865542665 1.42799999392 0.00459220120683
v -0.00942357163876 1.42649999833 0.00390337104909
v -0.0110865542665 1.42799999392 0.00459220120683
v -0.0102000003681 1.42649999833 1.24913971188e-18
v -0.0120000001043 1.42799999392 1.46957610730e-18
v -0.00942357163876 1.42649999833 -0.00390337104909
v -0.0110865542665 1.42799999392 -0.00459220120683
v -0.00942357163876 1.42649999833 -0.00390337104909
v -0.0110865542665 1.42799999392 -0.00459220120683
v -0.00721248937771 1.42649999833 -0.00721248937771
v -0.00848528090864 1.42799999392 -0.00848528090864
v -0.00721248937771 1.42649999833 -0.00721248937771
v -0.00848528090864 1.42799999392 -0.00848528090864
v -0.00390337104909 1.42649999833 -0.00942357163876
v -0.00459220120683 1.42799999392 -0.0110865542665
v -0.00390337104909 1.42649999833 -0.00942357163876
v -0.00459220120683 1.42799999392 -0.0110865542665
v -1.87370967122e-18 1.42649999833 -0.0102000003681
v -2.20436416095e-18 1.42799999392 -0.0120000001043
v 0.00390337104909 1.42649999833 -0.00942357163876
v 0.00459220120683 1.42799999392 -0.0110865542665
v 0.00390337104909 1.42649999833 -0.00942357163876
v 0.00459220120683 1.42799999392 -0.0110865542665
v 0.00721248937771 1.42649999833 -0.00721248937771
v 0.00848528090864 1.42799999392 -0.00848528090864
v 0.00721248937771 1.42649999833 -0.00721248937771
v 0.00848528090864 1.42799999392 -0.00848528090864
v 0.00942357163876 1.42649999833 -0.00390337104909
v 0.0110865542665 1.42799999392 -0.00459220120683
v 0.00942357163876 1.42649999833 -0.00390337104909
v 0.0110865542665 1.42799999392 -0.00459220120683
v 0.0120000001043 1.42799999392 0.00000000000
v 0.0140000004321 1.43050000644 0.00000000000
v 0.0110865542665 1.42799999392 0.00459220120683
v 0.0129343131557 1.43050000644 0.00535756815225
v 0.0110865542665 1.42799999392 0.00459220120683
v 0.0129343131557 1.43050000644 0.00535756815225
v 0.00848528090864 1.42799999392 0.00848528090864
v 0.00989949516952 1.43050000644 0.00989949516952
v 0.00848528090864 1.42799999392 0.00848528090864
v 0.00989949516952 1.43050000644 0.00989949516952
v 0.00459220120683 1.42799999392 0.0110865542665
v 0.00535756815225 1.43050000644 0.0129343131557
v 0.00459220120683 1.42799999392 0.0110865542665
v 0.00535756815225 1.43050000644 0.0129343131557
v 7.34788053648e-19 1.42799999392 0.0120000001043
v 8.57252763722e-19 1.43050000644 0.0140000004321
v -0.00459220120683 1.42799999392 0.0110865542665
v -0.00535756815225 1.43050000644 0.0129343131557
v -0.00459220120683 1.42799999392 0.0110865542665
v -0.00535756815225 1.43050000644 0.0129343131557
v -0.00848528090864 1.42799999392 0.00848528090864
v -0.00989949516952 1.43050000644 0.00989949516952
v -0.00848528090864 1.42799999392 0.00848528090864
v -0.00989949516952 1.43050000644 0.00989949516952
v -0.0110865542665 1.42799999392 0.00459220120683
v -0.0129343131557 1.43050000644 0.00535756815225
v -0.0110865542665 1.42799999392 0.00459220120683
v -0.0129343131557 1.43050000644 0.00535756815225
v -0.0120000001043 1.42799999392 1.46957610730e-18
v -0.0140000004321 1.43050000644 1.71450552744e-18
v -0.0110865542665 1.42799999392 -0.00459220120683
v -0.0129343131557 1.43050000644 -0.00535756815225
v -0.0110865542665 1.42799999392 -0.00459220120683
v -0.0129343131557 1.43050000644 -0.00535756815225
v -0.00848528090864 1.42799999392 -0.00848528090864
v -0.00989949516952 1.43050000644 -0.00989949516952
v -0.00848528090864 1.42799999392 -0.00848528090864
v -0.00989949516952 1.43050000644 -0.00989949516952
v -0.00459220120683 1.42799999392 -0.0110865542665
v -0.00535756815225 1.43050000644 -0.0129343131557
v -0.00459220120683 1.42799999392 -0.0110865542665
v -0.00535756815225 1.43050000644 -0.0129343131557
v -2.20436416095e-18 1.42799999392 -0.0120000001043
v -2.57175829117e-18 1.43050000644 -0.0140000004321
v 0.00459220120683 1.42799999392 -0.0110865542665
v 0.00535756815225 1.43050000644 -0.0129343131557
v 0.00459220120683 1.42799999392 -0.0110865542665
v 0.00535756815225 1.43050000644 -0.0129343131557
v 0.00848528090864 1.42799999392 -0.00848528090864
v 0.00989949516952 1.43050000644 -0.00989949516952
v 0.00848528090864 1.42799999392 -0.00848528090864
v 0.00989949516952 1.43050000644 -0.00989949516952
v 0.0110865542665 1.42799999392 -0.00459220120683
v 0.0129343131557 1.43050000644 -0.00535756815225
v 0.0110865542665 1.42799999392 -0.00459220120683
v 0.0129343131557 1.43050000644 -0.00535756815225
v 0.0156999994069 1.43349999762 0.00000000000
v 0.0145049085841 1.43349999762 0.00600813003257
v 0.0145049085841 1.43349999762 0.00600813003257
v 0.0111015764996 1.43349999762 0.0111015764996
v 0.00600813003257 1.43349999762 0.0145049085841
v 0.00600813003257 1.43349999762 0.0145049085841
v 9.61347756945e-19 1.43349999762 0.0156999994069
v -0.00600813003257 1.43349999762 0.0145049085841
v -0.00600813003257 1.43349999762 0.0145049085841
v -0.0111015764996 1.43349999762 0.0111015764996
v -0.0145049085841 1.43349999762 0.00600813003257
v -0.0145049085841 1.43349999762 0.00600813003257
v -0.0156999994069 1.43349999762 1.92269551389e-18
v -0.0145049085841 1.43349999762 -0.00600813003257
v -0.0145049085841 1.43349999762 -0.00600813003257
v -0.0111015764996 1.43349999762 -0.0111015764996
v -0.00600813003257 1.43349999762 -0.0145049085841
v -0.00600813003257 1.43349999762 -0.0145049085841
v -2.88404316744e-18 1.43349999762 -0.0156999994069
v 0.00600813003257 1.43349999762 -0.0145049085841
v 0.00600813003257 1.43349999762 -0.0145049085841
v 0.0111015764996 1.43349999762 -0.0111015764996
v 0.0145049085841 1.43349999762 -0.00600813003257
v 0.0145049085841 1.43349999762 -0.00600813003257
v 0.0170000009239 1.43650000370 0.00000000000
v 0.0157059524208 1.43650000370 0.00650561833754
v 0.0157059524208 1.43650000370 0.00650561833754
v 0.0120208151639 1.43650000370 0.0120208151639
v 0.00650561833754 1.43650000370 0.0157059524208
v 0.00650561833754 1.43650000370 0.0157059524208
v 1.04094982883e-18 1.43650000370 0.0170000009239
v 1.04094982883e-18 1.43650000370 0.0170000009239
v -0.00650561833754 1.43650000370 0.0157059524208
v -0.00650561833754 1.43650000370 0.0157059524208
v -0.0120208151639 1.43650000370 0.0120208151639
v -0.0157059524208 1.43650000370 0.00650561833754
v -0.0157059524208 1.43650000370 0.00650561833754
v -0.0170000009239 1.43650000370 2.08189965767e-18
v -0.0170000009239 1.43650000370 2.08189965767e-18
v -0.0157059524208 1.43650000370 -0.00650561833754
v -0.0157059524208 1.43650000370 -0.00650561833754
v -0.0120208151639 1.43650000370 -0.0120208151639
v -0.00650561833754 1.43650000370 -0.0157059524208
v -0.00650561833754 1.43650000370 -0.0157059524208
v -3.12284938310e-18 1.43650000370 -0.0170000009239
v -3.12284938310e-18 1.43650000370 -0.0170000009239
v 0.00650561833754 1.43650000370 -0.0157059524208
v 0.00650561833754 1.43650000370 -0.0157059524208
v 0.0120208151639 1.43650000370 -0.0120208151639
v 0.0157059524208 1.43650000370 -0.00650561833754
v 0.0157059524208 1.43650000370 -0.00650561833754
v 0.0170000009239 1.43650000370 0.00000000000
v 0.0175999999046 1.43900000131 0.00000000000
v 0.0162602793425 1.43900000131 0.00673522846773
v 0.0162602793425 1.43900000131 0.00673522846773
v 0.0124450791627 1.43900000131 0.0124450791627
v 0.00673522846773 1.43900000131 0.0162602793425
v 0.00673522846773 1.43900000131 0.0162602793425
v 1.07768915914e-18 1.43900000131 0.0175999999046
v 1.07768915914e-18 1.43900000131 0.0175999999046
v -0.00673522846773 1.43900000131 0.0162602793425
v -0.00673522846773 1.43900000131 0.0162602793425
v -0.0124450791627 1.43900000131 0.0124450791627
v -0.0162602793425 1.43900000131 0.00673522846773
v -0.0162602793425 1.43900000131 0.00673522846773
v -0.0175999999046 1.43900000131 2.15537831827e-18
v -0.0175999999046 1.43900000131 2.15537831827e-18
v -0.0162602793425 1.43900000131 -0.00673522846773
v -0.0162602793425 1.43900000131 -0.00673522846773
v -0.0124450791627 1.43900000131 -0.0124450791627
v -0.00673522846773 1.43900000131 -0.0162602793425
v -0.00673522846773 1.43900000131 -0.0162602793425
v -3.23306747741e-18 1.43900000131 -0.0175999999046
v -3.23306747741e-18 1.43900000131 -0.0175999999046
v 0.00673522846773 1.43900000131 -0.0162602793425
v 0.00673522846773 1.43900000131 -0.0162602793425
v 0.0124450791627 1.43900000131 -0.0124450791627
v 0.0162602793425 1.43900000131 -0.00673522846773
v 0.0162602793425 1.43900000131 -0.00673522846773
v 0.0175999999046 1.43900000131 0.00000000000
v 0.0179999992251 1.44000000334 0.00000000000
v 0.0166298318654 1.44000000334 0.00688830157742
v 0.0166298318654 1.44000000334 0.00688830157742
v 0.0127279218286 1.44000000334 0.0127279218286
v 0.00688830157742 1.44000000334 0.0166298318654
v 0.00688830157742 1.44000000334 0.0166298318654
v 1.10218208047e-18 1.44000000334 0.0179999992251
v 1.10218208047e-18 1.44000000334 0.0179999992251
v -0.00688830157742 1.44000000334 0.0166298318654
v -0.00688830157742 1.44000000334 0.0166298318654
v -0.0127279218286 1.44000000334 0.0127279218286
v -0.0166298318654 1.44000000334 0.00688830157742
v -0.0166298318654 1.44000000334 0.00688830157742
v -0.0179999992251 1.44000000334 2.20436416095e-18
v -0.0179999992251 1.44000000334 2.20436416095e-18
v -0.0166298318654 1.44000000334 -0.00688830157742
v -0.0166298318654 1.44000000334 -0.00688830157742
v -0.0127279218286 1.44000000334 -0.0127279218286
v -0.00688830157742 1.44000000334 -0.0166298318654
v -0.00688830157742 1.44000000334 -0.0166298318654
v -3.30654634482e-18 1.44000000334 -0.0179999992251
v -3.30654634482e-18 1.44000000334 -0.0179999992251
v 0.00688830157742 1.44000000334 -0.0166298318654
v 0.00688830157742 1.44000000334 -0.0166298318654
v 0.0127279218286 1.44000000334 -0.0127279218286
v 0.0166298318654 1.44000000334 -0.00688830157742
v 0.0166298318654 1.44000000334 -0.00688830157742
v 0.0179999992251 1.44000000334 0.00000000000
v 0.0179999992251 1.44000000334 0.00000000000
v 0.0179999992251 1.44099999791 0.00000000000
v 0.0166298318654 1.44000000334 0.00688830157742
v 0.0166298318654 1.44099999791 0.00688830157742
v 0.0166298318654 1.44000000334 0.00688830157742
v 0.0166298318654 1.44099999791 0.00688830157742
v 0.0127279218286 1.44099999791 0.0127279218286
v 0.00688830157742 1.44000000334 0.0166298318654
v 0.00688830157742 1.44099999791 0.0166298318654
v 0.00688830157742 1.44000000334 0.0166298318654
v 0.00688830157742 1.44099999791 0.0166298318654
v 1.10218208047e-18 1.44000000334 0.0179999992251
v 1.10218208047e-18 1.44099999791 0.0179999992251
v 1.10218208047e-18 1.44000000334 0.0179999992251
v 1.10218208047e-18 1.44099999791 0.0179999992251
v -0.00688830157742 1.44000000334 0.0166298318654
v -0.00688830157742 1.44099999791 0.0166298318654
v -0.00688830157742 1.44000000334 0.0166298318654
v -0.00688830157742 1.44099999791 0.0166298318654
v -0.0127279218286 1.44099999791 0.0127279218286
v -0.0166298318654 1.44000000334 0.00688830157742
v -0.0166298318654 1.44099999791 0.00688830157742
v -0.0166298318654 1.44000000334 0.00688830157742
v -0.0166298318654 1.44099999791 0.00688830157742
v -0.0179999992251 1.44000000334 2.20436416095e-18
v -0.0179999992251 1.44099999791 2.20436416095e-18
v -0.0179999992251 1.44000000334 2.20436416095e-18
v -0.0179999992251 1.44099999791 2.20436416095e-18
v -0.0166298318654 1.44000000334 -0.00688830157742
v -0.0166298318654 1.44099999791 -0.00688830157742
v -0.0166298318654 1.44000000334 -0.00688830157742
v -0.0166298318654 1.44099999791 -0.00688830157742
v -0.0127279218286 1.44099999791 -0.0127279218286
v -0.00688830157742 1.44000000334 -0.0166298318654
v -0.00688830157742 1.44099999791 -0.0166298318654
v -0.00688830157742 1.44000000334 -0.0166298318654
v -0.00688830157742 1.44099999791 -0.0166298318654
v -3.30654634482e-18 1.44000000334 -0.0179999992251
v -3.30654634482e-18 1.44099999791 -0.0179999992251
v -3.30654634482e-18 1.44000000334 -0.0179999992251
v -3.30654634482e-18 1.44099999791 -0.0179999992251
v 0.00688830157742 1.44000000334 -0.0166298318654
v 0.00688830157742 1.44099999791 -0.0166298318654
v 0.00688830157742 1.44000000334 -0.0166298318654
v 0.00688830157742 1.44099999791 -0.0166298318654
v 0.0127279218286 1.44099999791 -0.0127279218286
v 0.0166298318654 1.44000000334 -0.00688830157742
v 0.0166298318654 1.44099999791 -0.00688830157742
v 0.0166298318654 1.44000000334 -0.00688830157742
v 0.0166298318654 1.44099999791 -0.00688830157742
v 0.0179999992251 1.44000000334 0.00000000000
v 0.0179999992251 1.44099999791 0.00000000000
v 0.0179999992251 1.44099999791 0.00000000000
v 0.0144999995828 1.44099999791 0.00000000000
v 0.0166298318654 1.44099999791 0.00688830157742
v 0.0133962528780 1.44099999791 0.00554890977219
v 0.0127279218286 1.44099999791 0.0127279218286
v 0.0102530485019 1.44099999791 0.0102530485019
v 0.00688830157742 1.44099999791 0.0166298318654
v 0.00554890977219 1.44099999791 0.0133962528780
v 1.10218208047e-18 1.44099999791 0.0179999992251
v 8.87868889542e-19 1.44099999791 0.0144999995828
v -0.00688830157742 1.44099999791 0.0166298318654
v -0.00554890977219 1.44099999791 0.0133962528780
v -0.0127279218286 1.44099999791 0.0127279218286
v -0.0102530485019 1.44099999791 0.0102530485019
v -0.0166298318654 1.44099999791 0.00688830157742
v -0.0133962528780 1.44099999791 0.00554890977219
v -0.0179999992251 1.44099999791 2.20436416095e-18
v -0.0144999995828 1.44099999791 1.77573777908e-18
v -0.0166298318654 1.44099999791 -0.00688830157742
v -0.0133962528780 1.44099999791 -0.00554890977219
v -0.0127279218286 1.44099999791 -0.0127279218286
v -0.0102530485019 1.44099999791 -0.0102530485019
v -0.00688830157742 1.44099999791 -0.0166298318654
v -0.00554890977219 1.44099999791 -0.0133962528780
v -3.30654634482e-18 1.44099999791 -0.0179999992251
v -2.66360677202e-18 1.44099999791 -0.0144999995828
v 0.00688830157742 1.44099999791 -0.0166298318654
v 0.00554890977219 1.44099999791 -0.0133962528780
v 0.0127279218286 1.44099999791 -0.0127279218286
v 0.0102530485019 1.44099999791 -0.0102530485019
v 0.0166298318654 1.44099999791 -0.00688830157742
v 0.0133962528780 1.44099999791 -0.00554890977219
v 0.0144999995828 1.44099999791 0.00000000000
v 0.0135000003502 1.43900000131 0.00000000000
v 0.0133962528780 1.44099999791 0.00554890977219
v 0.0124723734334 1.43900000131 0.00516622653231
v 0.0133962528780 1.44099999791 0.00554890977219
v 0.0124723734334 1.43900000131 0.00516622653231
v 0.0102530485019 1.44099999791 0.0102530485019
v 0.00954594183713 1.43900000131 0.00954594183713
v 0.00954594183713 1.43900000131 0.00954594183713
v 0.00554890977219 1.44099999791 0.0133962528780
v 0.00516622653231 1.43900000131 0.0124723734334
v 0.00554890977219 1.44099999791 0.0133962528780
v 0.00516622653231 1.43900000131 0.0124723734334
v 8.87868889542e-19 1.44099999791 0.0144999995828
v 8.26636586204e-19 1.43900000131 0.0135000003502
v -0.00554890977219 1.44099999791 0.0133962528780
v -0.00516622653231 1.43900000131 0.0124723734334
v -0.00554890977219 1.44099999791 0.0133962528780
v -0.00516622653231 1.43900000131 0.0124723734334
v -0.0102530485019 1.44099999791 0.0102530485019
v -0.00954594183713 1.43900000131 0.00954594183713
v -0.00954594183713 1.43900000131 0.00954594183713
v -0.0133962528780 1.44099999791 0.00554890977219
v -0.0124723734334 1.43900000131 0.00516622653231
v -0.0133962528780 1.44099999791 0.00554890977219
v -0.0124723734334 1.43900000131 0.00516622653231
v -0.0144999995828 1.44099999791 1.77573777908e-18
v -0.0135000003502 1.43900000131 1.65327317241e-18
v -0.0133962528780 1.44099999791 -0.00554890977219
v -0.0124723734334 1.43900000131 -0.00516622653231
v -0.0133962528780 1.44099999791 -0.00554890977219
v -0.0124723734334 1.43900000131 -0.00516622653231
v -0.0102530485019 1.44099999791 -0.0102530485019
v -0.00954594183713 1.43900000131 -0.00954594183713
v -0.00954594183713 1.43900000131 -0.00954594183713
v -0.00554890977219 1.44099999791 -0.0133962528780
v -0.00516622653231 1.43900000131 -0.0124723734334
v -0.00554890977219 1.44099999791 -0.0133962528780
v -0.00516622653231 1.43900000131 -0.0124723734334
v -2.66360677202e-18 1.44099999791 -0.0144999995828
v -2.47990981031e-18 1.43900000131 -0.0135000003502
v 0.00554890977219 1.44099999791 -0.0133962528780
v 0.00516622653231 1.43900000131 -0.0124723734334
v 0.00554890977219 1.44099999791 -0.0133962528780
v 0.00516622653231 1.43900000131 -0.0124723734334
v 0.0102530485019 1.44099999791 -0.0102530485019
v 0.00954594183713 1.43900000131 -0.00954594183713
v 0.00954594183713 1.43900000131 -0.00954594183713
v 0.0133962528780 1.44099999791 -0.00554890977219
v 0.0124723734334 1.43900000131 -0.00516622653231
v 0.0133962528780 1.44099999791 -0.00554890977219
v 0.0124723734334 1.43900000131 -0.00516622653231
v 0.0109999999404 1.43600000268 0.00000000000
v 0.0101626748219 1.43600000268 0.00420951796696
v 0.0101626748219 1.43600000268 0.00420951796696
v 0.00777817470953 1.43600000268 0.00777817470953
v 0.00777817470953 1.43600000268 0.00777817470953
v 0.00420951796696 1.43600000268 0.0101626748219
v 0.00420951796696 1.43600000268 0.0101626748219
v 6.73555750310e-19 1.43600000268 0.0109999999404
v -0.00420951796696 1.43600000268 0.0101626748219
v -0.00420951796696 1.43600000268 0.0101626748219
v -0.00777817470953 1.43600000268 0.00777817470953
v -0.00777817470953 1.43600000268 0.00777817470953
v -0.0101626748219 1.43600000268 0.00420951796696
v -0.0101626748219 1.43600000268 0.00420951796696
v -0.0109999999404 1.43600000268 1.34711150062e-18
v -0.0101626748219 1.43600000268 -0.00420951796696
v -0.0101626748219 1.43600000268 -0.00420951796696
v -0.00777817470953 1.43600000268 -0.00777817470953
v -0.00777817470953 1.43600000268 -0.00777817470953
v -0.00420951796696 1.43600000268 -0.0101626748219
v -0.00420951796696 1.43600000268 -0.0101626748219
v -2.02066719923e-18 1.43600000268 -0.0109999999404
v 0.00420951796696 1.43600000268 -0.0101626748219
v 0.00420951796696 1.43600000268 -0.0101626748219
v 0.00777817470953 1.43600000268 -0.00777817470953
v 0.00777817470953 1.43600000268 -0.00777817470953
v 0.0101626748219 1.43600000268 -0.00420951796696
v 0.0101626748219 1.43600000268 -0.00420951796696
v 0.0109999999404 1.43600000268 0.00000000000
v 0.00949999969453 1.43600000268 0.00000000000
v 0.0101626748219 1.43600000268 0.00420951796696
v 0.00877685565501 1.43600000268 0.00363549264148
v 0.00777817470953 1.43600000268 0.00777817470953
v 0.00671751424670 1.43600000268 0.00671751424670
v 0.00420951796696 1.43600000268 0.0101626748219
v 0.00363549264148 1.43600000268 0.00877685565501
v 6.73555750310e-19 1.43600000268 0.0109999999404
v 5.81707217755e-19 1.43600000268 0.00949999969453
v -0.00420951796696 1.43600000268 0.0101626748219
v -0.00363549264148 1.43600000268 0.00877685565501
v -0.00777817470953 1.43600000268 0.00777817470953
v -0.00671751424670 1.43600000268 0.00671751424670
v -0.0101626748219 1.43600000268 0.00420951796696
v -0.00877685565501 1.43600000268 0.00363549264148
v -0.0109999999404 1.43600000268 1.34711150062e-18
v -0.00949999969453 1.43600000268 1.16341443551e-18
v -0.0101626748219 1.43600000268 -0.00420951796696
v -0.00877685565501 1.43600000268 -0.00363549264148
v -0.00777817470953 1.43600000268 -0.00777817470953
v -0.00671751424670 1.43600000268 -0.00671751424670
v -0.00420951796696 1.43600000268 -0.0101626748219
v -0.00363549264148 1.43600000268 -0.00877685565501
v -2.02066719923e-18 1.43600000268 -0.0109999999404
v -1.74512175666e-18 1.43600000268 -0.00949999969453
v 0.00420951796696 1.43600000268 -0.0101626748219
v 0.00363549264148 1.43600000268 -0.00877685565501
v 0.00777817470953 1.43600000268 -0.00777817470953
v 0.00671751424670 1.43600000268 -0.00671751424670
v 0.0101626748219 1.43600000268 -0.00420951796696
v 0.00877685565501 1.43600000268 -0.00363549264148
v 0.00949999969453 1.43600000268 0.00000000000
v 0.00949999969453 1.44839222556 0.00000000000
v 0.00877685565501 1.43600000268 0.00363549264148
v 0.00877685565501 1.44839222556 0.00363549264148
v 0.00877685565501 1.43600000268 0.00363549264148
v 0.00877685565501 1.44839222556 0.00363549264148
v 0.00671751424670 1.43600000268 0.00671751424670
v 0.00671751424670 1.44839222556 0.00671751424670
v 0.00671751424670 1.43600000268 0.00671751424670
v 0.00671751424670 1.44839222556 0.00671751424670
v 0.00363549264148 1.43600000268 0.00877685565501
v 0.00363549264148 1.44839222556 0.00877685565501
v 0.00363549264148 1.43600000268 0.00877685565501
v 0.00363549264148 1.44839222556 0.00877685565501
v 5.81707217755e-19 1.43600000268 0.00949999969453
v 5.81707217755e-19 1.44839222556 0.00949999969453
v 5.81707217755e-19 1.43600000268 0.00949999969453
v -0.00363549264148 1.43600000268 0.00877685565501
v -0.00363549264148 1.44839222556 0.00877685565501
v -0.00363549264148 1.43600000268 0.00877685565501
v -0.00363549264148 1.44839222556 0.00877685565501
v -0.00671751424670 1.43600000268 0.00671751424670
v -0.00671751424670 1.44839222556 0.00671751424670
v -0.00671751424670 1.43600000268 0.00671751424670
v -0.00671751424670 1.44839222556 0.00671751424670
v -0.00877685565501 1.43600000268 0.00363549264148
v -0.00877685565501 1.44839222556 0.00363549264148
v -0.00877685565501 1.43600000268 0.00363549264148
v -0.00877685565501 1.44839222556 0.00363549264148
v -0.00949999969453 1.43600000268 1.16341443551e-18
v -0.00949999969453 1.44839222556 1.16341443551e-18
v -0.00949999969453 1.43600000268 1.16341443551e-18
v -0.00877685565501 1.43600000268 -0.00363549264148
v -0.00877685565501 1.44839222556 -0.00363549264148
v -0.00877685565501 1.43600000268 -0.00363549264148
v -0.00877685565501 1.44839222556 -0.00363549264148
v -0.00671751424670 1.43600000268 -0.00671751424670
v -0.00671751424670 1.44839222556 -0.00671751424670
v -0.00671751424670 1.43600000268 -0.00671751424670
v -0.00671751424670 1.44839222556 -0.00671751424670
v -0.00363549264148 1.43600000268 -0.00877685565501
v -0.00363549264148 1.44839222556 -0.00877685565501
v -0.00363549264148 1.43600000268 -0.00877685565501
v -0.00363549264148 1.44839222556 -0.00877685565501
v -1.74512175666e-18 1.43600000268 -0.00949999969453
v -1.74512175666e-18 1.44839222556 -0.00949999969453
v -1.74512175666e-18 1.43600000268 -0.00949999969453
v 0.00363549264148 1.43600000268 -0.00877685565501
v 0.00363549264148 1.44839222556 -0.00877685565501
v 0.00363549264148 1.43600000268 -0.00877685565501
v 0.00363549264148 1.44839222556 -0.00877685565501
v 0.00671751424670 1.43600000268 -0.00671751424670
v 0.00671751424670 1.44839222556 -0.00671751424670
v 0.00671751424670 1.43600000268 -0.00671751424670
v 0.00671751424670 1.44839222556 -0.00671751424670
v 0.00877685565501 1.43600000268 -0.00363549264148
v 0.00877685565501 1.44839222556 -0.00363549264148
v 0.00877685565501 1.43600000268 -0.00363549264148
v 0.00877685565501 1.44839222556 -0.00363549264148
v 0.00949999969453 1.43600000268 0.00000000000
v 0.00949999969453 1.44839222556 0.00000000000
v 0.00828454643488 1.44839222556 0.00000000000
v 0.00877685565501 1.44839222556 0.00363549264148
v 0.00765392323956 1.44839222556 0.00237776897848
v 0.00671751424670 1.44839222556 0.00671751424670
v 0.00585805904120 1.44839222556 0.00439354451373
v 0.00363549264148 1.44839222556 0.00877685565501
v 0.00317035871558 1.44839222556 0.00574044231325
v 5.81707217755e-19 1.44839222556 0.00949999969453
v 5.07282159128e-19 1.44839222556 0.00621340982616
v -0.00363549264148 1.44839222556 0.00877685565501
v -0.00317035871558 1.44839222556 0.00574044231325
v -0.00671751424670 1.44839222556 0.00671751424670
v -0.00585805904120 1.44839222556 0.00439354451373
v -0.00877685565501 1.44839222556 0.00363549264148
v -0.00765392323956 1.44839222556 0.00237776897848
v -0.00949999969453 1.44839222556 1.16341443551e-18
v -0.00828454643488 1.44839222556 7.60923290391e-19
v -0.00877685565501 1.44839222556 -0.00363549264148
v -0.00765392323956 1.44839222556 -0.00237776897848
v -0.00671751424670 1.44839222556 -0.00671751424670
v -0.00585805904120 1.44839222556 -0.00439354451373
v -0.00363549264148 1.44839222556 -0.00877685565501
v -0.00317035871558 1.44839222556 -0.00574044231325
v -1.74512175666e-18 1.44839222556 -0.00949999969453
v -1.52184658078e-18 1.44839222556 -0.00621340982616
v 0.00363549264148 1.44839222556 -0.00877685565501
v 0.00317035871558 1.44839222556 -0.00574044231325
v 0.00671751424670 1.44839222556 -0.00671751424670
v 0.00585805904120 1.44839222556 -0.00439354451373
v 0.00877685565501 1.44839222556 -0.00363549264148
v 0.00765392323956 1.44839222556 -0.00237776897848
v 0.00519133778289 1.44754454321 0.00000000000
v 0.00479617062956 1.44754454321 0.00148997921497
v 0.00367083004676 1.44754454321 0.00275312247686
v 0.00198663887568 1.44754454321 0.00359712797217
v 3.17877754586e-19 1.44754454321 0.00389350322075
v -0.00198663887568 1.44754454321 0.00359712797217
v -0.00367083004676 1.44754454321 0.00275312247686
v -0.00479617062956 1.44754454321 0.00148997921497
v -0.00519133778289 1.44754454321 4.76816631879e-19
v -0.00479617062956 1.44754454321 -0.00148997921497
v -0.00367083004676 1.44754454321 -0.00275312247686
v -0.00198663887568 1.44754454321 -0.00359712797217
v -9.53633263758e-19 1.44754454321 -0.00389350322075
v 0.00198663887568 1.44754454321 -0.00359712797217
v 0.00367083004676 1.44754454321 -0.00275312247686
v 0.00479617062956 1.44754454321 -0.00148997921497
v 0.00259891687892 1.44713622159 0.00000000000
v 0.00240108603612 1.44713622159 0.000745921803173
v 0.00183771166485 1.44713622159 0.00137828371953
v 0.000994562404230 1.44713622159 0.00180081452709
v 1.59137762531e-19 1.44713622159 0.00194918760099
v -0.000994562404230 1.44713622159 0.00180081452709
v -0.00183771166485 1.44713622159 0.00137828371953
v -0.00240108603612 1.44713622159 0.000745921803173
v -0.00259891687892 1.44713622159 2.38706643797e-19
v -0.00240108603612 1.44713622159 -0.000745921803173
v -0.00183771166485 1.44713622159 -0.00137828371953
v -0.000994562404230 1.44713622159 -0.00180081452709
v -4.77413287594e-19 1.44713622159 -0.00194918760099
v 0.000994562404230 1.44713622159 -0.00180081452709
v 0.00183771166485 1.44713622159 -0.00137828371953
v 0.00240108603612 1.44713622159 -0.000745921803173
v 0.00000000000 1.44700000262 0.00000000000
v 0.00000000000 1.43399999863 0.00000000000
v 0.00630000000820 1.43399999863 0.00000000000
v 0.00582044105977 1.43399999863 0.00241090566851
v 0.00445477291942 1.43399999863 0.00445477291942
v 0.00241090566851 1.43399999863 0.00582044105977
v 3.85763743675e-19 1.43399999863 0.00630000000820
v -0.00241090566851 1.43399999863 0.00582044105977
v -0.00445477291942 1.43399999863 0.00445477291942
v -0.00582044105977 1.43399999863 0.00241090566851
v -0.00630000000820 1.43399999863 7.71527487350e-19
v -0.00582044105977 1.43399999863 -0.00241090566851
v -0.00445477291942 1.43399999863 -0.00445477291942
v -0.00241090566851 1.43399999863 -0.00582044105977
v -1.15729123103e-18 1.43399999863 -0.00630000000820
v 0.00241090566851 1.43399999863 -0.00582044105977
v 0.00445477291942 1.43399999863 -0.00445477291942
v 0.00582044105977 1.43399999863 -0.00241090566851
v 0.00630000000820 1.43399999863 0.00000000000
v 0.00630000000820 1.42299999869 0.00000000000
v 0.00582044105977 1.43399999863 0.00241090566851
v 0.00582044105977 1.42299999869 0.00241090566851
v 0.00582044105977 1.43399999863 0.00241090566851
v 0.00582044105977 1.42299999869 0.00241090566851
v 0.00445477291942 1.43399999863 0.00445477291942
v 0.00445477291942 1.42299999869 0.00445477291942
v 0.00445477291942 1.43399999863 0.00445477291942
v 0.00445477291942 1.42299999869 0.00445477291942
v 0.00241090566851 1.43399999863 0.00582044105977
v 0.00241090566851 1.42299999869 0.00582044105977
v 0.00241090566851 1.43399999863 0.00582044105977
v 0.00241090566851 1.42299999869 0.00582044105977
v 3.85763743675e-19 1.43399999863 0.00630000000820
v 3.85763743675e-19 1.42299999869 0.00630000000820
v 3.85763743675e-19 1.43399999863 0.00630000000820
v 3.85763743675e-19 1.42299999869 0.00630000000820
v -0.00241090566851 1.43399999863 0.00582044105977
v -0.00241090566851 1.42299999869 0.00582044105977
v -0.00241090566851 1.43399999863 0.00582044105977
v -0.00241090566851 1.42299999869 0.00582044105977
v -0.00445477291942 1.43399999863 0.00445477291942
v -0.00445477291942 1.42299999869 0.00445477291942
v -0.00445477291942 1.43399999863 0.00445477291942
v -0.00445477291942 1.42299999869 0.00445477291942
v -0.00582044105977 1.43399999863 0.00241090566851
v -0.00582044105977 1.42299999869 0.00241090566851
v -0.00582044105977 1.43399999863 0.00241090566851
v -0.00582044105977 1.42299999869 0.00241090566851
v -0.00630000000820 1.43399999863 7.71527487350e-19
v -0.00630000000820 1.42299999869 7.71527487350e-19
v -0.00630000000820 1.43399999863 7.71527487350e-19
v -0.00630000000820 1.42299999869 7.71527487350e-19
v -0.00582044105977 1.43399999863 -0.00241090566851
v -0.00582044105977 1.42299999869 -0.00241090566851
v -0.00582044105977 1.43399999863 -0.00241090566851
v -0.00582044105977 1.42299999869 -0.00241090566851
v -0.00445477291942 1.43399999863 -0.00445477291942
v -0.00445477291942 1.42299999869 -0.00445477291942
v -0.00445477291942 1.43399999863 -0.00445477291942
v -0.00445477291942 1.42299999869 -0.00445477291942
v -0.00241090566851 1.43399999863 -0.00582044105977
v -0.00241090566851 1.42299999869 -0.00582044105977
v -0.00241090566851 1.43399999863 -0.00582044105977
v -0.00241090566851 1.42299999869 -0.00582044105977
v -1.15729123103e-18 1.43399999863 -0.00630000000820
v -1.15729123103e-18 1.42299999869 -0.00630000000820
v -1.15729123103e-18 1.43399999863 -0.00630000000820
v -1.15729123103e-18 1.42299999869 -0.00630000000820
v 0.00241090566851 1.43399999863 -0.00582044105977
v 0.00241090566851 1.42299999869 -0.00582044105977
v 0.00241090566851 1.43399999863 -0.00582044105977
v 0.00241090566851 1.42299999869 -0.00582044105977
v 0.00445477291942 1.43399999863 -0.00445477291942
v 0.00445477291942 1.42299999869 -0.00445477291942
v 0.00445477291942 1.43399999863 -0.00445477291942
v 0.00445477291942 1.42299999869 -0.00445477291942
v 0.00582044105977 1.43399999863 -0.00241090566851
v 0.00582044105977 1.42299999869 -0.00241090566851
v 0.00582044105977 1.43399999863 -0.00241090566851
v 0.00582044105977 1.42299999869 -0.00241090566851
v 0.00630000000820 1.43399999863 0.00000000000
v 0.00630000000820 1.42299999869 0.00000000000
vt 0 0
vt 0 0.04545454680919647
vt 0.0625 0
vt 0.0625 0.04545454680919647
vt 0.125 0
vt 0.125 0.04545454680919647
vt 0.1875 0
vt 0.1875 0.04545454680919647
vt 0.25 0
vt 0.25 0.04545454680919647
vt 0.3125 0
vt 0.3125 0.04545454680919647
vt 0.375 0
vt 0.375 0.04545454680919647
vt 0.4375 0
vt 0.4375 0.04545454680919647
vt 0.5 0
vt 0.5 0.04545454680919647
vt 0.5625 0
vt 0.5625 0.04545454680919647
vt 0.625 0
vt 0.625 0.04545454680919647
vt 0.6875 0
vt 0.6875 0.04545454680919647
vt 0.75 0
vt 0.75 0.04545454680919647
vt 0.8125 0
vt 0.8125 0.04545454680919647
vt 0.875 0
vt 0.875 0.04545454680919647
vt 0.9375 0
vt 0.9375 0.04545454680919647
vt 0 0.04545454680919647
vt 0 0.09090909361839294
vt 0.0625 0.04545454680919647
vt 0.0625 0.09090909361839294
vt 0.0625 0.04545454680919647
vt 0.0625 0.09090909361839294
vt 0.125 0.04545454680919647
vt 0.125 0.09090909361839294
vt 0.125 0.04545454680919647
vt 0.125 0.09090909361839294
vt 0.1875 0.04545454680919647
vt 0.1875 0.09090909361839294
vt 0.1875 0.04545454680919647
vt 0.1875 0.09090909361839294
vt 0.25 0.04545454680919647
vt 0.25 0.09090909361839294
vt 0.25 0.04545454680919647
vt 0.25 0.09090909361839294
vt 0.3125 0.04545454680919647
vt 0.3125 0.09090909361839294
vt 0.3125 0.04545454680919647
vt 0.3125 0.09090909361839294
vt 0.375 0.04545454680919647
vt 0.375 0.09090909361839294
vt 0.375 0.04545454680919647
vt 0.375 0.09090909361839294
vt 0.4375 0.04545454680919647
vt 0.4375 0.09090909361839294
vt 0.4375 0.04545454680919647
vt 0.4375 0.09090909361839294
vt 0.5 0.04545454680919647
vt 0.5 0.09090909361839294
vt 0.5 0.04545454680919647
vt 0.5 0.09090909361839294
vt 0.5625 0.04545454680919647
vt 0.5625 0.09090909361839294
vt 0.5625 0.04545454680919647
vt 0.5625 0.09090909361839294
vt 0.625 0.04545454680919647
vt 0.625 0.09090909361839294
vt 0.625 0.04545454680919647
vt 0.625 0.09090909361839294
vt 0.6875 0.04545454680919647
vt 0.6875 0.09090909361839294
vt 0.6875 0.04545454680919647
vt 0.6875 0.09090909361839294
vt 0.75 0.04545454680919647
vt 0.75 0.09090909361839294
vt 0.75 0.04545454680919647
vt 0.75 0.09090909361839294
vt 0.8125 0.04545454680919647
vt 0.8125 0.09090909361839294
vt 0.8125 0.04545454680919647
vt 0.8125 0.09090909361839294
vt 0.875 0.04545454680919647
vt 0.875 0.09090909361839294
vt 0.875 0.04545454680919647
vt 0.875 0.09090909361839294
vt 0.9375 0.04545454680919647
vt 0.9375 0.09090909361839294
vt 0.9375 0.04545454680919647
vt 0.9375 0.09090909361839294
vt 0 0.04545454680919647
vt 0 0.09090909361839294
vt 0 0.09090909361839294
vt 0 0.13636364042758942
vt 0.0625 0.09090909361839294
vt 0.0625 0.13636364042758942
vt 0.0625 0.09090909361839294
vt 0.0625 0.13636364042758942
vt 0.125 0.09090909361839294
vt 0.125 0.13636364042758942
vt 0.125 0.09090909361839294
vt 0.125 0.13636364042758942
vt 0.1875 0.09090909361839294
vt 0.1875 0.13636364042758942
vt 0.1875 0.09090909361839294
vt 0.1875 0.13636364042758942
vt 0.25 0.09090909361839294
vt 0.25 0.13636364042758942
vt 0.25 0.09090909361839294
vt 0.25 0.13636364042758942
vt 0.3125 0.09090909361839294
vt 0.3125 0.13636364042758942
vt 0.3125 0.09090909361839294
vt 0.3125 0.13636364042758942
vt 0.375 0.09090909361839294
vt 0.375 0.13636364042758942
vt 0.375 0.09090909361839294
vt 0.375 0.13636364042758942
vt 0.4375 0.09090909361839294
vt 0.4375 0.13636364042758942
vt 0.4375 0.09090909361839294
vt 0.4375 0.13636364042758942
vt 0.5 0.09090909361839294
vt 0.5 0.13636364042758942
vt 0.5 0.09090909361839294
vt 0.5 0.13636364042758942
vt 0.5625 0.09090909361839294
vt 0.5625 0.13636364042758942
vt 0.5625 0.09090909361839294
vt 0.5625 0.13636364042758942
vt 0.625 0.09090909361839294
vt 0.625 0.13636364042758942
vt 0.625 0.09090909361839294
vt 0.625 0.13636364042758942
vt 0.6875 0.09090909361839294
vt 0.6875 0.13636364042758942
vt 0.6875 0.09090909361839294
vt 0.6875 0.13636364042758942
vt 0.75 0.09090909361839294
vt 0.75 0.13636364042758942
vt 0.75 0.09090909361839294
vt 0.75 0.13636364042758942
vt 0.8125 0.09090909361839294
vt 0.8125 0.13636364042758942
vt 0.8125 0.09090909361839294
vt 0.8125 0.13636364042758942
vt 0.875 0.09090909361839294
vt 0.875 0.13636364042758942
vt 0.875 0.09090909361839294
vt 0.875 0.13636364042758942
vt 0.9375 0.09090909361839294
vt 0.9375 0.13636364042758942
vt 0.9375 0.09090909361839294
vt 0.9375 0.13636364042758942
vt 0 0.09090909361839294
vt 0 0.13636364042758942
vt 0 0.13636364042758942
vt 0 0.1818181872367859
vt 0.0625 0.13636364042758942
vt 0.0625 0.1818181872367859
vt 0.0625 0.13636364042758942
vt 0.0625 0.1818181872367859
vt 0.125 0.13636364042758942
vt 0.125 0.1818181872367859
vt 0.125 0.13636364042758942
vt 0.125 0.1818181872367859
vt 0.1875 0.13636364042758942
vt 0.1875 0.1818181872367859
vt 0.1875 0.13636364042758942
vt 0.1875 0.1818181872367859
vt 0.25 0.13636364042758942
vt 0.25 0.1818181872367859
vt 0.3125 0.13636364042758942
vt 0.3125 0.1818181872367859
vt 0.3125 0.13636364042758942
vt 0.3125 0.1818181872367859
vt 0.375 0.13636364042758942
vt 0.375 0.1818181872367859
vt 0.375 0.13636364042758942
vt 0.375 0.1818181872367859
vt 0.4375 0.13636364042758942
vt 0.4375 0.1818181872367859
vt 0.4375 0.13636364042758942
vt 0.4375 0.1818181872367859
vt 0.5 0.13636364042758942
vt 0.5 0.1818181872367859
vt 0.5625 0.13636364042758942
vt 0.5625 0.1818181872367859
vt 0.5625 0.13636364042758942
vt 0.5625 0.1818181872367859
vt 0.625 0.13636364042758942
vt 0.625 0.1818181872367859
vt 0.625 0.13636364042758942
vt 0.625 0.1818181872367859
vt 0.6875 0.13636364042758942
vt 0.6875 0.1818181872367859
vt 0.6875 0.13636364042758942
vt 0.6875 0.1818181872367859
vt 0.75 0.13636364042758942
vt 0.75 0.1818181872367859
vt 0.8125 0.13636364042758942
vt 0.8125 0.1818181872367859
vt 0.8125 0.13636364042758942
vt 0.8125 0.1818181872367859
vt 0.875 0.13636364042758942
vt 0.875 0.1818181872367859
vt 0.875 0.13636364042758942
vt 0.875 0.1818181872367859
vt 0.9375 0.13636364042758942
vt 0.9375 0.1818181872367859
vt 0.9375 0.13636364042758942
vt 0.9375 0.1818181872367859
vt 0 0.1818181872367859
vt 0 0.22727273404598236
vt 0.0625 0.1818181872367859
vt 0.0625 0.22727273404598236
vt 0.0625 0.1818181872367859
vt 0.0625 0.22727273404598236
vt 0.125 0.1818181872367859
vt 0.125 0.22727273404598236
vt 0.125 0.1818181872367859
vt 0.125 0.22727273404598236
vt 0.1875 0.1818181872367859
vt 0.1875 0.22727273404598236
vt 0.1875 0.1818181872367859
vt 0.1875 0.22727273404598236
vt 0.25 0.1818181872367859
vt 0.25 0.22727273404598236
vt 0.3125 0.1818181872367859
vt 0.3125 0.22727273404598236
vt 0.3125 0.1818181872367859
vt 0.3125 0.22727273404598236
vt 0.375 0.1818181872367859
vt 0.375 0.22727273404598236
vt 0.375 0.1818181872367859
vt 0.375 0.22727273404598236
vt 0.4375 0.1818181872367859
vt 0.4375 0.22727273404598236
vt 0.4375 0.1818181872367859
vt 0.4375 0.22727273404598236
vt 0.5 0.1818181872367859
vt 0.5 0.22727273404598236
vt 0.5625 0.1818181872367859
vt 0.5625 0.22727273404598236
vt 0.5625 0.1818181872367859
vt 0.5625 0.22727273404598236
vt 0.625 0.1818181872367859
vt 0.625 0.22727273404598236
vt 0.625 0.1818181872367859
vt 0.625 0.22727273404598236
vt 0.6875 0.1818181872367859
vt 0.6875 0.22727273404598236
vt 0.6875 0.1818181872367859
vt 0.6875 0.22727273404598236
vt 0.75 0.1818181872367859
vt 0.75 0.22727273404598236
vt 0.8125 0.1818181872367859
vt 0.8125 0.22727273404598236
vt 0.8125 0.1818181872367859
vt 0.8125 0.22727273404598236
vt 0.875 0.1818181872367859
vt 0.875 0.22727273404598236
vt 0.875 0.1818181872367859
vt 0.875 0.22727273404598236
vt 0.9375 0.1818181872367859
vt 0.9375 0.22727273404598236
vt 0.9375 0.1818181872367859
vt 0.9375 0.22727273404598236
vt 0 0.22727273404598236
vt 0 0.27272728085517883
vt 0.0625 0.22727273404598236
vt 0.0625 0.27272728085517883
vt 0.0625 0.22727273404598236
vt 0.0625 0.27272728085517883
vt 0.125 0.22727273404598236
vt 0.125 0.27272728085517883
vt 0.125 0.22727273404598236
vt 0.125 0.27272728085517883
vt 0.1875 0.22727273404598236
vt 0.1875 0.27272728085517883
vt 0.1875 0.22727273404598236
vt 0.1875 0.27272728085517883
vt 0.25 0.22727273404598236
vt 0.25 0.27272728085517883
vt 0.3125 0.22727273404598236
vt 0.3125 0.27272728085517883
vt 0.3125 0.22727273404598236
vt 0.3125 0.27272728085517883
vt 0.375 0.22727273404598236
vt 0.375 0.27272728085517883
vt 0.375 0.22727273404598236
vt 0.375 0.27272728085517883
vt 0.4375 0.22727273404598236
vt 0.4375 0.27272728085517883
vt 0.4375 0.22727273404598236
vt 0.4375 0.27272728085517883
vt 0.5 0.22727273404598236
vt 0.5 0.27272728085517883
vt 0.5625 0.22727273404598236
vt 0.5625 0.27272728085517883
vt 0.5625 0.22727273404598236
vt 0.5625 0.27272728085517883
vt 0.625 0.22727273404598236
vt 0.625 0.27272728085517883
vt 0.625 0.22727273404598236
vt 0.625 0.27272728085517883
vt 0.6875 0.22727273404598236
vt 0.6875 0.27272728085517883
vt 0.6875 0.22727273404598236
vt 0.6875 0.27272728085517883
vt 0.75 0.22727273404598236
vt 0.75 0.27272728085517883
vt 0.8125 0.22727273404598236
vt 0.8125 0.27272728085517883
vt 0.8125 0.22727273404598236
vt 0.8125 0.27272728085517883
vt 0.875 0.22727273404598236
vt 0.875 0.27272728085517883
vt 0.875 0.22727273404598236
vt 0.875 0.27272728085517883
vt 0.9375 0.22727273404598236
vt 0.9375 0.27272728085517883
vt 0.9375 0.22727273404598236
vt 0.9375 0.27272728085517883
vt 0 0.3181818127632141
vt 0.0625 0.3181818127632141
vt 0.0625 0.3181818127632141
vt 0.125 0.3181818127632141
vt 0.1875 0.3181818127632141
vt 0.1875 0.3181818127632141
vt 0.25 0.3181818127632141
vt 0.3125 0.3181818127632141
vt 0.3125 0.3181818127632141
vt 0.375 0.3181818127632141
vt 0.4375 0.3181818127632141
vt 0.4375 0.3181818127632141
vt 0.5 0.3181818127632141
vt 0.5625 0.3181818127632141
vt 0.5625 0.3181818127632141
vt 0.625 0.3181818127632141
vt 0.6875 0.3181818127632141
vt 0.6875 0.3181818127632141
vt 0.75 0.3181818127632141
vt 0.8125 0.3181818127632141
vt 0.8125 0.3181818127632141
vt 0.875 0.3181818127632141
vt 0.9375 0.3181818127632141
vt 0.9375 0.3181818127632141
vt 0 0.3636363744735718
vt 0.0625 0.3636363744735718
vt 0.0625 0.3636363744735718
vt 0.125 0.3636363744735718
vt 0.1875 0.3636363744735718
vt 0.1875 0.3636363744735718
vt 0.25 0.3636363744735718
vt 0.25 0.3636363744735718
vt 0.3125 0.3636363744735718
vt 0.3125 0.3636363744735718
vt 0.375 0.3636363744735718
vt 0.4375 0.3636363744735718
vt 0.4375 0.3636363744735718
vt 0.5 0.3636363744735718
vt 0.5 0.3636363744735718
vt 0.5625 0.3636363744735718
vt 0.5625 0.3636363744735718
vt 0.625 0.3636363744735718
vt 0.6875 0.3636363744735718
vt 0.6875 0.3636363744735718
vt 0.75 0.3636363744735718
vt 0.75 0.3636363744735718
vt 0.8125 0.3636363744735718
vt 0.8125 0.3636363744735718
vt 0.875 0.3636363744735718
vt 0.9375 0.3636363744735718
vt 0.9375 0.3636363744735718
vt 0 0.3636363744735718
vt 0 0.40909090638160706
vt 0.0625 0.40909090638160706
vt 0.0625 0.40909090638160706
vt 0.125 0.40909090638160706
vt 0.1875 0.40909090638160706
vt 0.1875 0.40909090638160706
vt 0.25 0.40909090638160706
vt 0.25 0.40909090638160706
vt 0.3125 0.40909090638160706
vt 0.3125 0.40909090638160706
vt 0.375 0.40909090638160706
vt 0.4375 0.40909090638160706
vt 0.4375 0.40909090638160706
vt 0.5 0.40909090638160706
vt 0.5 0.40909090638160706
vt 0.5625 0.40909090638160706
vt 0.5625 0.40909090638160706
vt 0.625 0.40909090638160706
vt 0.6875 0.40909090638160706
vt 0.6875 0.40909090638160706
vt 0.75 0.40909090638160706
vt 0.75 0.40909090638160706
vt 0.8125 0.40909090638160706
vt 0.8125 0.40909090638160706
vt 0.875 0.40909090638160706
vt 0.9375 0.40909090638160706
vt 0.9375 0.40909090638160706
vt 0 0.40909090638160706
vt 0 0.4545454680919647
vt 0.0625 0.4545454680919647
vt 0.0625 0.4545454680919647
vt 0.125 0.4545454680919647
vt 0.1875 0.4545454680919647
vt 0.1875 0.4545454680919647
vt 0.25 0.4545454680919647
vt 0.25 0.4545454680919647
vt 0.3125 0.4545454680919647
vt 0.3125 0.4545454680919647
vt 0.375 0.4545454680919647
vt 0.4375 0.4545454680919647
vt 0.4375 0.4545454680919647
vt 0.5 0.4545454680919647
vt 0.5 0.4545454680919647
vt 0.5625 0.4545454680919647
vt 0.5625 0.4545454680919647
vt 0.625 0.4545454680919647
vt 0.6875 0.4545454680919647
vt 0.6875 0.4545454680919647
vt 0.75 0.4545454680919647
vt 0.75 0.4545454680919647
vt 0.8125 0.4545454680919647
vt 0.8125 0.4545454680919647
vt 0.875 0.4545454680919647
vt 0.9375 0.4545454680919647
vt 0.9375 0.4545454680919647
vt 0 0.4545454680919647
vt 0 0.4545454680919647
vt 0 0.5
vt 0.0625 0.4545454680919647
vt 0.0625 0.5
vt 0.0625 0.4545454680919647
vt 0.0625 0.5
vt 0.125 0.5
vt 0.1875 0.4545454680919647
vt 0.1875 0.5
vt 0.1875 0.4545454680919647
vt 0.1875 0.5
vt 0.25 0.4545454680919647
vt 0.25 0.5
vt 0.25 0.4545454680919647
vt 0.25 0.5
vt 0.3125 0.4545454680919647
vt 0.3125 0.5
vt 0.3125 0.4545454680919647
vt 0.3125 0.5
vt 0.375 0.5
vt 0.4375 0.4545454680919647
vt 0.4375 0.5
vt 0.4375 0.4545454680919647
vt 0.4375 0.5
vt 0.5 0.4545454680919647
vt 0.5 0.5
vt 0.5 0.4545454680919647
vt 0.5 0.5
vt 0.5625 0.4545454680919647
vt 0.5625 0.5
vt 0.5625 0.4545454680919647
vt 0.5625 0.5
vt 0.625 0.5
vt 0.6875 0.4545454680919647
vt 0.6875 0.5
vt 0.6875 0.4545454680919647
vt 0.6875 0.5
vt 0.75 0.4545454680919647
vt 0.75 0.5
vt 0.75 0.4545454680919647
vt 0.75 0.5
vt 0.8125 0.4545454680919647
vt 0.8125 0.5
vt 0.8125 0.4545454680919647
vt 0.8125 0.5
vt 0.875 0.5
vt 0.9375 0.4545454680919647
vt 0.9375 0.5
vt 0.9375 0.4545454680919647
vt 0.9375 0.5
vt 0 0.4545454680919647
vt 0 0.5
vt 0 0.5
vt 0 0.5454545617103577
vt 0.0625 0.5
vt 0.0625 0.5454545617103577
vt 0.125 0.5
vt 0.125 0.5454545617103577
vt 0.1875 0.5
vt 0.1875 0.5454545617103577
vt 0.25 0.5
vt 0.25 0.5454545617103577
vt 0.3125 0.5
vt 0.3125 0.5454545617103577
vt 0.375 0.5
vt 0.375 0.5454545617103577
vt 0.4375 0.5
vt 0.4375 0.5454545617103577
vt 0.5 0.5
vt 0.5 0.5454545617103577
vt 0.5625 0.5
vt 0.5625 0.5454545617103577
vt 0.625 0.5
vt 0.625 0.5454545617103577
vt 0.6875 0.5
vt 0.6875 0.5454545617103577
vt 0.75 0.5
vt 0.75 0.5454545617103577
vt 0.8125 0.5
vt 0.8125 0.5454545617103577
vt 0.875 0.5
vt 0.875 0.5454545617103577
vt 0.9375 0.5
vt 0.9375 0.5454545617103577
vt 0 0.5454545617103577
vt 0 0.5909090638160706
vt 0.0625 0.5454545617103577
vt 0.0625 0.5909090638160706
vt 0.0625 0.5454545617103577
vt 0.0625 0.5909090638160706
vt 0.125 0.5454545617103577
vt 0.125 0.5909090638160706
vt 0.125 0.5909090638160706
vt 0.1875 0.5454545617103577
vt 0.1875 0.5909090638160706
vt 0.1875 0.5454545617103577
vt 0.1875 0.5909090638160706
vt 0.25 0.5454545617103577
vt 0.25 0.5909090638160706
vt 0.3125 0.5454545617103577
vt 0.3125 0.5909090638160706
vt 0.3125 0.5454545617103577
vt 0.3125 0.5909090638160706
vt 0.375 0.5454545617103577
vt 0.375 0.5909090638160706
vt 0.375 0.5909090638160706
vt 0.4375 0.5454545617103577
vt 0.4375 0.5909090638160706
vt 0.4375 0.5454545617103577
vt 0.4375 0.5909090638160706
vt 0.5 0.5454545617103577
vt 0.5 0.5909090638160706
vt 0.5625 0.5454545617103577
vt 0.5625 0.5909090638160706
vt 0.5625 0.5454545617103577
vt 0.5625 0.5909090638160706
vt 0.625 0.5454545617103577
vt 0.625 0.5909090638160706
vt 0.625 0.5909090638160706
vt 0.6875 0.5454545617103577
vt 0.6875 0.5909090638160706
vt 0.6875 0.5454545617103577
vt 0.6875 0.5909090638160706
vt 0.75 0.5454545617103577
vt 0.75 0.5909090638160706
vt 0.8125 0.5454545617103577
vt 0.8125 0.5909090638160706
vt 0.8125 0.5454545617103577
vt 0.8125 0.5909090638160706
vt 0.875 0.5454545617103577
vt 0.875 0.5909090638160706
vt 0.875 0.5909090638160706
vt 0.9375 0.5454545617103577
vt 0.9375 0.5909090638160706
vt 0.9375 0.5454545617103577
vt 0.9375 0.5909090638160706
vt 0 0.6363636255264282
vt 0.0625 0.6363636255264282
vt 0.0625 0.6363636255264282
vt 0.125 0.6363636255264282
vt 0.125 0.6363636255264282
vt 0.1875 0.6363636255264282
vt 0.1875 0.6363636255264282
vt 0.25 0.6363636255264282
vt 0.3125 0.6363636255264282
vt 0.3125 0.6363636255264282
vt 0.375 0.6363636255264282
vt 0.375 0.6363636255264282
vt 0.4375 0.6363636255264282
vt 0.4375 0.6363636255264282
vt 0.5 0.6363636255264282
vt 0.5625 0.6363636255264282
vt 0.5625 0.6363636255264282
vt 0.625 0.6363636255264282
vt 0.625 0.6363636255264282
vt 0.6875 0.6363636255264282
vt 0.6875 0.6363636255264282
vt 0.75 0.6363636255264282
vt 0.8125 0.6363636255264282
vt 0.8125 0.6363636255264282
vt 0.875 0.6363636255264282
vt 0.875 0.6363636255264282
vt 0.9375 0.6363636255264282
vt 0.9375 0.6363636255264282
vt 0 0.6363636255264282
vt 0 0.6818181872367859
vt 0.0625 0.6363636255264282
vt 0.0625 0.6818181872367859
vt 0.125 0.6363636255264282
vt 0.125 0.6818181872367859
vt 0.1875 0.6363636255264282
vt 0.1875 0.6818181872367859
vt 0.25 0.6363636255264282
vt 0.25 0.6818181872367859
vt 0.3125 0.6363636255264282
vt 0.3125 0.6818181872367859
vt 0.375 0.6363636255264282
vt 0.375 0.6818181872367859
vt 0.4375 0.6363636255264282
vt 0.4375 0.6818181872367859
vt 0.5 0.6363636255264282
vt 0.5 0.6818181872367859
vt 0.5625 0.6363636255264282
vt 0.5625 0.6818181872367859
vt 0.625 0.6363636255264282
vt 0.625 0.6818181872367859
vt 0.6875 0.6363636255264282
vt 0.6875 0.6818181872367859
vt 0.75 0.6363636255264282
vt 0.75 0.6818181872367859
vt 0.8125 0.6363636255264282
vt 0.8125 0.6818181872367859
vt 0.875 0.6363636255264282
vt 0.875 0.6818181872367859
vt 0.9375 0.6363636255264282
vt 0.9375 0.6818181872367859
vt 0 0.6818181872367859
vt 0 0.7272727489471436
vt 0.0625 0.6818181872367859
vt 0.0625 0.7272727489471436
vt 0.0625 0.6818181872367859
vt 0.0625 0.7272727489471436
vt 0.125 0.6818181872367859
vt 0.125 0.7272727489471436
vt 0.125 0.6818181872367859
vt 0.125 0.7272727489471436
vt 0.1875 0.6818181872367859
vt 0.1875 0.7272727489471436
vt 0.1875 0.6818181872367859
vt 0.1875 0.7272727489471436
vt 0.25 0.6818181872367859
vt 0.25 0.7272727489471436
vt 0.25 0.6818181872367859
vt 0.3125 0.6818181872367859
vt 0.3125 0.7272727489471436
vt 0.3125 0.6818181872367859
vt 0.3125 0.7272727489471436
vt 0.375 0.6818181872367859
vt 0.375 0.7272727489471436
vt 0.375 0.6818181872367859
vt 0.375 0.7272727489471436
vt 0.4375 0.6818181872367859
vt 0.4375 0.7272727489471436
vt 0.4375 0.6818181872367859
vt 0.4375 0.7272727489471436
vt 0.5 0.6818181872367859
vt 0.5 0.7272727489471436
vt 0.5 0.6818181872367859
vt 0.5625 0.6818181872367859
vt 0.5625 0.7272727489471436
vt 0.5625 0.6818181872367859
vt 0.5625 0.7272727489471436
vt 0.625 0.6818181872367859
vt 0.625 0.7272727489471436
vt 0.625 0.6818181872367859
vt 0.625 0.7272727489471436
vt 0.6875 0.6818181872367859
vt 0.6875 0.7272727489471436
vt 0.6875 0.6818181872367859
vt 0.6875 0.7272727489471436
vt 0.75 0.6818181872367859
vt 0.75 0.7272727489471436
vt 0.75 0.6818181872367859
vt 0.8125 0.6818181872367859
vt 0.8125 0.7272727489471436
vt 0.8125 0.6818181872367859
vt 0.8125 0.7272727489471436
vt 0.875 0.6818181872367859
vt 0.875 0.7272727489471436
vt 0.875 0.6818181872367859
vt 0.875 0.7272727489471436
vt 0.9375 0.6818181872367859
vt 0.9375 0.7272727489471436
vt 0.9375 0.6818181872367859
vt 0.9375 0.7272727489471436
vt 0 0.6818181872367859
vt 0 0.7272727489471436
vt 0 0.7727272510528564
vt 0.0625 0.7272727489471436
vt 0.0625 0.7727272510528564
vt 0.125 0.7272727489471436
vt 0.125 0.7727272510528564
vt 0.1875 0.7272727489471436
vt 0.1875 0.7727272510528564
vt 0.25 0.7272727489471436
vt 0.25 0.7727272510528564
vt 0.3125 0.7272727489471436
vt 0.3125 0.7727272510528564
vt 0.375 0.7272727489471436
vt 0.375 0.7727272510528564
vt 0.4375 0.7272727489471436
vt 0.4375 0.7727272510528564
vt 0.5 0.7272727489471436
vt 0.5 0.7727272510528564
vt 0.5625 0.7272727489471436
vt 0.5625 0.7727272510528564
vt 0.625 0.7272727489471436
vt 0.625 0.7727272510528564
vt 0.6875 0.7272727489471436
vt 0.6875 0.7727272510528564
vt 0.75 0.7272727489471436
vt 0.75 0.7727272510528564
vt 0.8125 0.7272727489471436
vt 0.8125 0.7727272510528564
vt 0.875 0.7272727489471436
vt 0.875 0.7727272510528564
vt 0.9375 0.7272727489471436
vt 0.9375 0.7727272510528564
vt 0 0.8181818127632141
vt 0.0625 0.8181818127632141
vt 0.125 0.8181818127632141
vt 0.1875 0.8181818127632141
vt 0.25 0.8181818127632141
vt 0.3125 0.8181818127632141
vt 0.375 0.8181818127632141
vt 0.4375 0.8181818127632141
vt 0.5 0.8181818127632141
vt 0.5625 0.8181818127632141
vt 0.625 0.8181818127632141
vt 0.6875 0.8181818127632141
vt 0.75 0.8181818127632141
vt 0.8125 0.8181818127632141
vt 0.875 0.8181818127632141
vt 0.9375 0.8181818127632141
vt 0 0.8636363744735718
vt 0.0625 0.8636363744735718
vt 0.125 0.8636363744735718
vt 0.1875 0.8636363744735718
vt 0.25 0.8636363744735718
vt 0.3125 0.8636363744735718
vt 0.375 0.8636363744735718
vt 0.4375 0.8636363744735718
vt 0.5 0.8636363744735718
vt 0.5625 0.8636363744735718
vt 0.625 0.8636363744735718
vt 0.6875 0.8636363744735718
vt 0.75 0.8636363744735718
vt 0.8125 0.8636363744735718
vt 0.875 0.8636363744735718
vt 0.9375 0.8636363744735718
vt 0 0.9090909361839294
vt 0 0.9545454382896423
vt 0 1
vt 0.0625 1
vt 0.125 1
vt 0.1875 1
vt 0.25 1
vt 0.3125 1
vt 0.375 1
vt 0.4375 1
vt 0.5 1
vt 0.5625 1
vt 0.625 1
vt 0.6875 1
vt 0.75 1
vt 0.8125 1
vt 0.875 1
vt 0.9375 1
vt 0 1
vt 0 0
vt 0.0625 1
vt 0.0625 0
vt 0.0625 1
vt 0.0625 0
vt 0.125 1
vt 0.125 0
vt 0.125 1
vt 0.125 0
vt 0.1875 1
vt 0.1875 0
vt 0.1875 1
vt 0.1875 0
vt 0.25 1
vt 0.25 0
vt 0.25 1
vt 0.25 0
vt 0.3125 1
vt 0.3125 0
vt 0.3125 1
vt 0.3125 0
vt 0.375 1
vt 0.375 0
vt 0.375 1
vt 0.375 0
vt 0.4375 1
vt 0.4375 0
vt 0.4375 1
vt 0.4375 0
vt 0.5 1
vt 0.5 0
vt 0.5 1
vt 0.5 0
vt 0.5625 1
vt 0.5625 0
vt 0.5625 1
vt 0.5625 0
vt 0.625 1
vt 0.625 0
vt 0.625 1
vt 0.625 0
vt 0.6875 1
vt 0.6875 0
vt 0.6875 1
vt 0.6875 0
vt 0.75 1
vt 0.75 0
vt 0.75 1
vt 0.75 0
vt 0.8125 1
vt 0.8125 0
vt 0.8125 1
vt 0.8125 0
vt 0.875 1
vt 0.875 0
vt 0.875 1
vt 0.875 0
vt 0.9375 1
vt 0.9375 0
vt 0.9375 1
vt 0.9375 0
vt 0 1
vt 0 0
vn 0.00000000000 -1.00000000000 0.00000000000
vn 0.00000000000 -1.00000000000 0.00000000000
vn 0.00000000000 -1.00000000000 0.00000000000
vn 0.00000000000 -1.00000000000 0.00000000000
vn 0.00000000000 -1.00000000000 0.00000000000
vn 0.00000000000 -1.00000000000 0.00000000000
vn 0.00000000000 -1.00000000000 0.00000000000
vn 0.00000000000 -1.00000000000 0.00000000000
vn 0.00000000000 -1.00000000000 0.00000000000
vn 0.00000000000 -1.00000000000 0.00000000000
vn 0.00000000000 -1.00000000000 0.00000000000
vn 0.00000000000 -1.00000000000 0.00000000000
vn 0.00000000000 -1.00000000000 0.00000000000
vn 0.00000000000 -1.00000000000 0.00000000000
vn 0.00000000000 -1.00000000000 0.00000000000
vn 0.00000000000 -1.00000000000 0.00000000000
vn 0.00000000000 -1.00000000000 0.00000000000
vn 0.00000000000 -1.00000000000 0.00000000000
vn 0.00000000000 -1.00000000000 0.00000000000
vn 0.00000000000 -1.00000000000 0.00000000000
vn 0.00000000000 -1.00000000000 0.00000000000
vn 0.00000000000 -1.00000000000 0.00000000000
vn 0.00000000000 -1.00000000000 0.00000000000
vn 0.00000000000 -1.00000000000 0.00000000000
vn 0.00000000000 -1.00000000000 0.00000000000
vn 0.00000000000 -1.00000000000 0.00000000000
vn 0.00000000000 -1.00000000000 0.00000000000
vn 0.00000000000 -1.00000000000 0.00000000000
vn 0.00000000000 -1.00000000000 0.00000000000
vn 0.00000000000 -1.00000000000 0.00000000000
vn 0.00000000000 -1.00000000000 0.00000000000
vn 0.00000000000 -1.00000000000 0.00000000000
vn 0.729608161626 -0.666081711476 0.154942196081
vn 0.822965617120 -0.561028358029 0.0893015930778
vn 0.729608161626 -0.666081711476 0.154942196081
vn 0.729608161626 -0.666081711476 0.154942196081
vn 0.628951601738 -0.638670138955 0.443306142839
vn 0.628951601738 -0.638670138955 0.443306142839
vn 0.628951601738 -0.638670138955 0.443306142839
vn 0.628951601738 -0.638670138955 0.443306142839
vn 0.439598176165 -0.629990343953 0.640207474213
vn 0.439598176165 -0.629990343953 0.640207474213
vn 0.439598176165 -0.629990343953 0.640207474213
vn 0.439598176165 -0.629990343953 0.640207474213
vn 0.161840544144 -0.682777826208 0.712476019463
vn 0.161840544144 -0.682777826208 0.712476019463
vn 0.161840544144 -0.682777826208 0.712476019463
vn 0.0547805355628 -0.458648802213 0.886927488102
vn -0.154942196081 -0.666081711476 0.729608161626
vn -0.0893015930778 -0.561028358029 0.822965617120
vn -0.154942196081 -0.666081711476 0.729608161626
vn -0.154942196081 -0.666081711476 0.729608161626
vn -0.443306142839 -0.638670138955 0.628951601738
vn -0.443306142839 -0.638670138955 0.628951601738
vn -0.443306142839 -0.638670138955 0.628951601738
vn -0.443306142839 -0.638670138955 0.628951601738
vn -0.640207474213 -0.629990343953 0.439598176165
vn -0.640207474213 -0.629990343953 0.439598176165
vn -0.640207474213 -0.629990343953 0.439598176165
vn -0.640207474213 -0.629990343953 0.439598176165
vn -0.712476019463 -0.682777826208 0.161840544144
vn -0.712476019463 -0.682777826208 0.161840544144
vn -0.712476019463 -0.682777826208 0.161840544144
vn -0.886927488102 -0.458648802213 0.0547805355628
vn -0.729608161626 -0.666081711476 -0.154942196081
vn -0.822965617120 -0.561028358029 -0.0893015930778
vn -0.729608161626 -0.666081711476 -0.154942196081
vn -0.729608161626 -0.666081711476 -0.154942196081
vn -0.628951601738 -0.638670138955 -0.443306142839
vn -0.628951601738 -0.638670138955 -0.443306142839
vn -0.628951601738 -0.638670138955 -0.443306142839
vn -0.628951601738 -0.638670138955 -0.443306142839
vn -0.439598176165 -0.629990343953 -0.640207474213
vn -0.439598176165 -0.629990343953 -0.640207474213
vn -0.439598176165 -0.629990343953 -0.640207474213
vn -0.439598176165 -0.629990343953 -0.640207474213
vn -0.161840544144 -0.682777826208 -0.712476019463
vn -0.161840544144 -0.682777826208 -0.712476019463
vn -0.161840544144 -0.682777826208 -0.712476019463
vn -0.0547805355628 -0.458648802213 -0.886927488102
vn 0.154942196081 -0.666081711476 -0.729608161626
vn 0.0893015930778 -0.561028358029 -0.822965617120
vn 0.154942196081 -0.666081711476 -0.729608161626
vn 0.154942196081 -0.666081711476 -0.729608161626
vn 0.443306142839 -0.638670138955 -0.628951601738
vn 0.443306142839 -0.638670138955 -0.628951601738
vn 0.443306142839 -0.638670138955 -0.628951601738
vn 0.443306142839 -0.638670138955 -0.628951601738
vn 0.640207474213 -0.629990343953 -0.439598176165
vn 0.640207474213 -0.629990343953 -0.439598176165
vn 0.640207474213 -0.629990343953 -0.439598176165
vn 0.640207474213 -0.629990343953 -0.439598176165
vn 0.712476019463 -0.682777826208 -0.161840544144
vn 0.712476019463 -0.682777826208 -0.161840544144
vn 0.712476019463 -0.682777826208 -0.161840544144
vn 0.886927488102 -0.458648802213 -0.0547805355628
vn 0.951578982944 -0.306859764127 0.0182900076449
vn 0.919887370957 -0.382780286622 0.0853608629686
vn 0.991111052953 -0.128484235878 0.0345062580704
vn 0.977946919452 0.145669889804 0.149666649385
vn 0.871052495096 -0.176696567005 0.458307619396
vn 0.835690548654 0.109688332946 0.538135462970
vn 0.871052495096 -0.176696567005 0.458307619396
vn 0.835690548654 0.109688332946 0.538135462970
vn 0.445198156321 -0.178016323003 0.877558425606
vn 0.552901035540 0.109267079517 0.826051542116
vn 0.445198156321 -0.178016323003 0.877558425606
vn 0.552901035540 0.109267079517 0.826051542116
vn 0.0221973111899 -0.155022229854 0.987661575453
vn 0.149720278216 0.164497670054 0.974948385730
vn 0.0897808836207 -0.188013139779 0.978054421904
vn 0.0865004527611 -0.384233303879 0.919174869033
vn -0.0182900076449 -0.306859764127 0.951578982944
vn -0.0853608629686 -0.382780286622 0.919887370957
vn -0.0345062580704 -0.128484235878 0.991111052953
vn -0.149666649385 0.145669889804 0.977946919452
vn -0.458307619396 -0.176696567005 0.871052495096
vn -0.538135462970 0.109688332946 0.835690548654
vn -0.458307619396 -0.176696567005 0.871052495096
vn -0.538135462970 0.109688332946 0.835690548654
vn -0.877558425606 -0.178016323003 0.445198156321
vn -0.826051542116 0.109267079517 0.552901035540
vn -0.877558425606 -0.178016323003 0.445198156321
vn -0.826051542116 0.109267079517 0.552901035540
vn -0.987661575453 -0.155022229854 0.0221973111899
vn -0.974948385730 0.164497670054 0.149720278216
vn -0.978054421904 -0.188013139779 0.0897808836207
vn -0.919174869033 -0.384233303879 0.0865004527611
vn -0.951578982944 -0.306859764127 -0.0182900076449
vn -0.919887370957 -0.382780286622 -0.0853608629686
vn -0.991111052953 -0.128484235878 -0.0345062580704
vn -0.977946919452 0.145669889804 -0.149666649385
vn -0.871052495096 -0.176696567005 -0.458307619396
vn -0.835690548654 0.109688332946 -0.538135462970
vn -0.871052495096 -0.176696567005 -0.458307619396
vn -0.835690548654 0.109688332946 -0.538135462970
vn -0.445198156321 -0.178016323003 -0.877558425606
vn -0.552901035540 0.109267079517 -0.826051542116
vn -0.445198156321 -0.178016323003 -0.877558425606
vn -0.552901035540 0.109267079517 -0.826051542116
vn -0.0221973111899 -0.155022229854 -0.987661575453
vn -0.149720278216 0.164497670054 -0.974948385730
vn -0.0897808836207 -0.188013139779 -0.978054421904
vn -0.0865004527611 -0.384233303879 -0.919174869033
vn 0.0182900076449 -0.306859764127 -0.951578982944
vn 0.0853608629686 -0.382780286622 -0.919887370957
vn 0.0345062580704 -0.128484235878 -0.991111052953
vn 0.149666649385 0.145669889804 -0.977946919452
vn 0.458307619396 -0.176696567005 -0.871052495096
vn 0.538135462970 0.109688332946 -0.835690548654
vn 0.458307619396 -0.176696567005 -0.871052495096
vn 0.538135462970 0.109688332946 -0.835690548654
vn 0.877558425606 -0.178016323003 -0.445198156321
vn 0.826051542116 0.109267079517 -0.552901035540
vn 0.877558425606 -0.178016323003 -0.445198156321
vn 0.826051542116 0.109267079517 -0.552901035540
vn 0.987661575453 -0.155022229854 -0.0221973111899
vn 0.974948385730 0.164497670054 -0.149720278216
vn 0.978054421904 -0.188013139779 -0.0897808836207
vn 0.919174869033 -0.384233303879 -0.0865004527611
vn 0.898054819772 0.439274600085 0.0231379861857
vn 0.898054819772 0.439274600085 0.0231379861857
vn 0.869686844388 0.445557953169 0.212421522136
vn 0.869686844388 0.445557953169 0.212421522136
vn 0.733151487380 0.397943522123 0.551479691152
vn 0.733151487380 0.397943522123 0.551479691152
vn 0.733151487380 0.397943522123 0.551479691152
vn 0.733151487380 0.397943522123 0.551479691152
vn 0.543594965399 0.388040012586 0.744264376566
vn 0.543594965399 0.388040012586 0.744264376566
vn 0.543594965399 0.388040012586 0.744264376566
vn 0.543594965399 0.388040012586 0.744264376566
vn 0.223584029212 0.444421029319 0.867467653910
vn 0.223584029212 0.444421029319 0.867467653910
vn -0.0231379861857 0.439274600085 0.898054819772
vn -0.0231379861857 0.439274600085 0.898054819772
vn -0.212421522136 0.445557953169 0.869686844388
vn -0.212421522136 0.445557953169 0.869686844388
vn -0.551479691152 0.397943522123 0.733151487380
vn -0.551479691152 0.397943522123 0.733151487380
vn -0.551479691152 0.397943522123 0.733151487380
vn -0.551479691152 0.397943522123 0.733151487380
vn -0.744264376566 0.388040012586 0.543594965399
vn -0.744264376566 0.388040012586 0.543594965399
vn -0.744264376566 0.388040012586 0.543594965399
vn -0.744264376566 0.388040012586 0.543594965399
vn -0.867467653910 0.444421029319 0.223584029212
vn -0.867467653910 0.444421029319 0.223584029212
vn -0.898054819772 0.439274600085 -0.0231379861857
vn -0.898054819772 0.439274600085 -0.0231379861857
vn -0.869686844388 0.445557953169 -0.212421522136
vn -0.869686844388 0.445557953169 -0.212421522136
vn -0.733151487380 0.397943522123 -0.551479691152
vn -0.733151487380 0.397943522123 -0.551479691152
vn -0.733151487380 0.397943522123 -0.551479691152
vn -0.733151487380 0.397943522123 -0.551479691152
vn -0.543594965399 0.388040012586 -0.744264376566
vn -0.543594965399 0.388040012586 -0.744264376566
vn -0.543594965399 0.388040012586 -0.744264376566
vn -0.543594965399 0.388040012586 -0.744264376566
vn -0.223584029212 0.444421029319 -0.867467653910
vn -0.223584029212 0.444421029319 -0.867467653910
vn 0.0231379861857 0.439274600085 -0.898054819772
vn 0.0231379861857 0.439274600085 -0.898054819772
vn 0.212421522136 0.445557953169 -0.869686844388
vn 0.212421522136 0.445557953169 -0.869686844388
vn 0.551479691152 0.397943522123 -0.733151487380
vn 0.551479691152 0.397943522123 -0.733151487380
vn 0.551479691152 0.397943522123 -0.733151487380
vn 0.551479691152 0.397943522123 -0.733151487380
vn 0.744264376566 0.388040012586 -0.543594965399
vn 0.744264376566 0.388040012586 -0.543594965399
vn 0.744264376566 0.388040012586 -0.543594965399
vn 0.744264376566 0.388040012586 -0.543594965399
vn 0.867467653910 0.444421029319 -0.223584029212
vn 0.867467653910 0.444421029319 -0.223584029212
vn 0.796723251745 -0.604322258580 -0.00516409849374
vn 0.796723251745 -0.604322258580 -0.00516409849374
vn 0.241540236271 -0.968821457986 0.0551660838648
vn 0.796723251745 -0.604322258580 -0.00516409849374
vn 0.193770603121 -0.972036186769 0.132659733826
vn 0.792325523077 -0.605493744524 0.0748170490163
vn 0.193770603121 -0.972036186769 0.132659733826
vn 0.193770603121 -0.972036186769 0.132659733826
vn 0.136593464710 -0.972049202834 0.190951754818
vn 0.136593464710 -0.972049202834 0.190951754818
vn 0.136593464710 -0.972049202834 0.190951754818
vn 0.0744224495215 -0.602950995450 0.794299311402
vn 0.0513000744012 -0.968084385422 0.245318008040
vn 0.00516409849374 -0.604322258580 0.796723251745
vn 0.00516409849374 -0.604322258580 0.796723251745
vn 0.00516409849374 -0.604322258580 0.796723251745
vn -0.0551660838648 -0.968821457986 0.241540236271
vn 0.00516409849374 -0.604322258580 0.796723251745
vn -0.132659733826 -0.972036186769 0.193770603121
vn -0.0748170490163 -0.605493744524 0.792325523077
vn -0.132659733826 -0.972036186769 0.193770603121
vn -0.132659733826 -0.972036186769 0.193770603121
vn -0.190951754818 -0.972049202834 0.136593464710
vn -0.190951754818 -0.972049202834 0.136593464710
vn -0.190951754818 -0.972049202834 0.136593464710
vn -0.794299311402 -0.602950995450 0.0744224495215
vn -0.245318008040 -0.968084385422 0.0513000744012
vn -0.796723251745 -0.604322258580 0.00516409849374
vn -0.796723251745 -0.604322258580 0.00516409849374
vn -0.796723251745 -0.604322258580 0.00516409849374
vn -0.241540236271 -0.968821457986 -0.0551660838648
vn -0.796723251745 -0.604322258580 0.00516409849374
vn -0.193770603121 -0.972036186769 -0.132659733826
vn -0.792325523077 -0.605493744524 -0.0748170490163
vn -0.193770603121 -0.972036186769 -0.132659733826
vn -0.193770603121 -0.972036186769 -0.132659733826
vn -0.136593464710 -0.972049202834 -0.190951754818
vn -0.136593464710 -0.972049202834 -0.190951754818
vn -0.136593464710 -0.972049202834 -0.190951754818
vn -0.0744224495215 -0.602950995450 -0.794299311402
vn -0.0513000744012 -0.968084385422 -0.245318008040
vn -0.00516409849374 -0.604322258580 -0.796723251745
vn -0.00516409849374 -0.604322258580 -0.796723251745
vn -0.00516409849374 -0.604322258580 -0.796723251745
vn 0.0551660838648 -0.968821457986 -0.241540236271
vn -0.00516409849374 -0.604322258580 -0.796723251745
vn 0.132659733826 -0.972036186769 -0.193770603121
vn 0.0748170490163 -0.605493744524 -0.792325523077
vn 0.132659733826 -0.972036186769 -0.193770603121
vn 0.132659733826 -0.972036186769 -0.193770603121
vn 0.190951754818 -0.972049202834 -0.136593464710
vn 0.190951754818 -0.972049202834 -0.136593464710
vn 0.190951754818 -0.972049202834 -0.136593464710
vn 0.794299311402 -0.602950995450 -0.0744224495215
vn 0.245318008040 -0.968084385422 -0.0513000744012
vn 0.796723251745 -0.604322258580 -0.00516409849374
vn 0.815459849912 -0.578811766464 -0.00147383299635
vn 0.815459849912 -0.578811766464 -0.00147383299635
vn 0.815459849912 -0.578811766464 -0.00147383299635
vn 0.815459849912 -0.578811766464 -0.00147383299635
vn 0.809702168189 -0.579997368023 0.0893613558360
vn 0.809702168189 -0.579997368023 0.0893613558360
vn 0.695419728163 -0.447003721810 0.562653600690
vn 0.695419728163 -0.447003721810 0.562653600690
vn 0.558004554798 -0.450527844158 0.696889932817
vn 0.558004554798 -0.450527844158 0.696889932817
vn 0.0953563173507 -0.582054507875 0.807539300966
vn 0.0953563173507 -0.582054507875 0.807539300966
vn 0.00147383299635 -0.578811766464 0.815459849912
vn 0.00147383299635 -0.578811766464 0.815459849912
vn 0.00147383299635 -0.578811766464 0.815459849912
vn 0.00147383299635 -0.578811766464 0.815459849912
vn 0.00147383299635 -0.578811766464 0.815459849912
vn 0.00147383299635 -0.578811766464 0.815459849912
vn -0.0893613558360 -0.579997368023 0.809702168189
vn -0.0893613558360 -0.579997368023 0.809702168189
vn -0.562653600690 -0.447003721810 0.695419728163
vn -0.562653600690 -0.447003721810 0.695419728163
vn -0.696889932817 -0.450527844158 0.558004554798
vn -0.696889932817 -0.450527844158 0.558004554798
vn -0.807539300966 -0.582054507875 0.0953563173507
vn -0.807539300966 -0.582054507875 0.0953563173507
vn -0.815459849912 -0.578811766464 0.00147383299635
vn -0.815459849912 -0.578811766464 0.00147383299635
vn -0.815459849912 -0.578811766464 0.00147383299635
vn -0.815459849912 -0.578811766464 0.00147383299635
vn -0.815459849912 -0.578811766464 0.00147383299635
vn -0.815459849912 -0.578811766464 0.00147383299635
vn -0.809702168189 -0.579997368023 -0.0893613558360
vn -0.809702168189 -0.579997368023 -0.0893613558360
vn -0.695419728163 -0.447003721810 -0.562653600690
vn -0.695419728163 -0.447003721810 -0.562653600690
vn -0.558004554798 -0.450527844158 -0.696889932817
vn -0.558004554798 -0.450527844158 -0.696889932817
vn -0.0953563173507 -0.582054507875 -0.807539300966
vn -0.0953563173507 -0.582054507875 -0.807539300966
vn -0.00147383299635 -0.578811766464 -0.815459849912
vn -0.00147383299635 -0.578811766464 -0.815459849912
vn -0.00147383299635 -0.578811766464 -0.815459849912
vn -0.00147383299635 -0.578811766464 -0.815459849912
vn -0.00147383299635 -0.578811766464 -0.815459849912
vn -0.00147383299635 -0.578811766464 -0.815459849912
vn 0.0893613558360 -0.579997368023 -0.809702168189
vn 0.0893613558360 -0.579997368023 -0.809702168189
vn 0.562653600690 -0.447003721810 -0.695419728163
vn 0.562653600690 -0.447003721810 -0.695419728163
vn 0.696889932817 -0.450527844158 -0.558004554798
vn 0.696889932817 -0.450527844158 -0.558004554798
vn 0.807539300966 -0.582054507875 -0.0953563173507
vn 0.807539300966 -0.582054507875 -0.0953563173507
vn 0.815459849912 -0.578811766464 -0.00147383299635
vn 0.815459849912 -0.578811766464 -0.00147383299635
vn 0.815459849912 -0.578811766464 -0.00147383299635
vn 0.815459849912 -0.578811766464 -0.00147383299635
vn 0.809702168189 -0.579997368023 0.0893613558360
vn 0.633970858375 -0.445982397805 0.631807448183
vn 0.0953563173507 -0.582054507875 0.807539300966
vn 0.00147383299635 -0.578811766464 0.815459849912
vn 0.00147383299635 -0.578811766464 0.815459849912
vn 0.00147383299635 -0.578811766464 0.815459849912
vn -0.0893613558360 -0.579997368023 0.809702168189
vn -0.631807448183 -0.445982397805 0.633970858375
vn -0.807539300966 -0.582054507875 0.0953563173507
vn -0.815459849912 -0.578811766464 0.00147383299635
vn -0.815459849912 -0.578811766464 0.00147383299635
vn -0.815459849912 -0.578811766464 0.00147383299635
vn -0.809702168189 -0.579997368023 -0.0893613558360
vn -0.633970858375 -0.445982397805 -0.631807448183
vn -0.0953563173507 -0.582054507875 -0.807539300966
vn -0.00147383299635 -0.578811766464 -0.815459849912
vn -0.00147383299635 -0.578811766464 -0.815459849912
vn -0.00147383299635 -0.578811766464 -0.815459849912
vn 0.0893613558360 -0.579997368023 -0.809702168189
vn 0.631807448183 -0.445982397805 -0.633970858375
vn 0.807539300966 -0.582054507875 -0.0953563173507
vn 0.815459849912 -0.578811766464 -0.00147383299635
vn 0.966172278207 -0.254923969581 0.0390499495083
vn 0.966172278207 -0.254923969581 0.0390499495083
vn 0.950116174394 -0.269331519615 0.157288867046
vn 0.681415686231 -0.232793170363 0.693887600690
vn 0.148887931080 -0.266003248896 0.952404670062
vn 0.0207267276636 -0.255063776409 0.966702059957
vn 0.0207267276636 -0.255063776409 0.966702059957
vn -0.0390499495083 -0.254923969581 0.966172278207
vn -0.0390499495083 -0.254923969581 0.966172278207
vn -0.157288867046 -0.269331519615 0.950116174394
vn -0.693887600690 -0.232793170363 0.681415686231
vn -0.952404670062 -0.266003248896 0.148887931080
vn -0.966702059957 -0.255063776409 0.0207267276636
vn -0.966702059957 -0.255063776409 0.0207267276636
vn -0.966172278207 -0.254923969581 -0.0390499495083
vn -0.966172278207 -0.254923969581 -0.0390499495083
vn -0.950116174394 -0.269331519615 -0.157288867046
vn -0.681415686231 -0.232793170363 -0.693887600690
vn -0.148887931080 -0.266003248896 -0.952404670062
vn -0.0207267276636 -0.255063776409 -0.966702059957
vn -0.0207267276636 -0.255063776409 -0.966702059957
vn 0.0390499495083 -0.254923969581 -0.966172278207
vn 0.0390499495083 -0.254923969581 -0.966172278207
vn 0.157288867046 -0.269331519615 -0.950116174394
vn 0.693887600690 -0.232793170363 -0.681415686231
vn 0.952404670062 -0.266003248896 -0.148887931080
vn 0.966702059957 -0.255063776409 -0.0207267276636
vn 0.966702059957 -0.255063776409 -0.0207267276636
vn 0.966172278207 -0.254923969581 0.0390499495083
vn 0.966172278207 -0.254923969581 0.0390499495083
vn 0.950116174394 -0.269331519615 0.157288867046
vn 0.681415686231 -0.232793170363 0.693887600690
vn 0.148887931080 -0.266003248896 0.952404670062
vn 0.0207267276636 -0.255063776409 0.966702059957
vn 0.0207267276636 -0.255063776409 0.966702059957
vn -0.0390499495083 -0.254923969581 0.966172278207
vn -0.0390499495083 -0.254923969581 0.966172278207
vn -0.157288867046 -0.269331519615 0.950116174394
vn -0.693887600690 -0.232793170363 0.681415686231
vn -0.952404670062 -0.266003248896 0.148887931080
vn -0.966702059957 -0.255063776409 0.0207267276636
vn -0.966702059957 -0.255063776409 0.0207267276636
vn -0.966172278207 -0.254923969581 -0.0390499495083
vn -0.966172278207 -0.254923969581 -0.0390499495083
vn -0.950116174394 -0.269331519615 -0.157288867046
vn -0.681415686231 -0.232793170363 -0.693887600690
vn -0.148887931080 -0.266003248896 -0.952404670062
vn -0.0207267276636 -0.255063776409 -0.966702059957
vn -0.0207267276636 -0.255063776409 -0.966702059957
vn 0.0390499495083 -0.254923969581 -0.966172278207
vn 0.0390499495083 -0.254923969581 -0.966172278207
vn 0.157288867046 -0.269331519615 -0.950116174394
vn 0.693887600690 -0.232793170363 -0.681415686231
vn 0.952404670062 -0.266003248896 -0.148887931080
vn 0.966702059957 -0.255063776409 -0.0207267276636
vn 0.966702059957 -0.255063776409 -0.0207267276636
vn 0.966172278207 -0.254923969581 0.0390499495083
vn 0.966172278207 -0.254923969581 0.0390499495083
vn 0.950116174394 -0.269331519615 0.157288867046
vn 0.681415686231 -0.232793170363 0.693887600690
vn 0.148887931080 -0.266003248896 0.952404670062
vn 0.0207267276636 -0.255063776409 0.966702059957
vn 0.0207267276636 -0.255063776409 0.966702059957
vn -0.0390499495083 -0.254923969581 0.966172278207
vn -0.0390499495083 -0.254923969581 0.966172278207
vn -0.157288867046 -0.269331519615 0.950116174394
vn -0.693887600690 -0.232793170363 0.681415686231
vn -0.952404670062 -0.266003248896 0.148887931080
vn -0.966702059957 -0.255063776409 0.0207267276636
vn -0.966702059957 -0.255063776409 0.0207267276636
vn -0.966172278207 -0.254923969581 -0.0390499495083
vn -0.966172278207 -0.254923969581 -0.0390499495083
vn -0.950116174394 -0.269331519615 -0.157288867046
vn -0.681415686231 -0.232793170363 -0.693887600690
vn -0.148887931080 -0.266003248896 -0.952404670062
vn -0.0207267276636 -0.255063776409 -0.966702059957
vn -0.0207267276636 -0.255063776409 -0.966702059957
vn 0.0390499495083 -0.254923969581 -0.966172278207
vn 0.0390499495083 -0.254923969581 -0.966172278207
vn 0.157288867046 -0.269331519615 -0.950116174394
vn 0.693887600690 -0.232793170363 -0.681415686231
vn 0.952404670062 -0.266003248896 -0.148887931080
vn 0.966702059957 -0.255063776409 -0.0207267276636
vn 0.966702059957 -0.255063776409 -0.0207267276636
vn 0.969973730437 -0.229667824521 0.0800228257575
vn 0.969973730437 -0.229667824521 0.0800228257575
vn 0.969973730437 -0.229667824521 0.0800228257575
vn 0.969973730437 -0.229667824521 0.0800228257575
vn 0.950153489226 -0.201419700279 0.237988342680
vn 0.950153489226 -0.201419700279 0.237988342680
vn 0.681415686231 -0.232793170363 0.693887600690
vn 0.229753377676 -0.195627095549 0.953385244764
vn 0.229753377676 -0.195627095549 0.953385244764
vn 0.0714593234878 -0.225960836826 0.971511845171
vn 0.0714593234878 -0.225960836826 0.971511845171
vn 0.0714593234878 -0.225960836826 0.971511845171
vn 0.0714593234878 -0.225960836826 0.971511845171
vn -0.0800228257575 -0.229667824521 0.969973730437
vn -0.0800228257575 -0.229667824521 0.969973730437
vn -0.0800228257575 -0.229667824521 0.969973730437
vn -0.0800228257575 -0.229667824521 0.969973730437
vn -0.237988342680 -0.201419700279 0.950153489226
vn -0.237988342680 -0.201419700279 0.950153489226
vn -0.693887600690 -0.232793170363 0.681415686231
vn -0.953385244764 -0.195627095549 0.229753377676
vn -0.953385244764 -0.195627095549 0.229753377676
vn -0.971511845171 -0.225960836826 0.0714593234878
vn -0.971511845171 -0.225960836826 0.0714593234878
vn -0.971511845171 -0.225960836826 0.0714593234878
vn -0.971511845171 -0.225960836826 0.0714593234878
vn -0.969973730437 -0.229667824521 -0.0800228257575
vn -0.969973730437 -0.229667824521 -0.0800228257575
vn -0.969973730437 -0.229667824521 -0.0800228257575
vn -0.969973730437 -0.229667824521 -0.0800228257575
vn -0.950153489226 -0.201419700279 -0.237988342680
vn -0.950153489226 -0.201419700279 -0.237988342680
vn -0.681415686231 -0.232793170363 -0.693887600690
vn -0.229753377676 -0.195627095549 -0.953385244764
vn -0.229753377676 -0.195627095549 -0.953385244764
vn -0.0714593234878 -0.225960836826 -0.971511845171
vn -0.0714593234878 -0.225960836826 -0.971511845171
vn -0.0714593234878 -0.225960836826 -0.971511845171
vn -0.0714593234878 -0.225960836826 -0.971511845171
vn 0.0800228257575 -0.229667824521 -0.969973730437
vn 0.0800228257575 -0.229667824521 -0.969973730437
vn 0.0800228257575 -0.229667824521 -0.969973730437
vn 0.0800228257575 -0.229667824521 -0.969973730437
vn 0.237988342680 -0.201419700279 -0.950153489226
vn 0.237988342680 -0.201419700279 -0.950153489226
vn 0.693887600690 -0.232793170363 -0.681415686231
vn 0.953385244764 -0.195627095549 -0.229753377676
vn 0.953385244764 -0.195627095549 -0.229753377676
vn 0.971511845171 -0.225960836826 -0.0714593234878
vn 0.971511845171 -0.225960836826 -0.0714593234878
vn 0.971511845171 -0.225960836826 -0.0714593234878
vn 0.971511845171 -0.225960836826 -0.0714593234878
vn 0.00000000000 1.00000000000 0.00000000000
vn 0.00000000000 1.00000000000 0.00000000000
vn 0.00000000000 1.00000000000 0.00000000000
vn 0.00000000000 1.00000000000 0.00000000000
vn 0.00000000000 1.00000000000 0.00000000000
vn 0.00000000000 1.00000000000 0.00000000000
vn 0.00000000000 1.00000000000 0.00000000000
vn 0.00000000000 1.00000000000 0.00000000000
vn 0.00000000000 1.00000000000 0.00000000000
vn 0.00000000000 1.00000000000 0.00000000000
vn 0.00000000000 1.00000000000 0.00000000000
vn 0.00000000000 1.00000000000 0.00000000000
vn 0.00000000000 1.00000000000 0.00000000000
vn 0.00000000000 1.00000000000 0.00000000000
vn 0.00000000000 1.00000000000 0.00000000000
vn 0.00000000000 1.00000000000 0.00000000000
vn 0.00000000000 1.00000000000 0.00000000000
vn 0.00000000000 1.00000000000 0.00000000000
vn 0.00000000000 1.00000000000 0.00000000000
vn 0.00000000000 1.00000000000 0.00000000000
vn 0.00000000000 1.00000000000 0.00000000000
vn 0.00000000000 1.00000000000 0.00000000000
vn 0.00000000000 1.00000000000 0.00000000000
vn 0.00000000000 1.00000000000 0.00000000000
vn 0.00000000000 1.00000000000 0.00000000000
vn 0.00000000000 1.00000000000 0.00000000000
vn 0.00000000000 1.00000000000 0.00000000000
vn 0.00000000000 1.00000000000 0.00000000000
vn 0.00000000000 1.00000000000 0.00000000000
vn 0.00000000000 1.00000000000 0.00000000000
vn 0.00000000000 1.00000000000 0.00000000000
vn 0.00000000000 1.00000000000 0.00000000000
vn -0.823336958092 0.567552864005 1.54142376492e-9
vn -0.823336958092 0.567552864005 1.54142376492e-9
vn -0.823336958092 0.567552864005 1.54142376492e-9
vn -0.823336958092 0.567552864005 1.54142376492e-9
vn -0.825026298940 0.556810574858 -0.0964032664553
vn -0.825026298940 0.556810574858 -0.0964032664553
vn -0.673206973109 0.446429781183 -0.589485217652
vn -0.733074906960 0.310851038975 -0.604956868176
vn -0.588644559113 0.310183611837 -0.746514373588
vn -0.0964032664553 0.556810574858 -0.825026298940
vn -0.0964032664553 0.556810574858 -0.825026298940
vn -1.54142376492e-9 0.567552864005 -0.823336958092
vn -1.54142376492e-9 0.567552864005 -0.823336958092
vn -1.54142376492e-9 0.567552864005 -0.823336958092
vn -1.54142376492e-9 0.567552864005 -0.823336958092
vn -1.54142376492e-9 0.567552864005 -0.823336958092
vn -1.54142376492e-9 0.567552864005 -0.823336958092
vn 0.0964032664553 0.556810574858 -0.825026298940
vn 0.0964032664553 0.556810574858 -0.825026298940
vn 0.589485217652 0.446429781183 -0.673206973109
vn 0.604956868176 0.310851038975 -0.733074906960
vn 0.746514373588 0.310183611837 -0.588644559113
vn 0.825026298940 0.556810574858 -0.0964032664553
vn 0.825026298940 0.556810574858 -0.0964032664553
vn 0.823336958092 0.567552864005 -1.54142376492e-9
vn 0.823336958092 0.567552864005 -1.54142376492e-9
vn 0.823336958092 0.567552864005 -1.54142376492e-9
vn 0.823336958092 0.567552864005 -1.54142376492e-9
vn 0.823336958092 0.567552864005 -1.54142376492e-9
vn 0.823336958092 0.567552864005 -1.54142376492e-9
vn 0.825026298940 0.556810574858 0.0964032664553
vn 0.825026298940 0.556810574858 0.0964032664553
vn 0.673206973109 0.446429781183 0.589485217652
vn 0.733074906960 0.310851038975 0.604956868176
vn 0.588644559113 0.310183611837 0.746514373588
vn 0.0964032664553 0.556810574858 0.825026298940
vn 0.0964032664553 0.556810574858 0.825026298940
vn 1.54142376492e-9 0.567552864005 0.823336958092
vn 1.54142376492e-9 0.567552864005 0.823336958092
vn 1.54142376492e-9 0.567552864005 0.823336958092
vn 1.54142376492e-9 0.567552864005 0.823336958092
vn 1.54142376492e-9 0.567552864005 0.823336958092
vn 1.54142376492e-9 0.567552864005 0.823336958092
vn -0.0964032664553 0.556810574858 0.825026298940
vn -0.0964032664553 0.556810574858 0.825026298940
vn -0.589485217652 0.446429781183 0.673206973109
vn -0.604956868176 0.310851038975 0.733074906960
vn -0.746514373588 0.310183611837 0.588644559113
vn -0.825026298940 0.556810574858 0.0964032664553
vn -0.825026298940 0.556810574858 0.0964032664553
vn -0.823336958092 0.567552864005 1.54142376492e-9
vn -0.823336958092 0.567552864005 1.54142376492e-9
vn -0.823336958092 0.567552864005 1.54142376492e-9
vn -0.823336958092 0.567552864005 1.54142376492e-9
vn -0.825026298940 0.556810574858 -0.0964032664553
vn -0.733074906960 0.310851038975 -0.604956868176
vn -0.588644559113 0.310183611837 -0.746514373588
vn -0.0964032664553 0.556810574858 -0.825026298940
vn -1.54142376492e-9 0.567552864005 -0.823336958092
vn -1.54142376492e-9 0.567552864005 -0.823336958092
vn -1.54142376492e-9 0.567552864005 -0.823336958092
vn 0.0964032664553 0.556810574858 -0.825026298940
vn 0.604956868176 0.310851038975 -0.733074906960
vn 0.746514373588 0.310183611837 -0.588644559113
vn 0.825026298940 0.556810574858 -0.0964032664553
vn 0.823336958092 0.567552864005 -1.54142376492e-9
vn 0.823336958092 0.567552864005 -1.54142376492e-9
vn 0.823336958092 0.567552864005 -1.54142376492e-9
vn 0.825026298940 0.556810574858 0.0964032664553
vn 0.733074906960 0.310851038975 0.604956868176
vn 0.588644559113 0.310183611837 0.746514373588
vn 0.0964032664553 0.556810574858 0.825026298940
vn 1.54142376492e-9 0.567552864005 0.823336958092
vn 1.54142376492e-9 0.567552864005 0.823336958092
vn 1.54142376492e-9 0.567552864005 0.823336958092
vn -0.0964032664553 0.556810574858 0.825026298940
vn -0.604956868176 0.310851038975 0.733074906960
vn -0.746514373588 0.310183611837 0.588644559113
vn -0.825026298940 0.556810574858 0.0964032664553
vn -0.823336958092 0.567552864005 1.54142376492e-9
vn 0.00000000000 1.00000000000 0.00000000000
vn 0.00000000000 1.00000000000 0.00000000000
vn 0.00000000000 1.00000000000 0.00000000000
vn 0.00000000000 1.00000000000 0.00000000000
vn 0.00000000000 1.00000000000 0.00000000000
vn 0.00000000000 1.00000000000 0.00000000000
vn 0.00000000000 1.00000000000 0.00000000000
vn 0.00000000000 1.00000000000 0.00000000000
vn 0.00000000000 1.00000000000 0.00000000000
vn 0.00000000000 1.00000000000 0.00000000000
vn 0.00000000000 1.00000000000 0.00000000000
vn 0.00000000000 1.00000000000 0.00000000000
vn 0.00000000000 1.00000000000 0.00000000000
vn 0.00000000000 1.00000000000 0.00000000000
vn 0.00000000000 1.00000000000 0.00000000000
vn 0.00000000000 1.00000000000 0.00000000000
vn 0.00000000000 1.00000000000 0.00000000000
vn 0.00000000000 1.00000000000 0.00000000000
vn 0.00000000000 1.00000000000 0.00000000000
vn 0.00000000000 1.00000000000 0.00000000000
vn 0.00000000000 1.00000000000 0.00000000000
vn 0.00000000000 1.00000000000 0.00000000000
vn 0.00000000000 1.00000000000 0.00000000000
vn 0.00000000000 1.00000000000 0.00000000000
vn 0.00000000000 1.00000000000 0.00000000000
vn 0.00000000000 1.00000000000 0.00000000000
vn 0.00000000000 1.00000000000 0.00000000000
vn 0.00000000000 1.00000000000 0.00000000000
vn 0.00000000000 1.00000000000 0.00000000000
vn 0.00000000000 1.00000000000 0.00000000000
vn 0.00000000000 1.00000000000 0.00000000000
vn 0.00000000000 1.00000000000 0.00000000000
vn 0.977194070801 0.168651923535 0.129028201101
vn 1.00000000000 0.00000000000 2.55258209390e-17
vn 0.977194070801 0.168651923535 0.129028201101
vn 1.00000000000 0.00000000000 2.55258209390e-17
vn 0.814806863302 0.277788186830 0.508845260147
vn 0.923879530566 0.00000000000 0.382683437061
vn 0.814806863302 0.277788186830 0.508845260147
vn 0.923879530566 0.00000000000 0.382683437061
vn 0.493285922614 0.276602833576 0.824718055464
vn 0.382683437061 0.00000000000 0.923879530566
vn 0.493285922614 0.276602833576 0.824718055464
vn 0.382683437061 0.00000000000 0.923879530566
vn 0.155189511440 0.188488807951 0.969736141853
vn 2.04206557586e-17 0.00000000000 1.00000000000
vn 0.155189511440 0.188488807951 0.969736141853
vn 2.04206557586e-17 0.00000000000 1.00000000000
vn -0.129028201101 0.168651923535 0.977194070801
vn -0.129028201101 0.168651923535 0.977194070801
vn 2.04206557586e-17 0.00000000000 1.00000000000
vn -0.508845260147 0.277788186830 0.814806863302
vn -0.382683437061 0.00000000000 0.923879530566
vn -0.508845260147 0.277788186830 0.814806863302
vn -0.382683437061 0.00000000000 0.923879530566
vn -0.824718055464 0.276602833576 0.493285922614
vn -0.923879530566 0.00000000000 0.382683437061
vn -0.824718055464 0.276602833576 0.493285922614
vn -0.923879530566 0.00000000000 0.382683437061
vn -0.969736141853 0.188488807951 0.155189511440
vn -1.00000000000 0.00000000000 2.04206557586e-17
vn -0.969736141853 0.188488807951 0.155189511440
vn -1.00000000000 0.00000000000 2.04206557586e-17
vn -0.977194070801 0.168651923535 -0.129028201101
vn -0.977194070801 0.168651923535 -0.129028201101
vn -1.00000000000 0.00000000000 2.04206557586e-17
vn -0.814806863302 0.277788186830 -0.508845260147
vn -0.923879530566 0.00000000000 -0.382683437061
vn -0.814806863302 0.277788186830 -0.508845260147
vn -0.923879530566 0.00000000000 -0.382683437061
vn -0.493285922614 0.276602833576 -0.824718055464
vn -0.382683437061 0.00000000000 -0.923879530566
vn -0.493285922614 0.276602833576 -0.824718055464
vn -0.382683437061 0.00000000000 -0.923879530566
vn -0.155189511440 0.188488807951 -0.969736141853
vn -2.04206557586e-17 0.00000000000 -1.00000000000
vn -0.155189511440 0.188488807951 -0.969736141853
vn -2.04206557586e-17 0.00000000000 -1.00000000000
vn 0.129028201101 0.168651923535 -0.977194070801
vn 0.129028201101 0.168651923535 -0.977194070801
vn -2.04206557586e-17 0.00000000000 -1.00000000000
vn 0.508845260147 0.277788186830 -0.814806863302
vn 0.382683437061 0.00000000000 -0.923879530566
vn 0.508845260147 0.277788186830 -0.814806863302
vn 0.382683437061 0.00000000000 -0.923879530566
vn 0.824718055464 0.276602833576 -0.493285922614
vn 0.923879530566 0.00000000000 -0.382683437061
vn 0.824718055464 0.276602833576 -0.493285922614
vn 0.923879530566 0.00000000000 -0.382683437061
vn 0.969736141853 0.188488807951 -0.155189511440
vn 1.00000000000 0.00000000000 2.55258209390e-17
vn 0.969736141853 0.188488807951 -0.155189511440
vn -1.26380531395e-18 1.00000000000 3.24903276634e-17
vn -1.26380531395e-18 1.00000000000 3.24903276634e-17
vn -1.26380531395e-18 1.00000000000 3.24903276634e-17
vn -1.26380531395e-18 1.00000000000 3.24903276634e-17
vn -1.26380531395e-18 1.00000000000 3.24903276634e-17
vn -1.26380531395e-18 1.00000000000 3.24903276634e-17
vn -1.26380531395e-18 1.00000000000 3.24903276634e-17
vn -1.26380531395e-18 1.00000000000 3.24903276634e-17
vn -1.26380531395e-18 1.00000000000 3.24903276634e-17
vn -1.26380531395e-18 1.00000000000 3.24903276634e-17
vn -1.26380531395e-18 1.00000000000 3.24903276634e-17
vn -1.26380531395e-18 1.00000000000 3.24903276634e-17
vn -1.26380531395e-18 1.00000000000 3.24903276634e-17
vn -1.26380531395e-18 1.00000000000 3.24903276634e-17
vn -1.26380531395e-18 1.00000000000 3.24903276634e-17
vn -1.26380531395e-18 1.00000000000 3.24903276634e-17
vn -1.26380531395e-18 1.00000000000 3.24903276634e-17
vn -1.26380531395e-18 1.00000000000 3.24903276634e-17
vn -1.26380531395e-18 1.00000000000 3.24903276634e-17
vn -1.26380531395e-18 1.00000000000 3.24903276634e-17
vn -1.26380531395e-18 1.00000000000 3.24903276634e-17
vn -1.26380531395e-18 1.00000000000 3.24903276634e-17
vn -1.26380531395e-18 1.00000000000 3.24903276634e-17
vn -1.26380531395e-18 1.00000000000 3.24903276634e-17
vn -1.26380531395e-18 1.00000000000 3.24903276634e-17
vn -1.26380531395e-18 1.00000000000 3.24903276634e-17
vn -1.26380531395e-18 1.00000000000 3.24903276634e-17
vn -1.26380531395e-18 1.00000000000 3.24903276634e-17
vn -1.26380531395e-18 1.00000000000 3.24903276634e-17
vn -1.26380531395e-18 1.00000000000 3.24903276634e-17
vn -1.26380531395e-18 1.00000000000 3.24903276634e-17
vn -1.26380531395e-18 1.00000000000 3.24903276634e-17
vn -1.26380531395e-18 1.00000000000 3.24903276634e-17
vn -1.26380531395e-18 1.00000000000 3.24903276634e-17
vn -1.26380531395e-18 1.00000000000 3.24903276634e-17
vn -1.26380531395e-18 1.00000000000 3.24903276634e-17
vn -1.26380531395e-18 1.00000000000 3.24903276634e-17
vn -1.26380531395e-18 1.00000000000 3.24903276634e-17
vn -1.26380531395e-18 1.00000000000 3.24903276634e-17
vn -1.26380531395e-18 1.00000000000 3.24903276634e-17
vn -1.26380531395e-18 1.00000000000 3.24903276634e-17
vn -1.26380531395e-18 1.00000000000 3.24903276634e-17
vn -1.26380531395e-18 1.00000000000 3.24903276634e-17
vn -1.26380531395e-18 1.00000000000 3.24903276634e-17
vn -1.26380531395e-18 1.00000000000 3.24903276634e-17
vn -1.26380531395e-18 1.00000000000 3.24903276634e-17
vn -1.26380531395e-18 1.00000000000 3.24903276634e-17
vn -1.26380531395e-18 1.00000000000 3.24903276634e-17
vn -1.26380531395e-18 1.00000000000 3.24903276634e-17
vn -1.26380531395e-18 1.00000000000 3.24903276634e-17
vn -1.26380531395e-18 1.00000000000 3.24903276634e-17
vn -1.26380531395e-18 1.00000000000 3.24903276634e-17
vn -1.26380531395e-18 1.00000000000 3.24903276634e-17
vn -1.26380531395e-18 1.00000000000 3.24903276634e-17
vn -1.26380531395e-18 1.00000000000 3.24903276634e-17
vn -1.26380531395e-18 1.00000000000 3.24903276634e-17
vn -1.26380531395e-18 1.00000000000 3.24903276634e-17
vn -1.26380531395e-18 1.00000000000 3.24903276634e-17
vn -1.26380531395e-18 1.00000000000 3.24903276634e-17
vn -1.26380531395e-18 1.00000000000 3.24903276634e-17
vn -1.26380531395e-18 1.00000000000 3.24903276634e-17
vn -1.26380531395e-18 1.00000000000 3.24903276634e-17
vn -1.26380531395e-18 1.00000000000 3.24903276634e-17
vn -1.26380531395e-18 1.00000000000 3.24903276634e-17
vn -1.26380531395e-18 1.00000000000 3.24903276634e-17
vn 1.31264195392e-18 -1.00000000000 -1.08292955511e-17
vn 1.31264195392e-18 -1.00000000000 -1.08292955511e-17
vn 1.31264195392e-18 -1.00000000000 -1.08292955511e-17
vn 1.31264195392e-18 -1.00000000000 -1.08292955511e-17
vn 1.31264195392e-18 -1.00000000000 -1.08292955511e-17
vn 1.31264195392e-18 -1.00000000000 -1.08292955511e-17
vn 1.31264195392e-18 -1.00000000000 -1.08292955511e-17
vn 1.31264195392e-18 -1.00000000000 -1.08292955511e-17
vn 1.31264195392e-18 -1.00000000000 -1.08292955511e-17
vn 1.31264195392e-18 -1.00000000000 -1.08292955511e-17
vn 1.31264195392e-18 -1.00000000000 -1.08292955511e-17
vn 1.31264195392e-18 -1.00000000000 -1.08292955511e-17
vn 1.31264195392e-18 -1.00000000000 -1.08292955511e-17
vn 1.31264195392e-18 -1.00000000000 -1.08292955511e-17
vn 1.31264195392e-18 -1.00000000000 -1.08292955511e-17
vn 1.31264195392e-18 -1.00000000000 -1.08292955511e-17
vn 1.31264195392e-18 -1.00000000000 -1.08292955511e-17
vn -0.977946919452 0.145669889804 -0.149666649385
vn -0.991111052953 -0.128484235878 -0.0345062580704
vn -0.977946919452 0.145669889804 -0.149666649385
vn -0.991111052953 -0.128484235878 -0.0345062580704
vn -0.835690548654 0.109688332946 -0.538135462970
vn -0.871052495096 -0.176696567005 -0.458307619396
vn -0.835690548654 0.109688332946 -0.538135462970
vn -0.871052495096 -0.176696567005 -0.458307619396
vn -0.552901035540 0.109267079517 -0.826051542116
vn -0.445198156321 -0.178016323003 -0.877558425606
vn -0.552901035540 0.109267079517 -0.826051542116
vn -0.445198156321 -0.178016323003 -0.877558425606
vn -0.149720278216 0.164497670054 -0.974948385730
vn -0.0221973111899 -0.155022229854 -0.987661575453
vn -0.149720278216 0.164497670054 -0.974948385730
vn -0.0221973111899 -0.155022229854 -0.987661575453
vn 0.149666649385 0.145669889804 -0.977946919452
vn 0.0345062580704 -0.128484235878 -0.991111052953
vn 0.149666649385 0.145669889804 -0.977946919452
vn 0.0345062580704 -0.128484235878 -0.991111052953
vn 0.538135462970 0.109688332946 -0.835690548654
vn 0.458307619396 -0.176696567005 -0.871052495096
vn 0.538135462970 0.109688332946 -0.835690548654
vn 0.458307619396 -0.176696567005 -0.871052495096
vn 0.826051542116 0.109267079517 -0.552901035540
vn 0.877558425606 -0.178016323003 -0.445198156321
vn 0.826051542116 0.109267079517 -0.552901035540
vn 0.877558425606 -0.178016323003 -0.445198156321
vn 0.974948385730 0.164497670054 -0.149720278216
vn 0.987661575453 -0.155022229854 -0.0221973111899
vn 0.974948385730 0.164497670054 -0.149720278216
vn 0.987661575453 -0.155022229854 -0.0221973111899
vn 0.977946919452 0.145669889804 0.149666649385
vn 0.991111052953 -0.128484235878 0.0345062580704
vn 0.977946919452 0.145669889804 0.149666649385
vn 0.991111052953 -0.128484235878 0.0345062580704
vn 0.835690548654 0.109688332946 0.538135462970
vn 0.871052495096 -0.176696567005 0.458307619396
vn 0.835690548654 0.109688332946 0.538135462970
vn 0.871052495096 -0.176696567005 0.458307619396
vn 0.552901035540 0.109267079517 0.826051542116
vn 0.445198156321 -0.178016323003 0.877558425606
vn 0.552901035540 0.109267079517 0.826051542116
vn 0.445198156321 -0.178016323003 0.877558425606
vn 0.149720278216 0.164497670054 0.974948385730
vn 0.0221973111899 -0.155022229854 0.987661575453
vn 0.149720278216 0.164497670054 0.974948385730
vn 0.0221973111899 -0.155022229854 0.987661575453
vn -0.149666649385 0.145669889804 0.977946919452
vn -0.0345062580704 -0.128484235878 0.991111052953
vn -0.149666649385 0.145669889804 0.977946919452
vn -0.0345062580704 -0.128484235878 0.991111052953
vn -0.538135462970 0.109688332946 0.835690548654
vn -0.458307619396 -0.176696567005 0.871052495096
vn -0.538135462970 0.109688332946 0.835690548654
vn -0.458307619396 -0.176696567005 0.871052495096
vn -0.826051542116 0.109267079517 0.552901035540
vn -0.877558425606 -0.178016323003 0.445198156321
vn -0.826051542116 0.109267079517 0.552901035540
vn -0.877558425606 -0.178016323003 0.445198156321
vn -0.974948385730 0.164497670054 0.149720278216
vn -0.987661575453 -0.155022229854 0.0221973111899
vn -0.974948385730 0.164497670054 0.149720278216
vn -0.987661575453 -0.155022229854 0.0221973111899
f 1/1/1 2/2/2 3/3/3
f 3/3/3 2/2/2 4/4/4
f 3/3/3 4/4/4 5/5/5
f 5/5/5 4/4/4 6/6/6
f 5/5/5 6/6/6 7/7/7
f 7/7/7 6/6/6 8/8/8
f 7/7/7 8/8/8 9/9/9
f 9/9/9 8/8/8 10/10/10
f 9/9/9 10/10/10 11/11/11
f 11/11/11 10/10/10 12/12/12
f 11/11/11 12/12/12 13/13/13
f 13/13/13 12/12/12 14/14/14
f 13/13/13 14/14/14 15/15/15
f 15/15/15 14/14/14 16/16/16
f 15/15/15 16/16/16 17/17/17
f 17/17/17 16/16/16 18/18/18
f 17/17/17 18/18/18 19/19/19
f 19/19/19 18/18/18 20/20/20
f 19/19/19 20/20/20 21/21/21
f 21/21/21 20/20/20 22/22/22
f 21/21/21 22/22/22 23/23/23
f 23/23/23 22/22/22 24/24/24
f 23/23/23 24/24/24 25/25/25
f 25/25/25 24/24/24 26/26/26
f 25/25/25 26/26/26 27/27/27
f 27/27/27 26/26/26 28/28/28
f 27/27/27 28/28/28 29/29/29
f 29/29/29 28/28/28 30/30/30
f 29/29/29 30/30/30 31/31/31
f 31/31/31 30/30/30 32/32/32
f 31/31/31 32/32/32 1/1/1
f 1/1/1 32/32/32 2/2/2
f 33/33/33 34/34/34 35/35/35
f 35/35/35 34/34/34 36/36/36
f 37/37/37 38/38/38 39/39/39
f 39/39/39 38/38/38 40/40/40
f 41/41/41 42/42/42 43/43/43
f 43/43/43 42/42/42 44/44/44
f 45/45/45 46/46/46 47/47/47
f 47/47/47 46/46/46 48/48/48
f 49/49/49 50/50/50 51/51/51
f 51/51/51 50/50/50 52/52/52
f 53/53/53 54/54/54 55/55/55
f 55/55/55 54/54/54 56/56/56
f 57/57/57 58/58/58 59/59/59
f 59/59/59 58/58/58 60/60/60
f 61/61/61 62/62/62 63/63/63
f 63/63/63 62/62/62 64/64/64
f 65/65/65 66/66/66 67/67/67
f 67/67/67 66/66/66 68/68/68
f 69/69/69 70/70/70 71/71/71
f 71/71/71 70/70/70 72/72/72
f 73/73/73 74/74/74 75/75/75
f 75/75/75 74/74/74 76/76/76
f 77/77/77 78/78/78 79/79/79
f 79/79/79 78/78/78 80/80/80
f 81/81/81 82/82/82 83/83/83
f 83/83/83 82/82/82 84/84/84
f 85/85/85 86/86/86 87/87/87
f 87/87/87 86/86/86 88/88/88
f 89/89/89 90/90/90 91/91/91
f 91/91/91 90/90/90 92/92/92
f 93/93/93 94/94/94 95/95/95
f 95/95/95 94/94/94 96/96/96
f 97/97/97 98/98/98 99/99/99
f 99/99/99 98/98/98 100/100/100
f 101/101/101 102/102/102 103/103/103
f 103/103/103 102/102/102 104/104/104
f 105/105/105 106/106/106 107/107/107
f 107/107/107 106/106/106 108/108/108
f 109/109/109 110/110/110 111/111/111
f 111/111/111 110/110/110 112/112/112
f 113/113/113 114/114/114 115/115/115
f 115/115/115 114/114/114 116/116/116
f 117/117/117 118/118/118 119/119/119
f 119/119/119 118/118/118 120/120/120
f 121/121/121 122/122/122 123/123/123
f 123/123/123 122/122/122 124/124/124
f 125/125/125 126/126/126 127/127/127
f 127/127/127 126/126/126 128/128/128
f 129/129/129 130/130/130 131/131/131
f 131/131/131 130/130/130 132/132/132
f 133/133/133 134/134/134 135/135/135
f 135/135/135 134/134/134 136/136/136
f 137/137/137 138/138/138 139/139/139
f 139/139/139 138/138/138 140/140/140
f 141/141/141 142/142/142 143/143/143
f 143/143/143 142/142/142 144/144/144
f 145/145/145 146/146/146 147/147/147
f 147/147/147 146/146/146 148/148/148
f 149/149/149 150/150/150 151/151/151
f 151/151/151 150/150/150 152/152/152
f 153/153/153 154/154/154 155/155/155
f 155/155/155 154/154/154 156/156/156
f 157/157/157 158/158/158 159/159/159
f 159/159/159 158/158/158 160/160/160
f 161/161/161 162/162/162 163/163/163
f 163/163/163 162/162/162 164/164/164
f 165/165/165 166/166/166 167/167/167
f 167/167/167 166/166/166 168/168/168
f 169/169/169 170/170/170 171/171/171
f 171/171/171 170/170/170 172/172/172
f 173/173/173 174/174/174 175/175/175
f 175/175/175 174/174/174 176/176/176
f 175/175/175 176/176/176 177/177/177
f 177/177/177 176/176/176 178/178/178
f 179/179/179 180/180/180 181/181/181
f 181/181/181 180/180/180 182/182/182
f 183/183/183 184/184/184 185/185/185
f 185/185/185 184/184/184 186/186/186
f 187/187/187 188/188/188 189/189/189
f 189/189/189 188/188/188 190/190/190
f 189/189/189 190/190/190 191/191/191
f 191/191/191 190/190/190 192/192/192
f 193/193/193 194/194/194 195/195/195
f 195/195/195 194/194/194 196/196/196
f 197/197/197 198/198/198 199/199/199
f 199/199/199 198/198/198 200/200/200
f 201/201/201 202/202/202 203/203/203
f 203/203/203 202/202/202 204/204/204
f 203/203/203 204/204/204 205/205/205
f 205/205/205 204/204/204 206/206/206
f 207/207/207 208/208/208 209/209/209
f 209/209/209 208/208/208 210/210/210
f 211/211/211 212/212/212 213/213/213
f 213/213/213 212/212/212 214/214/214
f 215/215/215 216/216/216 161/161/161
f 161/161/161 216/216/216 162/162/162
f 217/217/217 218/218/218 219/219/219
f 219/219/219 218/218/218 220/220/220
f 221/221/221 222/222/222 223/223/223
f 223/223/223 222/222/222 224/224/224
f 225/225/225 226/226/226 227/227/227
f 227/227/227 226/226/226 228/228/228
f 229/229/229 230/230/230 231/231/231
f 231/231/231 230/230/230 232/232/232
f 231/231/231 232/232/232 233/233/233
f 233/233/233 232/232/232 234/234/234
f 235/235/235 236/236/236 237/237/237
f 237/237/237 236/236/236 238/238/238
f 239/239/239 240/240/240 241/241/241
f 241/241/241 240/240/240 242/242/242
f 243/243/243 244/244/244 245/245/245
f 245/245/245 244/244/244 246/246/246
f 245/245/245 246/246/246 247/247/247
f 247/247/247 246/246/246 248/248/248
f 249/249/249 250/250/250 251/251/251
f 251/251/251 250/250/250 252/252/252
f 253/253/253 254/254/254 255/255/255
f 255/255/255 254/254/254 256/256/256
f 257/257/257 258/258/258 259/259/259
f 259/259/259 258/258/258 260/260/260
f 259/259/259 260/260/260 261/261/261
f 261/261/261 260/260/260 262/262/262
f 263/263/263 264/264/264 265/265/265
f 265/265/265 264/264/264 266/266/266
f 267/267/267 268/268/268 269/269/269
f 269/269/269 268/268/268 270/270/270
f 271/271/271 272/272/272 217/217/217
f 217/217/217 272/272/272 218/218/218
f 273/273/273 274/274/274 275/275/275
f 275/275/275 274/274/274 276/276/276
f 277/277/277 278/278/278 279/279/279
f 279/279/279 278/278/278 280/280/280
f 281/281/281 282/282/282 283/283/283
f 283/283/283 282/282/282 284/284/284
f 285/285/285 286/286/286 287/287/287
f 287/287/287 286/286/286 288/288/288
f 287/287/287 288/288/288 289/289/289
f 289/289/289 288/288/288 290/290/290
f 291/291/291 292/292/292 293/293/293
f 293/293/293 292/292/292 294/294/294
f 295/295/295 296/296/296 297/297/297
f 297/297/297 296/296/296 298/298/298
f 299/299/299 300/300/300 301/301/301
f 301/301/301 300/300/300 302/302/302
f 301/301/301 302/302/302 303/303/303
f 303/303/303 302/302/302 304/304/304
f 305/305/305 306/306/306 307/307/307
f 307/307/307 306/306/306 308/308/308
f 309/309/309 310/310/310 311/311/311
f 311/311/311 310/310/310 312/312/312
f 313/313/313 314/314/314 315/315/315
f 315/315/315 314/314/314 316/316/316
f 315/315/315 316/316/316 317/317/317
f 317/317/317 316/316/316 318/318/318
f 319/319/319 320/320/320 321/321/321
f 321/321/321 320/320/320 322/322/322
f 323/323/323 324/324/324 325/325/325
f 325/325/325 324/324/324 326/326/326
f 327/327/327 328/328/328 273/273/273
f 273/273/273 328/328/328 274/274/274
f 274/274/274 329/329/329 276/276/276
f 276/276/276 329/329/329 330/330/330
f 278/278/278 331/331/331 280/280/280
f 280/280/280 331/331/331 332/332/332
f 282/282/282 332/332/332 284/284/284
f 284/284/284 332/332/332 333/333/333
f 286/286/286 334/334/334 288/288/288
f 288/288/288 334/334/334 335/335/335
f 288/288/288 335/335/335 290/290/290
f 290/290/290 335/335/335 336/336/336
f 292/292/292 337/337/337 294/294/294
f 294/294/294 337/337/337 338/338/338
f 296/296/296 338/338/338 298/298/298
f 298/298/298 338/338/338 339/339/339
f 300/300/300 340/340/340 302/302/302
f 302/302/302 340/340/340 341/341/341
f 302/302/302 341/341/341 304/304/304
f 304/304/304 341/341/341 342/342/342
f 306/306/306 343/343/343 308/308/308
f 308/308/308 343/343/343 344/344/344
f 310/310/310 344/344/344 312/312/312
f 312/312/312 344/344/344 345/345/345
f 314/314/314 346/346/346 316/316/316
f 316/316/316 346/346/346 347/347/347
f 316/316/316 347/347/347 318/318/318
f 318/318/318 347/347/347 348/348/348
f 320/320/320 349/349/349 322/322/322
f 322/322/322 349/349/349 350/350/350
f 324/324/324 350/350/350 326/326/326
f 326/326/326 350/350/350 351/351/351
f 328/328/328 352/352/352 274/274/274
f 274/274/274 352/352/352 329/329/329
f 329/329/329 353/353/353 330/330/330
f 330/330/330 353/353/353 354/354/354
f 331/331/331 355/355/355 332/332/332
f 332/332/332 355/355/355 356/356/356
f 332/332/332 356/356/356 333/333/333
f 333/333/333 356/356/356 357/357/357
f 334/334/334 358/358/358 335/335/335
f 335/335/335 358/358/358 359/359/359
f 335/335/335 360/360/360 336/336/336
f 336/336/336 360/360/360 361/361/361
f 337/337/337 362/362/362 338/338/338
f 338/338/338 362/362/362 363/363/363
f 338/338/338 363/363/363 339/339/339
f 339/339/339 363/363/363 364/364/364
f 340/340/340 365/365/365 341/341/341
f 341/341/341 365/365/365 366/366/366
f 341/341/341 367/367/367 342/342/342
f 342/342/342 367/367/367 368/368/368
f 343/343/343 369/369/369 344/344/344
f 344/344/344 369/369/369 370/370/370
f 344/344/344 370/370/370 345/345/345
f 345/345/345 370/370/370 371/371/371
f 346/346/346 372/372/372 347/347/347
f 347/347/347 372/372/372 373/373/373
f 347/347/347 374/374/374 348/348/348
f 348/348/348 374/374/374 375/375/375
f 349/349/349 376/376/376 350/350/350
f 350/350/350 376/376/376 377/377/377
f 350/350/350 377/377/377 351/351/351
f 351/351/351 377/377/377 378/378/378
f 352/352/352 379/379/379 329/329/329
f 329/329/329 379/379/379 380/380/380
f 353/353/353 381/381/381 354/354/354
f 354/354/354 381/381/381 382/382/382
f 355/355/355 383/383/383 356/356/356
f 356/356/356 383/383/383 384/384/384
f 356/356/356 384/384/384 357/357/357
f 357/357/357 384/384/384 385/385/385
f 358/358/358 386/386/386 359/359/359
f 359/359/359 386/386/386 387/387/387
f 360/360/360 388/388/388 361/361/361
f 361/361/361 388/388/388 389/389/389
f 362/362/362 390/390/390 363/363/363
f 363/363/363 390/390/390 391/391/391
f 363/363/363 391/391/391 364/364/364
f 364/364/364 391/391/391 392/392/392
f 365/365/365 393/393/393 366/366/366
f 366/366/366 393/393/393 394/394/394
f 367/367/367 395/395/395 368/368/368
f 368/368/368 395/395/395 396/396/396
f 369/369/369 397/397/397 370/370/370
f 370/370/370 397/397/397 398/398/398
f 370/370/370 398/398/398 371/371/371
f 371/371/371 398/398/398 399/399/399
f 372/372/372 400/400/400 373/373/373
f 373/373/373 400/400/400 401/401/401
f 374/374/374 402/402/402 375/375/375
f 375/375/375 402/402/402 403/403/403
f 376/376/376 404/404/404 377/377/377
f 377/377/377 404/404/404 405/405/405
f 377/377/377 405/405/405 378/378/378
f 378/378/378 405/405/405 406/406/406
f 379/379/379 407/407/407 380/380/380
f 380/380/380 407/407/407 408/408/408
f 381/381/381 409/409/409 382/382/382
f 382/382/382 409/409/409 410/410/410
f 383/383/383 411/411/411 384/384/384
f 384/384/384 411/411/411 412/412/412
f 384/384/384 412/412/412 385/385/385
f 385/385/385 412/412/412 413/413/413
f 386/386/386 414/414/414 387/387/387
f 387/387/387 414/414/414 415/415/415
f 388/388/388 416/416/416 389/389/389
f 389/389/389 416/416/416 417/417/417
f 390/390/390 418/418/418 391/391/391
f 391/391/391 418/418/418 419/419/419
f 391/391/391 419/419/419 392/392/392
f 392/392/392 419/419/419 420/420/420
f 393/393/393 421/421/421 394/394/394
f 394/394/394 421/421/421 422/422/422
f 395/395/395 423/423/423 396/396/396
f 396/396/396 423/423/423 424/424/424
f 397/397/397 425/425/425 398/398/398
f 398/398/398 425/425/425 426/426/426
f 398/398/398 426/426/426 399/399/399
f 399/399/399 426/426/426 427/427/427
f 400/400/400 428/428/428 401/401/401
f 401/401/401 428/428/428 429/429/429
f 402/402/402 430/430/430 403/403/403
f 403/403/403 430/430/430 431/431/431
f 404/404/404 432/432/432 405/405/405
f 405/405/405 432/432/432 433/433/433
f 405/405/405 433/433/433 406/406/406
f 406/406/406 433/433/433 434/434/434
f 407/407/407 435/435/435 408/408/408
f 408/408/408 435/435/435 436/436/436
f 437/437/437 438/438/438 439/439/439
f 439/439/439 438/438/438 440/440/440
f 441/441/441 442/442/442 412/412/412
f 412/412/412 442/442/442 443/443/443
f 412/412/412 443/443/443 444/444/444
f 444/444/444 443/443/443 445/445/445
f 446/446/446 447/447/447 448/448/448
f 448/448/448 447/447/447 449/449/449
f 450/450/450 451/451/451 452/452/452
f 452/452/452 451/451/451 453/453/453
f 454/454/454 455/455/455 419/419/419
f 419/419/419 455/455/455 456/456/456
f 419/419/419 456/456/456 457/457/457
f 457/457/457 456/456/456 458/458/458
f 459/459/459 460/460/460 461/461/461
f 461/461/461 460/460/460 462/462/462
f 463/463/463 464/464/464 465/465/465
f 465/465/465 464/464/464 466/466/466
f 467/467/467 468/468/468 426/426/426
f 426/426/426 468/468/468 469/469/469
f 426/426/426 469/469/469 470/470/470
f 470/470/470 469/469/469 471/471/471
f 472/472/472 473/473/473 474/474/474
f 474/474/474 473/473/473 475/475/475
f 476/476/476 477/477/477 478/478/478
f 478/478/478 477/477/477 479/479/479
f 480/480/480 481/481/481 433/433/433
f 433/433/433 481/481/481 482/482/482
f 433/433/433 482/482/482 483/483/483
f 483/483/483 482/482/482 484/484/484
f 485/485/485 486/486/486 487/487/487
f 487/487/487 486/486/486 488/488/488
f 489/489/489 490/490/490 491/491/491
f 491/491/491 490/490/490 492/492/492
f 491/491/491 492/492/492 493/493/493
f 493/493/493 492/492/492 494/494/494
f 493/493/493 494/494/494 495/495/495
f 495/495/495 494/494/494 496/496/496
f 495/495/495 496/496/496 497/497/497
f 497/497/497 496/496/496 498/498/498
f 497/497/497 498/498/498 499/499/499
f 499/499/499 498/498/498 500/500/500
f 499/499/499 500/500/500 501/501/501
f 501/501/501 500/500/500 502/502/502
f 501/501/501 502/502/502 503/503/503
f 503/503/503 502/502/502 504/504/504
f 503/503/503 504/504/504 505/505/505
f 505/505/505 504/504/504 506/506/506
f 505/505/505 506/506/506 507/507/507
f 507/507/507 506/506/506 508/508/508
f 507/507/507 508/508/508 509/509/509
f 509/509/509 508/508/508 510/510/510
f 509/509/509 510/510/510 511/511/511
f 511/511/511 510/510/510 512/512/512
f 511/511/511 512/512/512 513/513/513
f 513/513/513 512/512/512 514/514/514
f 513/513/513 514/514/514 515/515/515
f 515/515/515 514/514/514 516/516/516
f 515/515/515 516/516/516 517/517/517
f 517/517/517 516/516/516 518/518/518
f 517/517/517 518/518/518 519/519/519
f 519/519/519 518/518/518 520/520/520
f 519/519/519 520/520/520 489/489/489
f 489/489/489 520/520/520 490/490/490
f 521/521/521 522/522/522 523/523/523
f 523/523/523 522/522/522 524/524/524
f 525/525/525 526/526/526 527/527/527
f 527/527/527 526/526/526 528/528/528
f 527/527/527 529/529/529 530/530/530
f 530/530/530 529/529/529 531/531/531
f 532/532/532 533/533/533 534/534/534
f 534/534/534 533/533/533 535/535/535
f 534/534/534 535/535/535 536/536/536
f 536/536/536 535/535/535 537/537/537
f 538/538/538 539/539/539 540/540/540
f 540/540/540 539/539/539 541/541/541
f 540/540/540 542/542/542 543/543/543
f 543/543/543 542/542/542 544/544/544
f 545/545/545 546/546/546 547/547/547
f 547/547/547 546/546/546 548/548/548
f 547/547/547 548/548/548 549/549/549
f 549/549/549 548/548/548 550/550/550
f 551/551/551 552/552/552 553/553/553
f 553/553/553 552/552/552 554/554/554
f 553/553/553 555/555/555 556/556/556
f 556/556/556 555/555/555 557/557/557
f 558/558/558 559/559/559 560/560/560
f 560/560/560 559/559/559 561/561/561
f 560/560/560 561/561/561 562/562/562
f 562/562/562 561/561/561 563/563/563
f 564/564/564 565/565/565 566/566/566
f 566/566/566 565/565/565 567/567/567
f 566/566/566 568/568/568 569/569/569
f 569/569/569 568/568/568 570/570/570
f 571/571/571 572/572/572 521/521/521
f 521/521/521 572/572/572 522/522/522
f 522/522/522 573/573/573 524/524/524
f 524/524/524 573/573/573 574/574/574
f 526/526/526 575/575/575 528/528/528
f 528/528/528 575/575/575 576/576/576
f 529/529/529 577/577/577 531/531/531
f 531/531/531 577/577/577 578/578/578
f 533/533/533 579/579/579 535/535/535
f 535/535/535 579/579/579 580/580/580
f 535/535/535 580/580/580 537/537/537
f 537/537/537 580/580/580 581/581/581
f 539/539/539 582/582/582 541/541/541
f 541/541/541 582/582/582 583/583/583
f 542/542/542 584/584/584 544/544/544
f 544/544/544 584/584/584 585/585/585
f 546/546/546 586/586/586 548/548/548
f 548/548/548 586/586/586 587/587/587
f 548/548/548 587/587/587 550/550/550
f 550/550/550 587/587/587 588/588/588
f 552/552/552 589/589/589 554/554/554
f 554/554/554 589/589/589 590/590/590
f 555/555/555 591/591/591 557/557/557
f 557/557/557 591/591/591 592/592/592
f 559/559/559 593/593/593 561/561/561
f 561/561/561 593/593/593 594/594/594
f 561/561/561 594/594/594 563/563/563
f 563/563/563 594/594/594 595/595/595
f 565/565/565 596/596/596 567/567/567
f 567/567/567 596/596/596 597/597/597
f 568/568/568 598/598/598 570/570/570
f 570/570/570 598/598/598 599/599/599
f 572/572/572 600/600/600 522/522/522
f 522/522/522 600/600/600 573/573/573
f 601/601/601 602/602/602 603/603/603
f 603/603/603 602/602/602 604/604/604
f 603/603/603 604/604/604 605/605/605
f 605/605/605 604/604/604 606/606/606
f 605/605/605 606/606/606 607/607/607
f 607/607/607 606/606/606 608/608/608
f 607/607/607 608/608/608 609/609/609
f 609/609/609 608/608/608 610/610/610
f 609/609/609 610/610/610 611/611/611
f 611/611/611 610/610/610 612/612/612
f 611/611/611 612/612/612 613/613/613
f 613/613/613 612/612/612 614/614/614
f 613/613/613 614/614/614 615/615/615
f 615/615/615 614/614/614 616/616/616
f 615/615/615 616/616/616 617/617/617
f 617/617/617 616/616/616 618/618/618
f 617/617/617 618/618/618 619/619/619
f 619/619/619 618/618/618 620/620/620
f 619/619/619 620/620/620 621/621/621
f 621/621/621 620/620/620 622/622/622
f 621/621/621 622/622/622 623/623/623
f 623/623/623 622/622/622 624/624/624
f 623/623/623 624/624/624 625/625/625
f 625/625/625 624/624/624 626/626/626
f 625/625/625 626/626/626 627/627/627
f 627/627/627 626/626/626 628/628/628
f 627/627/627 628/628/628 629/629/629
f 629/629/629 628/628/628 630/630/630
f 629/629/629 630/630/630 631/631/631
f 631/631/631 630/630/630 632/632/632
f 631/631/631 632/632/632 601/601/601
f 601/601/601 632/632/632 602/602/602
f 633/633/633 634/634/634 635/635/635
f 635/635/635 634/634/634 636/636/636
f 637/637/637 638/638/638 639/639/639
f 639/639/639 638/638/638 640/640/640
f 641/641/641 642/642/642 643/643/643
f 643/643/643 642/642/642 644/644/644
f 645/645/645 646/646/646 647/647/647
f 647/647/647 646/646/646 648/648/648
f 649/649/649 648/648/648 650/650/650
f 650/650/650 648/648/648 651/651/651
f 652/652/652 653/653/653 654/654/654
f 654/654/654 653/653/653 655/655/655
f 656/656/656 657/657/657 658/658/658
f 658/658/658 657/657/657 659/659/659
f 660/660/660 661/661/661 662/662/662
f 662/662/662 661/661/661 663/663/663
f 664/664/664 663/663/663 665/665/665
f 665/665/665 663/663/663 666/666/666
f 667/667/667 668/668/668 669/669/669
f 669/669/669 668/668/668 670/670/670
f 671/671/671 672/672/672 673/673/673
f 673/673/673 672/672/672 674/674/674
f 675/675/675 676/676/676 677/677/677
f 677/677/677 676/676/676 678/678/678
f 679/679/679 678/678/678 680/680/680
f 680/680/680 678/678/678 681/681/681
f 682/682/682 683/683/683 684/684/684
f 684/684/684 683/683/683 685/685/685
f 686/686/686 687/687/687 688/688/688
f 688/688/688 687/687/687 689/689/689
f 690/690/690 691/691/691 692/692/692
f 692/692/692 691/691/691 634/634/634
f 693/693/693 694/694/694 695/695/695
f 695/695/695 694/694/694 696/696/696
f 695/695/695 696/696/696 697/697/697
f 697/697/697 696/696/696 698/698/698
f 697/697/697 698/698/698 699/699/699
f 699/699/699 698/698/698 700/700/700
f 699/699/699 700/700/700 701/701/701
f 701/701/701 700/700/700 702/702/702
f 701/701/701 702/702/702 703/703/703
f 703/703/703 702/702/702 704/704/704
f 703/703/703 704/704/704 705/705/705
f 705/705/705 704/704/704 706/706/706
f 705/705/705 706/706/706 707/707/707
f 707/707/707 706/706/706 708/708/708
f 707/707/707 708/708/708 709/709/709
f 709/709/709 708/708/708 710/710/710
f 709/709/709 710/710/710 711/711/711
f 711/711/711 710/710/710 712/712/712
f 711/711/711 712/712/712 713/713/713
f 713/713/713 712/712/712 714/714/714
f 713/713/713 714/714/714 715/715/715
f 715/715/715 714/714/714 716/716/716
f 715/715/715 716/716/716 717/717/717
f 717/717/717 716/716/716 718/718/718
f 717/717/717 718/718/718 719/719/719
f 719/719/719 718/718/718 720/720/720
f 719/719/719 720/720/720 721/721/721
f 721/721/721 720/720/720 722/722/722
f 721/721/721 722/722/722 723/723/723
f 723/723/723 722/722/722 724/724/724
f 723/723/723 724/724/724 693/693/693
f 693/693/693 724/724/724 694/694/694
f 694/694/694 725/725/725 696/696/696
f 696/696/696 725/725/725 726/726/726
f 696/696/696 726/726/726 698/698/698
f 698/698/698 726/726/726 727/727/727
f 698/698/698 727/727/727 700/700/700
f 700/700/700 727/727/727 728/728/728
f 700/700/700 728/728/728 702/702/702
f 702/702/702 728/728/728 729/729/729
f 702/702/702 729/729/729 704/704/704
f 704/704/704 729/729/729 730/730/730
f 704/704/704 730/730/730 706/706/706
f 706/706/706 730/730/730 731/731/731
f 706/706/706 731/731/731 708/708/708
f 708/708/708 731/731/731 732/732/732
f 708/708/708 732/732/732 710/710/710
f 710/710/710 732/732/732 733/733/733
f 710/710/710 733/733/733 712/712/712
f 712/712/712 733/733/733 734/734/734
f 712/712/712 734/734/734 714/714/714
f 714/714/714 734/734/734 735/735/735
f 714/714/714 735/735/735 716/716/716
f 716/716/716 735/735/735 736/736/736
f 716/716/716 736/736/736 718/718/718
f 718/718/718 736/736/736 737/737/737
f 718/718/718 737/737/737 720/720/720
f 720/720/720 737/737/737 738/738/738
f 720/720/720 738/738/738 722/722/722
f 722/722/722 738/738/738 739/739/739
f 722/722/722 739/739/739 724/724/724
f 724/724/724 739/739/739 740/740/740
f 724/724/724 740/740/740 694/694/694
f 694/694/694 740/740/740 725/725/725
f 725/725/725 741/741/741 726/726/726
f 726/726/726 741/741/741 742/742/742
f 726/726/726 742/742/742 727/727/727
f 727/727/727 742/742/742 743/743/743
f 727/727/727 743/743/743 728/728/728
f 728/728/728 743/743/743 744/744/744
f 728/728/728 744/744/744 729/729/729
f 729/729/729 744/744/744 745/745/745
f 729/729/729 745/745/745 730/730/730
f 730/730/730 745/745/745 746/746/746
f 730/730/730 746/746/746 731/731/731
f 731/731/731 746/746/746 747/747/747
f 731/731/731 747/747/747 732/732/732
f 732/732/732 747/747/747 748/748/748
f 732/732/732 748/748/748 733/733/733
f 733/733/733 748/748/748 749/749/749
f 733/733/733 749/749/749 734/734/734
f 734/734/734 749/749/749 750/750/750
f 734/734/734 750/750/750 735/735/735
f 735/735/735 750/750/750 751/751/751
f 735/735/735 751/751/751 736/736/736
f 736/736/736 751/751/751 752/752/752
f 736/736/736 752/752/752 737/737/737
f 737/737/737 752/752/752 753/753/753
f 737/737/737 753/753/753 738/738/738
f 738/738/738 753/753/753 754/754/754
f 738/738/738 754/754/754 739/739/739
f 739/739/739 754/754/754 755/755/755
f 739/739/739 755/755/755 740/740/740
f 740/740/740 755/755/755 756/756/756
f 740/740/740 756/756/756 725/725/725
f 725/725/725 756/756/756 741/741/741
f 741/741/741 757/757/757 742/742/742
f 742/742/742 757/757/757 743/743/743
f 743/743/743 757/757/757 744/744/744
f 744/744/744 757/757/757 745/745/745
f 745/745/745 757/757/757 746/746/746
f 746/746/746 757/757/757 747/747/747
f 747/747/747 757/757/757 748/748/748
f 748/748/748 757/757/757 749/749/749
f 749/749/749 757/757/757 750/750/750
f 750/750/750 757/757/757 751/751/751
f 751/751/751 757/757/757 752/752/752
f 752/752/752 757/757/757 753/753/753
f 753/753/753 757/757/757 754/754/754
f 754/754/754 757/757/757 755/755/755
f 755/755/755 757/757/757 756/756/756
f 756/756/756 757/757/757 741/741/741
f 758/758/758 759/759/759 760/760/760
f 758/758/758 760/760/760 761/761/761
f 758/758/758 761/761/761 762/762/762
f 758/758/758 762/762/762 763/763/763
f 758/758/758 763/763/763 764/764/764
f 758/758/758 764/764/764 765/765/765
f 758/758/758 765/765/765 766/766/766
f 758/758/758 766/766/766 767/767/767
f 758/758/758 767/767/767 768/768/768
f 758/758/758 768/768/768 769/769/769
f 758/758/758 769/769/769 770/770/770
f 758/758/758 770/770/770 771/771/771
f 758/758/758 771/771/771 772/772/772
f 758/758/758 772/772/772 773/773/773
f 758/758/758 773/773/773 774/774/774
f 758/758/758 774/774/774 759/759/759
f 775/775/775 776/776/776 777/777/777
f 777/777/777 776/776/776 778/778/778
f 779/779/779 780/780/780 781/781/781
f 781/781/781 780/780/780 782/782/782
f 783/783/783 784/784/784 785/785/785
f 785/785/785 784/784/784 786/786/786
f 787/787/787 788/788/788 789/789/789
f 789/789/789 788/788/788 790/790/790
f 791/791/791 792/792/792 793/793/793
f 793/793/793 792/792/792 794/794/794
f 795/795/795 796/796/796 797/797/797
f 797/797/797 796/796/796 798/798/798
f 799/799/799 800/800/800 801/801/801
f 801/801/801 800/800/800 802/802/802
f 803/803/803 804/804/804 805/805/805
f 805/805/805 804/804/804 806/806/806
f 807/807/807 808/808/808 809/809/809
f 809/809/809 808/808/808 810/810/810
f 811/811/811 812/812/812 813/813/813
f 813/813/813 812/812/812 814/814/814
f 815/815/815 816/816/816 817/817/817
f 817/817/817 816/816/816 818/818/818
f 819/819/819 820/820/820 821/821/821
f 821/821/821 820/820/820 822/822/822
f 823/823/823 824/824/824 825/825/825
f 825/825/825 824/824/824 826/826/826
f 827/827/827 828/828/828 829/829/829
f 829/829/829 828/828/828 830/830/830
f 831/831/831 832/832/832 833/833/833
f 833/833/833 832/832/832 834/834/834
f 835/835/835 836/836/836 837/837/837
f 837/837/837 836/836/836 838/838/838
