# Native 3D geometry in metres. Partial staff head; CPU source, not a render.
o S14
v 0.00680000009015 1.67800000137 0.00000000000
v 0.00628238078207 1.67800000137 0.00260224728845
v 0.00850000046194 1.67800000137 0.00000000000
v 0.00785297621042 1.67800000137 0.00325280916877
v 0.00480832625180 1.67800000137 0.00480832625180
v 0.00601040758193 1.67800000137 0.00601040758193
v 0.00260224728845 1.67800000137 0.00628238078207
v 0.00325280916877 1.67800000137 0.00785297621042
v 4.16379921194e-19 1.67800000137 0.00680000009015
v 5.20474914417e-19 1.67800000137 0.00850000046194
v -0.00260224728845 1.67800000137 0.00628238078207
v -0.00325280916877 1.67800000137 0.00785297621042
v -0.00480832625180 1.67800000137 0.00480832625180
v -0.00601040758193 1.67800000137 0.00601040758193
v -0.00628238078207 1.67800000137 0.00260224728845
v -0.00785297621042 1.67800000137 0.00325280916877
v -0.00680000009015 1.67800000137 8.32759842387e-19
v -0.00850000046194 1.67800000137 1.04094982883e-18
v -0.00628238078207 1.67800000137 -0.00260224728845
v -0.00785297621042 1.67800000137 -0.00325280916877
v -0.00480832625180 1.67800000137 -0.00480832625180
v -0.00601040758193 1.67800000137 -0.00601040758193
v -0.00260224728845 1.67800000137 -0.00628238078207
v -0.00325280916877 1.67800000137 -0.00785297621042
v -1.24913971188e-18 1.67800000137 -0.00680000009015
v -1.56142469155e-18 1.67800000137 -0.00850000046194
v 0.00260224728845 1.67800000137 -0.00628238078207
v 0.00325280916877 1.67800000137 -0.00785297621042
v 0.00480832625180 1.67800000137 -0.00480832625180
v 0.00601040758193 1.67800000137 -0.00601040758193
v 0.00628238078207 1.67800000137 -0.00260224728845
v 0.00785297621042 1.67800000137 -0.00325280916877
v 0.00850000046194 1.67800000137 0.00000000000
v 0.00785297621042 1.67800000137 0.00325280916877
v 0.00899999961257 1.67750000036 0.00000000000
v 0.00831491593271 1.67750000036 0.00344415078871
v 0.00785297621042 1.67800000137 0.00325280916877
v 0.00601040758193 1.67800000137 0.00601040758193
v 0.00831491593271 1.67750000036 0.00344415078871
v 0.00636396091431 1.67750000036 0.00636396091431
v 0.00601040758193 1.67800000137 0.00601040758193
v 0.00325280916877 1.67800000137 0.00785297621042
v 0.00636396091431 1.67750000036 0.00636396091431
v 0.00344415078871 1.67750000036 0.00831491593271
v 0.00325280916877 1.67800000137 0.00785297621042
v 5.20474914417e-19 1.67800000137 0.00850000046194
v 0.00344415078871 1.67750000036 0.00831491593271
v 5.51091040236e-19 1.67750000036 0.00899999961257
v 5.20474914417e-19 1.67800000137 0.00850000046194
v -0.00325280916877 1.67800000137 0.00785297621042
v 5.51091040236e-19 1.67750000036 0.00899999961257
v -0.00344415078871 1.67750000036 0.00831491593271
v -0.00325280916877 1.67800000137 0.00785297621042
v -0.00601040758193 1.67800000137 0.00601040758193
v -0.00344415078871 1.67750000036 0.00831491593271
v -0.00636396091431 1.67750000036 0.00636396091431
v -0.00601040758193 1.67800000137 0.00601040758193
v -0.00785297621042 1.67800000137 0.00325280916877
v -0.00636396091431 1.67750000036 0.00636396091431
v -0.00831491593271 1.67750000036 0.00344415078871
v -0.00785297621042 1.67800000137 0.00325280916877
v -0.00850000046194 1.67800000137 1.04094982883e-18
v -0.00831491593271 1.67750000036 0.00344415078871
v -0.00899999961257 1.67750000036 1.10218208047e-18
v -0.00850000046194 1.67800000137 1.04094982883e-18
v -0.00785297621042 1.67800000137 -0.00325280916877
v -0.00899999961257 1.67750000036 1.10218208047e-18
v -0.00831491593271 1.67750000036 -0.00344415078871
v -0.00785297621042 1.67800000137 -0.00325280916877
v -0.00601040758193 1.67800000137 -0.00601040758193
v -0.00831491593271 1.67750000036 -0.00344415078871
v -0.00636396091431 1.67750000036 -0.00636396091431
v -0.00601040758193 1.67800000137 -0.00601040758193
v -0.00325280916877 1.67800000137 -0.00785297621042
v -0.00636396091431 1.67750000036 -0.00636396091431
v -0.00344415078871 1.67750000036 -0.00831491593271
v -0.00325280916877 1.67800000137 -0.00785297621042
v -1.56142469155e-18 1.67800000137 -0.00850000046194
v -0.00344415078871 1.67750000036 -0.00831491593271
v -1.65327317241e-18 1.67750000036 -0.00899999961257
v -1.56142469155e-18 1.67800000137 -0.00850000046194
v 0.00325280916877 1.67800000137 -0.00785297621042
v -1.65327317241e-18 1.67750000036 -0.00899999961257
v 0.00344415078871 1.67750000036 -0.00831491593271
v 0.00325280916877 1.67800000137 -0.00785297621042
v 0.00601040758193 1.67800000137 -0.00601040758193
v 0.00344415078871 1.67750000036 -0.00831491593271
v 0.00636396091431 1.67750000036 -0.00636396091431
v 0.00601040758193 1.67800000137 -0.00601040758193
v 0.00785297621042 1.67800000137 -0.00325280916877
v 0.00636396091431 1.67750000036 -0.00636396091431
v 0.00831491593271 1.67750000036 -0.00344415078871
v 0.00785297621042 1.67800000137 -0.00325280916877
v 0.00850000046194 1.67800000137 0.00000000000
v 0.00831491593271 1.67750000036 -0.00344415078871
v 0.00899999961257 1.67750000036 0.00000000000
v 0.00899999961257 1.67750000036 0.00000000000
v 0.00831491593271 1.67750000036 0.00344415078871
v 0.00899999961257 1.67450000173 0.00000000000
v 0.00831491593271 1.67450000173 0.00344415078871
v 0.00831491593271 1.67750000036 0.00344415078871
v 0.00636396091431 1.67750000036 0.00636396091431
v 0.00831491593271 1.67450000173 0.00344415078871
v 0.00636396091431 1.67450000173 0.00636396091431
v 0.00636396091431 1.67750000036 0.00636396091431
v 0.00344415078871 1.67750000036 0.00831491593271
v 0.00636396091431 1.67450000173 0.00636396091431
v 0.00344415078871 1.67450000173 0.00831491593271
v 0.00344415078871 1.67750000036 0.00831491593271
v 5.51091040236e-19 1.67750000036 0.00899999961257
v 0.00344415078871 1.67450000173 0.00831491593271
v 5.51091040236e-19 1.67450000173 0.00899999961257
v 5.51091040236e-19 1.67750000036 0.00899999961257
v -0.00344415078871 1.67750000036 0.00831491593271
v -0.00344415078871 1.67450000173 0.00831491593271
v -0.00344415078871 1.67750000036 0.00831491593271
v -0.00636396091431 1.67750000036 0.00636396091431
v -0.00344415078871 1.67450000173 0.00831491593271
v -0.00636396091431 1.67450000173 0.00636396091431
v -0.00636396091431 1.67750000036 0.00636396091431
v -0.00831491593271 1.67750000036 0.00344415078871
v -0.00636396091431 1.67450000173 0.00636396091431
v -0.00831491593271 1.67450000173 0.00344415078871
v -0.00831491593271 1.67750000036 0.00344415078871
v -0.00899999961257 1.67750000036 1.10218208047e-18
v -0.00831491593271 1.67450000173 0.00344415078871
v -0.00899999961257 1.67450000173 1.10218208047e-18
v -0.00899999961257 1.67750000036 1.10218208047e-18
v -0.00831491593271 1.67750000036 -0.00344415078871
v -0.00831491593271 1.67450000173 -0.00344415078871
v -0.00831491593271 1.67750000036 -0.00344415078871
v -0.00636396091431 1.67750000036 -0.00636396091431
v -0.00831491593271 1.67450000173 -0.00344415078871
v -0.00636396091431 1.67450000173 -0.00636396091431
v -0.00636396091431 1.67750000036 -0.00636396091431
v -0.00344415078871 1.67750000036 -0.00831491593271
v -0.00636396091431 1.67450000173 -0.00636396091431
v -0.00344415078871 1.67450000173 -0.00831491593271
v -0.00344415078871 1.67750000036 -0.00831491593271
v -1.65327317241e-18 1.67750000036 -0.00899999961257
v -0.00344415078871 1.67450000173 -0.00831491593271
v -1.65327317241e-18 1.67450000173 -0.00899999961257
v -1.65327317241e-18 1.67750000036 -0.00899999961257
v 0.00344415078871 1.67750000036 -0.00831491593271
v 0.00344415078871 1.67450000173 -0.00831491593271
v 0.00344415078871 1.67750000036 -0.00831491593271
v 0.00636396091431 1.67750000036 -0.00636396091431
v 0.00344415078871 1.67450000173 -0.00831491593271
v 0.00636396091431 1.67450000173 -0.00636396091431
v 0.00636396091431 1.67750000036 -0.00636396091431
v 0.00831491593271 1.67750000036 -0.00344415078871
v 0.00636396091431 1.67450000173 -0.00636396091431
v 0.00831491593271 1.67450000173 -0.00344415078871
v 0.00831491593271 1.67750000036 -0.00344415078871
v 0.00899999961257 1.67750000036 0.00000000000
v 0.00831491593271 1.67450000173 -0.00344415078871
v 0.00899999961257 1.67450000173 0.00000000000
v 0.00831491593271 1.67450000173 0.00344415078871
v 0.00800000037998 1.67400000072 0.00000000000
v 0.00739103648812 1.67400000072 0.00306146754883
v 0.00831491593271 1.67450000173 0.00344415078871
v 0.00636396091431 1.67450000173 0.00636396091431
v 0.00739103648812 1.67400000072 0.00306146754883
v 0.00565685424954 1.67400000072 0.00565685424954
v 0.00636396091431 1.67450000173 0.00636396091431
v 0.00344415078871 1.67450000173 0.00831491593271
v 0.00565685424954 1.67400000072 0.00565685424954
v 0.00306146754883 1.67400000072 0.00739103648812
v 0.00344415078871 1.67450000173 0.00831491593271
v 5.51091040236e-19 1.67450000173 0.00899999961257
v 0.00306146754883 1.67400000072 0.00739103648812
v 4.89858736898e-19 1.67400000072 0.00800000037998
v 5.51091040236e-19 1.67450000173 0.00899999961257
v -0.00344415078871 1.67450000173 0.00831491593271
v 4.89858736898e-19 1.67400000072 0.00800000037998
v -0.00306146754883 1.67400000072 0.00739103648812
v -0.00344415078871 1.67450000173 0.00831491593271
v -0.00636396091431 1.67450000173 0.00636396091431
v -0.00306146754883 1.67400000072 0.00739103648812
v -0.00565685424954 1.67400000072 0.00565685424954
v -0.00636396091431 1.67450000173 0.00636396091431
v -0.00831491593271 1.67450000173 0.00344415078871
v -0.00565685424954 1.67400000072 0.00565685424954
v -0.00739103648812 1.67400000072 0.00306146754883
v -0.00831491593271 1.67450000173 0.00344415078871
v -0.00899999961257 1.67450000173 1.10218208047e-18
v -0.00739103648812 1.67400000072 0.00306146754883
v -0.00800000037998 1.67400000072 9.79717473796e-19
v -0.00899999961257 1.67450000173 1.10218208047e-18
v -0.00831491593271 1.67450000173 -0.00344415078871
v -0.00800000037998 1.67400000072 9.79717473796e-19
v -0.00739103648812 1.67400000072 -0.00306146754883
v -0.00831491593271 1.67450000173 -0.00344415078871
v -0.00636396091431 1.67450000173 -0.00636396091431
v -0.00739103648812 1.67400000072 -0.00306146754883
v -0.00565685424954 1.67400000072 -0.00565685424954
v -0.00636396091431 1.67450000173 -0.00636396091431
v -0.00344415078871 1.67450000173 -0.00831491593271
v -0.00565685424954 1.67400000072 -0.00565685424954
v -0.00306146754883 1.67400000072 -0.00739103648812
v -0.00344415078871 1.67450000173 -0.00831491593271
v -1.65327317241e-18 1.67450000173 -0.00899999961257
v -0.00306146754883 1.67400000072 -0.00739103648812
v -1.46957610730e-18 1.67400000072 -0.00800000037998
v -1.65327317241e-18 1.67450000173 -0.00899999961257
v 0.00344415078871 1.67450000173 -0.00831491593271
v -1.46957610730e-18 1.67400000072 -0.00800000037998
v 0.00306146754883 1.67400000072 -0.00739103648812
v 0.00344415078871 1.67450000173 -0.00831491593271
v 0.00636396091431 1.67450000173 -0.00636396091431
v 0.00306146754883 1.67400000072 -0.00739103648812
v 0.00565685424954 1.67400000072 -0.00565685424954
v 0.00636396091431 1.67450000173 -0.00636396091431
v 0.00831491593271 1.67450000173 -0.00344415078871
v 0.00565685424954 1.67400000072 -0.00565685424954
v 0.00739103648812 1.67400000072 -0.00306146754883
v 0.00831491593271 1.67450000173 -0.00344415078871
v 0.00899999961257 1.67450000173 0.00000000000
v 0.00739103648812 1.67400000072 -0.00306146754883
v 0.00800000037998 1.67400000072 0.00000000000
v 0.00800000037998 1.67400000072 0.00000000000
v 0.00739103648812 1.67400000072 0.00306146754883
v 0.00800000037998 1.67249999768 0.00000000000
v 0.00739103648812 1.67249999768 0.00306146754883
v 0.00739103648812 1.67400000072 0.00306146754883
v 0.00565685424954 1.67400000072 0.00565685424954
v 0.00739103648812 1.67249999768 0.00306146754883
v 0.00565685424954 1.67249999768 0.00565685424954
v 0.00565685424954 1.67400000072 0.00565685424954
v 0.00306146754883 1.67400000072 0.00739103648812
v 0.00565685424954 1.67249999768 0.00565685424954
v 0.00306146754883 1.67249999768 0.00739103648812
v 0.00306146754883 1.67400000072 0.00739103648812
v 4.89858736898e-19 1.67400000072 0.00800000037998
v 0.00306146754883 1.67249999768 0.00739103648812
v 4.89858736898e-19 1.67249999768 0.00800000037998
v 4.89858736898e-19 1.67400000072 0.00800000037998
v -0.00306146754883 1.67400000072 0.00739103648812
v 4.89858736898e-19 1.67249999768 0.00800000037998
v -0.00306146754883 1.67249999768 0.00739103648812
v -0.00306146754883 1.67400000072 0.00739103648812
v -0.00565685424954 1.67400000072 0.00565685424954
v -0.00306146754883 1.67249999768 0.00739103648812
v -0.00565685424954 1.67249999768 0.00565685424954
v -0.00565685424954 1.67400000072 0.00565685424954
v -0.00739103648812 1.67400000072 0.00306146754883
v -0.00565685424954 1.67249999768 0.00565685424954
v -0.00739103648812 1.67249999768 0.00306146754883
v -0.00739103648812 1.67400000072 0.00306146754883
v -0.00800000037998 1.67400000072 9.79717473796e-19
v -0.00739103648812 1.67249999768 0.00306146754883
v -0.00800000037998 1.67249999768 9.79717473796e-19
v -0.00800000037998 1.67400000072 9.79717473796e-19
v -0.00739103648812 1.67400000072 -0.00306146754883
v -0.00800000037998 1.67249999768 9.79717473796e-19
v -0.00739103648812 1.67249999768 -0.00306146754883
v -0.00739103648812 1.67400000072 -0.00306146754883
v -0.00565685424954 1.67400000072 -0.00565685424954
v -0.00739103648812 1.67249999768 -0.00306146754883
v -0.00565685424954 1.67249999768 -0.00565685424954
v -0.00565685424954 1.67400000072 -0.00565685424954
v -0.00306146754883 1.67400000072 -0.00739103648812
v -0.00565685424954 1.67249999768 -0.00565685424954
v -0.00306146754883 1.67249999768 -0.00739103648812
v -0.00306146754883 1.67400000072 -0.00739103648812
v -1.46957610730e-18 1.67400000072 -0.00800000037998
v -0.00306146754883 1.67249999768 -0.00739103648812
v -1.46957610730e-18 1.67249999768 -0.00800000037998
v -1.46957610730e-18 1.67400000072 -0.00800000037998
v 0.00306146754883 1.67400000072 -0.00739103648812
v -1.46957610730e-18 1.67249999768 -0.00800000037998
v 0.00306146754883 1.67249999768 -0.00739103648812
v 0.00306146754883 1.67400000072 -0.00739103648812
v 0.00565685424954 1.67400000072 -0.00565685424954
v 0.00306146754883 1.67249999768 -0.00739103648812
v 0.00565685424954 1.67249999768 -0.00565685424954
v 0.00565685424954 1.67400000072 -0.00565685424954
v 0.00739103648812 1.67400000072 -0.00306146754883
v 0.00565685424954 1.67249999768 -0.00565685424954
v 0.00739103648812 1.67249999768 -0.00306146754883
v 0.00739103648812 1.67400000072 -0.00306146754883
v 0.00800000037998 1.67400000072 0.00000000000
v 0.00739103648812 1.67249999768 -0.00306146754883
v 0.00800000037998 1.67249999768 0.00000000000
v 0.00800000037998 1.67249999768 0.00000000000
v 0.00739103648812 1.67249999768 0.00306146754883
v 0.00999999977648 1.67150000310 0.00000000000
v 0.00923879537731 1.67150000310 0.00382683426142
v 0.00739103648812 1.67249999768 0.00306146754883
v 0.00565685424954 1.67249999768 0.00565685424954
v 0.00923879537731 1.67150000310 0.00382683426142
v 0.00707106757909 1.67150000310 0.00707106757909
v 0.00565685424954 1.67249999768 0.00565685424954
v 0.00306146754883 1.67249999768 0.00739103648812
v 0.00707106757909 1.67150000310 0.00707106757909
v 0.00382683426142 1.67150000310 0.00923879537731
v 0.00306146754883 1.67249999768 0.00739103648812
v 4.89858736898e-19 1.67249999768 0.00800000037998
v 0.00382683426142 1.67150000310 0.00923879537731
v 6.12323395273e-19 1.67150000310 0.00999999977648
v 4.89858736898e-19 1.67249999768 0.00800000037998
v -0.00306146754883 1.67249999768 0.00739103648812
v 6.12323395273e-19 1.67150000310 0.00999999977648
v -0.00382683426142 1.67150000310 0.00923879537731
v -0.00306146754883 1.67249999768 0.00739103648812
v -0.00565685424954 1.67249999768 0.00565685424954
v -0.00382683426142 1.67150000310 0.00923879537731
v -0.00707106757909 1.67150000310 0.00707106757909
v -0.00565685424954 1.67249999768 0.00565685424954
v -0.00739103648812 1.67249999768 0.00306146754883
v -0.00707106757909 1.67150000310 0.00707106757909
v -0.00923879537731 1.67150000310 0.00382683426142
v -0.00739103648812 1.67249999768 0.00306146754883
v -0.00800000037998 1.67249999768 9.79717473796e-19
v -0.00923879537731 1.67150000310 0.00382683426142
v -0.00999999977648 1.67150000310 1.22464679055e-18
v -0.00800000037998 1.67249999768 9.79717473796e-19
v -0.00739103648812 1.67249999768 -0.00306146754883
v -0.00999999977648 1.67150000310 1.22464679055e-18
v -0.00923879537731 1.67150000310 -0.00382683426142
v -0.00739103648812 1.67249999768 -0.00306146754883
v -0.00565685424954 1.67249999768 -0.00565685424954
v -0.00923879537731 1.67150000310 -0.00382683426142
v -0.00707106757909 1.67150000310 -0.00707106757909
v -0.00565685424954 1.67249999768 -0.00565685424954
v -0.00306146754883 1.67249999768 -0.00739103648812
v -0.00707106757909 1.67150000310 -0.00707106757909
v -0.00382683426142 1.67150000310 -0.00923879537731
v -0.00306146754883 1.67249999768 -0.00739103648812
v -1.46957610730e-18 1.67249999768 -0.00800000037998
v -0.00382683426142 1.67150000310 -0.00923879537731
v -1.83697023752e-18 1.67150000310 -0.00999999977648
v -1.46957610730e-18 1.67249999768 -0.00800000037998
v 0.00306146754883 1.67249999768 -0.00739103648812
v -1.83697023752e-18 1.67150000310 -0.00999999977648
v 0.00382683426142 1.67150000310 -0.00923879537731
v 0.00306146754883 1.67249999768 -0.00739103648812
v 0.00565685424954 1.67249999768 -0.00565685424954
v 0.00382683426142 1.67150000310 -0.00923879537731
v 0.00707106757909 1.67150000310 -0.00707106757909
v 0.00565685424954 1.67249999768 -0.00565685424954
v 0.00739103648812 1.67249999768 -0.00306146754883
v 0.00707106757909 1.67150000310 -0.00707106757909
v 0.00923879537731 1.67150000310 -0.00382683426142
v 0.00739103648812 1.67249999768 -0.00306146754883
v 0.00800000037998 1.67249999768 0.00000000000
v 0.00923879537731 1.67150000310 -0.00382683426142
v 0.00999999977648 1.67150000310 0.00000000000
v 0.00999999977648 1.67150000310 0.00000000000
v 0.00923879537731 1.67150000310 0.00382683426142
v 0.0175000000745 1.66899999803 0.00000000000
v 0.0161678921431 1.66899999803 0.00669695995748
v 0.00923879537731 1.67150000310 0.00382683426142
v 0.00707106757909 1.67150000310 0.00707106757909
v 0.0123743684962 1.66899999803 0.0123743684962
v 0.00707106757909 1.67150000310 0.00707106757909
v 0.00382683426142 1.67150000310 0.00923879537731
v 0.00669695995748 1.66899999803 0.0161678921431
v 0.00382683426142 1.67150000310 0.00923879537731
v 6.12323395273e-19 1.67150000310 0.00999999977648
v 1.07156595465e-18 1.66899999803 0.0175000000745
v 6.12323395273e-19 1.67150000310 0.00999999977648
v -0.00382683426142 1.67150000310 0.00923879537731
v -0.00669695995748 1.66899999803 0.0161678921431
v -0.00382683426142 1.67150000310 0.00923879537731
v -0.00707106757909 1.67150000310 0.00707106757909
v -0.0123743684962 1.66899999803 0.0123743684962
v -0.00707106757909 1.67150000310 0.00707106757909
v -0.00923879537731 1.67150000310 0.00382683426142
v -0.0161678921431 1.66899999803 0.00669695995748
v -0.00923879537731 1.67150000310 0.00382683426142
v -0.00999999977648 1.67150000310 1.22464679055e-18
v -0.0175000000745 1.66899999803 2.14313190931e-18
v -0.00999999977648 1.67150000310 1.22464679055e-18
v -0.00923879537731 1.67150000310 -0.00382683426142
v -0.0161678921431 1.66899999803 -0.00669695995748
v -0.00923879537731 1.67150000310 -0.00382683426142
v -0.00707106757909 1.67150000310 -0.00707106757909
v -0.0123743684962 1.66899999803 -0.0123743684962
v -0.00707106757909 1.67150000310 -0.00707106757909
v -0.00382683426142 1.67150000310 -0.00923879537731
v -0.00669695995748 1.66899999803 -0.0161678921431
v -0.00382683426142 1.67150000310 -0.00923879537731
v -1.83697023752e-18 1.67150000310 -0.00999999977648
v -3.21469786396e-18 1.66899999803 -0.0175000000745
v -1.83697023752e-18 1.67150000310 -0.00999999977648
v 0.00382683426142 1.67150000310 -0.00923879537731
v 0.00669695995748 1.66899999803 -0.0161678921431
v 0.00382683426142 1.67150000310 -0.00923879537731
v 0.00707106757909 1.67150000310 -0.00707106757909
v 0.0123743684962 1.66899999803 -0.0123743684962
v 0.00707106757909 1.67150000310 -0.00707106757909
v 0.00923879537731 1.67150000310 -0.00382683426142
v 0.0161678921431 1.66899999803 -0.00669695995748
v 0.00923879537731 1.67150000310 -0.00382683426142
v 0.00999999977648 1.67150000310 0.00000000000
v 0.0175000000745 1.66899999803 0.00000000000
v 0.0161678921431 1.66899999803 0.00669695995748
v 0.0179999992251 1.66849999702 0.00000000000
v 0.0166298318654 1.66849999702 0.00688830157742
v 0.0161678921431 1.66899999803 0.00669695995748
v 0.0123743684962 1.66899999803 0.0123743684962
v 0.0166298318654 1.66849999702 0.00688830157742
v 0.0127279218286 1.66849999702 0.0127279218286
v 0.0123743684962 1.66899999803 0.0123743684962
v 0.00669695995748 1.66899999803 0.0161678921431
v 0.0127279218286 1.66849999702 0.0127279218286
v 0.00688830157742 1.66849999702 0.0166298318654
v 0.00669695995748 1.66899999803 0.0161678921431
v 1.07156595465e-18 1.66899999803 0.0175000000745
v 0.00688830157742 1.66849999702 0.0166298318654
v 1.10218208047e-18 1.66849999702 0.0179999992251
v 1.07156595465e-18 1.66899999803 0.0175000000745
v -0.00669695995748 1.66899999803 0.0161678921431
v 1.10218208047e-18 1.66849999702 0.0179999992251
v -0.00688830157742 1.66849999702 0.0166298318654
v -0.00669695995748 1.66899999803 0.0161678921431
v -0.0123743684962 1.66899999803 0.0123743684962
v -0.00688830157742 1.66849999702 0.0166298318654
v -0.0127279218286 1.66849999702 0.0127279218286
v -0.0123743684962 1.66899999803 0.0123743684962
v -0.0161678921431 1.66899999803 0.00669695995748
v -0.0127279218286 1.66849999702 0.0127279218286
v -0.0166298318654 1.66849999702 0.00688830157742
v -0.0161678921431 1.66899999803 0.00669695995748
v -0.0175000000745 1.66899999803 2.14313190931e-18
v -0.0166298318654 1.66849999702 0.00688830157742
v -0.0179999992251 1.66849999702 2.20436416095e-18
v -0.0175000000745 1.66899999803 2.14313190931e-18
v -0.0161678921431 1.66899999803 -0.00669695995748
v -0.0179999992251 1.66849999702 2.20436416095e-18
v -0.0166298318654 1.66849999702 -0.00688830157742
v -0.0161678921431 1.66899999803 -0.00669695995748
v -0.0123743684962 1.66899999803 -0.0123743684962
v -0.0166298318654 1.66849999702 -0.00688830157742
v -0.0127279218286 1.66849999702 -0.0127279218286
v -0.0123743684962 1.66899999803 -0.0123743684962
v -0.00669695995748 1.66899999803 -0.0161678921431
v -0.0127279218286 1.66849999702 -0.0127279218286
v -0.00688830157742 1.66849999702 -0.0166298318654
v -0.00669695995748 1.66899999803 -0.0161678921431
v -3.21469786396e-18 1.66899999803 -0.0175000000745
v -0.00688830157742 1.66849999702 -0.0166298318654
v -3.30654634482e-18 1.66849999702 -0.0179999992251
v -3.21469786396e-18 1.66899999803 -0.0175000000745
v 0.00669695995748 1.66899999803 -0.0161678921431
v -3.30654634482e-18 1.66849999702 -0.0179999992251
v 0.00688830157742 1.66849999702 -0.0166298318654
v 0.00669695995748 1.66899999803 -0.0161678921431
v 0.0123743684962 1.66899999803 -0.0123743684962
v 0.00688830157742 1.66849999702 -0.0166298318654
v 0.0127279218286 1.66849999702 -0.0127279218286
v 0.0123743684962 1.66899999803 -0.0123743684962
v 0.0161678921431 1.66899999803 -0.00669695995748
v 0.0127279218286 1.66849999702 -0.0127279218286
v 0.0166298318654 1.66849999702 -0.00688830157742
v 0.0161678921431 1.66899999803 -0.00669695995748
v 0.0175000000745 1.66899999803 0.00000000000
v 0.0166298318654 1.66849999702 -0.00688830157742
v 0.0179999992251 1.66849999702 0.00000000000
v 0.0179999992251 1.66849999702 0.00000000000
v 0.0166298318654 1.66849999702 0.00688830157742
v 0.0179999992251 1.66800000346 0.00000000000
v 0.0166298318654 1.66800000346 0.00688830157742
v 0.0166298318654 1.66849999702 0.00688830157742
v 0.0127279218286 1.66849999702 0.0127279218286
v 0.0166298318654 1.66800000346 0.00688830157742
v 0.0127279218286 1.66800000346 0.0127279218286
v 0.0127279218286 1.66849999702 0.0127279218286
v 0.00688830157742 1.66849999702 0.0166298318654
v 0.0127279218286 1.66800000346 0.0127279218286
v 0.00688830157742 1.66800000346 0.0166298318654
v 0.00688830157742 1.66849999702 0.0166298318654
v 1.10218208047e-18 1.66849999702 0.0179999992251
v 0.00688830157742 1.66800000346 0.0166298318654
v 1.10218208047e-18 1.66800000346 0.0179999992251
v 1.10218208047e-18 1.66849999702 0.0179999992251
v -0.00688830157742 1.66849999702 0.0166298318654
v 1.10218208047e-18 1.66800000346 0.0179999992251
v -0.00688830157742 1.66800000346 0.0166298318654
v -0.00688830157742 1.66849999702 0.0166298318654
v -0.0127279218286 1.66849999702 0.0127279218286
v -0.00688830157742 1.66800000346 0.0166298318654
v -0.0127279218286 1.66800000346 0.0127279218286
v -0.0127279218286 1.66849999702 0.0127279218286
v -0.0166298318654 1.66849999702 0.00688830157742
v -0.0127279218286 1.66800000346 0.0127279218286
v -0.0166298318654 1.66800000346 0.00688830157742
v -0.0166298318654 1.66849999702 0.00688830157742
v -0.0179999992251 1.66849999702 2.20436416095e-18
v -0.0166298318654 1.66800000346 0.00688830157742
v -0.0179999992251 1.66800000346 2.20436416095e-18
v -0.0179999992251 1.66849999702 2.20436416095e-18
v -0.0166298318654 1.66849999702 -0.00688830157742
v -0.0179999992251 1.66800000346 2.20436416095e-18
v -0.0166298318654 1.66800000346 -0.00688830157742
v -0.0166298318654 1.66849999702 -0.00688830157742
v -0.0127279218286 1.66849999702 -0.0127279218286
v -0.0166298318654 1.66800000346 -0.00688830157742
v -0.0127279218286 1.66800000346 -0.0127279218286
v -0.0127279218286 1.66849999702 -0.0127279218286
v -0.00688830157742 1.66849999702 -0.0166298318654
v -0.0127279218286 1.66800000346 -0.0127279218286
v -0.00688830157742 1.66800000346 -0.0166298318654
v -0.00688830157742 1.66849999702 -0.0166298318654
v -3.30654634482e-18 1.66849999702 -0.0179999992251
v -0.00688830157742 1.66800000346 -0.0166298318654
v -3.30654634482e-18 1.66800000346 -0.0179999992251
v -3.30654634482e-18 1.66849999702 -0.0179999992251
v 0.00688830157742 1.66849999702 -0.0166298318654
v -3.30654634482e-18 1.66800000346 -0.0179999992251
v 0.00688830157742 1.66800000346 -0.0166298318654
v 0.00688830157742 1.66849999702 -0.0166298318654
v 0.0127279218286 1.66849999702 -0.0127279218286
v 0.00688830157742 1.66800000346 -0.0166298318654
v 0.0127279218286 1.66800000346 -0.0127279218286
v 0.0127279218286 1.66849999702 -0.0127279218286
v 0.0166298318654 1.66849999702 -0.00688830157742
v 0.0127279218286 1.66800000346 -0.0127279218286
v 0.0166298318654 1.66800000346 -0.00688830157742
v 0.0166298318654 1.66849999702 -0.00688830157742
v 0.0179999992251 1.66849999702 0.00000000000
v 0.0166298318654 1.66800000346 -0.00688830157742
v 0.0179999992251 1.66800000346 0.00000000000
v 0.0179999992251 1.66800000346 0.00000000000
v 0.0166298318654 1.66800000346 0.00688830157742
v 0.0140000004321 1.66800000346 0.00000000000
v 0.0129343131557 1.66800000346 0.00535756815225
v 0.0127279218286 1.66800000346 0.0127279218286
v 0.00989949516952 1.66800000346 0.00989949516952
v 0.00688830157742 1.66800000346 0.0166298318654
v 0.00535756815225 1.66800000346 0.0129343131557
v 1.10218208047e-18 1.66800000346 0.0179999992251
v 8.57252763722e-19 1.66800000346 0.0140000004321
v -0.00688830157742 1.66800000346 0.0166298318654
v -0.00535756815225 1.66800000346 0.0129343131557
v -0.0127279218286 1.66800000346 0.0127279218286
v -0.00989949516952 1.66800000346 0.00989949516952
v -0.0166298318654 1.66800000346 0.00688830157742
v -0.0129343131557 1.66800000346 0.00535756815225
v -0.0179999992251 1.66800000346 2.20436416095e-18
v -0.0140000004321 1.66800000346 1.71450552744e-18
v -0.0166298318654 1.66800000346 -0.00688830157742
v -0.0129343131557 1.66800000346 -0.00535756815225
v -0.0127279218286 1.66800000346 -0.0127279218286
v -0.00989949516952 1.66800000346 -0.00989949516952
v -0.00688830157742 1.66800000346 -0.0166298318654
v -0.00535756815225 1.66800000346 -0.0129343131557
v -3.30654634482e-18 1.66800000346 -0.0179999992251
v -2.57175829117e-18 1.66800000346 -0.0140000004321
v 0.00688830157742 1.66800000346 -0.0166298318654
v 0.00535756815225 1.66800000346 -0.0129343131557
v 0.0127279218286 1.66800000346 -0.0127279218286
v 0.00989949516952 1.66800000346 -0.00989949516952
v 0.0166298318654 1.66800000346 -0.00688830157742
v 0.0129343131557 1.66800000346 -0.00535756815225
v 0.0131999999285 1.66750000244 0.00000000000
v 0.0121952099726 1.66750000244 0.00505142146721
v 0.00989949516952 1.66800000346 0.00989949516952
v 0.00933380983770 1.66750000244 0.00933380983770
v 0.00989949516952 1.66800000346 0.00989949516952
v 0.00933380983770 1.66750000244 0.00933380983770
v 0.00505142146721 1.66750000244 0.0121952099726
v 8.08266869353e-19 1.66750000244 0.0131999999285
v -0.00505142146721 1.66750000244 0.0121952099726
v -0.00989949516952 1.66800000346 0.00989949516952
v -0.00933380983770 1.66750000244 0.00933380983770
v -0.00989949516952 1.66800000346 0.00989949516952
v -0.00933380983770 1.66750000244 0.00933380983770
v -0.0121952099726 1.66750000244 0.00505142146721
v -0.0131999999285 1.66750000244 1.61653373871e-18
v -0.0121952099726 1.66750000244 -0.00505142146721
v -0.00989949516952 1.66800000346 -0.00989949516952
v -0.00933380983770 1.66750000244 -0.00933380983770
v -0.00989949516952 1.66800000346 -0.00989949516952
v -0.00933380983770 1.66750000244 -0.00933380983770
v -0.00505142146721 1.66750000244 -0.0121952099726
v -2.42480076316e-18 1.66750000244 -0.0131999999285
v 0.00505142146721 1.66750000244 -0.0121952099726
v 0.00989949516952 1.66800000346 -0.00989949516952
v 0.00933380983770 1.66750000244 -0.00933380983770
v 0.00989949516952 1.66800000346 -0.00989949516952
v 0.00933380983770 1.66750000244 -0.00933380983770
v 0.0121952099726 1.66750000244 -0.00505142146721
v 0.0131999999285 1.66750000244 0.00000000000
v 0.0121952099726 1.66750000244 0.00505142146721
v 0.0131999999285 1.66199999875 0.00000000000
v 0.0121952099726 1.66199999875 0.00505142146721
v 0.0121952099726 1.66750000244 0.00505142146721
v 0.00933380983770 1.66750000244 0.00933380983770
v 0.0121952099726 1.66199999875 0.00505142146721
v 0.00933380983770 1.66199999875 0.00933380983770
v 0.00933380983770 1.66750000244 0.00933380983770
v 0.00505142146721 1.66750000244 0.0121952099726
v 0.00933380983770 1.66199999875 0.00933380983770
v 0.00505142146721 1.66199999875 0.0121952099726
v 0.00505142146721 1.66750000244 0.0121952099726
v 8.08266869353e-19 1.66750000244 0.0131999999285
v 0.00505142146721 1.66199999875 0.0121952099726
v 8.08266869353e-19 1.66199999875 0.0131999999285
v 8.08266869353e-19 1.66750000244 0.0131999999285
v -0.00505142146721 1.66750000244 0.0121952099726
v -0.00505142146721 1.66199999875 0.0121952099726
v -0.00505142146721 1.66750000244 0.0121952099726
v -0.00933380983770 1.66750000244 0.00933380983770
v -0.00505142146721 1.66199999875 0.0121952099726
v -0.00933380983770 1.66199999875 0.00933380983770
v -0.00933380983770 1.66750000244 0.00933380983770
v -0.0121952099726 1.66750000244 0.00505142146721
v -0.00933380983770 1.66199999875 0.00933380983770
v -0.0121952099726 1.66199999875 0.00505142146721
v -0.0121952099726 1.66750000244 0.00505142146721
v -0.0131999999285 1.66750000244 1.61653373871e-18
v -0.0121952099726 1.66199999875 0.00505142146721
v -0.0131999999285 1.66199999875 1.61653373871e-18
v -0.0131999999285 1.66750000244 1.61653373871e-18
v -0.0121952099726 1.66750000244 -0.00505142146721
v -0.0121952099726 1.66199999875 -0.00505142146721
v -0.0121952099726 1.66750000244 -0.00505142146721
v -0.00933380983770 1.66750000244 -0.00933380983770
v -0.0121952099726 1.66199999875 -0.00505142146721
v -0.00933380983770 1.66199999875 -0.00933380983770
v -0.00933380983770 1.66750000244 -0.00933380983770
v -0.00505142146721 1.66750000244 -0.0121952099726
v -0.00933380983770 1.66199999875 -0.00933380983770
v -0.00505142146721 1.66199999875 -0.0121952099726
v -0.00505142146721 1.66750000244 -0.0121952099726
v -2.42480076316e-18 1.66750000244 -0.0131999999285
v -0.00505142146721 1.66199999875 -0.0121952099726
v -2.42480076316e-18 1.66199999875 -0.0131999999285
v -2.42480076316e-18 1.66750000244 -0.0131999999285
v 0.00505142146721 1.66750000244 -0.0121952099726
v 0.00505142146721 1.66199999875 -0.0121952099726
v 0.00505142146721 1.66750000244 -0.0121952099726
v 0.00933380983770 1.66750000244 -0.00933380983770
v 0.00505142146721 1.66199999875 -0.0121952099726
v 0.00933380983770 1.66199999875 -0.00933380983770
v 0.00933380983770 1.66750000244 -0.00933380983770
v 0.0121952099726 1.66750000244 -0.00505142146721
v 0.00933380983770 1.66199999875 -0.00933380983770
v 0.0121952099726 1.66199999875 -0.00505142146721
v 0.0121952099726 1.66750000244 -0.00505142146721
v 0.0131999999285 1.66750000244 0.00000000000
v 0.0121952099726 1.66199999875 -0.00505142146721
v 0.0131999999285 1.66199999875 0.00000000000
v 0.0121952099726 1.66199999875 0.00505142146721
v 0.00800000037998 1.66199999875 0.00000000000
v 0.00739103648812 1.66199999875 0.00306146754883
v 0.00933380983770 1.66199999875 0.00933380983770
v 0.00565685424954 1.66199999875 0.00565685424954
v 0.00505142146721 1.66199999875 0.0121952099726
v 0.00306146754883 1.66199999875 0.00739103648812
v 8.08266869353e-19 1.66199999875 0.0131999999285
v 4.89858736898e-19 1.66199999875 0.00800000037998
v -0.00505142146721 1.66199999875 0.0121952099726
v -0.00306146754883 1.66199999875 0.00739103648812
v -0.00933380983770 1.66199999875 0.00933380983770
v -0.00565685424954 1.66199999875 0.00565685424954
v -0.0121952099726 1.66199999875 0.00505142146721
v -0.00739103648812 1.66199999875 0.00306146754883
v -0.0131999999285 1.66199999875 1.61653373871e-18
v -0.00800000037998 1.66199999875 9.79717473796e-19
v -0.0121952099726 1.66199999875 -0.00505142146721
v -0.00739103648812 1.66199999875 -0.00306146754883
v -0.00933380983770 1.66199999875 -0.00933380983770
v -0.00565685424954 1.66199999875 -0.00565685424954
v -0.00505142146721 1.66199999875 -0.0121952099726
v -0.00306146754883 1.66199999875 -0.00739103648812
v -2.42480076316e-18 1.66199999875 -0.0131999999285
v -1.46957610730e-18 1.66199999875 -0.00800000037998
v 0.00505142146721 1.66199999875 -0.0121952099726
v 0.00306146754883 1.66199999875 -0.00739103648812
v 0.00933380983770 1.66199999875 -0.00933380983770
v 0.00565685424954 1.66199999875 -0.00565685424954
v 0.0121952099726 1.66199999875 -0.00505142146721
v 0.00739103648812 1.66199999875 -0.00306146754883
v 0.00800000037998 1.66199999875 0.00000000000
v 0.00739103648812 1.66199999875 0.00306146754883
v 0.00899999961257 1.66499999738 0.00000000000
v 0.00831491593271 1.66499999738 0.00344415078871
v 0.00739103648812 1.66199999875 0.00306146754883
v 0.00565685424954 1.66199999875 0.00565685424954
v 0.00831491593271 1.66499999738 0.00344415078871
v 0.00636396091431 1.66499999738 0.00636396091431
v 0.00565685424954 1.66199999875 0.00565685424954
v 0.00306146754883 1.66199999875 0.00739103648812
v 0.00636396091431 1.66499999738 0.00636396091431
v 0.00344415078871 1.66499999738 0.00831491593271
v 0.00306146754883 1.66199999875 0.00739103648812
v 4.89858736898e-19 1.66199999875 0.00800000037998
v 0.00344415078871 1.66499999738 0.00831491593271
v 5.51091040236e-19 1.66499999738 0.00899999961257
v 4.89858736898e-19 1.66199999875 0.00800000037998
v -0.00306146754883 1.66199999875 0.00739103648812
v 5.51091040236e-19 1.66499999738 0.00899999961257
v -0.00344415078871 1.66499999738 0.00831491593271
v -0.00306146754883 1.66199999875 0.00739103648812
v -0.00565685424954 1.66199999875 0.00565685424954
v -0.00344415078871 1.66499999738 0.00831491593271
v -0.00636396091431 1.66499999738 0.00636396091431
v -0.00565685424954 1.66199999875 0.00565685424954
v -0.00739103648812 1.66199999875 0.00306146754883
v -0.00636396091431 1.66499999738 0.00636396091431
v -0.00831491593271 1.66499999738 0.00344415078871
v -0.00739103648812 1.66199999875 0.00306146754883
v -0.00800000037998 1.66199999875 9.79717473796e-19
v -0.00831491593271 1.66499999738 0.00344415078871
v -0.00899999961257 1.66499999738 1.10218208047e-18
v -0.00800000037998 1.66199999875 9.79717473796e-19
v -0.00739103648812 1.66199999875 -0.00306146754883
v -0.00899999961257 1.66499999738 1.10218208047e-18
v -0.00831491593271 1.66499999738 -0.00344415078871
v -0.00739103648812 1.66199999875 -0.00306146754883
v -0.00565685424954 1.66199999875 -0.00565685424954
v -0.00831491593271 1.66499999738 -0.00344415078871
v -0.00636396091431 1.66499999738 -0.00636396091431
v -0.00565685424954 1.66199999875 -0.00565685424954
v -0.00306146754883 1.66199999875 -0.00739103648812
v -0.00636396091431 1.66499999738 -0.00636396091431
v -0.00344415078871 1.66499999738 -0.00831491593271
v -0.00306146754883 1.66199999875 -0.00739103648812
v -1.46957610730e-18 1.66199999875 -0.00800000037998
v -0.00344415078871 1.66499999738 -0.00831491593271
v -1.65327317241e-18 1.66499999738 -0.00899999961257
v -1.46957610730e-18 1.66199999875 -0.00800000037998
v 0.00306146754883 1.66199999875 -0.00739103648812
v -1.65327317241e-18 1.66499999738 -0.00899999961257
v 0.00344415078871 1.66499999738 -0.00831491593271
v 0.00306146754883 1.66199999875 -0.00739103648812
v 0.00565685424954 1.66199999875 -0.00565685424954
v 0.00344415078871 1.66499999738 -0.00831491593271
v 0.00636396091431 1.66499999738 -0.00636396091431
v 0.00565685424954 1.66199999875 -0.00565685424954
v 0.00739103648812 1.66199999875 -0.00306146754883
v 0.00636396091431 1.66499999738 -0.00636396091431
v 0.00831491593271 1.66499999738 -0.00344415078871
v 0.00739103648812 1.66199999875 -0.00306146754883
v 0.00800000037998 1.66199999875 0.00000000000
v 0.00831491593271 1.66499999738 -0.00344415078871
v 0.00899999961257 1.66499999738 0.00000000000
v 0.00899999961257 1.66499999738 0.00000000000
v 0.00831491593271 1.66499999738 0.00344415078871
v 0.00000000000 1.67199999666 0.00000000000
v 0.00831491593271 1.66499999738 0.00344415078871
v 0.00636396091431 1.66499999738 0.00636396091431
v 0.00000000000 1.67199999666 0.00000000000
v 0.00636396091431 1.66499999738 0.00636396091431
v 0.00344415078871 1.66499999738 0.00831491593271
v 0.00000000000 1.67199999666 0.00000000000
v 0.00344415078871 1.66499999738 0.00831491593271
v 5.51091040236e-19 1.66499999738 0.00899999961257
v 0.00000000000 1.67199999666 0.00000000000
v 5.51091040236e-19 1.66499999738 0.00899999961257
v -0.00344415078871 1.66499999738 0.00831491593271
v 0.00000000000 1.67199999666 0.00000000000
v -0.00344415078871 1.66499999738 0.00831491593271
v -0.00636396091431 1.66499999738 0.00636396091431
v 0.00000000000 1.67199999666 0.00000000000
v -0.00636396091431 1.66499999738 0.00636396091431
v -0.00831491593271 1.66499999738 0.00344415078871
v 0.00000000000 1.67199999666 0.00000000000
v -0.00831491593271 1.66499999738 0.00344415078871
v -0.00899999961257 1.66499999738 1.10218208047e-18
v 0.00000000000 1.67199999666 0.00000000000
v -0.00899999961257 1.66499999738 1.10218208047e-18
v -0.00831491593271 1.66499999738 -0.00344415078871
v 0.00000000000 1.67199999666 0.00000000000
v -0.00831491593271 1.66499999738 -0.00344415078871
v -0.00636396091431 1.66499999738 -0.00636396091431
v 0.00000000000 1.67199999666 0.00000000000
v -0.00636396091431 1.66499999738 -0.00636396091431
v -0.00344415078871 1.66499999738 -0.00831491593271
v 0.00000000000 1.67199999666 0.00000000000
v -0.00344415078871 1.66499999738 -0.00831491593271
v -1.65327317241e-18 1.66499999738 -0.00899999961257
v 0.00000000000 1.67199999666 0.00000000000
v -1.65327317241e-18 1.66499999738 -0.00899999961257
v 0.00344415078871 1.66499999738 -0.00831491593271
v 0.00000000000 1.67199999666 0.00000000000
v 0.00344415078871 1.66499999738 -0.00831491593271
v 0.00636396091431 1.66499999738 -0.00636396091431
v 0.00000000000 1.67199999666 0.00000000000
v 0.00636396091431 1.66499999738 -0.00636396091431
v 0.00831491593271 1.66499999738 -0.00344415078871
v 0.00000000000 1.67199999666 0.00000000000
v 0.00831491593271 1.66499999738 -0.00344415078871
v 0.00899999961257 1.66499999738 0.00000000000
v 0.00000000000 1.67199999666 0.00000000000
v 0.00000000000 1.67400000072 0.00000000000
v 0.00582044105977 1.67400000072 0.00241090566851
v 0.00630000000820 1.67400000072 0.00000000000
v 0.00445477291942 1.67400000072 0.00445477291942
v 0.00241090566851 1.67400000072 0.00582044105977
v 3.85763743675e-19 1.67400000072 0.00630000000820
v -0.00241090566851 1.67400000072 0.00582044105977
v -0.00445477291942 1.67400000072 0.00445477291942
v -0.00582044105977 1.67400000072 0.00241090566851
v -0.00630000000820 1.67400000072 7.71527487350e-19
v -0.00582044105977 1.67400000072 -0.00241090566851
v -0.00445477291942 1.67400000072 -0.00445477291942
v -0.00241090566851 1.67400000072 -0.00582044105977
v -1.15729123103e-18 1.67400000072 -0.00630000000820
v 0.00241090566851 1.67400000072 -0.00582044105977
v 0.00445477291942 1.67400000072 -0.00445477291942
v 0.00582044105977 1.67400000072 -0.00241090566851
v 0.00630000000820 1.67400000072 0.00000000000
v 0.00582044105977 1.67400000072 0.00241090566851
v 0.00630000000820 1.67725000358 0.00000000000
v 0.00582044105977 1.67725000358 0.00241090566851
v 0.00582044105977 1.67400000072 0.00241090566851
v 0.00445477291942 1.67400000072 0.00445477291942
v 0.00582044105977 1.67725000358 0.00241090566851
v 0.00445477291942 1.67725000358 0.00445477291942
v 0.00445477291942 1.67400000072 0.00445477291942
v 0.00241090566851 1.67400000072 0.00582044105977
v 0.00445477291942 1.67725000358 0.00445477291942
v 0.00241090566851 1.67725000358 0.00582044105977
v 0.00241090566851 1.67400000072 0.00582044105977
v 3.85763743675e-19 1.67400000072 0.00630000000820
v 0.00241090566851 1.67725000358 0.00582044105977
v 3.85763743675e-19 1.67725000358 0.00630000000820
v 3.85763743675e-19 1.67400000072 0.00630000000820
v -0.00241090566851 1.67400000072 0.00582044105977
v 3.85763743675e-19 1.67725000358 0.00630000000820
v -0.00241090566851 1.67725000358 0.00582044105977
v -0.00241090566851 1.67400000072 0.00582044105977
v -0.00445477291942 1.67400000072 0.00445477291942
v -0.00241090566851 1.67725000358 0.00582044105977
v -0.00445477291942 1.67725000358 0.00445477291942
v -0.00445477291942 1.67400000072 0.00445477291942
v -0.00582044105977 1.67400000072 0.00241090566851
v -0.00445477291942 1.67725000358 0.00445477291942
v -0.00582044105977 1.67725000358 0.00241090566851
v -0.00582044105977 1.67400000072 0.00241090566851
v -0.00630000000820 1.67400000072 7.71527487350e-19
v -0.00582044105977 1.67725000358 0.00241090566851
v -0.00630000000820 1.67725000358 7.71527487350e-19
v -0.00630000000820 1.67400000072 7.71527487350e-19
v -0.00582044105977 1.67400000072 -0.00241090566851
v -0.00630000000820 1.67725000358 7.71527487350e-19
v -0.00582044105977 1.67725000358 -0.00241090566851
v -0.00582044105977 1.67400000072 -0.00241090566851
v -0.00445477291942 1.67400000072 -0.00445477291942
v -0.00582044105977 1.67725000358 -0.00241090566851
v -0.00445477291942 1.67725000358 -0.00445477291942
v -0.00445477291942 1.67400000072 -0.00445477291942
v -0.00241090566851 1.67400000072 -0.00582044105977
v -0.00445477291942 1.67725000358 -0.00445477291942
v -0.00241090566851 1.67725000358 -0.00582044105977
v -0.00241090566851 1.67400000072 -0.00582044105977
v -1.15729123103e-18 1.67400000072 -0.00630000000820
v -0.00241090566851 1.67725000358 -0.00582044105977
v -1.15729123103e-18 1.67725000358 -0.00630000000820
v -1.15729123103e-18 1.67400000072 -0.00630000000820
v 0.00241090566851 1.67400000072 -0.00582044105977
v -1.15729123103e-18 1.67725000358 -0.00630000000820
v 0.00241090566851 1.67725000358 -0.00582044105977
v 0.00241090566851 1.67400000072 -0.00582044105977
v 0.00445477291942 1.67400000072 -0.00445477291942
v 0.00241090566851 1.67725000358 -0.00582044105977
v 0.00445477291942 1.67725000358 -0.00445477291942
v 0.00445477291942 1.67400000072 -0.00445477291942
v 0.00582044105977 1.67400000072 -0.00241090566851
v 0.00445477291942 1.67725000358 -0.00445477291942
v 0.00582044105977 1.67725000358 -0.00241090566851
v 0.00582044105977 1.67400000072 -0.00241090566851
v 0.00630000000820 1.67400000072 0.00000000000
v 0.00582044105977 1.67725000358 -0.00241090566851
v 0.00630000000820 1.67725000358 0.00000000000
v 0.00630000000820 1.67725000358 0.00000000000
v 0.00582044105977 1.67725000358 0.00241090566851
v 0.00680000009015 1.67800000137 0.00000000000
v 0.00628238078207 1.67800000137 0.00260224728845
v 0.00582044105977 1.67725000358 0.00241090566851
v 0.00445477291942 1.67725000358 0.00445477291942
v 0.00628238078207 1.67800000137 0.00260224728845
v 0.00480832625180 1.67800000137 0.00480832625180
v 0.00445477291942 1.67725000358 0.00445477291942
v 0.00241090566851 1.67725000358 0.00582044105977
v 0.00480832625180 1.67800000137 0.00480832625180
v 0.00260224728845 1.67800000137 0.00628238078207
v 0.00241090566851 1.67725000358 0.00582044105977
v 3.85763743675e-19 1.67725000358 0.00630000000820
v 0.00260224728845 1.67800000137 0.00628238078207
v 4.16379921194e-19 1.67800000137 0.00680000009015
v 3.85763743675e-19 1.67725000358 0.00630000000820
v -0.00241090566851 1.67725000358 0.00582044105977
v 4.16379921194e-19 1.67800000137 0.00680000009015
v -0.00260224728845 1.67800000137 0.00628238078207
v -0.00241090566851 1.67725000358 0.00582044105977
v -0.00445477291942 1.67725000358 0.00445477291942
v -0.00260224728845 1.67800000137 0.00628238078207
v -0.00480832625180 1.67800000137 0.00480832625180
v -0.00445477291942 1.67725000358 0.00445477291942
v -0.00582044105977 1.67725000358 0.00241090566851
v -0.00480832625180 1.67800000137 0.00480832625180
v -0.00628238078207 1.67800000137 0.00260224728845
v -0.00582044105977 1.67725000358 0.00241090566851
v -0.00630000000820 1.67725000358 7.71527487350e-19
v -0.00628238078207 1.67800000137 0.00260224728845
v -0.00680000009015 1.67800000137 8.32759842387e-19
v -0.00630000000820 1.67725000358 7.71527487350e-19
v -0.00582044105977 1.67725000358 -0.00241090566851
v -0.00680000009015 1.67800000137 8.32759842387e-19
v -0.00628238078207 1.67800000137 -0.00260224728845
v -0.00582044105977 1.67725000358 -0.00241090566851
v -0.00445477291942 1.67725000358 -0.00445477291942
v -0.00628238078207 1.67800000137 -0.00260224728845
v -0.00480832625180 1.67800000137 -0.00480832625180
v -0.00445477291942 1.67725000358 -0.00445477291942
v -0.00241090566851 1.67725000358 -0.00582044105977
v -0.00480832625180 1.67800000137 -0.00480832625180
v -0.00260224728845 1.67800000137 -0.00628238078207
v -0.00241090566851 1.67725000358 -0.00582044105977
v -1.15729123103e-18 1.67725000358 -0.00630000000820
v -0.00260224728845 1.67800000137 -0.00628238078207
v -1.24913971188e-18 1.67800000137 -0.00680000009015
v -1.15729123103e-18 1.67725000358 -0.00630000000820
v 0.00241090566851 1.67725000358 -0.00582044105977
v -1.24913971188e-18 1.67800000137 -0.00680000009015
v 0.00260224728845 1.67800000137 -0.00628238078207
v 0.00241090566851 1.67725000358 -0.00582044105977
v 0.00445477291942 1.67725000358 -0.00445477291942
v 0.00260224728845 1.67800000137 -0.00628238078207
v 0.00480832625180 1.67800000137 -0.00480832625180
v 0.00445477291942 1.67725000358 -0.00445477291942
v 0.00582044105977 1.67725000358 -0.00241090566851
v 0.00480832625180 1.67800000137 -0.00480832625180
v 0.00628238078207 1.67800000137 -0.00260224728845
v 0.00582044105977 1.67725000358 -0.00241090566851
v 0.00630000000820 1.67725000358 0.00000000000
v 0.00628238078207 1.67800000137 -0.00260224728845
v 0.00680000009015 1.67800000137 0.00000000000
vt 0 0
vt 0.0625 0
vt 0 0.0555555559694767
vt 0.0625 0.0555555559694767
vt 0.125 0
vt 0.125 0.0555555559694767
vt 0.1875 0
vt 0.1875 0.0555555559694767
vt 0.25 0
vt 0.25 0.0555555559694767
vt 0.3125 0
vt 0.3125 0.0555555559694767
vt 0.375 0
vt 0.375 0.0555555559694767
vt 0.4375 0
vt 0.4375 0.0555555559694767
vt 0.5 0
vt 0.5 0.0555555559694767
vt 0.5625 0
vt 0.5625 0.0555555559694767
vt 0.625 0
vt 0.625 0.0555555559694767
vt 0.6875 0
vt 0.6875 0.0555555559694767
vt 0.75 0
vt 0.75 0.0555555559694767
vt 0.8125 0
vt 0.8125 0.0555555559694767
vt 0.875 0
vt 0.875 0.0555555559694767
vt 0.9375 0
vt 0.9375 0.0555555559694767
vt 0 0.0555555559694767
vt 0.0625 0.0555555559694767
vt 0 0.1111111119389534
vt 0.0625 0.1111111119389534
vt 0.0625 0.0555555559694767
vt 0.125 0.0555555559694767
vt 0.0625 0.1111111119389534
vt 0.125 0.1111111119389534
vt 0.125 0.0555555559694767
vt 0.1875 0.0555555559694767
vt 0.125 0.1111111119389534
vt 0.1875 0.1111111119389534
vt 0.1875 0.0555555559694767
vt 0.25 0.0555555559694767
vt 0.1875 0.1111111119389534
vt 0.25 0.1111111119389534
vt 0.25 0.0555555559694767
vt 0.3125 0.0555555559694767
vt 0.25 0.1111111119389534
vt 0.3125 0.1111111119389534
vt 0.3125 0.0555555559694767
vt 0.375 0.0555555559694767
vt 0.3125 0.1111111119389534
vt 0.375 0.1111111119389534
vt 0.375 0.0555555559694767
vt 0.4375 0.0555555559694767
vt 0.375 0.1111111119389534
vt 0.4375 0.1111111119389534
vt 0.4375 0.0555555559694767
vt 0.5 0.0555555559694767
vt 0.4375 0.1111111119389534
vt 0.5 0.1111111119389534
vt 0.5 0.0555555559694767
vt 0.5625 0.0555555559694767
vt 0.5 0.1111111119389534
vt 0.5625 0.1111111119389534
vt 0.5625 0.0555555559694767
vt 0.625 0.0555555559694767
vt 0.5625 0.1111111119389534
vt 0.625 0.1111111119389534
vt 0.625 0.0555555559694767
vt 0.6875 0.0555555559694767
vt 0.625 0.1111111119389534
vt 0.6875 0.1111111119389534
vt 0.6875 0.0555555559694767
vt 0.75 0.0555555559694767
vt 0.6875 0.1111111119389534
vt 0.75 0.1111111119389534
vt 0.75 0.0555555559694767
vt 0.8125 0.0555555559694767
vt 0.75 0.1111111119389534
vt 0.8125 0.1111111119389534
vt 0.8125 0.0555555559694767
vt 0.875 0.0555555559694767
vt 0.8125 0.1111111119389534
vt 0.875 0.1111111119389534
vt 0.875 0.0555555559694767
vt 0.9375 0.0555555559694767
vt 0.875 0.1111111119389534
vt 0.9375 0.1111111119389534
vt 0.9375 0.0555555559694767
vt 0 0.0555555559694767
vt 0.9375 0.1111111119389534
vt 0 0.1111111119389534
vt 0 0.1111111119389534
vt 0.0625 0.1111111119389534
vt 0 0.1666666716337204
vt 0.0625 0.1666666716337204
vt 0.0625 0.1111111119389534
vt 0.125 0.1111111119389534
vt 0.0625 0.1666666716337204
vt 0.125 0.1666666716337204
vt 0.125 0.1111111119389534
vt 0.1875 0.1111111119389534
vt 0.125 0.1666666716337204
vt 0.1875 0.1666666716337204
vt 0.1875 0.1111111119389534
vt 0.25 0.1111111119389534
vt 0.1875 0.1666666716337204
vt 0.25 0.1666666716337204
vt 0.25 0.1111111119389534
vt 0.3125 0.1111111119389534
vt 0.3125 0.1666666716337204
vt 0.3125 0.1111111119389534
vt 0.375 0.1111111119389534
vt 0.3125 0.1666666716337204
vt 0.375 0.1666666716337204
vt 0.375 0.1111111119389534
vt 0.4375 0.1111111119389534
vt 0.375 0.1666666716337204
vt 0.4375 0.1666666716337204
vt 0.4375 0.1111111119389534
vt 0.5 0.1111111119389534
vt 0.4375 0.1666666716337204
vt 0.5 0.1666666716337204
vt 0.5 0.1111111119389534
vt 0.5625 0.1111111119389534
vt 0.5625 0.1666666716337204
vt 0.5625 0.1111111119389534
vt 0.625 0.1111111119389534
vt 0.5625 0.1666666716337204
vt 0.625 0.1666666716337204
vt 0.625 0.1111111119389534
vt 0.6875 0.1111111119389534
vt 0.625 0.1666666716337204
vt 0.6875 0.1666666716337204
vt 0.6875 0.1111111119389534
vt 0.75 0.1111111119389534
vt 0.6875 0.1666666716337204
vt 0.75 0.1666666716337204
vt 0.75 0.1111111119389534
vt 0.8125 0.1111111119389534
vt 0.8125 0.1666666716337204
vt 0.8125 0.1111111119389534
vt 0.875 0.1111111119389534
vt 0.8125 0.1666666716337204
vt 0.875 0.1666666716337204
vt 0.875 0.1111111119389534
vt 0.9375 0.1111111119389534
vt 0.875 0.1666666716337204
vt 0.9375 0.1666666716337204
vt 0.9375 0.1111111119389534
vt 0 0.1111111119389534
vt 0.9375 0.1666666716337204
vt 0 0.1666666716337204
vt 0.0625 0.1666666716337204
vt 0 0.2222222238779068
vt 0.0625 0.2222222238779068
vt 0.0625 0.1666666716337204
vt 0.125 0.1666666716337204
vt 0.0625 0.2222222238779068
vt 0.125 0.2222222238779068
vt 0.125 0.1666666716337204
vt 0.1875 0.1666666716337204
vt 0.125 0.2222222238779068
vt 0.1875 0.2222222238779068
vt 0.1875 0.1666666716337204
vt 0.25 0.1666666716337204
vt 0.1875 0.2222222238779068
vt 0.25 0.2222222238779068
vt 0.25 0.1666666716337204
vt 0.3125 0.1666666716337204
vt 0.25 0.2222222238779068
vt 0.3125 0.2222222238779068
vt 0.3125 0.1666666716337204
vt 0.375 0.1666666716337204
vt 0.3125 0.2222222238779068
vt 0.375 0.2222222238779068
vt 0.375 0.1666666716337204
vt 0.4375 0.1666666716337204
vt 0.375 0.2222222238779068
vt 0.4375 0.2222222238779068
vt 0.4375 0.1666666716337204
vt 0.5 0.1666666716337204
vt 0.4375 0.2222222238779068
vt 0.5 0.2222222238779068
vt 0.5 0.1666666716337204
vt 0.5625 0.1666666716337204
vt 0.5 0.2222222238779068
vt 0.5625 0.2222222238779068
vt 0.5625 0.1666666716337204
vt 0.625 0.1666666716337204
vt 0.5625 0.2222222238779068
vt 0.625 0.2222222238779068
vt 0.625 0.1666666716337204
vt 0.6875 0.1666666716337204
vt 0.625 0.2222222238779068
vt 0.6875 0.2222222238779068
vt 0.6875 0.1666666716337204
vt 0.75 0.1666666716337204
vt 0.6875 0.2222222238779068
vt 0.75 0.2222222238779068
vt 0.75 0.1666666716337204
vt 0.8125 0.1666666716337204
vt 0.75 0.2222222238779068
vt 0.8125 0.2222222238779068
vt 0.8125 0.1666666716337204
vt 0.875 0.1666666716337204
vt 0.8125 0.2222222238779068
vt 0.875 0.2222222238779068
vt 0.875 0.1666666716337204
vt 0.9375 0.1666666716337204
vt 0.875 0.2222222238779068
vt 0.9375 0.2222222238779068
vt 0.9375 0.1666666716337204
vt 0 0.1666666716337204
vt 0.9375 0.2222222238779068
vt 0 0.2222222238779068
vt 0 0.2222222238779068
vt 0.0625 0.2222222238779068
vt 0 0.2777777910232544
vt 0.0625 0.2777777910232544
vt 0.0625 0.2222222238779068
vt 0.125 0.2222222238779068
vt 0.0625 0.2777777910232544
vt 0.125 0.2777777910232544
vt 0.125 0.2222222238779068
vt 0.1875 0.2222222238779068
vt 0.125 0.2777777910232544
vt 0.1875 0.2777777910232544
vt 0.1875 0.2222222238779068
vt 0.25 0.2222222238779068
vt 0.1875 0.2777777910232544
vt 0.25 0.2777777910232544
vt 0.25 0.2222222238779068
vt 0.3125 0.2222222238779068
vt 0.25 0.2777777910232544
vt 0.3125 0.2777777910232544
vt 0.3125 0.2222222238779068
vt 0.375 0.2222222238779068
vt 0.3125 0.2777777910232544
vt 0.375 0.2777777910232544
vt 0.375 0.2222222238779068
vt 0.4375 0.2222222238779068
vt 0.375 0.2777777910232544
vt 0.4375 0.2777777910232544
vt 0.4375 0.2222222238779068
vt 0.5 0.2222222238779068
vt 0.4375 0.2777777910232544
vt 0.5 0.2777777910232544
vt 0.5 0.2222222238779068
vt 0.5625 0.2222222238779068
vt 0.5 0.2777777910232544
vt 0.5625 0.2777777910232544
vt 0.5625 0.2222222238779068
vt 0.625 0.2222222238779068
vt 0.5625 0.2777777910232544
vt 0.625 0.2777777910232544
vt 0.625 0.2222222238779068
vt 0.6875 0.2222222238779068
vt 0.625 0.2777777910232544
vt 0.6875 0.2777777910232544
vt 0.6875 0.2222222238779068
vt 0.75 0.2222222238779068
vt 0.6875 0.2777777910232544
vt 0.75 0.2777777910232544
vt 0.75 0.2222222238779068
vt 0.8125 0.2222222238779068
vt 0.75 0.2777777910232544
vt 0.8125 0.2777777910232544
vt 0.8125 0.2222222238779068
vt 0.875 0.2222222238779068
vt 0.8125 0.2777777910232544
vt 0.875 0.2777777910232544
vt 0.875 0.2222222238779068
vt 0.9375 0.2222222238779068
vt 0.875 0.2777777910232544
vt 0.9375 0.2777777910232544
vt 0.9375 0.2222222238779068
vt 0 0.2222222238779068
vt 0.9375 0.2777777910232544
vt 0 0.2777777910232544
vt 0 0.2777777910232544
vt 0.0625 0.2777777910232544
vt 0 0.3333333432674408
vt 0.0625 0.3333333432674408
vt 0.0625 0.2777777910232544
vt 0.125 0.2777777910232544
vt 0.0625 0.3333333432674408
vt 0.125 0.3333333432674408
vt 0.125 0.2777777910232544
vt 0.1875 0.2777777910232544
vt 0.125 0.3333333432674408
vt 0.1875 0.3333333432674408
vt 0.1875 0.2777777910232544
vt 0.25 0.2777777910232544
vt 0.1875 0.3333333432674408
vt 0.25 0.3333333432674408
vt 0.25 0.2777777910232544
vt 0.3125 0.2777777910232544
vt 0.25 0.3333333432674408
vt 0.3125 0.3333333432674408
vt 0.3125 0.2777777910232544
vt 0.375 0.2777777910232544
vt 0.3125 0.3333333432674408
vt 0.375 0.3333333432674408
vt 0.375 0.2777777910232544
vt 0.4375 0.2777777910232544
vt 0.375 0.3333333432674408
vt 0.4375 0.3333333432674408
vt 0.4375 0.2777777910232544
vt 0.5 0.2777777910232544
vt 0.4375 0.3333333432674408
vt 0.5 0.3333333432674408
vt 0.5 0.2777777910232544
vt 0.5625 0.2777777910232544
vt 0.5 0.3333333432674408
vt 0.5625 0.3333333432674408
vt 0.5625 0.2777777910232544
vt 0.625 0.2777777910232544
vt 0.5625 0.3333333432674408
vt 0.625 0.3333333432674408
vt 0.625 0.2777777910232544
vt 0.6875 0.2777777910232544
vt 0.625 0.3333333432674408
vt 0.6875 0.3333333432674408
vt 0.6875 0.2777777910232544
vt 0.75 0.2777777910232544
vt 0.6875 0.3333333432674408
vt 0.75 0.3333333432674408
vt 0.75 0.2777777910232544
vt 0.8125 0.2777777910232544
vt 0.75 0.3333333432674408
vt 0.8125 0.3333333432674408
vt 0.8125 0.2777777910232544
vt 0.875 0.2777777910232544
vt 0.8125 0.3333333432674408
vt 0.875 0.3333333432674408
vt 0.875 0.2777777910232544
vt 0.9375 0.2777777910232544
vt 0.875 0.3333333432674408
vt 0.9375 0.3333333432674408
vt 0.9375 0.2777777910232544
vt 0 0.2777777910232544
vt 0.9375 0.3333333432674408
vt 0 0.3333333432674408
vt 0 0.3333333432674408
vt 0.0625 0.3333333432674408
vt 0 0.3888888955116272
vt 0.0625 0.3888888955116272
vt 0.0625 0.3333333432674408
vt 0.125 0.3333333432674408
vt 0.125 0.3888888955116272
vt 0.125 0.3333333432674408
vt 0.1875 0.3333333432674408
vt 0.1875 0.3888888955116272
vt 0.1875 0.3333333432674408
vt 0.25 0.3333333432674408
vt 0.25 0.3888888955116272
vt 0.25 0.3333333432674408
vt 0.3125 0.3333333432674408
vt 0.3125 0.3888888955116272
vt 0.3125 0.3333333432674408
vt 0.375 0.3333333432674408
vt 0.375 0.3888888955116272
vt 0.375 0.3333333432674408
vt 0.4375 0.3333333432674408
vt 0.4375 0.3888888955116272
vt 0.4375 0.3333333432674408
vt 0.5 0.3333333432674408
vt 0.5 0.3888888955116272
vt 0.5 0.3333333432674408
vt 0.5625 0.3333333432674408
vt 0.5625 0.3888888955116272
vt 0.5625 0.3333333432674408
vt 0.625 0.3333333432674408
vt 0.625 0.3888888955116272
vt 0.625 0.3333333432674408
vt 0.6875 0.3333333432674408
vt 0.6875 0.3888888955116272
vt 0.6875 0.3333333432674408
vt 0.75 0.3333333432674408
vt 0.75 0.3888888955116272
vt 0.75 0.3333333432674408
vt 0.8125 0.3333333432674408
vt 0.8125 0.3888888955116272
vt 0.8125 0.3333333432674408
vt 0.875 0.3333333432674408
vt 0.875 0.3888888955116272
vt 0.875 0.3333333432674408
vt 0.9375 0.3333333432674408
vt 0.9375 0.3888888955116272
vt 0.9375 0.3333333432674408
vt 0 0.3333333432674408
vt 0 0.3888888955116272
vt 0.0625 0.3888888955116272
vt 0 0.4444444477558136
vt 0.0625 0.4444444477558136
vt 0.0625 0.3888888955116272
vt 0.125 0.3888888955116272
vt 0.0625 0.4444444477558136
vt 0.125 0.4444444477558136
vt 0.125 0.3888888955116272
vt 0.1875 0.3888888955116272
vt 0.125 0.4444444477558136
vt 0.1875 0.4444444477558136
vt 0.1875 0.3888888955116272
vt 0.25 0.3888888955116272
vt 0.1875 0.4444444477558136
vt 0.25 0.4444444477558136
vt 0.25 0.3888888955116272
vt 0.3125 0.3888888955116272
vt 0.25 0.4444444477558136
vt 0.3125 0.4444444477558136
vt 0.3125 0.3888888955116272
vt 0.375 0.3888888955116272
vt 0.3125 0.4444444477558136
vt 0.375 0.4444444477558136
vt 0.375 0.3888888955116272
vt 0.4375 0.3888888955116272
vt 0.375 0.4444444477558136
vt 0.4375 0.4444444477558136
vt 0.4375 0.3888888955116272
vt 0.5 0.3888888955116272
vt 0.4375 0.4444444477558136
vt 0.5 0.4444444477558136
vt 0.5 0.3888888955116272
vt 0.5625 0.3888888955116272
vt 0.5 0.4444444477558136
vt 0.5625 0.4444444477558136
vt 0.5625 0.3888888955116272
vt 0.625 0.3888888955116272
vt 0.5625 0.4444444477558136
vt 0.625 0.4444444477558136
vt 0.625 0.3888888955116272
vt 0.6875 0.3888888955116272
vt 0.625 0.4444444477558136
vt 0.6875 0.4444444477558136
vt 0.6875 0.3888888955116272
vt 0.75 0.3888888955116272
vt 0.6875 0.4444444477558136
vt 0.75 0.4444444477558136
vt 0.75 0.3888888955116272
vt 0.8125 0.3888888955116272
vt 0.75 0.4444444477558136
vt 0.8125 0.4444444477558136
vt 0.8125 0.3888888955116272
vt 0.875 0.3888888955116272
vt 0.8125 0.4444444477558136
vt 0.875 0.4444444477558136
vt 0.875 0.3888888955116272
vt 0.9375 0.3888888955116272
vt 0.875 0.4444444477558136
vt 0.9375 0.4444444477558136
vt 0.9375 0.3888888955116272
vt 0 0.3888888955116272
vt 0.9375 0.4444444477558136
vt 0 0.4444444477558136
vt 0 0.4444444477558136
vt 0.0625 0.4444444477558136
vt 0 0.5
vt 0.0625 0.5
vt 0.0625 0.4444444477558136
vt 0.125 0.4444444477558136
vt 0.0625 0.5
vt 0.125 0.5
vt 0.125 0.4444444477558136
vt 0.1875 0.4444444477558136
vt 0.125 0.5
vt 0.1875 0.5
vt 0.1875 0.4444444477558136
vt 0.25 0.4444444477558136
vt 0.1875 0.5
vt 0.25 0.5
vt 0.25 0.4444444477558136
vt 0.3125 0.4444444477558136
vt 0.25 0.5
vt 0.3125 0.5
vt 0.3125 0.4444444477558136
vt 0.375 0.4444444477558136
vt 0.3125 0.5
vt 0.375 0.5
vt 0.375 0.4444444477558136
vt 0.4375 0.4444444477558136
vt 0.375 0.5
vt 0.4375 0.5
vt 0.4375 0.4444444477558136
vt 0.5 0.4444444477558136
vt 0.4375 0.5
vt 0.5 0.5
vt 0.5 0.4444444477558136
vt 0.5625 0.4444444477558136
vt 0.5 0.5
vt 0.5625 0.5
vt 0.5625 0.4444444477558136
vt 0.625 0.4444444477558136
vt 0.5625 0.5
vt 0.625 0.5
vt 0.625 0.4444444477558136
vt 0.6875 0.4444444477558136
vt 0.625 0.5
vt 0.6875 0.5
vt 0.6875 0.4444444477558136
vt 0.75 0.4444444477558136
vt 0.6875 0.5
vt 0.75 0.5
vt 0.75 0.4444444477558136
vt 0.8125 0.4444444477558136
vt 0.75 0.5
vt 0.8125 0.5
vt 0.8125 0.4444444477558136
vt 0.875 0.4444444477558136
vt 0.8125 0.5
vt 0.875 0.5
vt 0.875 0.4444444477558136
vt 0.9375 0.4444444477558136
vt 0.875 0.5
vt 0.9375 0.5
vt 0.9375 0.4444444477558136
vt 0 0.4444444477558136
vt 0.9375 0.5
vt 0 0.5
vt 0 0.5
vt 0.0625 0.5
vt 0 0.5555555820465088
vt 0.0625 0.5555555820465088
vt 0.125 0.5
vt 0.125 0.5555555820465088
vt 0.1875 0.5
vt 0.1875 0.5555555820465088
vt 0.25 0.5
vt 0.25 0.5555555820465088
vt 0.3125 0.5
vt 0.3125 0.5555555820465088
vt 0.375 0.5
vt 0.375 0.5555555820465088
vt 0.4375 0.5
vt 0.4375 0.5555555820465088
vt 0.5 0.5
vt 0.5 0.5555555820465088
vt 0.5625 0.5
vt 0.5625 0.5555555820465088
vt 0.625 0.5
vt 0.625 0.5555555820465088
vt 0.6875 0.5
vt 0.6875 0.5555555820465088
vt 0.75 0.5
vt 0.75 0.5555555820465088
vt 0.8125 0.5
vt 0.8125 0.5555555820465088
vt 0.875 0.5
vt 0.875 0.5555555820465088
vt 0.9375 0.5
vt 0.9375 0.5555555820465088
vt 0 0.6111111044883728
vt 0.0625 0.6111111044883728
vt 0.125 0.5555555820465088
vt 0.125 0.6111111044883728
vt 0.125 0.5555555820465088
vt 0.125 0.6111111044883728
vt 0.1875 0.6111111044883728
vt 0.25 0.6111111044883728
vt 0.3125 0.6111111044883728
vt 0.375 0.5555555820465088
vt 0.375 0.6111111044883728
vt 0.375 0.5555555820465088
vt 0.375 0.6111111044883728
vt 0.4375 0.6111111044883728
vt 0.5 0.6111111044883728
vt 0.5625 0.6111111044883728
vt 0.625 0.5555555820465088
vt 0.625 0.6111111044883728
vt 0.625 0.5555555820465088
vt 0.625 0.6111111044883728
vt 0.6875 0.6111111044883728
vt 0.75 0.6111111044883728
vt 0.8125 0.6111111044883728
vt 0.875 0.5555555820465088
vt 0.875 0.6111111044883728
vt 0.875 0.5555555820465088
vt 0.875 0.6111111044883728
vt 0.9375 0.6111111044883728
vt 0 0.6111111044883728
vt 0.0625 0.6111111044883728
vt 0 0.6666666865348816
vt 0.0625 0.6666666865348816
vt 0.0625 0.6111111044883728
vt 0.125 0.6111111044883728
vt 0.0625 0.6666666865348816
vt 0.125 0.6666666865348816
vt 0.125 0.6111111044883728
vt 0.1875 0.6111111044883728
vt 0.125 0.6666666865348816
vt 0.1875 0.6666666865348816
vt 0.1875 0.6111111044883728
vt 0.25 0.6111111044883728
vt 0.1875 0.6666666865348816
vt 0.25 0.6666666865348816
vt 0.25 0.6111111044883728
vt 0.3125 0.6111111044883728
vt 0.3125 0.6666666865348816
vt 0.3125 0.6111111044883728
vt 0.375 0.6111111044883728
vt 0.3125 0.6666666865348816
vt 0.375 0.6666666865348816
vt 0.375 0.6111111044883728
vt 0.4375 0.6111111044883728
vt 0.375 0.6666666865348816
vt 0.4375 0.6666666865348816
vt 0.4375 0.6111111044883728
vt 0.5 0.6111111044883728
vt 0.4375 0.6666666865348816
vt 0.5 0.6666666865348816
vt 0.5 0.6111111044883728
vt 0.5625 0.6111111044883728
vt 0.5625 0.6666666865348816
vt 0.5625 0.6111111044883728
vt 0.625 0.6111111044883728
vt 0.5625 0.6666666865348816
vt 0.625 0.6666666865348816
vt 0.625 0.6111111044883728
vt 0.6875 0.6111111044883728
vt 0.625 0.6666666865348816
vt 0.6875 0.6666666865348816
vt 0.6875 0.6111111044883728
vt 0.75 0.6111111044883728
vt 0.6875 0.6666666865348816
vt 0.75 0.6666666865348816
vt 0.75 0.6111111044883728
vt 0.8125 0.6111111044883728
vt 0.8125 0.6666666865348816
vt 0.8125 0.6111111044883728
vt 0.875 0.6111111044883728
vt 0.8125 0.6666666865348816
vt 0.875 0.6666666865348816
vt 0.875 0.6111111044883728
vt 0.9375 0.6111111044883728
vt 0.875 0.6666666865348816
vt 0.9375 0.6666666865348816
vt 0.9375 0.6111111044883728
vt 0 0.6111111044883728
vt 0.9375 0.6666666865348816
vt 0 0.6666666865348816
vt 0.0625 0.6666666865348816
vt 0 0.7222222089767456
vt 0.0625 0.7222222089767456
vt 0.125 0.6666666865348816
vt 0.125 0.7222222089767456
vt 0.1875 0.6666666865348816
vt 0.1875 0.7222222089767456
vt 0.25 0.6666666865348816
vt 0.25 0.7222222089767456
vt 0.3125 0.6666666865348816
vt 0.3125 0.7222222089767456
vt 0.375 0.6666666865348816
vt 0.375 0.7222222089767456
vt 0.4375 0.6666666865348816
vt 0.4375 0.7222222089767456
vt 0.5 0.6666666865348816
vt 0.5 0.7222222089767456
vt 0.5625 0.6666666865348816
vt 0.5625 0.7222222089767456
vt 0.625 0.6666666865348816
vt 0.625 0.7222222089767456
vt 0.6875 0.6666666865348816
vt 0.6875 0.7222222089767456
vt 0.75 0.6666666865348816
vt 0.75 0.7222222089767456
vt 0.8125 0.6666666865348816
vt 0.8125 0.7222222089767456
vt 0.875 0.6666666865348816
vt 0.875 0.7222222089767456
vt 0.9375 0.6666666865348816
vt 0.9375 0.7222222089767456
vt 0 0.7222222089767456
vt 0.0625 0.7222222089767456
vt 0 0.7777777910232544
vt 0.0625 0.7777777910232544
vt 0.0625 0.7222222089767456
vt 0.125 0.7222222089767456
vt 0.0625 0.7777777910232544
vt 0.125 0.7777777910232544
vt 0.125 0.7222222089767456
vt 0.1875 0.7222222089767456
vt 0.125 0.7777777910232544
vt 0.1875 0.7777777910232544
vt 0.1875 0.7222222089767456
vt 0.25 0.7222222089767456
vt 0.1875 0.7777777910232544
vt 0.25 0.7777777910232544
vt 0.25 0.7222222089767456
vt 0.3125 0.7222222089767456
vt 0.25 0.7777777910232544
vt 0.3125 0.7777777910232544
vt 0.3125 0.7222222089767456
vt 0.375 0.7222222089767456
vt 0.3125 0.7777777910232544
vt 0.375 0.7777777910232544
vt 0.375 0.7222222089767456
vt 0.4375 0.7222222089767456
vt 0.375 0.7777777910232544
vt 0.4375 0.7777777910232544
vt 0.4375 0.7222222089767456
vt 0.5 0.7222222089767456
vt 0.4375 0.7777777910232544
vt 0.5 0.7777777910232544
vt 0.5 0.7222222089767456
vt 0.5625 0.7222222089767456
vt 0.5 0.7777777910232544
vt 0.5625 0.7777777910232544
vt 0.5625 0.7222222089767456
vt 0.625 0.7222222089767456
vt 0.5625 0.7777777910232544
vt 0.625 0.7777777910232544
vt 0.625 0.7222222089767456
vt 0.6875 0.7222222089767456
vt 0.625 0.7777777910232544
vt 0.6875 0.7777777910232544
vt 0.6875 0.7222222089767456
vt 0.75 0.7222222089767456
vt 0.6875 0.7777777910232544
vt 0.75 0.7777777910232544
vt 0.75 0.7222222089767456
vt 0.8125 0.7222222089767456
vt 0.75 0.7777777910232544
vt 0.8125 0.7777777910232544
vt 0.8125 0.7222222089767456
vt 0.875 0.7222222089767456
vt 0.8125 0.7777777910232544
vt 0.875 0.7777777910232544
vt 0.875 0.7222222089767456
vt 0.9375 0.7222222089767456
vt 0.875 0.7777777910232544
vt 0.9375 0.7777777910232544
vt 0.9375 0.7222222089767456
vt 0 0.7222222089767456
vt 0.9375 0.7777777910232544
vt 0 0.7777777910232544
vt 0 0.7777777910232544
vt 0.0625 0.7777777910232544
vt 0 0.8333333134651184
vt 0.0625 0.7777777910232544
vt 0.125 0.7777777910232544
vt 0 0.8333333134651184
vt 0.125 0.7777777910232544
vt 0.1875 0.7777777910232544
vt 0 0.8333333134651184
vt 0.1875 0.7777777910232544
vt 0.25 0.7777777910232544
vt 0 0.8333333134651184
vt 0.25 0.7777777910232544
vt 0.3125 0.7777777910232544
vt 0 0.8333333134651184
vt 0.3125 0.7777777910232544
vt 0.375 0.7777777910232544
vt 0 0.8333333134651184
vt 0.375 0.7777777910232544
vt 0.4375 0.7777777910232544
vt 0 0.8333333134651184
vt 0.4375 0.7777777910232544
vt 0.5 0.7777777910232544
vt 0 0.8333333134651184
vt 0.5 0.7777777910232544
vt 0.5625 0.7777777910232544
vt 0 0.8333333134651184
vt 0.5625 0.7777777910232544
vt 0.625 0.7777777910232544
vt 0 0.8333333134651184
vt 0.625 0.7777777910232544
vt 0.6875 0.7777777910232544
vt 0 0.8333333134651184
vt 0.6875 0.7777777910232544
vt 0.75 0.7777777910232544
vt 0 0.8333333134651184
vt 0.75 0.7777777910232544
vt 0.8125 0.7777777910232544
vt 0 0.8333333134651184
vt 0.8125 0.7777777910232544
vt 0.875 0.7777777910232544
vt 0 0.8333333134651184
vt 0.875 0.7777777910232544
vt 0.9375 0.7777777910232544
vt 0 0.8333333134651184
vt 0.9375 0.7777777910232544
vt 0 0.7777777910232544
vt 0 0.8333333134651184
vt 0 0.8888888955116272
vt 0.0625 0.9444444179534912
vt 0 0.9444444179534912
vt 0.125 0.9444444179534912
vt 0.1875 0.9444444179534912
vt 0.25 0.9444444179534912
vt 0.3125 0.9444444179534912
vt 0.375 0.9444444179534912
vt 0.4375 0.9444444179534912
vt 0.5 0.9444444179534912
vt 0.5625 0.9444444179534912
vt 0.625 0.9444444179534912
vt 0.6875 0.9444444179534912
vt 0.75 0.9444444179534912
vt 0.8125 0.9444444179534912
vt 0.875 0.9444444179534912
vt 0.9375 0.9444444179534912
vt 0 0.9444444179534912
vt 0.0625 0.9444444179534912
vt 0 1
vt 0.0625 1
vt 0.0625 0.9444444179534912
vt 0.125 0.9444444179534912
vt 0.0625 1
vt 0.125 1
vt 0.125 0.9444444179534912
vt 0.1875 0.9444444179534912
vt 0.125 1
vt 0.1875 1
vt 0.1875 0.9444444179534912
vt 0.25 0.9444444179534912
vt 0.1875 1
vt 0.25 1
vt 0.25 0.9444444179534912
vt 0.3125 0.9444444179534912
vt 0.25 1
vt 0.3125 1
vt 0.3125 0.9444444179534912
vt 0.375 0.9444444179534912
vt 0.3125 1
vt 0.375 1
vt 0.375 0.9444444179534912
vt 0.4375 0.9444444179534912
vt 0.375 1
vt 0.4375 1
vt 0.4375 0.9444444179534912
vt 0.5 0.9444444179534912
vt 0.4375 1
vt 0.5 1
vt 0.5 0.9444444179534912
vt 0.5625 0.9444444179534912
vt 0.5 1
vt 0.5625 1
vt 0.5625 0.9444444179534912
vt 0.625 0.9444444179534912
vt 0.5625 1
vt 0.625 1
vt 0.625 0.9444444179534912
vt 0.6875 0.9444444179534912
vt 0.625 1
vt 0.6875 1
vt 0.6875 0.9444444179534912
vt 0.75 0.9444444179534912
vt 0.6875 1
vt 0.75 1
vt 0.75 0.9444444179534912
vt 0.8125 0.9444444179534912
vt 0.75 1
vt 0.8125 1
vt 0.8125 0.9444444179534912
vt 0.875 0.9444444179534912
vt 0.8125 1
vt 0.875 1
vt 0.875 0.9444444179534912
vt 0.9375 0.9444444179534912
vt 0.875 1
vt 0.9375 1
vt 0.9375 0.9444444179534912
vt 0 0.9444444179534912
vt 0.9375 1
vt 0 1
vt 0 1
vt 0.0625 1
vt 0 0
vt 0.0625 0
vt 0.0625 1
vt 0.125 1
vt 0.0625 0
vt 0.125 0
vt 0.125 1
vt 0.1875 1
vt 0.125 0
vt 0.1875 0
vt 0.1875 1
vt 0.25 1
vt 0.1875 0
vt 0.25 0
vt 0.25 1
vt 0.3125 1
vt 0.25 0
vt 0.3125 0
vt 0.3125 1
vt 0.375 1
vt 0.3125 0
vt 0.375 0
vt 0.375 1
vt 0.4375 1
vt 0.375 0
vt 0.4375 0
vt 0.4375 1
vt 0.5 1
vt 0.4375 0
vt 0.5 0
vt 0.5 1
vt 0.5625 1
vt 0.5 0
vt 0.5625 0
vt 0.5625 1
vt 0.625 1
vt 0.5625 0
vt 0.625 0
vt 0.625 1
vt 0.6875 1
vt 0.625 0
vt 0.6875 0
vt 0.6875 1
vt 0.75 1
vt 0.6875 0
vt 0.75 0
vt 0.75 1
vt 0.8125 1
vt 0.75 0
vt 0.8125 0
vt 0.8125 1
vt 0.875 1
vt 0.8125 0
vt 0.875 0
vt 0.875 1
vt 0.9375 1
vt 0.875 0
vt 0.9375 0
vt 0.9375 1
vt 0 1
vt 0.9375 0
vt 0 0
vn 0.00000000000 1.00000000000 0.00000000000
vn 0.00000000000 1.00000000000 0.00000000000
vn 0.00000000000 1.00000000000 0.00000000000
vn 0.00000000000 1.00000000000 0.00000000000
vn 0.00000000000 1.00000000000 0.00000000000
vn 0.00000000000 1.00000000000 0.00000000000
vn 0.00000000000 1.00000000000 0.00000000000
vn 0.00000000000 1.00000000000 0.00000000000
vn 0.00000000000 1.00000000000 0.00000000000
vn 0.00000000000 1.00000000000 0.00000000000
vn 0.00000000000 1.00000000000 0.00000000000
vn 0.00000000000 1.00000000000 0.00000000000
vn 0.00000000000 1.00000000000 0.00000000000
vn 0.00000000000 1.00000000000 0.00000000000
vn 0.00000000000 1.00000000000 0.00000000000
vn 0.00000000000 1.00000000000 0.00000000000
vn 0.00000000000 1.00000000000 0.00000000000
vn 0.00000000000 1.00000000000 0.00000000000
vn 0.00000000000 1.00000000000 0.00000000000
vn 0.00000000000 1.00000000000 0.00000000000
vn 0.00000000000 1.00000000000 0.00000000000
vn 0.00000000000 1.00000000000 0.00000000000
vn 0.00000000000 1.00000000000 0.00000000000
vn 0.00000000000 1.00000000000 0.00000000000
vn 0.00000000000 1.00000000000 0.00000000000
vn 0.00000000000 1.00000000000 0.00000000000
vn 0.00000000000 1.00000000000 0.00000000000
vn 0.00000000000 1.00000000000 0.00000000000
vn 0.00000000000 1.00000000000 0.00000000000
vn 0.00000000000 1.00000000000 0.00000000000
vn 0.00000000000 1.00000000000 0.00000000000
vn 0.00000000000 1.00000000000 0.00000000000
vn 0.758544259933 0.633912200439 0.150883822382
vn 0.758544259933 0.633912200439 0.150883822382
vn 0.758544259933 0.633912200439 0.150883822382
vn 0.758544259933 0.633912200439 0.150883822382
vn 0.643062822574 0.633912138799 0.429680819337
vn 0.643062822574 0.633912138799 0.429680819337
vn 0.643062822574 0.633912138799 0.429680819337
vn 0.643062822574 0.633912138799 0.429680819337
vn 0.429680819337 0.633912138799 0.643062822574
vn 0.429680819337 0.633912138799 0.643062822574
vn 0.429680819337 0.633912138799 0.643062822574
vn 0.429680819337 0.633912138799 0.643062822574
vn 0.150883822382 0.633912200439 0.758544259933
vn 0.150883822382 0.633912200439 0.758544259933
vn 0.150883822382 0.633912200439 0.758544259933
vn 0.150883822382 0.633912200439 0.758544259933
vn -0.150883822382 0.633912200439 0.758544259933
vn -0.150883822382 0.633912200439 0.758544259933
vn -0.150883822382 0.633912200439 0.758544259933
vn -0.150883822382 0.633912200439 0.758544259933
vn -0.429680819337 0.633912138799 0.643062822574
vn -0.429680819337 0.633912138799 0.643062822574
vn -0.429680819337 0.633912138799 0.643062822574
vn -0.429680819337 0.633912138799 0.643062822574
vn -0.643062822574 0.633912138799 0.429680819337
vn -0.643062822574 0.633912138799 0.429680819337
vn -0.643062822574 0.633912138799 0.429680819337
vn -0.643062822574 0.633912138799 0.429680819337
vn -0.758544259933 0.633912200439 0.150883822382
vn -0.758544259933 0.633912200439 0.150883822382
vn -0.758544259933 0.633912200439 0.150883822382
vn -0.758544259933 0.633912200439 0.150883822382
vn -0.758544259933 0.633912200439 -0.150883822382
vn -0.758544259933 0.633912200439 -0.150883822382
vn -0.758544259933 0.633912200439 -0.150883822382
vn -0.758544259933 0.633912200439 -0.150883822382
vn -0.643062822574 0.633912138799 -0.429680819337
vn -0.643062822574 0.633912138799 -0.429680819337
vn -0.643062822574 0.633912138799 -0.429680819337
vn -0.643062822574 0.633912138799 -0.429680819337
vn -0.429680819337 0.633912138799 -0.643062822574
vn -0.429680819337 0.633912138799 -0.643062822574
vn -0.429680819337 0.633912138799 -0.643062822574
vn -0.429680819337 0.633912138799 -0.643062822574
vn -0.150883822382 0.633912200439 -0.758544259933
vn -0.150883822382 0.633912200439 -0.758544259933
vn -0.150883822382 0.633912200439 -0.758544259933
vn -0.150883822382 0.633912200439 -0.758544259933
vn 0.150883822382 0.633912200439 -0.758544259933
vn 0.150883822382 0.633912200439 -0.758544259933
vn 0.150883822382 0.633912200439 -0.758544259933
vn 0.150883822382 0.633912200439 -0.758544259933
vn 0.429680819337 0.633912138799 -0.643062822574
vn 0.429680819337 0.633912138799 -0.643062822574
vn 0.429680819337 0.633912138799 -0.643062822574
vn 0.429680819337 0.633912138799 -0.643062822574
vn 0.643062822574 0.633912138799 -0.429680819337
vn 0.643062822574 0.633912138799 -0.429680819337
vn 0.643062822574 0.633912138799 -0.429680819337
vn 0.643062822574 0.633912138799 -0.429680819337
vn 0.758544259933 0.633912200439 -0.150883822382
vn 0.758544259933 0.633912200439 -0.150883822382
vn 0.758544259933 0.633912200439 -0.150883822382
vn 0.758544259933 0.633912200439 -0.150883822382
vn 0.939974856246 0.330422256561 0.0852549235786
vn 0.939974856246 0.330422256561 0.0852549235786
vn 0.999927037224 0.00000000000 0.0120797445189
vn 0.999927037224 0.00000000000 0.0120797445189
vn 0.784285031832 0.332078973225 0.524042502462
vn 0.784285031832 0.332078973225 0.524042502462
vn 0.771134937833 0.00000000000 0.636671742465
vn 0.771134937833 0.00000000000 0.636671742465
vn 0.524042502462 0.332078973225 0.784285031832
vn 0.524042502462 0.332078973225 0.784285031832
vn 0.643191286848 0.00000000000 0.765705536432
vn 0.643191286848 0.00000000000 0.765705536432
vn 0.0852549235786 0.330422256561 0.939974856246
vn 0.0852549235786 0.330422256561 0.939974856246
vn -0.0120797445189 0.00000000000 0.999927037224
vn -0.0120797445189 0.00000000000 0.999927037224
vn -0.0852549235786 0.330422256561 0.939974856246
vn -0.0852549235786 0.330422256561 0.939974856246
vn -0.0120797445189 0.00000000000 0.999927037224
vn -0.524042502462 0.332078973225 0.784285031832
vn -0.524042502462 0.332078973225 0.784285031832
vn -0.636671742465 0.00000000000 0.771134937833
vn -0.636671742465 0.00000000000 0.771134937833
vn -0.784285031832 0.332078973225 0.524042502462
vn -0.784285031832 0.332078973225 0.524042502462
vn -0.765705536432 0.00000000000 0.643191286848
vn -0.765705536432 0.00000000000 0.643191286848
vn -0.939974856246 0.330422256561 0.0852549235786
vn -0.939974856246 0.330422256561 0.0852549235786
vn -0.999927037224 0.00000000000 -0.0120797445189
vn -0.999927037224 0.00000000000 -0.0120797445189
vn -0.939974856246 0.330422256561 -0.0852549235786
vn -0.939974856246 0.330422256561 -0.0852549235786
vn -0.999927037224 0.00000000000 -0.0120797445189
vn -0.784285031832 0.332078973225 -0.524042502462
vn -0.784285031832 0.332078973225 -0.524042502462
vn -0.771134937833 0.00000000000 -0.636671742465
vn -0.771134937833 0.00000000000 -0.636671742465
vn -0.524042502462 0.332078973225 -0.784285031832
vn -0.524042502462 0.332078973225 -0.784285031832
vn -0.643191286848 0.00000000000 -0.765705536432
vn -0.643191286848 0.00000000000 -0.765705536432
vn -0.0852549235786 0.330422256561 -0.939974856246
vn -0.0852549235786 0.330422256561 -0.939974856246
vn 0.0120797445189 0.00000000000 -0.999927037224
vn 0.0120797445189 0.00000000000 -0.999927037224
vn 0.0852549235786 0.330422256561 -0.939974856246
vn 0.0852549235786 0.330422256561 -0.939974856246
vn 0.0120797445189 0.00000000000 -0.999927037224
vn 0.524042502462 0.332078973225 -0.784285031832
vn 0.524042502462 0.332078973225 -0.784285031832
vn 0.636671742465 0.00000000000 -0.771134937833
vn 0.636671742465 0.00000000000 -0.771134937833
vn 0.784285031832 0.332078973225 -0.524042502462
vn 0.784285031832 0.332078973225 -0.524042502462
vn 0.765705536432 0.00000000000 -0.643191286848
vn 0.765705536432 0.00000000000 -0.643191286848
vn 0.939974856246 0.330422256561 -0.0852549235786
vn 0.939974856246 0.330422256561 -0.0852549235786
vn 0.999927037224 0.00000000000 0.0120797445189
vn 0.213867114060 -0.976322357750 0.0324886331091
vn 0.213867114060 -0.976322357750 0.0324886331091
vn 0.213867114060 -0.976322357750 0.0324886331091
vn 0.213867114060 -0.976322357750 0.0324886331091
vn 0.174284756099 -0.979091763021 0.104900635728
vn 0.174284756099 -0.979091763021 0.104900635728
vn 0.174284756099 -0.979091763021 0.104900635728
vn 0.174284756099 -0.979091763021 0.104900635728
vn 0.104900635728 -0.979091763021 0.174284756099
vn 0.104900635728 -0.979091763021 0.174284756099
vn 0.104900635728 -0.979091763021 0.174284756099
vn 0.104900635728 -0.979091763021 0.174284756099
vn 0.0324886331091 -0.976322357750 0.213867114060
vn 0.0324886331091 -0.976322357750 0.213867114060
vn 0.0324886331091 -0.976322357750 0.213867114060
vn 0.0324886331091 -0.976322357750 0.213867114060
vn -0.0324886331091 -0.976322357750 0.213867114060
vn -0.0324886331091 -0.976322357750 0.213867114060
vn -0.0324886331091 -0.976322357750 0.213867114060
vn -0.0324886331091 -0.976322357750 0.213867114060
vn -0.104900635728 -0.979091763021 0.174284756099
vn -0.104900635728 -0.979091763021 0.174284756099
vn -0.104900635728 -0.979091763021 0.174284756099
vn -0.104900635728 -0.979091763021 0.174284756099
vn -0.174284756099 -0.979091763021 0.104900635728
vn -0.174284756099 -0.979091763021 0.104900635728
vn -0.174284756099 -0.979091763021 0.104900635728
vn -0.174284756099 -0.979091763021 0.104900635728
vn -0.213867114060 -0.976322357750 0.0324886331091
vn -0.213867114060 -0.976322357750 0.0324886331091
vn -0.213867114060 -0.976322357750 0.0324886331091
vn -0.213867114060 -0.976322357750 0.0324886331091
vn -0.213867114060 -0.976322357750 -0.0324886331091
vn -0.213867114060 -0.976322357750 -0.0324886331091
vn -0.213867114060 -0.976322357750 -0.0324886331091
vn -0.213867114060 -0.976322357750 -0.0324886331091
vn -0.174284756099 -0.979091763021 -0.104900635728
vn -0.174284756099 -0.979091763021 -0.104900635728
vn -0.174284756099 -0.979091763021 -0.104900635728
vn -0.174284756099 -0.979091763021 -0.104900635728
vn -0.104900635728 -0.979091763021 -0.174284756099
vn -0.104900635728 -0.979091763021 -0.174284756099
vn -0.104900635728 -0.979091763021 -0.174284756099
vn -0.104900635728 -0.979091763021 -0.174284756099
vn -0.0324886331091 -0.976322357750 -0.213867114060
vn -0.0324886331091 -0.976322357750 -0.213867114060
vn -0.0324886331091 -0.976322357750 -0.213867114060
vn -0.0324886331091 -0.976322357750 -0.213867114060
vn 0.0324886331091 -0.976322357750 -0.213867114060
vn 0.0324886331091 -0.976322357750 -0.213867114060
vn 0.0324886331091 -0.976322357750 -0.213867114060
vn 0.0324886331091 -0.976322357750 -0.213867114060
vn 0.104900635728 -0.979091763021 -0.174284756099
vn 0.104900635728 -0.979091763021 -0.174284756099
vn 0.104900635728 -0.979091763021 -0.174284756099
vn 0.104900635728 -0.979091763021 -0.174284756099
vn 0.174284756099 -0.979091763021 -0.104900635728
vn 0.174284756099 -0.979091763021 -0.104900635728
vn 0.174284756099 -0.979091763021 -0.104900635728
vn 0.174284756099 -0.979091763021 -0.104900635728
vn 0.213867114060 -0.976322357750 -0.0324886331091
vn 0.213867114060 -0.976322357750 -0.0324886331091
vn 0.213867114060 -0.976322357750 -0.0324886331091
vn 0.213867114060 -0.976322357750 -0.0324886331091
vn 0.957903217957 0.00000000000 0.287091318272
vn 0.957903217957 0.00000000000 0.287091318272
vn 0.957903217957 0.00000000000 0.287091318272
vn 0.957903217957 0.00000000000 0.287091318272
vn 0.771134937833 0.00000000000 0.636671742465
vn 0.771134937833 0.00000000000 0.636671742465
vn 0.771134937833 0.00000000000 0.636671742465
vn 0.771134937833 0.00000000000 0.636671742465
vn 0.643191286848 0.00000000000 0.765705536432
vn 0.643191286848 0.00000000000 0.765705536432
vn 0.643191286848 0.00000000000 0.765705536432
vn 0.643191286848 0.00000000000 0.765705536432
vn 0.264410254613 0.00000000000 0.964410295080
vn 0.264410254613 0.00000000000 0.964410295080
vn 0.264410254613 0.00000000000 0.964410295080
vn 0.264410254613 0.00000000000 0.964410295080
vn -0.287091318272 0.00000000000 0.957903217957
vn -0.287091318272 0.00000000000 0.957903217957
vn -0.287091318272 0.00000000000 0.957903217957
vn -0.287091318272 0.00000000000 0.957903217957
vn -0.636671742465 0.00000000000 0.771134937833
vn -0.636671742465 0.00000000000 0.771134937833
vn -0.636671742465 0.00000000000 0.771134937833
vn -0.636671742465 0.00000000000 0.771134937833
vn -0.765705536432 0.00000000000 0.643191286848
vn -0.765705536432 0.00000000000 0.643191286848
vn -0.765705536432 0.00000000000 0.643191286848
vn -0.765705536432 0.00000000000 0.643191286848
vn -0.964410295080 0.00000000000 0.264410254613
vn -0.964410295080 0.00000000000 0.264410254613
vn -0.964410295080 0.00000000000 0.264410254613
vn -0.964410295080 0.00000000000 0.264410254613
vn -0.957903217957 0.00000000000 -0.287091318272
vn -0.957903217957 0.00000000000 -0.287091318272
vn -0.957903217957 0.00000000000 -0.287091318272
vn -0.957903217957 0.00000000000 -0.287091318272
vn -0.771134937833 0.00000000000 -0.636671742465
vn -0.771134937833 0.00000000000 -0.636671742465
vn -0.771134937833 0.00000000000 -0.636671742465
vn -0.771134937833 0.00000000000 -0.636671742465
vn -0.643191286848 0.00000000000 -0.765705536432
vn -0.643191286848 0.00000000000 -0.765705536432
vn -0.643191286848 0.00000000000 -0.765705536432
vn -0.643191286848 0.00000000000 -0.765705536432
vn -0.264410254613 0.00000000000 -0.964410295080
vn -0.264410254613 0.00000000000 -0.964410295080
vn -0.264410254613 0.00000000000 -0.964410295080
vn -0.264410254613 0.00000000000 -0.964410295080
vn 0.287091318272 0.00000000000 -0.957903217957
vn 0.287091318272 0.00000000000 -0.957903217957
vn 0.287091318272 0.00000000000 -0.957903217957
vn 0.287091318272 0.00000000000 -0.957903217957
vn 0.636671742465 0.00000000000 -0.771134937833
vn 0.636671742465 0.00000000000 -0.771134937833
vn 0.636671742465 0.00000000000 -0.771134937833
vn 0.636671742465 0.00000000000 -0.771134937833
vn 0.765705536432 0.00000000000 -0.643191286848
vn 0.765705536432 0.00000000000 -0.643191286848
vn 0.765705536432 0.00000000000 -0.643191286848
vn 0.765705536432 0.00000000000 -0.643191286848
vn 0.964410295080 0.00000000000 -0.264410254613
vn 0.964410295080 0.00000000000 -0.264410254613
vn 0.964410295080 0.00000000000 -0.264410254613
vn 0.964410295080 0.00000000000 -0.264410254613
vn 0.0822879052184 0.996474177603 0.0163680794567
vn 0.0822879052184 0.996474177603 0.0163680794567
vn 0.0822879052184 0.996474177603 0.0163680794567
vn 0.0822879052184 0.996474177603 0.0163680794567
vn 0.0697603205324 0.996474177331 0.0466123544961
vn 0.0697603205324 0.996474177331 0.0466123544961
vn 0.0697603205324 0.996474177331 0.0466123544961
vn 0.0697603205324 0.996474177331 0.0466123544961
vn 0.0466123544961 0.996474177331 0.0697603205324
vn 0.0466123544961 0.996474177331 0.0697603205324
vn 0.0466123544961 0.996474177331 0.0697603205324
vn 0.0466123544961 0.996474177331 0.0697603205324
vn 0.0163680794567 0.996474177603 0.0822879052184
vn 0.0163680794567 0.996474177603 0.0822879052184
vn 0.0163680794567 0.996474177603 0.0822879052184
vn 0.0163680794567 0.996474177603 0.0822879052184
vn -0.0163680794567 0.996474177603 0.0822879052184
vn -0.0163680794567 0.996474177603 0.0822879052184
vn -0.0163680794567 0.996474177603 0.0822879052184
vn -0.0163680794567 0.996474177603 0.0822879052184
vn -0.0466123544961 0.996474177331 0.0697603205324
vn -0.0466123544961 0.996474177331 0.0697603205324
vn -0.0466123544961 0.996474177331 0.0697603205324
vn -0.0466123544961 0.996474177331 0.0697603205324
vn -0.0697603205324 0.996474177331 0.0466123544961
vn -0.0697603205324 0.996474177331 0.0466123544961
vn -0.0697603205324 0.996474177331 0.0466123544961
vn -0.0697603205324 0.996474177331 0.0466123544961
vn -0.0822879052184 0.996474177603 0.0163680794567
vn -0.0822879052184 0.996474177603 0.0163680794567
vn -0.0822879052184 0.996474177603 0.0163680794567
vn -0.0822879052184 0.996474177603 0.0163680794567
vn -0.0822879052184 0.996474177603 -0.0163680794567
vn -0.0822879052184 0.996474177603 -0.0163680794567
vn -0.0822879052184 0.996474177603 -0.0163680794567
vn -0.0822879052184 0.996474177603 -0.0163680794567
vn -0.0697603205324 0.996474177331 -0.0466123544961
vn -0.0697603205324 0.996474177331 -0.0466123544961
vn -0.0697603205324 0.996474177331 -0.0466123544961
vn -0.0697603205324 0.996474177331 -0.0466123544961
vn -0.0466123544961 0.996474177331 -0.0697603205324
vn -0.0466123544961 0.996474177331 -0.0697603205324
vn -0.0466123544961 0.996474177331 -0.0697603205324
vn -0.0466123544961 0.996474177331 -0.0697603205324
vn -0.0163680794567 0.996474177603 -0.0822879052184
vn -0.0163680794567 0.996474177603 -0.0822879052184
vn -0.0163680794567 0.996474177603 -0.0822879052184
vn -0.0163680794567 0.996474177603 -0.0822879052184
vn 0.0163680794567 0.996474177603 -0.0822879052184
vn 0.0163680794567 0.996474177603 -0.0822879052184
vn 0.0163680794567 0.996474177603 -0.0822879052184
vn 0.0163680794567 0.996474177603 -0.0822879052184
vn 0.0466123544961 0.996474177331 -0.0697603205324
vn 0.0466123544961 0.996474177331 -0.0697603205324
vn 0.0466123544961 0.996474177331 -0.0697603205324
vn 0.0466123544961 0.996474177331 -0.0697603205324
vn 0.0697603205324 0.996474177331 -0.0466123544961
vn 0.0697603205324 0.996474177331 -0.0466123544961
vn 0.0697603205324 0.996474177331 -0.0466123544961
vn 0.0697603205324 0.996474177331 -0.0466123544961
vn 0.0822879052184 0.996474177603 -0.0163680794567
vn 0.0822879052184 0.996474177603 -0.0163680794567
vn 0.0822879052184 0.996474177603 -0.0163680794567
vn 0.0822879052184 0.996474177603 -0.0163680794567
vn 0.0153913758986 0.999876858694 0.00306153484268
vn 0.0153913758986 0.999876858694 0.00306153484268
vn 0.570128121896 0.821526378026 0.00695232555816
vn 0.570128121896 0.821526378026 0.00695232555816
vn 0.0130481766786 0.999876858710 0.00871851483160
vn 0.0130481766786 0.999876858710 0.00871851483160
vn 0.412223157555 0.807248169834 0.422400829397
vn 0.00871851483160 0.999876858710 0.0130481766786
vn 0.00871851483160 0.999876858710 0.0130481766786
vn -0.00695232555816 0.821526378026 0.570128121896
vn 0.00306153460989 0.999876858709 0.0153913749675
vn 0.00306153460989 0.999876858709 0.0153913749675
vn -0.00695232555816 0.821526378026 0.570128121896
vn -0.00306153484268 0.999876858694 0.0153913758986
vn -0.00306153484268 0.999876858694 0.0153913758986
vn -0.00695232555816 0.821526378026 0.570128121896
vn -0.00871851483160 0.999876858710 0.0130481766786
vn -0.00871851483160 0.999876858710 0.0130481766786
vn -0.422400829397 0.807248169834 0.412223157555
vn -0.0130481766786 0.999876858710 0.00871851483160
vn -0.0130481766786 0.999876858710 0.00871851483160
vn -0.570128121896 0.821526378026 -0.00695232555816
vn -0.0153913749675 0.999876858709 0.00306153460989
vn -0.0153913749675 0.999876858709 0.00306153460989
vn -0.570128121896 0.821526378026 -0.00695232555816
vn -0.0153913758986 0.999876858694 -0.00306153484268
vn -0.0153913758986 0.999876858694 -0.00306153484268
vn -0.570128121896 0.821526378026 -0.00695232555816
vn -0.0130481766786 0.999876858710 -0.00871851483160
vn -0.0130481766786 0.999876858710 -0.00871851483160
vn -0.412223157555 0.807248169834 -0.422400829397
vn -0.00871851483160 0.999876858710 -0.0130481766786
vn -0.00871851483160 0.999876858710 -0.0130481766786
vn 0.00695232555816 0.821526378026 -0.570128121896
vn -0.00306153460989 0.999876858709 -0.0153913749675
vn -0.00306153460989 0.999876858709 -0.0153913749675
vn 0.00695232555816 0.821526378026 -0.570128121896
vn 0.00306153484268 0.999876858694 -0.0153913758986
vn 0.00306153484268 0.999876858694 -0.0153913758986
vn 0.00695232555816 0.821526378026 -0.570128121896
vn 0.00871851483160 0.999876858710 -0.0130481766786
vn 0.00871851483160 0.999876858710 -0.0130481766786
vn 0.422400829397 0.807248169834 -0.412223157555
vn 0.0130481766786 0.999876858710 -0.00871851483160
vn 0.0130481766786 0.999876858710 -0.00871851483160
vn 0.570128121896 0.821526378026 0.00695232555816
vn 0.0153913749675 0.999876858709 -0.00306153460989
vn 0.0153913749675 0.999876858709 -0.00306153460989
vn 0.742119781265 0.667474262799 0.0611255982006
vn 0.742119781265 0.667474262799 0.0611255982006
vn 0.742119781265 0.667474262799 0.0611255982006
vn 0.742119781265 0.667474262799 0.0611255982006
vn 0.641863385298 0.753513193016 0.142229612120
vn 0.567146774120 0.655747945468 0.498336401059
vn 0.641863385298 0.753513193016 0.142229612120
vn 0.567146774120 0.655747945468 0.498336401059
vn 0.489756818103 0.655330473146 0.575048024158
vn 0.146759989000 0.736880372691 0.659900615223
vn 0.489756818103 0.655330473146 0.575048024158
vn 0.146759989000 0.736880372691 0.659900615223
vn 0.0498595955896 0.667893006372 0.742585316827
vn 0.0498595955896 0.667893006372 0.742585316827
vn 0.0498595955896 0.667893006372 0.742585316827
vn 0.0498595955896 0.667893006372 0.742585316827
vn -0.0611255982006 0.667474262799 0.742119781265
vn -0.0611255982006 0.667474262799 0.742119781265
vn -0.0611255982006 0.667474262799 0.742119781265
vn -0.0611255982006 0.667474262799 0.742119781265
vn -0.142229612120 0.753513193016 0.641863385298
vn -0.498336401059 0.655747945468 0.567146774120
vn -0.142229612120 0.753513193016 0.641863385298
vn -0.498336401059 0.655747945468 0.567146774120
vn -0.575048024158 0.655330473146 0.489756818103
vn -0.659900615223 0.736880372691 0.146759989000
vn -0.575048024158 0.655330473146 0.489756818103
vn -0.659900615223 0.736880372691 0.146759989000
vn -0.742585316827 0.667893006372 0.0498595955896
vn -0.742585316827 0.667893006372 0.0498595955896
vn -0.742585316827 0.667893006372 0.0498595955896
vn -0.742585316827 0.667893006372 0.0498595955896
vn -0.742119781265 0.667474262799 -0.0611255982006
vn -0.742119781265 0.667474262799 -0.0611255982006
vn -0.742119781265 0.667474262799 -0.0611255982006
vn -0.742119781265 0.667474262799 -0.0611255982006
vn -0.641863385298 0.753513193016 -0.142229612120
vn -0.567146774120 0.655747945468 -0.498336401059
vn -0.641863385298 0.753513193016 -0.142229612120
vn -0.567146774120 0.655747945468 -0.498336401059
vn -0.489756818103 0.655330473146 -0.575048024158
vn -0.146759989000 0.736880372691 -0.659900615223
vn -0.489756818103 0.655330473146 -0.575048024158
vn -0.146759989000 0.736880372691 -0.659900615223
vn -0.0498595955896 0.667893006372 -0.742585316827
vn -0.0498595955896 0.667893006372 -0.742585316827
vn -0.0498595955896 0.667893006372 -0.742585316827
vn -0.0498595955896 0.667893006372 -0.742585316827
vn 0.0611255982006 0.667474262799 -0.742119781265
vn 0.0611255982006 0.667474262799 -0.742119781265
vn 0.0611255982006 0.667474262799 -0.742119781265
vn 0.0611255982006 0.667474262799 -0.742119781265
vn 0.142229612120 0.753513193016 -0.641863385298
vn 0.498336401059 0.655747945468 -0.567146774120
vn 0.142229612120 0.753513193016 -0.641863385298
vn 0.498336401059 0.655747945468 -0.567146774120
vn 0.575048024158 0.655330473146 -0.489756818103
vn 0.659900615223 0.736880372691 -0.146759989000
vn 0.575048024158 0.655330473146 -0.489756818103
vn 0.659900615223 0.736880372691 -0.146759989000
vn 0.742585316827 0.667893006372 -0.0498595955896
vn 0.742585316827 0.667893006372 -0.0498595955896
vn 0.742585316827 0.667893006372 -0.0498595955896
vn 0.742585316827 0.667893006372 -0.0498595955896
vn 0.989857781078 0.141747145158 0.00945093005828
vn 0.989857781078 0.141747145158 0.00945093005828
vn 0.989857781078 0.141747145158 0.00945093005828
vn 0.989857781078 0.141747145158 0.00945093005828
vn 0.975009386707 0.103345104085 0.196663380665
vn 0.718704398379 0.254081098787 0.647230085047
vn 0.975009386707 0.103345104085 0.196663380665
vn 0.718704398379 0.254081098787 0.647230085047
vn 0.647230085047 0.254081098787 0.718704398379
vn 0.214260442029 0.0988535275693 0.971761515532
vn 0.647230085047 0.254081098787 0.718704398379
vn 0.214260442029 0.0988535275693 0.971761515532
vn 0.0468901911137 0.141597552215 0.988813148772
vn 0.0468901911137 0.141597552215 0.988813148772
vn 0.0468901911137 0.141597552215 0.988813148772
vn 0.0468901911137 0.141597552215 0.988813148772
vn -0.00945093005828 0.141747145158 0.989857781078
vn -0.00945093005828 0.141747145158 0.989857781078
vn -0.00945093005828 0.141747145158 0.989857781078
vn -0.00945093005828 0.141747145158 0.989857781078
vn -0.196663380665 0.103345104085 0.975009386707
vn -0.647230085047 0.254081098787 0.718704398379
vn -0.196663380665 0.103345104085 0.975009386707
vn -0.647230085047 0.254081098787 0.718704398379
vn -0.718704398379 0.254081098787 0.647230085047
vn -0.971761515532 0.0988535275693 0.214260442029
vn -0.718704398379 0.254081098787 0.647230085047
vn -0.971761515532 0.0988535275693 0.214260442029
vn -0.988813148772 0.141597552215 0.0468901911137
vn -0.988813148772 0.141597552215 0.0468901911137
vn -0.988813148772 0.141597552215 0.0468901911137
vn -0.988813148772 0.141597552215 0.0468901911137
vn -0.989857781078 0.141747145158 -0.00945093005828
vn -0.989857781078 0.141747145158 -0.00945093005828
vn -0.989857781078 0.141747145158 -0.00945093005828
vn -0.989857781078 0.141747145158 -0.00945093005828
vn -0.975009386707 0.103345104085 -0.196663380665
vn -0.718704398379 0.254081098787 -0.647230085047
vn -0.975009386707 0.103345104085 -0.196663380665
vn -0.718704398379 0.254081098787 -0.647230085047
vn -0.647230085047 0.254081098787 -0.718704398379
vn -0.214260442029 0.0988535275693 -0.971761515532
vn -0.647230085047 0.254081098787 -0.718704398379
vn -0.214260442029 0.0988535275693 -0.971761515532
vn -0.0468901911137 0.141597552215 -0.988813148772
vn -0.0468901911137 0.141597552215 -0.988813148772
vn -0.0468901911137 0.141597552215 -0.988813148772
vn -0.0468901911137 0.141597552215 -0.988813148772
vn 0.00945093005828 0.141747145158 -0.989857781078
vn 0.00945093005828 0.141747145158 -0.989857781078
vn 0.00945093005828 0.141747145158 -0.989857781078
vn 0.00945093005828 0.141747145158 -0.989857781078
vn 0.196663380665 0.103345104085 -0.975009386707
vn 0.647230085047 0.254081098787 -0.718704398379
vn 0.196663380665 0.103345104085 -0.975009386707
vn 0.647230085047 0.254081098787 -0.718704398379
vn 0.718704398379 0.254081098787 -0.647230085047
vn 0.971761515532 0.0988535275693 -0.214260442029
vn 0.718704398379 0.254081098787 -0.647230085047
vn 0.971761515532 0.0988535275693 -0.214260442029
vn 0.988813148772 0.141597552215 -0.0468901911137
vn 0.988813148772 0.141597552215 -0.0468901911137
vn 0.988813148772 0.141597552215 -0.0468901911137
vn 0.988813148772 0.141597552215 -0.0468901911137
vn 0.261950767289 -0.965081237781 -3.35680630145e-10
vn 0.261950767289 -0.965081237781 -3.35680630145e-10
vn 0.261950767289 -0.965081237781 -3.35680630145e-10
vn 0.261950767289 -0.965081237781 -3.35680630145e-10
vn 0.00000000000 -1.00000000000 0.00000000000
vn -8.52028394371e-19 -1.00000000000 -4.95241503065e-17
vn 3.35680630145e-10 -0.965081237781 0.261950767289
vn 3.35680630145e-10 -0.965081237781 0.261950767289
vn 3.35680630145e-10 -0.965081237781 0.261950767289
vn 3.35680630145e-10 -0.965081237781 0.261950767289
vn 3.35680630145e-10 -0.965081237781 0.261950767289
vn 3.35680630145e-10 -0.965081237781 0.261950767289
vn 0.00000000000 -1.00000000000 0.00000000000
vn -8.52028394371e-19 -1.00000000000 -4.95241503065e-17
vn -0.261950767289 -0.965081237781 3.35680657900e-10
vn -0.261950767289 -0.965081237781 3.35680657900e-10
vn -0.261950767289 -0.965081237781 3.35680657900e-10
vn -0.261950767289 -0.965081237781 3.35680657900e-10
vn -0.261950767289 -0.965081237781 3.35680657900e-10
vn -0.261950767289 -0.965081237781 3.35680657900e-10
vn 0.00000000000 -1.00000000000 0.00000000000
vn -8.52028394371e-19 -1.00000000000 -4.95241503065e-17
vn -3.35680657900e-10 -0.965081237781 -0.261950767289
vn -3.35680657900e-10 -0.965081237781 -0.261950767289
vn -3.35680657900e-10 -0.965081237781 -0.261950767289
vn -3.35680657900e-10 -0.965081237781 -0.261950767289
vn -3.35680657900e-10 -0.965081237781 -0.261950767289
vn -3.35680657900e-10 -0.965081237781 -0.261950767289
vn 0.00000000000 -1.00000000000 0.00000000000
vn -8.52028394371e-19 -1.00000000000 -4.95241503065e-17
vn 0.261950767289 -0.965081237781 -3.35680630145e-10
vn 0.261950767289 -0.965081237781 -3.35680630145e-10
vn 0.261950767289 -0.965081237781 -3.35680630145e-10
vn 0.261950767289 -0.965081237781 -3.35680630145e-10
vn 0.217121315552 -0.967164267204 0.132104559254
vn 0.217121315552 -0.967164267204 0.132104559254
vn 0.132104559254 -0.967164267204 0.217121315552
vn 0.132104559254 -0.967164267204 0.217121315552
vn 3.35680630145e-10 -0.965081237781 0.261950767289
vn 3.35680630145e-10 -0.965081237781 0.261950767289
vn 3.35680630145e-10 -0.965081237781 0.261950767289
vn -0.132104559254 -0.967164267204 0.217121315552
vn -0.132104559254 -0.967164267204 0.217121315552
vn -0.217121315552 -0.967164267204 0.132104559254
vn -0.217121315552 -0.967164267204 0.132104559254
vn -0.261950767289 -0.965081237781 3.35680657900e-10
vn -0.261950767289 -0.965081237781 3.35680657900e-10
vn -0.261950767289 -0.965081237781 3.35680657900e-10
vn -0.217121315552 -0.967164267204 -0.132104559254
vn -0.217121315552 -0.967164267204 -0.132104559254
vn -0.132104559254 -0.967164267204 -0.217121315552
vn -0.132104559254 -0.967164267204 -0.217121315552
vn -3.35680657900e-10 -0.965081237781 -0.261950767289
vn -3.35680657900e-10 -0.965081237781 -0.261950767289
vn -3.35680657900e-10 -0.965081237781 -0.261950767289
vn 0.132104559254 -0.967164267204 -0.217121315552
vn 0.132104559254 -0.967164267204 -0.217121315552
vn 0.217121315552 -0.967164267204 -0.132104559254
vn 0.217121315552 -0.967164267204 -0.132104559254
vn 0.261950767289 -0.965081237781 -3.35680630145e-10
vn 0.985447117535 0.154228211825 0.0714677355107
vn 0.985447117535 0.154228211825 0.0714677355107
vn 0.997809103078 0.00000000000 0.0661588528750
vn 0.997809103078 0.00000000000 0.0661588528750
vn 0.984854944415 0.0908940739692 0.147644863704
vn 0.915869297213 0.00000000000 0.401476562731
vn 0.989336638189 0.00000000000 0.145646889211
vn 0.775967464157 0.280993068893 0.564727712976
vn 0.408676087344 0.00000000000 0.912679492283
vn 0.165215759933 0.0874695029996 0.982371029049
vn 0.549156744362 0.280120471848 0.787375000475
vn 0.0824395664199 0.00000000000 0.996596065559
vn 0.111839197299 0.153653531885 0.981775221773
vn 0.111839197299 0.153653531885 0.981775221773
vn -0.0661588528750 0.00000000000 0.997809103078
vn -0.0661588528750 0.00000000000 0.997809103078
vn -0.0714677355107 0.154228211825 0.985447117535
vn -0.0714677355107 0.154228211825 0.985447117535
vn -0.0661588528750 0.00000000000 0.997809103078
vn -0.147644863704 0.0908940739692 0.984854944415
vn -0.401476562731 0.00000000000 0.915869297213
vn -0.145646889211 0.00000000000 0.989336638189
vn -0.564727712976 0.280993068893 0.775967464157
vn -0.912679492283 0.00000000000 0.408676087344
vn -0.982371029049 0.0874695029996 0.165215759933
vn -0.787375000475 0.280120471848 0.549156744362
vn -0.996596065559 0.00000000000 0.0824395664199
vn -0.981775221773 0.153653531885 0.111839197299
vn -0.981775221773 0.153653531885 0.111839197299
vn -0.997809103078 0.00000000000 -0.0661588528750
vn -0.997809103078 0.00000000000 -0.0661588528750
vn -0.985447117535 0.154228211825 -0.0714677355107
vn -0.985447117535 0.154228211825 -0.0714677355107
vn -0.997809103078 0.00000000000 -0.0661588528750
vn -0.984854944415 0.0908940739692 -0.147644863704
vn -0.915869297213 0.00000000000 -0.401476562731
vn -0.989336638189 0.00000000000 -0.145646889211
vn -0.775967464157 0.280993068893 -0.564727712976
vn -0.408676087344 0.00000000000 -0.912679492283
vn -0.165215759933 0.0874695029996 -0.982371029049
vn -0.549156744362 0.280120471848 -0.787375000475
vn -0.0824395664199 0.00000000000 -0.996596065559
vn -0.111839197299 0.153653531885 -0.981775221773
vn -0.111839197299 0.153653531885 -0.981775221773
vn 0.0661588528750 0.00000000000 -0.997809103078
vn 0.0661588528750 0.00000000000 -0.997809103078
vn 0.0714677355107 0.154228211825 -0.985447117535
vn 0.0714677355107 0.154228211825 -0.985447117535
vn 0.0661588528750 0.00000000000 -0.997809103078
vn 0.147644863704 0.0908940739692 -0.984854944415
vn 0.401476562731 0.00000000000 -0.915869297213
vn 0.145646889211 0.00000000000 -0.989336638189
vn 0.564727712976 0.280993068893 -0.775967464157
vn 0.912679492283 0.00000000000 -0.408676087344
vn 0.982371029049 0.0874695029996 -0.165215759933
vn 0.787375000475 0.280120471848 -0.549156744362
vn 0.996596065559 0.00000000000 -0.0824395664199
vn 0.981775221773 0.153653531885 -0.111839197299
vn 0.981775221773 0.153653531885 -0.111839197299
vn 0.997809103078 0.00000000000 0.0661588528750
vn 0.00000000000 -1.00000000000 0.00000000000
vn 0.00000000000 -1.00000000000 0.00000000000
vn 0.00000000000 -1.00000000000 -7.50388721360e-18
vn 0.00000000000 -1.00000000000 -7.50388721360e-18
vn 0.00000000000 -1.00000000000 -7.50388721360e-18
vn 0.00000000000 -1.00000000000 -7.50388721360e-18
vn 0.00000000000 -1.00000000000 0.00000000000
vn 0.00000000000 -1.00000000000 -7.50388721360e-18
vn 0.00000000000 -1.00000000000 0.00000000000
vn 0.00000000000 -1.00000000000 -7.50388721360e-18
vn 0.00000000000 -1.00000000000 0.00000000000
vn 0.00000000000 -1.00000000000 -7.50388721360e-18
vn 0.00000000000 -1.00000000000 -7.50388721360e-18
vn 0.00000000000 -1.00000000000 -7.50388721360e-18
vn 0.00000000000 -1.00000000000 0.00000000000
vn 0.00000000000 -1.00000000000 -7.50388721360e-18
vn 0.00000000000 -1.00000000000 0.00000000000
vn 0.00000000000 -1.00000000000 -7.50388721360e-18
vn 0.00000000000 -1.00000000000 0.00000000000
vn 0.00000000000 -1.00000000000 -7.50388721360e-18
vn 0.00000000000 -1.00000000000 -7.50388721360e-18
vn 0.00000000000 -1.00000000000 -7.50388721360e-18
vn 0.00000000000 -1.00000000000 0.00000000000
vn 0.00000000000 -1.00000000000 -7.50388721360e-18
vn 0.00000000000 -1.00000000000 0.00000000000
vn 0.00000000000 -1.00000000000 -7.50388721360e-18
vn 0.00000000000 -1.00000000000 0.00000000000
vn 0.00000000000 -1.00000000000 -7.50388721360e-18
vn 0.00000000000 -1.00000000000 -7.50388721360e-18
vn 0.00000000000 -1.00000000000 -7.50388721360e-18
vn 0.00000000000 -1.00000000000 0.00000000000
vn 0.00000000000 -1.00000000000 -7.50388721360e-18
vn -0.917123233713 0.346558353025 -0.196932176476
vn -0.917123233713 0.346558353025 -0.196932176476
vn -0.917123233713 0.346558353025 -0.196932176476
vn -0.917123233713 0.346558353025 -0.196932176476
vn -0.771329184040 0.324598201390 -0.547437026061
vn -0.771329184040 0.324598201390 -0.547437026061
vn -0.771329184040 0.324598201390 -0.547437026061
vn -0.771329184040 0.324598201390 -0.547437026061
vn -0.536627938394 0.323872530452 -0.779189989511
vn -0.536627938394 0.323872530452 -0.779189989511
vn -0.536627938394 0.323872530452 -0.779189989511
vn -0.536627938394 0.323872530452 -0.779189989511
vn -0.210721131447 0.335625016768 -0.918124421242
vn -0.210721131447 0.335625016768 -0.918124421242
vn -0.210721131447 0.335625016768 -0.918124421242
vn -0.210721131447 0.335625016768 -0.918124421242
vn 0.196932176476 0.346558353025 -0.917123233713
vn 0.196932176476 0.346558353025 -0.917123233713
vn 0.196932176476 0.346558353025 -0.917123233713
vn 0.196932176476 0.346558353025 -0.917123233713
vn 0.547437026061 0.324598201390 -0.771329184040
vn 0.547437026061 0.324598201390 -0.771329184040
vn 0.547437026061 0.324598201390 -0.771329184040
vn 0.547437026061 0.324598201390 -0.771329184040
vn 0.779189989511 0.323872530452 -0.536627938394
vn 0.779189989511 0.323872530452 -0.536627938394
vn 0.779189989511 0.323872530452 -0.536627938394
vn 0.779189989511 0.323872530452 -0.536627938394
vn 0.918124421242 0.335625016768 -0.210721131447
vn 0.918124421242 0.335625016768 -0.210721131447
vn 0.918124421242 0.335625016768 -0.210721131447
vn 0.918124421242 0.335625016768 -0.210721131447
vn 0.917123233713 0.346558353025 0.196932176476
vn 0.917123233713 0.346558353025 0.196932176476
vn 0.917123233713 0.346558353025 0.196932176476
vn 0.917123233713 0.346558353025 0.196932176476
vn 0.771329184040 0.324598201390 0.547437026061
vn 0.771329184040 0.324598201390 0.547437026061
vn 0.771329184040 0.324598201390 0.547437026061
vn 0.771329184040 0.324598201390 0.547437026061
vn 0.536627938394 0.323872530452 0.779189989511
vn 0.536627938394 0.323872530452 0.779189989511
vn 0.536627938394 0.323872530452 0.779189989511
vn 0.536627938394 0.323872530452 0.779189989511
vn 0.210721131447 0.335625016768 0.918124421242
vn 0.210721131447 0.335625016768 0.918124421242
vn 0.210721131447 0.335625016768 0.918124421242
vn 0.210721131447 0.335625016768 0.918124421242
vn -0.196932176476 0.346558353025 0.917123233713
vn -0.196932176476 0.346558353025 0.917123233713
vn -0.196932176476 0.346558353025 0.917123233713
vn -0.196932176476 0.346558353025 0.917123233713
vn -0.547437026061 0.324598201390 0.771329184040
vn -0.547437026061 0.324598201390 0.771329184040
vn -0.547437026061 0.324598201390 0.771329184040
vn -0.547437026061 0.324598201390 0.771329184040
vn -0.779189989511 0.323872530452 0.536627938394
vn -0.779189989511 0.323872530452 0.536627938394
vn -0.779189989511 0.323872530452 0.536627938394
vn -0.779189989511 0.323872530452 0.536627938394
vn -0.918124421242 0.335625016768 0.210721131447
vn -0.918124421242 0.335625016768 0.210721131447
vn -0.918124421242 0.335625016768 0.210721131447
vn -0.918124421242 0.335625016768 0.210721131447
vn -0.0860067208495 -0.996147663308 -0.0171078010156
vn -0.0860067208495 -0.996147663308 -0.0171078010156
vn -0.306619796720 -0.950621794719 -0.0479844106319
vn -0.0729129814577 -0.996147662985 -0.0487188943341
vn -0.0729129814577 -0.996147662985 -0.0487188943341
vn -0.266994676662 -0.949907392634 -0.162449339959
vn -0.0487188943341 -0.996147662985 -0.0729129814577
vn -0.0487188943341 -0.996147662985 -0.0729129814577
vn -0.162449339959 -0.949907392634 -0.266994676662
vn -0.0171078010156 -0.996147663308 -0.0860067208495
vn -0.0171078010156 -0.996147663308 -0.0860067208495
vn -0.0479844069152 -0.950621794889 -0.306619796775
vn 0.0171078010156 -0.996147663308 -0.0860067208495
vn 0.0171078010156 -0.996147663308 -0.0860067208495
vn 0.0479844106319 -0.950621794719 -0.306619796720
vn 0.0487188943341 -0.996147662985 -0.0729129814577
vn 0.0487188943341 -0.996147662985 -0.0729129814577
vn 0.162449339959 -0.949907392634 -0.266994676662
vn 0.0729129814577 -0.996147662985 -0.0487188943341
vn 0.0729129814577 -0.996147662985 -0.0487188943341
vn 0.266994676662 -0.949907392634 -0.162449339959
vn 0.0860067208495 -0.996147663308 -0.0171078010156
vn 0.0860067208495 -0.996147663308 -0.0171078010156
vn 0.306619796775 -0.950621794889 -0.0479844069152
vn 0.0860067208495 -0.996147663308 0.0171078010156
vn 0.0860067208495 -0.996147663308 0.0171078010156
vn 0.306619796720 -0.950621794719 0.0479844106319
vn 0.0729129814577 -0.996147662985 0.0487188943341
vn 0.0729129814577 -0.996147662985 0.0487188943341
vn 0.266994676662 -0.949907392634 0.162449339959
vn 0.0487188943341 -0.996147662985 0.0729129814577
vn 0.0487188943341 -0.996147662985 0.0729129814577
vn 0.162449339959 -0.949907392634 0.266994676662
vn 0.0171078010156 -0.996147663308 0.0860067208495
vn 0.0171078010156 -0.996147663308 0.0860067208495
vn 0.0479844069152 -0.950621794889 0.306619796775
vn -0.0171078010156 -0.996147663308 0.0860067208495
vn -0.0171078010156 -0.996147663308 0.0860067208495
vn -0.0479844106319 -0.950621794719 0.306619796720
vn -0.0487188943341 -0.996147662985 0.0729129814577
vn -0.0487188943341 -0.996147662985 0.0729129814577
vn -0.162449339959 -0.949907392634 0.266994676662
vn -0.0729129814577 -0.996147662985 0.0487188943341
vn -0.0729129814577 -0.996147662985 0.0487188943341
vn -0.266994676662 -0.949907392634 0.162449339959
vn -0.0860067208495 -0.996147663308 0.0171078010156
vn -0.0860067208495 -0.996147663308 0.0171078010156
vn -0.306619796775 -0.950621794889 0.0479844069152
vn -4.65243930500e-18 1.00000000000 -3.49708371796e-17
vn -4.65243930500e-18 1.00000000000 -3.49708371796e-17
vn -4.65243930500e-18 1.00000000000 -3.49708371796e-17
vn -4.65243930500e-18 1.00000000000 -3.49708371796e-17
vn -4.65243930500e-18 1.00000000000 -3.49708371796e-17
vn -4.65243930500e-18 1.00000000000 -3.49708371796e-17
vn -4.65243930500e-18 1.00000000000 -3.49708371796e-17
vn -4.65243930500e-18 1.00000000000 -3.49708371796e-17
vn -4.65243930500e-18 1.00000000000 -3.49708371796e-17
vn -4.65243930500e-18 1.00000000000 -3.49708371796e-17
vn -4.65243930500e-18 1.00000000000 -3.49708371796e-17
vn -4.65243930500e-18 1.00000000000 -3.49708371796e-17
vn -4.65243930500e-18 1.00000000000 -3.49708371796e-17
vn -4.65243930500e-18 1.00000000000 -3.49708371796e-17
vn -4.65243930500e-18 1.00000000000 -3.49708371796e-17
vn -4.65243930500e-18 1.00000000000 -3.49708371796e-17
vn -4.65243930500e-18 1.00000000000 -3.49708371796e-17
vn -0.957903217957 0.00000000000 -0.287091318272
vn -0.957903217957 0.00000000000 -0.287091318272
vn -0.925127283906 0.332078939484 -0.184019255854
vn -0.925127283906 0.332078939484 -0.184019255854
vn -0.915869297213 0.00000000000 -0.401476562731
vn -0.915869297213 0.00000000000 -0.401476562731
vn -0.835797865851 0.330422289941 -0.438478092666
vn -0.835797865851 0.330422289941 -0.438478092666
vn -0.408676087344 0.00000000000 -0.912679492283
vn -0.408676087344 0.00000000000 -0.912679492283
vn -0.438478092666 0.330422289941 -0.835797865851
vn -0.438478092666 0.330422289941 -0.835797865851
vn -0.264410254613 0.00000000000 -0.964410295080
vn -0.264410254613 0.00000000000 -0.964410295080
vn -0.184019255854 0.332078939484 -0.925127283906
vn -0.184019255854 0.332078939484 -0.925127283906
vn 0.287091318272 0.00000000000 -0.957903217957
vn 0.287091318272 0.00000000000 -0.957903217957
vn 0.184019255854 0.332078939484 -0.925127283906
vn 0.184019255854 0.332078939484 -0.925127283906
vn 0.401476562731 0.00000000000 -0.915869297213
vn 0.401476562731 0.00000000000 -0.915869297213
vn 0.438478092666 0.330422289941 -0.835797865851
vn 0.438478092666 0.330422289941 -0.835797865851
vn 0.912679492283 0.00000000000 -0.408676087344
vn 0.912679492283 0.00000000000 -0.408676087344
vn 0.835797865851 0.330422289941 -0.438478092666
vn 0.835797865851 0.330422289941 -0.438478092666
vn 0.964410295080 0.00000000000 -0.264410254613
vn 0.964410295080 0.00000000000 -0.264410254613
vn 0.925127283906 0.332078939484 -0.184019255854
vn 0.925127283906 0.332078939484 -0.184019255854
vn 0.957903217957 0.00000000000 0.287091318272
vn 0.957903217957 0.00000000000 0.287091318272
vn 0.925127283906 0.332078939484 0.184019255854
vn 0.925127283906 0.332078939484 0.184019255854
vn 0.915869297213 0.00000000000 0.401476562731
vn 0.915869297213 0.00000000000 0.401476562731
vn 0.835797865851 0.330422289941 0.438478092666
vn 0.835797865851 0.330422289941 0.438478092666
vn 0.408676087344 0.00000000000 0.912679492283
vn 0.408676087344 0.00000000000 0.912679492283
vn 0.438478092666 0.330422289941 0.835797865851
vn 0.438478092666 0.330422289941 0.835797865851
vn 0.264410254613 0.00000000000 0.964410295080
vn 0.264410254613 0.00000000000 0.964410295080
vn 0.184019255854 0.332078939484 0.925127283906
vn 0.184019255854 0.332078939484 0.925127283906
vn -0.287091318272 0.00000000000 0.957903217957
vn -0.287091318272 0.00000000000 0.957903217957
vn -0.184019255854 0.332078939484 0.925127283906
vn -0.184019255854 0.332078939484 0.925127283906
vn -0.401476562731 0.00000000000 0.915869297213
vn -0.401476562731 0.00000000000 0.915869297213
vn -0.438478092666 0.330422289941 0.835797865851
vn -0.438478092666 0.330422289941 0.835797865851
vn -0.912679492283 0.00000000000 0.408676087344
vn -0.912679492283 0.00000000000 0.408676087344
vn -0.835797865851 0.330422289941 0.438478092666
vn -0.835797865851 0.330422289941 0.438478092666
vn -0.964410295080 0.00000000000 0.264410254613
vn -0.964410295080 0.00000000000 0.264410254613
vn -0.925127283906 0.332078939484 0.184019255854
vn -0.925127283906 0.332078939484 0.184019255854
vn -0.818759393555 0.550553568181 -0.162861364444
vn -0.818759393555 0.550553568181 -0.162861364444
vn -0.818759393555 0.550553568181 -0.162861364444
vn -0.818759393555 0.550553568181 -0.162861364444
vn -0.694110697390 0.550553564891 -0.463789943784
vn -0.694110697390 0.550553564891 -0.463789943784
vn -0.694110697390 0.550553564891 -0.463789943784
vn -0.694110697390 0.550553564891 -0.463789943784
vn -0.463789943784 0.550553564891 -0.694110697390
vn -0.463789943784 0.550553564891 -0.694110697390
vn -0.463789943784 0.550553564891 -0.694110697390
vn -0.463789943784 0.550553564891 -0.694110697390
vn -0.162861364444 0.550553568181 -0.818759393555
vn -0.162861364444 0.550553568181 -0.818759393555
vn -0.162861364444 0.550553568181 -0.818759393555
vn -0.162861364444 0.550553568181 -0.818759393555
vn 0.162861364444 0.550553568181 -0.818759393555
vn 0.162861364444 0.550553568181 -0.818759393555
vn 0.162861364444 0.550553568181 -0.818759393555
vn 0.162861364444 0.550553568181 -0.818759393555
vn 0.463789943784 0.550553564891 -0.694110697390
vn 0.463789943784 0.550553564891 -0.694110697390
vn 0.463789943784 0.550553564891 -0.694110697390
vn 0.463789943784 0.550553564891 -0.694110697390
vn 0.694110697390 0.550553564891 -0.463789943784
vn 0.694110697390 0.550553564891 -0.463789943784
vn 0.694110697390 0.550553564891 -0.463789943784
vn 0.694110697390 0.550553564891 -0.463789943784
vn 0.818759393555 0.550553568181 -0.162861364444
vn 0.818759393555 0.550553568181 -0.162861364444
vn 0.818759393555 0.550553568181 -0.162861364444
vn 0.818759393555 0.550553568181 -0.162861364444
vn 0.818759393555 0.550553568181 0.162861364444
vn 0.818759393555 0.550553568181 0.162861364444
vn 0.818759393555 0.550553568181 0.162861364444
vn 0.818759393555 0.550553568181 0.162861364444
vn 0.694110697390 0.550553564891 0.463789943784
vn 0.694110697390 0.550553564891 0.463789943784
vn 0.694110697390 0.550553564891 0.463789943784
vn 0.694110697390 0.550553564891 0.463789943784
vn 0.463789943784 0.550553564891 0.694110697390
vn 0.463789943784 0.550553564891 0.694110697390
vn 0.463789943784 0.550553564891 0.694110697390
vn 0.463789943784 0.550553564891 0.694110697390
vn 0.162861364444 0.550553568181 0.818759393555
vn 0.162861364444 0.550553568181 0.818759393555
vn 0.162861364444 0.550553568181 0.818759393555
vn 0.162861364444 0.550553568181 0.818759393555
vn -0.162861364444 0.550553568181 0.818759393555
vn -0.162861364444 0.550553568181 0.818759393555
vn -0.162861364444 0.550553568181 0.818759393555
vn -0.162861364444 0.550553568181 0.818759393555
vn -0.463789943784 0.550553564891 0.694110697390
vn -0.463789943784 0.550553564891 0.694110697390
vn -0.463789943784 0.550553564891 0.694110697390
vn -0.463789943784 0.550553564891 0.694110697390
vn -0.694110697390 0.550553564891 0.463789943784
vn -0.694110697390 0.550553564891 0.463789943784
vn -0.694110697390 0.550553564891 0.463789943784
vn -0.694110697390 0.550553564891 0.463789943784
vn -0.818759393555 0.550553568181 0.162861364444
vn -0.818759393555 0.550553568181 0.162861364444
vn -0.818759393555 0.550553568181 0.162861364444
vn -0.818759393555 0.550553568181 0.162861364444
f 1/1/1 2/2/2 3/3/3
f 2/2/2 4/4/4 3/3/3
f 2/2/2 5/5/5 4/4/4
f 5/5/5 6/6/6 4/4/4
f 5/5/5 7/7/7 6/6/6
f 7/7/7 8/8/8 6/6/6
f 7/7/7 9/9/9 8/8/8
f 9/9/9 10/10/10 8/8/8
f 9/9/9 11/11/11 10/10/10
f 11/11/11 12/12/12 10/10/10
f 11/11/11 13/13/13 12/12/12
f 13/13/13 14/14/14 12/12/12
f 13/13/13 15/15/15 14/14/14
f 15/15/15 16/16/16 14/14/14
f 15/15/15 17/17/17 16/16/16
f 17/17/17 18/18/18 16/16/16
f 17/17/17 19/19/19 18/18/18
f 19/19/19 20/20/20 18/18/18
f 19/19/19 21/21/21 20/20/20
f 21/21/21 22/22/22 20/20/20
f 21/21/21 23/23/23 22/22/22
f 23/23/23 24/24/24 22/22/22
f 23/23/23 25/25/25 24/24/24
f 25/25/25 26/26/26 24/24/24
f 25/25/25 27/27/27 26/26/26
f 27/27/27 28/28/28 26/26/26
f 27/27/27 29/29/29 28/28/28
f 29/29/29 30/30/30 28/28/28
f 29/29/29 31/31/31 30/30/30
f 31/31/31 32/32/32 30/30/30
f 31/31/31 1/1/1 32/32/32
f 1/1/1 3/3/3 32/32/32
f 33/33/33 34/34/34 35/35/35
f 34/34/34 36/36/36 35/35/35
f 37/37/37 38/38/38 39/39/39
f 38/38/38 40/40/40 39/39/39
f 41/41/41 42/42/42 43/43/43
f 42/42/42 44/44/44 43/43/43
f 45/45/45 46/46/46 47/47/47
f 46/46/46 48/48/48 47/47/47
f 49/49/49 50/50/50 51/51/51
f 50/50/50 52/52/52 51/51/51
f 53/53/53 54/54/54 55/55/55
f 54/54/54 56/56/56 55/55/55
f 57/57/57 58/58/58 59/59/59
f 58/58/58 60/60/60 59/59/59
f 61/61/61 62/62/62 63/63/63
f 62/62/62 64/64/64 63/63/63
f 65/65/65 66/66/66 67/67/67
f 66/66/66 68/68/68 67/67/67
f 69/69/69 70/70/70 71/71/71
f 70/70/70 72/72/72 71/71/71
f 73/73/73 74/74/74 75/75/75
f 74/74/74 76/76/76 75/75/75
f 77/77/77 78/78/78 79/79/79
f 78/78/78 80/80/80 79/79/79
f 81/81/81 82/82/82 83/83/83
f 82/82/82 84/84/84 83/83/83
f 85/85/85 86/86/86 87/87/87
f 86/86/86 88/88/88 87/87/87
f 89/89/89 90/90/90 91/91/91
f 90/90/90 92/92/92 91/91/91
f 93/93/93 94/94/94 95/95/95
f 94/94/94 96/96/96 95/95/95
f 97/97/97 98/98/98 99/99/99
f 98/98/98 100/100/100 99/99/99
f 101/101/101 102/102/102 103/103/103
f 102/102/102 104/104/104 103/103/103
f 105/105/105 106/106/106 107/107/107
f 106/106/106 108/108/108 107/107/107
f 109/109/109 110/110/110 111/111/111
f 110/110/110 112/112/112 111/111/111
f 113/113/113 114/114/114 112/112/112
f 114/114/114 115/115/115 112/112/112
f 116/116/116 117/117/117 118/118/118
f 117/117/117 119/119/119 118/118/118
f 120/120/120 121/121/121 122/122/122
f 121/121/121 123/123/123 122/122/122
f 124/124/124 125/125/125 126/126/126
f 125/125/125 127/127/127 126/126/126
f 128/128/128 129/129/129 127/127/127
f 129/129/129 130/130/130 127/127/127
f 131/131/131 132/132/132 133/133/133
f 132/132/132 134/134/134 133/133/133
f 135/135/135 136/136/136 137/137/137
f 136/136/136 138/138/138 137/137/137
f 139/139/139 140/140/140 141/141/141
f 140/140/140 142/142/142 141/141/141
f 143/143/143 144/144/144 142/142/142
f 144/144/144 145/145/145 142/142/142
f 146/146/146 147/147/147 148/148/148
f 147/147/147 149/149/149 148/148/148
f 150/150/150 151/151/151 152/152/152
f 151/151/151 153/153/153 152/152/152
f 154/154/154 155/155/155 156/156/156
f 155/155/155 99/99/99 156/156/156
f 157/157/157 158/158/158 159/159/159
f 158/158/158 160/160/160 159/159/159
f 161/161/161 162/162/162 163/163/163
f 162/162/162 164/164/164 163/163/163
f 165/165/165 166/166/166 167/167/167
f 166/166/166 168/168/168 167/167/167
f 169/169/169 170/170/170 171/171/171
f 170/170/170 172/172/172 171/171/171
f 173/173/173 174/174/174 175/175/175
f 174/174/174 176/176/176 175/175/175
f 177/177/177 178/178/178 179/179/179
f 178/178/178 180/180/180 179/179/179
f 181/181/181 182/182/182 183/183/183
f 182/182/182 184/184/184 183/183/183
f 185/185/185 186/186/186 187/187/187
f 186/186/186 188/188/188 187/187/187
f 189/189/189 190/190/190 191/191/191
f 190/190/190 192/192/192 191/191/191
f 193/193/193 194/194/194 195/195/195
f 194/194/194 196/196/196 195/195/195
f 197/197/197 198/198/198 199/199/199
f 198/198/198 200/200/200 199/199/199
f 201/201/201 202/202/202 203/203/203
f 202/202/202 204/204/204 203/203/203
f 205/205/205 206/206/206 207/207/207
f 206/206/206 208/208/208 207/207/207
f 209/209/209 210/210/210 211/211/211
f 210/210/210 212/212/212 211/211/211
f 213/213/213 214/214/214 215/215/215
f 214/214/214 216/216/216 215/215/215
f 217/217/217 218/218/218 219/219/219
f 218/218/218 220/220/220 219/219/219
f 221/221/221 222/222/222 223/223/223
f 222/222/222 224/224/224 223/223/223
f 225/225/225 226/226/226 227/227/227
f 226/226/226 228/228/228 227/227/227
f 229/229/229 230/230/230 231/231/231
f 230/230/230 232/232/232 231/231/231
f 233/233/233 234/234/234 235/235/235
f 234/234/234 236/236/236 235/235/235
f 237/237/237 238/238/238 239/239/239
f 238/238/238 240/240/240 239/239/239
f 241/241/241 242/242/242 243/243/243
f 242/242/242 244/244/244 243/243/243
f 245/245/245 246/246/246 247/247/247
f 246/246/246 248/248/248 247/247/247
f 249/249/249 250/250/250 251/251/251
f 250/250/250 252/252/252 251/251/251
f 253/253/253 254/254/254 255/255/255
f 254/254/254 256/256/256 255/255/255
f 257/257/257 258/258/258 259/259/259
f 258/258/258 260/260/260 259/259/259
f 261/261/261 262/262/262 263/263/263
f 262/262/262 264/264/264 263/263/263
f 265/265/265 266/266/266 267/267/267
f 266/266/266 268/268/268 267/267/267
f 269/269/269 270/270/270 271/271/271
f 270/270/270 272/272/272 271/271/271
f 273/273/273 274/274/274 275/275/275
f 274/274/274 276/276/276 275/275/275
f 277/277/277 278/278/278 279/279/279
f 278/278/278 280/280/280 279/279/279
f 281/281/281 282/282/282 283/283/283
f 282/282/282 284/284/284 283/283/283
f 285/285/285 286/286/286 287/287/287
f 286/286/286 288/288/288 287/287/287
f 289/289/289 290/290/290 291/291/291
f 290/290/290 292/292/292 291/291/291
f 293/293/293 294/294/294 295/295/295
f 294/294/294 296/296/296 295/295/295
f 297/297/297 298/298/298 299/299/299
f 298/298/298 300/300/300 299/299/299
f 301/301/301 302/302/302 303/303/303
f 302/302/302 304/304/304 303/303/303
f 305/305/305 306/306/306 307/307/307
f 306/306/306 308/308/308 307/307/307
f 309/309/309 310/310/310 311/311/311
f 310/310/310 312/312/312 311/311/311
f 313/313/313 314/314/314 315/315/315
f 314/314/314 316/316/316 315/315/315
f 317/317/317 318/318/318 319/319/319
f 318/318/318 320/320/320 319/319/319
f 321/321/321 322/322/322 323/323/323
f 322/322/322 324/324/324 323/323/323
f 325/325/325 326/326/326 327/327/327
f 326/326/326 328/328/328 327/327/327
f 329/329/329 330/330/330 331/331/331
f 330/330/330 332/332/332 331/331/331
f 333/333/333 334/334/334 335/335/335
f 334/334/334 336/336/336 335/335/335
f 337/337/337 338/338/338 339/339/339
f 338/338/338 340/340/340 339/339/339
f 341/341/341 342/342/342 343/343/343
f 342/342/342 344/344/344 343/343/343
f 345/345/345 346/346/346 347/347/347
f 346/346/346 348/348/348 347/347/347
f 349/349/349 350/350/350 351/351/351
f 350/350/350 352/352/352 351/351/351
f 353/353/353 354/354/354 352/352/352
f 354/354/354 355/355/355 352/352/352
f 356/356/356 357/357/357 355/355/355
f 357/357/357 358/358/358 355/355/355
f 359/359/359 360/360/360 358/358/358
f 360/360/360 361/361/361 358/358/358
f 362/362/362 363/363/363 361/361/361
f 363/363/363 364/364/364 361/361/361
f 365/365/365 366/366/366 364/364/364
f 366/366/366 367/367/367 364/364/364
f 368/368/368 369/369/369 367/367/367
f 369/369/369 370/370/370 367/367/367
f 371/371/371 372/372/372 370/370/370
f 372/372/372 373/373/373 370/370/370
f 374/374/374 375/375/375 373/373/373
f 375/375/375 376/376/376 373/373/373
f 377/377/377 378/378/378 376/376/376
f 378/378/378 379/379/379 376/376/376
f 380/380/380 381/381/381 379/379/379
f 381/381/381 382/382/382 379/379/379
f 383/383/383 384/384/384 382/382/382
f 384/384/384 385/385/385 382/382/382
f 386/386/386 387/387/387 385/385/385
f 387/387/387 388/388/388 385/385/385
f 389/389/389 390/390/390 388/388/388
f 390/390/390 391/391/391 388/388/388
f 392/392/392 393/393/393 391/391/391
f 393/393/393 394/394/394 391/391/391
f 395/395/395 396/396/396 394/394/394
f 396/396/396 351/351/351 394/394/394
f 397/397/397 398/398/398 399/399/399
f 398/398/398 400/400/400 399/399/399
f 401/401/401 402/402/402 403/403/403
f 402/402/402 404/404/404 403/403/403
f 405/405/405 406/406/406 407/407/407
f 406/406/406 408/408/408 407/407/407
f 409/409/409 410/410/410 411/411/411
f 410/410/410 412/412/412 411/411/411
f 413/413/413 414/414/414 415/415/415
f 414/414/414 416/416/416 415/415/415
f 417/417/417 418/418/418 419/419/419
f 418/418/418 420/420/420 419/419/419
f 421/421/421 422/422/422 423/423/423
f 422/422/422 424/424/424 423/423/423
f 425/425/425 426/426/426 427/427/427
f 426/426/426 428/428/428 427/427/427
f 429/429/429 430/430/430 431/431/431
f 430/430/430 432/432/432 431/431/431
f 433/433/433 434/434/434 435/435/435
f 434/434/434 436/436/436 435/435/435
f 437/437/437 438/438/438 439/439/439
f 438/438/438 440/440/440 439/439/439
f 441/441/441 442/442/442 443/443/443
f 442/442/442 444/444/444 443/443/443
f 445/445/445 446/446/446 447/447/447
f 446/446/446 448/448/448 447/447/447
f 449/449/449 450/450/450 451/451/451
f 450/450/450 452/452/452 451/451/451
f 453/453/453 454/454/454 455/455/455
f 454/454/454 456/456/456 455/455/455
f 457/457/457 458/458/458 459/459/459
f 458/458/458 460/460/460 459/459/459
f 461/461/461 462/462/462 463/463/463
f 462/462/462 464/464/464 463/463/463
f 465/465/465 466/466/466 467/467/467
f 466/466/466 468/468/468 467/467/467
f 469/469/469 470/470/470 471/471/471
f 470/470/470 472/472/472 471/471/471
f 473/473/473 474/474/474 475/475/475
f 474/474/474 476/476/476 475/475/475
f 477/477/477 478/478/478 479/479/479
f 478/478/478 480/480/480 479/479/479
f 481/481/481 482/482/482 483/483/483
f 482/482/482 484/484/484 483/483/483
f 485/485/485 486/486/486 487/487/487
f 486/486/486 488/488/488 487/487/487
f 489/489/489 490/490/490 491/491/491
f 490/490/490 492/492/492 491/491/491
f 493/493/493 494/494/494 495/495/495
f 494/494/494 496/496/496 495/495/495
f 497/497/497 498/498/498 499/499/499
f 498/498/498 500/500/500 499/499/499
f 501/501/501 502/502/502 503/503/503
f 502/502/502 504/504/504 503/503/503
f 505/505/505 506/506/506 507/507/507
f 506/506/506 508/508/508 507/507/507
f 509/509/509 510/510/510 511/511/511
f 510/510/510 512/512/512 511/511/511
f 513/513/513 514/514/514 515/515/515
f 514/514/514 516/516/516 515/515/515
f 517/517/517 518/518/518 519/519/519
f 518/518/518 520/520/520 519/519/519
f 521/521/521 522/522/522 523/523/523
f 522/522/522 524/524/524 523/523/523
f 525/525/525 526/526/526 527/527/527
f 526/526/526 528/528/528 527/527/527
f 526/526/526 529/529/529 528/528/528
f 529/529/529 530/530/530 528/528/528
f 529/529/529 531/531/531 530/530/530
f 531/531/531 532/532/532 530/530/530
f 531/531/531 533/533/533 532/532/532
f 533/533/533 534/534/534 532/532/532
f 533/533/533 535/535/535 534/534/534
f 535/535/535 536/536/536 534/534/534
f 535/535/535 537/537/537 536/536/536
f 537/537/537 538/538/538 536/536/536
f 537/537/537 539/539/539 538/538/538
f 539/539/539 540/540/540 538/538/538
f 539/539/539 541/541/541 540/540/540
f 541/541/541 542/542/542 540/540/540
f 541/541/541 543/543/543 542/542/542
f 543/543/543 544/544/544 542/542/542
f 543/543/543 545/545/545 544/544/544
f 545/545/545 546/546/546 544/544/544
f 545/545/545 547/547/547 546/546/546
f 547/547/547 548/548/548 546/546/546
f 547/547/547 549/549/549 548/548/548
f 549/549/549 550/550/550 548/548/548
f 549/549/549 551/551/551 550/550/550
f 551/551/551 552/552/552 550/550/550
f 551/551/551 553/553/553 552/552/552
f 553/553/553 554/554/554 552/552/552
f 553/553/553 555/555/555 554/554/554
f 555/555/555 556/556/556 554/554/554
f 555/555/555 525/525/525 556/556/556
f 525/525/525 527/527/527 556/556/556
f 527/527/527 528/528/528 557/557/557
f 528/528/528 558/558/558 557/557/557
f 528/528/528 559/559/559 558/558/558
f 559/559/559 560/560/560 558/558/558
f 561/561/561 532/532/532 562/562/562
f 532/532/532 563/563/563 562/562/562
f 532/532/532 534/534/534 563/563/563
f 534/534/534 564/564/564 563/563/563
f 534/534/534 536/536/536 564/564/564
f 536/536/536 565/565/565 564/564/564
f 536/536/536 566/566/566 565/565/565
f 566/566/566 567/567/567 565/565/565
f 568/568/568 540/540/540 569/569/569
f 540/540/540 570/570/570 569/569/569
f 540/540/540 542/542/542 570/570/570
f 542/542/542 571/571/571 570/570/570
f 542/542/542 544/544/544 571/571/571
f 544/544/544 572/572/572 571/571/571
f 544/544/544 573/573/573 572/572/572
f 573/573/573 574/574/574 572/572/572
f 575/575/575 548/548/548 576/576/576
f 548/548/548 577/577/577 576/576/576
f 548/548/548 550/550/550 577/577/577
f 550/550/550 578/578/578 577/577/577
f 550/550/550 552/552/552 578/578/578
f 552/552/552 579/579/579 578/578/578
f 552/552/552 580/580/580 579/579/579
f 580/580/580 581/581/581 579/579/579
f 582/582/582 556/556/556 583/583/583
f 556/556/556 584/584/584 583/583/583
f 556/556/556 527/527/527 584/584/584
f 527/527/527 557/557/557 584/584/584
f 585/585/585 586/586/586 587/587/587
f 586/586/586 588/588/588 587/587/587
f 589/589/589 590/590/590 591/591/591
f 590/590/590 592/592/592 591/591/591
f 593/593/593 594/594/594 595/595/595
f 594/594/594 596/596/596 595/595/595
f 597/597/597 598/598/598 599/599/599
f 598/598/598 600/600/600 599/599/599
f 601/601/601 602/602/602 600/600/600
f 602/602/602 603/603/603 600/600/600
f 604/604/604 605/605/605 606/606/606
f 605/605/605 607/607/607 606/606/606
f 608/608/608 609/609/609 610/610/610
f 609/609/609 611/611/611 610/610/610
f 612/612/612 613/613/613 614/614/614
f 613/613/613 615/615/615 614/614/614
f 616/616/616 617/617/617 615/615/615
f 617/617/617 618/618/618 615/615/615
f 619/619/619 620/620/620 621/621/621
f 620/620/620 622/622/622 621/621/621
f 623/623/623 624/624/624 625/625/625
f 624/624/624 626/626/626 625/625/625
f 627/627/627 628/628/628 629/629/629
f 628/628/628 630/630/630 629/629/629
f 631/631/631 632/632/632 630/630/630
f 632/632/632 633/633/633 630/630/630
f 634/634/634 635/635/635 636/636/636
f 635/635/635 637/637/637 636/636/636
f 638/638/638 639/639/639 640/640/640
f 639/639/639 641/641/641 640/640/640
f 642/642/642 643/643/643 644/644/644
f 643/643/643 587/587/587 644/644/644
f 645/645/645 646/646/646 647/647/647
f 646/646/646 648/648/648 647/647/647
f 646/646/646 649/649/649 648/648/648
f 649/649/649 650/650/650 648/648/648
f 649/649/649 651/651/651 650/650/650
f 651/651/651 652/652/652 650/650/650
f 651/651/651 653/653/653 652/652/652
f 653/653/653 654/654/654 652/652/652
f 653/653/653 655/655/655 654/654/654
f 655/655/655 656/656/656 654/654/654
f 655/655/655 657/657/657 656/656/656
f 657/657/657 658/658/658 656/656/656
f 657/657/657 659/659/659 658/658/658
f 659/659/659 660/660/660 658/658/658
f 659/659/659 661/661/661 660/660/660
f 661/661/661 662/662/662 660/660/660
f 661/661/661 663/663/663 662/662/662
f 663/663/663 664/664/664 662/662/662
f 663/663/663 665/665/665 664/664/664
f 665/665/665 666/666/666 664/664/664
f 665/665/665 667/667/667 666/666/666
f 667/667/667 668/668/668 666/666/666
f 667/667/667 669/669/669 668/668/668
f 669/669/669 670/670/670 668/668/668
f 669/669/669 671/671/671 670/670/670
f 671/671/671 672/672/672 670/670/670
f 671/671/671 673/673/673 672/672/672
f 673/673/673 674/674/674 672/672/672
f 673/673/673 675/675/675 674/674/674
f 675/675/675 676/676/676 674/674/674
f 675/675/675 645/645/645 676/676/676
f 645/645/645 647/647/647 676/676/676
f 677/677/677 678/678/678 679/679/679
f 678/678/678 680/680/680 679/679/679
f 681/681/681 682/682/682 683/683/683
f 682/682/682 684/684/684 683/683/683
f 685/685/685 686/686/686 687/687/687
f 686/686/686 688/688/688 687/687/687
f 689/689/689 690/690/690 691/691/691
f 690/690/690 692/692/692 691/691/691
f 693/693/693 694/694/694 695/695/695
f 694/694/694 696/696/696 695/695/695
f 697/697/697 698/698/698 699/699/699
f 698/698/698 700/700/700 699/699/699
f 701/701/701 702/702/702 703/703/703
f 702/702/702 704/704/704 703/703/703
f 705/705/705 706/706/706 707/707/707
f 706/706/706 708/708/708 707/707/707
f 709/709/709 710/710/710 711/711/711
f 710/710/710 712/712/712 711/711/711
f 713/713/713 714/714/714 715/715/715
f 714/714/714 716/716/716 715/715/715
f 717/717/717 718/718/718 719/719/719
f 718/718/718 720/720/720 719/719/719
f 721/721/721 722/722/722 723/723/723
f 722/722/722 724/724/724 723/723/723
f 725/725/725 726/726/726 727/727/727
f 726/726/726 728/728/728 727/727/727
f 729/729/729 730/730/730 731/731/731
f 730/730/730 732/732/732 731/731/731
f 733/733/733 734/734/734 735/735/735
f 734/734/734 736/736/736 735/735/735
f 737/737/737 738/738/738 739/739/739
f 738/738/738 740/740/740 739/739/739
f 741/741/741 742/742/742 743/743/743
f 744/744/744 745/745/745 746/746/746
f 747/747/747 748/748/748 749/749/749
f 750/750/750 751/751/751 752/752/752
f 753/753/753 754/754/754 755/755/755
f 756/756/756 757/757/757 758/758/758
f 759/759/759 760/760/760 761/761/761
f 762/762/762 763/763/763 764/764/764
f 765/765/765 766/766/766 767/767/767
f 768/768/768 769/769/769 770/770/770
f 771/771/771 772/772/772 773/773/773
f 774/774/774 775/775/775 776/776/776
f 777/777/777 778/778/778 779/779/779
f 780/780/780 781/781/781 782/782/782
f 783/783/783 784/784/784 785/785/785
f 786/786/786 787/787/787 788/788/788
f 789/789/789 790/790/790 791/791/791
f 789/789/789 792/792/792 790/790/790
f 789/789/789 793/793/793 792/792/792
f 789/789/789 794/794/794 793/793/793
f 789/789/789 795/795/795 794/794/794
f 789/789/789 796/796/796 795/795/795
f 789/789/789 797/797/797 796/796/796
f 789/789/789 798/798/798 797/797/797
f 789/789/789 799/799/799 798/798/798
f 789/789/789 800/800/800 799/799/799
f 789/789/789 801/801/801 800/800/800
f 789/789/789 802/802/802 801/801/801
f 789/789/789 803/803/803 802/802/802
f 789/789/789 804/804/804 803/803/803
f 789/789/789 805/805/805 804/804/804
f 789/789/789 791/791/791 805/805/805
f 806/806/806 807/807/807 808/808/808
f 807/807/807 809/809/809 808/808/808
f 810/810/810 811/811/811 812/812/812
f 811/811/811 813/813/813 812/812/812
f 814/814/814 815/815/815 816/816/816
f 815/815/815 817/817/817 816/816/816
f 818/818/818 819/819/819 820/820/820
f 819/819/819 821/821/821 820/820/820
f 822/822/822 823/823/823 824/824/824
f 823/823/823 825/825/825 824/824/824
f 826/826/826 827/827/827 828/828/828
f 827/827/827 829/829/829 828/828/828
f 830/830/830 831/831/831 832/832/832
f 831/831/831 833/833/833 832/832/832
f 834/834/834 835/835/835 836/836/836
f 835/835/835 837/837/837 836/836/836
f 838/838/838 839/839/839 840/840/840
f 839/839/839 841/841/841 840/840/840
f 842/842/842 843/843/843 844/844/844
f 843/843/843 845/845/845 844/844/844
f 846/846/846 847/847/847 848/848/848
f 847/847/847 849/849/849 848/848/848
f 850/850/850 851/851/851 852/852/852
f 851/851/851 853/853/853 852/852/852
f 854/854/854 855/855/855 856/856/856
f 855/855/855 857/857/857 856/856/856
f 858/858/858 859/859/859 860/860/860
f 859/859/859 861/861/861 860/860/860
f 862/862/862 863/863/863 864/864/864
f 863/863/863 865/865/865 864/864/864
f 866/866/866 867/867/867 868/868/868
f 867/867/867 869/869/869 868/868/868
f 870/870/870 871/871/871 872/872/872
f 871/871/871 873/873/873 872/872/872
f 874/874/874 875/875/875 876/876/876
f 875/875/875 877/877/877 876/876/876
f 878/878/878 879/879/879 880/880/880
f 879/879/879 881/881/881 880/880/880
f 882/882/882 883/883/883 884/884/884
f 883/883/883 885/885/885 884/884/884
f 886/886/886 887/887/887 888/888/888
f 887/887/887 889/889/889 888/888/888
f 890/890/890 891/891/891 892/892/892
f 891/891/891 893/893/893 892/892/892
f 894/894/894 895/895/895 896/896/896
f 895/895/895 897/897/897 896/896/896
f 898/898/898 899/899/899 900/900/900
f 899/899/899 901/901/901 900/900/900
f 902/902/902 903/903/903 904/904/904
f 903/903/903 905/905/905 904/904/904
f 906/906/906 907/907/907 908/908/908
f 907/907/907 909/909/909 908/908/908
f 910/910/910 911/911/911 912/912/912
f 911/911/911 913/913/913 912/912/912
f 914/914/914 915/915/915 916/916/916
f 915/915/915 917/917/917 916/916/916
f 918/918/918 919/919/919 920/920/920
f 919/919/919 921/921/921 920/920/920
f 922/922/922 923/923/923 924/924/924
f 923/923/923 925/925/925 924/924/924
f 926/926/926 927/927/927 928/928/928
f 927/927/927 929/929/929 928/928/928
f 930/930/930 931/931/931 932/932/932
f 931/931/931 933/933/933 932/932/932
