# Authored Mira S13/S14 partial assembly; metres; not a complete lantern
o S13
v 0.014000000432133675 1.6625000000558794 0
v 0.013522961176931858 1.6625000000558794 0.003623466705903411
v 0.012124355882406235 1.6625000000558794 0.007000000216066837
v 0.009899495169520378 1.6625000000558794 0.009899495169520378
v 0.007000000216066837 1.6625000000558794 0.012124355882406235
v 0.003623466705903411 1.6625000000558794 0.013522961176931858
v 8.57252763722393e-19 1.6625000000558794 0.014000000432133675
v -0.003623466705903411 1.6625000000558794 0.013522961176931858
v -0.007000000216066837 1.6625000000558794 0.012124355882406235
v -0.009899495169520378 1.6625000000558794 0.009899495169520378
v -0.012124355882406235 1.6625000000558794 0.007000000216066837
v -0.013522961176931858 1.6625000000558794 0.003623466705903411
v -0.014000000432133675 1.6625000000558794 1.714505527444786e-18
v -0.013522961176931858 1.6625000000558794 -0.003623466705903411
v -0.012124355882406235 1.6625000000558794 -0.007000000216066837
v -0.009899495169520378 1.6625000000558794 -0.009899495169520378
v -0.007000000216066837 1.6625000000558794 -0.012124355882406235
v -0.003623466705903411 1.6625000000558794 -0.013522961176931858
v -2.571758291167179e-18 1.6625000000558794 -0.014000000432133675
v 0.003623466705903411 1.6625000000558794 -0.013522961176931858
v 0.007000000216066837 1.6625000000558794 -0.012124355882406235
v 0.009899495169520378 1.6625000000558794 -0.009899495169520378
v 0.012124355882406235 1.6625000000558794 -0.007000000216066837
v 0.013522961176931858 1.6625000000558794 -0.003623466705903411
v 0.014499999582767487 1.661999999973923 0
v 0.014005924575030804 1.661999999973923 0.0037528760731220245
v 0.012557368725538254 1.661999999973923 0.007249999791383743
v 0.01025304850190878 1.661999999973923 0.01025304850190878
v 0.007249999791383743 1.661999999973923 0.012557368725538254
v 0.0037528760731220245 1.661999999973923 0.014005924575030804
v 8.878688895420885e-19 1.661999999973923 0.014499999582767487
v -0.0037528760731220245 1.661999999973923 0.014005924575030804
v -0.007249999791383743 1.661999999973923 0.012557368725538254
v -0.01025304850190878 1.661999999973923 0.01025304850190878
v -0.012557368725538254 1.661999999973923 0.007249999791383743
v -0.014005924575030804 1.661999999973923 0.0037528760731220245
v -0.014499999582767487 1.661999999973923 1.775737779084177e-18
v -0.014005924575030804 1.661999999973923 -0.0037528760731220245
v -0.012557368725538254 1.661999999973923 -0.007249999791383743
v -0.01025304850190878 1.661999999973923 -0.01025304850190878
v -0.007249999791383743 1.661999999973923 -0.012557368725538254
v -0.0037528760731220245 1.661999999973923 -0.014005924575030804
v -2.663606772023842e-18 1.661999999973923 -0.014499999582767487
v 0.0037528760731220245 1.661999999973923 -0.014005924575030804
v 0.007249999791383743 1.661999999973923 -0.012557368725538254
v 0.01025304850190878 1.661999999973923 -0.01025304850190878
v 0.012557368725538254 1.661999999973923 -0.007249999791383743
v 0.014005924575030804 1.661999999973923 -0.0037528760731220245
v 0.019200000911951065 1.661999999973923 0
v 0.01854577660560608 1.661999999973923 0.004969325847923756
v 0.016627687960863113 1.661999999973923 0.009600000455975533
v 0.013576449826359749 1.661999999973923 0.013576449826359749
v 0.009600000455975533 1.661999999973923 0.016627687960863113
v 0.004969325847923756 1.661999999973923 0.01854577660560608
v 1.1756609478760785e-18 1.661999999973923 0.019200000911951065
v -0.004969325847923756 1.661999999973923 0.01854577660560608
v -0.009600000455975533 1.661999999973923 0.016627687960863113
v -0.013576449826359749 1.661999999973923 0.013576449826359749
v -0.016627687960863113 1.661999999973923 0.009600000455975533
v -0.01854577660560608 1.661999999973923 0.004969325847923756
v -0.019200000911951065 1.661999999973923 2.351321895752157e-18
v -0.01854577660560608 1.661999999973923 -0.004969325847923756
v -0.016627687960863113 1.661999999973923 -0.009600000455975533
v -0.013576449826359749 1.661999999973923 -0.013576449826359749
v -0.009600000455975533 1.661999999973923 -0.016627687960863113
v -0.004969325847923756 1.661999999973923 -0.01854577660560608
v -3.526982740230659e-18 1.661999999973923 -0.019200000911951065
v 0.004969325847923756 1.661999999973923 -0.01854577660560608
v 0.009600000455975533 1.661999999973923 -0.016627687960863113
v 0.013576449826359749 1.661999999973923 -0.013576449826359749
v 0.016627687960863113 1.661999999973923 -0.009600000455975533
v 0.01854577660560608 1.661999999973923 -0.004969325847923756
v 0.019999999552965164 1.662800000011921 0
v 0.019318517297506332 1.662800000011921 0.00517638074234128
v 0.017320508137345314 1.662800000011921 0.009999999776482582
v 0.01414213515818119 1.662800000011921 0.01414213515818119
v 0.009999999776482582 1.662800000011921 0.017320508137345314
v 0.00517638074234128 1.662800000011921 0.019318517297506332
v 1.224646790546622e-18 1.662800000011921 0.019999999552965164
v -0.00517638074234128 1.662800000011921 0.019318517297506332
v -0.009999999776482582 1.662800000011921 0.017320508137345314
v -0.01414213515818119 1.662800000011921 0.01414213515818119
v -0.017320508137345314 1.662800000011921 0.009999999776482582
v -0.019318517297506332 1.662800000011921 0.00517638074234128
v -0.019999999552965164 1.662800000011921 2.449293581093244e-18
v -0.019318517297506332 1.662800000011921 -0.00517638074234128
v -0.017320508137345314 1.662800000011921 -0.009999999776482582
v -0.01414213515818119 1.662800000011921 -0.01414213515818119
v -0.009999999776482582 1.662800000011921 -0.017320508137345314
v -0.00517638074234128 1.662800000011921 -0.019318517297506332
v -3.673940475037442e-18 1.662800000011921 -0.019999999552965164
v 0.00517638074234128 1.662800000011921 -0.019318517297506332
v 0.009999999776482582 1.662800000011921 -0.017320508137345314
v 0.01414213515818119 1.662800000011921 -0.01414213515818119
v 0.017320508137345314 1.662800000011921 -0.009999999776482582
v 0.019318517297506332 1.662800000011921 -0.00517638074234128
v 0.019999999552965164 1.667199999988079 0
v 0.019318517297506332 1.667199999988079 0.00517638074234128
v 0.017320508137345314 1.667199999988079 0.009999999776482582
v 0.01414213515818119 1.667199999988079 0.01414213515818119
v 0.009999999776482582 1.667199999988079 0.017320508137345314
v 0.00517638074234128 1.667199999988079 0.019318517297506332
v 1.224646790546622e-18 1.667199999988079 0.019999999552965164
v -0.00517638074234128 1.667199999988079 0.019318517297506332
v -0.009999999776482582 1.667199999988079 0.017320508137345314
v -0.01414213515818119 1.667199999988079 0.01414213515818119
v -0.017320508137345314 1.667199999988079 0.009999999776482582
v -0.019318517297506332 1.667199999988079 0.00517638074234128
v -0.019999999552965164 1.667199999988079 2.449293581093244e-18
v -0.019318517297506332 1.667199999988079 -0.00517638074234128
v -0.017320508137345314 1.667199999988079 -0.009999999776482582
v -0.01414213515818119 1.667199999988079 -0.01414213515818119
v -0.009999999776482582 1.667199999988079 -0.017320508137345314
v -0.00517638074234128 1.667199999988079 -0.019318517297506332
v -3.673940475037442e-18 1.667199999988079 -0.019999999552965164
v 0.00517638074234128 1.667199999988079 -0.019318517297506332
v 0.009999999776482582 1.667199999988079 -0.017320508137345314
v 0.01414213515818119 1.667199999988079 -0.01414213515818119
v 0.017320508137345314 1.667199999988079 -0.009999999776482582
v 0.019318517297506332 1.667199999988079 -0.00517638074234128
v 0.019200000911951065 1.668000000026077 0
v 0.01854577660560608 1.668000000026077 0.004969325847923756
v 0.016627687960863113 1.668000000026077 0.009600000455975533
v 0.013576449826359749 1.668000000026077 0.013576449826359749
v 0.009600000455975533 1.668000000026077 0.016627687960863113
v 0.004969325847923756 1.668000000026077 0.01854577660560608
v 1.1756609478760785e-18 1.668000000026077 0.019200000911951065
v -0.004969325847923756 1.668000000026077 0.01854577660560608
v -0.009600000455975533 1.668000000026077 0.016627687960863113
v -0.013576449826359749 1.668000000026077 0.013576449826359749
v -0.016627687960863113 1.668000000026077 0.009600000455975533
v -0.01854577660560608 1.668000000026077 0.004969325847923756
v -0.019200000911951065 1.668000000026077 2.351321895752157e-18
v -0.01854577660560608 1.668000000026077 -0.004969325847923756
v -0.016627687960863113 1.668000000026077 -0.009600000455975533
v -0.013576449826359749 1.668000000026077 -0.013576449826359749
v -0.009600000455975533 1.668000000026077 -0.016627687960863113
v -0.004969325847923756 1.668000000026077 -0.01854577660560608
v -3.526982740230659e-18 1.668000000026077 -0.019200000911951065
v 0.004969325847923756 1.668000000026077 -0.01854577660560608
v 0.009600000455975533 1.668000000026077 -0.016627687960863113
v 0.013576449826359749 1.668000000026077 -0.013576449826359749
v 0.016627687960863113 1.668000000026077 -0.009600000455975533
v 0.01854577660560608 1.668000000026077 -0.004969325847923756
v 0.014499999582767487 1.668000000026077 0
v 0.014005924575030804 1.668000000026077 0.0037528760731220245
v 0.012557368725538254 1.668000000026077 0.007249999791383743
v 0.01025304850190878 1.668000000026077 0.01025304850190878
v 0.007249999791383743 1.668000000026077 0.012557368725538254
v 0.0037528760731220245 1.668000000026077 0.014005924575030804
v 8.878688895420885e-19 1.668000000026077 0.014499999582767487
v -0.0037528760731220245 1.668000000026077 0.014005924575030804
v -0.007249999791383743 1.668000000026077 0.012557368725538254
v -0.01025304850190878 1.668000000026077 0.01025304850190878
v -0.012557368725538254 1.668000000026077 0.007249999791383743
v -0.014005924575030804 1.668000000026077 0.0037528760731220245
v -0.014499999582767487 1.668000000026077 1.775737779084177e-18
v -0.014005924575030804 1.668000000026077 -0.0037528760731220245
v -0.012557368725538254 1.668000000026077 -0.007249999791383743
v -0.01025304850190878 1.668000000026077 -0.01025304850190878
v -0.007249999791383743 1.668000000026077 -0.012557368725538254
v -0.0037528760731220245 1.668000000026077 -0.014005924575030804
v -2.663606772023842e-18 1.668000000026077 -0.014499999582767487
v 0.0037528760731220245 1.668000000026077 -0.014005924575030804
v 0.007249999791383743 1.668000000026077 -0.012557368725538254
v 0.01025304850190878 1.668000000026077 -0.01025304850190878
v 0.012557368725538254 1.668000000026077 -0.007249999791383743
v 0.014005924575030804 1.668000000026077 -0.0037528760731220245
v 0.014000000432133675 1.6674999999441207 0
v 0.013522961176931858 1.6674999999441207 0.003623466705903411
v 0.012124355882406235 1.6674999999441207 0.007000000216066837
v 0.009899495169520378 1.6674999999441207 0.009899495169520378
v 0.007000000216066837 1.6674999999441207 0.012124355882406235
v 0.003623466705903411 1.6674999999441207 0.013522961176931858
v 8.57252763722393e-19 1.6674999999441207 0.014000000432133675
v -0.003623466705903411 1.6674999999441207 0.013522961176931858
v -0.007000000216066837 1.6674999999441207 0.012124355882406235
v -0.009899495169520378 1.6674999999441207 0.009899495169520378
v -0.012124355882406235 1.6674999999441207 0.007000000216066837
v -0.013522961176931858 1.6674999999441207 0.003623466705903411
v -0.014000000432133675 1.6674999999441207 1.714505527444786e-18
v -0.013522961176931858 1.6674999999441207 -0.003623466705903411
v -0.012124355882406235 1.6674999999441207 -0.007000000216066837
v -0.009899495169520378 1.6674999999441207 -0.009899495169520378
v -0.007000000216066837 1.6674999999441207 -0.012124355882406235
v -0.003623466705903411 1.6674999999441207 -0.013522961176931858
v -2.571758291167179e-18 1.6674999999441207 -0.014000000432133675
v 0.003623466705903411 1.6674999999441207 -0.013522961176931858
v 0.007000000216066837 1.6674999999441207 -0.012124355882406235
v 0.009899495169520378 1.6674999999441207 -0.009899495169520378
v 0.012124355882406235 1.6674999999441207 -0.007000000216066837
v 0.013522961176931858 1.6674999999441207 -0.003623466705903411
v 0.014000000432133675 1.6660000000474975 0
v 0.013522961176931858 1.6660000000474975 0.003623466705903411
v 0.012124355882406235 1.6660000000474975 0.007000000216066837
v 0.009899495169520378 1.6660000000474975 0.009899495169520378
v 0.007000000216066837 1.6660000000474975 0.012124355882406235
v 0.003623466705903411 1.6660000000474975 0.013522961176931858
v 8.57252763722393e-19 1.6660000000474975 0.014000000432133675
v -0.003623466705903411 1.6660000000474975 0.013522961176931858
v -0.007000000216066837 1.6660000000474975 0.012124355882406235
v -0.009899495169520378 1.6660000000474975 0.009899495169520378
v -0.012124355882406235 1.6660000000474975 0.007000000216066837
v -0.013522961176931858 1.6660000000474975 0.003623466705903411
v -0.014000000432133675 1.6660000000474975 1.714505527444786e-18
v -0.013522961176931858 1.6660000000474975 -0.003623466705903411
v -0.012124355882406235 1.6660000000474975 -0.007000000216066837
v -0.009899495169520378 1.6660000000474975 -0.009899495169520378
v -0.007000000216066837 1.6660000000474975 -0.012124355882406235
v -0.003623466705903411 1.6660000000474975 -0.013522961176931858
v -2.571758291167179e-18 1.6660000000474975 -0.014000000432133675
v 0.003623466705903411 1.6660000000474975 -0.013522961176931858
v 0.007000000216066837 1.6660000000474975 -0.012124355882406235
v 0.009899495169520378 1.6660000000474975 -0.009899495169520378
v 0.012124355882406235 1.6660000000474975 -0.007000000216066837
v 0.013522961176931858 1.6660000000474975 -0.003623466705903411
v 0.014999999664723873 1.6660000000474975 0
v 0.014488887041807175 1.6660000000474975 0.003882285673171282
v 0.012990380637347698 1.6660000000474975 0.007499999832361937
v 0.01060660183429718 1.6660000000474975 0.01060660183429718
v 0.007499999832361937 1.6660000000474975 0.012990380637347698
v 0.003882285673171282 1.6660000000474975 0.014488887041807175
v 9.184851187593606e-19 1.6660000000474975 0.014999999664723873
v -0.003882285673171282 1.6660000000474975 0.014488887041807175
v -0.007499999832361937 1.6660000000474975 0.012990380637347698
v -0.01060660183429718 1.6660000000474975 0.01060660183429718
v -0.012990380637347698 1.6660000000474975 0.007499999832361937
v -0.014488887041807175 1.6660000000474975 0.003882285673171282
v -0.014999999664723873 1.6660000000474975 1.836970237518721e-18
v -0.014488887041807175 1.6660000000474975 -0.003882285673171282
v -0.012990380637347698 1.6660000000474975 -0.007499999832361937
v -0.01060660183429718 1.6660000000474975 -0.01060660183429718
v -0.007499999832361937 1.6660000000474975 -0.012990380637347698
v -0.003882285673171282 1.6660000000474975 -0.014488887041807175
v -2.755455252880505e-18 1.6660000000474975 -0.014999999664723873
v 0.003882285673171282 1.6660000000474975 -0.014488887041807175
v 0.007499999832361937 1.6660000000474975 -0.012990380637347698
v 0.01060660183429718 1.6660000000474975 -0.01060660183429718
v 0.012990380637347698 1.6660000000474975 -0.007499999832361937
v 0.014488887041807175 1.6660000000474975 -0.003882285673171282
v 0.014999999664723873 1.6639999999525026 0
v 0.014488887041807175 1.6639999999525026 0.003882285673171282
v 0.012990380637347698 1.6639999999525026 0.007499999832361937
v 0.01060660183429718 1.6639999999525026 0.01060660183429718
v 0.007499999832361937 1.6639999999525026 0.012990380637347698
v 0.003882285673171282 1.6639999999525026 0.014488887041807175
v 9.184851187593606e-19 1.6639999999525026 0.014999999664723873
v -0.003882285673171282 1.6639999999525026 0.014488887041807175
v -0.007499999832361937 1.6639999999525026 0.012990380637347698
v -0.01060660183429718 1.6639999999525026 0.01060660183429718
v -0.012990380637347698 1.6639999999525026 0.007499999832361937
v -0.014488887041807175 1.6639999999525026 0.003882285673171282
v -0.014999999664723873 1.6639999999525026 1.836970237518721e-18
v -0.014488887041807175 1.6639999999525026 -0.003882285673171282
v -0.012990380637347698 1.6639999999525026 -0.007499999832361937
v -0.01060660183429718 1.6639999999525026 -0.01060660183429718
v -0.007499999832361937 1.6639999999525026 -0.012990380637347698
v -0.003882285673171282 1.6639999999525026 -0.014488887041807175
v -2.755455252880505e-18 1.6639999999525026 -0.014999999664723873
v 0.003882285673171282 1.6639999999525026 -0.014488887041807175
v 0.007499999832361937 1.6639999999525026 -0.012990380637347698
v 0.01060660183429718 1.6639999999525026 -0.01060660183429718
v 0.012990380637347698 1.6639999999525026 -0.007499999832361937
v 0.014488887041807175 1.6639999999525026 -0.003882285673171282
v 0.014000000432133675 1.6639999999525026 0
v 0.013522961176931858 1.6639999999525026 0.003623466705903411
v 0.012124355882406235 1.6639999999525026 0.007000000216066837
v 0.009899495169520378 1.6639999999525026 0.009899495169520378
v 0.007000000216066837 1.6639999999525026 0.012124355882406235
v 0.003623466705903411 1.6639999999525026 0.013522961176931858
v 8.57252763722393e-19 1.6639999999525026 0.014000000432133675
v -0.003623466705903411 1.6639999999525026 0.013522961176931858
v -0.007000000216066837 1.6639999999525026 0.012124355882406235
v -0.009899495169520378 1.6639999999525026 0.009899495169520378
v -0.012124355882406235 1.6639999999525026 0.007000000216066837
v -0.013522961176931858 1.6639999999525026 0.003623466705903411
v -0.014000000432133675 1.6639999999525026 1.714505527444786e-18
v -0.013522961176931858 1.6639999999525026 -0.003623466705903411
v -0.012124355882406235 1.6639999999525026 -0.007000000216066837
v -0.009899495169520378 1.6639999999525026 -0.009899495169520378
v -0.007000000216066837 1.6639999999525026 -0.012124355882406235
v -0.003623466705903411 1.6639999999525026 -0.013522961176931858
v -2.571758291167179e-18 1.6639999999525026 -0.014000000432133675
v 0.003623466705903411 1.6639999999525026 -0.013522961176931858
v 0.007000000216066837 1.6639999999525026 -0.012124355882406235
v 0.009899495169520378 1.6639999999525026 -0.009899495169520378
v 0.012124355882406235 1.6639999999525026 -0.007000000216066837
v 0.013522961176931858 1.6639999999525026 -0.003623466705903411
vn -0.9694223403930664 -0.24451281130313873 -0.020829372107982635
vn -0.9309989809989929 -0.24451303482055664 -0.2710244655609131
vn -0.8291296362876892 -0.24451307952404022 -0.5027498006820679
vn -0.6707565188407898 -0.24451297521591187 -0.700213611125946
vn -0.4666723608970642 -0.24451299011707306 -0.8499590158462524
vn -0.23078542947769165 -0.244513139128685 -0.9417809844017029
vn 0.020829373970627785 -0.24451285600662231 -0.9694222807884216
vn 0.2710244655609131 -0.24451303482055664 -0.9309989809989929
vn 0.5027498006820679 -0.24451307952404022 -0.8291296362876892
vn 0.700213611125946 -0.24451297521591187 -0.6707565188407898
vn 0.8499590158462524 -0.24451299011707306 -0.4666723608970642
vn 0.9417809844017029 -0.244513139128685 -0.23078542947769165
vn 0.9694222807884216 -0.24451285600662231 0.020829373970627785
vn 0.9309989809989929 -0.24451303482055664 0.2710244655609131
vn 0.8291296362876892 -0.24451307952404022 0.5027498006820679
vn 0.6707565188407898 -0.24451297521591187 0.700213611125946
vn 0.4666723608970642 -0.24451299011707306 0.8499590158462524
vn 0.23078542947769165 -0.244513139128685 0.9417809844017029
vn -0.020829373970627785 -0.24451285600662231 0.9694222807884216
vn -0.2710244655609131 -0.24451303482055664 0.9309989809989929
vn -0.5027498006820679 -0.24451307952404022 0.8291296362876892
vn -0.700213611125946 -0.24451297521591187 0.6707565188407898
vn -0.8499590158462524 -0.24451299011707306 0.4666723608970642
vn -0.9417809844017029 -0.244513139128685 0.23078542947769165
vn -0.08635517954826355 -0.9962575435638428 -0.0037015005946159363
vn -0.08245466649532318 -0.9962575435638428 -0.02592572011053562
vn -0.07293502986431122 -0.9962575435638428 -0.046383172273635864
vn -0.05844499543309212 -0.9962575435638428 -0.06367970257997513
vn -0.03997199982404709 -0.9962575435638428 -0.07663653790950775
vn -0.01877499558031559 -0.9962575435638428 -0.08437070995569229
vn 0.0037015005946159363 -0.9962575435638428 -0.08635517954826355
vn 0.02592572011053562 -0.9962575435638428 -0.08245466649532318
vn 0.046383172273635864 -0.9962575435638428 -0.07293502986431122
vn 0.06367970257997513 -0.9962575435638428 -0.05844499543309212
vn 0.07663653790950775 -0.9962575435638428 -0.03997199982404709
vn 0.08437070995569229 -0.9962575435638428 -0.01877499558031559
vn 0.08635517954826355 -0.9962575435638428 0.0037015005946159363
vn 0.08245466649532318 -0.9962575435638428 0.02592572011053562
vn 0.07293502986431122 -0.9962575435638428 0.046383172273635864
vn 0.05844499543309212 -0.9962575435638428 0.06367970257997513
vn 0.03997199982404709 -0.9962575435638428 0.07663653790950775
vn 0.01877499558031559 -0.9962575435638428 0.08437070995569229
vn -0.0037015005946159363 -0.9962575435638428 0.08635517954826355
vn -0.02592572011053562 -0.9962575435638428 0.08245466649532318
vn -0.046383172273635864 -0.9962575435638428 0.07293502986431122
vn -0.06367970257997513 -0.9962575435638428 0.05844499543309212
vn -0.07663653790950775 -0.9962575435638428 0.03997199982404709
vn -0.08437070995569229 -0.9962575435638428 0.01877499558031559
vn 0.1562386304140091 -0.9876942038536072 -0.007044236175715923
vn 0.15273810923099518 -0.9876942038536072 0.03363330662250519
vn 0.13882873952388763 -0.9876942038536072 0.07201883941888809
vn 0.11545844376087189 -0.9876942038536072 0.1054963693022728
vn 0.08421982079744339 -0.9876942038536072 0.13178448379039764
vn 0.047241758555173874 -0.9876942038536072 0.1490917056798935
vn 0.007044235710054636 -0.9876942038536072 0.1562386006116867
vn -0.03363330662250519 -0.9876942038536072 0.15273810923099518
vn -0.07201883941888809 -0.9876942038536072 0.13882873952388763
vn -0.1054963693022728 -0.9876942038536072 0.11545844376087189
vn -0.13178448379039764 -0.9876942038536072 0.08421982079744339
vn -0.1490917056798935 -0.9876942038536072 0.047241758555173874
vn -0.1562386006116867 -0.9876942038536072 0.007044235710054636
vn -0.15273810923099518 -0.9876942038536072 -0.03363330662250519
vn -0.13882873952388763 -0.9876942038536072 -0.07201883941888809
vn -0.11545844376087189 -0.9876942038536072 -0.1054963693022728
vn -0.08421982079744339 -0.9876942038536072 -0.13178448379039764
vn -0.047241758555173874 -0.9876942038536072 -0.1490917056798935
vn -0.007044235710054636 -0.9876942038536072 -0.1562386006116867
vn 0.03363330662250519 -0.9876942038536072 -0.15273810923099518
vn 0.07201883941888809 -0.9876942038536072 -0.13882873952388763
vn 0.1054963693022728 -0.9876942038536072 -0.11545844376087189
vn 0.13178448379039764 -0.9876942038536072 -0.08421982079744339
vn 0.1490917056798935 -0.9876942038536072 -0.047241758555173874
vn 0.988173246383667 -0.1503077894449234 -0.03035108931362629
vn 0.9623575210571289 -0.15030793845653534 0.22644101083278656
vn 0.8709586262702942 -0.15030789375305176 0.46780186891555786
vn 0.7202054858207703 -0.15030789375305176 0.6772825121879578
vn 0.5203715562820435 -0.15030787885189056 0.8406075239181519
vn 0.28507503867149353 -0.15030787885189056 0.9466465711593628
vn 0.03035108558833599 -0.1503077894449234 0.988173246383667
vn -0.22644101083278656 -0.15030793845653534 0.9623575210571289
vn -0.46780186891555786 -0.15030789375305176 0.8709586262702942
vn -0.6772825121879578 -0.15030789375305176 0.7202054858207703
vn -0.8406075239181519 -0.15030787885189056 0.5203715562820435
vn -0.9466465711593628 -0.15030787885189056 0.28507503867149353
vn -0.988173246383667 -0.1503077894449234 0.03035108558833599
vn -0.9623575210571289 -0.15030793845653534 -0.22644101083278656
vn -0.8709586262702942 -0.15030789375305176 -0.46780186891555786
vn -0.7202054858207703 -0.15030789375305176 -0.6772825121879578
vn -0.5203715562820435 -0.15030787885189056 -0.8406075239181519
vn -0.28507503867149353 -0.15030787885189056 -0.9466465711593628
vn -0.03035108558833599 -0.1503077894449234 -0.988173246383667
vn 0.22644101083278656 -0.15030793845653534 -0.9623575210571289
vn 0.46780186891555786 -0.15030789375305176 -0.8709586262702942
vn 0.6772825121879578 -0.15030789375305176 -0.7202054858207703
vn 0.8406075239181519 -0.15030787885189056 -0.5203715562820435
vn 0.9466465711593628 -0.15030787885189056 -0.28507503867149353
vn 0.988173246383667 0.1503077894449234 0.03035108931362629
vn 0.9466465711593628 0.15030784904956818 0.28507503867149353
vn 0.8406075239181519 0.15030789375305176 0.5203715562820435
vn 0.6772825121879578 0.15030789375305176 0.7202054858207703
vn 0.4678018391132355 0.15030787885189056 0.870958685874939
vn 0.22644101083278656 0.15030793845653534 0.9623575210571289
vn -0.03035108931362629 0.1503077894449234 0.988173246383667
vn -0.28507503867149353 0.15030784904956818 0.9466465711593628
vn -0.5203715562820435 0.15030789375305176 0.8406075239181519
vn -0.7202054858207703 0.15030789375305176 0.6772825121879578
vn -0.870958685874939 0.15030787885189056 0.4678018391132355
vn -0.9623575210571289 0.15030793845653534 0.22644101083278656
vn -0.988173246383667 0.1503077894449234 -0.03035108931362629
vn -0.9466465711593628 0.15030784904956818 -0.28507503867149353
vn -0.8406075239181519 0.15030789375305176 -0.5203715562820435
vn -0.6772825121879578 0.15030789375305176 -0.7202054858207703
vn -0.4678018391132355 0.15030787885189056 -0.870958685874939
vn -0.22644101083278656 0.15030793845653534 -0.9623575210571289
vn 0.03035108931362629 0.1503077894449234 -0.988173246383667
vn 0.28507503867149353 0.15030784904956818 -0.9466465711593628
vn 0.5203715562820435 0.15030789375305176 -0.8406075239181519
vn 0.7202054858207703 0.15030789375305176 -0.6772825121879578
vn 0.870958685874939 0.15030787885189056 -0.4678018391132355
vn 0.9623575210571289 0.15030793845653534 -0.22644101083278656
vn 0.1562386006116867 0.9876942038536072 0.007044235710054636
vn 0.1490917205810547 0.9876942038536072 0.047241758555173874
vn 0.13178448379039764 0.9876942038536072 0.08421982079744339
vn 0.1054963693022728 0.9876942038536072 0.11545844376087189
vn 0.0720188319683075 0.9876942038536072 0.13882873952388763
vn 0.03363330289721489 0.9876942038536072 0.15273809432983398
vn -0.007044235710054636 0.9876942038536072 0.1562386006116867
vn -0.047241758555173874 0.9876942038536072 0.1490917205810547
vn -0.08421982079744339 0.9876942038536072 0.13178448379039764
vn -0.11545844376087189 0.9876942038536072 0.1054963693022728
vn -0.13882873952388763 0.9876942038536072 0.0720188319683075
vn -0.15273809432983398 0.9876942038536072 0.03363330289721489
vn -0.1562386006116867 0.9876942038536072 -0.007044235710054636
vn -0.1490917205810547 0.9876942038536072 -0.047241758555173874
vn -0.13178448379039764 0.9876942038536072 -0.08421982079744339
vn -0.1054963693022728 0.9876942038536072 -0.11545844376087189
vn -0.0720188319683075 0.9876942038536072 -0.13882873952388763
vn -0.03363330289721489 0.9876942038536072 -0.15273809432983398
vn 0.007044235710054636 0.9876942038536072 -0.1562386006116867
vn 0.047241758555173874 0.9876942038536072 -0.1490917205810547
vn 0.08421982079744339 0.9876942038536072 -0.13178448379039764
vn 0.11545844376087189 0.9876942038536072 -0.1054963693022728
vn 0.13882873952388763 0.9876942038536072 -0.0720188319683075
vn 0.15273809432983398 0.9876942038536072 -0.03363330289721489
vn -0.08635517954826355 0.9962575435638428 0.0037015010602772236
vn -0.08437070995569229 0.9962575435638428 -0.01877499744296074
vn -0.07663653790950775 0.9962575435638428 -0.03997199982404709
vn -0.06367969512939453 0.9962575435638428 -0.05844499170780182
vn -0.04638317599892616 0.9962575435638428 -0.07293502986431122
vn -0.025925718247890472 0.9962575435638428 -0.08245466649532318
vn -0.0037015005946159363 0.9962575435638428 -0.08635517954826355
vn 0.01877499744296074 0.9962575435638428 -0.08437070995569229
vn 0.03997199982404709 0.9962575435638428 -0.07663653790950775
vn 0.05844499170780182 0.9962575435638428 -0.06367969512939453
vn 0.07293502986431122 0.9962575435638428 -0.04638317599892616
vn 0.08245466649532318 0.9962575435638428 -0.025925718247890472
vn 0.08635517954826355 0.9962575435638428 -0.0037015005946159363
vn 0.08437070995569229 0.9962575435638428 0.01877499744296074
vn 0.07663653790950775 0.9962575435638428 0.03997199982404709
vn 0.06367969512939453 0.9962575435638428 0.05844499170780182
vn 0.04638317599892616 0.9962575435638428 0.07293502986431122
vn 0.025925718247890472 0.9962575435638428 0.08245466649532318
vn 0.0037015005946159363 0.9962575435638428 0.08635517954826355
vn -0.01877499744296074 0.9962575435638428 0.08437070995569229
vn -0.03997199982404709 0.9962575435638428 0.07663653790950775
vn -0.05844499170780182 0.9962575435638428 0.06367969512939453
vn -0.07293502986431122 0.9962575435638428 0.04638317599892616
vn -0.08245466649532318 0.9962575435638428 0.025925718247890472
vn -0.9694222807884216 0.24451285600662231 0.020829373970627785
vn -0.9417809844017029 0.2445131540298462 -0.23078544437885284
vn -0.8499590158462524 0.24451301991939545 -0.4666723608970642
vn -0.700213611125946 0.24451297521591187 -0.6707565188407898
vn -0.5027498006820679 0.24451307952404022 -0.8291296362876892
vn -0.2710244655609131 0.24451303482055664 -0.9309989809989929
vn -0.020829373970627785 0.24451285600662231 -0.9694222807884216
vn 0.23078544437885284 0.2445131540298462 -0.9417809844017029
vn 0.4666723608970642 0.24451301991939545 -0.8499590158462524
vn 0.6707565188407898 0.24451297521591187 -0.700213611125946
vn 0.8291296362876892 0.24451307952404022 -0.5027498006820679
vn 0.9309989809989929 0.24451303482055664 -0.2710244655609131
vn 0.9694222807884216 0.24451285600662231 -0.020829373970627785
vn 0.9417809844017029 0.2445131540298462 0.23078544437885284
vn 0.8499590158462524 0.24451301991939545 0.4666723608970642
vn 0.700213611125946 0.24451297521591187 0.6707565188407898
vn 0.5027498006820679 0.24451307952404022 0.8291296362876892
vn 0.2710244655609131 0.24451303482055664 0.9309989809989929
vn 0.020829373970627785 0.24451285600662231 0.9694222807884216
vn -0.23078544437885284 0.2445131540298462 0.9417809844017029
vn -0.4666723608970642 0.24451301991939545 0.8499590158462524
vn -0.6707565188407898 0.24451297521591187 0.700213611125946
vn -0.8291296362876892 0.24451307952404022 0.5027498006820679
vn -0.9309989809989929 0.24451303482055664 0.2710244655609131
vn -0.8254079818725586 -0.5633734464645386 -0.03622240200638771
vn -0.7879077792167664 -0.5633735656738281 -0.24861934781074524
vn -0.6967131495475769 -0.5633734464645386 -0.4440734088420868
vn -0.5580385327339172 -0.5633735060691833 -0.6092645525932312
vn -0.38133442401885986 -0.5633733868598938 -0.7329354882240295
vn -0.17864325642585754 -0.5633735060691833 -0.8066578507423401
vn 0.03622240200638771 -0.5633734464645386 -0.8254079818725586
vn 0.24861934781074524 -0.5633735656738281 -0.7879077792167664
vn 0.4440734088420868 -0.5633734464645386 -0.6967131495475769
vn 0.6092645525932312 -0.5633735060691833 -0.5580385327339172
vn 0.7329354882240295 -0.5633733868598938 -0.38133442401885986
vn 0.8066578507423401 -0.5633735060691833 -0.17864325642585754
vn 0.8254079818725586 -0.5633734464645386 0.03622240200638771
vn 0.7879077792167664 -0.5633735656738281 0.24861934781074524
vn 0.6967131495475769 -0.5633734464645386 0.4440734088420868
vn 0.5580385327339172 -0.5633735060691833 0.6092645525932312
vn 0.38133442401885986 -0.5633733868598938 0.7329354882240295
vn 0.17864325642585754 -0.5633735060691833 0.8066578507423401
vn -0.03622240200638771 -0.5633734464645386 0.8254079818725586
vn -0.24861934781074524 -0.5633735656738281 0.7879077792167664
vn -0.4440734088420868 -0.5633734464645386 0.6967131495475769
vn -0.6092645525932312 -0.5633735060691833 0.5580385327339172
vn -0.7329354882240295 -0.5633733868598938 0.38133442401885986
vn -0.8066578507423401 -0.5633735060691833 0.17864325642585754
vn -0.8976870775222778 -0.43886899948120117 0.03939425200223923
vn -0.8772950768470764 -0.43886908888816833 -0.19428659975528717
vn -0.7971169352531433 -0.43886899948120117 -0.4147270917892456
vn -0.6626165509223938 -0.43886902928352356 -0.6069046854972839
vn -0.48295992612838745 -0.43886899948120117 -0.7577227354049683
vn -0.27039045095443726 -0.4388691186904907 -0.856903076171875
vn -0.03939425200223923 -0.43886899948120117 -0.8976870775222778
vn 0.19428659975528717 -0.43886908888816833 -0.8772950768470764
vn 0.4147270917892456 -0.43886899948120117 -0.7971169352531433
vn 0.6069046854972839 -0.43886902928352356 -0.6626165509223938
vn 0.7577227354049683 -0.43886899948120117 -0.48295992612838745
vn 0.856903076171875 -0.4388691186904907 -0.27039045095443726
vn 0.8976870775222778 -0.43886899948120117 -0.03939425200223923
vn 0.8772950768470764 -0.43886908888816833 0.19428659975528717
vn 0.7971169352531433 -0.43886899948120117 0.4147270917892456
vn 0.6626165509223938 -0.43886902928352356 0.6069046854972839
vn 0.48295992612838745 -0.43886899948120117 0.7577227354049683
vn 0.27039045095443726 -0.4388691186904907 0.856903076171875
vn 0.03939425200223923 -0.43886899948120117 0.8976870775222778
vn -0.19428659975528717 -0.43886908888816833 0.8772950768470764
vn -0.4147270917892456 -0.43886899948120117 0.7971169352531433
vn -0.6069046854972839 -0.43886902928352356 0.6626165509223938
vn -0.7577227354049683 -0.43886899948120117 0.48295992612838745
vn -0.856903076171875 -0.4388691186904907 0.27039045095443726
vn -0.8976870775222778 0.43886899948120117 -0.03939425200223923
vn -0.856903076171875 0.4388691186904907 -0.27039045095443726
vn -0.7577227354049683 0.43886899948120117 -0.48295989632606506
vn -0.6069046854972839 0.43886902928352356 -0.6626165509223938
vn -0.414727121591568 0.4388689696788788 -0.7971169352531433
vn -0.19428658485412598 0.43886908888816833 -0.8772950768470764
vn 0.03939425200223923 0.43886899948120117 -0.8976870775222778
vn 0.27039045095443726 0.4388691186904907 -0.856903076171875
vn 0.48295989632606506 0.43886899948120117 -0.7577227354049683
vn 0.6626165509223938 0.43886902928352356 -0.6069046854972839
vn 0.7971169352531433 0.4388689696788788 -0.414727121591568
vn 0.8772950768470764 0.43886908888816833 -0.19428658485412598
vn 0.8976870775222778 0.43886899948120117 0.03939425200223923
vn 0.856903076171875 0.4388691186904907 0.27039045095443726
vn 0.7577227354049683 0.43886899948120117 0.48295989632606506
vn 0.6069046854972839 0.43886902928352356 0.6626165509223938
vn 0.414727121591568 0.4388689696788788 0.7971169352531433
vn 0.19428658485412598 0.43886908888816833 0.8772950768470764
vn -0.03939425200223923 0.43886899948120117 0.8976870775222778
vn -0.27039045095443726 0.4388691186904907 0.856903076171875
vn -0.48295989632606506 0.43886899948120117 0.7577227354049683
vn -0.6626165509223938 0.43886902928352356 0.6069046854972839
vn -0.7971169352531433 0.4388689696788788 0.414727121591568
vn -0.8772950768470764 0.43886908888816833 0.19428658485412598
vn -0.8254079818725586 0.5633734464645386 0.03622240200638771
vn -0.8066578507423401 0.5633735060691833 -0.17864325642585754
vn -0.7329354882240295 0.5633734464645386 -0.38133442401885986
vn -0.609264612197876 0.5633735060691833 -0.5580384731292725
vn -0.4440734088420868 0.5633734464645386 -0.6967131495475769
vn -0.24861934781074524 0.5633735656738281 -0.7879077792167664
vn -0.03622240200638771 0.5633734464645386 -0.8254079818725586
vn 0.17864325642585754 0.5633735060691833 -0.8066578507423401
vn 0.38133442401885986 0.5633734464645386 -0.7329354882240295
vn 0.5580384731292725 0.5633735060691833 -0.609264612197876
vn 0.6967131495475769 0.5633734464645386 -0.4440734088420868
vn 0.7879077792167664 0.5633735656738281 -0.24861934781074524
vn 0.8254079818725586 0.5633734464645386 -0.03622240200638771
vn 0.8066578507423401 0.5633735060691833 0.17864325642585754
vn 0.7329354882240295 0.5633734464645386 0.38133442401885986
vn 0.609264612197876 0.5633735060691833 0.5580384731292725
vn 0.4440734088420868 0.5633734464645386 0.6967131495475769
vn 0.24861934781074524 0.5633735656738281 0.7879077792167664
vn 0.03622240200638771 0.5633734464645386 0.8254079818725586
vn -0.17864325642585754 0.5633735060691833 0.8066578507423401
vn -0.38133442401885986 0.5633734464645386 0.7329354882240295
vn -0.5580384731292725 0.5633735060691833 0.609264612197876
vn -0.6967131495475769 0.5633734464645386 0.4440734088420868
vn -0.7879077792167664 0.5633735656738281 0.24861934781074524
f 1//1 25//25 2//2
f 2//2 25//25 26//26
f 2//2 26//26 3//3
f 3//3 26//26 27//27
f 3//3 27//27 4//4
f 4//4 27//27 28//28
f 4//4 28//28 5//5
f 5//5 28//28 29//29
f 5//5 29//29 6//6
f 6//6 29//29 30//30
f 6//6 30//30 7//7
f 7//7 30//30 31//31
f 7//7 31//31 8//8
f 8//8 31//31 32//32
f 8//8 32//32 9//9
f 9//9 32//32 33//33
f 9//9 33//33 10//10
f 10//10 33//33 34//34
f 10//10 34//34 11//11
f 11//11 34//34 35//35
f 11//11 35//35 12//12
f 12//12 35//35 36//36
f 12//12 36//36 13//13
f 13//13 36//36 37//37
f 13//13 37//37 14//14
f 14//14 37//37 38//38
f 14//14 38//38 15//15
f 15//15 38//38 39//39
f 15//15 39//39 16//16
f 16//16 39//39 40//40
f 16//16 40//40 17//17
f 17//17 40//40 41//41
f 17//17 41//41 18//18
f 18//18 41//41 42//42
f 18//18 42//42 19//19
f 19//19 42//42 43//43
f 19//19 43//43 20//20
f 20//20 43//43 44//44
f 20//20 44//44 21//21
f 21//21 44//44 45//45
f 21//21 45//45 22//22
f 22//22 45//45 46//46
f 22//22 46//46 23//23
f 23//23 46//46 47//47
f 23//23 47//47 24//24
f 24//24 47//47 48//48
f 24//24 48//48 1//1
f 1//1 48//48 25//25
f 25//25 49//49 26//26
f 26//26 49//49 50//50
f 26//26 50//50 27//27
f 27//27 50//50 51//51
f 27//27 51//51 28//28
f 28//28 51//51 52//52
f 28//28 52//52 29//29
f 29//29 52//52 53//53
f 29//29 53//53 30//30
f 30//30 53//53 54//54
f 30//30 54//54 31//31
f 31//31 54//54 55//55
f 31//31 55//55 32//32
f 32//32 55//55 56//56
f 32//32 56//56 33//33
f 33//33 56//56 57//57
f 33//33 57//57 34//34
f 34//34 57//57 58//58
f 34//34 58//58 35//35
f 35//35 58//58 59//59
f 35//35 59//59 36//36
f 36//36 59//59 60//60
f 36//36 60//60 37//37
f 37//37 60//60 61//61
f 37//37 61//61 38//38
f 38//38 61//61 62//62
f 38//38 62//62 39//39
f 39//39 62//62 63//63
f 39//39 63//63 40//40
f 40//40 63//63 64//64
f 40//40 64//64 41//41
f 41//41 64//64 65//65
f 41//41 65//65 42//42
f 42//42 65//65 66//66
f 42//42 66//66 43//43
f 43//43 66//66 67//67
f 43//43 67//67 44//44
f 44//44 67//67 68//68
f 44//44 68//68 45//45
f 45//45 68//68 69//69
f 45//45 69//69 46//46
f 46//46 69//69 70//70
f 46//46 70//70 47//47
f 47//47 70//70 71//71
f 47//47 71//71 48//48
f 48//48 71//71 72//72
f 48//48 72//72 25//25
f 25//25 72//72 49//49
f 49//49 73//73 50//50
f 50//50 73//73 74//74
f 50//50 74//74 51//51
f 51//51 74//74 75//75
f 51//51 75//75 52//52
f 52//52 75//75 76//76
f 52//52 76//76 53//53
f 53//53 76//76 77//77
f 53//53 77//77 54//54
f 54//54 77//77 78//78
f 54//54 78//78 55//55
f 55//55 78//78 79//79
f 55//55 79//79 56//56
f 56//56 79//79 80//80
f 56//56 80//80 57//57
f 57//57 80//80 81//81
f 57//57 81//81 58//58
f 58//58 81//81 82//82
f 58//58 82//82 59//59
f 59//59 82//82 83//83
f 59//59 83//83 60//60
f 60//60 83//83 84//84
f 60//60 84//84 61//61
f 61//61 84//84 85//85
f 61//61 85//85 62//62
f 62//62 85//85 86//86
f 62//62 86//86 63//63
f 63//63 86//86 87//87
f 63//63 87//87 64//64
f 64//64 87//87 88//88
f 64//64 88//88 65//65
f 65//65 88//88 89//89
f 65//65 89//89 66//66
f 66//66 89//89 90//90
f 66//66 90//90 67//67
f 67//67 90//90 91//91
f 67//67 91//91 68//68
f 68//68 91//91 92//92
f 68//68 92//92 69//69
f 69//69 92//92 93//93
f 69//69 93//93 70//70
f 70//70 93//93 94//94
f 70//70 94//94 71//71
f 71//71 94//94 95//95
f 71//71 95//95 72//72
f 72//72 95//95 96//96
f 72//72 96//96 49//49
f 49//49 96//96 73//73
f 73//73 97//97 74//74
f 74//74 97//97 98//98
f 74//74 98//98 75//75
f 75//75 98//98 99//99
f 75//75 99//99 76//76
f 76//76 99//99 100//100
f 76//76 100//100 77//77
f 77//77 100//100 101//101
f 77//77 101//101 78//78
f 78//78 101//101 102//102
f 78//78 102//102 79//79
f 79//79 102//102 103//103
f 79//79 103//103 80//80
f 80//80 103//103 104//104
f 80//80 104//104 81//81
f 81//81 104//104 105//105
f 81//81 105//105 82//82
f 82//82 105//105 106//106
f 82//82 106//106 83//83
f 83//83 106//106 107//107
f 83//83 107//107 84//84
f 84//84 107//107 108//108
f 84//84 108//108 85//85
f 85//85 108//108 109//109
f 85//85 109//109 86//86
f 86//86 109//109 110//110
f 86//86 110//110 87//87
f 87//87 110//110 111//111
f 87//87 111//111 88//88
f 88//88 111//111 112//112
f 88//88 112//112 89//89
f 89//89 112//112 113//113
f 89//89 113//113 90//90
f 90//90 113//113 114//114
f 90//90 114//114 91//91
f 91//91 114//114 115//115
f 91//91 115//115 92//92
f 92//92 115//115 116//116
f 92//92 116//116 93//93
f 93//93 116//116 117//117
f 93//93 117//117 94//94
f 94//94 117//117 118//118
f 94//94 118//118 95//95
f 95//95 118//118 119//119
f 95//95 119//119 96//96
f 96//96 119//119 120//120
f 96//96 120//120 73//73
f 73//73 120//120 97//97
f 97//97 121//121 98//98
f 98//98 121//121 122//122
f 98//98 122//122 99//99
f 99//99 122//122 123//123
f 99//99 123//123 100//100
f 100//100 123//123 124//124
f 100//100 124//124 101//101
f 101//101 124//124 125//125
f 101//101 125//125 102//102
f 102//102 125//125 126//126
f 102//102 126//126 103//103
f 103//103 126//126 127//127
f 103//103 127//127 104//104
f 104//104 127//127 128//128
f 104//104 128//128 105//105
f 105//105 128//128 129//129
f 105//105 129//129 106//106
f 106//106 129//129 130//130
f 106//106 130//130 107//107
f 107//107 130//130 131//131
f 107//107 131//131 108//108
f 108//108 131//131 132//132
f 108//108 132//132 109//109
f 109//109 132//132 133//133
f 109//109 133//133 110//110
f 110//110 133//133 134//134
f 110//110 134//134 111//111
f 111//111 134//134 135//135
f 111//111 135//135 112//112
f 112//112 135//135 136//136
f 112//112 136//136 113//113
f 113//113 136//136 137//137
f 113//113 137//137 114//114
f 114//114 137//137 138//138
f 114//114 138//138 115//115
f 115//115 138//138 139//139
f 115//115 139//139 116//116
f 116//116 139//139 140//140
f 116//116 140//140 117//117
f 117//117 140//140 141//141
f 117//117 141//141 118//118
f 118//118 141//141 142//142
f 118//118 142//142 119//119
f 119//119 142//142 143//143
f 119//119 143//143 120//120
f 120//120 143//143 144//144
f 120//120 144//144 97//97
f 97//97 144//144 121//121
f 121//121 145//145 122//122
f 122//122 145//145 146//146
f 122//122 146//146 123//123
f 123//123 146//146 147//147
f 123//123 147//147 124//124
f 124//124 147//147 148//148
f 124//124 148//148 125//125
f 125//125 148//148 149//149
f 125//125 149//149 126//126
f 126//126 149//149 150//150
f 126//126 150//150 127//127
f 127//127 150//150 151//151
f 127//127 151//151 128//128
f 128//128 151//151 152//152
f 128//128 152//152 129//129
f 129//129 152//152 153//153
f 129//129 153//153 130//130
f 130//130 153//153 154//154
f 130//130 154//154 131//131
f 131//131 154//154 155//155
f 131//131 155//155 132//132
f 132//132 155//155 156//156
f 132//132 156//156 133//133
f 133//133 156//156 157//157
f 133//133 157//157 134//134
f 134//134 157//157 158//158
f 134//134 158//158 135//135
f 135//135 158//158 159//159
f 135//135 159//159 136//136
f 136//136 159//159 160//160
f 136//136 160//160 137//137
f 137//137 160//160 161//161
f 137//137 161//161 138//138
f 138//138 161//161 162//162
f 138//138 162//162 139//139
f 139//139 162//162 163//163
f 139//139 163//163 140//140
f 140//140 163//163 164//164
f 140//140 164//164 141//141
f 141//141 164//164 165//165
f 141//141 165//165 142//142
f 142//142 165//165 166//166
f 142//142 166//166 143//143
f 143//143 166//166 167//167
f 143//143 167//167 144//144
f 144//144 167//167 168//168
f 144//144 168//168 121//121
f 121//121 168//168 145//145
f 145//145 169//169 146//146
f 146//146 169//169 170//170
f 146//146 170//170 147//147
f 147//147 170//170 171//171
f 147//147 171//171 148//148
f 148//148 171//171 172//172
f 148//148 172//172 149//149
f 149//149 172//172 173//173
f 149//149 173//173 150//150
f 150//150 173//173 174//174
f 150//150 174//174 151//151
f 151//151 174//174 175//175
f 151//151 175//175 152//152
f 152//152 175//175 176//176
f 152//152 176//176 153//153
f 153//153 176//176 177//177
f 153//153 177//177 154//154
f 154//154 177//177 178//178
f 154//154 178//178 155//155
f 155//155 178//178 179//179
f 155//155 179//179 156//156
f 156//156 179//179 180//180
f 156//156 180//180 157//157
f 157//157 180//180 181//181
f 157//157 181//181 158//158
f 158//158 181//181 182//182
f 158//158 182//182 159//159
f 159//159 182//182 183//183
f 159//159 183//183 160//160
f 160//160 183//183 184//184
f 160//160 184//184 161//161
f 161//161 184//184 185//185
f 161//161 185//185 162//162
f 162//162 185//185 186//186
f 162//162 186//186 163//163
f 163//163 186//186 187//187
f 163//163 187//187 164//164
f 164//164 187//187 188//188
f 164//164 188//188 165//165
f 165//165 188//188 189//189
f 165//165 189//189 166//166
f 166//166 189//189 190//190
f 166//166 190//190 167//167
f 167//167 190//190 191//191
f 167//167 191//191 168//168
f 168//168 191//191 192//192
f 168//168 192//192 145//145
f 145//145 192//192 169//169
f 169//169 193//193 170//170
f 170//170 193//193 194//194
f 170//170 194//194 171//171
f 171//171 194//194 195//195
f 171//171 195//195 172//172
f 172//172 195//195 196//196
f 172//172 196//196 173//173
f 173//173 196//196 197//197
f 173//173 197//197 174//174
f 174//174 197//197 198//198
f 174//174 198//198 175//175
f 175//175 198//198 199//199
f 175//175 199//199 176//176
f 176//176 199//199 200//200
f 176//176 200//200 177//177
f 177//177 200//200 201//201
f 177//177 201//201 178//178
f 178//178 201//201 202//202
f 178//178 202//202 179//179
f 179//179 202//202 203//203
f 179//179 203//203 180//180
f 180//180 203//203 204//204
f 180//180 204//204 181//181
f 181//181 204//204 205//205
f 181//181 205//205 182//182
f 182//182 205//205 206//206
f 182//182 206//206 183//183
f 183//183 206//206 207//207
f 183//183 207//207 184//184
f 184//184 207//207 208//208
f 184//184 208//208 185//185
f 185//185 208//208 209//209
f 185//185 209//209 186//186
f 186//186 209//209 210//210
f 186//186 210//210 187//187
f 187//187 210//210 211//211
f 187//187 211//211 188//188
f 188//188 211//211 212//212
f 188//188 212//212 189//189
f 189//189 212//212 213//213
f 189//189 213//213 190//190
f 190//190 213//213 214//214
f 190//190 214//214 191//191
f 191//191 214//214 215//215
f 191//191 215//215 192//192
f 192//192 215//215 216//216
f 192//192 216//216 169//169
f 169//169 216//216 193//193
f 193//193 217//217 194//194
f 194//194 217//217 218//218
f 194//194 218//218 195//195
f 195//195 218//218 219//219
f 195//195 219//219 196//196
f 196//196 219//219 220//220
f 196//196 220//220 197//197
f 197//197 220//220 221//221
f 197//197 221//221 198//198
f 198//198 221//221 222//222
f 198//198 222//222 199//199
f 199//199 222//222 223//223
f 199//199 223//223 200//200
f 200//200 223//223 224//224
f 200//200 224//224 201//201
f 201//201 224//224 225//225
f 201//201 225//225 202//202
f 202//202 225//225 226//226
f 202//202 226//226 203//203
f 203//203 226//226 227//227
f 203//203 227//227 204//204
f 204//204 227//227 228//228
f 204//204 228//228 205//205
f 205//205 228//228 229//229
f 205//205 229//229 206//206
f 206//206 229//229 230//230
f 206//206 230//230 207//207
f 207//207 230//230 231//231
f 207//207 231//231 208//208
f 208//208 231//231 232//232
f 208//208 232//232 209//209
f 209//209 232//232 233//233
f 209//209 233//233 210//210
f 210//210 233//233 234//234
f 210//210 234//234 211//211
f 211//211 234//234 235//235
f 211//211 235//235 212//212
f 212//212 235//235 236//236
f 212//212 236//236 213//213
f 213//213 236//236 237//237
f 213//213 237//237 214//214
f 214//214 237//237 238//238
f 214//214 238//238 215//215
f 215//215 238//238 239//239
f 215//215 239//239 216//216
f 216//216 239//239 240//240
f 216//216 240//240 193//193
f 193//193 240//240 217//217
f 217//217 241//241 218//218
f 218//218 241//241 242//242
f 218//218 242//242 219//219
f 219//219 242//242 243//243
f 219//219 243//243 220//220
f 220//220 243//243 244//244
f 220//220 244//244 221//221
f 221//221 244//244 245//245
f 221//221 245//245 222//222
f 222//222 245//245 246//246
f 222//222 246//246 223//223
f 223//223 246//246 247//247
f 223//223 247//247 224//224
f 224//224 247//247 248//248
f 224//224 248//248 225//225
f 225//225 248//248 249//249
f 225//225 249//249 226//226
f 226//226 249//249 250//250
f 226//226 250//250 227//227
f 227//227 250//250 251//251
f 227//227 251//251 228//228
f 228//228 251//251 252//252
f 228//228 252//252 229//229
f 229//229 252//252 253//253
f 229//229 253//253 230//230
f 230//230 253//253 254//254
f 230//230 254//254 231//231
f 231//231 254//254 255//255
f 231//231 255//255 232//232
f 232//232 255//255 256//256
f 232//232 256//256 233//233
f 233//233 256//256 257//257
f 233//233 257//257 234//234
f 234//234 257//257 258//258
f 234//234 258//258 235//235
f 235//235 258//258 259//259
f 235//235 259//259 236//236
f 236//236 259//259 260//260
f 236//236 260//260 237//237
f 237//237 260//260 261//261
f 237//237 261//261 238//238
f 238//238 261//261 262//262
f 238//238 262//262 239//239
f 239//239 262//262 263//263
f 239//239 263//263 240//240
f 240//240 263//263 264//264
f 240//240 264//264 217//217
f 217//217 264//264 241//241
f 241//241 265//265 242//242
f 242//242 265//265 266//266
f 242//242 266//266 243//243
f 243//243 266//266 267//267
f 243//243 267//267 244//244
f 244//244 267//267 268//268
f 244//244 268//268 245//245
f 245//245 268//268 269//269
f 245//245 269//269 246//246
f 246//246 269//269 270//270
f 246//246 270//270 247//247
f 247//247 270//270 271//271
f 247//247 271//271 248//248
f 248//248 271//271 272//272
f 248//248 272//272 249//249
f 249//249 272//272 273//273
f 249//249 273//273 250//250
f 250//250 273//273 274//274
f 250//250 274//274 251//251
f 251//251 274//274 275//275
f 251//251 275//275 252//252
f 252//252 275//275 276//276
f 252//252 276//276 253//253
f 253//253 276//276 277//277
f 253//253 277//277 254//254
f 254//254 277//277 278//278
f 254//254 278//278 255//255
f 255//255 278//278 279//279
f 255//255 279//279 256//256
f 256//256 279//279 280//280
f 256//256 280//280 257//257
f 257//257 280//280 281//281
f 257//257 281//281 258//258
f 258//258 281//281 282//282
f 258//258 282//282 259//259
f 259//259 282//282 283//283
f 259//259 283//283 260//260
f 260//260 283//283 284//284
f 260//260 284//284 261//261
f 261//261 284//284 285//285
f 261//261 285//285 262//262
f 262//262 285//285 286//286
f 262//262 286//286 263//263
f 263//263 286//286 287//287
f 263//263 287//287 264//264
f 264//264 287//287 288//288
f 264//264 288//288 241//241
f 241//241 288//288 265//265
f 265//265 1//1 266//266
f 266//266 1//1 2//2
f 266//266 2//2 267//267
f 267//267 2//2 3//3
f 267//267 3//3 268//268
f 268//268 3//3 4//4
f 268//268 4//4 269//269
f 269//269 4//4 5//5
f 269//269 5//5 270//270
f 270//270 5//5 6//6
f 270//270 6//6 271//271
f 271//271 6//6 7//7
f 271//271 7//7 272//272
f 272//272 7//7 8//8
f 272//272 8//8 273//273
f 273//273 8//8 9//9
f 273//273 9//9 274//274
f 274//274 9//9 10//10
f 274//274 10//10 275//275
f 275//275 10//10 11//11
f 275//275 11//11 276//276
f 276//276 11//11 12//12
f 276//276 12//12 277//277
f 277//277 12//12 13//13
f 277//277 13//13 278//278
f 278//278 13//13 14//14
f 278//278 14//14 279//279
f 279//279 14//14 15//15
f 279//279 15//15 280//280
f 280//280 15//15 16//16
f 280//280 16//16 281//281
f 281//281 16//16 17//17
f 281//281 17//17 282//282
f 282//282 17//17 18//18
f 282//282 18//18 283//283
f 283//283 18//18 19//19
f 283//283 19//19 284//284
f 284//284 19//19 20//20
f 284//284 20//20 285//285
f 285//285 20//20 21//21
f 285//285 21//21 286//286
f 286//286 21//21 22//22
f 286//286 22//22 287//287
f 287//287 22//22 23//23
f 287//287 23//23 288//288
f 288//288 23//23 24//24
f 288//288 24//24 265//265
f 265//265 24//24 1//1
o S14
v 0.006300000008195639 1.6779999997764825 0
v 0.006085332483053207 1.6779999997764825 0.001630560029298067
v 0.005455960053950548 1.6779999997764825 0.0031500000040978193
v 0.004454772919416428 1.6779999997764825 0.004454772919416428
v 0.0031500000040978193 1.6779999997764825 0.005455960053950548
v 0.001630560029298067 1.6779999997764825 0.006085332483053207
v 3.8576374367507685e-19 1.6779999997764825 0.006300000008195639
v -0.001630560029298067 1.6779999997764825 0.006085332483053207
v -0.0031500000040978193 1.6779999997764825 0.005455960053950548
v -0.004454772919416428 1.6779999997764825 0.004454772919416428
v -0.005455960053950548 1.6779999997764825 0.0031500000040978193
v -0.006085332483053207 1.6779999997764825 0.001630560029298067
v -0.006300000008195639 1.6779999997764825 7.715274873501537e-19
v -0.006085332483053207 1.6779999997764825 -0.001630560029298067
v -0.005455960053950548 1.6779999997764825 -0.0031500000040978193
v -0.004454772919416428 1.6779999997764825 -0.004454772919416428
v -0.0031500000040978193 1.6779999997764825 -0.005455960053950548
v -0.001630560029298067 1.6779999997764825 -0.006085332483053207
v -1.1572912310252305e-18 1.6779999997764825 -0.006300000008195639
v 0.001630560029298067 1.6779999997764825 -0.006085332483053207
v 0.0031500000040978193 1.6779999997764825 -0.005455960053950548
v 0.004454772919416428 1.6779999997764825 -0.004454772919416428
v 0.005455960053950548 1.6779999997764825 -0.0031500000040978193
v 0.006085332483053207 1.6779999997764825 -0.001630560029298067
v 0.008500000461935997 1.6779999997764825 0
v 0.008210369385778904 1.6779999997764825 0.002199961803853512
v 0.007361216004937887 1.6779999997764825 0.0042500002309679985
v 0.006010407581925392 1.6779999997764825 0.006010407581925392
v 0.0042500002309679985 1.6779999997764825 0.007361216004937887
v 0.002199961803853512 1.6779999997764825 0.008210369385778904
v 5.204749144166479e-19 1.6779999997764825 0.008500000461935997
v -0.002199961803853512 1.6779999997764825 0.008210369385778904
v -0.0042500002309679985 1.6779999997764825 0.007361216004937887
v -0.006010407581925392 1.6779999997764825 0.006010407581925392
v -0.007361216004937887 1.6779999997764825 0.0042500002309679985
v -0.008210369385778904 1.6779999997764825 0.002199961803853512
v -0.008500000461935997 1.6779999997764825 1.0409498288332957e-18
v -0.008210369385778904 1.6779999997764825 -0.002199961803853512
v -0.007361216004937887 1.6779999997764825 -0.0042500002309679985
v -0.006010407581925392 1.6779999997764825 -0.006010407581925392
v -0.0042500002309679985 1.6779999997764825 -0.007361216004937887
v -0.002199961803853512 1.6779999997764825 -0.008210369385778904
v -1.5614246915511553e-18 1.6779999997764825 -0.008500000461935997
v 0.002199961803853512 1.6779999997764825 -0.008210369385778904
v 0.0042500002309679985 1.6779999997764825 -0.007361216004937887
v 0.006010407581925392 1.6779999997764825 -0.006010407581925392
v 0.007361216004937887 1.6779999997764825 -0.0042500002309679985
v 0.008210369385778904 1.6779999997764825 -0.002199961803853512
v 0.008999999612569809 1.6774999996945261 0
v 0.00869333278387785 1.6774999996945261 0.002329371403902769
v 0.007794228848069906 1.6774999996945261 0.0044999998062849045
v 0.006363960914313793 1.6774999996945261 0.006363960914313793
v 0.0044999998062849045 1.6774999996945261 0.007794228848069906
v 0.002329371403902769 1.6774999996945261 0.00869333278387785
v 5.510910402363434e-19 1.6774999996945261 0.008999999612569809
v -0.002329371403902769 1.6774999996945261 0.00869333278387785
v -0.0044999998062849045 1.6774999996945261 0.007794228848069906
v -0.006363960914313793 1.6774999996945261 0.006363960914313793
v -0.007794228848069906 1.6774999996945261 0.0044999998062849045
v -0.00869333278387785 1.6774999996945261 0.002329371403902769
v -0.008999999612569809 1.6774999996945261 1.1021820804726868e-18
v -0.00869333278387785 1.6774999996945261 -0.002329371403902769
v -0.007794228848069906 1.6774999996945261 -0.0044999998062849045
v -0.006363960914313793 1.6774999996945261 -0.006363960914313793
v -0.0044999998062849045 1.6774999996945261 -0.007794228848069906
v -0.002329371403902769 1.6774999996945261 -0.00869333278387785
v -1.6532731724078184e-18 1.6774999996945261 -0.008999999612569809
v 0.002329371403902769 1.6774999996945261 -0.00869333278387785
v 0.0044999998062849045 1.6774999996945261 -0.007794228848069906
v 0.006363960914313793 1.6774999996945261 -0.006363960914313793
v 0.007794228848069906 1.6774999996945261 -0.0044999998062849045
v 0.00869333278387785 1.6774999996945261 -0.002329371403902769
v 0.008999999612569809 1.6745000001341104 0
v 0.00869333278387785 1.6745000001341104 0.002329371403902769
v 0.007794228848069906 1.6745000001341104 0.0044999998062849045
v 0.006363960914313793 1.6745000001341104 0.006363960914313793
v 0.0044999998062849045 1.6745000001341104 0.007794228848069906
v 0.002329371403902769 1.6745000001341104 0.00869333278387785
v 5.510910402363434e-19 1.6745000001341104 0.008999999612569809
v -0.002329371403902769 1.6745000001341104 0.00869333278387785
v -0.0044999998062849045 1.6745000001341104 0.007794228848069906
v -0.006363960914313793 1.6745000001341104 0.006363960914313793
v -0.007794228848069906 1.6745000001341104 0.0044999998062849045
v -0.00869333278387785 1.6745000001341104 0.002329371403902769
v -0.008999999612569809 1.6745000001341104 1.1021820804726868e-18
v -0.00869333278387785 1.6745000001341104 -0.002329371403902769
v -0.007794228848069906 1.6745000001341104 -0.0044999998062849045
v -0.006363960914313793 1.6745000001341104 -0.006363960914313793
v -0.0044999998062849045 1.6745000001341104 -0.007794228848069906
v -0.002329371403902769 1.6745000001341104 -0.00869333278387785
v -1.6532731724078184e-18 1.6745000001341104 -0.008999999612569809
v 0.002329371403902769 1.6745000001341104 -0.00869333278387785
v 0.0044999998062849045 1.6745000001341104 -0.007794228848069906
v 0.006363960914313793 1.6745000001341104 -0.006363960914313793
v 0.007794228848069906 1.6745000001341104 -0.0044999998062849045
v 0.00869333278387785 1.6745000001341104 -0.002329371403902769
v 0.00800000037997961 1.674000000052154 0
v 0.007727406453341246 1.674000000052154 0.002070552436634898
v 0.006928203161805868 1.674000000052154 0.004000000189989805
v 0.005656854249536991 1.674000000052154 0.005656854249536991
v 0.004000000189989805 1.674000000052154 0.006928203161805868
v 0.002070552436634898 1.674000000052154 0.007727406453341246
v 4.898587368981641e-19 1.674000000052154 0.00800000037997961
v -0.002070552436634898 1.674000000052154 0.007727406453341246
v -0.004000000189989805 1.674000000052154 0.006928203161805868
v -0.005656854249536991 1.674000000052154 0.005656854249536991
v -0.006928203161805868 1.674000000052154 0.004000000189989805
v -0.007727406453341246 1.674000000052154 0.002070552436634898
v -0.00800000037997961 1.674000000052154 9.797174737963282e-19
v -0.007727406453341246 1.674000000052154 -0.002070552436634898
v -0.006928203161805868 1.674000000052154 -0.004000000189989805
v -0.005656854249536991 1.674000000052154 -0.005656854249536991
v -0.004000000189989805 1.674000000052154 -0.006928203161805868
v -0.002070552436634898 1.674000000052154 -0.007727406453341246
v -1.4695761072969157e-18 1.674000000052154 -0.00800000037997961
v 0.002070552436634898 1.674000000052154 -0.007727406453341246
v 0.004000000189989805 1.674000000052154 -0.006928203161805868
v 0.005656854249536991 1.674000000052154 -0.005656854249536991
v 0.006928203161805868 1.674000000052154 -0.004000000189989805
v 0.007727406453341246 1.674000000052154 -0.002070552436634898
v 0.00800000037997961 1.6724999998062848 0
v 0.007727406453341246 1.6724999998062848 0.002070552436634898
v 0.006928203161805868 1.6724999998062848 0.004000000189989805
v 0.005656854249536991 1.6724999998062848 0.005656854249536991
v 0.004000000189989805 1.6724999998062848 0.006928203161805868
v 0.002070552436634898 1.6724999998062848 0.007727406453341246
v 4.898587368981641e-19 1.6724999998062848 0.00800000037997961
v -0.002070552436634898 1.6724999998062848 0.007727406453341246
v -0.004000000189989805 1.6724999998062848 0.006928203161805868
v -0.005656854249536991 1.6724999998062848 0.005656854249536991
v -0.006928203161805868 1.6724999998062848 0.004000000189989805
v -0.007727406453341246 1.6724999998062848 0.002070552436634898
v -0.00800000037997961 1.6724999998062848 9.797174737963282e-19
v -0.007727406453341246 1.6724999998062848 -0.002070552436634898
v -0.006928203161805868 1.6724999998062848 -0.004000000189989805
v -0.005656854249536991 1.6724999998062848 -0.005656854249536991
v -0.004000000189989805 1.6724999998062848 -0.006928203161805868
v -0.002070552436634898 1.6724999998062848 -0.007727406453341246
v -1.4695761072969157e-18 1.6724999998062848 -0.00800000037997961
v 0.002070552436634898 1.6724999998062848 -0.007727406453341246
v 0.004000000189989805 1.6724999998062848 -0.006928203161805868
v 0.005656854249536991 1.6724999998062848 -0.005656854249536991
v 0.006928203161805868 1.6724999998062848 -0.004000000189989805
v 0.007727406453341246 1.6724999998062848 -0.002070552436634898
v 0.009999999776482582 1.6715000001080333 0
v 0.009659258648753166 1.6715000001080333 0.00258819037117064
v 0.008660254068672657 1.6715000001080333 0.004999999888241291
v 0.007071067579090595 1.6715000001080333 0.007071067579090595
v 0.004999999888241291 1.6715000001080333 0.008660254068672657
v 0.00258819037117064 1.6715000001080333 0.009659258648753166
v 6.12323395273311e-19 1.6715000001080333 0.009999999776482582
v -0.00258819037117064 1.6715000001080333 0.009659258648753166
v -0.004999999888241291 1.6715000001080333 0.008660254068672657
v -0.007071067579090595 1.6715000001080333 0.007071067579090595
v -0.008660254068672657 1.6715000001080333 0.004999999888241291
v -0.009659258648753166 1.6715000001080333 0.00258819037117064
v -0.009999999776482582 1.6715000001080333 1.224646790546622e-18
v -0.009659258648753166 1.6715000001080333 -0.00258819037117064
v -0.008660254068672657 1.6715000001080333 -0.004999999888241291
v -0.007071067579090595 1.6715000001080333 -0.007071067579090595
v -0.004999999888241291 1.6715000001080333 -0.008660254068672657
v -0.00258819037117064 1.6715000001080333 -0.009659258648753166
v -1.836970237518721e-18 1.6715000001080333 -0.009999999776482582
v 0.00258819037117064 1.6715000001080333 -0.009659258648753166
v 0.004999999888241291 1.6715000001080333 -0.008660254068672657
v 0.007071067579090595 1.6715000001080333 -0.007071067579090595
v 0.008660254068672657 1.6715000001080333 -0.004999999888241291
v 0.009659258648753166 1.6715000001080333 -0.00258819037117064
v 0.017500000074505806 1.6690000000474974 0
v 0.016903702169656754 1.6690000000474974 0.004529333207756281
v 0.015155444853007793 1.6690000000474974 0.008750000037252903
v 0.012374368496239185 1.6690000000474974 0.012374368496239185
v 0.008750000037252903 1.6690000000474974 0.015155444853007793
v 0.004529333207756281 1.6690000000474974 0.016903702169656754
v 1.0715659546529912e-18 1.6690000000474974 0.017500000074505806
v -0.004529333207756281 1.6690000000474974 0.016903702169656754
v -0.008750000037252903 1.6690000000474974 0.015155444853007793
v -0.012374368496239185 1.6690000000474974 0.012374368496239185
v -0.015155444853007793 1.6690000000474974 0.008750000037252903
v -0.016903702169656754 1.6690000000474974 0.004529333207756281
v -0.017500000074505806 1.6690000000474974 2.1431319093059825e-18
v -0.016903702169656754 1.6690000000474974 -0.004529333207756281
v -0.015155444853007793 1.6690000000474974 -0.008750000037252903
v -0.012374368496239185 1.6690000000474974 -0.012374368496239185
v -0.008750000037252903 1.6690000000474974 -0.015155444853007793
v -0.004529333207756281 1.6690000000474974 -0.016903702169656754
v -3.2146978639589737e-18 1.6690000000474974 -0.017500000074505806
v 0.004529333207756281 1.6690000000474974 -0.016903702169656754
v 0.008750000037252903 1.6690000000474974 -0.015155444853007793
v 0.012374368496239185 1.6690000000474974 -0.012374368496239185
v 0.015155444853007793 1.6690000000474974 -0.008750000037252903
v 0.016903702169656754 1.6690000000474974 -0.004529333207756281
v 0.017999999225139618 1.6685000000237487 0
v 0.0173866655677557 1.6685000000237487 0.004658742807805538
v 0.015588457696139812 1.6685000000237487 0.008999999612569809
v 0.012727921828627586 1.6685000000237487 0.012727921828627586
v 0.008999999612569809 1.6685000000237487 0.015588457696139812
v 0.004658742807805538 1.6685000000237487 0.0173866655677557
v 1.1021820804726868e-18 1.6685000000237487 0.017999999225139618
v -0.004658742807805538 1.6685000000237487 0.0173866655677557
v -0.008999999612569809 1.6685000000237487 0.015588457696139812
v -0.012727921828627586 1.6685000000237487 0.012727921828627586
v -0.015588457696139812 1.6685000000237487 0.008999999612569809
v -0.0173866655677557 1.6685000000237487 0.004658742807805538
v -0.017999999225139618 1.6685000000237487 2.2043641609453735e-18
v -0.0173866655677557 1.6685000000237487 -0.004658742807805538
v -0.015588457696139812 1.6685000000237487 -0.008999999612569809
v -0.012727921828627586 1.6685000000237487 -0.012727921828627586
v -0.008999999612569809 1.6685000000237487 -0.015588457696139812
v -0.004658742807805538 1.6685000000237487 -0.0173866655677557
v -3.306546344815637e-18 1.6685000000237487 -0.017999999225139618
v 0.004658742807805538 1.6685000000237487 -0.0173866655677557
v 0.008999999612569809 1.6685000000237487 -0.015588457696139812
v 0.012727921828627586 1.6685000000237487 -0.012727921828627586
v 0.015588457696139812 1.6685000000237487 -0.008999999612569809
v 0.0173866655677557 1.6685000000237487 -0.004658742807805538
v 0.017999999225139618 1.668 0
v 0.0173866655677557 1.668 0.004658742807805538
v 0.015588457696139812 1.668 0.008999999612569809
v 0.012727921828627586 1.668 0.012727921828627586
v 0.008999999612569809 1.668 0.015588457696139812
v 0.004658742807805538 1.668 0.0173866655677557
v 1.1021820804726868e-18 1.668 0.017999999225139618
v -0.004658742807805538 1.668 0.0173866655677557
v -0.008999999612569809 1.668 0.015588457696139812
v -0.012727921828627586 1.668 0.012727921828627586
v -0.015588457696139812 1.668 0.008999999612569809
v -0.0173866655677557 1.668 0.004658742807805538
v -0.017999999225139618 1.668 2.2043641609453735e-18
v -0.0173866655677557 1.668 -0.004658742807805538
v -0.015588457696139812 1.668 -0.008999999612569809
v -0.012727921828627586 1.668 -0.012727921828627586
v -0.008999999612569809 1.668 -0.015588457696139812
v -0.004658742807805538 1.668 -0.0173866655677557
v -3.306546344815637e-18 1.668 -0.017999999225139618
v 0.004658742807805538 1.668 -0.0173866655677557
v 0.008999999612569809 1.668 -0.015588457696139812
v 0.012727921828627586 1.668 -0.012727921828627586
v 0.015588457696139812 1.668 -0.008999999612569809
v 0.0173866655677557 1.668 -0.004658742807805538
v 0.014000000432133675 1.668 0
v 0.013522961176931858 1.668 0.003623466705903411
v 0.012124355882406235 1.668 0.007000000216066837
v 0.009899495169520378 1.668 0.009899495169520378
v 0.007000000216066837 1.668 0.012124355882406235
v 0.003623466705903411 1.668 0.013522961176931858
v 8.57252763722393e-19 1.668 0.014000000432133675
v -0.003623466705903411 1.668 0.013522961176931858
v -0.007000000216066837 1.668 0.012124355882406235
v -0.009899495169520378 1.668 0.009899495169520378
v -0.012124355882406235 1.668 0.007000000216066837
v -0.013522961176931858 1.668 0.003623466705903411
v -0.014000000432133675 1.668 1.714505527444786e-18
v -0.013522961176931858 1.668 -0.003623466705903411
v -0.012124355882406235 1.668 -0.007000000216066837
v -0.009899495169520378 1.668 -0.009899495169520378
v -0.007000000216066837 1.668 -0.012124355882406235
v -0.003623466705903411 1.668 -0.013522961176931858
v -2.571758291167179e-18 1.668 -0.014000000432133675
v 0.003623466705903411 1.668 -0.013522961176931858
v 0.007000000216066837 1.668 -0.012124355882406235
v 0.009899495169520378 1.668 -0.009899495169520378
v 0.012124355882406235 1.668 -0.007000000216066837
v 0.013522961176931858 1.668 -0.003623466705903411
v 0.013199999928474426 1.6674999999762512 0
v 0.012750220485031605 1.6674999999762512 0.0034164113458245993
v 0.011431535705924034 1.6674999999762512 0.006599999964237213
v 0.009333809837698936 1.6674999999762512 0.009333809837698936
v 0.006599999964237213 1.6674999999762512 0.011431535705924034
v 0.0034164113458245993 1.6674999999762512 0.012750220485031605
v 8.082668693530613e-19 1.6674999999762512 0.013199999928474426
v -0.0034164113458245993 1.6674999999762512 0.012750220485031605
v -0.006599999964237213 1.6674999999762512 0.011431535705924034
v -0.009333809837698936 1.6674999999762512 0.009333809837698936
v -0.011431535705924034 1.6674999999762512 0.006599999964237213
v -0.012750220485031605 1.6674999999762512 0.0034164113458245993
v -0.013199999928474426 1.6674999999762512 1.6165337387061225e-18
v -0.012750220485031605 1.6674999999762512 -0.0034164113458245993
v -0.011431535705924034 1.6674999999762512 -0.006599999964237213
v -0.009333809837698936 1.6674999999762512 -0.009333809837698936
v -0.006599999964237213 1.6674999999762512 -0.011431535705924034
v -0.0034164113458245993 1.6674999999762512 -0.012750220485031605
v -2.4248007631555487e-18 1.6674999999762512 -0.013199999928474426
v 0.0034164113458245993 1.6674999999762512 -0.012750220485031605
v 0.006599999964237213 1.6674999999762512 -0.011431535705924034
v 0.009333809837698936 1.6674999999762512 -0.009333809837698936
v 0.011431535705924034 1.6674999999762512 -0.006599999964237213
v 0.012750220485031605 1.6674999999762512 -0.0034164113458245993
v 0.013199999928474426 1.6619999999478459 0
v 0.012750220485031605 1.6619999999478459 0.0034164113458245993
v 0.011431535705924034 1.6619999999478459 0.006599999964237213
v 0.009333809837698936 1.6619999999478459 0.009333809837698936
v 0.006599999964237213 1.6619999999478459 0.011431535705924034
v 0.0034164113458245993 1.6619999999478459 0.012750220485031605
v 8.082668693530613e-19 1.6619999999478459 0.013199999928474426
v -0.0034164113458245993 1.6619999999478459 0.012750220485031605
v -0.006599999964237213 1.6619999999478459 0.011431535705924034
v -0.009333809837698936 1.6619999999478459 0.009333809837698936
v -0.011431535705924034 1.6619999999478459 0.006599999964237213
v -0.012750220485031605 1.6619999999478459 0.0034164113458245993
v -0.013199999928474426 1.6619999999478459 1.6165337387061225e-18
v -0.012750220485031605 1.6619999999478459 -0.0034164113458245993
v -0.011431535705924034 1.6619999999478459 -0.006599999964237213
v -0.009333809837698936 1.6619999999478459 -0.009333809837698936
v -0.006599999964237213 1.6619999999478459 -0.011431535705924034
v -0.0034164113458245993 1.6619999999478459 -0.012750220485031605
v -2.4248007631555487e-18 1.6619999999478459 -0.013199999928474426
v 0.0034164113458245993 1.6619999999478459 -0.012750220485031605
v 0.006599999964237213 1.6619999999478459 -0.011431535705924034
v 0.009333809837698936 1.6619999999478459 -0.009333809837698936
v 0.011431535705924034 1.6619999999478459 -0.006599999964237213
v 0.012750220485031605 1.6619999999478459 -0.0034164113458245993
v 0.01211592834442854 1.6619999999478459 0
v 0.011703087948262691 1.6619999999478459 0.0031358329579234123
v 0.010492702014744282 1.6619999999478459 0.00605796417221427
v 0.00856725499033928 1.6619999999478459 0.00856725499033928
v 0.00605796417221427 1.6619999999478459 0.010492702014744282
v 0.0031358329579234123 1.6619999999478459 0.011703087948262691
v 7.418866591714465e-19 1.6619999999478459 0.01211592834442854
v -0.0031358329579234123 1.6619999999478459 0.011703087948262691
v -0.00605796417221427 1.6619999999478459 0.010492702014744282
v -0.00856725499033928 1.6619999999478459 0.00856725499033928
v -0.010492702014744282 1.6619999999478459 0.00605796417221427
v -0.011703087948262691 1.6619999999478459 0.0031358329579234123
v -0.01211592834442854 1.6619999999478459 1.483773318342893e-18
v -0.011703087948262691 1.6619999999478459 -0.0031358329579234123
v -0.010492702014744282 1.6619999999478459 -0.00605796417221427
v -0.00856725499033928 1.6619999999478459 -0.00856725499033928
v -0.00605796417221427 1.6619999999478459 -0.010492702014744282
v -0.0031358329579234123 1.6619999999478459 -0.011703087948262691
v -2.2256599258155512e-18 1.6619999999478459 -0.01211592834442854
v 0.0031358329579234123 1.6619999999478459 -0.011703087948262691
v 0.00605796417221427 1.6619999999478459 -0.010492702014744282
v 0.00856725499033928 1.6619999999478459 -0.00856725499033928
v 0.010492702014744282 1.6619999999478459 -0.00605796417221427
v 0.011703087948262691 1.6619999999478459 -0.0031358329579234123
v 0.008999999612569809 1.664999999973923 0
v 0.00869333278387785 1.664999999973923 0.002329371403902769
v 0.007794228848069906 1.664999999973923 0.0044999998062849045
v 0.006363960914313793 1.664999999973923 0.006363960914313793
v 0.0044999998062849045 1.664999999973923 0.007794228848069906
v 0.002329371403902769 1.664999999973923 0.00869333278387785
v 5.510910402363434e-19 1.664999999973923 0.008999999612569809
v -0.002329371403902769 1.664999999973923 0.00869333278387785
v -0.0044999998062849045 1.664999999973923 0.007794228848069906
v -0.006363960914313793 1.664999999973923 0.006363960914313793
v -0.007794228848069906 1.664999999973923 0.0044999998062849045
v -0.00869333278387785 1.664999999973923 0.002329371403902769
v -0.008999999612569809 1.664999999973923 1.1021820804726868e-18
v -0.00869333278387785 1.664999999973923 -0.002329371403902769
v -0.007794228848069906 1.664999999973923 -0.0044999998062849045
v -0.006363960914313793 1.664999999973923 -0.006363960914313793
v -0.0044999998062849045 1.664999999973923 -0.007794228848069906
v -0.002329371403902769 1.664999999973923 -0.00869333278387785
v -1.6532731724078184e-18 1.664999999973923 -0.008999999612569809
v 0.002329371403902769 1.664999999973923 -0.00869333278387785
v 0.0044999998062849045 1.664999999973923 -0.007794228848069906
v 0.006363960914313793 1.664999999973923 -0.006363960914313793
v 0.007794228848069906 1.664999999973923 -0.0044999998062849045
v 0.00869333278387785 1.664999999973923 -0.002329371403902769
v 0.006300000008195639 1.6700000000949948 0
v 0.006085332483053207 1.6700000000949948 0.001630560029298067
v 0.005455960053950548 1.6700000000949948 0.0031500000040978193
v 0.004454772919416428 1.6700000000949948 0.004454772919416428
v 0.0031500000040978193 1.6700000000949948 0.005455960053950548
v 0.001630560029298067 1.6700000000949948 0.006085332483053207
v 3.8576374367507685e-19 1.6700000000949948 0.006300000008195639
v -0.001630560029298067 1.6700000000949948 0.006085332483053207
v -0.0031500000040978193 1.6700000000949948 0.005455960053950548
v -0.004454772919416428 1.6700000000949948 0.004454772919416428
v -0.005455960053950548 1.6700000000949948 0.0031500000040978193
v -0.006085332483053207 1.6700000000949948 0.001630560029298067
v -0.006300000008195639 1.6700000000949948 7.715274873501537e-19
v -0.006085332483053207 1.6700000000949948 -0.001630560029298067
v -0.005455960053950548 1.6700000000949948 -0.0031500000040978193
v -0.004454772919416428 1.6700000000949948 -0.004454772919416428
v -0.0031500000040978193 1.6700000000949948 -0.005455960053950548
v -0.001630560029298067 1.6700000000949948 -0.006085332483053207
v -1.1572912310252305e-18 1.6700000000949948 -0.006300000008195639
v 0.001630560029298067 1.6700000000949948 -0.006085332483053207
v 0.0031500000040978193 1.6700000000949948 -0.005455960053950548
v 0.004454772919416428 1.6700000000949948 -0.004454772919416428
v 0.005455960053950548 1.6700000000949948 -0.0031500000040978193
v 0.006085332483053207 1.6700000000949948 -0.001630560029298067
vn -0.9551218748092651 0.29323258996009827 -0.04191477224230766
vn -0.91172856092453 0.2932325601577759 -0.2876902222633362
vn -0.8062025308609009 0.29323258996009827 -0.5138600468635559
vn -0.6457349061965942 0.2932325303554535 -0.7050114274024963
vn -0.4412616491317749 0.2932325303554535 -0.8481172323226929
vn -0.20671726763248444 0.2932325601577759 -0.9334251880645752
vn 0.041914768517017365 0.29323258996009827 -0.9551218748092651
vn 0.2876902222633362 0.2932325601577759 -0.91172856092453
vn 0.5138600468635559 0.29323258996009827 -0.8062025308609009
vn 0.7050114274024963 0.2932325303554535 -0.6457349061965942
vn 0.8481172323226929 0.2932325303554535 -0.4412616491317749
vn 0.9334251880645752 0.2932325601577759 -0.20671726763248444
vn 0.9551218748092651 0.29323258996009827 0.041914768517017365
vn 0.91172856092453 0.2932325601577759 0.2876902222633362
vn 0.8062025308609009 0.29323258996009827 0.5138600468635559
vn 0.6457349061965942 0.2932325303554535 0.7050114274024963
vn 0.4412616491317749 0.2932325303554535 0.8481172323226929
vn 0.20671726763248444 0.2932325601577759 0.9334251880645752
vn -0.041914768517017365 0.29323258996009827 0.9551218748092651
vn -0.2876902222633362 0.2932325601577759 0.91172856092453
vn -0.5138600468635559 0.29323258996009827 0.8062025308609009
vn -0.7050114274024963 0.2932325303554535 0.6457349061965942
vn -0.8481172323226929 0.2932325303554535 0.4412616491317749
vn -0.9334251880645752 0.2932325601577759 0.20671726763248444
vn 0.19827815890312195 0.9801041483879089 -0.00903591513633728
vn 0.19386066496372223 0.9801041483879089 0.04259010776877403
vn 0.17623189091682434 0.9801041483879089 0.09131373465061188
vn 0.14659322798252106 0.9801041483879089 0.1338144987821579
vn 0.10696443915367126 0.9801041483879089 0.16719594597816467
vn 0.06004621461033821 0.9801041483879089 0.1891832947731018
vn 0.00903591513633728 0.9801041483879089 0.19827818870544434
vn -0.04259010776877403 0.9801041483879089 0.19386066496372223
vn -0.09131373465061188 0.9801041483879089 0.17623189091682434
vn -0.1338144987821579 0.9801041483879089 0.14659322798252106
vn -0.16719594597816467 0.9801041483879089 0.10696443915367126
vn -0.1891832947731018 0.9801041483879089 0.06004621461033821
vn -0.19827818870544434 0.9801041483879089 0.00903591513633728
vn -0.19386066496372223 0.9801041483879089 -0.04259010776877403
vn -0.17623189091682434 0.9801041483879089 -0.09131373465061188
vn -0.14659322798252106 0.9801041483879089 -0.1338144987821579
vn -0.10696443915367126 0.9801041483879089 -0.16719594597816467
vn -0.06004621461033821 0.9801041483879089 -0.1891832947731018
vn -0.00903591513633728 0.9801041483879089 -0.19827818870544434
vn 0.04259010776877403 0.9801041483879089 -0.19386066496372223
vn 0.09131373465061188 0.9801041483879089 -0.17623189091682434
vn 0.1338144987821579 0.9801041483879089 -0.14659322798252106
vn 0.16719594597816467 0.9801041483879089 -0.10696443915367126
vn 0.1891832947731018 0.9801041483879089 -0.06004621461033821
vn 0.9897723197937012 0.1391456127166748 -0.03145306557416916
vn 0.9641873240470886 0.13914580643177032 0.22579032182693481
vn 0.8728944659233093 0.13914570212364197 0.467646986246109
vn 0.7221153974533081 0.13914568722248077 0.6776339411735535
vn 0.5221254229545593 0.13914574682712555 0.8414413332939148
vn 0.286553293466568 0.13914573192596436 0.947905957698822
vn 0.03145306557416916 0.1391456127166748 0.9897723197937012
vn -0.22579032182693481 0.13914580643177032 0.9641873240470886
vn -0.467646986246109 0.13914570212364197 0.8728944659233093
vn -0.6776339411735535 0.13914568722248077 0.7221153974533081
vn -0.8414413332939148 0.13914574682712555 0.5221254229545593
vn -0.947905957698822 0.13914573192596436 0.286553293466568
vn -0.9897723197937012 0.1391456127166748 0.03145306557416916
vn -0.9641873240470886 0.13914580643177032 -0.22579032182693481
vn -0.8728944659233093 0.13914570212364197 -0.467646986246109
vn -0.7221153974533081 0.13914568722248077 -0.6776339411735535
vn -0.5221254229545593 0.13914574682712555 -0.8414413332939148
vn -0.286553293466568 0.13914573192596436 -0.947905957698822
vn -0.03145306557416916 0.1391456127166748 -0.9897723197937012
vn 0.22579032182693481 0.13914580643177032 -0.9641873240470886
vn 0.467646986246109 0.13914570212364197 -0.8728944659233093
vn 0.6776339411735535 0.13914568722248077 -0.7221153974533081
vn 0.8414413332939148 0.13914574682712555 -0.5221254229545593
vn 0.947905957698822 0.13914573192596436 -0.286553293466568
vn 0.9633469581604004 -0.26645761728286743 0.031032048165798187
vn 0.9224899411201477 -0.266457736492157 0.2793072462081909
vn 0.8187667727470398 -0.2664577066898346 0.5085481405258179
vn 0.6592461466789246 -0.2664576470851898 0.703132152557373
vn 0.45479893684387207 -0.2664576768875122 0.8497989177703857
vn 0.21935759484767914 -0.26645776629447937 0.9385533928871155
vn -0.031032048165798187 -0.26645761728286743 0.9633469581604004
vn -0.2793072462081909 -0.266457736492157 0.9224899411201477
vn -0.5085481405258179 -0.2664577066898346 0.8187667727470398
vn -0.703132152557373 -0.2664576470851898 0.6592461466789246
vn -0.8497989177703857 -0.2664576768875122 0.45479893684387207
vn -0.9385533928871155 -0.26645776629447937 0.21935759484767914
vn -0.9633469581604004 -0.26645761728286743 -0.031032048165798187
vn -0.9224899411201477 -0.266457736492157 -0.2793072462081909
vn -0.8187667727470398 -0.2664577066898346 -0.5085481405258179
vn -0.6592461466789246 -0.2664576470851898 -0.703132152557373
vn -0.45479893684387207 -0.2664576768875122 -0.8497989177703857
vn -0.21935759484767914 -0.26645776629447937 -0.9385533928871155
vn 0.031032048165798187 -0.26645761728286743 -0.9633469581604004
vn 0.2793072462081909 -0.266457736492157 -0.9224899411201477
vn 0.5085481405258179 -0.2664577066898346 -0.8187667727470398
vn 0.703132152557373 -0.2664576470851898 -0.6592461466789246
vn 0.8497989177703857 -0.2664576768875122 -0.45479893684387207
vn 0.9385533928871155 -0.26645776629447937 -0.21935759484767914
vn 0.8887160420417786 -0.4581008553504944 -0.018093127757310867
vn 0.8631165027618408 -0.4581010639667511 0.21254019439220428
vn 0.7786971926689148 -0.45810097455978394 0.4286889433860779
vn 0.6412108540534973 -0.45810094475746155 0.6156233549118042
vn 0.4600270092487335 -0.4581010341644287 0.7606040835380554
vn 0.247493177652359 -0.45810097455978394 0.8537509441375732
vn 0.018093125894665718 -0.4581008553504944 0.8887160420417786
vn -0.21254019439220428 -0.4581010639667511 0.8631165027618408
vn -0.4286889433860779 -0.45810097455978394 0.7786971926689148
vn -0.6156233549118042 -0.45810094475746155 0.6412108540534973
vn -0.7606040835380554 -0.4581010341644287 0.4600270092487335
vn -0.8537509441375732 -0.45810097455978394 0.247493177652359
vn -0.8887160420417786 -0.4581008553504944 0.018093125894665718
vn -0.8631165027618408 -0.4581010639667511 -0.21254019439220428
vn -0.7786971926689148 -0.45810097455978394 -0.4286889433860779
vn -0.6412108540534973 -0.45810094475746155 -0.6156233549118042
vn -0.4600270092487335 -0.4581010341644287 -0.7606040835380554
vn -0.247493177652359 -0.45810097455978394 -0.8537509441375732
vn -0.018093125894665718 -0.4581008553504944 -0.8887160420417786
vn 0.21254019439220428 -0.4581010639667511 -0.8631165027618408
vn 0.4286889433860779 -0.45810097455978394 -0.7786971926689148
vn 0.6156233549118042 -0.45810094475746155 -0.6412108540534973
vn 0.7606040835380554 -0.4581010341644287 -0.4600270092487335
vn 0.8537509441375732 -0.45810097455978394 -0.247493177652359
vn 0.7661875486373901 0.6426088213920593 0.0032539647072553635
vn 0.7392381429672241 0.6426088213920593 0.20144693553447723
vn 0.661910891532898 0.6426088809967041 0.3859116733074188
vn 0.5394755005836487 0.6426088213920593 0.5440772175788879
vn 0.38027578592300415 0.6426088213920593 0.6651648283004761
vn 0.19516095519065857 0.6426088809967041 0.7409223914146423
vn -0.003253962378948927 0.6426088213920593 0.7661874890327454
vn -0.20144693553447723 0.6426088213920593 0.7392381429672241
vn -0.3859116733074188 0.6426088809967041 0.661910891532898
vn -0.5440772175788879 0.6426088213920593 0.5394755005836487
vn -0.6651648283004761 0.6426088213920593 0.38027578592300415
vn -0.7409223914146423 0.6426088809967041 0.19516095519065857
vn -0.7661874890327454 0.6426088213920593 -0.003253962378948927
vn -0.7392381429672241 0.6426088213920593 -0.20144693553447723
vn -0.661910891532898 0.6426088809967041 -0.3859116733074188
vn -0.5394755005836487 0.6426088213920593 -0.5440772175788879
vn -0.38027578592300415 0.6426088213920593 -0.6651648283004761
vn -0.19516095519065857 0.6426088809967041 -0.7409223914146423
vn 0.003253962378948927 0.6426088213920593 -0.7661874890327454
vn 0.20144693553447723 0.6426088213920593 -0.7392381429672241
vn 0.3859116733074188 0.6426088809967041 -0.661910891532898
vn 0.5440772175788879 0.6426088213920593 -0.5394755005836487
vn 0.6651648283004761 0.6426088213920593 -0.38027578592300415
vn 0.7409223914146423 0.6426088809967041 -0.19516095519065857
vn 0.33952954411506653 0.9405038356781006 -0.013125428929924965
vn 0.3313574492931366 0.9405038356781006 0.07519849389791489
vn 0.3006038963794708 0.9405038356781006 0.1583978235721588
vn 0.2493647187948227 0.9405038356781006 0.23080256581306458
vn 0.1811317354440689 0.9405038356781006 0.2874784469604492
vn 0.10055489838123322 0.9405038356781006 0.324563205242157
vn 0.013125428929924965 0.9405038356781006 0.33952954411506653
vn -0.07519849389791489 0.9405038356781006 0.3313574492931366
vn -0.1583978235721588 0.9405038356781006 0.3006038963794708
vn -0.23080256581306458 0.9405038356781006 0.2493647187948227
vn -0.2874784469604492 0.9405038356781006 0.1811317354440689
vn -0.324563205242157 0.9405038356781006 0.10055489838123322
vn -0.33952954411506653 0.9405038356781006 0.013125428929924965
vn -0.3313574492931366 0.9405038356781006 -0.07519849389791489
vn -0.3006038963794708 0.9405038356781006 -0.1583978235721588
vn -0.2493647187948227 0.9405038356781006 -0.23080256581306458
vn -0.1811317354440689 0.9405038356781006 -0.2874784469604492
vn -0.10055489838123322 0.9405038356781006 -0.324563205242157
vn -0.013125428929924965 0.9405038356781006 -0.33952954411506653
vn 0.07519849389791489 0.9405038356781006 -0.3313574492931366
vn 0.1583978235721588 0.9405038356781006 -0.3006038963794708
vn 0.23080256581306458 0.9405038356781006 -0.2493647187948227
vn 0.2874784469604492 0.9405038356781006 -0.1811317354440689
vn 0.324563205242157 0.9405038356781006 -0.10055489838123322
vn 0.35673707723617554 0.9341892004013062 0.005406072363257408
vn 0.34318235516548157 0.9341892004013062 0.09755221009254456
vn 0.3062403202056885 0.9341892004013062 0.18305034935474396
vn 0.2484285682439804 0.9341891407966614 0.25607389211654663
vn 0.17368677258491516 0.9341891407966614 0.3116464614868164
vn 0.08710845559835434 0.9341892004013062 0.34598076343536377
vn -0.005406073294579983 0.9341892004013062 0.35673707723617554
vn -0.09755221009254456 0.9341892004013062 0.34318235516548157
vn -0.18305034935474396 0.9341892004013062 0.3062403202056885
vn -0.25607389211654663 0.9341891407966614 0.2484285682439804
vn -0.3116464614868164 0.9341891407966614 0.17368677258491516
vn -0.34598076343536377 0.9341892004013062 0.08710845559835434
vn -0.35673707723617554 0.9341892004013062 -0.005406073294579983
vn -0.34318235516548157 0.9341892004013062 -0.09755221009254456
vn -0.3062403202056885 0.9341892004013062 -0.18305034935474396
vn -0.2484285682439804 0.9341891407966614 -0.25607389211654663
vn -0.17368677258491516 0.9341891407966614 -0.3116464614868164
vn -0.08710845559835434 0.9341892004013062 -0.34598076343536377
vn 0.005406073294579983 0.9341892004013062 -0.35673707723617554
vn 0.09755221009254456 0.9341892004013062 -0.34318235516548157
vn 0.18305034935474396 0.9341892004013062 -0.3062403202056885
vn 0.25607389211654663 0.9341891407966614 -0.2484285682439804
vn 0.3116464614868164 0.9341891407966614 -0.17368677258491516
vn 0.34598076343536377 0.9341892004013062 -0.08710845559835434
vn 0.8952584862709045 0.44554683566093445 -0.000548157433513552
vn 0.8648949265480042 0.4455473721027374 0.23118023574352264
vn 0.7755904793739319 0.44554710388183594 0.44715452194213867
vn 0.6334308981895447 0.44554704427719116 0.6326556205749512
vn 0.44810396432876587 0.4455471932888031 0.7750422954559326
vn 0.23223935067653656 0.4455471932888031 0.8646112084388733
vn 0.0005481562693603337 0.44554683566093445 0.8952584862709045
vn -0.23118023574352264 0.4455473721027374 0.8648949265480042
vn -0.44715452194213867 0.44554710388183594 0.7755904793739319
vn -0.6326556205749512 0.44554704427719116 0.6334308981895447
vn -0.7750422954559326 0.4455471932888031 0.44810396432876587
vn -0.8646112084388733 0.4455471932888031 0.23223935067653656
vn -0.8952584862709045 0.44554683566093445 0.0005481562693603337
vn -0.8648949265480042 0.4455473721027374 -0.23118023574352264
vn -0.7755904793739319 0.44554710388183594 -0.44715452194213867
vn -0.6334308981895447 0.44554704427719116 -0.6326556205749512
vn -0.44810396432876587 0.4455471932888031 -0.7750422954559326
vn -0.23223935067653656 0.4455471932888031 -0.8646112084388733
vn -0.0005481562693603337 0.44554683566093445 -0.8952584862709045
vn 0.23118023574352264 0.4455473721027374 -0.8648949265480042
vn 0.44715452194213867 0.44554710388183594 -0.7755904793739319
vn 0.6326556205749512 0.44554704427719116 -0.6334308981895447
vn 0.7750422954559326 0.4455471932888031 -0.44810396432876587
vn 0.8646112084388733 0.4455471932888031 -0.23223935067653656
vn 0.13378408551216125 -0.9909931421279907 0.005870989058166742
vn 0.12770594656467438 -0.9909931421279907 0.040296804159879684
vn 0.11292490363121033 -0.9909931421279907 0.07197648286819458
vn 0.09044821560382843 -0.990993082523346 0.09875106811523438
vn 0.06180761381983757 -0.9909931421279907 0.11879591643810272
vn 0.02895488403737545 -0.9909931421279907 0.13074500858783722
vn -0.00587098952382803 -0.9909931421279907 0.13378408551216125
vn -0.040296804159879684 -0.9909931421279907 0.12770594656467438
vn -0.07197648286819458 -0.9909931421279907 0.11292490363121033
vn -0.09875106811523438 -0.990993082523346 0.09044821560382843
vn -0.11879591643810272 -0.9909931421279907 0.06180761381983757
vn -0.13074500858783722 -0.9909931421279907 0.02895488403737545
vn -0.13378408551216125 -0.9909931421279907 -0.00587098952382803
vn -0.12770594656467438 -0.9909931421279907 -0.040296804159879684
vn -0.11292490363121033 -0.9909931421279907 -0.07197648286819458
vn -0.09044821560382843 -0.990993082523346 -0.09875106811523438
vn -0.06180761381983757 -0.9909931421279907 -0.11879591643810272
vn -0.02895488403737545 -0.9909931421279907 -0.13074500858783722
vn 0.00587098952382803 -0.9909931421279907 -0.13378408551216125
vn 0.040296804159879684 -0.9909931421279907 -0.12770594656467438
vn 0.07197648286819458 -0.9909931421279907 -0.11292490363121033
vn 0.09875106811523438 -0.990993082523346 -0.09044821560382843
vn 0.11879591643810272 -0.9909931421279907 -0.06180761381983757
vn 0.13074500858783722 -0.9909931421279907 -0.02895488403737545
vn 0.09452251344919205 -0.9955147504806519 -0.0039869556203484535
vn 0.09233362227678299 -0.9955147504806519 0.02061312645673752
vn 0.0838523805141449 -0.9955147504806519 0.04380844160914421
vn 0.06965672224760056 -0.9955147504806519 0.06401830911636353
vn 0.050714049488306046 -0.9955147504806519 0.07986542582511902
vn 0.028315318748354912 -0.9955147504806519 0.09026982635259628
vn 0.003986956086009741 -0.9955147504806519 0.09452252089977264
vn -0.02061312645673752 -0.9955147504806519 0.09233362227678299
vn -0.04380844160914421 -0.9955147504806519 0.0838523805141449
vn -0.06401830911636353 -0.9955147504806519 0.06965672224760056
vn -0.07986542582511902 -0.9955147504806519 0.050714049488306046
vn -0.09026982635259628 -0.9955147504806519 0.028315318748354912
vn -0.09452252089977264 -0.9955147504806519 0.003986956086009741
vn -0.09233362227678299 -0.9955147504806519 -0.02061312645673752
vn -0.0838523805141449 -0.9955147504806519 -0.04380844160914421
vn -0.06965672224760056 -0.9955147504806519 -0.06401830911636353
vn -0.050714049488306046 -0.9955147504806519 -0.07986542582511902
vn -0.028315318748354912 -0.9955147504806519 -0.09026982635259628
vn -0.003986956086009741 -0.9955147504806519 -0.09452252089977264
vn 0.02061312645673752 -0.9955147504806519 -0.09233362227678299
vn 0.04380844160914421 -0.9955147504806519 -0.0838523805141449
vn 0.06401830911636353 -0.9955147504806519 -0.06965672224760056
vn 0.07986542582511902 -0.9955147504806519 -0.050714049488306046
vn 0.09026982635259628 -0.9955147504806519 -0.028315318748354912
vn 0.9902650117874146 -0.13447639346122742 -0.03593417629599571
vn 0.9658230543136597 -0.13447631895542145 0.22158969938755035
vn 0.8755618333816528 -0.13447633385658264 0.4640125036239624
vn 0.7256324291229248 -0.13447630405426025 0.6748138070106506
vn 0.526252269744873 -0.13447633385658264 0.8396276831626892
vn 0.2910090982913971 -0.13447637856006622 0.9472221732139587
vn 0.03593418002128601 -0.13447637856006622 0.9902650117874146
vn -0.22158969938755035 -0.13447631895542145 0.9658230543136597
vn -0.4640125036239624 -0.13447633385658264 0.8755618333816528
vn -0.6748138070106506 -0.13447630405426025 0.7256324291229248
vn -0.8396276831626892 -0.13447633385658264 0.526252269744873
vn -0.9472221732139587 -0.13447637856006622 0.2910090982913971
vn -0.9902650117874146 -0.13447637856006622 0.03593418002128601
vn -0.9658230543136597 -0.13447631895542145 -0.22158969938755035
vn -0.8755618333816528 -0.13447633385658264 -0.4640125036239624
vn -0.7256324291229248 -0.13447630405426025 -0.6748138070106506
vn -0.526252269744873 -0.13447633385658264 -0.8396276831626892
vn -0.2910090982913971 -0.13447637856006622 -0.9472221732139587
vn -0.03593418002128601 -0.13447637856006622 -0.9902650117874146
vn 0.22158969938755035 -0.13447631895542145 -0.9658230543136597
vn 0.4640125036239624 -0.13447633385658264 -0.8755618333816528
vn 0.6748138070106506 -0.13447630405426025 -0.7256324291229248
vn 0.8396276831626892 -0.13447633385658264 -0.526252269744873
vn 0.9472221732139587 -0.13447637856006622 -0.2910090982913971
vn 0.9812045693397522 -0.18810486793518066 0.04305937886238098
vn 0.9366263151168823 -0.18810485303401947 0.29554644227027893
vn 0.8282185196876526 -0.18810486793518066 0.5278926491737366
vn 0.663368821144104 -0.18810495734214783 0.7242639660835266
vn 0.45331165194511414 -0.18810492753982544 0.8712778687477112
vn 0.21236231923103333 -0.18810483813285828 0.9589154124259949
vn -0.04305937886238098 -0.18810486793518066 0.9812045693397522
vn -0.29554644227027893 -0.18810485303401947 0.9366263151168823
vn -0.5278926491737366 -0.18810486793518066 0.8282185196876526
vn -0.7242639660835266 -0.18810495734214783 0.663368821144104
vn -0.8712778687477112 -0.18810492753982544 0.45331165194511414
vn -0.9589154124259949 -0.18810483813285828 0.21236231923103333
vn -0.9812045693397522 -0.18810486793518066 -0.04305937886238098
vn -0.9366263151168823 -0.18810485303401947 -0.29554644227027893
vn -0.8282185196876526 -0.18810486793518066 -0.5278926491737366
vn -0.663368821144104 -0.18810495734214783 -0.7242639660835266
vn -0.45331165194511414 -0.18810492753982544 -0.8712778687477112
vn -0.21236231923103333 -0.18810483813285828 -0.9589154124259949
vn 0.04305937886238098 -0.18810486793518066 -0.9812045693397522
vn 0.29554644227027893 -0.18810485303401947 -0.9366263151168823
vn 0.5278926491737366 -0.18810486793518066 -0.8282185196876526
vn 0.7242639660835266 -0.18810495734214783 -0.663368821144104
vn 0.8712778687477112 -0.18810492753982544 -0.45331165194511414
vn 0.9589154124259949 -0.18810483813285828 -0.21236231923103333
vn -0.5687665939331055 -0.8222489356994629 0.020279165357351303
vn -0.5546350479125977 -0.8222488760948181 -0.12761937081813812
vn -0.5027059316635132 -0.8222489356994629 -0.2668209969997406
vn -0.41651827096939087 -0.8222489356994629 -0.3878391683101654
vn -0.30194565653800964 -0.8222488760948181 -0.4824267625808716
vn -0.16679586470127106 -0.8222488760948181 -0.5441377758979797
vn -0.0202791690826416 -0.8222488760948181 -0.5687666535377502
vn 0.12761937081813812 -0.8222488760948181 -0.5546350479125977
vn 0.2668209969997406 -0.8222489356994629 -0.5027059316635132
vn 0.3878391683101654 -0.8222489356994629 -0.41651827096939087
vn 0.4824267625808716 -0.8222488760948181 -0.30194565653800964
vn 0.5441377758979797 -0.8222488760948181 -0.16679586470127106
vn 0.5687666535377502 -0.8222488760948181 -0.0202791690826416
vn 0.5546350479125977 -0.8222488760948181 0.12761937081813812
vn 0.5027059316635132 -0.8222489356994629 0.2668209969997406
vn 0.41651827096939087 -0.8222489356994629 0.3878391683101654
vn 0.30194565653800964 -0.8222488760948181 0.4824267625808716
vn 0.16679586470127106 -0.8222488760948181 0.5441377758979797
vn 0.0202791690826416 -0.8222488760948181 0.5687666535377502
vn -0.12761937081813812 -0.8222488760948181 0.5546350479125977
vn -0.2668209969997406 -0.8222489356994629 0.5027059316635132
vn -0.3878391683101654 -0.8222489356994629 0.41651827096939087
vn -0.4824267625808716 -0.8222488760948181 0.30194565653800964
vn -0.5441377758979797 -0.8222488760948181 0.16679586470127106
vn -0.7989768981933594 -0.6013569235801697 -0.002407026942819357
vn -0.7711294293403625 -0.6013569235801697 -0.2091153860092163
vn -0.6907307505607605 -0.6013569235801697 -0.4015730619430542
vn -0.563260018825531 -0.6013568639755249 -0.5666639804840088
vn -0.39740392565727234 -0.6013568639755249 -0.6931378245353699
vn -0.2044653445482254 -0.6013569235801697 -0.7723754048347473
vn 0.0024070267099887133 -0.6013568639755249 -0.7989768981933594
vn 0.2091153860092163 -0.6013569235801697 -0.7711294293403625
vn 0.4015730619430542 -0.6013569235801697 -0.6907307505607605
vn 0.5666639804840088 -0.6013568639755249 -0.563260018825531
vn 0.6931378245353699 -0.6013568639755249 -0.39740392565727234
vn 0.7723754048347473 -0.6013569235801697 -0.2044653445482254
vn 0.7989768981933594 -0.6013568639755249 0.0024070267099887133
vn 0.7711294293403625 -0.6013569235801697 0.2091153860092163
vn 0.6907307505607605 -0.6013569235801697 0.4015730619430542
vn 0.563260018825531 -0.6013568639755249 0.5666639804840088
vn 0.39740392565727234 -0.6013568639755249 0.6931378245353699
vn 0.2044653445482254 -0.6013569235801697 0.7723754048347473
vn -0.0024070267099887133 -0.6013568639755249 0.7989768981933594
vn -0.2091153860092163 -0.6013569235801697 0.7711294293403625
vn -0.4015730619430542 -0.6013569235801697 0.6907307505607605
vn -0.5666639804840088 -0.6013568639755249 0.563260018825531
vn -0.6931378245353699 -0.6013568639755249 0.39740392565727234
vn -0.7723754048347473 -0.6013569235801697 0.2044653445482254
vn -0.9756062626838684 -0.21951141953468323 0.002675933064892888
vn -0.9430558085441589 -0.21951144933700562 -0.24992084503173828
vn -0.8462377786636353 -0.21951140463352203 -0.48548567295074463
vn -0.6917499303817749 -0.21951140463352203 -0.6879656314849854
vn -0.49012038111686707 -0.21951141953468323 -0.8435619473457336
vn -0.2550900876522064 -0.21951143443584442 -0.9416707158088684
vn -0.002675933064892888 -0.21951140463352203 -0.9756062626838684
vn 0.24992084503173828 -0.21951144933700562 -0.9430558085441589
vn 0.48548567295074463 -0.21951140463352203 -0.8462377786636353
vn 0.6879656314849854 -0.21951140463352203 -0.6917499303817749
vn 0.8435619473457336 -0.21951141953468323 -0.49012038111686707
vn 0.9416707158088684 -0.21951143443584442 -0.2550900876522064
vn 0.9756062626838684 -0.21951140463352203 -0.002675933064892888
vn 0.9430558085441589 -0.21951144933700562 0.24992084503173828
vn 0.8462377786636353 -0.21951140463352203 0.48548567295074463
vn 0.6917499303817749 -0.21951140463352203 0.6879656314849854
vn 0.49012038111686707 -0.21951141953468323 0.8435619473457336
vn 0.2550900876522064 -0.21951143443584442 0.9416707158088684
vn 0.002675933064892888 -0.21951140463352203 0.9756062626838684
vn -0.24992084503173828 -0.21951144933700562 0.9430558085441589
vn -0.48548567295074463 -0.21951140463352203 0.8462377786636353
vn -0.6879656314849854 -0.21951140463352203 0.6917499303817749
vn -0.8435619473457336 -0.21951141953468323 0.49012038111686707
vn -0.9416707158088684 -0.21951143443584442 0.2550900876522064
f 289//289 290//290 313//313
f 290//290 314//314 313//313
f 290//290 291//291 314//314
f 291//291 315//315 314//314
f 291//291 292//292 315//315
f 292//292 316//316 315//315
f 292//292 293//293 316//316
f 293//293 317//317 316//316
f 293//293 294//294 317//317
f 294//294 318//318 317//317
f 294//294 295//295 318//318
f 295//295 319//319 318//318
f 295//295 296//296 319//319
f 296//296 320//320 319//319
f 296//296 297//297 320//320
f 297//297 321//321 320//320
f 297//297 298//298 321//321
f 298//298 322//322 321//321
f 298//298 299//299 322//322
f 299//299 323//323 322//322
f 299//299 300//300 323//323
f 300//300 324//324 323//323
f 300//300 301//301 324//324
f 301//301 325//325 324//324
f 301//301 302//302 325//325
f 302//302 326//326 325//325
f 302//302 303//303 326//326
f 303//303 327//327 326//326
f 303//303 304//304 327//327
f 304//304 328//328 327//327
f 304//304 305//305 328//328
f 305//305 329//329 328//328
f 305//305 306//306 329//329
f 306//306 330//330 329//329
f 306//306 307//307 330//330
f 307//307 331//331 330//330
f 307//307 308//308 331//331
f 308//308 332//332 331//331
f 308//308 309//309 332//332
f 309//309 333//333 332//332
f 309//309 310//310 333//333
f 310//310 334//334 333//333
f 310//310 311//311 334//334
f 311//311 335//335 334//334
f 311//311 312//312 335//335
f 312//312 336//336 335//335
f 312//312 289//289 336//336
f 289//289 313//313 336//336
f 313//313 314//314 337//337
f 314//314 338//338 337//337
f 314//314 315//315 338//338
f 315//315 339//339 338//338
f 315//315 316//316 339//339
f 316//316 340//340 339//339
f 316//316 317//317 340//340
f 317//317 341//341 340//340
f 317//317 318//318 341//341
f 318//318 342//342 341//341
f 318//318 319//319 342//342
f 319//319 343//343 342//342
f 319//319 320//320 343//343
f 320//320 344//344 343//343
f 320//320 321//321 344//344
f 321//321 345//345 344//344
f 321//321 322//322 345//345
f 322//322 346//346 345//345
f 322//322 323//323 346//346
f 323//323 347//347 346//346
f 323//323 324//324 347//347
f 324//324 348//348 347//347
f 324//324 325//325 348//348
f 325//325 349//349 348//348
f 325//325 326//326 349//349
f 326//326 350//350 349//349
f 326//326 327//327 350//350
f 327//327 351//351 350//350
f 327//327 328//328 351//351
f 328//328 352//352 351//351
f 328//328 329//329 352//352
f 329//329 353//353 352//352
f 329//329 330//330 353//353
f 330//330 354//354 353//353
f 330//330 331//331 354//354
f 331//331 355//355 354//354
f 331//331 332//332 355//355
f 332//332 356//356 355//355
f 332//332 333//333 356//356
f 333//333 357//357 356//356
f 333//333 334//334 357//357
f 334//334 358//358 357//357
f 334//334 335//335 358//358
f 335//335 359//359 358//358
f 335//335 336//336 359//359
f 336//336 360//360 359//359
f 336//336 313//313 360//360
f 313//313 337//337 360//360
f 337//337 338//338 361//361
f 338//338 362//362 361//361
f 338//338 339//339 362//362
f 339//339 363//363 362//362
f 339//339 340//340 363//363
f 340//340 364//364 363//363
f 340//340 341//341 364//364
f 341//341 365//365 364//364
f 341//341 342//342 365//365
f 342//342 366//366 365//365
f 342//342 343//343 366//366
f 343//343 367//367 366//366
f 343//343 344//344 367//367
f 344//344 368//368 367//367
f 344//344 345//345 368//368
f 345//345 369//369 368//368
f 345//345 346//346 369//369
f 346//346 370//370 369//369
f 346//346 347//347 370//370
f 347//347 371//371 370//370
f 347//347 348//348 371//371
f 348//348 372//372 371//371
f 348//348 349//349 372//372
f 349//349 373//373 372//372
f 349//349 350//350 373//373
f 350//350 374//374 373//373
f 350//350 351//351 374//374
f 351//351 375//375 374//374
f 351//351 352//352 375//375
f 352//352 376//376 375//375
f 352//352 353//353 376//376
f 353//353 377//377 376//376
f 353//353 354//354 377//377
f 354//354 378//378 377//377
f 354//354 355//355 378//378
f 355//355 379//379 378//378
f 355//355 356//356 379//379
f 356//356 380//380 379//379
f 356//356 357//357 380//380
f 357//357 381//381 380//380
f 357//357 358//358 381//381
f 358//358 382//382 381//381
f 358//358 359//359 382//382
f 359//359 383//383 382//382
f 359//359 360//360 383//383
f 360//360 384//384 383//383
f 360//360 337//337 384//384
f 337//337 361//361 384//384
f 361//361 362//362 385//385
f 362//362 386//386 385//385
f 362//362 363//363 386//386
f 363//363 387//387 386//386
f 363//363 364//364 387//387
f 364//364 388//388 387//387
f 364//364 365//365 388//388
f 365//365 389//389 388//388
f 365//365 366//366 389//389
f 366//366 390//390 389//389
f 366//366 367//367 390//390
f 367//367 391//391 390//390
f 367//367 368//368 391//391
f 368//368 392//392 391//391
f 368//368 369//369 392//392
f 369//369 393//393 392//392
f 369//369 370//370 393//393
f 370//370 394//394 393//393
f 370//370 371//371 394//394
f 371//371 395//395 394//394
f 371//371 372//372 395//395
f 372//372 396//396 395//395
f 372//372 373//373 396//396
f 373//373 397//397 396//396
f 373//373 374//374 397//397
f 374//374 398//398 397//397
f 374//374 375//375 398//398
f 375//375 399//399 398//398
f 375//375 376//376 399//399
f 376//376 400//400 399//399
f 376//376 377//377 400//400
f 377//377 401//401 400//400
f 377//377 378//378 401//401
f 378//378 402//402 401//401
f 378//378 379//379 402//402
f 379//379 403//403 402//402
f 379//379 380//380 403//403
f 380//380 404//404 403//403
f 380//380 381//381 404//404
f 381//381 405//405 404//404
f 381//381 382//382 405//405
f 382//382 406//406 405//405
f 382//382 383//383 406//406
f 383//383 407//407 406//406
f 383//383 384//384 407//407
f 384//384 408//408 407//407
f 384//384 361//361 408//408
f 361//361 385//385 408//408
f 385//385 386//386 409//409
f 386//386 410//410 409//409
f 386//386 387//387 410//410
f 387//387 411//411 410//410
f 387//387 388//388 411//411
f 388//388 412//412 411//411
f 388//388 389//389 412//412
f 389//389 413//413 412//412
f 389//389 390//390 413//413
f 390//390 414//414 413//413
f 390//390 391//391 414//414
f 391//391 415//415 414//414
f 391//391 392//392 415//415
f 392//392 416//416 415//415
f 392//392 393//393 416//416
f 393//393 417//417 416//416
f 393//393 394//394 417//417
f 394//394 418//418 417//417
f 394//394 395//395 418//418
f 395//395 419//419 418//418
f 395//395 396//396 419//419
f 396//396 420//420 419//419
f 396//396 397//397 420//420
f 397//397 421//421 420//420
f 397//397 398//398 421//421
f 398//398 422//422 421//421
f 398//398 399//399 422//422
f 399//399 423//423 422//422
f 399//399 400//400 423//423
f 400//400 424//424 423//423
f 400//400 401//401 424//424
f 401//401 425//425 424//424
f 401//401 402//402 425//425
f 402//402 426//426 425//425
f 402//402 403//403 426//426
f 403//403 427//427 426//426
f 403//403 404//404 427//427
f 404//404 428//428 427//427
f 404//404 405//405 428//428
f 405//405 429//429 428//428
f 405//405 406//406 429//429
f 406//406 430//430 429//429
f 406//406 407//407 430//430
f 407//407 431//431 430//430
f 407//407 408//408 431//431
f 408//408 432//432 431//431
f 408//408 385//385 432//432
f 385//385 409//409 432//432
f 409//409 410//410 433//433
f 410//410 434//434 433//433
f 410//410 411//411 434//434
f 411//411 435//435 434//434
f 411//411 412//412 435//435
f 412//412 436//436 435//435
f 412//412 413//413 436//436
f 413//413 437//437 436//436
f 413//413 414//414 437//437
f 414//414 438//438 437//437
f 414//414 415//415 438//438
f 415//415 439//439 438//438
f 415//415 416//416 439//439
f 416//416 440//440 439//439
f 416//416 417//417 440//440
f 417//417 441//441 440//440
f 417//417 418//418 441//441
f 418//418 442//442 441//441
f 418//418 419//419 442//442
f 419//419 443//443 442//442
f 419//419 420//420 443//443
f 420//420 444//444 443//443
f 420//420 421//421 444//444
f 421//421 445//445 444//444
f 421//421 422//422 445//445
f 422//422 446//446 445//445
f 422//422 423//423 446//446
f 423//423 447//447 446//446
f 423//423 424//424 447//447
f 424//424 448//448 447//447
f 424//424 425//425 448//448
f 425//425 449//449 448//448
f 425//425 426//426 449//449
f 426//426 450//450 449//449
f 426//426 427//427 450//450
f 427//427 451//451 450//450
f 427//427 428//428 451//451
f 428//428 452//452 451//451
f 428//428 429//429 452//452
f 429//429 453//453 452//452
f 429//429 430//430 453//453
f 430//430 454//454 453//453
f 430//430 431//431 454//454
f 431//431 455//455 454//454
f 431//431 432//432 455//455
f 432//432 456//456 455//455
f 432//432 409//409 456//456
f 409//409 433//433 456//456
f 433//433 434//434 457//457
f 434//434 458//458 457//457
f 434//434 435//435 458//458
f 435//435 459//459 458//458
f 435//435 436//436 459//459
f 436//436 460//460 459//459
f 436//436 437//437 460//460
f 437//437 461//461 460//460
f 437//437 438//438 461//461
f 438//438 462//462 461//461
f 438//438 439//439 462//462
f 439//439 463//463 462//462
f 439//439 440//440 463//463
f 440//440 464//464 463//463
f 440//440 441//441 464//464
f 441//441 465//465 464//464
f 441//441 442//442 465//465
f 442//442 466//466 465//465
f 442//442 443//443 466//466
f 443//443 467//467 466//466
f 443//443 444//444 467//467
f 444//444 468//468 467//467
f 444//444 445//445 468//468
f 445//445 469//469 468//468
f 445//445 446//446 469//469
f 446//446 470//470 469//469
f 446//446 447//447 470//470
f 447//447 471//471 470//470
f 447//447 448//448 471//471
f 448//448 472//472 471//471
f 448//448 449//449 472//472
f 449//449 473//473 472//472
f 449//449 450//450 473//473
f 450//450 474//474 473//473
f 450//450 451//451 474//474
f 451//451 475//475 474//474
f 451//451 452//452 475//475
f 452//452 476//476 475//475
f 452//452 453//453 476//476
f 453//453 477//477 476//476
f 453//453 454//454 477//477
f 454//454 478//478 477//477
f 454//454 455//455 478//478
f 455//455 479//479 478//478
f 455//455 456//456 479//479
f 456//456 480//480 479//479
f 456//456 433//433 480//480
f 433//433 457//457 480//480
f 457//457 458//458 481//481
f 458//458 482//482 481//481
f 458//458 459//459 482//482
f 459//459 483//483 482//482
f 459//459 460//460 483//483
f 460//460 484//484 483//483
f 460//460 461//461 484//484
f 461//461 485//485 484//484
f 461//461 462//462 485//485
f 462//462 486//486 485//485
f 462//462 463//463 486//486
f 463//463 487//487 486//486
f 463//463 464//464 487//487
f 464//464 488//488 487//487
f 464//464 465//465 488//488
f 465//465 489//489 488//488
f 465//465 466//466 489//489
f 466//466 490//490 489//489
f 466//466 467//467 490//490
f 467//467 491//491 490//490
f 467//467 468//468 491//491
f 468//468 492//492 491//491
f 468//468 469//469 492//492
f 469//469 493//493 492//492
f 469//469 470//470 493//493
f 470//470 494//494 493//493
f 470//470 471//471 494//494
f 471//471 495//495 494//494
f 471//471 472//472 495//495
f 472//472 496//496 495//495
f 472//472 473//473 496//496
f 473//473 497//497 496//496
f 473//473 474//474 497//497
f 474//474 498//498 497//497
f 474//474 475//475 498//498
f 475//475 499//499 498//498
f 475//475 476//476 499//499
f 476//476 500//500 499//499
f 476//476 477//477 500//500
f 477//477 501//501 500//500
f 477//477 478//478 501//501
f 478//478 502//502 501//501
f 478//478 479//479 502//502
f 479//479 503//503 502//502
f 479//479 480//480 503//503
f 480//480 504//504 503//503
f 480//480 457//457 504//504
f 457//457 481//481 504//504
f 481//481 482//482 505//505
f 482//482 506//506 505//505
f 482//482 483//483 506//506
f 483//483 507//507 506//506
f 483//483 484//484 507//507
f 484//484 508//508 507//507
f 484//484 485//485 508//508
f 485//485 509//509 508//508
f 485//485 486//486 509//509
f 486//486 510//510 509//509
f 486//486 487//487 510//510
f 487//487 511//511 510//510
f 487//487 488//488 511//511
f 488//488 512//512 511//511
f 488//488 489//489 512//512
f 489//489 513//513 512//512
f 489//489 490//490 513//513
f 490//490 514//514 513//513
f 490//490 491//491 514//514
f 491//491 515//515 514//514
f 491//491 492//492 515//515
f 492//492 516//516 515//515
f 492//492 493//493 516//516
f 493//493 517//517 516//516
f 493//493 494//494 517//517
f 494//494 518//518 517//517
f 494//494 495//495 518//518
f 495//495 519//519 518//518
f 495//495 496//496 519//519
f 496//496 520//520 519//519
f 496//496 497//497 520//520
f 497//497 521//521 520//520
f 497//497 498//498 521//521
f 498//498 522//522 521//521
f 498//498 499//499 522//522
f 499//499 523//523 522//522
f 499//499 500//500 523//523
f 500//500 524//524 523//523
f 500//500 501//501 524//524
f 501//501 525//525 524//524
f 501//501 502//502 525//525
f 502//502 526//526 525//525
f 502//502 503//503 526//526
f 503//503 527//527 526//526
f 503//503 504//504 527//527
f 504//504 528//528 527//527
f 504//504 481//481 528//528
f 481//481 505//505 528//528
f 505//505 506//506 529//529
f 506//506 530//530 529//529
f 506//506 507//507 530//530
f 507//507 531//531 530//530
f 507//507 508//508 531//531
f 508//508 532//532 531//531
f 508//508 509//509 532//532
f 509//509 533//533 532//532
f 509//509 510//510 533//533
f 510//510 534//534 533//533
f 510//510 511//511 534//534
f 511//511 535//535 534//534
f 511//511 512//512 535//535
f 512//512 536//536 535//535
f 512//512 513//513 536//536
f 513//513 537//537 536//536
f 513//513 514//514 537//537
f 514//514 538//538 537//537
f 514//514 515//515 538//538
f 515//515 539//539 538//538
f 515//515 516//516 539//539
f 516//516 540//540 539//539
f 516//516 517//517 540//540
f 517//517 541//541 540//540
f 517//517 518//518 541//541
f 518//518 542//542 541//541
f 518//518 519//519 542//542
f 519//519 543//543 542//542
f 519//519 520//520 543//543
f 520//520 544//544 543//543
f 520//520 521//521 544//544
f 521//521 545//545 544//544
f 521//521 522//522 545//545
f 522//522 546//546 545//545
f 522//522 523//523 546//546
f 523//523 547//547 546//546
f 523//523 524//524 547//547
f 524//524 548//548 547//547
f 524//524 525//525 548//548
f 525//525 549//549 548//548
f 525//525 526//526 549//549
f 526//526 550//550 549//549
f 526//526 527//527 550//550
f 527//527 551//551 550//550
f 527//527 528//528 551//551
f 528//528 552//552 551//551
f 528//528 505//505 552//552
f 505//505 529//529 552//552
f 529//529 530//530 553//553
f 530//530 554//554 553//553
f 530//530 531//531 554//554
f 531//531 555//555 554//554
f 531//531 532//532 555//555
f 532//532 556//556 555//555
f 532//532 533//533 556//556
f 533//533 557//557 556//556
f 533//533 534//534 557//557
f 534//534 558//558 557//557
f 534//534 535//535 558//558
f 535//535 559//559 558//558
f 535//535 536//536 559//559
f 536//536 560//560 559//559
f 536//536 537//537 560//560
f 537//537 561//561 560//560
f 537//537 538//538 561//561
f 538//538 562//562 561//561
f 538//538 539//539 562//562
f 539//539 563//563 562//562
f 539//539 540//540 563//563
f 540//540 564//564 563//563
f 540//540 541//541 564//564
f 541//541 565//565 564//564
f 541//541 542//542 565//565
f 542//542 566//566 565//565
f 542//542 543//543 566//566
f 543//543 567//567 566//566
f 543//543 544//544 567//567
f 544//544 568//568 567//567
f 544//544 545//545 568//568
f 545//545 569//569 568//568
f 545//545 546//546 569//569
f 546//546 570//570 569//569
f 546//546 547//547 570//570
f 547//547 571//571 570//570
f 547//547 548//548 571//571
f 548//548 572//572 571//571
f 548//548 549//549 572//572
f 549//549 573//573 572//572
f 549//549 550//550 573//573
f 550//550 574//574 573//573
f 550//550 551//551 574//574
f 551//551 575//575 574//574
f 551//551 552//552 575//575
f 552//552 576//576 575//575
f 552//552 529//529 576//576
f 529//529 553//553 576//576
f 553//553 554//554 577//577
f 554//554 578//578 577//577
f 554//554 555//555 578//578
f 555//555 579//579 578//578
f 555//555 556//556 579//579
f 556//556 580//580 579//579
f 556//556 557//557 580//580
f 557//557 581//581 580//580
f 557//557 558//558 581//581
f 558//558 582//582 581//581
f 558//558 559//559 582//582
f 559//559 583//583 582//582
f 559//559 560//560 583//583
f 560//560 584//584 583//583
f 560//560 561//561 584//584
f 561//561 585//585 584//584
f 561//561 562//562 585//585
f 562//562 586//586 585//585
f 562//562 563//563 586//586
f 563//563 587//587 586//586
f 563//563 564//564 587//587
f 564//564 588//588 587//587
f 564//564 565//565 588//588
f 565//565 589//589 588//588
f 565//565 566//566 589//589
f 566//566 590//590 589//589
f 566//566 567//567 590//590
f 567//567 591//591 590//590
f 567//567 568//568 591//591
f 568//568 592//592 591//591
f 568//568 569//569 592//592
f 569//569 593//593 592//592
f 569//569 570//570 593//593
f 570//570 594//594 593//593
f 570//570 571//571 594//594
f 571//571 595//595 594//594
f 571//571 572//572 595//595
f 572//572 596//596 595//595
f 572//572 573//573 596//596
f 573//573 597//597 596//596
f 573//573 574//574 597//597
f 574//574 598//598 597//597
f 574//574 575//575 598//598
f 575//575 599//599 598//598
f 575//575 576//576 599//599
f 576//576 600//600 599//599
f 576//576 553//553 600//600
f 553//553 577//577 600//600
f 577//577 578//578 601//601
f 578//578 602//602 601//601
f 578//578 579//579 602//602
f 579//579 603//603 602//602
f 579//579 580//580 603//603
f 580//580 604//604 603//603
f 580//580 581//581 604//604
f 581//581 605//605 604//604
f 581//581 582//582 605//605
f 582//582 606//606 605//605
f 582//582 583//583 606//606
f 583//583 607//607 606//606
f 583//583 584//584 607//607
f 584//584 608//608 607//607
f 584//584 585//585 608//608
f 585//585 609//609 608//608
f 585//585 586//586 609//609
f 586//586 610//610 609//609
f 586//586 587//587 610//610
f 587//587 611//611 610//610
f 587//587 588//588 611//611
f 588//588 612//612 611//611
f 588//588 589//589 612//612
f 589//589 613//613 612//612
f 589//589 590//590 613//613
f 590//590 614//614 613//613
f 590//590 591//591 614//614
f 591//591 615//615 614//614
f 591//591 592//592 615//615
f 592//592 616//616 615//615
f 592//592 593//593 616//616
f 593//593 617//617 616//616
f 593//593 594//594 617//617
f 594//594 618//618 617//617
f 594//594 595//595 618//618
f 595//595 619//619 618//618
f 595//595 596//596 619//619
f 596//596 620//620 619//619
f 596//596 597//597 620//620
f 597//597 621//621 620//620
f 597//597 598//598 621//621
f 598//598 622//622 621//621
f 598//598 599//599 622//622
f 599//599 623//623 622//622
f 599//599 600//600 623//623
f 600//600 624//624 623//623
f 600//600 577//577 624//624
f 577//577 601//601 624//624
f 601//601 602//602 625//625
f 602//602 626//626 625//625
f 602//602 603//603 626//626
f 603//603 627//627 626//626
f 603//603 604//604 627//627
f 604//604 628//628 627//627
f 604//604 605//605 628//628
f 605//605 629//629 628//628
f 605//605 606//606 629//629
f 606//606 630//630 629//629
f 606//606 607//607 630//630
f 607//607 631//631 630//630
f 607//607 608//608 631//631
f 608//608 632//632 631//631
f 608//608 609//609 632//632
f 609//609 633//633 632//632
f 609//609 610//610 633//633
f 610//610 634//634 633//633
f 610//610 611//611 634//634
f 611//611 635//635 634//634
f 611//611 612//612 635//635
f 612//612 636//636 635//635
f 612//612 613//613 636//636
f 613//613 637//637 636//636
f 613//613 614//614 637//637
f 614//614 638//638 637//637
f 614//614 615//615 638//638
f 615//615 639//639 638//638
f 615//615 616//616 639//639
f 616//616 640//640 639//639
f 616//616 617//617 640//640
f 617//617 641//641 640//640
f 617//617 618//618 641//641
f 618//618 642//642 641//641
f 618//618 619//619 642//642
f 619//619 643//643 642//642
f 619//619 620//620 643//643
f 620//620 644//644 643//643
f 620//620 621//621 644//644
f 621//621 645//645 644//644
f 621//621 622//622 645//645
f 622//622 646//646 645//645
f 622//622 623//623 646//646
f 623//623 647//647 646//646
f 623//623 624//624 647//647
f 624//624 648//648 647//647
f 624//624 601//601 648//648
f 601//601 625//625 648//648
f 625//625 626//626 649//649
f 626//626 650//650 649//649
f 626//626 627//627 650//650
f 627//627 651//651 650//650
f 627//627 628//628 651//651
f 628//628 652//652 651//651
f 628//628 629//629 652//652
f 629//629 653//653 652//652
f 629//629 630//630 653//653
f 630//630 654//654 653//653
f 630//630 631//631 654//654
f 631//631 655//655 654//654
f 631//631 632//632 655//655
f 632//632 656//656 655//655
f 632//632 633//633 656//656
f 633//633 657//657 656//656
f 633//633 634//634 657//657
f 634//634 658//658 657//657
f 634//634 635//635 658//658
f 635//635 659//659 658//658
f 635//635 636//636 659//659
f 636//636 660//660 659//659
f 636//636 637//637 660//660
f 637//637 661//661 660//660
f 637//637 638//638 661//661
f 638//638 662//662 661//661
f 638//638 639//639 662//662
f 639//639 663//663 662//662
f 639//639 640//640 663//663
f 640//640 664//664 663//663
f 640//640 641//641 664//664
f 641//641 665//665 664//664
f 641//641 642//642 665//665
f 642//642 666//666 665//665
f 642//642 643//643 666//666
f 643//643 667//667 666//666
f 643//643 644//644 667//667
f 644//644 668//668 667//667
f 644//644 645//645 668//668
f 645//645 669//669 668//668
f 645//645 646//646 669//669
f 646//646 670//670 669//669
f 646//646 647//647 670//670
f 647//647 671//671 670//670
f 647//647 648//648 671//671
f 648//648 672//672 671//671
f 648//648 625//625 672//672
f 625//625 649//649 672//672
f 649//649 650//650 289//289
f 650//650 290//290 289//289
f 650//650 651//651 290//290
f 651//651 291//291 290//290
f 651//651 652//652 291//291
f 652//652 292//292 291//291
f 652//652 653//653 292//292
f 653//653 293//293 292//292
f 653//653 654//654 293//293
f 654//654 294//294 293//293
f 654//654 655//655 294//294
f 655//655 295//295 294//294
f 655//655 656//656 295//295
f 656//656 296//296 295//295
f 656//656 657//657 296//296
f 657//657 297//297 296//296
f 657//657 658//658 297//297
f 658//658 298//298 297//297
f 658//658 659//659 298//298
f 659//659 299//299 298//298
f 659//659 660//660 299//299
f 660//660 300//300 299//299
f 660//660 661//661 300//300
f 661//661 301//301 300//300
f 661//661 662//662 301//301
f 662//662 302//302 301//301
f 662//662 663//663 302//302
f 663//663 303//303 302//302
f 663//663 664//664 303//303
f 664//664 304//304 303//303
f 664//664 665//665 304//304
f 665//665 305//305 304//304
f 665//665 666//666 305//305
f 666//666 306//306 305//305
f 666//666 667//667 306//306
f 667//667 307//307 306//306
f 667//667 668//668 307//307
f 668//668 308//308 307//307
f 668//668 669//669 308//308
f 669//669 309//309 308//308
f 669//669 670//670 309//309
f 670//670 310//310 309//309
f 670//670 671//671 310//310
f 671//671 311//311 310//310
f 671//671 672//672 311//311
f 672//672 312//312 311//311
f 672//672 649//649 312//312
f 649//649 289//289 312//312
