# Mira staff development candidate; metres; no game rendering
o Mira-staff-v63
g S01
v 0 0.004000000189989805 0
v 0.017999999225139618 0.004000000189989805 0
v 0.016629831865429878 0.004000000189989805 0.006888301577419043
v 0.012727921828627586 0.004000000189989805 0.012727921828627586
v 0.006888301577419043 0.004000000189989805 0.016629831865429878
v 1.1021820804726868e-18 0.004000000189989805 0.017999999225139618
v -0.006888301577419043 0.004000000189989805 0.016629831865429878
v -0.012727921828627586 0.004000000189989805 0.012727921828627586
v -0.016629831865429878 0.004000000189989805 0.006888301577419043
v -0.017999999225139618 0.004000000189989805 2.2043641609453735e-18
v -0.016629831865429878 0.004000000189989805 -0.006888301577419043
v -0.012727921828627586 0.004000000189989805 -0.012727921828627586
v -0.006888301577419043 0.004000000189989805 -0.016629831865429878
v -3.306546344815637e-18 0.004000000189989805 -0.017999999225139618
v 0.006888301577419043 0.004000000189989805 -0.016629831865429878
v 0.012727921828627586 0.004000000189989805 -0.012727921828627586
v 0.016629831865429878 0.004000000189989805 -0.006888301577419043
v 0.017999999225139618 0.004000000189989805 0
v 0.017999999225139618 0.004000000189989805 0
v 0.017999999225139618 0.029999999329447746 0
v 0.016629831865429878 0.004000000189989805 0.006888301577419043
v 0.016629831865429878 0.029999999329447746 0.006888301577419043
v 0.016629831865429878 0.004000000189989805 0.006888301577419043
v 0.016629831865429878 0.029999999329447746 0.006888301577419043
v 0.012727921828627586 0.004000000189989805 0.012727921828627586
v 0.012727921828627586 0.029999999329447746 0.012727921828627586
v 0.006888301577419043 0.004000000189989805 0.016629831865429878
v 0.006888301577419043 0.029999999329447746 0.016629831865429878
v 0.006888301577419043 0.004000000189989805 0.016629831865429878
v 0.006888301577419043 0.029999999329447746 0.016629831865429878
v 1.1021820804726868e-18 0.004000000189989805 0.017999999225139618
v 1.1021820804726868e-18 0.029999999329447746 0.017999999225139618
v -0.006888301577419043 0.004000000189989805 0.016629831865429878
v -0.006888301577419043 0.029999999329447746 0.016629831865429878
v -0.006888301577419043 0.004000000189989805 0.016629831865429878
v -0.006888301577419043 0.029999999329447746 0.016629831865429878
v -0.012727921828627586 0.004000000189989805 0.012727921828627586
v -0.012727921828627586 0.029999999329447746 0.012727921828627586
v -0.016629831865429878 0.004000000189989805 0.006888301577419043
v -0.016629831865429878 0.029999999329447746 0.006888301577419043
v -0.016629831865429878 0.004000000189989805 0.006888301577419043
v -0.016629831865429878 0.029999999329447746 0.006888301577419043
v -0.017999999225139618 0.004000000189989805 2.2043641609453735e-18
v -0.017999999225139618 0.029999999329447746 2.2043641609453735e-18
v -0.016629831865429878 0.004000000189989805 -0.006888301577419043
v -0.016629831865429878 0.029999999329447746 -0.006888301577419043
v -0.016629831865429878 0.004000000189989805 -0.006888301577419043
v -0.016629831865429878 0.029999999329447746 -0.006888301577419043
v -0.012727921828627586 0.004000000189989805 -0.012727921828627586
v -0.012727921828627586 0.029999999329447746 -0.012727921828627586
v -0.006888301577419043 0.004000000189989805 -0.016629831865429878
v -0.006888301577419043 0.029999999329447746 -0.016629831865429878
v -0.006888301577419043 0.004000000189989805 -0.016629831865429878
v -0.006888301577419043 0.029999999329447746 -0.016629831865429878
v -3.306546344815637e-18 0.004000000189989805 -0.017999999225139618
v -3.306546344815637e-18 0.029999999329447746 -0.017999999225139618
v 0.006888301577419043 0.004000000189989805 -0.016629831865429878
v 0.006888301577419043 0.029999999329447746 -0.016629831865429878
v 0.006888301577419043 0.004000000189989805 -0.016629831865429878
v 0.006888301577419043 0.029999999329447746 -0.016629831865429878
v 0.012727921828627586 0.004000000189989805 -0.012727921828627586
v 0.012727921828627586 0.029999999329447746 -0.012727921828627586
v 0.016629831865429878 0.004000000189989805 -0.006888301577419043
v 0.016629831865429878 0.029999999329447746 -0.006888301577419043
v 0.016629831865429878 0.004000000189989805 -0.006888301577419043
v 0.016629831865429878 0.029999999329447746 -0.006888301577419043
v 0.017999999225139618 0.004000000189989805 0
v 0.017999999225139618 0.029999999329447746 0
v 0.020999999716877937 1.4179999828338623 0
v 0.019401470199227333 1.4179999828338623 0.008036351762712002
v 0.019401470199227333 1.4179999828338623 0.008036351762712002
v 0.014849242754280567 1.4179999828338623 0.014849242754280567
v 0.008036351762712002 1.4179999828338623 0.019401470199227333
v 0.008036351762712002 1.4179999828338623 0.019401470199227333
v 1.2858791455835895e-18 1.4179999828338623 0.020999999716877937
v -0.008036351762712002 1.4179999828338623 0.019401470199227333
v -0.008036351762712002 1.4179999828338623 0.019401470199227333
v -0.014849242754280567 1.4179999828338623 0.014849242754280567
v -0.019401470199227333 1.4179999828338623 0.008036351762712002
v -0.019401470199227333 1.4179999828338623 0.008036351762712002
v -0.020999999716877937 1.4179999828338623 2.571758291167179e-18
v -0.019401470199227333 1.4179999828338623 -0.008036351762712002
v -0.019401470199227333 1.4179999828338623 -0.008036351762712002
v -0.014849242754280567 1.4179999828338623 -0.014849242754280567
v -0.008036351762712002 1.4179999828338623 -0.019401470199227333
v -0.008036351762712002 1.4179999828338623 -0.019401470199227333
v -3.8576374367507685e-18 1.4179999828338623 -0.020999999716877937
v 0.008036351762712002 1.4179999828338623 -0.019401470199227333
v 0.008036351762712002 1.4179999828338623 -0.019401470199227333
v 0.014849242754280567 1.4179999828338623 -0.014849242754280567
v 0.019401470199227333 1.4179999828338623 -0.008036351762712002
v 0.019401470199227333 1.4179999828338623 -0.008036351762712002
v 0.020999999716877937 1.4179999828338623 0
v 0.020999999716877937 1.4179999828338623 0
v 0 1.4179999828338623 0
v 0.019401470199227333 1.4179999828338623 0.008036351762712002
v 0.014849242754280567 1.4179999828338623 0.014849242754280567
v 0.008036351762712002 1.4179999828338623 0.019401470199227333
v 1.2858791455835895e-18 1.4179999828338623 0.020999999716877937
v -0.008036351762712002 1.4179999828338623 0.019401470199227333
v -0.014849242754280567 1.4179999828338623 0.014849242754280567
v -0.019401470199227333 1.4179999828338623 0.008036351762712002
v -0.020999999716877937 1.4179999828338623 2.571758291167179e-18
v -0.019401470199227333 1.4179999828338623 -0.008036351762712002
v -0.014849242754280567 1.4179999828338623 -0.014849242754280567
v -0.008036351762712002 1.4179999828338623 -0.019401470199227333
v -3.8576374367507685e-18 1.4179999828338623 -0.020999999716877937
v 0.008036351762712002 1.4179999828338623 -0.019401470199227333
v 0.014849242754280567 1.4179999828338623 -0.014849242754280567
v 0.019401470199227333 1.4179999828338623 -0.008036351762712002
v 0.020999999716877937 1.4179999828338623 0
vt 0 0
vt 0 0.017999999225139618
vt 0.0625 0.017999999225139618
vt 0.125 0.017999999225139618
vt 0.1875 0.017999999225139618
vt 0.25 0.017999999225139618
vt 0.3125 0.017999999225139618
vt 0.375 0.017999999225139618
vt 0.4375 0.017999999225139618
vt 0.5 0.017999999225139618
vt 0.5625 0.017999999225139618
vt 0.625 0.017999999225139618
vt 0.6875 0.017999999225139618
vt 0.75 0.017999999225139618
vt 0.8125 0.017999999225139618
vt 0.875 0.017999999225139618
vt 0.9375 0.017999999225139618
vt 1 0.017999999225139618
vt 0 0.017999999225139618
vt 0 0.04399999976158142
vt 0.0625 0.017999999225139618
vt 0.0625 0.04399999976158142
vt 0.0625 0.017999999225139618
vt 0.0625 0.04399999976158142
vt 0.125 0.017999999225139618
vt 0.125 0.04399999976158142
vt 0.1875 0.017999999225139618
vt 0.1875 0.04399999976158142
vt 0.1875 0.017999999225139618
vt 0.1875 0.04399999976158142
vt 0.25 0.017999999225139618
vt 0.25 0.04399999976158142
vt 0.3125 0.017999999225139618
vt 0.3125 0.04399999976158142
vt 0.3125 0.017999999225139618
vt 0.3125 0.04399999976158142
vt 0.375 0.017999999225139618
vt 0.375 0.04399999976158142
vt 0.4375 0.017999999225139618
vt 0.4375 0.04399999976158142
vt 0.4375 0.017999999225139618
vt 0.4375 0.04399999976158142
vt 0.5 0.017999999225139618
vt 0.5 0.04399999976158142
vt 0.5625 0.017999999225139618
vt 0.5625 0.04399999976158142
vt 0.5625 0.017999999225139618
vt 0.5625 0.04399999976158142
vt 0.625 0.017999999225139618
vt 0.625 0.04399999976158142
vt 0.6875 0.017999999225139618
vt 0.6875 0.04399999976158142
vt 0.6875 0.017999999225139618
vt 0.6875 0.04399999976158142
vt 0.75 0.017999999225139618
vt 0.75 0.04399999976158142
vt 0.8125 0.017999999225139618
vt 0.8125 0.04399999976158142
vt 0.8125 0.017999999225139618
vt 0.8125 0.04399999976158142
vt 0.875 0.017999999225139618
vt 0.875 0.04399999976158142
vt 0.9375 0.017999999225139618
vt 0.9375 0.04399999976158142
vt 0.9375 0.017999999225139618
vt 0.9375 0.04399999976158142
vt 1 0.017999999225139618
vt 1 0.04399999976158142
vt 0 1.4320032596588135
vt 0.0625 1.4320032596588135
vt 0.0625 1.4320032596588135
vt 0.125 1.4320032596588135
vt 0.1875 1.4320032596588135
vt 0.1875 1.4320032596588135
vt 0.25 1.4320032596588135
vt 0.3125 1.4320032596588135
vt 0.3125 1.4320032596588135
vt 0.375 1.4320032596588135
vt 0.4375 1.4320032596588135
vt 0.4375 1.4320032596588135
vt 0.5 1.4320032596588135
vt 0.5625 1.4320032596588135
vt 0.5625 1.4320032596588135
vt 0.625 1.4320032596588135
vt 0.6875 1.4320032596588135
vt 0.6875 1.4320032596588135
vt 0.75 1.4320032596588135
vt 0.8125 1.4320032596588135
vt 0.8125 1.4320032596588135
vt 0.875 1.4320032596588135
vt 0.9375 1.4320032596588135
vt 0.9375 1.4320032596588135
vt 1 1.4320032596588135
vt 0 1.4320032596588135
vt 0 1.4530032873153687
vt 0.0625 1.4320032596588135
vt 0.125 1.4320032596588135
vt 0.1875 1.4320032596588135
vt 0.25 1.4320032596588135
vt 0.3125 1.4320032596588135
vt 0.375 1.4320032596588135
vt 0.4375 1.4320032596588135
vt 0.5 1.4320032596588135
vt 0.5625 1.4320032596588135
vt 0.625 1.4320032596588135
vt 0.6875 1.4320032596588135
vt 0.75 1.4320032596588135
vt 0.8125 1.4320032596588135
vt 0.875 1.4320032596588135
vt 0.9375 1.4320032596588135
vt 1 1.4320032596588135
vn 0 -1 0
vn 0 -1 0
vn 0 -1 0
vn 0 -1 0
vn 0 -1 0
vn 0 -1 0
vn 0 -1 0
vn 0 -1 0
vn 0 -1 0
vn 0 -1 0
vn 0 -1 0
vn 0 -1 0
vn 0 -1 0
vn 0 -1 0
vn 0 -1 0
vn 0 -1 0
vn 0 -1 0
vn 0 -1 0
vn 0.997809112071991 0 -0.06615886092185974
vn 0.9999993443489075 -0.0011384633835405111 8.15275882359856e-8
vn 0.997809112071991 0 -0.06615886092185974
vn 0.9999993443489075 -0.0011384633835405111 8.15275882359856e-8
vn 0.9965960383415222 0 0.08243957906961441
vn 0.9932417869567871 -0.0010332894744351506 0.1160590872168541
vn 0.7523389458656311 0 0.6587762236595154
vn 0.707106351852417 -0.0010806899517774582 0.7071064114570618
vn 0.14564691483974457 0 0.9893366098403931
vn 0.11605899035930634 -0.0011809022398665547 0.9932416081428528
vn 0.06615886092185974 0 0.997809112071991
vn -8.15275882359856e-8 -0.0011384633835405111 0.9999993443489075
vn 0.06615886092185974 0 0.997809112071991
vn -8.15275882359856e-8 -0.0011384633835405111 0.9999993443489075
vn 0.06615886092185974 0 0.997809112071991
vn -8.15275882359856e-8 -0.0011384633835405111 0.9999993443489075
vn -0.08243957906961441 0 0.9965960383415222
vn -0.1160590872168541 -0.0010332894744351506 0.9932417869567871
vn -0.6587762236595154 0 0.7523389458656311
vn -0.7071064114570618 -0.0010806899517774582 0.707106351852417
vn -0.9893366098403931 0 0.14564691483974457
vn -0.9932416081428528 -0.0011809022398665547 0.11605899035930634
vn -0.997809112071991 0 0.06615886092185974
vn -0.9999993443489075 -0.0011384633835405111 -8.15275882359856e-8
vn -0.997809112071991 0 0.06615886092185974
vn -0.9999993443489075 -0.0011384633835405111 -8.15275882359856e-8
vn -0.997809112071991 0 0.06615886092185974
vn -0.9999993443489075 -0.0011384633835405111 -8.15275882359856e-8
vn -0.9965960383415222 0 -0.08243957906961441
vn -0.9932417869567871 -0.0010332894744351506 -0.1160590872168541
vn -0.7523389458656311 0 -0.6587762236595154
vn -0.707106351852417 -0.0010806899517774582 -0.7071064114570618
vn -0.14564691483974457 0 -0.9893366098403931
vn -0.11605899035930634 -0.0011809022398665547 -0.9932416081428528
vn -0.06615886092185974 0 -0.997809112071991
vn 8.15275882359856e-8 -0.0011384633835405111 -0.9999993443489075
vn -0.06615886092185974 0 -0.997809112071991
vn 8.15275882359856e-8 -0.0011384633835405111 -0.9999993443489075
vn -0.06615886092185974 0 -0.997809112071991
vn 8.15275882359856e-8 -0.0011384633835405111 -0.9999993443489075
vn 0.08243957906961441 0 -0.9965960383415222
vn 0.1160590872168541 -0.0010332894744351506 -0.9932417869567871
vn 0.6587762236595154 0 -0.7523389458656311
vn 0.7071064114570618 -0.0010806899517774582 -0.707106351852417
vn 0.9893366098403931 0 -0.14564691483974457
vn 0.9932416081428528 -0.0011809022398665547 -0.11605899035930634
vn 0.997809112071991 0 -0.06615886092185974
vn 0.9999993443489075 -0.0011384633835405111 8.15275882359856e-8
vn 0.997809112071991 0 -0.06615886092185974
vn 0.9999993443489075 -0.0011384633835405111 8.15275882359856e-8
vn 0.9978067874908447 -0.002156643196940422 0.06615865230560303
vn 0.9978063702583313 -0.0023343325592577457 0.0661587119102478
vn 0.9807827472686768 -0.0022573096211999655 0.19508984684944153
vn 0.6587746739387512 -0.002156643196940422 0.7523372173309326
vn 0.19508978724479675 -0.002203721785917878 0.9807829260826111
vn -0.0661587119102478 -0.0023343325592577457 0.9978063702583313
vn -0.06615865230560303 -0.002156643196940422 0.9978067874908447
vn -0.0661587119102478 -0.0023343325592577457 0.9978063702583313
vn -0.19508984684944153 -0.0022573096211999655 0.9807827472686768
vn -0.7523372173309326 -0.002156643196940422 0.6587746739387512
vn -0.9807829260826111 -0.002203721785917878 0.19508978724479675
vn -0.9978063702583313 -0.0023343325592577457 -0.0661587119102478
vn -0.9978067874908447 -0.002156643196940422 -0.06615865230560303
vn -0.9978063702583313 -0.0023343325592577457 -0.0661587119102478
vn -0.9807827472686768 -0.0022573096211999655 -0.19508984684944153
vn -0.6587746739387512 -0.002156643196940422 -0.7523372173309326
vn -0.19508978724479675 -0.002203721785917878 -0.9807829260826111
vn 0.0661587119102478 -0.0023343325592577457 -0.9978063702583313
vn 0.06615865230560303 -0.002156643196940422 -0.9978067874908447
vn 0.0661587119102478 -0.0023343325592577457 -0.9978063702583313
vn 0.19508984684944153 -0.0022573096211999655 -0.9807827472686768
vn 0.7523372173309326 -0.002156643196940422 -0.6587746739387512
vn 0.9807829260826111 -0.002203721785917878 -0.19508978724479675
vn 0.9978063702583313 -0.0023343325592577457 0.0661587119102478
vn 0.9978067874908447 -0.002156643196940422 0.06615865230560303
vn 0 1 0
vn 0 1 0
vn 0 1 0
vn 0 1 0
vn 0 1 0
vn 0 1 0
vn 0 1 0
vn 0 1 0
vn 0 1 0
vn 0 1 0
vn 0 1 0
vn 0 1 0
vn 0 1 0
vn 0 1 0
vn 0 1 0
vn 0 1 0
vn 0 1 0
vn 0 1 0
f 1/1/1 2/2/2 3/3/3
f 1/1/1 3/3/3 4/4/4
f 1/1/1 4/4/4 5/5/5
f 1/1/1 5/5/5 6/6/6
f 1/1/1 6/6/6 7/7/7
f 1/1/1 7/7/7 8/8/8
f 1/1/1 8/8/8 9/9/9
f 1/1/1 9/9/9 10/10/10
f 1/1/1 10/10/10 11/11/11
f 1/1/1 11/11/11 12/12/12
f 1/1/1 12/12/12 13/13/13
f 1/1/1 13/13/13 14/14/14
f 1/1/1 14/14/14 15/15/15
f 1/1/1 15/15/15 16/16/16
f 1/1/1 16/16/16 17/17/17
f 1/1/1 17/17/17 18/18/18
f 19/19/19 20/20/20 21/21/21
f 21/21/21 20/20/20 22/22/22
f 23/23/23 24/24/24 25/25/25
f 25/25/25 24/24/24 26/26/26
f 25/25/25 26/26/26 27/27/27
f 27/27/27 26/26/26 28/28/28
f 29/29/29 30/30/30 31/31/31
f 31/31/31 30/30/30 32/32/32
f 31/31/31 32/32/32 33/33/33
f 33/33/33 32/32/32 34/34/34
f 35/35/35 36/36/36 37/37/37
f 37/37/37 36/36/36 38/38/38
f 37/37/37 38/38/38 39/39/39
f 39/39/39 38/38/38 40/40/40
f 41/41/41 42/42/42 43/43/43
f 43/43/43 42/42/42 44/44/44
f 43/43/43 44/44/44 45/45/45
f 45/45/45 44/44/44 46/46/46
f 47/47/47 48/48/48 49/49/49
f 49/49/49 48/48/48 50/50/50
f 49/49/49 50/50/50 51/51/51
f 51/51/51 50/50/50 52/52/52
f 53/53/53 54/54/54 55/55/55
f 55/55/55 54/54/54 56/56/56
f 55/55/55 56/56/56 57/57/57
f 57/57/57 56/56/56 58/58/58
f 59/59/59 60/60/60 61/61/61
f 61/61/61 60/60/60 62/62/62
f 61/61/61 62/62/62 63/63/63
f 63/63/63 62/62/62 64/64/64
f 65/65/65 66/66/66 67/67/67
f 67/67/67 66/66/66 68/68/68
f 20/20/20 69/69/69 22/22/22
f 22/22/22 69/69/69 70/70/70
f 24/24/24 71/71/71 26/26/26
f 26/26/26 71/71/71 72/72/72
f 26/26/26 72/72/72 28/28/28
f 28/28/28 72/72/72 73/73/73
f 30/30/30 74/74/74 32/32/32
f 32/32/32 74/74/74 75/75/75
f 32/32/32 75/75/75 34/34/34
f 34/34/34 75/75/75 76/76/76
f 36/36/36 77/77/77 38/38/38
f 38/38/38 77/77/77 78/78/78
f 38/38/38 78/78/78 40/40/40
f 40/40/40 78/78/78 79/79/79
f 42/42/42 80/80/80 44/44/44
f 44/44/44 80/80/80 81/81/81
f 44/44/44 81/81/81 46/46/46
f 46/46/46 81/81/81 82/82/82
f 48/48/48 83/83/83 50/50/50
f 50/50/50 83/83/83 84/84/84
f 50/50/50 84/84/84 52/52/52
f 52/52/52 84/84/84 85/85/85
f 54/54/54 86/86/86 56/56/56
f 56/56/56 86/86/86 87/87/87
f 56/56/56 87/87/87 58/58/58
f 58/58/58 87/87/87 88/88/88
f 60/60/60 89/89/89 62/62/62
f 62/62/62 89/89/89 90/90/90
f 62/62/62 90/90/90 64/64/64
f 64/64/64 90/90/90 91/91/91
f 66/66/66 92/92/92 68/68/68
f 68/68/68 92/92/92 93/93/93
f 94/94/94 95/95/95 96/96/96
f 96/96/96 95/95/95 97/97/97
f 97/97/97 95/95/95 98/98/98
f 98/98/98 95/95/95 99/99/99
f 99/99/99 95/95/95 100/100/100
f 100/100/100 95/95/95 101/101/101
f 101/101/101 95/95/95 102/102/102
f 102/102/102 95/95/95 103/103/103
f 103/103/103 95/95/95 104/104/104
f 104/104/104 95/95/95 105/105/105
f 105/105/105 95/95/95 106/106/106
f 106/106/106 95/95/95 107/107/107
f 107/107/107 95/95/95 108/108/108
f 108/108/108 95/95/95 109/109/109
f 109/109/109 95/95/95 110/110/110
f 110/110/110 95/95/95 111/111/111
g S02
v 0.01850000023841858 0.004000000189989805 0
v 0.021199999377131462 0.004000000189989805 0
v 0.017091771587729454 0.004000000189989805 0.007079643663018942
v 0.019586246460676193 0.004000000189989805 0.008112888783216476
v 0.013081475161015987 0.004000000189989805 0.013081475161015987
v 0.014990664087235928 0.004000000189989805 0.014990664087235928
v 0.007079643663018942 0.004000000189989805 0.017091771587729454
v 0.008112888783216476 0.004000000189989805 0.019586246460676193
v 1.1327983096899588e-18 0.004000000189989805 0.01850000023841858
v 1.2981256579500136e-18 0.004000000189989805 0.021199999377131462
v -0.007079643663018942 0.004000000189989805 0.017091771587729454
v -0.008112888783216476 0.004000000189989805 0.019586246460676193
v -0.013081475161015987 0.004000000189989805 0.013081475161015987
v -0.014990664087235928 0.004000000189989805 0.014990664087235928
v -0.017091771587729454 0.004000000189989805 0.007079643663018942
v -0.019586246460676193 0.004000000189989805 0.008112888783216476
v -0.01850000023841858 0.004000000189989805 2.2655966193799177e-18
v -0.021199999377131462 0.004000000189989805 2.5962513159000273e-18
v -0.017091771587729454 0.004000000189989805 -0.007079643663018942
v -0.019586246460676193 0.004000000189989805 -0.008112888783216476
v -0.013081475161015987 0.004000000189989805 -0.013081475161015987
v -0.014990664087235928 0.004000000189989805 -0.014990664087235928
v -0.007079643663018942 0.004000000189989805 -0.017091771587729454
v -0.008112888783216476 0.004000000189989805 -0.019586246460676193
v -3.3983948256723e-18 0.004000000189989805 -0.01850000023841858
v -3.894376663657311e-18 0.004000000189989805 -0.021199999377131462
v 0.007079643663018942 0.004000000189989805 -0.017091771587729454
v 0.008112888783216476 0.004000000189989805 -0.019586246460676193
v 0.013081475161015987 0.004000000189989805 -0.013081475161015987
v 0.014990664087235928 0.004000000189989805 -0.014990664087235928
v 0.017091771587729454 0.004000000189989805 -0.007079643663018942
v 0.019586246460676193 0.004000000189989805 -0.008112888783216476
v 0.01850000023841858 0.004000000189989805 0
v 0.021199999377131462 0.004000000189989805 0
v 0.021199999377131462 0.004000000189989805 0
v 0.02199999988079071 0.004800000227987766 0
v 0.019586246460676193 0.004000000189989805 0.008112888783216476
v 0.020325349643826485 0.004800000227987766 0.0084190359339118
v 0.019586246460676193 0.004000000189989805 0.008112888783216476
v 0.020325349643826485 0.004800000227987766 0.0084190359339118
v 0.014990664087235928 0.004000000189989805 0.014990664087235928
v 0.01555634941905737 0.004800000227987766 0.01555634941905737
v 0.008112888783216476 0.004000000189989805 0.019586246460676193
v 0.0084190359339118 0.004800000227987766 0.020325349643826485
v 0.008112888783216476 0.004000000189989805 0.019586246460676193
v 0.0084190359339118 0.004800000227987766 0.020325349643826485
v 1.2981256579500136e-18 0.004000000189989805 0.021199999377131462
v 1.347111500620557e-18 0.004800000227987766 0.02199999988079071
v -0.008112888783216476 0.004000000189989805 0.019586246460676193
v -0.0084190359339118 0.004800000227987766 0.020325349643826485
v -0.008112888783216476 0.004000000189989805 0.019586246460676193
v -0.0084190359339118 0.004800000227987766 0.020325349643826485
v -0.014990664087235928 0.004000000189989805 0.014990664087235928
v -0.01555634941905737 0.004800000227987766 0.01555634941905737
v -0.019586246460676193 0.004000000189989805 0.008112888783216476
v -0.020325349643826485 0.004800000227987766 0.0084190359339118
v -0.019586246460676193 0.004000000189989805 0.008112888783216476
v -0.020325349643826485 0.004800000227987766 0.0084190359339118
v -0.021199999377131462 0.004000000189989805 2.5962513159000273e-18
v -0.02199999988079071 0.004800000227987766 2.694223001241114e-18
v -0.019586246460676193 0.004000000189989805 -0.008112888783216476
v -0.020325349643826485 0.004800000227987766 -0.0084190359339118
v -0.019586246460676193 0.004000000189989805 -0.008112888783216476
v -0.020325349643826485 0.004800000227987766 -0.0084190359339118
v -0.014990664087235928 0.004000000189989805 -0.014990664087235928
v -0.01555634941905737 0.004800000227987766 -0.01555634941905737
v -0.008112888783216476 0.004000000189989805 -0.019586246460676193
v -0.0084190359339118 0.004800000227987766 -0.020325349643826485
v -0.008112888783216476 0.004000000189989805 -0.019586246460676193
v -0.0084190359339118 0.004800000227987766 -0.020325349643826485
v -3.894376663657311e-18 0.004000000189989805 -0.021199999377131462
v -4.041334398464095e-18 0.004800000227987766 -0.02199999988079071
v 0.008112888783216476 0.004000000189989805 -0.019586246460676193
v 0.0084190359339118 0.004800000227987766 -0.020325349643826485
v 0.008112888783216476 0.004000000189989805 -0.019586246460676193
v 0.0084190359339118 0.004800000227987766 -0.020325349643826485
v 0.014990664087235928 0.004000000189989805 -0.014990664087235928
v 0.01555634941905737 0.004800000227987766 -0.01555634941905737
v 0.019586246460676193 0.004000000189989805 -0.008112888783216476
v 0.020325349643826485 0.004800000227987766 -0.0084190359339118
v 0.019586246460676193 0.004000000189989805 -0.008112888783216476
v 0.020325349643826485 0.004800000227987766 -0.0084190359339118
v 0.021199999377131462 0.004000000189989805 0
v 0.02199999988079071 0.004800000227987766 0
v 0.02199999988079071 0.004800000227987766 0
v 0.02199999988079071 0.00800000037997961 0
v 0.020325349643826485 0.004800000227987766 0.0084190359339118
v 0.020325349643826485 0.00800000037997961 0.0084190359339118
v 0.020325349643826485 0.004800000227987766 0.0084190359339118
v 0.020325349643826485 0.00800000037997961 0.0084190359339118
v 0.01555634941905737 0.004800000227987766 0.01555634941905737
v 0.01555634941905737 0.00800000037997961 0.01555634941905737
v 0.0084190359339118 0.004800000227987766 0.020325349643826485
v 0.0084190359339118 0.00800000037997961 0.020325349643826485
v 0.0084190359339118 0.004800000227987766 0.020325349643826485
v 0.0084190359339118 0.00800000037997961 0.020325349643826485
v 1.347111500620557e-18 0.004800000227987766 0.02199999988079071
v 1.347111500620557e-18 0.00800000037997961 0.02199999988079071
v 1.347111500620557e-18 0.004800000227987766 0.02199999988079071
v 1.347111500620557e-18 0.00800000037997961 0.02199999988079071
v -0.0084190359339118 0.004800000227987766 0.020325349643826485
v -0.0084190359339118 0.00800000037997961 0.020325349643826485
v -0.0084190359339118 0.004800000227987766 0.020325349643826485
v -0.0084190359339118 0.00800000037997961 0.020325349643826485
v -0.01555634941905737 0.004800000227987766 0.01555634941905737
v -0.01555634941905737 0.00800000037997961 0.01555634941905737
v -0.020325349643826485 0.004800000227987766 0.0084190359339118
v -0.020325349643826485 0.00800000037997961 0.0084190359339118
v -0.020325349643826485 0.004800000227987766 0.0084190359339118
v -0.020325349643826485 0.00800000037997961 0.0084190359339118
v -0.02199999988079071 0.004800000227987766 2.694223001241114e-18
v -0.02199999988079071 0.00800000037997961 2.694223001241114e-18
v -0.02199999988079071 0.004800000227987766 2.694223001241114e-18
v -0.02199999988079071 0.00800000037997961 2.694223001241114e-18
v -0.020325349643826485 0.004800000227987766 -0.0084190359339118
v -0.020325349643826485 0.00800000037997961 -0.0084190359339118
v -0.020325349643826485 0.004800000227987766 -0.0084190359339118
v -0.020325349643826485 0.00800000037997961 -0.0084190359339118
v -0.01555634941905737 0.004800000227987766 -0.01555634941905737
v -0.01555634941905737 0.00800000037997961 -0.01555634941905737
v -0.0084190359339118 0.004800000227987766 -0.020325349643826485
v -0.0084190359339118 0.00800000037997961 -0.020325349643826485
v -0.0084190359339118 0.004800000227987766 -0.020325349643826485
v -0.0084190359339118 0.00800000037997961 -0.020325349643826485
v -4.041334398464095e-18 0.004800000227987766 -0.02199999988079071
v -4.041334398464095e-18 0.00800000037997961 -0.02199999988079071
v -4.041334398464095e-18 0.004800000227987766 -0.02199999988079071
v -4.041334398464095e-18 0.00800000037997961 -0.02199999988079071
v 0.0084190359339118 0.004800000227987766 -0.020325349643826485
v 0.0084190359339118 0.00800000037997961 -0.020325349643826485
v 0.0084190359339118 0.004800000227987766 -0.020325349643826485
v 0.0084190359339118 0.00800000037997961 -0.020325349643826485
v 0.01555634941905737 0.004800000227987766 -0.01555634941905737
v 0.01555634941905737 0.00800000037997961 -0.01555634941905737
v 0.020325349643826485 0.004800000227987766 -0.0084190359339118
v 0.020325349643826485 0.00800000037997961 -0.0084190359339118
v 0.020325349643826485 0.004800000227987766 -0.0084190359339118
v 0.020325349643826485 0.00800000037997961 -0.0084190359339118
v 0.02199999988079071 0.004800000227987766 0
v 0.02199999988079071 0.00800000037997961 0
v 0.02199999988079071 0.00800000037997961 0
v 0.020500000566244125 0.008999999612569809 0
v 0.020325349643826485 0.00800000037997961 0.0084190359339118
v 0.018939530476927757 0.008999999612569809 0.007845010608434677
v 0.020325349643826485 0.00800000037997961 0.0084190359339118
v 0.018939530476927757 0.008999999612569809 0.007845010608434677
v 0.01555634941905737 0.00800000037997961 0.01555634941905737
v 0.014495689421892166 0.008999999612569809 0.014495689421892166
v 0.0084190359339118 0.00800000037997961 0.020325349643826485
v 0.007845010608434677 0.008999999612569809 0.018939530476927757
v 0.0084190359339118 0.00800000037997961 0.020325349643826485
v 0.007845010608434677 0.008999999612569809 0.018939530476927757
v 1.347111500620557e-18 0.00800000037997961 0.02199999988079071
v 1.255263019763894e-18 0.008999999612569809 0.020500000566244125
v 1.347111500620557e-18 0.00800000037997961 0.02199999988079071
v 1.255263019763894e-18 0.008999999612569809 0.020500000566244125
v -0.0084190359339118 0.00800000037997961 0.020325349643826485
v -0.007845010608434677 0.008999999612569809 0.018939530476927757
v -0.0084190359339118 0.00800000037997961 0.020325349643826485
v -0.007845010608434677 0.008999999612569809 0.018939530476927757
v -0.01555634941905737 0.00800000037997961 0.01555634941905737
v -0.014495689421892166 0.008999999612569809 0.014495689421892166
v -0.020325349643826485 0.00800000037997961 0.0084190359339118
v -0.018939530476927757 0.008999999612569809 0.007845010608434677
v -0.020325349643826485 0.00800000037997961 0.0084190359339118
v -0.018939530476927757 0.008999999612569809 0.007845010608434677
v -0.02199999988079071 0.00800000037997961 2.694223001241114e-18
v -0.020500000566244125 0.008999999612569809 2.510526039527788e-18
v -0.02199999988079071 0.00800000037997961 2.694223001241114e-18
v -0.020500000566244125 0.008999999612569809 2.510526039527788e-18
v -0.020325349643826485 0.00800000037997961 -0.0084190359339118
v -0.018939530476927757 0.008999999612569809 -0.007845010608434677
v -0.020325349643826485 0.00800000037997961 -0.0084190359339118
v -0.018939530476927757 0.008999999612569809 -0.007845010608434677
v -0.01555634941905737 0.00800000037997961 -0.01555634941905737
v -0.014495689421892166 0.008999999612569809 -0.014495689421892166
v -0.0084190359339118 0.00800000037997961 -0.020325349643826485
v -0.007845010608434677 0.008999999612569809 -0.018939530476927757
v -0.0084190359339118 0.00800000037997961 -0.020325349643826485
v -0.007845010608434677 0.008999999612569809 -0.018939530476927757
v -4.041334398464095e-18 0.00800000037997961 -0.02199999988079071
v -3.7657889558941054e-18 0.008999999612569809 -0.020500000566244125
v -4.041334398464095e-18 0.00800000037997961 -0.02199999988079071
v -3.7657889558941054e-18 0.008999999612569809 -0.020500000566244125
v 0.0084190359339118 0.00800000037997961 -0.020325349643826485
v 0.007845010608434677 0.008999999612569809 -0.018939530476927757
v 0.0084190359339118 0.00800000037997961 -0.020325349643826485
v 0.007845010608434677 0.008999999612569809 -0.018939530476927757
v 0.01555634941905737 0.00800000037997961 -0.01555634941905737
v 0.014495689421892166 0.008999999612569809 -0.014495689421892166
v 0.020325349643826485 0.00800000037997961 -0.0084190359339118
v 0.018939530476927757 0.008999999612569809 -0.007845010608434677
v 0.020325349643826485 0.00800000037997961 -0.0084190359339118
v 0.018939530476927757 0.008999999612569809 -0.007845010608434677
v 0.02199999988079071 0.00800000037997961 0
v 0.020500000566244125 0.008999999612569809 0
v 0.020500000566244125 0.008999999612569809 0
v 0.020500000566244125 0.05000000074505806 0
v 0.018939530476927757 0.008999999612569809 0.007845010608434677
v 0.018939530476927757 0.05000000074505806 0.007845010608434677
v 0.018939530476927757 0.008999999612569809 0.007845010608434677
v 0.018939530476927757 0.05000000074505806 0.007845010608434677
v 0.014495689421892166 0.008999999612569809 0.014495689421892166
v 0.014495689421892166 0.05000000074505806 0.014495689421892166
v 0.007845010608434677 0.008999999612569809 0.018939530476927757
v 0.007845010608434677 0.05000000074505806 0.018939530476927757
v 0.007845010608434677 0.008999999612569809 0.018939530476927757
v 0.007845010608434677 0.05000000074505806 0.018939530476927757
v 1.255263019763894e-18 0.008999999612569809 0.020500000566244125
v 1.255263019763894e-18 0.05000000074505806 0.020500000566244125
v 1.255263019763894e-18 0.008999999612569809 0.020500000566244125
v 1.255263019763894e-18 0.05000000074505806 0.020500000566244125
v -0.007845010608434677 0.008999999612569809 0.018939530476927757
v -0.007845010608434677 0.05000000074505806 0.018939530476927757
v -0.007845010608434677 0.008999999612569809 0.018939530476927757
v -0.007845010608434677 0.05000000074505806 0.018939530476927757
v -0.014495689421892166 0.008999999612569809 0.014495689421892166
v -0.014495689421892166 0.05000000074505806 0.014495689421892166
v -0.018939530476927757 0.008999999612569809 0.007845010608434677
v -0.018939530476927757 0.05000000074505806 0.007845010608434677
v -0.018939530476927757 0.008999999612569809 0.007845010608434677
v -0.018939530476927757 0.05000000074505806 0.007845010608434677
v -0.020500000566244125 0.008999999612569809 2.510526039527788e-18
v -0.020500000566244125 0.05000000074505806 2.510526039527788e-18
v -0.020500000566244125 0.008999999612569809 2.510526039527788e-18
v -0.020500000566244125 0.05000000074505806 2.510526039527788e-18
v -0.018939530476927757 0.008999999612569809 -0.007845010608434677
v -0.018939530476927757 0.05000000074505806 -0.007845010608434677
v -0.018939530476927757 0.008999999612569809 -0.007845010608434677
v -0.018939530476927757 0.05000000074505806 -0.007845010608434677
v -0.014495689421892166 0.008999999612569809 -0.014495689421892166
v -0.014495689421892166 0.05000000074505806 -0.014495689421892166
v -0.007845010608434677 0.008999999612569809 -0.018939530476927757
v -0.007845010608434677 0.05000000074505806 -0.018939530476927757
v -0.007845010608434677 0.008999999612569809 -0.018939530476927757
v -0.007845010608434677 0.05000000074505806 -0.018939530476927757
v -3.7657889558941054e-18 0.008999999612569809 -0.020500000566244125
v -3.7657889558941054e-18 0.05000000074505806 -0.020500000566244125
v -3.7657889558941054e-18 0.008999999612569809 -0.020500000566244125
v -3.7657889558941054e-18 0.05000000074505806 -0.020500000566244125
v 0.007845010608434677 0.008999999612569809 -0.018939530476927757
v 0.007845010608434677 0.05000000074505806 -0.018939530476927757
v 0.007845010608434677 0.008999999612569809 -0.018939530476927757
v 0.007845010608434677 0.05000000074505806 -0.018939530476927757
v 0.014495689421892166 0.008999999612569809 -0.014495689421892166
v 0.014495689421892166 0.05000000074505806 -0.014495689421892166
v 0.018939530476927757 0.008999999612569809 -0.007845010608434677
v 0.018939530476927757 0.05000000074505806 -0.007845010608434677
v 0.018939530476927757 0.008999999612569809 -0.007845010608434677
v 0.018939530476927757 0.05000000074505806 -0.007845010608434677
v 0.020500000566244125 0.008999999612569809 0
v 0.020500000566244125 0.05000000074505806 0
v 0.020500000566244125 0.05000000074505806 0
v 0.02199999988079071 0.050999999046325684 0
v 0.018939530476927757 0.05000000074505806 0.007845010608434677
v 0.020325349643826485 0.050999999046325684 0.0084190359339118
v 0.018939530476927757 0.05000000074505806 0.007845010608434677
v 0.020325349643826485 0.050999999046325684 0.0084190359339118
v 0.014495689421892166 0.05000000074505806 0.014495689421892166
v 0.01555634941905737 0.050999999046325684 0.01555634941905737
v 0.007845010608434677 0.05000000074505806 0.018939530476927757
v 0.0084190359339118 0.050999999046325684 0.020325349643826485
v 0.007845010608434677 0.05000000074505806 0.018939530476927757
v 0.0084190359339118 0.050999999046325684 0.020325349643826485
v 1.255263019763894e-18 0.05000000074505806 0.020500000566244125
v 1.347111500620557e-18 0.050999999046325684 0.02199999988079071
v 1.255263019763894e-18 0.05000000074505806 0.020500000566244125
v 1.347111500620557e-18 0.050999999046325684 0.02199999988079071
v -0.007845010608434677 0.05000000074505806 0.018939530476927757
v -0.0084190359339118 0.050999999046325684 0.020325349643826485
v -0.007845010608434677 0.05000000074505806 0.018939530476927757
v -0.0084190359339118 0.050999999046325684 0.020325349643826485
v -0.014495689421892166 0.05000000074505806 0.014495689421892166
v -0.01555634941905737 0.050999999046325684 0.01555634941905737
v -0.018939530476927757 0.05000000074505806 0.007845010608434677
v -0.020325349643826485 0.050999999046325684 0.0084190359339118
v -0.018939530476927757 0.05000000074505806 0.007845010608434677
v -0.020325349643826485 0.050999999046325684 0.0084190359339118
v -0.020500000566244125 0.05000000074505806 2.510526039527788e-18
v -0.02199999988079071 0.050999999046325684 2.694223001241114e-18
v -0.020500000566244125 0.05000000074505806 2.510526039527788e-18
v -0.02199999988079071 0.050999999046325684 2.694223001241114e-18
v -0.018939530476927757 0.05000000074505806 -0.007845010608434677
v -0.020325349643826485 0.050999999046325684 -0.0084190359339118
v -0.018939530476927757 0.05000000074505806 -0.007845010608434677
v -0.020325349643826485 0.050999999046325684 -0.0084190359339118
v -0.014495689421892166 0.05000000074505806 -0.014495689421892166
v -0.01555634941905737 0.050999999046325684 -0.01555634941905737
v -0.007845010608434677 0.05000000074505806 -0.018939530476927757
v -0.0084190359339118 0.050999999046325684 -0.020325349643826485
v -0.007845010608434677 0.05000000074505806 -0.018939530476927757
v -0.0084190359339118 0.050999999046325684 -0.020325349643826485
v -3.7657889558941054e-18 0.05000000074505806 -0.020500000566244125
v -4.041334398464095e-18 0.050999999046325684 -0.02199999988079071
v -3.7657889558941054e-18 0.05000000074505806 -0.020500000566244125
v -4.041334398464095e-18 0.050999999046325684 -0.02199999988079071
v 0.007845010608434677 0.05000000074505806 -0.018939530476927757
v 0.0084190359339118 0.050999999046325684 -0.020325349643826485
v 0.007845010608434677 0.05000000074505806 -0.018939530476927757
v 0.0084190359339118 0.050999999046325684 -0.020325349643826485
v 0.014495689421892166 0.05000000074505806 -0.014495689421892166
v 0.01555634941905737 0.050999999046325684 -0.01555634941905737
v 0.018939530476927757 0.05000000074505806 -0.007845010608434677
v 0.020325349643826485 0.050999999046325684 -0.0084190359339118
v 0.018939530476927757 0.05000000074505806 -0.007845010608434677
v 0.020325349643826485 0.050999999046325684 -0.0084190359339118
v 0.020500000566244125 0.05000000074505806 0
v 0.02199999988079071 0.050999999046325684 0
v 0.02199999988079071 0.050999999046325684 0
v 0.02199999988079071 0.05420000106096268 0
v 0.020325349643826485 0.050999999046325684 0.0084190359339118
v 0.020325349643826485 0.05420000106096268 0.0084190359339118
v 0.020325349643826485 0.050999999046325684 0.0084190359339118
v 0.020325349643826485 0.05420000106096268 0.0084190359339118
v 0.01555634941905737 0.050999999046325684 0.01555634941905737
v 0.01555634941905737 0.05420000106096268 0.01555634941905737
v 0.0084190359339118 0.050999999046325684 0.020325349643826485
v 0.0084190359339118 0.05420000106096268 0.020325349643826485
v 0.0084190359339118 0.050999999046325684 0.020325349643826485
v 0.0084190359339118 0.05420000106096268 0.020325349643826485
v 1.347111500620557e-18 0.050999999046325684 0.02199999988079071
v 1.347111500620557e-18 0.05420000106096268 0.02199999988079071
v 1.347111500620557e-18 0.050999999046325684 0.02199999988079071
v 1.347111500620557e-18 0.05420000106096268 0.02199999988079071
v -0.0084190359339118 0.050999999046325684 0.020325349643826485
v -0.0084190359339118 0.05420000106096268 0.020325349643826485
v -0.0084190359339118 0.050999999046325684 0.020325349643826485
v -0.0084190359339118 0.05420000106096268 0.020325349643826485
v -0.01555634941905737 0.050999999046325684 0.01555634941905737
v -0.01555634941905737 0.05420000106096268 0.01555634941905737
v -0.020325349643826485 0.050999999046325684 0.0084190359339118
v -0.020325349643826485 0.05420000106096268 0.0084190359339118
v -0.020325349643826485 0.050999999046325684 0.0084190359339118
v -0.020325349643826485 0.05420000106096268 0.0084190359339118
v -0.02199999988079071 0.050999999046325684 2.694223001241114e-18
v -0.02199999988079071 0.05420000106096268 2.694223001241114e-18
v -0.02199999988079071 0.050999999046325684 2.694223001241114e-18
v -0.02199999988079071 0.05420000106096268 2.694223001241114e-18
v -0.020325349643826485 0.050999999046325684 -0.0084190359339118
v -0.020325349643826485 0.05420000106096268 -0.0084190359339118
v -0.020325349643826485 0.050999999046325684 -0.0084190359339118
v -0.020325349643826485 0.05420000106096268 -0.0084190359339118
v -0.01555634941905737 0.050999999046325684 -0.01555634941905737
v -0.01555634941905737 0.05420000106096268 -0.01555634941905737
v -0.0084190359339118 0.050999999046325684 -0.020325349643826485
v -0.0084190359339118 0.05420000106096268 -0.020325349643826485
v -0.0084190359339118 0.050999999046325684 -0.020325349643826485
v -0.0084190359339118 0.05420000106096268 -0.020325349643826485
v -4.041334398464095e-18 0.050999999046325684 -0.02199999988079071
v -4.041334398464095e-18 0.05420000106096268 -0.02199999988079071
v -4.041334398464095e-18 0.050999999046325684 -0.02199999988079071
v -4.041334398464095e-18 0.05420000106096268 -0.02199999988079071
v 0.0084190359339118 0.050999999046325684 -0.020325349643826485
v 0.0084190359339118 0.05420000106096268 -0.020325349643826485
v 0.0084190359339118 0.050999999046325684 -0.020325349643826485
v 0.0084190359339118 0.05420000106096268 -0.020325349643826485
v 0.01555634941905737 0.050999999046325684 -0.01555634941905737
v 0.01555634941905737 0.05420000106096268 -0.01555634941905737
v 0.020325349643826485 0.050999999046325684 -0.0084190359339118
v 0.020325349643826485 0.05420000106096268 -0.0084190359339118
v 0.020325349643826485 0.050999999046325684 -0.0084190359339118
v 0.020325349643826485 0.05420000106096268 -0.0084190359339118
v 0.02199999988079071 0.050999999046325684 0
v 0.02199999988079071 0.05420000106096268 0
v 0.02199999988079071 0.05420000106096268 0
v 0.021199999377131462 0.054999999701976776 0
v 0.020325349643826485 0.05420000106096268 0.0084190359339118
v 0.019586246460676193 0.054999999701976776 0.008112888783216476
v 0.020325349643826485 0.05420000106096268 0.0084190359339118
v 0.019586246460676193 0.054999999701976776 0.008112888783216476
v 0.01555634941905737 0.05420000106096268 0.01555634941905737
v 0.014990664087235928 0.054999999701976776 0.014990664087235928
v 0.0084190359339118 0.05420000106096268 0.020325349643826485
v 0.008112888783216476 0.054999999701976776 0.019586246460676193
v 0.0084190359339118 0.05420000106096268 0.020325349643826485
v 0.008112888783216476 0.054999999701976776 0.019586246460676193
v 1.347111500620557e-18 0.05420000106096268 0.02199999988079071
v 1.2981256579500136e-18 0.054999999701976776 0.021199999377131462
v -0.0084190359339118 0.05420000106096268 0.020325349643826485
v -0.008112888783216476 0.054999999701976776 0.019586246460676193
v -0.0084190359339118 0.05420000106096268 0.020325349643826485
v -0.008112888783216476 0.054999999701976776 0.019586246460676193
v -0.01555634941905737 0.05420000106096268 0.01555634941905737
v -0.014990664087235928 0.054999999701976776 0.014990664087235928
v -0.020325349643826485 0.05420000106096268 0.0084190359339118
v -0.019586246460676193 0.054999999701976776 0.008112888783216476
v -0.020325349643826485 0.05420000106096268 0.0084190359339118
v -0.019586246460676193 0.054999999701976776 0.008112888783216476
v -0.02199999988079071 0.05420000106096268 2.694223001241114e-18
v -0.021199999377131462 0.054999999701976776 2.5962513159000273e-18
v -0.020325349643826485 0.05420000106096268 -0.0084190359339118
v -0.019586246460676193 0.054999999701976776 -0.008112888783216476
v -0.020325349643826485 0.05420000106096268 -0.0084190359339118
v -0.019586246460676193 0.054999999701976776 -0.008112888783216476
v -0.01555634941905737 0.05420000106096268 -0.01555634941905737
v -0.014990664087235928 0.054999999701976776 -0.014990664087235928
v -0.0084190359339118 0.05420000106096268 -0.020325349643826485
v -0.008112888783216476 0.054999999701976776 -0.019586246460676193
v -0.0084190359339118 0.05420000106096268 -0.020325349643826485
v -0.008112888783216476 0.054999999701976776 -0.019586246460676193
v -4.041334398464095e-18 0.05420000106096268 -0.02199999988079071
v -3.894376663657311e-18 0.054999999701976776 -0.021199999377131462
v 0.0084190359339118 0.05420000106096268 -0.020325349643826485
v 0.008112888783216476 0.054999999701976776 -0.019586246460676193
v 0.0084190359339118 0.05420000106096268 -0.020325349643826485
v 0.008112888783216476 0.054999999701976776 -0.019586246460676193
v 0.01555634941905737 0.05420000106096268 -0.01555634941905737
v 0.014990664087235928 0.054999999701976776 -0.014990664087235928
v 0.020325349643826485 0.05420000106096268 -0.0084190359339118
v 0.019586246460676193 0.054999999701976776 -0.008112888783216476
v 0.020325349643826485 0.05420000106096268 -0.0084190359339118
v 0.019586246460676193 0.054999999701976776 -0.008112888783216476
v 0.02199999988079071 0.05420000106096268 0
v 0.021199999377131462 0.054999999701976776 0
v 0.021199999377131462 0.054999999701976776 0
v 0.01850000023841858 0.054999999701976776 0
v 0.019586246460676193 0.054999999701976776 0.008112888783216476
v 0.017091771587729454 0.054999999701976776 0.007079643663018942
v 0.014990664087235928 0.054999999701976776 0.014990664087235928
v 0.013081475161015987 0.054999999701976776 0.013081475161015987
v 0.008112888783216476 0.054999999701976776 0.019586246460676193
v 0.007079643663018942 0.054999999701976776 0.017091771587729454
v 1.2981256579500136e-18 0.054999999701976776 0.021199999377131462
v 1.1327983096899588e-18 0.054999999701976776 0.01850000023841858
v -0.008112888783216476 0.054999999701976776 0.019586246460676193
v -0.007079643663018942 0.054999999701976776 0.017091771587729454
v -0.014990664087235928 0.054999999701976776 0.014990664087235928
v -0.013081475161015987 0.054999999701976776 0.013081475161015987
v -0.019586246460676193 0.054999999701976776 0.008112888783216476
v -0.017091771587729454 0.054999999701976776 0.007079643663018942
v -0.021199999377131462 0.054999999701976776 2.5962513159000273e-18
v -0.01850000023841858 0.054999999701976776 2.2655966193799177e-18
v -0.019586246460676193 0.054999999701976776 -0.008112888783216476
v -0.017091771587729454 0.054999999701976776 -0.007079643663018942
v -0.014990664087235928 0.054999999701976776 -0.014990664087235928
v -0.013081475161015987 0.054999999701976776 -0.013081475161015987
v -0.008112888783216476 0.054999999701976776 -0.019586246460676193
v -0.007079643663018942 0.054999999701976776 -0.017091771587729454
v -3.894376663657311e-18 0.054999999701976776 -0.021199999377131462
v -3.3983948256723e-18 0.054999999701976776 -0.01850000023841858
v 0.008112888783216476 0.054999999701976776 -0.019586246460676193
v 0.007079643663018942 0.054999999701976776 -0.017091771587729454
v 0.014990664087235928 0.054999999701976776 -0.014990664087235928
v 0.013081475161015987 0.054999999701976776 -0.013081475161015987
v 0.019586246460676193 0.054999999701976776 -0.008112888783216476
v 0.017091771587729454 0.054999999701976776 -0.007079643663018942
v 0.021199999377131462 0.054999999701976776 0
v 0.01850000023841858 0.054999999701976776 0
v 0.01850000023841858 0.054999999701976776 0
v 0.01850000023841858 0.004000000189989805 0
v 0.017091771587729454 0.054999999701976776 0.007079643663018942
v 0.017091771587729454 0.004000000189989805 0.007079643663018942
v 0.017091771587729454 0.054999999701976776 0.007079643663018942
v 0.017091771587729454 0.004000000189989805 0.007079643663018942
v 0.013081475161015987 0.054999999701976776 0.013081475161015987
v 0.013081475161015987 0.004000000189989805 0.013081475161015987
v 0.007079643663018942 0.054999999701976776 0.017091771587729454
v 0.007079643663018942 0.004000000189989805 0.017091771587729454
v 0.007079643663018942 0.054999999701976776 0.017091771587729454
v 0.007079643663018942 0.004000000189989805 0.017091771587729454
v 1.1327983096899588e-18 0.054999999701976776 0.01850000023841858
v 1.1327983096899588e-18 0.004000000189989805 0.01850000023841858
v -0.007079643663018942 0.054999999701976776 0.017091771587729454
v -0.007079643663018942 0.004000000189989805 0.017091771587729454
v -0.007079643663018942 0.054999999701976776 0.017091771587729454
v -0.007079643663018942 0.004000000189989805 0.017091771587729454
v -0.013081475161015987 0.054999999701976776 0.013081475161015987
v -0.013081475161015987 0.004000000189989805 0.013081475161015987
v -0.017091771587729454 0.054999999701976776 0.007079643663018942
v -0.017091771587729454 0.004000000189989805 0.007079643663018942
v -0.017091771587729454 0.054999999701976776 0.007079643663018942
v -0.017091771587729454 0.004000000189989805 0.007079643663018942
v -0.01850000023841858 0.054999999701976776 2.2655966193799177e-18
v -0.01850000023841858 0.004000000189989805 2.2655966193799177e-18
v -0.017091771587729454 0.054999999701976776 -0.007079643663018942
v -0.017091771587729454 0.004000000189989805 -0.007079643663018942
v -0.017091771587729454 0.054999999701976776 -0.007079643663018942
v -0.017091771587729454 0.004000000189989805 -0.007079643663018942
v -0.013081475161015987 0.054999999701976776 -0.013081475161015987
v -0.013081475161015987 0.004000000189989805 -0.013081475161015987
v -0.007079643663018942 0.054999999701976776 -0.017091771587729454
v -0.007079643663018942 0.004000000189989805 -0.017091771587729454
v -0.007079643663018942 0.054999999701976776 -0.017091771587729454
v -0.007079643663018942 0.004000000189989805 -0.017091771587729454
v -3.3983948256723e-18 0.054999999701976776 -0.01850000023841858
v -3.3983948256723e-18 0.004000000189989805 -0.01850000023841858
v 0.007079643663018942 0.054999999701976776 -0.017091771587729454
v 0.007079643663018942 0.004000000189989805 -0.017091771587729454
v 0.007079643663018942 0.054999999701976776 -0.017091771587729454
v 0.007079643663018942 0.004000000189989805 -0.017091771587729454
v 0.013081475161015987 0.054999999701976776 -0.013081475161015987
v 0.013081475161015987 0.004000000189989805 -0.013081475161015987
v 0.017091771587729454 0.054999999701976776 -0.007079643663018942
v 0.017091771587729454 0.004000000189989805 -0.007079643663018942
v 0.017091771587729454 0.054999999701976776 -0.007079643663018942
v 0.017091771587729454 0.004000000189989805 -0.007079643663018942
v 0.01850000023841858 0.054999999701976776 0
v 0.01850000023841858 0.004000000189989805 0
vt 0 0
vt 0 0.0027000000700354576
vt 0.0625 0
vt 0.0625 0.0027000000700354576
vt 0.125 0
vt 0.125 0.0027000000700354576
vt 0.1875 0
vt 0.1875 0.0027000000700354576
vt 0.25 0
vt 0.25 0.0027000000700354576
vt 0.3125 0
vt 0.3125 0.0027000000700354576
vt 0.375 0
vt 0.375 0.0027000000700354576
vt 0.4375 0
vt 0.4375 0.0027000000700354576
vt 0.5 0
vt 0.5 0.0027000000700354576
vt 0.5625 0
vt 0.5625 0.0027000000700354576
vt 0.625 0
vt 0.625 0.0027000000700354576
vt 0.6875 0
vt 0.6875 0.0027000000700354576
vt 0.75 0
vt 0.75 0.0027000000700354576
vt 0.8125 0
vt 0.8125 0.0027000000700354576
vt 0.875 0
vt 0.875 0.0027000000700354576
vt 0.9375 0
vt 0.9375 0.0027000000700354576
vt 1 0
vt 1 0.0027000000700354576
vt 0 0.0027000000700354576
vt 0 0.003831370733678341
vt 0.0625 0.0027000000700354576
vt 0.0625 0.003831370733678341
vt 0.0625 0.0027000000700354576
vt 0.0625 0.003831370733678341
vt 0.125 0.0027000000700354576
vt 0.125 0.003831370733678341
vt 0.1875 0.0027000000700354576
vt 0.1875 0.003831370733678341
vt 0.1875 0.0027000000700354576
vt 0.1875 0.003831370733678341
vt 0.25 0.0027000000700354576
vt 0.25 0.003831370733678341
vt 0.3125 0.0027000000700354576
vt 0.3125 0.003831370733678341
vt 0.3125 0.0027000000700354576
vt 0.3125 0.003831370733678341
vt 0.375 0.0027000000700354576
vt 0.375 0.003831370733678341
vt 0.4375 0.0027000000700354576
vt 0.4375 0.003831370733678341
vt 0.4375 0.0027000000700354576
vt 0.4375 0.003831370733678341
vt 0.5 0.0027000000700354576
vt 0.5 0.003831370733678341
vt 0.5625 0.0027000000700354576
vt 0.5625 0.003831370733678341
vt 0.5625 0.0027000000700354576
vt 0.5625 0.003831370733678341
vt 0.625 0.0027000000700354576
vt 0.625 0.003831370733678341
vt 0.6875 0.0027000000700354576
vt 0.6875 0.003831370733678341
vt 0.6875 0.0027000000700354576
vt 0.6875 0.003831370733678341
vt 0.75 0.0027000000700354576
vt 0.75 0.003831370733678341
vt 0.8125 0.0027000000700354576
vt 0.8125 0.003831370733678341
vt 0.8125 0.0027000000700354576
vt 0.8125 0.003831370733678341
vt 0.875 0.0027000000700354576
vt 0.875 0.003831370733678341
vt 0.9375 0.0027000000700354576
vt 0.9375 0.003831370733678341
vt 0.9375 0.0027000000700354576
vt 0.9375 0.003831370733678341
vt 1 0.0027000000700354576
vt 1 0.003831370733678341
vt 0 0.003831370733678341
vt 0 0.007031370885670185
vt 0.0625 0.003831370733678341
vt 0.0625 0.007031370885670185
vt 0.0625 0.003831370733678341
vt 0.0625 0.007031370885670185
vt 0.125 0.003831370733678341
vt 0.125 0.007031370885670185
vt 0.1875 0.003831370733678341
vt 0.1875 0.007031370885670185
vt 0.1875 0.003831370733678341
vt 0.1875 0.007031370885670185
vt 0.25 0.003831370733678341
vt 0.25 0.007031370885670185
vt 0.25 0.003831370733678341
vt 0.25 0.007031370885670185
vt 0.3125 0.003831370733678341
vt 0.3125 0.007031370885670185
vt 0.3125 0.003831370733678341
vt 0.3125 0.007031370885670185
vt 0.375 0.003831370733678341
vt 0.375 0.007031370885670185
vt 0.4375 0.003831370733678341
vt 0.4375 0.007031370885670185
vt 0.4375 0.003831370733678341
vt 0.4375 0.007031370885670185
vt 0.5 0.003831370733678341
vt 0.5 0.007031370885670185
vt 0.5 0.003831370733678341
vt 0.5 0.007031370885670185
vt 0.5625 0.003831370733678341
vt 0.5625 0.007031370885670185
vt 0.5625 0.003831370733678341
vt 0.5625 0.007031370885670185
vt 0.625 0.003831370733678341
vt 0.625 0.007031370885670185
vt 0.6875 0.003831370733678341
vt 0.6875 0.007031370885670185
vt 0.6875 0.003831370733678341
vt 0.6875 0.007031370885670185
vt 0.75 0.003831370733678341
vt 0.75 0.007031370885670185
vt 0.75 0.003831370733678341
vt 0.75 0.007031370885670185
vt 0.8125 0.003831370733678341
vt 0.8125 0.007031370885670185
vt 0.8125 0.003831370733678341
vt 0.8125 0.007031370885670185
vt 0.875 0.003831370733678341
vt 0.875 0.007031370885670185
vt 0.9375 0.003831370733678341
vt 0.9375 0.007031370885670185
vt 0.9375 0.003831370733678341
vt 0.9375 0.007031370885670185
vt 1 0.003831370733678341
vt 1 0.007031370885670185
vt 0 0.007031370885670185
vt 0 0.00883414689451456
vt 0.0625 0.007031370885670185
vt 0.0625 0.00883414689451456
vt 0.0625 0.007031370885670185
vt 0.0625 0.00883414689451456
vt 0.125 0.007031370885670185
vt 0.125 0.00883414689451456
vt 0.1875 0.007031370885670185
vt 0.1875 0.00883414689451456
vt 0.1875 0.007031370885670185
vt 0.1875 0.00883414689451456
vt 0.25 0.007031370885670185
vt 0.25 0.00883414689451456
vt 0.25 0.007031370885670185
vt 0.25 0.00883414689451456
vt 0.3125 0.007031370885670185
vt 0.3125 0.00883414689451456
vt 0.3125 0.007031370885670185
vt 0.3125 0.00883414689451456
vt 0.375 0.007031370885670185
vt 0.375 0.00883414689451456
vt 0.4375 0.007031370885670185
vt 0.4375 0.00883414689451456
vt 0.4375 0.007031370885670185
vt 0.4375 0.00883414689451456
vt 0.5 0.007031370885670185
vt 0.5 0.00883414689451456
vt 0.5 0.007031370885670185
vt 0.5 0.00883414689451456
vt 0.5625 0.007031370885670185
vt 0.5625 0.00883414689451456
vt 0.5625 0.007031370885670185
vt 0.5625 0.00883414689451456
vt 0.625 0.007031370885670185
vt 0.625 0.00883414689451456
vt 0.6875 0.007031370885670185
vt 0.6875 0.00883414689451456
vt 0.6875 0.007031370885670185
vt 0.6875 0.00883414689451456
vt 0.75 0.007031370885670185
vt 0.75 0.00883414689451456
vt 0.75 0.007031370885670185
vt 0.75 0.00883414689451456
vt 0.8125 0.007031370885670185
vt 0.8125 0.00883414689451456
vt 0.8125 0.007031370885670185
vt 0.8125 0.00883414689451456
vt 0.875 0.007031370885670185
vt 0.875 0.00883414689451456
vt 0.9375 0.007031370885670185
vt 0.9375 0.00883414689451456
vt 0.9375 0.007031370885670185
vt 0.9375 0.00883414689451456
vt 1 0.007031370885670185
vt 1 0.00883414689451456
vt 0 0.00883414689451456
vt 0 0.04983414709568024
vt 0.0625 0.00883414689451456
vt 0.0625 0.04983414709568024
vt 0.0625 0.00883414689451456
vt 0.0625 0.04983414709568024
vt 0.125 0.00883414689451456
vt 0.125 0.04983414709568024
vt 0.1875 0.00883414689451456
vt 0.1875 0.04983414709568024
vt 0.1875 0.00883414689451456
vt 0.1875 0.04983414709568024
vt 0.25 0.00883414689451456
vt 0.25 0.04983414709568024
vt 0.25 0.00883414689451456
vt 0.25 0.04983414709568024
vt 0.3125 0.00883414689451456
vt 0.3125 0.04983414709568024
vt 0.3125 0.00883414689451456
vt 0.3125 0.04983414709568024
vt 0.375 0.00883414689451456
vt 0.375 0.04983414709568024
vt 0.4375 0.00883414689451456
vt 0.4375 0.04983414709568024
vt 0.4375 0.00883414689451456
vt 0.4375 0.04983414709568024
vt 0.5 0.00883414689451456
vt 0.5 0.04983414709568024
vt 0.5 0.00883414689451456
vt 0.5 0.04983414709568024
vt 0.5625 0.00883414689451456
vt 0.5625 0.04983414709568024
vt 0.5625 0.00883414689451456
vt 0.5625 0.04983414709568024
vt 0.625 0.00883414689451456
vt 0.625 0.04983414709568024
vt 0.6875 0.00883414689451456
vt 0.6875 0.04983414709568024
vt 0.6875 0.00883414689451456
vt 0.6875 0.04983414709568024
vt 0.75 0.00883414689451456
vt 0.75 0.04983414709568024
vt 0.75 0.00883414689451456
vt 0.75 0.04983414709568024
vt 0.8125 0.00883414689451456
vt 0.8125 0.04983414709568024
vt 0.8125 0.00883414689451456
vt 0.8125 0.04983414709568024
vt 0.875 0.00883414689451456
vt 0.875 0.04983414709568024
vt 0.9375 0.00883414689451456
vt 0.9375 0.04983414709568024
vt 0.9375 0.00883414689451456
vt 0.9375 0.04983414709568024
vt 1 0.00883414689451456
vt 1 0.04983414709568024
vt 0 0.04983414709568024
vt 0 0.05163692310452461
vt 0.0625 0.04983414709568024
vt 0.0625 0.05163692310452461
vt 0.0625 0.04983414709568024
vt 0.0625 0.05163692310452461
vt 0.125 0.04983414709568024
vt 0.125 0.05163692310452461
vt 0.1875 0.04983414709568024
vt 0.1875 0.05163692310452461
vt 0.1875 0.04983414709568024
vt 0.1875 0.05163692310452461
vt 0.25 0.04983414709568024
vt 0.25 0.05163692310452461
vt 0.25 0.04983414709568024
vt 0.25 0.05163692310452461
vt 0.3125 0.04983414709568024
vt 0.3125 0.05163692310452461
vt 0.3125 0.04983414709568024
vt 0.3125 0.05163692310452461
vt 0.375 0.04983414709568024
vt 0.375 0.05163692310452461
vt 0.4375 0.04983414709568024
vt 0.4375 0.05163692310452461
vt 0.4375 0.04983414709568024
vt 0.4375 0.05163692310452461
vt 0.5 0.04983414709568024
vt 0.5 0.05163692310452461
vt 0.5 0.04983414709568024
vt 0.5 0.05163692310452461
vt 0.5625 0.04983414709568024
vt 0.5625 0.05163692310452461
vt 0.5625 0.04983414709568024
vt 0.5625 0.05163692310452461
vt 0.625 0.04983414709568024
vt 0.625 0.05163692310452461
vt 0.6875 0.04983414709568024
vt 0.6875 0.05163692310452461
vt 0.6875 0.04983414709568024
vt 0.6875 0.05163692310452461
vt 0.75 0.04983414709568024
vt 0.75 0.05163692310452461
vt 0.75 0.04983414709568024
vt 0.75 0.05163692310452461
vt 0.8125 0.04983414709568024
vt 0.8125 0.05163692310452461
vt 0.8125 0.04983414709568024
vt 0.8125 0.05163692310452461
vt 0.875 0.04983414709568024
vt 0.875 0.05163692310452461
vt 0.9375 0.04983414709568024
vt 0.9375 0.05163692310452461
vt 0.9375 0.04983414709568024
vt 0.9375 0.05163692310452461
vt 1 0.04983414709568024
vt 1 0.05163692310452461
vt 0 0.05163692310452461
vt 0 0.05483692139387131
vt 0.0625 0.05163692310452461
vt 0.0625 0.05483692139387131
vt 0.0625 0.05163692310452461
vt 0.0625 0.05483692139387131
vt 0.125 0.05163692310452461
vt 0.125 0.05483692139387131
vt 0.1875 0.05163692310452461
vt 0.1875 0.05483692139387131
vt 0.1875 0.05163692310452461
vt 0.1875 0.05483692139387131
vt 0.25 0.05163692310452461
vt 0.25 0.05483692139387131
vt 0.25 0.05163692310452461
vt 0.25 0.05483692139387131
vt 0.3125 0.05163692310452461
vt 0.3125 0.05483692139387131
vt 0.3125 0.05163692310452461
vt 0.3125 0.05483692139387131
vt 0.375 0.05163692310452461
vt 0.375 0.05483692139387131
vt 0.4375 0.05163692310452461
vt 0.4375 0.05483692139387131
vt 0.4375 0.05163692310452461
vt 0.4375 0.05483692139387131
vt 0.5 0.05163692310452461
vt 0.5 0.05483692139387131
vt 0.5 0.05163692310452461
vt 0.5 0.05483692139387131
vt 0.5625 0.05163692310452461
vt 0.5625 0.05483692139387131
vt 0.5625 0.05163692310452461
vt 0.5625 0.05483692139387131
vt 0.625 0.05163692310452461
vt 0.625 0.05483692139387131
vt 0.6875 0.05163692310452461
vt 0.6875 0.05483692139387131
vt 0.6875 0.05163692310452461
vt 0.6875 0.05483692139387131
vt 0.75 0.05163692310452461
vt 0.75 0.05483692139387131
vt 0.75 0.05163692310452461
vt 0.75 0.05483692139387131
vt 0.8125 0.05163692310452461
vt 0.8125 0.05483692139387131
vt 0.8125 0.05163692310452461
vt 0.8125 0.05483692139387131
vt 0.875 0.05163692310452461
vt 0.875 0.05483692139387131
vt 0.9375 0.05163692310452461
vt 0.9375 0.05483692139387131
vt 0.9375 0.05163692310452461
vt 0.9375 0.05483692139387131
vt 1 0.05163692310452461
vt 1 0.05483692139387131
vt 0 0.05483692139387131
vt 0 0.05596829205751419
vt 0.0625 0.05483692139387131
vt 0.0625 0.05596829205751419
vt 0.0625 0.05483692139387131
vt 0.0625 0.05596829205751419
vt 0.125 0.05483692139387131
vt 0.125 0.05596829205751419
vt 0.1875 0.05483692139387131
vt 0.1875 0.05596829205751419
vt 0.1875 0.05483692139387131
vt 0.1875 0.05596829205751419
vt 0.25 0.05483692139387131
vt 0.25 0.05596829205751419
vt 0.3125 0.05483692139387131
vt 0.3125 0.05596829205751419
vt 0.3125 0.05483692139387131
vt 0.3125 0.05596829205751419
vt 0.375 0.05483692139387131
vt 0.375 0.05596829205751419
vt 0.4375 0.05483692139387131
vt 0.4375 0.05596829205751419
vt 0.4375 0.05483692139387131
vt 0.4375 0.05596829205751419
vt 0.5 0.05483692139387131
vt 0.5 0.05596829205751419
vt 0.5625 0.05483692139387131
vt 0.5625 0.05596829205751419
vt 0.5625 0.05483692139387131
vt 0.5625 0.05596829205751419
vt 0.625 0.05483692139387131
vt 0.625 0.05596829205751419
vt 0.6875 0.05483692139387131
vt 0.6875 0.05596829205751419
vt 0.6875 0.05483692139387131
vt 0.6875 0.05596829205751419
vt 0.75 0.05483692139387131
vt 0.75 0.05596829205751419
vt 0.8125 0.05483692139387131
vt 0.8125 0.05596829205751419
vt 0.8125 0.05483692139387131
vt 0.8125 0.05596829205751419
vt 0.875 0.05483692139387131
vt 0.875 0.05596829205751419
vt 0.9375 0.05483692139387131
vt 0.9375 0.05596829205751419
vt 0.9375 0.05483692139387131
vt 0.9375 0.05596829205751419
vt 1 0.05483692139387131
vt 1 0.05596829205751419
vt 0 0.05596829205751419
vt 0 0.05866829305887222
vt 0.0625 0.05596829205751419
vt 0.0625 0.05866829305887222
vt 0.125 0.05596829205751419
vt 0.125 0.05866829305887222
vt 0.1875 0.05596829205751419
vt 0.1875 0.05866829305887222
vt 0.25 0.05596829205751419
vt 0.25 0.05866829305887222
vt 0.3125 0.05596829205751419
vt 0.3125 0.05866829305887222
vt 0.375 0.05596829205751419
vt 0.375 0.05866829305887222
vt 0.4375 0.05596829205751419
vt 0.4375 0.05866829305887222
vt 0.5 0.05596829205751419
vt 0.5 0.05866829305887222
vt 0.5625 0.05596829205751419
vt 0.5625 0.05866829305887222
vt 0.625 0.05596829205751419
vt 0.625 0.05866829305887222
vt 0.6875 0.05596829205751419
vt 0.6875 0.05866829305887222
vt 0.75 0.05596829205751419
vt 0.75 0.05866829305887222
vt 0.8125 0.05596829205751419
vt 0.8125 0.05866829305887222
vt 0.875 0.05596829205751419
vt 0.875 0.05866829305887222
vt 0.9375 0.05596829205751419
vt 0.9375 0.05866829305887222
vt 1 0.05596829205751419
vt 1 0.05866829305887222
vt 0 0.05866829305887222
vt 0 0
vt 0.0625 0.05866829305887222
vt 0.0625 0
vt 0.0625 0.05866829305887222
vt 0.0625 0
vt 0.125 0.05866829305887222
vt 0.125 0
vt 0.1875 0.05866829305887222
vt 0.1875 0
vt 0.1875 0.05866829305887222
vt 0.1875 0
vt 0.25 0.05866829305887222
vt 0.25 0
vt 0.3125 0.05866829305887222
vt 0.3125 0
vt 0.3125 0.05866829305887222
vt 0.3125 0
vt 0.375 0.05866829305887222
vt 0.375 0
vt 0.4375 0.05866829305887222
vt 0.4375 0
vt 0.4375 0.05866829305887222
vt 0.4375 0
vt 0.5 0.05866829305887222
vt 0.5 0
vt 0.5625 0.05866829305887222
vt 0.5625 0
vt 0.5625 0.05866829305887222
vt 0.5625 0
vt 0.625 0.05866829305887222
vt 0.625 0
vt 0.6875 0.05866829305887222
vt 0.6875 0
vt 0.6875 0.05866829305887222
vt 0.6875 0
vt 0.75 0.05866829305887222
vt 0.75 0
vt 0.8125 0.05866829305887222
vt 0.8125 0
vt 0.8125 0.05866829305887222
vt 0.8125 0
vt 0.875 0.05866829305887222
vt 0.875 0
vt 0.9375 0.05866829305887222
vt 0.9375 0
vt 0.9375 0.05866829305887222
vt 0.9375 0
vt 1 0.05866829305887222
vt 1 0
vn 0.19812215864658356 -0.9800893068313599 -0.013136318884789944
vn 0.5782026052474976 -0.8156854510307312 0.01841018721461296
vn 0.19812215864658356 -0.9800893068313599 -0.013136318884789944
vn 0.19812215864658356 -0.9800893068313599 -0.013136318884789944
vn 0.2692722976207733 -0.9246538877487183 0.2692722976207733
vn 0.2692722976207733 -0.9246538877487183 0.2692722976207733
vn 0.013136318884789944 -0.9800893068313599 0.19812215864658356
vn 0.013136318884789944 -0.9800893068313599 0.19812215864658356
vn 0.013136318884789944 -0.9800893068313599 0.19812215864658356
vn -0.01841018721461296 -0.8156854510307312 0.5782026052474976
vn 0.013136318884789944 -0.9800893068313599 0.19812215864658356
vn 0.013136318884789944 -0.9800893068313599 0.19812215864658356
vn -0.2692722976207733 -0.9246538877487183 0.2692722976207733
vn -0.2692722976207733 -0.9246538877487183 0.2692722976207733
vn -0.19812215864658356 -0.9800893068313599 0.013136318884789944
vn -0.19812215864658356 -0.9800893068313599 0.013136318884789944
vn -0.19812215864658356 -0.9800893068313599 0.013136318884789944
vn -0.5782026052474976 -0.8156854510307312 -0.01841018721461296
vn -0.19812215864658356 -0.9800893068313599 0.013136318884789944
vn -0.19812215864658356 -0.9800893068313599 0.013136318884789944
vn -0.2692722976207733 -0.9246538877487183 -0.2692722976207733
vn -0.2692722976207733 -0.9246538877487183 -0.2692722976207733
vn -0.013136318884789944 -0.9800893068313599 -0.19812215864658356
vn -0.013136318884789944 -0.9800893068313599 -0.19812215864658356
vn -0.013136318884789944 -0.9800893068313599 -0.19812215864658356
vn 0.01841018721461296 -0.8156854510307312 -0.5782026052474976
vn -0.013136318884789944 -0.9800893068313599 -0.19812215864658356
vn -0.013136318884789944 -0.9800893068313599 -0.19812215864658356
vn 0.2692722976207733 -0.9246538877487183 -0.2692722976207733
vn 0.2692722976207733 -0.9246538877487183 -0.2692722976207733
vn 0.19812215864658356 -0.9800893068313599 -0.013136318884789944
vn 0.19812215864658356 -0.9800893068313599 -0.013136318884789944
vn 0.19812215864658356 -0.9800893068313599 -0.013136318884789944
vn 0.5782026052474976 -0.8156854510307312 0.01841018721461296
vn 0.9251167178153992 -0.3796772360801697 0.0020733699202537537
vn 0.9251167178153992 -0.3796772360801697 0.0020733699202537537
vn 0.4364143908023834 -0.8992803692817688 -0.028936071321368217
vn 0.9251167178153992 -0.3796772360801697 0.0020733699202537537
vn 0.37023383378982544 -0.9286321997642517 0.02385758049786091
vn 0.9098516702651978 -0.41024431586265564 0.06220557540655136
vn 0.5650401711463928 -0.6164596676826477 0.5483676791191101
vn 0.5650401711463928 -0.6164596676826477 0.5483676791191101
vn 0.055807556957006454 -0.913217306137085 0.4036330282688141
vn 0.057740502059459686 -0.4103545844554901 0.9100962281227112
vn 0.028936071321368217 -0.8992803692817688 0.4364143908023834
vn -0.0020733699202537537 -0.3796772360801697 0.9251167178153992
vn -0.0020733699202537537 -0.3796772360801697 0.9251167178153992
vn -0.0020733699202537537 -0.3796772360801697 0.9251167178153992
vn 0.028936071321368217 -0.8992803692817688 0.4364143908023834
vn -0.0020733699202537537 -0.3796772360801697 0.9251167178153992
vn -0.02385758049786091 -0.9286321997642517 0.37023383378982544
vn -0.06220557540655136 -0.41024431586265564 0.9098516702651978
vn -0.5483676791191101 -0.6164596676826477 0.5650401711463928
vn -0.5483676791191101 -0.6164596676826477 0.5650401711463928
vn -0.4036330282688141 -0.913217306137085 0.055807556957006454
vn -0.9100962281227112 -0.4103545844554901 0.057740502059459686
vn -0.4364143908023834 -0.8992803692817688 0.028936071321368217
vn -0.9251167178153992 -0.3796772360801697 -0.0020733699202537537
vn -0.9251167178153992 -0.3796772360801697 -0.0020733699202537537
vn -0.9251167178153992 -0.3796772360801697 -0.0020733699202537537
vn -0.4364143908023834 -0.8992803692817688 0.028936071321368217
vn -0.9251167178153992 -0.3796772360801697 -0.0020733699202537537
vn -0.37023383378982544 -0.9286321997642517 -0.02385758049786091
vn -0.9098516702651978 -0.41024431586265564 -0.06220557540655136
vn -0.5650401711463928 -0.6164596676826477 -0.5483676791191101
vn -0.5650401711463928 -0.6164596676826477 -0.5483676791191101
vn -0.055807556957006454 -0.913217306137085 -0.4036330282688141
vn -0.057740502059459686 -0.4103545844554901 -0.9100962281227112
vn -0.028936071321368217 -0.8992803692817688 -0.4364143908023834
vn 0.0020733699202537537 -0.3796772360801697 -0.9251167178153992
vn 0.0020733699202537537 -0.3796772360801697 -0.9251167178153992
vn 0.0020733699202537537 -0.3796772360801697 -0.9251167178153992
vn -0.028936071321368217 -0.8992803692817688 -0.4364143908023834
vn 0.0020733699202537537 -0.3796772360801697 -0.9251167178153992
vn 0.02385758049786091 -0.9286321997642517 -0.37023383378982544
vn 0.06220557540655136 -0.41024431586265564 -0.9098516702651978
vn 0.5483676791191101 -0.6164596676826477 -0.5650401711463928
vn 0.5483676791191101 -0.6164596676826477 -0.5650401711463928
vn 0.4036330282688141 -0.913217306137085 -0.055807556957006454
vn 0.9100962281227112 -0.4103545844554901 -0.057740502059459686
vn 0.4364143908023834 -0.8992803692817688 -0.028936071321368217
vn 0.9251167178153992 -0.3796772360801697 0.0020733699202537537
vn 0.9251167178153992 -0.3796772360801697 0.0020733699202537537
vn 0.9251167178153992 -0.3796772360801697 0.0020733699202537537
vn 0.9998857975006104 -0.003981718327850103 0.014578665606677532
vn 0.9998857975006104 -0.003981718327850103 0.014578665606677532
vn 0.9998857975006104 -0.003981718327850103 0.014578665606677532
vn 0.9998857975006104 -0.003981718327850103 0.014578665606677532
vn 0.9896271228790283 -0.097127266228199 0.10585115849971771
vn 0.9896271228790283 -0.097127266228199 0.10585115849971771
vn 0.7147253155708313 0.04652313515543938 0.6978562474250793
vn 0.7147253155708313 0.04652313515543938 0.6978562474250793
vn 0.12568862736225128 -0.07408158481121063 0.9892998933792114
vn 0.12568862736225128 -0.07408158481121063 0.9892998933792114
vn 0.013436826877295971 0.02062212862074375 0.9996970295906067
vn 0.013436826877295971 0.02062212862074375 0.9996970295906067
vn 0.013436826877295971 0.02062212862074375 0.9996970295906067
vn 0.013436826877295971 0.02062212862074375 0.9996970295906067
vn -0.014578665606677532 -0.003981718327850103 0.9998857975006104
vn -0.014578665606677532 -0.003981718327850103 0.9998857975006104
vn -0.014578665606677532 -0.003981718327850103 0.9998857975006104
vn -0.014578665606677532 -0.003981718327850103 0.9998857975006104
vn -0.10585115849971771 -0.097127266228199 0.9896271228790283
vn -0.10585115849971771 -0.097127266228199 0.9896271228790283
vn -0.6978562474250793 0.04652313515543938 0.7147253155708313
vn -0.6978562474250793 0.04652313515543938 0.7147253155708313
vn -0.9892998933792114 -0.07408158481121063 0.12568862736225128
vn -0.9892998933792114 -0.07408158481121063 0.12568862736225128
vn -0.9996970295906067 0.02062212862074375 0.013436826877295971
vn -0.9996970295906067 0.02062212862074375 0.013436826877295971
vn -0.9996970295906067 0.02062212862074375 0.013436826877295971
vn -0.9996970295906067 0.02062212862074375 0.013436826877295971
vn -0.9998857975006104 -0.003981718327850103 -0.014578665606677532
vn -0.9998857975006104 -0.003981718327850103 -0.014578665606677532
vn -0.9998857975006104 -0.003981718327850103 -0.014578665606677532
vn -0.9998857975006104 -0.003981718327850103 -0.014578665606677532
vn -0.9896271228790283 -0.097127266228199 -0.10585115849971771
vn -0.9896271228790283 -0.097127266228199 -0.10585115849971771
vn -0.7147253155708313 0.04652313515543938 -0.6978562474250793
vn -0.7147253155708313 0.04652313515543938 -0.6978562474250793
vn -0.12568862736225128 -0.07408158481121063 -0.9892998933792114
vn -0.12568862736225128 -0.07408158481121063 -0.9892998933792114
vn -0.013436826877295971 0.02062212862074375 -0.9996970295906067
vn -0.013436826877295971 0.02062212862074375 -0.9996970295906067
vn -0.013436826877295971 0.02062212862074375 -0.9996970295906067
vn -0.013436826877295971 0.02062212862074375 -0.9996970295906067
vn 0.014578665606677532 -0.003981718327850103 -0.9998857975006104
vn 0.014578665606677532 -0.003981718327850103 -0.9998857975006104
vn 0.014578665606677532 -0.003981718327850103 -0.9998857975006104
vn 0.014578665606677532 -0.003981718327850103 -0.9998857975006104
vn 0.10585115849971771 -0.097127266228199 -0.9896271228790283
vn 0.10585115849971771 -0.097127266228199 -0.9896271228790283
vn 0.6978562474250793 0.04652313515543938 -0.7147253155708313
vn 0.6978562474250793 0.04652313515543938 -0.7147253155708313
vn 0.9892998933792114 -0.07408158481121063 -0.12568862736225128
vn 0.9892998933792114 -0.07408158481121063 -0.12568862736225128
vn 0.9996970295906067 0.02062212862074375 -0.013436826877295971
vn 0.9996970295906067 0.02062212862074375 -0.013436826877295971
vn 0.9996970295906067 0.02062212862074375 -0.013436826877295971
vn 0.9996970295906067 0.02062212862074375 -0.013436826877295971
vn 0.9205042719841003 0.3875770568847656 0.04955730587244034
vn 0.9205042719841003 0.3875770568847656 0.04955730587244034
vn 0.9205042719841003 0.3875770568847656 0.04955730587244034
vn 0.8039188981056213 0.5840584635734558 0.1122058555483818
vn 0.8360281586647034 0.527657151222229 0.1504487246274948
vn 0.7541614770889282 0.639779269695282 0.1480637788772583
vn 0.6649506688117981 0.37844669818878174 0.6439089179039001
vn 0.6649506688117981 0.37844669818878174 0.6439089179039001
vn 0.1738404631614685 0.5029791593551636 0.8466354012489319
vn 0.14449535310268402 0.6497127413749695 0.7463206052780151
vn 0.08046038448810577 0.3867957293987274 0.9186485409736633
vn 0.07791654020547867 0.5419600605964661 0.8367844820022583
vn 0.08046038448810577 0.3867957293987274 0.9186485409736633
vn 0.08046038448810577 0.3867957293987274 0.9186485409736633
vn -0.04955730587244034 0.3875770568847656 0.9205042719841003
vn -0.04955730587244034 0.3875770568847656 0.9205042719841003
vn -0.04955730587244034 0.3875770568847656 0.9205042719841003
vn -0.1122058555483818 0.5840584635734558 0.8039188981056213
vn -0.1504487246274948 0.527657151222229 0.8360281586647034
vn -0.1480637788772583 0.639779269695282 0.7541614770889282
vn -0.6439089179039001 0.37844669818878174 0.6649506688117981
vn -0.6439089179039001 0.37844669818878174 0.6649506688117981
vn -0.8466354012489319 0.5029791593551636 0.1738404631614685
vn -0.7463206052780151 0.6497127413749695 0.14449535310268402
vn -0.9186485409736633 0.3867957293987274 0.08046038448810577
vn -0.8367844820022583 0.5419600605964661 0.07791654020547867
vn -0.9186485409736633 0.3867957293987274 0.08046038448810577
vn -0.9186485409736633 0.3867957293987274 0.08046038448810577
vn -0.9205042719841003 0.3875770568847656 -0.04955730587244034
vn -0.9205042719841003 0.3875770568847656 -0.04955730587244034
vn -0.9205042719841003 0.3875770568847656 -0.04955730587244034
vn -0.8039188981056213 0.5840584635734558 -0.1122058555483818
vn -0.8360281586647034 0.527657151222229 -0.1504487246274948
vn -0.7541614770889282 0.639779269695282 -0.1480637788772583
vn -0.6649506688117981 0.37844669818878174 -0.6439089179039001
vn -0.6649506688117981 0.37844669818878174 -0.6439089179039001
vn -0.1738404631614685 0.5029791593551636 -0.8466354012489319
vn -0.14449535310268402 0.6497127413749695 -0.7463206052780151
vn -0.08046038448810577 0.3867957293987274 -0.9186485409736633
vn -0.07791654020547867 0.5419600605964661 -0.8367844820022583
vn -0.08046038448810577 0.3867957293987274 -0.9186485409736633
vn -0.08046038448810577 0.3867957293987274 -0.9186485409736633
vn 0.04955730587244034 0.3875770568847656 -0.9205042719841003
vn 0.04955730587244034 0.3875770568847656 -0.9205042719841003
vn 0.04955730587244034 0.3875770568847656 -0.9205042719841003
vn 0.1122058555483818 0.5840584635734558 -0.8039188981056213
vn 0.1504487246274948 0.527657151222229 -0.8360281586647034
vn 0.1480637788772583 0.639779269695282 -0.7541614770889282
vn 0.6439089179039001 0.37844669818878174 -0.6649506688117981
vn 0.6439089179039001 0.37844669818878174 -0.6649506688117981
vn 0.8466354012489319 0.5029791593551636 -0.1738404631614685
vn 0.7463206052780151 0.6497127413749695 -0.14449535310268402
vn 0.9186485409736633 0.3867957293987274 -0.08046038448810577
vn 0.8367844820022583 0.5419600605964661 -0.07791654020547867
vn 0.9186485409736633 0.3867957293987274 -0.08046038448810577
vn 0.9186485409736633 0.3867957293987274 -0.08046038448810577
vn 0.9998857975006104 -0.003981718327850103 0.014578665606677532
vn 0.9996970295906067 -0.020621992647647858 0.01343682873994112
vn 0.9999472498893738 -0.005553461145609617 -0.008639364503324032
vn 0.9928974509239197 0.07752110809087753 0.09025048464536667
vn 0.9684739708900452 -0.03893287479877472 0.24605359137058258
vn 0.9708548784255981 0.10464154928922653 0.21561771631240845
vn 0.7147253155708313 0.04652313515543938 0.6978562474250793
vn 0.6978562474250793 -0.04652301222085953 0.7147253155708313
vn 0.21561773121356964 -0.10464126616716385 0.9708548784255981
vn 0.2460535764694214 0.038933105766773224 0.9684739708900452
vn 0.09025049209594727 -0.07752083241939545 0.9928974509239197
vn -0.008639377541840076 0.005553675349801779 0.9999472498893738
vn 0.013436826877295971 0.02062212862074375 0.9996970295906067
vn 0.014578655362129211 0.003981871530413628 0.9998857975006104
vn -0.014578665606677532 -0.003981718327850103 0.9998857975006104
vn -0.01343682873994112 -0.020621992647647858 0.9996970295906067
vn 0.008639364503324032 -0.005553461145609617 0.9999472498893738
vn -0.09025048464536667 0.07752110809087753 0.9928974509239197
vn -0.24605359137058258 -0.03893287479877472 0.9684739708900452
vn -0.21561771631240845 0.10464154928922653 0.9708548784255981
vn -0.6978562474250793 0.04652313515543938 0.7147253155708313
vn -0.7147253155708313 -0.04652301222085953 0.6978562474250793
vn -0.9708548784255981 -0.10464126616716385 0.21561773121356964
vn -0.9684739708900452 0.038933105766773224 0.2460535764694214
vn -0.9928974509239197 -0.07752083241939545 0.09025049209594727
vn -0.9999472498893738 0.005553675349801779 -0.008639377541840076
vn -0.9996970295906067 0.02062212862074375 0.013436826877295971
vn -0.9998857975006104 0.003981871530413628 0.014578655362129211
vn -0.9998857975006104 -0.003981718327850103 -0.014578665606677532
vn -0.9996970295906067 -0.020621992647647858 -0.01343682873994112
vn -0.9999472498893738 -0.005553461145609617 0.008639364503324032
vn -0.9928974509239197 0.07752110809087753 -0.09025048464536667
vn -0.9684739708900452 -0.03893287479877472 -0.24605359137058258
vn -0.9708548784255981 0.10464154928922653 -0.21561771631240845
vn -0.7147253155708313 0.04652313515543938 -0.6978562474250793
vn -0.6978562474250793 -0.04652301222085953 -0.7147253155708313
vn -0.21561773121356964 -0.10464126616716385 -0.9708548784255981
vn -0.2460535764694214 0.038933105766773224 -0.9684739708900452
vn -0.09025049209594727 -0.07752083241939545 -0.9928974509239197
vn 0.008639377541840076 0.005553675349801779 -0.9999472498893738
vn -0.013436826877295971 0.02062212862074375 -0.9996970295906067
vn -0.014578655362129211 0.003981871530413628 -0.9998857975006104
vn 0.014578665606677532 -0.003981718327850103 -0.9998857975006104
vn 0.01343682873994112 -0.020621992647647858 -0.9996970295906067
vn -0.008639364503324032 -0.005553461145609617 -0.9999472498893738
vn 0.09025048464536667 0.07752110809087753 -0.9928974509239197
vn 0.24605359137058258 -0.03893287479877472 -0.9684739708900452
vn 0.21561771631240845 0.10464154928922653 -0.9708548784255981
vn 0.6978562474250793 0.04652313515543938 -0.7147253155708313
vn 0.7147253155708313 -0.04652301222085953 -0.6978562474250793
vn 0.9708548784255981 -0.10464126616716385 -0.21561773121356964
vn 0.9684739708900452 0.038933105766773224 -0.2460535764694214
vn 0.9928974509239197 -0.07752083241939545 -0.09025049209594727
vn 0.9999472498893738 0.005553675349801779 0.008639377541840076
vn 0.9996970295906067 0.02062212862074375 -0.013436826877295971
vn 0.9998857975006104 0.003981871530413628 -0.014578655362129211
vn 0.9186484813690186 -0.38679587841033936 0.08046038448810577
vn 0.9186484813690186 -0.38679587841033936 0.08046038448810577
vn 0.8367843627929688 -0.5419602394104004 0.07791656255722046
vn 0.9186484813690186 -0.38679587841033936 0.08046038448810577
vn 0.746320366859436 -0.6497129797935486 0.1444953829050064
vn 0.8466352820396423 -0.5029793381690979 0.1738404631614685
vn 0.6439088582992554 -0.3784468472003937 0.6649506092071533
vn 0.6439088582992554 -0.3784468472003937 0.6649506092071533
vn 0.1480637788772583 -0.6397795081138611 0.7541612982749939
vn 0.150448739528656 -0.5276573300361633 0.8360280394554138
vn 0.1122058555483818 -0.5840587019920349 0.803918719291687
vn 0.049557317048311234 -0.38757720589637756 0.9205042123794556
vn 0.049557317048311234 -0.38757720589637756 0.9205042123794556
vn 0.049557317048311234 -0.38757720589637756 0.9205042123794556
vn -0.08046038448810577 -0.38679587841033936 0.9186484813690186
vn -0.08046038448810577 -0.38679587841033936 0.9186484813690186
vn -0.07791656255722046 -0.5419602394104004 0.8367843627929688
vn -0.08046038448810577 -0.38679587841033936 0.9186484813690186
vn -0.1444953829050064 -0.6497129797935486 0.746320366859436
vn -0.1738404631614685 -0.5029793381690979 0.8466352820396423
vn -0.6649506092071533 -0.3784468472003937 0.6439088582992554
vn -0.6649506092071533 -0.3784468472003937 0.6439088582992554
vn -0.7541612982749939 -0.6397795081138611 0.1480637788772583
vn -0.8360280394554138 -0.5276573300361633 0.150448739528656
vn -0.803918719291687 -0.5840587019920349 0.1122058555483818
vn -0.9205042123794556 -0.38757720589637756 0.049557317048311234
vn -0.9205042123794556 -0.38757720589637756 0.049557317048311234
vn -0.9205042123794556 -0.38757720589637756 0.049557317048311234
vn -0.9186484813690186 -0.38679587841033936 -0.08046038448810577
vn -0.9186484813690186 -0.38679587841033936 -0.08046038448810577
vn -0.8367843627929688 -0.5419602394104004 -0.07791656255722046
vn -0.9186484813690186 -0.38679587841033936 -0.08046038448810577
vn -0.746320366859436 -0.6497129797935486 -0.1444953829050064
vn -0.8466352820396423 -0.5029793381690979 -0.1738404631614685
vn -0.6439088582992554 -0.3784468472003937 -0.6649506092071533
vn -0.6439088582992554 -0.3784468472003937 -0.6649506092071533
vn -0.1480637788772583 -0.6397795081138611 -0.7541612982749939
vn -0.150448739528656 -0.5276573300361633 -0.8360280394554138
vn -0.1122058555483818 -0.5840587019920349 -0.803918719291687
vn -0.049557317048311234 -0.38757720589637756 -0.9205042123794556
vn -0.049557317048311234 -0.38757720589637756 -0.9205042123794556
vn -0.049557317048311234 -0.38757720589637756 -0.9205042123794556
vn 0.08046038448810577 -0.38679587841033936 -0.9186484813690186
vn 0.08046038448810577 -0.38679587841033936 -0.9186484813690186
vn 0.07791656255722046 -0.5419602394104004 -0.8367843627929688
vn 0.08046038448810577 -0.38679587841033936 -0.9186484813690186
vn 0.1444953829050064 -0.6497129797935486 -0.746320366859436
vn 0.1738404631614685 -0.5029793381690979 -0.8466352820396423
vn 0.6649506092071533 -0.3784468472003937 -0.6439088582992554
vn 0.6649506092071533 -0.3784468472003937 -0.6439088582992554
vn 0.7541612982749939 -0.6397795081138611 -0.1480637788772583
vn 0.8360280394554138 -0.5276573300361633 -0.150448739528656
vn 0.803918719291687 -0.5840587019920349 -0.1122058555483818
vn 0.9205042123794556 -0.38757720589637756 -0.049557317048311234
vn 0.9205042123794556 -0.38757720589637756 -0.049557317048311234
vn 0.9205042123794556 -0.38757720589637756 -0.049557317048311234
vn 0.9996970295906067 -0.020621992647647858 0.01343682873994112
vn 0.9996970295906067 -0.020621992647647858 0.01343682873994112
vn 0.9996970295906067 -0.020621992647647858 0.01343682873994112
vn 0.9996970295906067 -0.020621992647647858 0.01343682873994112
vn 0.9892998933792114 0.07408177852630615 0.12568862736225128
vn 0.9892998933792114 0.07408177852630615 0.12568862736225128
vn 0.6978562474250793 -0.04652301222085953 0.7147253155708313
vn 0.6978562474250793 -0.04652301222085953 0.7147253155708313
vn 0.10585114359855652 0.09712748229503632 0.9896271228790283
vn 0.10585114359855652 0.09712748229503632 0.9896271228790283
vn 0.014578655362129211 0.003981871530413628 0.9998857975006104
vn 0.014578655362129211 0.003981871530413628 0.9998857975006104
vn 0.014578655362129211 0.003981871530413628 0.9998857975006104
vn 0.014578655362129211 0.003981871530413628 0.9998857975006104
vn -0.01343682873994112 -0.020621992647647858 0.9996970295906067
vn -0.01343682873994112 -0.020621992647647858 0.9996970295906067
vn -0.01343682873994112 -0.020621992647647858 0.9996970295906067
vn -0.01343682873994112 -0.020621992647647858 0.9996970295906067
vn -0.12568862736225128 0.07408177852630615 0.9892998933792114
vn -0.12568862736225128 0.07408177852630615 0.9892998933792114
vn -0.7147253155708313 -0.04652301222085953 0.6978562474250793
vn -0.7147253155708313 -0.04652301222085953 0.6978562474250793
vn -0.9896271228790283 0.09712748229503632 0.10585114359855652
vn -0.9896271228790283 0.09712748229503632 0.10585114359855652
vn -0.9998857975006104 0.003981871530413628 0.014578655362129211
vn -0.9998857975006104 0.003981871530413628 0.014578655362129211
vn -0.9998857975006104 0.003981871530413628 0.014578655362129211
vn -0.9998857975006104 0.003981871530413628 0.014578655362129211
vn -0.9996970295906067 -0.020621992647647858 -0.01343682873994112
vn -0.9996970295906067 -0.020621992647647858 -0.01343682873994112
vn -0.9996970295906067 -0.020621992647647858 -0.01343682873994112
vn -0.9996970295906067 -0.020621992647647858 -0.01343682873994112
vn -0.9892998933792114 0.07408177852630615 -0.12568862736225128
vn -0.9892998933792114 0.07408177852630615 -0.12568862736225128
vn -0.6978562474250793 -0.04652301222085953 -0.7147253155708313
vn -0.6978562474250793 -0.04652301222085953 -0.7147253155708313
vn -0.10585114359855652 0.09712748229503632 -0.9896271228790283
vn -0.10585114359855652 0.09712748229503632 -0.9896271228790283
vn -0.014578655362129211 0.003981871530413628 -0.9998857975006104
vn -0.014578655362129211 0.003981871530413628 -0.9998857975006104
vn -0.014578655362129211 0.003981871530413628 -0.9998857975006104
vn -0.014578655362129211 0.003981871530413628 -0.9998857975006104
vn 0.01343682873994112 -0.020621992647647858 -0.9996970295906067
vn 0.01343682873994112 -0.020621992647647858 -0.9996970295906067
vn 0.01343682873994112 -0.020621992647647858 -0.9996970295906067
vn 0.01343682873994112 -0.020621992647647858 -0.9996970295906067
vn 0.12568862736225128 0.07408177852630615 -0.9892998933792114
vn 0.12568862736225128 0.07408177852630615 -0.9892998933792114
vn 0.7147253155708313 -0.04652301222085953 -0.6978562474250793
vn 0.7147253155708313 -0.04652301222085953 -0.6978562474250793
vn 0.9896271228790283 0.09712748229503632 -0.10585114359855652
vn 0.9896271228790283 0.09712748229503632 -0.10585114359855652
vn 0.9998857975006104 0.003981871530413628 -0.014578655362129211
vn 0.9998857975006104 0.003981871530413628 -0.014578655362129211
vn 0.9998857975006104 0.003981871530413628 -0.014578655362129211
vn 0.9998857975006104 0.003981871530413628 -0.014578655362129211
vn 0.9251165986061096 0.37967753410339355 -0.0020733627025038004
vn 0.9251165986061096 0.37967753410339355 -0.0020733627025038004
vn 0.9251165986061096 0.37967753410339355 -0.0020733627025038004
vn 0.4364141821861267 0.8992804884910583 0.028936058282852173
vn 0.9100961089134216 0.410354882478714 0.05774051696062088
vn 0.4036328196525574 0.9132174253463745 0.05580754205584526
vn 0.5483675599098206 0.6164599061012268 0.5650400519371033
vn 0.5483675599098206 0.6164599061012268 0.5650400519371033
vn 0.06220557168126106 0.4102446138858795 0.9098515510559082
vn 0.023857589811086655 0.9286322593688965 0.3702336549758911
vn 0.0020733627025038004 0.37967753410339355 0.9251165986061096
vn -0.028936058282852173 0.8992804884910583 0.4364141821861267
vn 0.0020733627025038004 0.37967753410339355 0.9251165986061096
vn 0.0020733627025038004 0.37967753410339355 0.9251165986061096
vn 0.0020733627025038004 0.37967753410339355 0.9251165986061096
vn -0.028936058282852173 0.8992804884910583 0.4364141821861267
vn -0.05774051696062088 0.410354882478714 0.9100961089134216
vn -0.05580754205584526 0.9132174253463745 0.4036328196525574
vn -0.5650400519371033 0.6164599061012268 0.5483675599098206
vn -0.5650400519371033 0.6164599061012268 0.5483675599098206
vn -0.9098515510559082 0.4102446138858795 0.06220557168126106
vn -0.3702336549758911 0.9286322593688965 0.023857589811086655
vn -0.9251165986061096 0.37967753410339355 0.0020733627025038004
vn -0.4364141821861267 0.8992804884910583 -0.028936058282852173
vn -0.9251165986061096 0.37967753410339355 0.0020733627025038004
vn -0.9251165986061096 0.37967753410339355 0.0020733627025038004
vn -0.9251165986061096 0.37967753410339355 0.0020733627025038004
vn -0.4364141821861267 0.8992804884910583 -0.028936058282852173
vn -0.9100961089134216 0.410354882478714 -0.05774051696062088
vn -0.4036328196525574 0.9132174253463745 -0.05580754205584526
vn -0.5483675599098206 0.6164599061012268 -0.5650400519371033
vn -0.5483675599098206 0.6164599061012268 -0.5650400519371033
vn -0.06220557168126106 0.4102446138858795 -0.9098515510559082
vn -0.023857589811086655 0.9286322593688965 -0.3702336549758911
vn -0.0020733627025038004 0.37967753410339355 -0.9251165986061096
vn 0.028936058282852173 0.8992804884910583 -0.4364141821861267
vn -0.0020733627025038004 0.37967753410339355 -0.9251165986061096
vn -0.0020733627025038004 0.37967753410339355 -0.9251165986061096
vn -0.0020733627025038004 0.37967753410339355 -0.9251165986061096
vn 0.028936058282852173 0.8992804884910583 -0.4364141821861267
vn 0.05774051696062088 0.410354882478714 -0.9100961089134216
vn 0.05580754205584526 0.9132174253463745 -0.4036328196525574
vn 0.5650400519371033 0.6164599061012268 -0.5483675599098206
vn 0.5650400519371033 0.6164599061012268 -0.5483675599098206
vn 0.9098515510559082 0.4102446138858795 -0.06220557168126106
vn 0.3702336549758911 0.9286322593688965 -0.023857589811086655
vn 0.9251165986061096 0.37967753410339355 -0.0020733627025038004
vn 0.4364141821861267 0.8992804884910583 0.028936058282852173
vn 0.9251165986061096 0.37967753410339355 -0.0020733627025038004
vn 0.9251165986061096 0.37967753410339355 -0.0020733627025038004
vn 0.5782020092010498 0.8156858682632446 -0.01841016858816147
vn 0.19812196493148804 0.9800893664360046 0.013136305846273899
vn 0.19812196493148804 0.9800893664360046 0.013136305846273899
vn 0.19812196493148804 0.9800893664360046 0.013136305846273899
vn 0.26927199959754944 0.9246540665626526 0.26927199959754944
vn 0.26927199959754944 0.9246540665626526 0.26927199959754944
vn -0.013136305846273899 0.9800893664360046 0.19812196493148804
vn -0.013136305846273899 0.9800893664360046 0.19812196493148804
vn 0.01841016858816147 0.8156858682632446 0.5782020092010498
vn -0.013136305846273899 0.9800893664360046 0.19812196493148804
vn -0.013136305846273899 0.9800893664360046 0.19812196493148804
vn -0.013136305846273899 0.9800893664360046 0.19812196493148804
vn -0.26927199959754944 0.9246540665626526 0.26927199959754944
vn -0.26927199959754944 0.9246540665626526 0.26927199959754944
vn -0.19812196493148804 0.9800893664360046 -0.013136305846273899
vn -0.19812196493148804 0.9800893664360046 -0.013136305846273899
vn -0.5782020092010498 0.8156858682632446 0.01841016858816147
vn -0.19812196493148804 0.9800893664360046 -0.013136305846273899
vn -0.19812196493148804 0.9800893664360046 -0.013136305846273899
vn -0.19812196493148804 0.9800893664360046 -0.013136305846273899
vn -0.26927199959754944 0.9246540665626526 -0.26927199959754944
vn -0.26927199959754944 0.9246540665626526 -0.26927199959754944
vn 0.013136305846273899 0.9800893664360046 -0.19812196493148804
vn 0.013136305846273899 0.9800893664360046 -0.19812196493148804
vn -0.01841016858816147 0.8156858682632446 -0.5782020092010498
vn 0.013136305846273899 0.9800893664360046 -0.19812196493148804
vn 0.013136305846273899 0.9800893664360046 -0.19812196493148804
vn 0.013136305846273899 0.9800893664360046 -0.19812196493148804
vn 0.26927199959754944 0.9246540665626526 -0.26927199959754944
vn 0.26927199959754944 0.9246540665626526 -0.26927199959754944
vn 0.19812196493148804 0.9800893664360046 0.013136305846273899
vn 0.19812196493148804 0.9800893664360046 0.013136305846273899
vn 0.5782020092010498 0.8156858682632446 -0.01841016858816147
vn 0.19812196493148804 0.9800893664360046 0.013136305846273899
vn -0.997809112071991 0 0.06615886837244034
vn -0.997809112071991 0 -0.06615886837244034
vn -0.997809112071991 0 0.06615886837244034
vn -0.997809112071991 0 -0.06615886837244034
vn -0.9965960383415222 0 -0.08243958652019501
vn -0.9893366098403931 0 -0.14564692974090576
vn -0.7523389458656311 0 -0.6587762236595154
vn -0.6587762236595154 0 -0.7523389458656311
vn -0.14564692974090576 0 -0.9893366098403931
vn -0.08243958652019501 0 -0.9965960383415222
vn -0.06615886837244034 0 -0.997809112071991
vn 0.06615886837244034 0 -0.997809112071991
vn -0.06615886837244034 0 -0.997809112071991
vn 0.06615886837244034 0 -0.997809112071991
vn -0.06615886837244034 0 -0.997809112071991
vn 0.06615886837244034 0 -0.997809112071991
vn 0.08243958652019501 0 -0.9965960383415222
vn 0.14564692974090576 0 -0.9893366098403931
vn 0.6587762236595154 0 -0.7523389458656311
vn 0.7523389458656311 0 -0.6587762236595154
vn 0.9893366098403931 0 -0.14564692974090576
vn 0.9965960383415222 0 -0.08243958652019501
vn 0.997809112071991 0 -0.06615886837244034
vn 0.997809112071991 0 0.06615886837244034
vn 0.997809112071991 0 -0.06615886837244034
vn 0.997809112071991 0 0.06615886837244034
vn 0.997809112071991 0 -0.06615886837244034
vn 0.997809112071991 0 0.06615886837244034
vn 0.9965960383415222 0 0.08243958652019501
vn 0.9893366098403931 0 0.14564692974090576
vn 0.7523389458656311 0 0.6587762236595154
vn 0.6587762236595154 0 0.7523389458656311
vn 0.14564692974090576 0 0.9893366098403931
vn 0.08243958652019501 0 0.9965960383415222
vn 0.06615886837244034 0 0.997809112071991
vn -0.06615886837244034 0 0.997809112071991
vn 0.06615886837244034 0 0.997809112071991
vn -0.06615886837244034 0 0.997809112071991
vn 0.06615886837244034 0 0.997809112071991
vn -0.06615886837244034 0 0.997809112071991
vn -0.08243958652019501 0 0.9965960383415222
vn -0.14564692974090576 0 0.9893366098403931
vn -0.6587762236595154 0 0.7523389458656311
vn -0.7523389458656311 0 0.6587762236595154
vn -0.9893366098403931 0 0.14564692974090576
vn -0.9965960383415222 0 0.08243958652019501
vn -0.997809112071991 0 0.06615886837244034
vn -0.997809112071991 0 -0.06615886837244034
vn -0.997809112071991 0 0.06615886837244034
vn -0.997809112071991 0 -0.06615886837244034
f 112/112/112 113/113/113 114/114/114
f 114/114/114 113/113/113 115/115/115
f 114/114/114 115/115/115 116/116/116
f 116/116/116 115/115/115 117/117/117
f 116/116/116 117/117/117 118/118/118
f 118/118/118 117/117/117 119/119/119
f 118/118/118 119/119/119 120/120/120
f 120/120/120 119/119/119 121/121/121
f 120/120/120 121/121/121 122/122/122
f 122/122/122 121/121/121 123/123/123
f 122/122/122 123/123/123 124/124/124
f 124/124/124 123/123/123 125/125/125
f 124/124/124 125/125/125 126/126/126
f 126/126/126 125/125/125 127/127/127
f 126/126/126 127/127/127 128/128/128
f 128/128/128 127/127/127 129/129/129
f 128/128/128 129/129/129 130/130/130
f 130/130/130 129/129/129 131/131/131
f 130/130/130 131/131/131 132/132/132
f 132/132/132 131/131/131 133/133/133
f 132/132/132 133/133/133 134/134/134
f 134/134/134 133/133/133 135/135/135
f 134/134/134 135/135/135 136/136/136
f 136/136/136 135/135/135 137/137/137
f 136/136/136 137/137/137 138/138/138
f 138/138/138 137/137/137 139/139/139
f 138/138/138 139/139/139 140/140/140
f 140/140/140 139/139/139 141/141/141
f 140/140/140 141/141/141 142/142/142
f 142/142/142 141/141/141 143/143/143
f 142/142/142 143/143/143 144/144/144
f 144/144/144 143/143/143 145/145/145
f 146/146/146 147/147/147 148/148/148
f 148/148/148 147/147/147 149/149/149
f 150/150/150 151/151/151 152/152/152
f 152/152/152 151/151/151 153/153/153
f 152/152/152 153/153/153 154/154/154
f 154/154/154 153/153/153 155/155/155
f 156/156/156 157/157/157 158/158/158
f 158/158/158 157/157/157 159/159/159
f 158/158/158 159/159/159 160/160/160
f 160/160/160 159/159/159 161/161/161
f 162/162/162 163/163/163 164/164/164
f 164/164/164 163/163/163 165/165/165
f 164/164/164 165/165/165 166/166/166
f 166/166/166 165/165/165 167/167/167
f 168/168/168 169/169/169 170/170/170
f 170/170/170 169/169/169 171/171/171
f 170/170/170 171/171/171 172/172/172
f 172/172/172 171/171/171 173/173/173
f 174/174/174 175/175/175 176/176/176
f 176/176/176 175/175/175 177/177/177
f 176/176/176 177/177/177 178/178/178
f 178/178/178 177/177/177 179/179/179
f 180/180/180 181/181/181 182/182/182
f 182/182/182 181/181/181 183/183/183
f 182/182/182 183/183/183 184/184/184
f 184/184/184 183/183/183 185/185/185
f 186/186/186 187/187/187 188/188/188
f 188/188/188 187/187/187 189/189/189
f 188/188/188 189/189/189 190/190/190
f 190/190/190 189/189/189 191/191/191
f 192/192/192 193/193/193 194/194/194
f 194/194/194 193/193/193 195/195/195
f 196/196/196 197/197/197 198/198/198
f 198/198/198 197/197/197 199/199/199
f 200/200/200 201/201/201 202/202/202
f 202/202/202 201/201/201 203/203/203
f 202/202/202 203/203/203 204/204/204
f 204/204/204 203/203/203 205/205/205
f 206/206/206 207/207/207 208/208/208
f 208/208/208 207/207/207 209/209/209
f 210/210/210 211/211/211 212/212/212
f 212/212/212 211/211/211 213/213/213
f 214/214/214 215/215/215 216/216/216
f 216/216/216 215/215/215 217/217/217
f 216/216/216 217/217/217 218/218/218
f 218/218/218 217/217/217 219/219/219
f 220/220/220 221/221/221 222/222/222
f 222/222/222 221/221/221 223/223/223
f 224/224/224 225/225/225 226/226/226
f 226/226/226 225/225/225 227/227/227
f 228/228/228 229/229/229 230/230/230
f 230/230/230 229/229/229 231/231/231
f 230/230/230 231/231/231 232/232/232
f 232/232/232 231/231/231 233/233/233
f 234/234/234 235/235/235 236/236/236
f 236/236/236 235/235/235 237/237/237
f 238/238/238 239/239/239 240/240/240
f 240/240/240 239/239/239 241/241/241
f 242/242/242 243/243/243 244/244/244
f 244/244/244 243/243/243 245/245/245
f 244/244/244 245/245/245 246/246/246
f 246/246/246 245/245/245 247/247/247
f 248/248/248 249/249/249 250/250/250
f 250/250/250 249/249/249 251/251/251
f 252/252/252 253/253/253 254/254/254
f 254/254/254 253/253/253 255/255/255
f 256/256/256 257/257/257 258/258/258
f 258/258/258 257/257/257 259/259/259
f 258/258/258 259/259/259 260/260/260
f 260/260/260 259/259/259 261/261/261
f 262/262/262 263/263/263 264/264/264
f 264/264/264 263/263/263 265/265/265
f 266/266/266 267/267/267 268/268/268
f 268/268/268 267/267/267 269/269/269
f 270/270/270 271/271/271 272/272/272
f 272/272/272 271/271/271 273/273/273
f 272/272/272 273/273/273 274/274/274
f 274/274/274 273/273/273 275/275/275
f 276/276/276 277/277/277 278/278/278
f 278/278/278 277/277/277 279/279/279
f 280/280/280 281/281/281 282/282/282
f 282/282/282 281/281/281 283/283/283
f 284/284/284 285/285/285 286/286/286
f 286/286/286 285/285/285 287/287/287
f 286/286/286 287/287/287 288/288/288
f 288/288/288 287/287/287 289/289/289
f 290/290/290 291/291/291 292/292/292
f 292/292/292 291/291/291 293/293/293
f 294/294/294 295/295/295 296/296/296
f 296/296/296 295/295/295 297/297/297
f 298/298/298 299/299/299 300/300/300
f 300/300/300 299/299/299 301/301/301
f 300/300/300 301/301/301 302/302/302
f 302/302/302 301/301/301 303/303/303
f 304/304/304 305/305/305 306/306/306
f 306/306/306 305/305/305 307/307/307
f 308/308/308 309/309/309 310/310/310
f 310/310/310 309/309/309 311/311/311
f 312/312/312 313/313/313 314/314/314
f 314/314/314 313/313/313 315/315/315
f 314/314/314 315/315/315 316/316/316
f 316/316/316 315/315/315 317/317/317
f 318/318/318 319/319/319 320/320/320
f 320/320/320 319/319/319 321/321/321
f 322/322/322 323/323/323 324/324/324
f 324/324/324 323/323/323 325/325/325
f 326/326/326 327/327/327 328/328/328
f 328/328/328 327/327/327 329/329/329
f 328/328/328 329/329/329 330/330/330
f 330/330/330 329/329/329 331/331/331
f 332/332/332 333/333/333 334/334/334
f 334/334/334 333/333/333 335/335/335
f 336/336/336 337/337/337 338/338/338
f 338/338/338 337/337/337 339/339/339
f 340/340/340 341/341/341 342/342/342
f 342/342/342 341/341/341 343/343/343
f 342/342/342 343/343/343 344/344/344
f 344/344/344 343/343/343 345/345/345
f 346/346/346 347/347/347 348/348/348
f 348/348/348 347/347/347 349/349/349
f 350/350/350 351/351/351 352/352/352
f 352/352/352 351/351/351 353/353/353
f 354/354/354 355/355/355 356/356/356
f 356/356/356 355/355/355 357/357/357
f 356/356/356 357/357/357 358/358/358
f 358/358/358 357/357/357 359/359/359
f 360/360/360 361/361/361 362/362/362
f 362/362/362 361/361/361 363/363/363
f 364/364/364 365/365/365 366/366/366
f 366/366/366 365/365/365 367/367/367
f 368/368/368 369/369/369 370/370/370
f 370/370/370 369/369/369 371/371/371
f 370/370/370 371/371/371 372/372/372
f 372/372/372 371/371/371 373/373/373
f 374/374/374 375/375/375 376/376/376
f 376/376/376 375/375/375 377/377/377
f 378/378/378 379/379/379 380/380/380
f 380/380/380 379/379/379 381/381/381
f 382/382/382 383/383/383 384/384/384
f 384/384/384 383/383/383 385/385/385
f 384/384/384 385/385/385 386/386/386
f 386/386/386 385/385/385 387/387/387
f 388/388/388 389/389/389 390/390/390
f 390/390/390 389/389/389 391/391/391
f 392/392/392 393/393/393 394/394/394
f 394/394/394 393/393/393 395/395/395
f 396/396/396 397/397/397 398/398/398
f 398/398/398 397/397/397 399/399/399
f 398/398/398 399/399/399 400/400/400
f 400/400/400 399/399/399 401/401/401
f 402/402/402 403/403/403 404/404/404
f 404/404/404 403/403/403 405/405/405
f 406/406/406 407/407/407 408/408/408
f 408/408/408 407/407/407 409/409/409
f 410/410/410 411/411/411 412/412/412
f 412/412/412 411/411/411 413/413/413
f 412/412/412 413/413/413 414/414/414
f 414/414/414 413/413/413 415/415/415
f 416/416/416 417/417/417 418/418/418
f 418/418/418 417/417/417 419/419/419
f 420/420/420 421/421/421 422/422/422
f 422/422/422 421/421/421 423/423/423
f 424/424/424 425/425/425 426/426/426
f 426/426/426 425/425/425 427/427/427
f 426/426/426 427/427/427 428/428/428
f 428/428/428 427/427/427 429/429/429
f 430/430/430 431/431/431 432/432/432
f 432/432/432 431/431/431 433/433/433
f 434/434/434 435/435/435 436/436/436
f 436/436/436 435/435/435 437/437/437
f 438/438/438 439/439/439 440/440/440
f 440/440/440 439/439/439 441/441/441
f 440/440/440 441/441/441 442/442/442
f 442/442/442 441/441/441 443/443/443
f 444/444/444 445/445/445 446/446/446
f 446/446/446 445/445/445 447/447/447
f 448/448/448 449/449/449 450/450/450
f 450/450/450 449/449/449 451/451/451
f 452/452/452 453/453/453 454/454/454
f 454/454/454 453/453/453 455/455/455
f 454/454/454 455/455/455 456/456/456
f 456/456/456 455/455/455 457/457/457
f 458/458/458 459/459/459 460/460/460
f 460/460/460 459/459/459 461/461/461
f 462/462/462 463/463/463 464/464/464
f 464/464/464 463/463/463 465/465/465
f 466/466/466 467/467/467 468/468/468
f 468/468/468 467/467/467 469/469/469
f 468/468/468 469/469/469 470/470/470
f 470/470/470 469/469/469 471/471/471
f 472/472/472 473/473/473 474/474/474
f 474/474/474 473/473/473 475/475/475
f 476/476/476 477/477/477 478/478/478
f 478/478/478 477/477/477 479/479/479
f 480/480/480 481/481/481 482/482/482
f 482/482/482 481/481/481 483/483/483
f 482/482/482 483/483/483 484/484/484
f 484/484/484 483/483/483 485/485/485
f 486/486/486 487/487/487 488/488/488
f 488/488/488 487/487/487 489/489/489
f 488/488/488 489/489/489 490/490/490
f 490/490/490 489/489/489 491/491/491
f 492/492/492 493/493/493 494/494/494
f 494/494/494 493/493/493 495/495/495
f 494/494/494 495/495/495 496/496/496
f 496/496/496 495/495/495 497/497/497
f 498/498/498 499/499/499 500/500/500
f 500/500/500 499/499/499 501/501/501
f 500/500/500 501/501/501 502/502/502
f 502/502/502 501/501/501 503/503/503
f 504/504/504 505/505/505 506/506/506
f 506/506/506 505/505/505 507/507/507
f 506/506/506 507/507/507 508/508/508
f 508/508/508 507/507/507 509/509/509
f 510/510/510 511/511/511 512/512/512
f 512/512/512 511/511/511 513/513/513
f 512/512/512 513/513/513 514/514/514
f 514/514/514 513/513/513 515/515/515
f 516/516/516 517/517/517 518/518/518
f 518/518/518 517/517/517 519/519/519
f 518/518/518 519/519/519 520/520/520
f 520/520/520 519/519/519 521/521/521
f 522/522/522 523/523/523 524/524/524
f 524/524/524 523/523/523 525/525/525
f 526/526/526 527/527/527 528/528/528
f 528/528/528 527/527/527 529/529/529
f 528/528/528 529/529/529 530/530/530
f 530/530/530 529/529/529 531/531/531
f 530/530/530 531/531/531 532/532/532
f 532/532/532 531/531/531 533/533/533
f 532/532/532 533/533/533 534/534/534
f 534/534/534 533/533/533 535/535/535
f 534/534/534 535/535/535 536/536/536
f 536/536/536 535/535/535 537/537/537
f 536/536/536 537/537/537 538/538/538
f 538/538/538 537/537/537 539/539/539
f 538/538/538 539/539/539 540/540/540
f 540/540/540 539/539/539 541/541/541
f 540/540/540 541/541/541 542/542/542
f 542/542/542 541/541/541 543/543/543
f 542/542/542 543/543/543 544/544/544
f 544/544/544 543/543/543 545/545/545
f 544/544/544 545/545/545 546/546/546
f 546/546/546 545/545/545 547/547/547
f 546/546/546 547/547/547 548/548/548
f 548/548/548 547/547/547 549/549/549
f 548/548/548 549/549/549 550/550/550
f 550/550/550 549/549/549 551/551/551
f 550/550/550 551/551/551 552/552/552
f 552/552/552 551/551/551 553/553/553
f 552/552/552 553/553/553 554/554/554
f 554/554/554 553/553/553 555/555/555
f 554/554/554 555/555/555 556/556/556
f 556/556/556 555/555/555 557/557/557
f 556/556/556 557/557/557 558/558/558
f 558/558/558 557/557/557 559/559/559
f 560/560/560 561/561/561 562/562/562
f 562/562/562 561/561/561 563/563/563
f 564/564/564 565/565/565 566/566/566
f 566/566/566 565/565/565 567/567/567
f 566/566/566 567/567/567 568/568/568
f 568/568/568 567/567/567 569/569/569
f 570/570/570 571/571/571 572/572/572
f 572/572/572 571/571/571 573/573/573
f 572/572/572 573/573/573 574/574/574
f 574/574/574 573/573/573 575/575/575
f 576/576/576 577/577/577 578/578/578
f 578/578/578 577/577/577 579/579/579
f 578/578/578 579/579/579 580/580/580
f 580/580/580 579/579/579 581/581/581
f 582/582/582 583/583/583 584/584/584
f 584/584/584 583/583/583 585/585/585
f 584/584/584 585/585/585 586/586/586
f 586/586/586 585/585/585 587/587/587
f 588/588/588 589/589/589 590/590/590
f 590/590/590 589/589/589 591/591/591
f 590/590/590 591/591/591 592/592/592
f 592/592/592 591/591/591 593/593/593
f 594/594/594 595/595/595 596/596/596
f 596/596/596 595/595/595 597/597/597
f 596/596/596 597/597/597 598/598/598
f 598/598/598 597/597/597 599/599/599
f 600/600/600 601/601/601 602/602/602
f 602/602/602 601/601/601 603/603/603
f 602/602/602 603/603/603 604/604/604
f 604/604/604 603/603/603 605/605/605
f 606/606/606 607/607/607 608/608/608
f 608/608/608 607/607/607 609/609/609
g S03
v 0 0 0
v 0.021199999377131462 0 0
v 0.019586246460676193 0 0.008112888783216476
v 0.014990664087235928 0 0.014990664087235928
v 0.008112888783216476 0 0.019586246460676193
v 1.2981256579500136e-18 0 0.021199999377131462
v -0.008112888783216476 0 0.019586246460676193
v -0.014990664087235928 0 0.014990664087235928
v -0.019586246460676193 0 0.008112888783216476
v -0.021199999377131462 0 2.5962513159000273e-18
v -0.019586246460676193 0 -0.008112888783216476
v -0.014990664087235928 0 -0.014990664087235928
v -0.008112888783216476 0 -0.019586246460676193
v -3.894376663657311e-18 0 -0.021199999377131462
v 0.008112888783216476 0 -0.019586246460676193
v 0.014990664087235928 0 -0.014990664087235928
v 0.019586246460676193 0 -0.008112888783216476
v 0.021199999377131462 0 0
v 0.021199999377131462 0 0
v 0.02199999988079071 0.0007999999797903001 0
v 0.020325349643826485 0.0007999999797903001 0.0084190359339118
v 0.020325349643826485 0.0007999999797903001 0.0084190359339118
v 0.014990664087235928 0 0.014990664087235928
v 0.01555634941905737 0.0007999999797903001 0.01555634941905737
v 0.0084190359339118 0.0007999999797903001 0.020325349643826485
v 0.0084190359339118 0.0007999999797903001 0.020325349643826485
v 1.2981256579500136e-18 0 0.021199999377131462
v 1.347111500620557e-18 0.0007999999797903001 0.02199999988079071
v -0.0084190359339118 0.0007999999797903001 0.020325349643826485
v -0.0084190359339118 0.0007999999797903001 0.020325349643826485
v -0.014990664087235928 0 0.014990664087235928
v -0.01555634941905737 0.0007999999797903001 0.01555634941905737
v -0.020325349643826485 0.0007999999797903001 0.0084190359339118
v -0.020325349643826485 0.0007999999797903001 0.0084190359339118
v -0.021199999377131462 0 2.5962513159000273e-18
v -0.02199999988079071 0.0007999999797903001 2.694223001241114e-18
v -0.020325349643826485 0.0007999999797903001 -0.0084190359339118
v -0.020325349643826485 0.0007999999797903001 -0.0084190359339118
v -0.014990664087235928 0 -0.014990664087235928
v -0.01555634941905737 0.0007999999797903001 -0.01555634941905737
v -0.0084190359339118 0.0007999999797903001 -0.020325349643826485
v -0.0084190359339118 0.0007999999797903001 -0.020325349643826485
v -3.894376663657311e-18 0 -0.021199999377131462
v -4.041334398464095e-18 0.0007999999797903001 -0.02199999988079071
v 0.0084190359339118 0.0007999999797903001 -0.020325349643826485
v 0.0084190359339118 0.0007999999797903001 -0.020325349643826485
v 0.014990664087235928 0 -0.014990664087235928
v 0.01555634941905737 0.0007999999797903001 -0.01555634941905737
v 0.020325349643826485 0.0007999999797903001 -0.0084190359339118
v 0.020325349643826485 0.0007999999797903001 -0.0084190359339118
v 0.021199999377131462 0 0
v 0.02199999988079071 0.0007999999797903001 0
v 0.02199999988079071 0.0007999999797903001 0
v 0.02199999988079071 0.0031999999191612005 0
v 0.020325349643826485 0.0007999999797903001 0.0084190359339118
v 0.020325349643826485 0.0031999999191612005 0.0084190359339118
v 0.020325349643826485 0.0007999999797903001 0.0084190359339118
v 0.020325349643826485 0.0031999999191612005 0.0084190359339118
v 0.01555634941905737 0.0007999999797903001 0.01555634941905737
v 0.01555634941905737 0.0031999999191612005 0.01555634941905737
v 0.0084190359339118 0.0007999999797903001 0.020325349643826485
v 0.0084190359339118 0.0031999999191612005 0.020325349643826485
v 0.0084190359339118 0.0007999999797903001 0.020325349643826485
v 0.0084190359339118 0.0031999999191612005 0.020325349643826485
v 1.347111500620557e-18 0.0007999999797903001 0.02199999988079071
v 1.347111500620557e-18 0.0031999999191612005 0.02199999988079071
v -0.0084190359339118 0.0007999999797903001 0.020325349643826485
v -0.0084190359339118 0.0031999999191612005 0.020325349643826485
v -0.0084190359339118 0.0007999999797903001 0.020325349643826485
v -0.0084190359339118 0.0031999999191612005 0.020325349643826485
v -0.01555634941905737 0.0007999999797903001 0.01555634941905737
v -0.01555634941905737 0.0031999999191612005 0.01555634941905737
v -0.020325349643826485 0.0007999999797903001 0.0084190359339118
v -0.020325349643826485 0.0031999999191612005 0.0084190359339118
v -0.020325349643826485 0.0007999999797903001 0.0084190359339118
v -0.020325349643826485 0.0031999999191612005 0.0084190359339118
v -0.02199999988079071 0.0007999999797903001 2.694223001241114e-18
v -0.02199999988079071 0.0031999999191612005 2.694223001241114e-18
v -0.020325349643826485 0.0007999999797903001 -0.0084190359339118
v -0.020325349643826485 0.0031999999191612005 -0.0084190359339118
v -0.020325349643826485 0.0007999999797903001 -0.0084190359339118
v -0.020325349643826485 0.0031999999191612005 -0.0084190359339118
v -0.01555634941905737 0.0007999999797903001 -0.01555634941905737
v -0.01555634941905737 0.0031999999191612005 -0.01555634941905737
v -0.0084190359339118 0.0007999999797903001 -0.020325349643826485
v -0.0084190359339118 0.0031999999191612005 -0.020325349643826485
v -0.0084190359339118 0.0007999999797903001 -0.020325349643826485
v -0.0084190359339118 0.0031999999191612005 -0.020325349643826485
v -4.041334398464095e-18 0.0007999999797903001 -0.02199999988079071
v -4.041334398464095e-18 0.0031999999191612005 -0.02199999988079071
v 0.0084190359339118 0.0007999999797903001 -0.020325349643826485
v 0.0084190359339118 0.0031999999191612005 -0.020325349643826485
v 0.0084190359339118 0.0007999999797903001 -0.020325349643826485
v 0.0084190359339118 0.0031999999191612005 -0.020325349643826485
v 0.01555634941905737 0.0007999999797903001 -0.01555634941905737
v 0.01555634941905737 0.0031999999191612005 -0.01555634941905737
v 0.020325349643826485 0.0007999999797903001 -0.0084190359339118
v 0.020325349643826485 0.0031999999191612005 -0.0084190359339118
v 0.020325349643826485 0.0007999999797903001 -0.0084190359339118
v 0.020325349643826485 0.0031999999191612005 -0.0084190359339118
v 0.02199999988079071 0.0007999999797903001 0
v 0.02199999988079071 0.0031999999191612005 0
v 0.02199999988079071 0.0031999999191612005 0
v 0.021199999377131462 0.004000000189989805 0
v 0.020325349643826485 0.0031999999191612005 0.0084190359339118
v 0.019586246460676193 0.004000000189989805 0.008112888783216476
v 0.020325349643826485 0.0031999999191612005 0.0084190359339118
v 0.01555634941905737 0.0031999999191612005 0.01555634941905737
v 0.014990664087235928 0.004000000189989805 0.014990664087235928
v 0.0084190359339118 0.0031999999191612005 0.020325349643826485
v 0.008112888783216476 0.004000000189989805 0.019586246460676193
v 0.0084190359339118 0.0031999999191612005 0.020325349643826485
v 1.347111500620557e-18 0.0031999999191612005 0.02199999988079071
v 1.2981256579500136e-18 0.004000000189989805 0.021199999377131462
v -0.0084190359339118 0.0031999999191612005 0.020325349643826485
v -0.008112888783216476 0.004000000189989805 0.019586246460676193
v -0.0084190359339118 0.0031999999191612005 0.020325349643826485
v -0.01555634941905737 0.0031999999191612005 0.01555634941905737
v -0.014990664087235928 0.004000000189989805 0.014990664087235928
v -0.020325349643826485 0.0031999999191612005 0.0084190359339118
v -0.019586246460676193 0.004000000189989805 0.008112888783216476
v -0.020325349643826485 0.0031999999191612005 0.0084190359339118
v -0.02199999988079071 0.0031999999191612005 2.694223001241114e-18
v -0.021199999377131462 0.004000000189989805 2.5962513159000273e-18
v -0.020325349643826485 0.0031999999191612005 -0.0084190359339118
v -0.019586246460676193 0.004000000189989805 -0.008112888783216476
v -0.020325349643826485 0.0031999999191612005 -0.0084190359339118
v -0.01555634941905737 0.0031999999191612005 -0.01555634941905737
v -0.014990664087235928 0.004000000189989805 -0.014990664087235928
v -0.0084190359339118 0.0031999999191612005 -0.020325349643826485
v -0.008112888783216476 0.004000000189989805 -0.019586246460676193
v -0.0084190359339118 0.0031999999191612005 -0.020325349643826485
v -4.041334398464095e-18 0.0031999999191612005 -0.02199999988079071
v -3.894376663657311e-18 0.004000000189989805 -0.021199999377131462
v 0.0084190359339118 0.0031999999191612005 -0.020325349643826485
v 0.008112888783216476 0.004000000189989805 -0.019586246460676193
v 0.0084190359339118 0.0031999999191612005 -0.020325349643826485
v 0.01555634941905737 0.0031999999191612005 -0.01555634941905737
v 0.014990664087235928 0.004000000189989805 -0.014990664087235928
v 0.020325349643826485 0.0031999999191612005 -0.0084190359339118
v 0.019586246460676193 0.004000000189989805 -0.008112888783216476
v 0.020325349643826485 0.0031999999191612005 -0.0084190359339118
v 0.02199999988079071 0.0031999999191612005 0
v 0.021199999377131462 0.004000000189989805 0
v 0.021199999377131462 0.004000000189989805 0
v 0 0.004000000189989805 0
v 0.014990664087235928 0.004000000189989805 0.014990664087235928
v 1.2981256579500136e-18 0.004000000189989805 0.021199999377131462
v -0.014990664087235928 0.004000000189989805 0.014990664087235928
v -0.021199999377131462 0.004000000189989805 2.5962513159000273e-18
v -0.014990664087235928 0.004000000189989805 -0.014990664087235928
v -3.894376663657311e-18 0.004000000189989805 -0.021199999377131462
v 0.014990664087235928 0.004000000189989805 -0.014990664087235928
v 0.021199999377131462 0.004000000189989805 0
vt 0 0
vt 0 0.021199999377131462
vt 0.0625 0.021199999377131462
vt 0.125 0.021199999377131462
vt 0.1875 0.021199999377131462
vt 0.25 0.021199999377131462
vt 0.3125 0.021199999377131462
vt 0.375 0.021199999377131462
vt 0.4375 0.021199999377131462
vt 0.5 0.021199999377131462
vt 0.5625 0.021199999377131462
vt 0.625 0.021199999377131462
vt 0.6875 0.021199999377131462
vt 0.75 0.021199999377131462
vt 0.8125 0.021199999377131462
vt 0.875 0.021199999377131462
vt 0.9375 0.021199999377131462
vt 1 0.021199999377131462
vt 0 0.021199999377131462
vt 0 0.022331370040774345
vt 0.0625 0.022331370040774345
vt 0.0625 0.022331370040774345
vt 0.125 0.021199999377131462
vt 0.125 0.022331370040774345
vt 0.1875 0.022331370040774345
vt 0.1875 0.022331370040774345
vt 0.25 0.021199999377131462
vt 0.25 0.022331370040774345
vt 0.3125 0.022331370040774345
vt 0.3125 0.022331370040774345
vt 0.375 0.021199999377131462
vt 0.375 0.022331370040774345
vt 0.4375 0.022331370040774345
vt 0.4375 0.022331370040774345
vt 0.5 0.021199999377131462
vt 0.5 0.022331370040774345
vt 0.5625 0.022331370040774345
vt 0.5625 0.022331370040774345
vt 0.625 0.021199999377131462
vt 0.625 0.022331370040774345
vt 0.6875 0.022331370040774345
vt 0.6875 0.022331370040774345
vt 0.75 0.021199999377131462
vt 0.75 0.022331370040774345
vt 0.8125 0.022331370040774345
vt 0.8125 0.022331370040774345
vt 0.875 0.021199999377131462
vt 0.875 0.022331370040774345
vt 0.9375 0.022331370040774345
vt 0.9375 0.022331370040774345
vt 1 0.021199999377131462
vt 1 0.022331370040774345
vt 0 0.022331370040774345
vt 0 0.02473137155175209
vt 0.0625 0.022331370040774345
vt 0.0625 0.02473137155175209
vt 0.0625 0.022331370040774345
vt 0.0625 0.02473137155175209
vt 0.125 0.022331370040774345
vt 0.125 0.02473137155175209
vt 0.1875 0.022331370040774345
vt 0.1875 0.02473137155175209
vt 0.1875 0.022331370040774345
vt 0.1875 0.02473137155175209
vt 0.25 0.022331370040774345
vt 0.25 0.02473137155175209
vt 0.3125 0.022331370040774345
vt 0.3125 0.02473137155175209
vt 0.3125 0.022331370040774345
vt 0.3125 0.02473137155175209
vt 0.375 0.022331370040774345
vt 0.375 0.02473137155175209
vt 0.4375 0.022331370040774345
vt 0.4375 0.02473137155175209
vt 0.4375 0.022331370040774345
vt 0.4375 0.02473137155175209
vt 0.5 0.022331370040774345
vt 0.5 0.02473137155175209
vt 0.5625 0.022331370040774345
vt 0.5625 0.02473137155175209
vt 0.5625 0.022331370040774345
vt 0.5625 0.02473137155175209
vt 0.625 0.022331370040774345
vt 0.625 0.02473137155175209
vt 0.6875 0.022331370040774345
vt 0.6875 0.02473137155175209
vt 0.6875 0.022331370040774345
vt 0.6875 0.02473137155175209
vt 0.75 0.022331370040774345
vt 0.75 0.02473137155175209
vt 0.8125 0.022331370040774345
vt 0.8125 0.02473137155175209
vt 0.8125 0.022331370040774345
vt 0.8125 0.02473137155175209
vt 0.875 0.022331370040774345
vt 0.875 0.02473137155175209
vt 0.9375 0.022331370040774345
vt 0.9375 0.02473137155175209
vt 0.9375 0.022331370040774345
vt 0.9375 0.02473137155175209
vt 1 0.022331370040774345
vt 1 0.02473137155175209
vt 0 0.02473137155175209
vt 0 0.025862742215394974
vt 0.0625 0.02473137155175209
vt 0.0625 0.025862742215394974
vt 0.0625 0.02473137155175209
vt 0.125 0.02473137155175209
vt 0.125 0.025862742215394974
vt 0.1875 0.02473137155175209
vt 0.1875 0.025862742215394974
vt 0.1875 0.02473137155175209
vt 0.25 0.02473137155175209
vt 0.25 0.025862742215394974
vt 0.3125 0.02473137155175209
vt 0.3125 0.025862742215394974
vt 0.3125 0.02473137155175209
vt 0.375 0.02473137155175209
vt 0.375 0.025862742215394974
vt 0.4375 0.02473137155175209
vt 0.4375 0.025862742215394974
vt 0.4375 0.02473137155175209
vt 0.5 0.02473137155175209
vt 0.5 0.025862742215394974
vt 0.5625 0.02473137155175209
vt 0.5625 0.025862742215394974
vt 0.5625 0.02473137155175209
vt 0.625 0.02473137155175209
vt 0.625 0.025862742215394974
vt 0.6875 0.02473137155175209
vt 0.6875 0.025862742215394974
vt 0.6875 0.02473137155175209
vt 0.75 0.02473137155175209
vt 0.75 0.025862742215394974
vt 0.8125 0.02473137155175209
vt 0.8125 0.025862742215394974
vt 0.8125 0.02473137155175209
vt 0.875 0.02473137155175209
vt 0.875 0.025862742215394974
vt 0.9375 0.02473137155175209
vt 0.9375 0.025862742215394974
vt 0.9375 0.02473137155175209
vt 1 0.02473137155175209
vt 1 0.025862742215394974
vt 0 0.025862742215394974
vt 0 0.047062743455171585
vt 0.125 0.025862742215394974
vt 0.25 0.025862742215394974
vt 0.375 0.025862742215394974
vt 0.5 0.025862742215394974
vt 0.625 0.025862742215394974
vt 0.75 0.025862742215394974
vt 0.875 0.025862742215394974
vt 1 0.025862742215394974
vn 0 -1 0
vn 0.6134393811225891 -0.7895002365112305 0.019532138481736183
vn 0.4276140034198761 -0.9035167098045349 -0.02835257723927498
vn 0.3966064155101776 -0.8278928995132446 0.3966064155101776
vn 0.02835257723927498 -0.9035167098045349 0.4276140034198761
vn -0.019532138481736183 -0.7895002365112305 0.6134393811225891
vn 0.02835257723927498 -0.9035167098045349 0.4276140034198761
vn -0.3966064155101776 -0.8278928995132446 0.3966064155101776
vn -0.4276140034198761 -0.9035167098045349 0.02835257723927498
vn -0.6134393811225891 -0.7895002365112305 -0.019532138481736183
vn -0.4276140034198761 -0.9035167098045349 0.02835257723927498
vn -0.3966064155101776 -0.8278928995132446 -0.3966064155101776
vn -0.02835257723927498 -0.9035167098045349 -0.4276140034198761
vn 0.019532138481736183 -0.7895002365112305 -0.6134393811225891
vn -0.02835257723927498 -0.9035167098045349 -0.4276140034198761
vn 0.3966064155101776 -0.8278928995132446 -0.3966064155101776
vn 0.4276140034198761 -0.9035167098045349 -0.02835257723927498
vn 0.6134393811225891 -0.7895002365112305 0.019532138481736183
vn 0.9223458170890808 -0.3862471878528595 0.009555707685649395
vn 0.9223458170890808 -0.3862471878528595 0.009555707685649395
vn 0.9223458170890808 -0.3862471878528595 0.009555707685649395
vn 0.9038350582122803 -0.42074456810951233 0.0778212770819664
vn 0.6023594737052917 -0.5237615704536438 0.6023594737052917
vn 0.6023594737052917 -0.5237615704536438 0.6023594737052917
vn 0.05708310753107071 -0.42133629322052 0.9051061868667603
vn -0.009555707685649395 -0.3862471878528595 0.9223458170890808
vn -0.009555707685649395 -0.3862471878528595 0.9223458170890808
vn -0.009555707685649395 -0.3862471878528595 0.9223458170890808
vn -0.009555707685649395 -0.3862471878528595 0.9223458170890808
vn -0.0778212770819664 -0.42074456810951233 0.9038350582122803
vn -0.6023594737052917 -0.5237615704536438 0.6023594737052917
vn -0.6023594737052917 -0.5237615704536438 0.6023594737052917
vn -0.9051061868667603 -0.42133629322052 0.05708310753107071
vn -0.9223458170890808 -0.3862471878528595 -0.009555707685649395
vn -0.9223458170890808 -0.3862471878528595 -0.009555707685649395
vn -0.9223458170890808 -0.3862471878528595 -0.009555707685649395
vn -0.9223458170890808 -0.3862471878528595 -0.009555707685649395
vn -0.9038350582122803 -0.42074456810951233 -0.0778212770819664
vn -0.6023594737052917 -0.5237615704536438 -0.6023594737052917
vn -0.6023594737052917 -0.5237615704536438 -0.6023594737052917
vn -0.05708310753107071 -0.42133629322052 -0.9051061868667603
vn 0.009555707685649395 -0.3862471878528595 -0.9223458170890808
vn 0.009555707685649395 -0.3862471878528595 -0.9223458170890808
vn 0.009555707685649395 -0.3862471878528595 -0.9223458170890808
vn 0.009555707685649395 -0.3862471878528595 -0.9223458170890808
vn 0.0778212770819664 -0.42074456810951233 -0.9038350582122803
vn 0.6023594737052917 -0.5237615704536438 -0.6023594737052917
vn 0.6023594737052917 -0.5237615704536438 -0.6023594737052917
vn 0.9051061868667603 -0.42133629322052 -0.05708310753107071
vn 0.9223458170890808 -0.3862471878528595 0.009555707685649395
vn 0.9223458170890808 -0.3862471878528595 0.009555707685649395
vn 0.9223458170890808 -0.3862471878528595 0.009555707685649395
vn 1 -4.732352465453005e-8 -1.3942821341927925e-9
vn 1 -4.732352465453005e-8 -1.3942821341927925e-9
vn 1 -4.732352465453005e-8 -1.3942821341927925e-9
vn 1 -4.732352465453005e-8 -1.3942821341927925e-9
vn 0.9947712421417236 -0.0243137925863266 0.0991915762424469
vn 0.9947712421417236 -0.0243137925863266 0.0991915762424469
vn 0.7071067690849304 -5.452643137004998e-8 0.7071067690849304
vn 0.7071067690849304 -5.452643137004998e-8 0.7071067690849304
vn 0.0991915762424469 0.02431369759142399 0.9947712421417236
vn 0.0991915762424469 0.02431369759142399 0.9947712421417236
vn 1.3942821341927925e-9 -4.732352465453005e-8 1
vn 1.3942821341927925e-9 -4.732352465453005e-8 1
vn 1.3942821341927925e-9 -4.732352465453005e-8 1
vn 1.3942821341927925e-9 -4.732352465453005e-8 1
vn 1.3942821341927925e-9 -4.732352465453005e-8 1
vn 1.3942821341927925e-9 -4.732352465453005e-8 1
vn -0.0991915762424469 -0.0243137925863266 0.9947712421417236
vn -0.0991915762424469 -0.0243137925863266 0.9947712421417236
vn -0.7071067690849304 -5.452643137004998e-8 0.7071067690849304
vn -0.7071067690849304 -5.452643137004998e-8 0.7071067690849304
vn -0.9947712421417236 0.02431369759142399 0.0991915762424469
vn -0.9947712421417236 0.02431369759142399 0.0991915762424469
vn -1 -4.732352465453005e-8 1.3942821341927925e-9
vn -1 -4.732352465453005e-8 1.3942821341927925e-9
vn -1 -4.732352465453005e-8 1.3942821341927925e-9
vn -1 -4.732352465453005e-8 1.3942821341927925e-9
vn -1 -4.732352465453005e-8 1.3942821341927925e-9
vn -1 -4.732352465453005e-8 1.3942821341927925e-9
vn -0.9947712421417236 -0.0243137925863266 -0.0991915762424469
vn -0.9947712421417236 -0.0243137925863266 -0.0991915762424469
vn -0.7071067690849304 -5.452643137004998e-8 -0.7071067690849304
vn -0.7071067690849304 -5.452643137004998e-8 -0.7071067690849304
vn -0.0991915762424469 0.02431369759142399 -0.9947712421417236
vn -0.0991915762424469 0.02431369759142399 -0.9947712421417236
vn -1.3942821341927925e-9 -4.732352465453005e-8 -1
vn -1.3942821341927925e-9 -4.732352465453005e-8 -1
vn -1.3942821341927925e-9 -4.732352465453005e-8 -1
vn -1.3942821341927925e-9 -4.732352465453005e-8 -1
vn -1.3942821341927925e-9 -4.732352465453005e-8 -1
vn -1.3942821341927925e-9 -4.732352465453005e-8 -1
vn 0.0991915762424469 -0.0243137925863266 -0.9947712421417236
vn 0.0991915762424469 -0.0243137925863266 -0.9947712421417236
vn 0.7071067690849304 -5.452643137004998e-8 -0.7071067690849304
vn 0.7071067690849304 -5.452643137004998e-8 -0.7071067690849304
vn 0.9947712421417236 0.02431369759142399 -0.0991915762424469
vn 0.9947712421417236 0.02431369759142399 -0.0991915762424469
vn 1 -4.732352465453005e-8 -1.3942821341927925e-9
vn 1 -4.732352465453005e-8 -1.3942821341927925e-9
vn 1 -4.732352465453005e-8 -1.3942821341927925e-9
vn 1 -4.732352465453005e-8 -1.3942821341927925e-9
vn 0.9223458170890808 0.3862471282482147 -0.009555709548294544
vn 0.9223458170890808 0.3862471282482147 -0.009555709548294544
vn 0.9223458170890808 0.3862471282482147 -0.009555709548294544
vn 0.42761409282684326 0.9035166501998901 0.028352582827210426
vn 0.905106246471405 0.42133623361587524 0.05708310380578041
vn 0.6023594737052917 0.523761510848999 0.6023594737052917
vn 0.6023594737052917 0.523761510848999 0.6023594737052917
vn 0.0778212770819664 0.42074450850486755 0.903835117816925
vn -0.028352582827210426 0.9035166501998901 0.42761409282684326
vn 0.009555709548294544 0.3862471282482147 0.9223458170890808
vn 0.009555709548294544 0.3862471282482147 0.9223458170890808
vn 0.009555709548294544 0.3862471282482147 0.9223458170890808
vn 0.009555709548294544 0.3862471282482147 0.9223458170890808
vn -0.028352582827210426 0.9035166501998901 0.42761409282684326
vn -0.05708310380578041 0.42133623361587524 0.905106246471405
vn -0.6023594737052917 0.523761510848999 0.6023594737052917
vn -0.6023594737052917 0.523761510848999 0.6023594737052917
vn -0.903835117816925 0.42074450850486755 0.0778212770819664
vn -0.42761409282684326 0.9035166501998901 -0.028352582827210426
vn -0.9223458170890808 0.3862471282482147 0.009555709548294544
vn -0.9223458170890808 0.3862471282482147 0.009555709548294544
vn -0.9223458170890808 0.3862471282482147 0.009555709548294544
vn -0.9223458170890808 0.3862471282482147 0.009555709548294544
vn -0.42761409282684326 0.9035166501998901 -0.028352582827210426
vn -0.905106246471405 0.42133623361587524 -0.05708310380578041
vn -0.6023594737052917 0.523761510848999 -0.6023594737052917
vn -0.6023594737052917 0.523761510848999 -0.6023594737052917
vn -0.0778212770819664 0.42074450850486755 -0.903835117816925
vn 0.028352582827210426 0.9035166501998901 -0.42761409282684326
vn -0.009555709548294544 0.3862471282482147 -0.9223458170890808
vn -0.009555709548294544 0.3862471282482147 -0.9223458170890808
vn -0.009555709548294544 0.3862471282482147 -0.9223458170890808
vn -0.009555709548294544 0.3862471282482147 -0.9223458170890808
vn 0.028352582827210426 0.9035166501998901 -0.42761409282684326
vn 0.05708310380578041 0.42133623361587524 -0.905106246471405
vn 0.6023594737052917 0.523761510848999 -0.6023594737052917
vn 0.6023594737052917 0.523761510848999 -0.6023594737052917
vn 0.903835117816925 0.42074450850486755 -0.0778212770819664
vn 0.42761409282684326 0.9035166501998901 0.028352582827210426
vn 0.9223458170890808 0.3862471282482147 -0.009555709548294544
vn 0.9223458170890808 0.3862471282482147 -0.009555709548294544
vn 0.9223458170890808 0.3862471282482147 -0.009555709548294544
vn 0.6134395003318787 0.7895001173019409 -0.01953214220702648
vn 0 1 0
vn 0.3966065049171448 0.8278928399085999 0.3966065049171448
vn 0.01953214220702648 0.7895001173019409 0.6134395003318787
vn -0.3966065049171448 0.8278928399085999 0.3966065049171448
vn -0.6134395003318787 0.7895001173019409 0.01953214220702648
vn -0.3966065049171448 0.8278928399085999 -0.3966065049171448
vn -0.01953214220702648 0.7895001173019409 -0.6134395003318787
vn 0.3966065049171448 0.8278928399085999 -0.3966065049171448
vn 0.6134395003318787 0.7895001173019409 -0.01953214220702648
f 610/610/610 611/611/611 612/612/612
f 610/610/610 612/612/612 613/613/613
f 610/610/610 613/613/613 614/614/614
f 610/610/610 614/614/614 615/615/615
f 610/610/610 615/615/615 616/616/616
f 610/610/610 616/616/616 617/617/617
f 610/610/610 617/617/617 618/618/618
f 610/610/610 618/618/618 619/619/619
f 610/610/610 619/619/619 620/620/620
f 610/610/610 620/620/620 621/621/621
f 610/610/610 621/621/621 622/622/622
f 610/610/610 622/622/622 623/623/623
f 610/610/610 623/623/623 624/624/624
f 610/610/610 624/624/624 625/625/625
f 610/610/610 625/625/625 626/626/626
f 610/610/610 626/626/626 627/627/627
f 628/628/628 629/629/629 612/612/612
f 612/612/612 629/629/629 630/630/630
f 612/612/612 631/631/631 632/632/632
f 632/632/632 631/631/631 633/633/633
f 632/632/632 633/633/633 614/614/614
f 614/614/614 633/633/633 634/634/634
f 614/614/614 635/635/635 636/636/636
f 636/636/636 635/635/635 637/637/637
f 636/636/636 637/637/637 616/616/616
f 616/616/616 637/637/637 638/638/638
f 616/616/616 639/639/639 640/640/640
f 640/640/640 639/639/639 641/641/641
f 640/640/640 641/641/641 618/618/618
f 618/618/618 641/641/641 642/642/642
f 618/618/618 643/643/643 644/644/644
f 644/644/644 643/643/643 645/645/645
f 644/644/644 645/645/645 620/620/620
f 620/620/620 645/645/645 646/646/646
f 620/620/620 647/647/647 648/648/648
f 648/648/648 647/647/647 649/649/649
f 648/648/648 649/649/649 622/622/622
f 622/622/622 649/649/649 650/650/650
f 622/622/622 651/651/651 652/652/652
f 652/652/652 651/651/651 653/653/653
f 652/652/652 653/653/653 624/624/624
f 624/624/624 653/653/653 654/654/654
f 624/624/624 655/655/655 656/656/656
f 656/656/656 655/655/655 657/657/657
f 656/656/656 657/657/657 626/626/626
f 626/626/626 657/657/657 658/658/658
f 626/626/626 659/659/659 660/660/660
f 660/660/660 659/659/659 661/661/661
f 662/662/662 663/663/663 664/664/664
f 664/664/664 663/663/663 665/665/665
f 666/666/666 667/667/667 668/668/668
f 668/668/668 667/667/667 669/669/669
f 668/668/668 669/669/669 670/670/670
f 670/670/670 669/669/669 671/671/671
f 672/672/672 673/673/673 674/674/674
f 674/674/674 673/673/673 675/675/675
f 674/674/674 675/675/675 676/676/676
f 676/676/676 675/675/675 677/677/677
f 678/678/678 679/679/679 680/680/680
f 680/680/680 679/679/679 681/681/681
f 680/680/680 681/681/681 682/682/682
f 682/682/682 681/681/681 683/683/683
f 684/684/684 685/685/685 686/686/686
f 686/686/686 685/685/685 687/687/687
f 686/686/686 687/687/687 688/688/688
f 688/688/688 687/687/687 689/689/689
f 690/690/690 691/691/691 692/692/692
f 692/692/692 691/691/691 693/693/693
f 692/692/692 693/693/693 694/694/694
f 694/694/694 693/693/693 695/695/695
f 696/696/696 697/697/697 698/698/698
f 698/698/698 697/697/697 699/699/699
f 698/698/698 699/699/699 700/700/700
f 700/700/700 699/699/699 701/701/701
f 702/702/702 703/703/703 704/704/704
f 704/704/704 703/703/703 705/705/705
f 704/704/704 705/705/705 706/706/706
f 706/706/706 705/705/705 707/707/707
f 708/708/708 709/709/709 710/710/710
f 710/710/710 709/709/709 711/711/711
f 712/712/712 713/713/713 714/714/714
f 714/714/714 713/713/713 715/715/715
f 716/716/716 715/715/715 717/717/717
f 717/717/717 715/715/715 718/718/718
f 717/717/717 718/718/718 719/719/719
f 719/719/719 718/718/718 720/720/720
f 721/721/721 720/720/720 722/722/722
f 722/722/722 720/720/720 723/723/723
f 722/722/722 723/723/723 724/724/724
f 724/724/724 723/723/723 725/725/725
f 726/726/726 725/725/725 727/727/727
f 727/727/727 725/725/725 728/728/728
f 727/727/727 728/728/728 729/729/729
f 729/729/729 728/728/728 730/730/730
f 731/731/731 730/730/730 732/732/732
f 732/732/732 730/730/730 733/733/733
f 732/732/732 733/733/733 734/734/734
f 734/734/734 733/733/733 735/735/735
f 736/736/736 735/735/735 737/737/737
f 737/737/737 735/735/735 738/738/738
f 737/737/737 738/738/738 739/739/739
f 739/739/739 738/738/738 740/740/740
f 741/741/741 740/740/740 742/742/742
f 742/742/742 740/740/740 743/743/743
f 742/742/742 743/743/743 744/744/744
f 744/744/744 743/743/743 745/745/745
f 746/746/746 745/745/745 747/747/747
f 747/747/747 745/745/745 748/748/748
f 747/747/747 748/748/748 749/749/749
f 749/749/749 748/748/748 750/750/750
f 751/751/751 750/750/750 752/752/752
f 752/752/752 750/750/750 753/753/753
f 754/754/754 755/755/755 715/715/715
f 715/715/715 755/755/755 756/756/756
f 756/756/756 755/755/755 720/720/720
f 720/720/720 755/755/755 757/757/757
f 757/757/757 755/755/755 725/725/725
f 725/725/725 755/755/755 758/758/758
f 758/758/758 755/755/755 730/730/730
f 730/730/730 755/755/755 759/759/759
f 759/759/759 755/755/755 735/735/735
f 735/735/735 755/755/755 760/760/760
f 760/760/760 755/755/755 740/740/740
f 740/740/740 755/755/755 761/761/761
f 761/761/761 755/755/755 745/745/745
f 745/745/745 755/755/755 762/762/762
f 762/762/762 755/755/755 750/750/750
f 750/750/750 755/755/755 763/763/763
g S04
v 0.020161382853984833 1.0299999713897705 0
v 0.024000000208616257 1.0299999713897705 0
v 0.018626689910888672 1.0299999713897705 0.007715427316725254
v 0.022173108533024788 1.0299999713897705 0.009184402413666248
v 0.0142562510445714 1.0299999713897705 0.0142562510445714
v 0.0169705618172884 1.0299999713897705 0.0169705618172884
v 0.007715427316725254 1.0299999713897705 0.018626689910888672
v 0.009184402413666248 1.0299999713897705 0.022173108533024788
v 1.2345287037344867e-18 1.0299999713897705 0.020161382853984833
v 1.4695761072969157e-18 1.0299999713897705 0.024000000208616257
v -0.007715427316725254 1.0299999713897705 0.018626689910888672
v -0.009184402413666248 1.0299999713897705 0.022173108533024788
v -0.0142562510445714 1.0299999713897705 0.0142562510445714
v -0.0169705618172884 1.0299999713897705 0.0169705618172884
v -0.018626689910888672 1.0299999713897705 0.007715427316725254
v -0.022173108533024788 1.0299999713897705 0.009184402413666248
v -0.020161382853984833 1.0299999713897705 2.4690574074689733e-18
v -0.024000000208616257 1.0299999713897705 2.9391522145938313e-18
v -0.018626689910888672 1.0299999713897705 -0.007715427316725254
v -0.022173108533024788 1.0299999713897705 -0.009184402413666248
v -0.0142562510445714 1.0299999713897705 -0.0142562510445714
v -0.0169705618172884 1.0299999713897705 -0.0169705618172884
v -0.007715427316725254 1.0299999713897705 -0.018626689910888672
v -0.009184402413666248 1.0299999713897705 -0.022173108533024788
v -3.7035862146010365e-18 1.0299999713897705 -0.020161382853984833
v -4.408728321890747e-18 1.0299999713897705 -0.024000000208616257
v 0.007715427316725254 1.0299999713897705 -0.018626689910888672
v 0.009184402413666248 1.0299999713897705 -0.022173108533024788
v 0.0142562510445714 1.0299999713897705 -0.0142562510445714
v 0.0169705618172884 1.0299999713897705 -0.0169705618172884
v 0.018626689910888672 1.0299999713897705 -0.007715427316725254
v 0.022173108533024788 1.0299999713897705 -0.009184402413666248
v 0.020161382853984833 1.0299999713897705 0
v 0.024000000208616257 1.0299999713897705 0
v 0.024000000208616257 1.0299999713897705 0
v 0.024000000208616257 1.2400000095367432 0
v 0.022173108533024788 1.0299999713897705 0.009184402413666248
v 0.022173108533024788 1.2400000095367432 0.009184402413666248
v 0.022173108533024788 1.0299999713897705 0.009184402413666248
v 0.022173108533024788 1.2400000095367432 0.009184402413666248
v 0.0169705618172884 1.0299999713897705 0.0169705618172884
v 0.0169705618172884 1.2400000095367432 0.0169705618172884
v 0.009184402413666248 1.0299999713897705 0.022173108533024788
v 0.009184402413666248 1.2400000095367432 0.022173108533024788
v 0.009184402413666248 1.0299999713897705 0.022173108533024788
v 0.009184402413666248 1.2400000095367432 0.022173108533024788
v 1.4695761072969157e-18 1.0299999713897705 0.024000000208616257
v 1.4695761072969157e-18 1.2400000095367432 0.024000000208616257
v -0.009184402413666248 1.0299999713897705 0.022173108533024788
v -0.009184402413666248 1.2400000095367432 0.022173108533024788
v -0.009184402413666248 1.0299999713897705 0.022173108533024788
v -0.009184402413666248 1.2400000095367432 0.022173108533024788
v -0.0169705618172884 1.0299999713897705 0.0169705618172884
v -0.0169705618172884 1.2400000095367432 0.0169705618172884
v -0.022173108533024788 1.0299999713897705 0.009184402413666248
v -0.022173108533024788 1.2400000095367432 0.009184402413666248
v -0.022173108533024788 1.0299999713897705 0.009184402413666248
v -0.022173108533024788 1.2400000095367432 0.009184402413666248
v -0.024000000208616257 1.0299999713897705 2.9391522145938313e-18
v -0.024000000208616257 1.2400000095367432 2.9391522145938313e-18
v -0.022173108533024788 1.0299999713897705 -0.009184402413666248
v -0.022173108533024788 1.2400000095367432 -0.009184402413666248
v -0.022173108533024788 1.0299999713897705 -0.009184402413666248
v -0.022173108533024788 1.2400000095367432 -0.009184402413666248
v -0.0169705618172884 1.0299999713897705 -0.0169705618172884
v -0.0169705618172884 1.2400000095367432 -0.0169705618172884
v -0.009184402413666248 1.0299999713897705 -0.022173108533024788
v -0.009184402413666248 1.2400000095367432 -0.022173108533024788
v -0.009184402413666248 1.0299999713897705 -0.022173108533024788
v -0.009184402413666248 1.2400000095367432 -0.022173108533024788
v -4.408728321890747e-18 1.0299999713897705 -0.024000000208616257
v -4.408728321890747e-18 1.2400000095367432 -0.024000000208616257
v 0.009184402413666248 1.0299999713897705 -0.022173108533024788
v 0.009184402413666248 1.2400000095367432 -0.022173108533024788
v 0.009184402413666248 1.0299999713897705 -0.022173108533024788
v 0.009184402413666248 1.2400000095367432 -0.022173108533024788
v 0.0169705618172884 1.0299999713897705 -0.0169705618172884
v 0.0169705618172884 1.2400000095367432 -0.0169705618172884
v 0.022173108533024788 1.0299999713897705 -0.009184402413666248
v 0.022173108533024788 1.2400000095367432 -0.009184402413666248
v 0.022173108533024788 1.0299999713897705 -0.009184402413666248
v 0.022173108533024788 1.2400000095367432 -0.009184402413666248
v 0.024000000208616257 1.0299999713897705 0
v 0.024000000208616257 1.2400000095367432 0
v 0.024000000208616257 1.2400000095367432 0
v 0.02061527408659458 1.2400000095367432 0
v 0.022173108533024788 1.2400000095367432 0.009184402413666248
v 0.019046029075980186 1.2400000095367432 0.007889123633503914
v 0.0169705618172884 1.2400000095367432 0.0169705618172884
v 0.014577199704945087 1.2400000095367432 0.014577199704945087
v 0.009184402413666248 1.2400000095367432 0.022173108533024788
v 0.007889123633503914 1.2400000095367432 0.019046029075980186
v 1.4695761072969157e-18 1.2400000095367432 0.024000000208616257
v 1.2623214553283855e-18 1.2400000095367432 0.02061527408659458
v -0.009184402413666248 1.2400000095367432 0.022173108533024788
v -0.007889123633503914 1.2400000095367432 0.019046029075980186
v -0.0169705618172884 1.2400000095367432 0.0169705618172884
v -0.014577199704945087 1.2400000095367432 0.014577199704945087
v -0.022173108533024788 1.2400000095367432 0.009184402413666248
v -0.019046029075980186 1.2400000095367432 0.007889123633503914
v -0.024000000208616257 1.2400000095367432 2.9391522145938313e-18
v -0.02061527408659458 1.2400000095367432 2.524642910656771e-18
v -0.022173108533024788 1.2400000095367432 -0.009184402413666248
v -0.019046029075980186 1.2400000095367432 -0.007889123633503914
v -0.0169705618172884 1.2400000095367432 -0.0169705618172884
v -0.014577199704945087 1.2400000095367432 -0.014577199704945087
v -0.009184402413666248 1.2400000095367432 -0.022173108533024788
v -0.007889123633503914 1.2400000095367432 -0.019046029075980186
v -4.408728321890747e-18 1.2400000095367432 -0.024000000208616257
v -3.786964365985157e-18 1.2400000095367432 -0.02061527408659458
v 0.009184402413666248 1.2400000095367432 -0.022173108533024788
v 0.007889123633503914 1.2400000095367432 -0.019046029075980186
v 0.0169705618172884 1.2400000095367432 -0.0169705618172884
v 0.014577199704945087 1.2400000095367432 -0.014577199704945087
v 0.022173108533024788 1.2400000095367432 -0.009184402413666248
v 0.019046029075980186 1.2400000095367432 -0.007889123633503914
v 0.024000000208616257 1.2400000095367432 0
v 0.02061527408659458 1.2400000095367432 0
v 0.02061527408659458 1.2400000095367432 0
v 0.020161382853984833 1.0299999713897705 0
v 0.019046029075980186 1.2400000095367432 0.007889123633503914
v 0.018626689910888672 1.0299999713897705 0.007715427316725254
v 0.019046029075980186 1.2400000095367432 0.007889123633503914
v 0.018626689910888672 1.0299999713897705 0.007715427316725254
v 0.014577199704945087 1.2400000095367432 0.014577199704945087
v 0.0142562510445714 1.0299999713897705 0.0142562510445714
v 0.007889123633503914 1.2400000095367432 0.019046029075980186
v 0.007715427316725254 1.0299999713897705 0.018626689910888672
v 0.007889123633503914 1.2400000095367432 0.019046029075980186
v 0.007715427316725254 1.0299999713897705 0.018626689910888672
v 1.2623214553283855e-18 1.2400000095367432 0.02061527408659458
v 1.2345287037344867e-18 1.0299999713897705 0.020161382853984833
v -0.007889123633503914 1.2400000095367432 0.019046029075980186
v -0.007715427316725254 1.0299999713897705 0.018626689910888672
v -0.007889123633503914 1.2400000095367432 0.019046029075980186
v -0.007715427316725254 1.0299999713897705 0.018626689910888672
v -0.014577199704945087 1.2400000095367432 0.014577199704945087
v -0.0142562510445714 1.0299999713897705 0.0142562510445714
v -0.019046029075980186 1.2400000095367432 0.007889123633503914
v -0.018626689910888672 1.0299999713897705 0.007715427316725254
v -0.019046029075980186 1.2400000095367432 0.007889123633503914
v -0.018626689910888672 1.0299999713897705 0.007715427316725254
v -0.02061527408659458 1.2400000095367432 2.524642910656771e-18
v -0.020161382853984833 1.0299999713897705 2.4690574074689733e-18
v -0.019046029075980186 1.2400000095367432 -0.007889123633503914
v -0.018626689910888672 1.0299999713897705 -0.007715427316725254
v -0.019046029075980186 1.2400000095367432 -0.007889123633503914
v -0.018626689910888672 1.0299999713897705 -0.007715427316725254
v -0.014577199704945087 1.2400000095367432 -0.014577199704945087
v -0.0142562510445714 1.0299999713897705 -0.0142562510445714
v -0.007889123633503914 1.2400000095367432 -0.019046029075980186
v -0.007715427316725254 1.0299999713897705 -0.018626689910888672
v -0.007889123633503914 1.2400000095367432 -0.019046029075980186
v -0.007715427316725254 1.0299999713897705 -0.018626689910888672
v -3.786964365985157e-18 1.2400000095367432 -0.02061527408659458
v -3.7035862146010365e-18 1.0299999713897705 -0.020161382853984833
v 0.007889123633503914 1.2400000095367432 -0.019046029075980186
v 0.007715427316725254 1.0299999713897705 -0.018626689910888672
v 0.007889123633503914 1.2400000095367432 -0.019046029075980186
v 0.007715427316725254 1.0299999713897705 -0.018626689910888672
v 0.014577199704945087 1.2400000095367432 -0.014577199704945087
v 0.0142562510445714 1.0299999713897705 -0.0142562510445714
v 0.019046029075980186 1.2400000095367432 -0.007889123633503914
v 0.018626689910888672 1.0299999713897705 -0.007715427316725254
v 0.019046029075980186 1.2400000095367432 -0.007889123633503914
v 0.018626689910888672 1.0299999713897705 -0.007715427316725254
v 0.02061527408659458 1.2400000095367432 0
v 0.020161382853984833 1.0299999713897705 0
vt 0 0
vt 0 0.003838616656139493
vt 0.0625 0
vt 0.0625 0.003838616656139493
vt 0.125 0
vt 0.125 0.003838616656139493
vt 0.1875 0
vt 0.1875 0.003838616656139493
vt 0.25 0
vt 0.25 0.003838616656139493
vt 0.3125 0
vt 0.3125 0.003838616656139493
vt 0.375 0
vt 0.375 0.003838616656139493
vt 0.4375 0
vt 0.4375 0.003838616656139493
vt 0.5 0
vt 0.5 0.003838616656139493
vt 0.5625 0
vt 0.5625 0.003838616656139493
vt 0.625 0
vt 0.625 0.003838616656139493
vt 0.6875 0
vt 0.6875 0.003838616656139493
vt 0.75 0
vt 0.75 0.003838616656139493
vt 0.8125 0
vt 0.8125 0.003838616656139493
vt 0.875 0
vt 0.875 0.003838616656139493
vt 0.9375 0
vt 0.9375 0.003838616656139493
vt 1 0
vt 1 0.003838616656139493
vt 0 0.003838616656139493
vt 0 0.2138386219739914
vt 0.0625 0.003838616656139493
vt 0.0625 0.2138386219739914
vt 0.0625 0.003838616656139493
vt 0.0625 0.2138386219739914
vt 0.125 0.003838616656139493
vt 0.125 0.2138386219739914
vt 0.1875 0.003838616656139493
vt 0.1875 0.2138386219739914
vt 0.1875 0.003838616656139493
vt 0.1875 0.2138386219739914
vt 0.25 0.003838616656139493
vt 0.25 0.2138386219739914
vt 0.3125 0.003838616656139493
vt 0.3125 0.2138386219739914
vt 0.3125 0.003838616656139493
vt 0.3125 0.2138386219739914
vt 0.375 0.003838616656139493
vt 0.375 0.2138386219739914
vt 0.4375 0.003838616656139493
vt 0.4375 0.2138386219739914
vt 0.4375 0.003838616656139493
vt 0.4375 0.2138386219739914
vt 0.5 0.003838616656139493
vt 0.5 0.2138386219739914
vt 0.5625 0.003838616656139493
vt 0.5625 0.2138386219739914
vt 0.5625 0.003838616656139493
vt 0.5625 0.2138386219739914
vt 0.625 0.003838616656139493
vt 0.625 0.2138386219739914
vt 0.6875 0.003838616656139493
vt 0.6875 0.2138386219739914
vt 0.6875 0.003838616656139493
vt 0.6875 0.2138386219739914
vt 0.75 0.003838616656139493
vt 0.75 0.2138386219739914
vt 0.8125 0.003838616656139493
vt 0.8125 0.2138386219739914
vt 0.8125 0.003838616656139493
vt 0.8125 0.2138386219739914
vt 0.875 0.003838616656139493
vt 0.875 0.2138386219739914
vt 0.9375 0.003838616656139493
vt 0.9375 0.2138386219739914
vt 0.9375 0.003838616656139493
vt 0.9375 0.2138386219739914
vt 1 0.003838616656139493
vt 1 0.2138386219739914
vt 0 0.2138386219739914
vt 0 0.21722334623336792
vt 0.0625 0.2138386219739914
vt 0.0625 0.21722334623336792
vt 0.125 0.2138386219739914
vt 0.125 0.21722334623336792
vt 0.1875 0.2138386219739914
vt 0.1875 0.21722334623336792
vt 0.25 0.2138386219739914
vt 0.25 0.21722334623336792
vt 0.3125 0.2138386219739914
vt 0.3125 0.21722334623336792
vt 0.375 0.2138386219739914
vt 0.375 0.21722334623336792
vt 0.4375 0.2138386219739914
vt 0.4375 0.21722334623336792
vt 0.5 0.2138386219739914
vt 0.5 0.21722334623336792
vt 0.5625 0.2138386219739914
vt 0.5625 0.21722334623336792
vt 0.625 0.2138386219739914
vt 0.625 0.21722334623336792
vt 0.6875 0.2138386219739914
vt 0.6875 0.21722334623336792
vt 0.75 0.2138386219739914
vt 0.75 0.21722334623336792
vt 0.8125 0.2138386219739914
vt 0.8125 0.21722334623336792
vt 0.875 0.2138386219739914
vt 0.875 0.21722334623336792
vt 0.9375 0.2138386219739914
vt 0.9375 0.21722334623336792
vt 1 0.2138386219739914
vt 1 0.21722334623336792
vt 0 0.21722334623336792
vt 0 0
vt 0.0625 0.21722334623336792
vt 0.0625 0
vt 0.0625 0.21722334623336792
vt 0.0625 0
vt 0.125 0.21722334623336792
vt 0.125 0
vt 0.1875 0.21722334623336792
vt 0.1875 0
vt 0.1875 0.21722334623336792
vt 0.1875 0
vt 0.25 0.21722334623336792
vt 0.25 0
vt 0.3125 0.21722334623336792
vt 0.3125 0
vt 0.3125 0.21722334623336792
vt 0.3125 0
vt 0.375 0.21722334623336792
vt 0.375 0
vt 0.4375 0.21722334623336792
vt 0.4375 0
vt 0.4375 0.21722334623336792
vt 0.4375 0
vt 0.5 0.21722334623336792
vt 0.5 0
vt 0.5625 0.21722334623336792
vt 0.5625 0
vt 0.5625 0.21722334623336792
vt 0.5625 0
vt 0.625 0.21722334623336792
vt 0.625 0
vt 0.6875 0.21722334623336792
vt 0.6875 0
vt 0.6875 0.21722334623336792
vt 0.6875 0
vt 0.75 0.21722334623336792
vt 0.75 0
vt 0.8125 0.21722334623336792
vt 0.8125 0
vt 0.8125 0.21722334623336792
vt 0.8125 0
vt 0.875 0.21722334623336792
vt 0.875 0
vt 0.9375 0.21722334623336792
vt 0.9375 0
vt 0.9375 0.21722334623336792
vt 0.9375 0
vt 1 0.21722334623336792
vt 1 0
vn 0 -1 0
vn 0 -1 0
vn 0 -1 0
vn 0 -1 0
vn 0 -1 0
vn 0 -1 0
vn 0 -1 0
vn 0 -1 0
vn 0 -1 0
vn 0 -1 0
vn 0 -1 0
vn 0 -1 0
vn 0 -1 0
vn 0 -1 0
vn 0 -1 0
vn 0 -1 0
vn 0 -1 0
vn 0 -1 0
vn 0 -1 0
vn 0 -1 0
vn 0 -1 0
vn 0 -1 0
vn 0 -1 0
vn 0 -1 0
vn 0 -1 0
vn 0 -1 0
vn 0 -1 0
vn 0 -1 0
vn 0 -1 0
vn 0 -1 0
vn 0 -1 0
vn 0 -1 0
vn 0 -1 0
vn 0 -1 0
vn 0.997809112071991 0 -0.06615886837244034
vn 0.997809112071991 0 0.06615886837244034
vn 0.997809112071991 0 -0.06615886837244034
vn 0.997809112071991 0 0.06615886837244034
vn 0.9965960383415222 0 0.08243958652019501
vn 0.9893366098403931 0 0.14564692974090576
vn 0.7523389458656311 0 0.6587762236595154
vn 0.6587762236595154 0 0.7523389458656311
vn 0.14564692974090576 0 0.9893366098403931
vn 0.08243958652019501 0 0.9965960383415222
vn 0.06615886837244034 0 0.997809112071991
vn -0.06615886837244034 0 0.997809112071991
vn 0.06615886837244034 0 0.997809112071991
vn -0.06615886837244034 0 0.997809112071991
vn 0.06615886837244034 0 0.997809112071991
vn -0.06615886837244034 0 0.997809112071991
vn -0.08243958652019501 0 0.9965960383415222
vn -0.14564692974090576 0 0.9893366098403931
vn -0.6587762236595154 0 0.7523389458656311
vn -0.7523389458656311 0 0.6587762236595154
vn -0.9893366098403931 0 0.14564692974090576
vn -0.9965960383415222 0 0.08243958652019501
vn -0.997809112071991 0 0.06615886837244034
vn -0.997809112071991 0 -0.06615886837244034
vn -0.997809112071991 0 0.06615886837244034
vn -0.997809112071991 0 -0.06615886837244034
vn -0.997809112071991 0 0.06615886837244034
vn -0.997809112071991 0 -0.06615886837244034
vn -0.9965960383415222 0 -0.08243958652019501
vn -0.9893366098403931 0 -0.14564692974090576
vn -0.7523389458656311 0 -0.6587762236595154
vn -0.6587762236595154 0 -0.7523389458656311
vn -0.14564692974090576 0 -0.9893366098403931
vn -0.08243958652019501 0 -0.9965960383415222
vn -0.06615886837244034 0 -0.997809112071991
vn 0.06615886837244034 0 -0.997809112071991
vn -0.06615886837244034 0 -0.997809112071991
vn 0.06615886837244034 0 -0.997809112071991
vn -0.06615886837244034 0 -0.997809112071991
vn 0.06615886837244034 0 -0.997809112071991
vn 0.08243958652019501 0 -0.9965960383415222
vn 0.14564692974090576 0 -0.9893366098403931
vn 0.6587762236595154 0 -0.7523389458656311
vn 0.7523389458656311 0 -0.6587762236595154
vn 0.9893366098403931 0 -0.14564692974090576
vn 0.9965960383415222 0 -0.08243958652019501
vn 0.997809112071991 0 -0.06615886837244034
vn 0.997809112071991 0 0.06615886837244034
vn 0.997809112071991 0 -0.06615886837244034
vn 0.997809112071991 0 0.06615886837244034
vn 0 1 0
vn 0 1 0
vn 0 1 0
vn 0 1 0
vn 0 1 0
vn 0 1 0
vn 0 1 0
vn 0 1 0
vn 0 1 0
vn 0 1 0
vn 0 1 0
vn 0 1 0
vn 0 1 0
vn 0 1 0
vn 0 1 0
vn 0 1 0
vn 0 1 0
vn 0 1 0
vn 0 1 0
vn 0 1 0
vn 0 1 0
vn 0 1 0
vn 0 1 0
vn 0 1 0
vn 0 1 0
vn 0 1 0
vn 0 1 0
vn 0 1 0
vn 0 1 0
vn 0 1 0
vn 0 1 0
vn 0 1 0
vn 0 1 0
vn 0 1 0
vn -0.9978067874908447 0.0021566434297710657 0.06615865975618362
vn -0.9978067874908447 0.002156643196940422 -0.0661587342619896
vn -0.9978063702583313 0.002334329066798091 0.0661587044596672
vn -0.9978063702583313 0.002334329066798091 -0.06615865975618362
vn -0.9807829260826111 0.0022037189919501543 -0.19508981704711914
vn -0.9807828068733215 0.0022573063615709543 -0.19508980214595795
vn -0.7523372173309326 0.0021566394716501236 -0.6587746739387512
vn -0.6587746739387512 0.0021566394716501236 -0.7523372173309326
vn -0.19508984684944153 0.0022573063615709543 -0.9807827472686768
vn -0.19508987665176392 0.0022037189919501543 -0.9807828664779663
vn -0.0661587044596672 0.002334329066798091 -0.9978063702583313
vn 0.06615865975618362 0.002334329066798091 -0.9978063702583313
vn -0.06615865975618362 0.0021566434297710657 -0.9978067874908447
vn 0.0661587342619896 0.002156643196940422 -0.9978067874908447
vn -0.0661587044596672 0.002334329066798091 -0.9978063702583313
vn 0.06615865975618362 0.002334329066798091 -0.9978063702583313
vn 0.19508981704711914 0.0022037189919501543 -0.9807829260826111
vn 0.19508980214595795 0.0022573063615709543 -0.9807828068733215
vn 0.6587746739387512 0.0021566394716501236 -0.7523372173309326
vn 0.7523372173309326 0.0021566394716501236 -0.6587746739387512
vn 0.9807827472686768 0.0022573063615709543 -0.19508984684944153
vn 0.9807828664779663 0.0022037189919501543 -0.19508987665176392
vn 0.9978063702583313 0.002334329066798091 -0.0661587044596672
vn 0.9978063702583313 0.002334329066798091 0.06615865975618362
vn 0.9978067874908447 0.0021566434297710657 -0.06615865975618362
vn 0.9978067874908447 0.002156643196940422 0.0661587342619896
vn 0.9978063702583313 0.002334329066798091 -0.0661587044596672
vn 0.9978063702583313 0.002334329066798091 0.06615865975618362
vn 0.9807829260826111 0.0022037189919501543 0.19508981704711914
vn 0.9807828068733215 0.0022573063615709543 0.19508980214595795
vn 0.7523372173309326 0.0021566394716501236 0.6587746739387512
vn 0.6587746739387512 0.0021566394716501236 0.7523372173309326
vn 0.19508984684944153 0.0022573063615709543 0.9807827472686768
vn 0.19508987665176392 0.0022037189919501543 0.9807828664779663
vn 0.0661587044596672 0.002334329066798091 0.9978063702583313
vn -0.06615865975618362 0.002334329066798091 0.9978063702583313
vn 0.06615865975618362 0.0021566434297710657 0.9978067874908447
vn -0.0661587342619896 0.002156643196940422 0.9978067874908447
vn 0.0661587044596672 0.002334329066798091 0.9978063702583313
vn -0.06615865975618362 0.002334329066798091 0.9978063702583313
vn -0.19508981704711914 0.0022037189919501543 0.9807829260826111
vn -0.19508980214595795 0.0022573063615709543 0.9807828068733215
vn -0.6587746739387512 0.0021566394716501236 0.7523372173309326
vn -0.7523372173309326 0.0021566394716501236 0.6587746739387512
vn -0.9807827472686768 0.0022573063615709543 0.19508984684944153
vn -0.9807828664779663 0.0022037189919501543 0.19508987665176392
vn -0.9978063702583313 0.002334329066798091 0.0661587044596672
vn -0.9978063702583313 0.002334329066798091 -0.06615865975618362
vn -0.9978067874908447 0.0021566434297710657 0.06615865975618362
vn -0.9978067874908447 0.002156643196940422 -0.0661587342619896
f 764/764/764 765/765/765 766/766/766
f 766/766/766 765/765/765 767/767/767
f 766/766/766 767/767/767 768/768/768
f 768/768/768 767/767/767 769/769/769
f 768/768/768 769/769/769 770/770/770
f 770/770/770 769/769/769 771/771/771
f 770/770/770 771/771/771 772/772/772
f 772/772/772 771/771/771 773/773/773
f 772/772/772 773/773/773 774/774/774
f 774/774/774 773/773/773 775/775/775
f 774/774/774 775/775/775 776/776/776
f 776/776/776 775/775/775 777/777/777
f 776/776/776 777/777/777 778/778/778
f 778/778/778 777/777/777 779/779/779
f 778/778/778 779/779/779 780/780/780
f 780/780/780 779/779/779 781/781/781
f 780/780/780 781/781/781 782/782/782
f 782/782/782 781/781/781 783/783/783
f 782/782/782 783/783/783 784/784/784
f 784/784/784 783/783/783 785/785/785
f 784/784/784 785/785/785 786/786/786
f 786/786/786 785/785/785 787/787/787
f 786/786/786 787/787/787 788/788/788
f 788/788/788 787/787/787 789/789/789
f 788/788/788 789/789/789 790/790/790
f 790/790/790 789/789/789 791/791/791
f 790/790/790 791/791/791 792/792/792
f 792/792/792 791/791/791 793/793/793
f 792/792/792 793/793/793 794/794/794
f 794/794/794 793/793/793 795/795/795
f 794/794/794 795/795/795 796/796/796
f 796/796/796 795/795/795 797/797/797
f 798/798/798 799/799/799 800/800/800
f 800/800/800 799/799/799 801/801/801
f 802/802/802 803/803/803 804/804/804
f 804/804/804 803/803/803 805/805/805
f 804/804/804 805/805/805 806/806/806
f 806/806/806 805/805/805 807/807/807
f 808/808/808 809/809/809 810/810/810
f 810/810/810 809/809/809 811/811/811
f 810/810/810 811/811/811 812/812/812
f 812/812/812 811/811/811 813/813/813
f 814/814/814 815/815/815 816/816/816
f 816/816/816 815/815/815 817/817/817
f 816/816/816 817/817/817 818/818/818
f 818/818/818 817/817/817 819/819/819
f 820/820/820 821/821/821 822/822/822
f 822/822/822 821/821/821 823/823/823
f 822/822/822 823/823/823 824/824/824
f 824/824/824 823/823/823 825/825/825
f 826/826/826 827/827/827 828/828/828
f 828/828/828 827/827/827 829/829/829
f 828/828/828 829/829/829 830/830/830
f 830/830/830 829/829/829 831/831/831
f 832/832/832 833/833/833 834/834/834
f 834/834/834 833/833/833 835/835/835
f 834/834/834 835/835/835 836/836/836
f 836/836/836 835/835/835 837/837/837
f 838/838/838 839/839/839 840/840/840
f 840/840/840 839/839/839 841/841/841
f 840/840/840 841/841/841 842/842/842
f 842/842/842 841/841/841 843/843/843
f 844/844/844 845/845/845 846/846/846
f 846/846/846 845/845/845 847/847/847
f 848/848/848 849/849/849 850/850/850
f 850/850/850 849/849/849 851/851/851
f 850/850/850 851/851/851 852/852/852
f 852/852/852 851/851/851 853/853/853
f 852/852/852 853/853/853 854/854/854
f 854/854/854 853/853/853 855/855/855
f 854/854/854 855/855/855 856/856/856
f 856/856/856 855/855/855 857/857/857
f 856/856/856 857/857/857 858/858/858
f 858/858/858 857/857/857 859/859/859
f 858/858/858 859/859/859 860/860/860
f 860/860/860 859/859/859 861/861/861
f 860/860/860 861/861/861 862/862/862
f 862/862/862 861/861/861 863/863/863
f 862/862/862 863/863/863 864/864/864
f 864/864/864 863/863/863 865/865/865
f 864/864/864 865/865/865 866/866/866
f 866/866/866 865/865/865 867/867/867
f 866/866/866 867/867/867 868/868/868
f 868/868/868 867/867/867 869/869/869
f 868/868/868 869/869/869 870/870/870
f 870/870/870 869/869/869 871/871/871
f 870/870/870 871/871/871 872/872/872
f 872/872/872 871/871/871 873/873/873
f 872/872/872 873/873/873 874/874/874
f 874/874/874 873/873/873 875/875/875
f 874/874/874 875/875/875 876/876/876
f 876/876/876 875/875/875 877/877/877
f 876/876/876 877/877/877 878/878/878
f 878/878/878 877/877/877 879/879/879
f 878/878/878 879/879/879 880/880/880
f 880/880/880 879/879/879 881/881/881
f 882/882/882 883/883/883 884/884/884
f 884/884/884 883/883/883 885/885/885
f 886/886/886 887/887/887 888/888/888
f 888/888/888 887/887/887 889/889/889
f 888/888/888 889/889/889 890/890/890
f 890/890/890 889/889/889 891/891/891
f 892/892/892 893/893/893 894/894/894
f 894/894/894 893/893/893 895/895/895
f 894/894/894 895/895/895 896/896/896
f 896/896/896 895/895/895 897/897/897
f 898/898/898 899/899/899 900/900/900
f 900/900/900 899/899/899 901/901/901
f 900/900/900 901/901/901 902/902/902
f 902/902/902 901/901/901 903/903/903
f 904/904/904 905/905/905 906/906/906
f 906/906/906 905/905/905 907/907/907
f 906/906/906 907/907/907 908/908/908
f 908/908/908 907/907/907 909/909/909
f 910/910/910 911/911/911 912/912/912
f 912/912/912 911/911/911 913/913/913
f 912/912/912 913/913/913 914/914/914
f 914/914/914 913/913/913 915/915/915
f 916/916/916 917/917/917 918/918/918
f 918/918/918 917/917/917 919/919/919
f 918/918/918 919/919/919 920/920/920
f 920/920/920 919/919/919 921/921/921
f 922/922/922 923/923/923 924/924/924
f 924/924/924 923/923/923 925/925/925
f 924/924/924 925/925/925 926/926/926
f 926/926/926 925/925/925 927/927/927
f 928/928/928 929/929/929 930/930/930
f 930/930/930 929/929/929 931/931/931
g S06
v 0.021199999377131462 1.3849999904632568 0
v 0.025499999523162842 1.3849999904632568 0
v 0.019586246460676193 1.3849999904632568 0.008112888783216476
v 0.023558927699923515 1.3849999904632568 0.009758427739143372
v 0.014990664087235928 1.3849999904632568 0.014990664087235928
v 0.018031222745776176 1.3849999904632568 0.018031222745776176
v 0.008112888783216476 1.3849999904632568 0.019586246460676193
v 0.009758427739143372 1.3849999904632568 0.023558927699923515
v 1.2981256579500136e-18 1.3849999904632568 0.021199999377131462
v 1.5614246915511553e-18 1.3849999904632568 0.025499999523162842
v -0.008112888783216476 1.3849999904632568 0.019586246460676193
v -0.009758427739143372 1.3849999904632568 0.023558927699923515
v -0.014990664087235928 1.3849999904632568 0.014990664087235928
v -0.018031222745776176 1.3849999904632568 0.018031222745776176
v -0.019586246460676193 1.3849999904632568 0.008112888783216476
v -0.023558927699923515 1.3849999904632568 0.009758427739143372
v -0.021199999377131462 1.3849999904632568 2.5962513159000273e-18
v -0.025499999523162842 1.3849999904632568 3.1228493831023106e-18
v -0.019586246460676193 1.3849999904632568 -0.008112888783216476
v -0.023558927699923515 1.3849999904632568 -0.009758427739143372
v -0.014990664087235928 1.3849999904632568 -0.014990664087235928
v -0.018031222745776176 1.3849999904632568 -0.018031222745776176
v -0.008112888783216476 1.3849999904632568 -0.019586246460676193
v -0.009758427739143372 1.3849999904632568 -0.023558927699923515
v -3.894376663657311e-18 1.3849999904632568 -0.021199999377131462
v -4.6842741780510425e-18 1.3849999904632568 -0.025499999523162842
v 0.008112888783216476 1.3849999904632568 -0.019586246460676193
v 0.009758427739143372 1.3849999904632568 -0.023558927699923515
v 0.014990664087235928 1.3849999904632568 -0.014990664087235928
v 0.018031222745776176 1.3849999904632568 -0.018031222745776176
v 0.019586246460676193 1.3849999904632568 -0.008112888783216476
v 0.023558927699923515 1.3849999904632568 -0.009758427739143372
v 0.021199999377131462 1.3849999904632568 0
v 0.025499999523162842 1.3849999904632568 0
v 0.025499999523162842 1.3849999904632568 0
v 0.026000000536441803 1.3858000040054321 0
v 0.023558927699923515 1.3849999904632568 0.009758427739143372
v 0.02402086742222309 1.3858000040054321 0.009949768893420696
v 0.023558927699923515 1.3849999904632568 0.009758427739143372
v 0.02402086742222309 1.3858000040054321 0.009949768893420696
v 0.018031222745776176 1.3849999904632568 0.018031222745776176
v 0.018384777009487152 1.3858000040054321 0.018384777009487152
v 0.009758427739143372 1.3849999904632568 0.023558927699923515
v 0.009949768893420696 1.3858000040054321 0.02402086742222309
v 0.009758427739143372 1.3849999904632568 0.023558927699923515
v 0.009949768893420696 1.3858000040054321 0.02402086742222309
v 1.5614246915511553e-18 1.3849999904632568 0.025499999523162842
v 1.5920408173708508e-18 1.3858000040054321 0.026000000536441803
v 1.5614246915511553e-18 1.3849999904632568 0.025499999523162842
v 1.5920408173708508e-18 1.3858000040054321 0.026000000536441803
v -0.009758427739143372 1.3849999904632568 0.023558927699923515
v -0.009949768893420696 1.3858000040054321 0.02402086742222309
v -0.009758427739143372 1.3849999904632568 0.023558927699923515
v -0.009949768893420696 1.3858000040054321 0.02402086742222309
v -0.018031222745776176 1.3849999904632568 0.018031222745776176
v -0.018384777009487152 1.3858000040054321 0.018384777009487152
v -0.023558927699923515 1.3849999904632568 0.009758427739143372
v -0.02402086742222309 1.3858000040054321 0.009949768893420696
v -0.023558927699923515 1.3849999904632568 0.009758427739143372
v -0.02402086742222309 1.3858000040054321 0.009949768893420696
v -0.025499999523162842 1.3849999904632568 3.1228493831023106e-18
v -0.026000000536441803 1.3858000040054321 3.1840816347417017e-18
v -0.025499999523162842 1.3849999904632568 3.1228493831023106e-18
v -0.026000000536441803 1.3858000040054321 3.1840816347417017e-18
v -0.023558927699923515 1.3849999904632568 -0.009758427739143372
v -0.02402086742222309 1.3858000040054321 -0.009949768893420696
v -0.023558927699923515 1.3849999904632568 -0.009758427739143372
v -0.02402086742222309 1.3858000040054321 -0.009949768893420696
v -0.018031222745776176 1.3849999904632568 -0.018031222745776176
v -0.018384777009487152 1.3858000040054321 -0.018384777009487152
v -0.009758427739143372 1.3849999904632568 -0.023558927699923515
v -0.009949768893420696 1.3858000040054321 -0.02402086742222309
v -0.009758427739143372 1.3849999904632568 -0.023558927699923515
v -0.009949768893420696 1.3858000040054321 -0.02402086742222309
v -4.6842741780510425e-18 1.3849999904632568 -0.025499999523162842
v -4.776122658907706e-18 1.3858000040054321 -0.026000000536441803
v -4.6842741780510425e-18 1.3849999904632568 -0.025499999523162842
v -4.776122658907706e-18 1.3858000040054321 -0.026000000536441803
v 0.009758427739143372 1.3849999904632568 -0.023558927699923515
v 0.009949768893420696 1.3858000040054321 -0.02402086742222309
v 0.009758427739143372 1.3849999904632568 -0.023558927699923515
v 0.009949768893420696 1.3858000040054321 -0.02402086742222309
v 0.018031222745776176 1.3849999904632568 -0.018031222745776176
v 0.018384777009487152 1.3858000040054321 -0.018384777009487152
v 0.023558927699923515 1.3849999904632568 -0.009758427739143372
v 0.02402086742222309 1.3858000040054321 -0.009949768893420696
v 0.023558927699923515 1.3849999904632568 -0.009758427739143372
v 0.02402086742222309 1.3858000040054321 -0.009949768893420696
v 0.025499999523162842 1.3849999904632568 0
v 0.026000000536441803 1.3858000040054321 0
v 0.026000000536441803 1.3858000040054321 0
v 0.024000000208616257 1.3919999599456787 0
v 0.02402086742222309 1.3858000040054321 0.009949768893420696
v 0.022173108533024788 1.3919999599456787 0.009184402413666248
v 0.02402086742222309 1.3858000040054321 0.009949768893420696
v 0.022173108533024788 1.3919999599456787 0.009184402413666248
v 0.018384777009487152 1.3858000040054321 0.018384777009487152
v 0.0169705618172884 1.3919999599456787 0.0169705618172884
v 0.009949768893420696 1.3858000040054321 0.02402086742222309
v 0.009184402413666248 1.3919999599456787 0.022173108533024788
v 0.009949768893420696 1.3858000040054321 0.02402086742222309
v 0.009184402413666248 1.3919999599456787 0.022173108533024788
v 1.5920408173708508e-18 1.3858000040054321 0.026000000536441803
v 1.4695761072969157e-18 1.3919999599456787 0.024000000208616257
v 1.5920408173708508e-18 1.3858000040054321 0.026000000536441803
v -0.009949768893420696 1.3858000040054321 0.02402086742222309
v -0.009184402413666248 1.3919999599456787 0.022173108533024788
v -0.009949768893420696 1.3858000040054321 0.02402086742222309
v -0.009184402413666248 1.3919999599456787 0.022173108533024788
v -0.018384777009487152 1.3858000040054321 0.018384777009487152
v -0.0169705618172884 1.3919999599456787 0.0169705618172884
v -0.02402086742222309 1.3858000040054321 0.009949768893420696
v -0.022173108533024788 1.3919999599456787 0.009184402413666248
v -0.02402086742222309 1.3858000040054321 0.009949768893420696
v -0.022173108533024788 1.3919999599456787 0.009184402413666248
v -0.026000000536441803 1.3858000040054321 3.1840816347417017e-18
v -0.024000000208616257 1.3919999599456787 2.9391522145938313e-18
v -0.026000000536441803 1.3858000040054321 3.1840816347417017e-18
v -0.02402086742222309 1.3858000040054321 -0.009949768893420696
v -0.022173108533024788 1.3919999599456787 -0.009184402413666248
v -0.02402086742222309 1.3858000040054321 -0.009949768893420696
v -0.022173108533024788 1.3919999599456787 -0.009184402413666248
v -0.018384777009487152 1.3858000040054321 -0.018384777009487152
v -0.0169705618172884 1.3919999599456787 -0.0169705618172884
v -0.009949768893420696 1.3858000040054321 -0.02402086742222309
v -0.009184402413666248 1.3919999599456787 -0.022173108533024788
v -0.009949768893420696 1.3858000040054321 -0.02402086742222309
v -0.009184402413666248 1.3919999599456787 -0.022173108533024788
v -4.776122658907706e-18 1.3858000040054321 -0.026000000536441803
v -4.408728321890747e-18 1.3919999599456787 -0.024000000208616257
v -4.776122658907706e-18 1.3858000040054321 -0.026000000536441803
v 0.009949768893420696 1.3858000040054321 -0.02402086742222309
v 0.009184402413666248 1.3919999599456787 -0.022173108533024788
v 0.009949768893420696 1.3858000040054321 -0.02402086742222309
v 0.009184402413666248 1.3919999599456787 -0.022173108533024788
v 0.018384777009487152 1.3858000040054321 -0.018384777009487152
v 0.0169705618172884 1.3919999599456787 -0.0169705618172884
v 0.02402086742222309 1.3858000040054321 -0.009949768893420696
v 0.022173108533024788 1.3919999599456787 -0.009184402413666248
v 0.02402086742222309 1.3858000040054321 -0.009949768893420696
v 0.022173108533024788 1.3919999599456787 -0.009184402413666248
v 0.026000000536441803 1.3858000040054321 0
v 0.024000000208616257 1.3919999599456787 0
v 0.023000000044703484 1.3930000066757202 0
v 0.021249229088425636 1.3930000066757202 0.008801719173789024
v 0.022173108533024788 1.3919999599456787 0.009184402413666248
v 0.021249229088425636 1.3930000066757202 0.008801719173789024
v 0.016263455152511597 1.3930000066757202 0.016263455152511597
v 0.009184402413666248 1.3919999599456787 0.022173108533024788
v 0.008801719173789024 1.3930000066757202 0.021249229088425636
v 0.008801719173789024 1.3930000066757202 0.021249229088425636
v 1.4083438556575247e-18 1.3930000066757202 0.023000000044703484
v -0.008801719173789024 1.3930000066757202 0.021249229088425636
v -0.009184402413666248 1.3919999599456787 0.022173108533024788
v -0.008801719173789024 1.3930000066757202 0.021249229088425636
v -0.016263455152511597 1.3930000066757202 0.016263455152511597
v -0.022173108533024788 1.3919999599456787 0.009184402413666248
v -0.021249229088425636 1.3930000066757202 0.008801719173789024
v -0.021249229088425636 1.3930000066757202 0.008801719173789024
v -0.023000000044703484 1.3930000066757202 2.8166877113150493e-18
v -0.021249229088425636 1.3930000066757202 -0.008801719173789024
v -0.022173108533024788 1.3919999599456787 -0.009184402413666248
v -0.021249229088425636 1.3930000066757202 -0.008801719173789024
v -0.016263455152511597 1.3930000066757202 -0.016263455152511597
v -0.009184402413666248 1.3919999599456787 -0.022173108533024788
v -0.008801719173789024 1.3930000066757202 -0.021249229088425636
v -0.008801719173789024 1.3930000066757202 -0.021249229088425636
v -4.225031360177421e-18 1.3930000066757202 -0.023000000044703484
v 0.008801719173789024 1.3930000066757202 -0.021249229088425636
v 0.009184402413666248 1.3919999599456787 -0.022173108533024788
v 0.008801719173789024 1.3930000066757202 -0.021249229088425636
v 0.016263455152511597 1.3930000066757202 -0.016263455152511597
v 0.022173108533024788 1.3919999599456787 -0.009184402413666248
v 0.021249229088425636 1.3930000066757202 -0.008801719173789024
v 0.021249229088425636 1.3930000066757202 -0.008801719173789024
v 0.023000000044703484 1.3930000066757202 0
v 0.023000000044703484 1.4149999618530273 0
v 0.021249229088425636 1.4149999618530273 0.008801719173789024
v 0.021249229088425636 1.3930000066757202 0.008801719173789024
v 0.021249229088425636 1.4149999618530273 0.008801719173789024
v 0.016263455152511597 1.4149999618530273 0.016263455152511597
v 0.008801719173789024 1.3930000066757202 0.021249229088425636
v 0.008801719173789024 1.4149999618530273 0.021249229088425636
v 0.008801719173789024 1.4149999618530273 0.021249229088425636
v 1.4083438556575247e-18 1.4149999618530273 0.023000000044703484
v -0.008801719173789024 1.4149999618530273 0.021249229088425636
v -0.008801719173789024 1.3930000066757202 0.021249229088425636
v -0.008801719173789024 1.4149999618530273 0.021249229088425636
v -0.016263455152511597 1.4149999618530273 0.016263455152511597
v -0.021249229088425636 1.3930000066757202 0.008801719173789024
v -0.021249229088425636 1.4149999618530273 0.008801719173789024
v -0.021249229088425636 1.4149999618530273 0.008801719173789024
v -0.023000000044703484 1.4149999618530273 2.8166877113150493e-18
v -0.021249229088425636 1.4149999618530273 -0.008801719173789024
v -0.021249229088425636 1.3930000066757202 -0.008801719173789024
v -0.021249229088425636 1.4149999618530273 -0.008801719173789024
v -0.016263455152511597 1.4149999618530273 -0.016263455152511597
v -0.008801719173789024 1.3930000066757202 -0.021249229088425636
v -0.008801719173789024 1.4149999618530273 -0.021249229088425636
v -0.008801719173789024 1.4149999618530273 -0.021249229088425636
v -4.225031360177421e-18 1.4149999618530273 -0.023000000044703484
v 0.008801719173789024 1.4149999618530273 -0.021249229088425636
v 0.008801719173789024 1.3930000066757202 -0.021249229088425636
v 0.008801719173789024 1.4149999618530273 -0.021249229088425636
v 0.016263455152511597 1.4149999618530273 -0.016263455152511597
v 0.021249229088425636 1.3930000066757202 -0.008801719173789024
v 0.021249229088425636 1.4149999618530273 -0.008801719173789024
v 0.021249229088425636 1.4149999618530273 -0.008801719173789024
v 0.023000000044703484 1.4149999618530273 0
v 0.023000000044703484 1.4149999618530273 0
v 0.024000000208616257 1.4160000085830688 0
v 0.021249229088425636 1.4149999618530273 0.008801719173789024
v 0.022173108533024788 1.4160000085830688 0.009184402413666248
v 0.021249229088425636 1.4149999618530273 0.008801719173789024
v 0.022173108533024788 1.4160000085830688 0.009184402413666248
v 0.016263455152511597 1.4149999618530273 0.016263455152511597
v 0.0169705618172884 1.4160000085830688 0.0169705618172884
v 0.008801719173789024 1.4149999618530273 0.021249229088425636
v 0.009184402413666248 1.4160000085830688 0.022173108533024788
v 0.008801719173789024 1.4149999618530273 0.021249229088425636
v 0.009184402413666248 1.4160000085830688 0.022173108533024788
v 1.4083438556575247e-18 1.4149999618530273 0.023000000044703484
v 1.4695761072969157e-18 1.4160000085830688 0.024000000208616257
v -0.008801719173789024 1.4149999618530273 0.021249229088425636
v -0.009184402413666248 1.4160000085830688 0.022173108533024788
v -0.008801719173789024 1.4149999618530273 0.021249229088425636
v -0.009184402413666248 1.4160000085830688 0.022173108533024788
v -0.016263455152511597 1.4149999618530273 0.016263455152511597
v -0.0169705618172884 1.4160000085830688 0.0169705618172884
v -0.021249229088425636 1.4149999618530273 0.008801719173789024
v -0.022173108533024788 1.4160000085830688 0.009184402413666248
v -0.021249229088425636 1.4149999618530273 0.008801719173789024
v -0.022173108533024788 1.4160000085830688 0.009184402413666248
v -0.023000000044703484 1.4149999618530273 2.8166877113150493e-18
v -0.024000000208616257 1.4160000085830688 2.9391522145938313e-18
v -0.021249229088425636 1.4149999618530273 -0.008801719173789024
v -0.022173108533024788 1.4160000085830688 -0.009184402413666248
v -0.021249229088425636 1.4149999618530273 -0.008801719173789024
v -0.022173108533024788 1.4160000085830688 -0.009184402413666248
v -0.016263455152511597 1.4149999618530273 -0.016263455152511597
v -0.0169705618172884 1.4160000085830688 -0.0169705618172884
v -0.008801719173789024 1.4149999618530273 -0.021249229088425636
v -0.009184402413666248 1.4160000085830688 -0.022173108533024788
v -0.008801719173789024 1.4149999618530273 -0.021249229088425636
v -0.009184402413666248 1.4160000085830688 -0.022173108533024788
v -4.225031360177421e-18 1.4149999618530273 -0.023000000044703484
v -4.408728321890747e-18 1.4160000085830688 -0.024000000208616257
v 0.008801719173789024 1.4149999618530273 -0.021249229088425636
v 0.009184402413666248 1.4160000085830688 -0.022173108533024788
v 0.008801719173789024 1.4149999618530273 -0.021249229088425636
v 0.009184402413666248 1.4160000085830688 -0.022173108533024788
v 0.016263455152511597 1.4149999618530273 -0.016263455152511597
v 0.0169705618172884 1.4160000085830688 -0.0169705618172884
v 0.021249229088425636 1.4149999618530273 -0.008801719173789024
v 0.022173108533024788 1.4160000085830688 -0.009184402413666248
v 0.021249229088425636 1.4149999618530273 -0.008801719173789024
v 0.022173108533024788 1.4160000085830688 -0.009184402413666248
v 0.023000000044703484 1.4149999618530273 0
v 0.024000000208616257 1.4160000085830688 0
v 0.024000000208616257 1.4160000085830688 0
v 0.024000000208616257 1.4221999645233154 0
v 0.022173108533024788 1.4160000085830688 0.009184402413666248
v 0.022173108533024788 1.4221999645233154 0.009184402413666248
v 0.022173108533024788 1.4160000085830688 0.009184402413666248
v 0.022173108533024788 1.4221999645233154 0.009184402413666248
v 0.0169705618172884 1.4160000085830688 0.0169705618172884
v 0.0169705618172884 1.4221999645233154 0.0169705618172884
v 0.009184402413666248 1.4160000085830688 0.022173108533024788
v 0.009184402413666248 1.4221999645233154 0.022173108533024788
v 0.009184402413666248 1.4160000085830688 0.022173108533024788
v 0.009184402413666248 1.4221999645233154 0.022173108533024788
v 1.4695761072969157e-18 1.4160000085830688 0.024000000208616257
v 1.4695761072969157e-18 1.4221999645233154 0.024000000208616257
v -0.009184402413666248 1.4160000085830688 0.022173108533024788
v -0.009184402413666248 1.4221999645233154 0.022173108533024788
v -0.009184402413666248 1.4160000085830688 0.022173108533024788
v -0.009184402413666248 1.4221999645233154 0.022173108533024788
v -0.0169705618172884 1.4160000085830688 0.0169705618172884
v -0.0169705618172884 1.4221999645233154 0.0169705618172884
v -0.022173108533024788 1.4160000085830688 0.009184402413666248
v -0.022173108533024788 1.4221999645233154 0.009184402413666248
v -0.022173108533024788 1.4160000085830688 0.009184402413666248
v -0.022173108533024788 1.4221999645233154 0.009184402413666248
v -0.024000000208616257 1.4160000085830688 2.9391522145938313e-18
v -0.024000000208616257 1.4221999645233154 2.9391522145938313e-18
v -0.022173108533024788 1.4160000085830688 -0.009184402413666248
v -0.022173108533024788 1.4221999645233154 -0.009184402413666248
v -0.022173108533024788 1.4160000085830688 -0.009184402413666248
v -0.022173108533024788 1.4221999645233154 -0.009184402413666248
v -0.0169705618172884 1.4160000085830688 -0.0169705618172884
v -0.0169705618172884 1.4221999645233154 -0.0169705618172884
v -0.009184402413666248 1.4160000085830688 -0.022173108533024788
v -0.009184402413666248 1.4221999645233154 -0.022173108533024788
v -0.009184402413666248 1.4160000085830688 -0.022173108533024788
v -0.009184402413666248 1.4221999645233154 -0.022173108533024788
v -4.408728321890747e-18 1.4160000085830688 -0.024000000208616257
v -4.408728321890747e-18 1.4221999645233154 -0.024000000208616257
v 0.009184402413666248 1.4160000085830688 -0.022173108533024788
v 0.009184402413666248 1.4221999645233154 -0.022173108533024788
v 0.009184402413666248 1.4160000085830688 -0.022173108533024788
v 0.009184402413666248 1.4221999645233154 -0.022173108533024788
v 0.0169705618172884 1.4160000085830688 -0.0169705618172884
v 0.0169705618172884 1.4221999645233154 -0.0169705618172884
v 0.022173108533024788 1.4160000085830688 -0.009184402413666248
v 0.022173108533024788 1.4221999645233154 -0.009184402413666248
v 0.022173108533024788 1.4160000085830688 -0.009184402413666248
v 0.022173108533024788 1.4221999645233154 -0.009184402413666248
v 0.024000000208616257 1.4160000085830688 0
v 0.024000000208616257 1.4221999645233154 0
v 0.024000000208616257 1.4221999645233154 0
v 0.02319999970495701 1.4229999780654907 0
v 0.022173108533024788 1.4221999645233154 0.009184402413666248
v 0.021434005349874496 1.4229999780654907 0.008878255262970924
v 0.022173108533024788 1.4221999645233154 0.009184402413666248
v 0.021434005349874496 1.4229999780654907 0.008878255262970924
v 0.0169705618172884 1.4221999645233154 0.0169705618172884
v 0.016404876485466957 1.4229999780654907 0.016404876485466957
v 0.009184402413666248 1.4221999645233154 0.022173108533024788
v 0.008878255262970924 1.4229999780654907 0.021434005349874496
v 0.009184402413666248 1.4221999645233154 0.022173108533024788
v 0.008878255262970924 1.4229999780654907 0.021434005349874496
v 1.4695761072969157e-18 1.4221999645233154 0.024000000208616257
v 1.4205902646263722e-18 1.4229999780654907 0.02319999970495701
v -0.009184402413666248 1.4221999645233154 0.022173108533024788
v -0.008878255262970924 1.4229999780654907 0.021434005349874496
v -0.009184402413666248 1.4221999645233154 0.022173108533024788
v -0.008878255262970924 1.4229999780654907 0.021434005349874496
v -0.0169705618172884 1.4221999645233154 0.0169705618172884
v -0.016404876485466957 1.4229999780654907 0.016404876485466957
v -0.022173108533024788 1.4221999645233154 0.009184402413666248
v -0.021434005349874496 1.4229999780654907 0.008878255262970924
v -0.022173108533024788 1.4221999645233154 0.009184402413666248
v -0.021434005349874496 1.4229999780654907 0.008878255262970924
v -0.024000000208616257 1.4221999645233154 2.9391522145938313e-18
v -0.02319999970495701 1.4229999780654907 2.8411805292527445e-18
v -0.022173108533024788 1.4221999645233154 -0.009184402413666248
v -0.021434005349874496 1.4229999780654907 -0.008878255262970924
v -0.022173108533024788 1.4221999645233154 -0.009184402413666248
v -0.021434005349874496 1.4229999780654907 -0.008878255262970924
v -0.0169705618172884 1.4221999645233154 -0.0169705618172884
v -0.016404876485466957 1.4229999780654907 -0.016404876485466957
v -0.009184402413666248 1.4221999645233154 -0.022173108533024788
v -0.008878255262970924 1.4229999780654907 -0.021434005349874496
v -0.009184402413666248 1.4221999645233154 -0.022173108533024788
v -0.008878255262970924 1.4229999780654907 -0.021434005349874496
v -4.408728321890747e-18 1.4221999645233154 -0.024000000208616257
v -4.26177100067427e-18 1.4229999780654907 -0.02319999970495701
v 0.009184402413666248 1.4221999645233154 -0.022173108533024788
v 0.008878255262970924 1.4229999780654907 -0.021434005349874496
v 0.009184402413666248 1.4221999645233154 -0.022173108533024788
v 0.008878255262970924 1.4229999780654907 -0.021434005349874496
v 0.0169705618172884 1.4221999645233154 -0.0169705618172884
v 0.016404876485466957 1.4229999780654907 -0.016404876485466957
v 0.022173108533024788 1.4221999645233154 -0.009184402413666248
v 0.021434005349874496 1.4229999780654907 -0.008878255262970924
v 0.022173108533024788 1.4221999645233154 -0.009184402413666248
v 0.021434005349874496 1.4229999780654907 -0.008878255262970924
v 0.024000000208616257 1.4221999645233154 0
v 0.02319999970495701 1.4229999780654907 0
v 0.02319999970495701 1.4229999780654907 0
v 0.006300000008195639 1.4229999780654907 0
v 0.021434005349874496 1.4229999780654907 0.008878255262970924
v 0.0058204410597682 1.4229999780654907 0.0024109056685119867
v 0.016404876485466957 1.4229999780654907 0.016404876485466957
v 0.004454772919416428 1.4229999780654907 0.004454772919416428
v 0.008878255262970924 1.4229999780654907 0.021434005349874496
v 0.0024109056685119867 1.4229999780654907 0.0058204410597682
v 1.4205902646263722e-18 1.4229999780654907 0.02319999970495701
v 3.8576374367507685e-19 1.4229999780654907 0.006300000008195639
v -0.008878255262970924 1.4229999780654907 0.021434005349874496
v -0.0024109056685119867 1.4229999780654907 0.0058204410597682
v -0.016404876485466957 1.4229999780654907 0.016404876485466957
v -0.004454772919416428 1.4229999780654907 0.004454772919416428
v -0.021434005349874496 1.4229999780654907 0.008878255262970924
v -0.0058204410597682 1.4229999780654907 0.0024109056685119867
v -0.02319999970495701 1.4229999780654907 2.8411805292527445e-18
v -0.006300000008195639 1.4229999780654907 7.715274873501537e-19
v -0.021434005349874496 1.4229999780654907 -0.008878255262970924
v -0.0058204410597682 1.4229999780654907 -0.0024109056685119867
v -0.016404876485466957 1.4229999780654907 -0.016404876485466957
v -0.004454772919416428 1.4229999780654907 -0.004454772919416428
v -0.008878255262970924 1.4229999780654907 -0.021434005349874496
v -0.0024109056685119867 1.4229999780654907 -0.0058204410597682
v -4.26177100067427e-18 1.4229999780654907 -0.02319999970495701
v -1.1572912310252305e-18 1.4229999780654907 -0.006300000008195639
v 0.008878255262970924 1.4229999780654907 -0.021434005349874496
v 0.0024109056685119867 1.4229999780654907 -0.0058204410597682
v 0.016404876485466957 1.4229999780654907 -0.016404876485466957
v 0.004454772919416428 1.4229999780654907 -0.004454772919416428
v 0.021434005349874496 1.4229999780654907 -0.008878255262970924
v 0.0058204410597682 1.4229999780654907 -0.0024109056685119867
v 0.02319999970495701 1.4229999780654907 0
v 0.006300000008195639 1.4229999780654907 0
v 0.006300000008195639 1.4229999780654907 0
v 0.006300000008195639 1.4179999828338623 0
v 0.0058204410597682 1.4229999780654907 0.0024109056685119867
v 0.0058204410597682 1.4179999828338623 0.0024109056685119867
v 0.0058204410597682 1.4229999780654907 0.0024109056685119867
v 0.0058204410597682 1.4179999828338623 0.0024109056685119867
v 0.004454772919416428 1.4229999780654907 0.004454772919416428
v 0.004454772919416428 1.4179999828338623 0.004454772919416428
v 0.004454772919416428 1.4229999780654907 0.004454772919416428
v 0.004454772919416428 1.4179999828338623 0.004454772919416428
v 0.0024109056685119867 1.4229999780654907 0.0058204410597682
v 0.0024109056685119867 1.4179999828338623 0.0058204410597682
v 0.0024109056685119867 1.4229999780654907 0.0058204410597682
v 0.0024109056685119867 1.4179999828338623 0.0058204410597682
v 3.8576374367507685e-19 1.4229999780654907 0.006300000008195639
v 3.8576374367507685e-19 1.4179999828338623 0.006300000008195639
v 3.8576374367507685e-19 1.4229999780654907 0.006300000008195639
v 3.8576374367507685e-19 1.4179999828338623 0.006300000008195639
v -0.0024109056685119867 1.4229999780654907 0.0058204410597682
v -0.0024109056685119867 1.4179999828338623 0.0058204410597682
v -0.0024109056685119867 1.4229999780654907 0.0058204410597682
v -0.0024109056685119867 1.4179999828338623 0.0058204410597682
v -0.004454772919416428 1.4229999780654907 0.004454772919416428
v -0.004454772919416428 1.4179999828338623 0.004454772919416428
v -0.004454772919416428 1.4229999780654907 0.004454772919416428
v -0.004454772919416428 1.4179999828338623 0.004454772919416428
v -0.0058204410597682 1.4229999780654907 0.0024109056685119867
v -0.0058204410597682 1.4179999828338623 0.0024109056685119867
v -0.0058204410597682 1.4229999780654907 0.0024109056685119867
v -0.0058204410597682 1.4179999828338623 0.0024109056685119867
v -0.006300000008195639 1.4229999780654907 7.715274873501537e-19
v -0.006300000008195639 1.4179999828338623 7.715274873501537e-19
v -0.006300000008195639 1.4229999780654907 7.715274873501537e-19
v -0.006300000008195639 1.4179999828338623 7.715274873501537e-19
v -0.0058204410597682 1.4229999780654907 -0.0024109056685119867
v -0.0058204410597682 1.4179999828338623 -0.0024109056685119867
v -0.0058204410597682 1.4229999780654907 -0.0024109056685119867
v -0.0058204410597682 1.4179999828338623 -0.0024109056685119867
v -0.004454772919416428 1.4229999780654907 -0.004454772919416428
v -0.004454772919416428 1.4179999828338623 -0.004454772919416428
v -0.004454772919416428 1.4229999780654907 -0.004454772919416428
v -0.004454772919416428 1.4179999828338623 -0.004454772919416428
v -0.0024109056685119867 1.4229999780654907 -0.0058204410597682
v -0.0024109056685119867 1.4179999828338623 -0.0058204410597682
v -0.0024109056685119867 1.4229999780654907 -0.0058204410597682
v -0.0024109056685119867 1.4179999828338623 -0.0058204410597682
v -1.1572912310252305e-18 1.4229999780654907 -0.006300000008195639
v -1.1572912310252305e-18 1.4179999828338623 -0.006300000008195639
v -1.1572912310252305e-18 1.4229999780654907 -0.006300000008195639
v -1.1572912310252305e-18 1.4179999828338623 -0.006300000008195639
v 0.0024109056685119867 1.4229999780654907 -0.0058204410597682
v 0.0024109056685119867 1.4179999828338623 -0.0058204410597682
v 0.0024109056685119867 1.4229999780654907 -0.0058204410597682
v 0.0024109056685119867 1.4179999828338623 -0.0058204410597682
v 0.004454772919416428 1.4229999780654907 -0.004454772919416428
v 0.004454772919416428 1.4179999828338623 -0.004454772919416428
v 0.004454772919416428 1.4229999780654907 -0.004454772919416428
v 0.004454772919416428 1.4179999828338623 -0.004454772919416428
v 0.0058204410597682 1.4229999780654907 -0.0024109056685119867
v 0.0058204410597682 1.4179999828338623 -0.0024109056685119867
v 0.0058204410597682 1.4229999780654907 -0.0024109056685119867
v 0.0058204410597682 1.4179999828338623 -0.0024109056685119867
v 0.006300000008195639 1.4229999780654907 0
v 0.006300000008195639 1.4179999828338623 0
v 0.006300000008195639 1.4179999828338623 0
v 0.021199999377131462 1.4179999828338623 0
v 0.0058204410597682 1.4179999828338623 0.0024109056685119867
v 0.019586246460676193 1.4179999828338623 0.008112888783216476
v 0.004454772919416428 1.4179999828338623 0.004454772919416428
v 0.014990664087235928 1.4179999828338623 0.014990664087235928
v 0.0024109056685119867 1.4179999828338623 0.0058204410597682
v 0.008112888783216476 1.4179999828338623 0.019586246460676193
v 3.8576374367507685e-19 1.4179999828338623 0.006300000008195639
v 1.2981256579500136e-18 1.4179999828338623 0.021199999377131462
v -0.0024109056685119867 1.4179999828338623 0.0058204410597682
v -0.008112888783216476 1.4179999828338623 0.019586246460676193
v -0.004454772919416428 1.4179999828338623 0.004454772919416428
v -0.014990664087235928 1.4179999828338623 0.014990664087235928
v -0.0058204410597682 1.4179999828338623 0.0024109056685119867
v -0.019586246460676193 1.4179999828338623 0.008112888783216476
v -0.006300000008195639 1.4179999828338623 7.715274873501537e-19
v -0.021199999377131462 1.4179999828338623 2.5962513159000273e-18
v -0.0058204410597682 1.4179999828338623 -0.0024109056685119867
v -0.019586246460676193 1.4179999828338623 -0.008112888783216476
v -0.004454772919416428 1.4179999828338623 -0.004454772919416428
v -0.014990664087235928 1.4179999828338623 -0.014990664087235928
v -0.0024109056685119867 1.4179999828338623 -0.0058204410597682
v -0.008112888783216476 1.4179999828338623 -0.019586246460676193
v -1.1572912310252305e-18 1.4179999828338623 -0.006300000008195639
v -3.894376663657311e-18 1.4179999828338623 -0.021199999377131462
v 0.0024109056685119867 1.4179999828338623 -0.0058204410597682
v 0.008112888783216476 1.4179999828338623 -0.019586246460676193
v 0.004454772919416428 1.4179999828338623 -0.004454772919416428
v 0.014990664087235928 1.4179999828338623 -0.014990664087235928
v 0.0058204410597682 1.4179999828338623 -0.0024109056685119867
v 0.019586246460676193 1.4179999828338623 -0.008112888783216476
v 0.006300000008195639 1.4179999828338623 0
v 0.021199999377131462 1.4179999828338623 0
v 0.021199999377131462 1.4179999828338623 0
v 0.021199999377131462 1.3849999904632568 0
v 0.019586246460676193 1.4179999828338623 0.008112888783216476
v 0.019586246460676193 1.3849999904632568 0.008112888783216476
v 0.019586246460676193 1.4179999828338623 0.008112888783216476
v 0.019586246460676193 1.3849999904632568 0.008112888783216476
v 0.014990664087235928 1.4179999828338623 0.014990664087235928
v 0.014990664087235928 1.3849999904632568 0.014990664087235928
v 0.008112888783216476 1.4179999828338623 0.019586246460676193
v 0.008112888783216476 1.3849999904632568 0.019586246460676193
v 0.008112888783216476 1.4179999828338623 0.019586246460676193
v 0.008112888783216476 1.3849999904632568 0.019586246460676193
v 1.2981256579500136e-18 1.4179999828338623 0.021199999377131462
v 1.2981256579500136e-18 1.3849999904632568 0.021199999377131462
v -0.008112888783216476 1.4179999828338623 0.019586246460676193
v -0.008112888783216476 1.3849999904632568 0.019586246460676193
v -0.008112888783216476 1.4179999828338623 0.019586246460676193
v -0.008112888783216476 1.3849999904632568 0.019586246460676193
v -0.014990664087235928 1.4179999828338623 0.014990664087235928
v -0.014990664087235928 1.3849999904632568 0.014990664087235928
v -0.019586246460676193 1.4179999828338623 0.008112888783216476
v -0.019586246460676193 1.3849999904632568 0.008112888783216476
v -0.019586246460676193 1.4179999828338623 0.008112888783216476
v -0.019586246460676193 1.3849999904632568 0.008112888783216476
v -0.021199999377131462 1.4179999828338623 2.5962513159000273e-18
v -0.021199999377131462 1.3849999904632568 2.5962513159000273e-18
v -0.019586246460676193 1.4179999828338623 -0.008112888783216476
v -0.019586246460676193 1.3849999904632568 -0.008112888783216476
v -0.019586246460676193 1.4179999828338623 -0.008112888783216476
v -0.019586246460676193 1.3849999904632568 -0.008112888783216476
v -0.014990664087235928 1.4179999828338623 -0.014990664087235928
v -0.014990664087235928 1.3849999904632568 -0.014990664087235928
v -0.008112888783216476 1.4179999828338623 -0.019586246460676193
v -0.008112888783216476 1.3849999904632568 -0.019586246460676193
v -0.008112888783216476 1.4179999828338623 -0.019586246460676193
v -0.008112888783216476 1.3849999904632568 -0.019586246460676193
v -3.894376663657311e-18 1.4179999828338623 -0.021199999377131462
v -3.894376663657311e-18 1.3849999904632568 -0.021199999377131462
v 0.008112888783216476 1.4179999828338623 -0.019586246460676193
v 0.008112888783216476 1.3849999904632568 -0.019586246460676193
v 0.008112888783216476 1.4179999828338623 -0.019586246460676193
v 0.008112888783216476 1.3849999904632568 -0.019586246460676193
v 0.014990664087235928 1.4179999828338623 -0.014990664087235928
v 0.014990664087235928 1.3849999904632568 -0.014990664087235928
v 0.019586246460676193 1.4179999828338623 -0.008112888783216476
v 0.019586246460676193 1.3849999904632568 -0.008112888783216476
v 0.019586246460676193 1.4179999828338623 -0.008112888783216476
v 0.019586246460676193 1.3849999904632568 -0.008112888783216476
v 0.021199999377131462 1.4179999828338623 0
v 0.021199999377131462 1.3849999904632568 0
vt 0 0
vt 0 0.00430000014603138
vt 0.0625 0
vt 0.0625 0.00430000014603138
vt 0.125 0
vt 0.125 0.00430000014603138
vt 0.1875 0
vt 0.1875 0.00430000014603138
vt 0.25 0
vt 0.25 0.00430000014603138
vt 0.3125 0
vt 0.3125 0.00430000014603138
vt 0.375 0
vt 0.375 0.00430000014603138
vt 0.4375 0
vt 0.4375 0.00430000014603138
vt 0.5 0
vt 0.5 0.00430000014603138
vt 0.5625 0
vt 0.5625 0.00430000014603138
vt 0.625 0
vt 0.625 0.00430000014603138
vt 0.6875 0
vt 0.6875 0.00430000014603138
vt 0.75 0
vt 0.75 0.00430000014603138
vt 0.8125 0
vt 0.8125 0.00430000014603138
vt 0.875 0
vt 0.875 0.00430000014603138
vt 0.9375 0
vt 0.9375 0.00430000014603138
vt 1 0
vt 1 0.00430000014603138
vt 0 0.00430000014603138
vt 0 0.0052433982491493225
vt 0.0625 0.00430000014603138
vt 0.0625 0.0052433982491493225
vt 0.0625 0.00430000014603138
vt 0.0625 0.0052433982491493225
vt 0.125 0.00430000014603138
vt 0.125 0.0052433982491493225
vt 0.1875 0.00430000014603138
vt 0.1875 0.0052433982491493225
vt 0.1875 0.00430000014603138
vt 0.1875 0.0052433982491493225
vt 0.25 0.00430000014603138
vt 0.25 0.0052433982491493225
vt 0.25 0.00430000014603138
vt 0.25 0.0052433982491493225
vt 0.3125 0.00430000014603138
vt 0.3125 0.0052433982491493225
vt 0.3125 0.00430000014603138
vt 0.3125 0.0052433982491493225
vt 0.375 0.00430000014603138
vt 0.375 0.0052433982491493225
vt 0.4375 0.00430000014603138
vt 0.4375 0.0052433982491493225
vt 0.4375 0.00430000014603138
vt 0.4375 0.0052433982491493225
vt 0.5 0.00430000014603138
vt 0.5 0.0052433982491493225
vt 0.5 0.00430000014603138
vt 0.5 0.0052433982491493225
vt 0.5625 0.00430000014603138
vt 0.5625 0.0052433982491493225
vt 0.5625 0.00430000014603138
vt 0.5625 0.0052433982491493225
vt 0.625 0.00430000014603138
vt 0.625 0.0052433982491493225
vt 0.6875 0.00430000014603138
vt 0.6875 0.0052433982491493225
vt 0.6875 0.00430000014603138
vt 0.6875 0.0052433982491493225
vt 0.75 0.00430000014603138
vt 0.75 0.0052433982491493225
vt 0.75 0.00430000014603138
vt 0.75 0.0052433982491493225
vt 0.8125 0.00430000014603138
vt 0.8125 0.0052433982491493225
vt 0.8125 0.00430000014603138
vt 0.8125 0.0052433982491493225
vt 0.875 0.00430000014603138
vt 0.875 0.0052433982491493225
vt 0.9375 0.00430000014603138
vt 0.9375 0.0052433982491493225
vt 0.9375 0.00430000014603138
vt 0.9375 0.0052433982491493225
vt 1 0.00430000014603138
vt 1 0.0052433982491493225
vt 0 0.0052433982491493225
vt 0 0.011757996864616871
vt 0.0625 0.0052433982491493225
vt 0.0625 0.011757996864616871
vt 0.0625 0.0052433982491493225
vt 0.0625 0.011757996864616871
vt 0.125 0.0052433982491493225
vt 0.125 0.011757996864616871
vt 0.1875 0.0052433982491493225
vt 0.1875 0.011757996864616871
vt 0.1875 0.0052433982491493225
vt 0.1875 0.011757996864616871
vt 0.25 0.0052433982491493225
vt 0.25 0.011757996864616871
vt 0.25 0.0052433982491493225
vt 0.3125 0.0052433982491493225
vt 0.3125 0.011757996864616871
vt 0.3125 0.0052433982491493225
vt 0.3125 0.011757996864616871
vt 0.375 0.0052433982491493225
vt 0.375 0.011757996864616871
vt 0.4375 0.0052433982491493225
vt 0.4375 0.011757996864616871
vt 0.4375 0.0052433982491493225
vt 0.4375 0.011757996864616871
vt 0.5 0.0052433982491493225
vt 0.5 0.011757996864616871
vt 0.5 0.0052433982491493225
vt 0.5625 0.0052433982491493225
vt 0.5625 0.011757996864616871
vt 0.5625 0.0052433982491493225
vt 0.5625 0.011757996864616871
vt 0.625 0.0052433982491493225
vt 0.625 0.011757996864616871
vt 0.6875 0.0052433982491493225
vt 0.6875 0.011757996864616871
vt 0.6875 0.0052433982491493225
vt 0.6875 0.011757996864616871
vt 0.75 0.0052433982491493225
vt 0.75 0.011757996864616871
vt 0.75 0.0052433982491493225
vt 0.8125 0.0052433982491493225
vt 0.8125 0.011757996864616871
vt 0.8125 0.0052433982491493225
vt 0.8125 0.011757996864616871
vt 0.875 0.0052433982491493225
vt 0.875 0.011757996864616871
vt 0.9375 0.0052433982491493225
vt 0.9375 0.011757996864616871
vt 0.9375 0.0052433982491493225
vt 0.9375 0.011757996864616871
vt 1 0.0052433982491493225
vt 1 0.011757996864616871
vt 0 0.01317221112549305
vt 0.0625 0.01317221112549305
vt 0.0625 0.011757996864616871
vt 0.0625 0.01317221112549305
vt 0.125 0.01317221112549305
vt 0.1875 0.011757996864616871
vt 0.1875 0.01317221112549305
vt 0.1875 0.01317221112549305
vt 0.25 0.01317221112549305
vt 0.3125 0.01317221112549305
vt 0.3125 0.011757996864616871
vt 0.3125 0.01317221112549305
vt 0.375 0.01317221112549305
vt 0.4375 0.011757996864616871
vt 0.4375 0.01317221112549305
vt 0.4375 0.01317221112549305
vt 0.5 0.01317221112549305
vt 0.5625 0.01317221112549305
vt 0.5625 0.011757996864616871
vt 0.5625 0.01317221112549305
vt 0.625 0.01317221112549305
vt 0.6875 0.011757996864616871
vt 0.6875 0.01317221112549305
vt 0.6875 0.01317221112549305
vt 0.75 0.01317221112549305
vt 0.8125 0.01317221112549305
vt 0.8125 0.011757996864616871
vt 0.8125 0.01317221112549305
vt 0.875 0.01317221112549305
vt 0.9375 0.011757996864616871
vt 0.9375 0.01317221112549305
vt 0.9375 0.01317221112549305
vt 1 0.01317221112549305
vt 0 0.03517220914363861
vt 0.0625 0.03517220914363861
vt 0.0625 0.01317221112549305
vt 0.0625 0.03517220914363861
vt 0.125 0.03517220914363861
vt 0.1875 0.01317221112549305
vt 0.1875 0.03517220914363861
vt 0.1875 0.03517220914363861
vt 0.25 0.03517220914363861
vt 0.3125 0.03517220914363861
vt 0.3125 0.01317221112549305
vt 0.3125 0.03517220914363861
vt 0.375 0.03517220914363861
vt 0.4375 0.01317221112549305
vt 0.4375 0.03517220914363861
vt 0.4375 0.03517220914363861
vt 0.5 0.03517220914363861
vt 0.5625 0.03517220914363861
vt 0.5625 0.01317221112549305
vt 0.5625 0.03517220914363861
vt 0.625 0.03517220914363861
vt 0.6875 0.01317221112549305
vt 0.6875 0.03517220914363861
vt 0.6875 0.03517220914363861
vt 0.75 0.03517220914363861
vt 0.8125 0.03517220914363861
vt 0.8125 0.01317221112549305
vt 0.8125 0.03517220914363861
vt 0.875 0.03517220914363861
vt 0.9375 0.01317221112549305
vt 0.9375 0.03517220914363861
vt 0.9375 0.03517220914363861
vt 1 0.03517220914363861
vt 0 0.03517220914363861
vt 0 0.036586422473192215
vt 0.0625 0.03517220914363861
vt 0.0625 0.036586422473192215
vt 0.0625 0.03517220914363861
vt 0.0625 0.036586422473192215
vt 0.125 0.03517220914363861
vt 0.125 0.036586422473192215
vt 0.1875 0.03517220914363861
vt 0.1875 0.036586422473192215
vt 0.1875 0.03517220914363861
vt 0.1875 0.036586422473192215
vt 0.25 0.03517220914363861
vt 0.25 0.036586422473192215
vt 0.3125 0.03517220914363861
vt 0.3125 0.036586422473192215
vt 0.3125 0.03517220914363861
vt 0.3125 0.036586422473192215
vt 0.375 0.03517220914363861
vt 0.375 0.036586422473192215
vt 0.4375 0.03517220914363861
vt 0.4375 0.036586422473192215
vt 0.4375 0.03517220914363861
vt 0.4375 0.036586422473192215
vt 0.5 0.03517220914363861
vt 0.5 0.036586422473192215
vt 0.5625 0.03517220914363861
vt 0.5625 0.036586422473192215
vt 0.5625 0.03517220914363861
vt 0.5625 0.036586422473192215
vt 0.625 0.03517220914363861
vt 0.625 0.036586422473192215
vt 0.6875 0.03517220914363861
vt 0.6875 0.036586422473192215
vt 0.6875 0.03517220914363861
vt 0.6875 0.036586422473192215
vt 0.75 0.03517220914363861
vt 0.75 0.036586422473192215
vt 0.8125 0.03517220914363861
vt 0.8125 0.036586422473192215
vt 0.8125 0.03517220914363861
vt 0.8125 0.036586422473192215
vt 0.875 0.03517220914363861
vt 0.875 0.036586422473192215
vt 0.9375 0.03517220914363861
vt 0.9375 0.036586422473192215
vt 0.9375 0.03517220914363861
vt 0.9375 0.036586422473192215
vt 1 0.03517220914363861
vt 1 0.036586422473192215
vt 0 0.036586422473192215
vt 0 0.04278642311692238
vt 0.0625 0.036586422473192215
vt 0.0625 0.04278642311692238
vt 0.0625 0.036586422473192215
vt 0.0625 0.04278642311692238
vt 0.125 0.036586422473192215
vt 0.125 0.04278642311692238
vt 0.1875 0.036586422473192215
vt 0.1875 0.04278642311692238
vt 0.1875 0.036586422473192215
vt 0.1875 0.04278642311692238
vt 0.25 0.036586422473192215
vt 0.25 0.04278642311692238
vt 0.3125 0.036586422473192215
vt 0.3125 0.04278642311692238
vt 0.3125 0.036586422473192215
vt 0.3125 0.04278642311692238
vt 0.375 0.036586422473192215
vt 0.375 0.04278642311692238
vt 0.4375 0.036586422473192215
vt 0.4375 0.04278642311692238
vt 0.4375 0.036586422473192215
vt 0.4375 0.04278642311692238
vt 0.5 0.036586422473192215
vt 0.5 0.04278642311692238
vt 0.5625 0.036586422473192215
vt 0.5625 0.04278642311692238
vt 0.5625 0.036586422473192215
vt 0.5625 0.04278642311692238
vt 0.625 0.036586422473192215
vt 0.625 0.04278642311692238
vt 0.6875 0.036586422473192215
vt 0.6875 0.04278642311692238
vt 0.6875 0.036586422473192215
vt 0.6875 0.04278642311692238
vt 0.75 0.036586422473192215
vt 0.75 0.04278642311692238
vt 0.8125 0.036586422473192215
vt 0.8125 0.04278642311692238
vt 0.8125 0.036586422473192215
vt 0.8125 0.04278642311692238
vt 0.875 0.036586422473192215
vt 0.875 0.04278642311692238
vt 0.9375 0.036586422473192215
vt 0.9375 0.04278642311692238
vt 0.9375 0.036586422473192215
vt 0.9375 0.04278642311692238
vt 1 0.036586422473192215
vt 1 0.04278642311692238
vt 0 0.04278642311692238
vt 0 0.04391779378056526
vt 0.0625 0.04278642311692238
vt 0.0625 0.04391779378056526
vt 0.0625 0.04278642311692238
vt 0.0625 0.04391779378056526
vt 0.125 0.04278642311692238
vt 0.125 0.04391779378056526
vt 0.1875 0.04278642311692238
vt 0.1875 0.04391779378056526
vt 0.1875 0.04278642311692238
vt 0.1875 0.04391779378056526
vt 0.25 0.04278642311692238
vt 0.25 0.04391779378056526
vt 0.3125 0.04278642311692238
vt 0.3125 0.04391779378056526
vt 0.3125 0.04278642311692238
vt 0.3125 0.04391779378056526
vt 0.375 0.04278642311692238
vt 0.375 0.04391779378056526
vt 0.4375 0.04278642311692238
vt 0.4375 0.04391779378056526
vt 0.4375 0.04278642311692238
vt 0.4375 0.04391779378056526
vt 0.5 0.04278642311692238
vt 0.5 0.04391779378056526
vt 0.5625 0.04278642311692238
vt 0.5625 0.04391779378056526
vt 0.5625 0.04278642311692238
vt 0.5625 0.04391779378056526
vt 0.625 0.04278642311692238
vt 0.625 0.04391779378056526
vt 0.6875 0.04278642311692238
vt 0.6875 0.04391779378056526
vt 0.6875 0.04278642311692238
vt 0.6875 0.04391779378056526
vt 0.75 0.04278642311692238
vt 0.75 0.04391779378056526
vt 0.8125 0.04278642311692238
vt 0.8125 0.04391779378056526
vt 0.8125 0.04278642311692238
vt 0.8125 0.04391779378056526
vt 0.875 0.04278642311692238
vt 0.875 0.04391779378056526
vt 0.9375 0.04278642311692238
vt 0.9375 0.04391779378056526
vt 0.9375 0.04278642311692238
vt 0.9375 0.04391779378056526
vt 1 0.04278642311692238
vt 1 0.04391779378056526
vt 0 0.04391779378056526
vt 0 0.06081779673695564
vt 0.0625 0.04391779378056526
vt 0.0625 0.06081779673695564
vt 0.125 0.04391779378056526
vt 0.125 0.06081779673695564
vt 0.1875 0.04391779378056526
vt 0.1875 0.06081779673695564
vt 0.25 0.04391779378056526
vt 0.25 0.06081779673695564
vt 0.3125 0.04391779378056526
vt 0.3125 0.06081779673695564
vt 0.375 0.04391779378056526
vt 0.375 0.06081779673695564
vt 0.4375 0.04391779378056526
vt 0.4375 0.06081779673695564
vt 0.5 0.04391779378056526
vt 0.5 0.06081779673695564
vt 0.5625 0.04391779378056526
vt 0.5625 0.06081779673695564
vt 0.625 0.04391779378056526
vt 0.625 0.06081779673695564
vt 0.6875 0.04391779378056526
vt 0.6875 0.06081779673695564
vt 0.75 0.04391779378056526
vt 0.75 0.06081779673695564
vt 0.8125 0.04391779378056526
vt 0.8125 0.06081779673695564
vt 0.875 0.04391779378056526
vt 0.875 0.06081779673695564
vt 0.9375 0.04391779378056526
vt 0.9375 0.06081779673695564
vt 1 0.04391779378056526
vt 1 0.06081779673695564
vt 0 0.06081779673695564
vt 0 0.06581779569387436
vt 0.0625 0.06081779673695564
vt 0.0625 0.06581779569387436
vt 0.0625 0.06081779673695564
vt 0.0625 0.06581779569387436
vt 0.125 0.06081779673695564
vt 0.125 0.06581779569387436
vt 0.125 0.06081779673695564
vt 0.125 0.06581779569387436
vt 0.1875 0.06081779673695564
vt 0.1875 0.06581779569387436
vt 0.1875 0.06081779673695564
vt 0.1875 0.06581779569387436
vt 0.25 0.06081779673695564
vt 0.25 0.06581779569387436
vt 0.25 0.06081779673695564
vt 0.25 0.06581779569387436
vt 0.3125 0.06081779673695564
vt 0.3125 0.06581779569387436
vt 0.3125 0.06081779673695564
vt 0.3125 0.06581779569387436
vt 0.375 0.06081779673695564
vt 0.375 0.06581779569387436
vt 0.375 0.06081779673695564
vt 0.375 0.06581779569387436
vt 0.4375 0.06081779673695564
vt 0.4375 0.06581779569387436
vt 0.4375 0.06081779673695564
vt 0.4375 0.06581779569387436
vt 0.5 0.06081779673695564
vt 0.5 0.06581779569387436
vt 0.5 0.06081779673695564
vt 0.5 0.06581779569387436
vt 0.5625 0.06081779673695564
vt 0.5625 0.06581779569387436
vt 0.5625 0.06081779673695564
vt 0.5625 0.06581779569387436
vt 0.625 0.06081779673695564
vt 0.625 0.06581779569387436
vt 0.625 0.06081779673695564
vt 0.625 0.06581779569387436
vt 0.6875 0.06081779673695564
vt 0.6875 0.06581779569387436
vt 0.6875 0.06081779673695564
vt 0.6875 0.06581779569387436
vt 0.75 0.06081779673695564
vt 0.75 0.06581779569387436
vt 0.75 0.06081779673695564
vt 0.75 0.06581779569387436
vt 0.8125 0.06081779673695564
vt 0.8125 0.06581779569387436
vt 0.8125 0.06081779673695564
vt 0.8125 0.06581779569387436
vt 0.875 0.06081779673695564
vt 0.875 0.06581779569387436
vt 0.875 0.06081779673695564
vt 0.875 0.06581779569387436
vt 0.9375 0.06081779673695564
vt 0.9375 0.06581779569387436
vt 0.9375 0.06081779673695564
vt 0.9375 0.06581779569387436
vt 1 0.06081779673695564
vt 1 0.06581779569387436
vt 0 0.06581779569387436
vt 0 0.0807177945971489
vt 0.0625 0.06581779569387436
vt 0.0625 0.0807177945971489
vt 0.125 0.06581779569387436
vt 0.125 0.0807177945971489
vt 0.1875 0.06581779569387436
vt 0.1875 0.0807177945971489
vt 0.25 0.06581779569387436
vt 0.25 0.0807177945971489
vt 0.3125 0.06581779569387436
vt 0.3125 0.0807177945971489
vt 0.375 0.06581779569387436
vt 0.375 0.0807177945971489
vt 0.4375 0.06581779569387436
vt 0.4375 0.0807177945971489
vt 0.5 0.06581779569387436
vt 0.5 0.0807177945971489
vt 0.5625 0.06581779569387436
vt 0.5625 0.0807177945971489
vt 0.625 0.06581779569387436
vt 0.625 0.0807177945971489
vt 0.6875 0.06581779569387436
vt 0.6875 0.0807177945971489
vt 0.75 0.06581779569387436
vt 0.75 0.0807177945971489
vt 0.8125 0.06581779569387436
vt 0.8125 0.0807177945971489
vt 0.875 0.06581779569387436
vt 0.875 0.0807177945971489
vt 0.9375 0.06581779569387436
vt 0.9375 0.0807177945971489
vt 1 0.06581779569387436
vt 1 0.0807177945971489
vt 0 0.0807177945971489
vt 0 0
vt 0.0625 0.0807177945971489
vt 0.0625 0
vt 0.0625 0.0807177945971489
vt 0.0625 0
vt 0.125 0.0807177945971489
vt 0.125 0
vt 0.1875 0.0807177945971489
vt 0.1875 0
vt 0.1875 0.0807177945971489
vt 0.1875 0
vt 0.25 0.0807177945971489
vt 0.25 0
vt 0.3125 0.0807177945971489
vt 0.3125 0
vt 0.3125 0.0807177945971489
vt 0.3125 0
vt 0.375 0.0807177945971489
vt 0.375 0
vt 0.4375 0.0807177945971489
vt 0.4375 0
vt 0.4375 0.0807177945971489
vt 0.4375 0
vt 0.5 0.0807177945971489
vt 0.5 0
vt 0.5625 0.0807177945971489
vt 0.5625 0
vt 0.5625 0.0807177945971489
vt 0.5625 0
vt 0.625 0.0807177945971489
vt 0.625 0
vt 0.6875 0.0807177945971489
vt 0.6875 0
vt 0.6875 0.0807177945971489
vt 0.6875 0
vt 0.75 0.0807177945971489
vt 0.75 0
vt 0.8125 0.0807177945971489
vt 0.8125 0
vt 0.8125 0.0807177945971489
vt 0.8125 0
vt 0.875 0.0807177945971489
vt 0.875 0
vt 0.9375 0.0807177945971489
vt 0.9375 0
vt 0.9375 0.0807177945971489
vt 0.9375 0
vt 1 0.0807177945971489
vt 1 0
vn 0.5551380515098572 -0.8317582011222839 4.46013270760659e-9
vn 0.5551380515098572 -0.8317582011222839 4.46013270760659e-9
vn 0 -1 0
vn 0.5551380515098572 -0.8317582011222839 4.46013270760659e-9
vn 0.3403785228729248 -0.8765186667442322 0.3403785228729248
vn 0.3403785228729248 -0.8765186667442322 0.3403785228729248
vn 0 -1 0
vn -4.46013270760659e-9 -0.8317582011222839 0.5551380515098572
vn -4.46013270760659e-9 -0.8317582011222839 0.5551380515098572
vn -4.46013270760659e-9 -0.8317582011222839 0.5551380515098572
vn 0 -1 0
vn -4.46013270760659e-9 -0.8317582011222839 0.5551380515098572
vn -0.3403785228729248 -0.8765186667442322 0.3403785228729248
vn -0.3403785228729248 -0.8765186667442322 0.3403785228729248
vn 0 -1 0
vn -0.5551380515098572 -0.8317582011222839 -4.46013270760659e-9
vn -0.5551380515098572 -0.8317582011222839 -4.46013270760659e-9
vn -0.5551380515098572 -0.8317582011222839 -4.46013270760659e-9
vn 0 -1 0
vn -0.5551380515098572 -0.8317582011222839 -4.46013270760659e-9
vn -0.3403785228729248 -0.8765186667442322 -0.3403785228729248
vn -0.3403785228729248 -0.8765186667442322 -0.3403785228729248
vn 0 -1 0
vn 4.46013270760659e-9 -0.8317582011222839 -0.5551380515098572
vn 4.46013270760659e-9 -0.8317582011222839 -0.5551380515098572
vn 4.46013270760659e-9 -0.8317582011222839 -0.5551380515098572
vn 0 -1 0
vn 4.46013270760659e-9 -0.8317582011222839 -0.5551380515098572
vn 0.3403785228729248 -0.8765186667442322 -0.3403785228729248
vn 0.3403785228729248 -0.8765186667442322 -0.3403785228729248
vn 0 -1 0
vn 0.5551380515098572 -0.8317582011222839 4.46013270760659e-9
vn 0.5551380515098572 -0.8317582011222839 4.46013270760659e-9
vn 0.5551380515098572 -0.8317582011222839 4.46013270760659e-9
vn 0.7312108278274536 -0.6818946599960327 0.01871911808848381
vn 0.7312108278274536 -0.6818946599960327 0.01871911808848381
vn 0.7312108278274536 -0.6818946599960327 0.01871911808848381
vn 0.7312108278274536 -0.6818946599960327 0.01871911808848381
vn 0.6623697876930237 -0.7480933666229248 0.040281470865011215
vn 0.6623697876930237 -0.7480933666229248 0.040281470865011215
vn 0.4986419379711151 -0.7247591018676758 0.4754791557788849
vn 0.4986419379711151 -0.7247591018676758 0.4754791557788849
vn 0.05915914475917816 -0.7278339862823486 0.6831968426704407
vn 0.05915914475917816 -0.7278339862823486 0.6831968426704407
vn 0.036917999386787415 -0.6619073152542114 0.7486760020256042
vn 0.036917999386787415 -0.6619073152542114 0.7486760020256042
vn 0.036917999386787415 -0.6619073152542114 0.7486760020256042
vn 0.036917999386787415 -0.6619073152542114 0.7486760020256042
vn -0.01871911808848381 -0.6818946599960327 0.7312108278274536
vn -0.01871911808848381 -0.6818946599960327 0.7312108278274536
vn -0.01871911808848381 -0.6818946599960327 0.7312108278274536
vn -0.01871911808848381 -0.6818946599960327 0.7312108278274536
vn -0.040281470865011215 -0.7480933666229248 0.6623697876930237
vn -0.040281470865011215 -0.7480933666229248 0.6623697876930237
vn -0.4754791557788849 -0.7247591018676758 0.4986419379711151
vn -0.4754791557788849 -0.7247591018676758 0.4986419379711151
vn -0.6831968426704407 -0.7278339862823486 0.05915914475917816
vn -0.6831968426704407 -0.7278339862823486 0.05915914475917816
vn -0.7486760020256042 -0.6619073152542114 0.036917999386787415
vn -0.7486760020256042 -0.6619073152542114 0.036917999386787415
vn -0.7486760020256042 -0.6619073152542114 0.036917999386787415
vn -0.7486760020256042 -0.6619073152542114 0.036917999386787415
vn -0.7312108278274536 -0.6818946599960327 -0.01871911808848381
vn -0.7312108278274536 -0.6818946599960327 -0.01871911808848381
vn -0.7312108278274536 -0.6818946599960327 -0.01871911808848381
vn -0.7312108278274536 -0.6818946599960327 -0.01871911808848381
vn -0.6623697876930237 -0.7480933666229248 -0.040281470865011215
vn -0.6623697876930237 -0.7480933666229248 -0.040281470865011215
vn -0.4986419379711151 -0.7247591018676758 -0.4754791557788849
vn -0.4986419379711151 -0.7247591018676758 -0.4754791557788849
vn -0.05915914475917816 -0.7278339862823486 -0.6831968426704407
vn -0.05915914475917816 -0.7278339862823486 -0.6831968426704407
vn -0.036917999386787415 -0.6619073152542114 -0.7486760020256042
vn -0.036917999386787415 -0.6619073152542114 -0.7486760020256042
vn -0.036917999386787415 -0.6619073152542114 -0.7486760020256042
vn -0.036917999386787415 -0.6619073152542114 -0.7486760020256042
vn 0.01871911808848381 -0.6818946599960327 -0.7312108278274536
vn 0.01871911808848381 -0.6818946599960327 -0.7312108278274536
vn 0.01871911808848381 -0.6818946599960327 -0.7312108278274536
vn 0.01871911808848381 -0.6818946599960327 -0.7312108278274536
vn 0.040281470865011215 -0.7480933666229248 -0.6623697876930237
vn 0.040281470865011215 -0.7480933666229248 -0.6623697876930237
vn 0.4754791557788849 -0.7247591018676758 -0.4986419379711151
vn 0.4754791557788849 -0.7247591018676758 -0.4986419379711151
vn 0.6831968426704407 -0.7278339862823486 -0.05915914475917816
vn 0.6831968426704407 -0.7278339862823486 -0.05915914475917816
vn 0.7486760020256042 -0.6619073152542114 -0.036917999386787415
vn 0.7486760020256042 -0.6619073152542114 -0.036917999386787415
vn 0.7486760020256042 -0.6619073152542114 -0.036917999386787415
vn 0.7486760020256042 -0.6619073152542114 -0.036917999386787415
vn 0.9682618975639343 -0.24624070525169373 0.042829833924770355
vn 0.8796602487564087 0.4756019413471222 -0.0008034845814108849
vn 0.9682618975639343 -0.24624070525169373 0.042829833924770355
vn 0.8796602487564087 0.4756019413471222 -0.0008034845814108849
vn 0.9604813456535339 -0.18376792967319489 0.20905713737010956
vn 0.8767616152763367 0.4699711501598358 0.10206001251935959
vn 0.6959850192070007 -0.2741650342941284 0.6636553406715393
vn 0.6296661496162415 0.4566037654876709 0.6285169720649719
vn 0.23293942213058472 -0.15337875485420227 0.9603198170661926
vn 0.10339165478944778 0.46073323488235474 0.8814959526062012
vn 0.09341251850128174 -0.2453891932964325 0.9649136066436768
vn 0.0008034845814108849 0.4756019413471222 0.8796602487564087
vn 0.09341251850128174 -0.2453891932964325 0.9649136066436768
vn 0.0008034845814108849 0.4756019413471222 0.8796602487564087
vn -0.042829833924770355 -0.24624070525169373 0.9682618975639343
vn -0.042829833924770355 -0.24624070525169373 0.9682618975639343
vn 0.0008034845814108849 0.4756019413471222 0.8796602487564087
vn -0.20905713737010956 -0.18376792967319489 0.9604813456535339
vn -0.10206001251935959 0.4699711501598358 0.8767616152763367
vn -0.6636553406715393 -0.2741650342941284 0.6959850192070007
vn -0.6285169720649719 0.4566037654876709 0.6296661496162415
vn -0.9603198170661926 -0.15337875485420227 0.23293942213058472
vn -0.8814959526062012 0.46073323488235474 0.10339165478944778
vn -0.9649136066436768 -0.2453891932964325 0.09341251850128174
vn -0.8796602487564087 0.4756019413471222 0.0008034845814108849
vn -0.9649136066436768 -0.2453891932964325 0.09341251850128174
vn -0.8796602487564087 0.4756019413471222 0.0008034845814108849
vn -0.9682618975639343 -0.24624070525169373 -0.042829833924770355
vn -0.9682618975639343 -0.24624070525169373 -0.042829833924770355
vn -0.8796602487564087 0.4756019413471222 0.0008034845814108849
vn -0.9604813456535339 -0.18376792967319489 -0.20905713737010956
vn -0.8767616152763367 0.4699711501598358 -0.10206001251935959
vn -0.6959850192070007 -0.2741650342941284 -0.6636553406715393
vn -0.6296661496162415 0.4566037654876709 -0.6285169720649719
vn -0.23293942213058472 -0.15337875485420227 -0.9603198170661926
vn -0.10339165478944778 0.46073323488235474 -0.8814959526062012
vn -0.09341251850128174 -0.2453891932964325 -0.9649136066436768
vn -0.0008034845814108849 0.4756019413471222 -0.8796602487564087
vn -0.09341251850128174 -0.2453891932964325 -0.9649136066436768
vn -0.0008034845814108849 0.4756019413471222 -0.8796602487564087
vn 0.042829833924770355 -0.24624070525169373 -0.9682618975639343
vn 0.042829833924770355 -0.24624070525169373 -0.9682618975639343
vn -0.0008034845814108849 0.4756019413471222 -0.8796602487564087
vn 0.20905713737010956 -0.18376792967319489 -0.9604813456535339
vn 0.10206001251935959 0.4699711501598358 -0.8767616152763367
vn 0.6636553406715393 -0.2741650342941284 -0.6959850192070007
vn 0.6285169720649719 0.4566037654876709 -0.6296661496162415
vn 0.9603198170661926 -0.15337875485420227 -0.23293942213058472
vn 0.8814959526062012 0.46073323488235474 -0.10339165478944778
vn 0.9649136066436768 -0.2453891932964325 -0.09341251850128174
vn 0.8796602487564087 0.4756019413471222 -0.0008034845814108849
vn 0.9649136066436768 -0.2453891932964325 -0.09341251850128174
vn 0.8796602487564087 0.4756019413471222 -0.0008034845814108849
vn 0.8796602487564087 0.4756019413471222 -0.0008034845814108849
vn 0.8796602487564087 0.4756019413471222 -0.0008034845814108849
vn 0.8636548519134521 0.5011935830116272 0.053900137543678284
vn 0.8636548519134521 0.5011935830116272 0.053900137543678284
vn 0.6296661496162415 0.4566037654876709 0.6285169720649719
vn 0.05497488006949425 0.4930182993412018 0.868280291557312
vn 0.05497488006949425 0.4930182993412018 0.868280291557312
vn 0.0008034845814108849 0.4756019413471222 0.8796602487564087
vn 0.0008034845814108849 0.4756019413471222 0.8796602487564087
vn 0.0008034845814108849 0.4756019413471222 0.8796602487564087
vn -0.053900137543678284 0.5011935830116272 0.8636548519134521
vn -0.053900137543678284 0.5011935830116272 0.8636548519134521
vn -0.6285169720649719 0.4566037654876709 0.6296661496162415
vn -0.868280291557312 0.4930182993412018 0.05497488006949425
vn -0.868280291557312 0.4930182993412018 0.05497488006949425
vn -0.8796602487564087 0.4756019413471222 0.0008034845814108849
vn -0.8796602487564087 0.4756019413471222 0.0008034845814108849
vn -0.8796602487564087 0.4756019413471222 0.0008034845814108849
vn -0.8636548519134521 0.5011935830116272 -0.053900137543678284
vn -0.8636548519134521 0.5011935830116272 -0.053900137543678284
vn -0.6296661496162415 0.4566037654876709 -0.6285169720649719
vn -0.05497488006949425 0.4930182993412018 -0.868280291557312
vn -0.05497488006949425 0.4930182993412018 -0.868280291557312
vn -0.0008034845814108849 0.4756019413471222 -0.8796602487564087
vn -0.0008034845814108849 0.4756019413471222 -0.8796602487564087
vn -0.0008034845814108849 0.4756019413471222 -0.8796602487564087
vn 0.053900137543678284 0.5011935830116272 -0.8636548519134521
vn 0.053900137543678284 0.5011935830116272 -0.8636548519134521
vn 0.6285169720649719 0.4566037654876709 -0.6296661496162415
vn 0.868280291557312 0.4930182993412018 -0.05497488006949425
vn 0.868280291557312 0.4930182993412018 -0.05497488006949425
vn 0.8796602487564087 0.4756019413471222 -0.0008034845814108849
vn 0.8796602487564087 0.4756019413471222 -0.0008034845814108849
vn 0.9157195091247559 -0.40181803703308105 2.7703067617679267e-10
vn 0.9157195091247559 -0.40181803703308105 2.7703067617679267e-10
vn 0.8767616152763367 0.4699711501598358 0.10206001251935959
vn 0.9135481715202332 -0.39247265458106995 0.10674697160720825
vn 0.6527450680732727 -0.3845098614692688 0.6527450680732727
vn 0.10339165478944778 0.46073323488235474 0.8814959526062012
vn 0.10674697160720825 -0.39247265458106995 0.9135481715202332
vn -2.7703064842121705e-10 -0.40181803703308105 0.9157195091247559
vn -2.7703064842121705e-10 -0.40181803703308105 0.9157195091247559
vn -2.7703064842121705e-10 -0.40181803703308105 0.9157195091247559
vn -0.10206001251935959 0.4699711501598358 0.8767616152763367
vn -0.10674697160720825 -0.39247265458106995 0.9135481715202332
vn -0.6527450680732727 -0.3845098614692688 0.6527450680732727
vn -0.8814959526062012 0.46073323488235474 0.10339165478944778
vn -0.9135481715202332 -0.39247265458106995 0.10674697160720825
vn -0.9157195091247559 -0.40181803703308105 -2.7703062066564144e-10
vn -0.9157195091247559 -0.40181803703308105 -2.7703062066564144e-10
vn -0.9157195091247559 -0.40181803703308105 -2.7703062066564144e-10
vn -0.8767616152763367 0.4699711501598358 -0.10206001251935959
vn -0.9135481715202332 -0.39247265458106995 -0.10674697160720825
vn -0.6527450680732727 -0.3845098614692688 -0.6527450680732727
vn -0.10339165478944778 0.46073323488235474 -0.8814959526062012
vn -0.10674697160720825 -0.39247265458106995 -0.9135481715202332
vn 2.7703062066564144e-10 -0.40181803703308105 -0.9157195091247559
vn 2.7703062066564144e-10 -0.40181803703308105 -0.9157195091247559
vn 2.7703062066564144e-10 -0.40181803703308105 -0.9157195091247559
vn 0.10206001251935959 0.4699711501598358 -0.8767616152763367
vn 0.10674697160720825 -0.39247265458106995 -0.9135481715202332
vn 0.6527450680732727 -0.3845098614692688 -0.6527450680732727
vn 0.8814959526062012 0.46073323488235474 -0.10339165478944778
vn 0.9135481715202332 -0.39247265458106995 -0.10674697160720825
vn 0.9157195091247559 -0.40181803703308105 2.7703067617679267e-10
vn 0.9157195091247559 -0.40181803703308105 2.7703067617679267e-10
vn 0.8787097334861755 -0.47735652327537537 2.6583418799575043e-10
vn 0.8787097334861755 -0.47735652327537537 2.6583418799575043e-10
vn 0.8787097334861755 -0.47735652327537537 2.6583418799575043e-10
vn 0.8787097334861755 -0.47735652327537537 2.6583418799575043e-10
vn 0.8581373691558838 -0.5105160474777222 0.054531317204236984
vn 0.8581373691558838 -0.5105160474777222 0.054531317204236984
vn 0.5754818916320801 -0.5810689330101013 0.5754818916320801
vn 0.5754818916320801 -0.5810689330101013 0.5754818916320801
vn 0.054531317204236984 -0.5105160474777222 0.8581373691558838
vn 0.054531317204236984 -0.5105160474777222 0.8581373691558838
vn -2.658341602401748e-10 -0.47735652327537537 0.8787097334861755
vn -2.658341602401748e-10 -0.47735652327537537 0.8787097334861755
vn -2.658341602401748e-10 -0.47735652327537537 0.8787097334861755
vn -2.658341602401748e-10 -0.47735652327537537 0.8787097334861755
vn -2.658341602401748e-10 -0.47735652327537537 0.8787097334861755
vn -2.658341602401748e-10 -0.47735652327537537 0.8787097334861755
vn -0.054531317204236984 -0.5105160474777222 0.8581373691558838
vn -0.054531317204236984 -0.5105160474777222 0.8581373691558838
vn -0.5754818916320801 -0.5810689330101013 0.5754818916320801
vn -0.5754818916320801 -0.5810689330101013 0.5754818916320801
vn -0.8581373691558838 -0.5105160474777222 0.054531317204236984
vn -0.8581373691558838 -0.5105160474777222 0.054531317204236984
vn -0.8787097334861755 -0.47735652327537537 -2.658341324845992e-10
vn -0.8787097334861755 -0.47735652327537537 -2.658341324845992e-10
vn -0.8787097334861755 -0.47735652327537537 -2.658341324845992e-10
vn -0.8787097334861755 -0.47735652327537537 -2.658341324845992e-10
vn -0.8787097334861755 -0.47735652327537537 -2.658341324845992e-10
vn -0.8787097334861755 -0.47735652327537537 -2.658341324845992e-10
vn -0.8581373691558838 -0.5105160474777222 -0.054531317204236984
vn -0.8581373691558838 -0.5105160474777222 -0.054531317204236984
vn -0.5754818916320801 -0.5810689330101013 -0.5754818916320801
vn -0.5754818916320801 -0.5810689330101013 -0.5754818916320801
vn -0.054531317204236984 -0.5105160474777222 -0.8581373691558838
vn -0.054531317204236984 -0.5105160474777222 -0.8581373691558838
vn 2.658341047290236e-10 -0.47735652327537537 -0.8787097334861755
vn 2.658341047290236e-10 -0.47735652327537537 -0.8787097334861755
vn 2.658341047290236e-10 -0.47735652327537537 -0.8787097334861755
vn 2.658341047290236e-10 -0.47735652327537537 -0.8787097334861755
vn 2.658341047290236e-10 -0.47735652327537537 -0.8787097334861755
vn 2.658341047290236e-10 -0.47735652327537537 -0.8787097334861755
vn 0.054531317204236984 -0.5105160474777222 -0.8581373691558838
vn 0.054531317204236984 -0.5105160474777222 -0.8581373691558838
vn 0.5754818916320801 -0.5810689330101013 -0.5754818916320801
vn 0.5754818916320801 -0.5810689330101013 -0.5754818916320801
vn 0.8581373691558838 -0.5105160474777222 -0.054531317204236984
vn 0.8581373691558838 -0.5105160474777222 -0.054531317204236984
vn 0.8787097334861755 -0.47735652327537537 2.6583418799575043e-10
vn 0.8787097334861755 -0.47735652327537537 2.6583418799575043e-10
vn 0.8787097334861755 -0.47735652327537537 2.6583418799575043e-10
vn 0.8787097334861755 -0.47735652327537537 2.6583418799575043e-10
vn 0.9157195091247559 -0.40181803703308105 2.7703067617679267e-10
vn 0.849845826625824 0.5265200734138489 0.023208877071738243
vn 0.9157195091247559 -0.40181803703308105 2.7703067617679267e-10
vn 0.849845826625824 0.5265200734138489 0.023208877071738243
vn 0.9135481715202332 -0.39247265458106995 0.10674697160720825
vn 0.8550677299499512 0.5065032839775085 0.11096689850091934
vn 0.6527450680732727 -0.3845098614692688 0.6527450680732727
vn 0.5927038788795471 0.5067978501319885 0.6259856820106506
vn 0.10674697160720825 -0.39247265458106995 0.9135481715202332
vn 0.08738847821950912 0.5258393287658691 0.846082866191864
vn -2.7703064842121705e-10 -0.40181803703308105 0.9157195091247559
vn -0.023208877071738243 0.5265200734138489 0.849845826625824
vn -2.7703064842121705e-10 -0.40181803703308105 0.9157195091247559
vn -0.023208877071738243 0.5265200734138489 0.849845826625824
vn -2.7703064842121705e-10 -0.40181803703308105 0.9157195091247559
vn -0.023208877071738243 0.5265200734138489 0.849845826625824
vn -0.10674697160720825 -0.39247265458106995 0.9135481715202332
vn -0.11096689850091934 0.5065032839775085 0.8550677299499512
vn -0.6527450680732727 -0.3845098614692688 0.6527450680732727
vn -0.6259856820106506 0.5067978501319885 0.5927038788795471
vn -0.9135481715202332 -0.39247265458106995 0.10674697160720825
vn -0.846082866191864 0.5258393287658691 0.08738847821950912
vn -0.9157195091247559 -0.40181803703308105 -2.7703062066564144e-10
vn -0.849845826625824 0.5265200734138489 -0.023208877071738243
vn -0.9157195091247559 -0.40181803703308105 -2.7703062066564144e-10
vn -0.849845826625824 0.5265200734138489 -0.023208877071738243
vn -0.9157195091247559 -0.40181803703308105 -2.7703062066564144e-10
vn -0.849845826625824 0.5265200734138489 -0.023208877071738243
vn -0.9135481715202332 -0.39247265458106995 -0.10674697160720825
vn -0.8550677299499512 0.5065032839775085 -0.11096689850091934
vn -0.6527450680732727 -0.3845098614692688 -0.6527450680732727
vn -0.5927038788795471 0.5067978501319885 -0.6259856820106506
vn -0.10674697160720825 -0.39247265458106995 -0.9135481715202332
vn -0.08738847821950912 0.5258393287658691 -0.846082866191864
vn 2.7703062066564144e-10 -0.40181803703308105 -0.9157195091247559
vn 0.023208877071738243 0.5265200734138489 -0.849845826625824
vn 2.7703062066564144e-10 -0.40181803703308105 -0.9157195091247559
vn 0.023208877071738243 0.5265200734138489 -0.849845826625824
vn 2.7703062066564144e-10 -0.40181803703308105 -0.9157195091247559
vn 0.023208877071738243 0.5265200734138489 -0.849845826625824
vn 0.10674697160720825 -0.39247265458106995 -0.9135481715202332
vn 0.11096689850091934 0.5065032839775085 -0.8550677299499512
vn 0.6527450680732727 -0.3845098614692688 -0.6527450680732727
vn 0.6259856820106506 0.5067978501319885 -0.5927038788795471
vn 0.9135481715202332 -0.39247265458106995 -0.10674697160720825
vn 0.846082866191864 0.5258393287658691 -0.08738847821950912
vn 0.9157195091247559 -0.40181803703308105 2.7703067617679267e-10
vn 0.849845826625824 0.5265200734138489 0.023208877071738243
vn 0.9157195091247559 -0.40181803703308105 2.7703067617679267e-10
vn 0.849845826625824 0.5265200734138489 0.023208877071738243
vn 0.6854327321052551 0.7278953194618225 0.018718833103775978
vn 0.6854327321052551 0.7278953194618225 0.018718833103775978
vn 0.6854327321052551 0.7278953194618225 0.018718833103775978
vn 0.6854327321052551 0.7278953194618225 0.018718833103775978
vn 0.6697784066200256 0.7415807843208313 0.03814154863357544
vn 0.6697784066200256 0.7415807843208313 0.03814154863357544
vn 0.4842998683452606 0.7098076939582825 0.511494517326355
vn 0.4842998683452606 0.7098076939582825 0.511494517326355
vn 0.019448934122920036 0.7562857866287231 0.6539522409439087
vn 0.019448934122920036 0.7562857866287231 0.6539522409439087
vn -0.018718833103775978 0.7278953194618225 0.6854327321052551
vn -0.018718833103775978 0.7278953194618225 0.6854327321052551
vn -0.018718833103775978 0.7278953194618225 0.6854327321052551
vn -0.018718833103775978 0.7278953194618225 0.6854327321052551
vn -0.018718833103775978 0.7278953194618225 0.6854327321052551
vn -0.018718833103775978 0.7278953194618225 0.6854327321052551
vn -0.03814154863357544 0.7415807843208313 0.6697784066200256
vn -0.03814154863357544 0.7415807843208313 0.6697784066200256
vn -0.511494517326355 0.7098076939582825 0.4842998683452606
vn -0.511494517326355 0.7098076939582825 0.4842998683452606
vn -0.6539522409439087 0.7562857866287231 0.019448934122920036
vn -0.6539522409439087 0.7562857866287231 0.019448934122920036
vn -0.6854327321052551 0.7278953194618225 -0.018718833103775978
vn -0.6854327321052551 0.7278953194618225 -0.018718833103775978
vn -0.6854327321052551 0.7278953194618225 -0.018718833103775978
vn -0.6854327321052551 0.7278953194618225 -0.018718833103775978
vn -0.6854327321052551 0.7278953194618225 -0.018718833103775978
vn -0.6854327321052551 0.7278953194618225 -0.018718833103775978
vn -0.6697784066200256 0.7415807843208313 -0.03814154863357544
vn -0.6697784066200256 0.7415807843208313 -0.03814154863357544
vn -0.4842998683452606 0.7098076939582825 -0.511494517326355
vn -0.4842998683452606 0.7098076939582825 -0.511494517326355
vn -0.019448934122920036 0.7562857866287231 -0.6539522409439087
vn -0.019448934122920036 0.7562857866287231 -0.6539522409439087
vn 0.018718833103775978 0.7278953194618225 -0.6854327321052551
vn 0.018718833103775978 0.7278953194618225 -0.6854327321052551
vn 0.018718833103775978 0.7278953194618225 -0.6854327321052551
vn 0.018718833103775978 0.7278953194618225 -0.6854327321052551
vn 0.018718833103775978 0.7278953194618225 -0.6854327321052551
vn 0.018718833103775978 0.7278953194618225 -0.6854327321052551
vn 0.03814154863357544 0.7415807843208313 -0.6697784066200256
vn 0.03814154863357544 0.7415807843208313 -0.6697784066200256
vn 0.511494517326355 0.7098076939582825 -0.4842998683452606
vn 0.511494517326355 0.7098076939582825 -0.4842998683452606
vn 0.6539522409439087 0.7562857866287231 -0.019448934122920036
vn 0.6539522409439087 0.7562857866287231 -0.019448934122920036
vn 0.6854327321052551 0.7278953194618225 0.018718833103775978
vn 0.6854327321052551 0.7278953194618225 0.018718833103775978
vn 0.6854327321052551 0.7278953194618225 0.018718833103775978
vn 0.6854327321052551 0.7278953194618225 0.018718833103775978
vn 0.48447495698928833 0.8748051524162292 1.4228336564503508e-10
vn 0 1 0
vn 0.48447495698928833 0.8748051524162292 1.4228336564503508e-10
vn 0 1 0
vn 0.3563281297683716 0.8637479543685913 0.3563281297683716
vn 0 1 0
vn -1.4228336564503508e-10 0.8748051524162292 0.48447495698928833
vn 0 1 0
vn -1.4228336564503508e-10 0.8748051524162292 0.48447495698928833
vn 0 1 0
vn -1.4228336564503508e-10 0.8748051524162292 0.48447495698928833
vn 0 1 0
vn -0.3563281297683716 0.8637479543685913 0.3563281297683716
vn 0 1 0
vn -0.48447495698928833 0.8748051524162292 -1.4228333788945946e-10
vn 0 1 0
vn -0.48447495698928833 0.8748051524162292 -1.4228333788945946e-10
vn 0 1 0
vn -0.48447495698928833 0.8748051524162292 -1.4228333788945946e-10
vn 0 1 0
vn -0.3563281297683716 0.8637479543685913 -0.3563281297683716
vn 0 1 0
vn 1.4228333788945946e-10 0.8748051524162292 -0.48447495698928833
vn 0 1 0
vn 1.4228333788945946e-10 0.8748051524162292 -0.48447495698928833
vn 0 1 0
vn 1.4228333788945946e-10 0.8748051524162292 -0.48447495698928833
vn 0 1 0
vn 0.3563281297683716 0.8637479543685913 -0.3563281297683716
vn 0 1 0
vn 0.48447495698928833 0.8748051524162292 1.4228336564503508e-10
vn 0 1 0
vn 0.48447495698928833 0.8748051524162292 1.4228336564503508e-10
vn 0 1 0
vn -0.9807852506637573 0 -0.19509033858776093
vn -0.9807852506637573 0 -0.19509033858776093
vn -0.9807852506637573 0 -0.19509033858776093
vn -0.9807852506637573 0 -0.19509033858776093
vn -0.8314695954322815 0 -0.5555702447891235
vn -0.8314695954322815 0 -0.5555702447891235
vn -0.8314695954322815 0 -0.5555702447891235
vn -0.8314695954322815 0 -0.5555702447891235
vn -0.5555702447891235 0 -0.8314695954322815
vn -0.5555702447891235 0 -0.8314695954322815
vn -0.5555702447891235 0 -0.8314695954322815
vn -0.5555702447891235 0 -0.8314695954322815
vn -0.19509033858776093 0 -0.9807852506637573
vn -0.19509033858776093 0 -0.9807852506637573
vn -0.19509033858776093 0 -0.9807852506637573
vn -0.19509033858776093 0 -0.9807852506637573
vn 0.19509033858776093 0 -0.9807852506637573
vn 0.19509033858776093 0 -0.9807852506637573
vn 0.19509033858776093 0 -0.9807852506637573
vn 0.19509033858776093 0 -0.9807852506637573
vn 0.5555702447891235 0 -0.8314695954322815
vn 0.5555702447891235 0 -0.8314695954322815
vn 0.5555702447891235 0 -0.8314695954322815
vn 0.5555702447891235 0 -0.8314695954322815
vn 0.8314695954322815 0 -0.5555702447891235
vn 0.8314695954322815 0 -0.5555702447891235
vn 0.8314695954322815 0 -0.5555702447891235
vn 0.8314695954322815 0 -0.5555702447891235
vn 0.9807852506637573 0 -0.19509033858776093
vn 0.9807852506637573 0 -0.19509033858776093
vn 0.9807852506637573 0 -0.19509033858776093
vn 0.9807852506637573 0 -0.19509033858776093
vn 0.9807852506637573 0 0.19509033858776093
vn 0.9807852506637573 0 0.19509033858776093
vn 0.9807852506637573 0 0.19509033858776093
vn 0.9807852506637573 0 0.19509033858776093
vn 0.8314695954322815 0 0.5555702447891235
vn 0.8314695954322815 0 0.5555702447891235
vn 0.8314695954322815 0 0.5555702447891235
vn 0.8314695954322815 0 0.5555702447891235
vn 0.5555702447891235 0 0.8314695954322815
vn 0.5555702447891235 0 0.8314695954322815
vn 0.5555702447891235 0 0.8314695954322815
vn 0.5555702447891235 0 0.8314695954322815
vn 0.19509033858776093 0 0.9807852506637573
vn 0.19509033858776093 0 0.9807852506637573
vn 0.19509033858776093 0 0.9807852506637573
vn 0.19509033858776093 0 0.9807852506637573
vn -0.19509033858776093 0 0.9807852506637573
vn -0.19509033858776093 0 0.9807852506637573
vn -0.19509033858776093 0 0.9807852506637573
vn -0.19509033858776093 0 0.9807852506637573
vn -0.5555702447891235 0 0.8314695954322815
vn -0.5555702447891235 0 0.8314695954322815
vn -0.5555702447891235 0 0.8314695954322815
vn -0.5555702447891235 0 0.8314695954322815
vn -0.8314695954322815 0 0.5555702447891235
vn -0.8314695954322815 0 0.5555702447891235
vn -0.8314695954322815 0 0.5555702447891235
vn -0.8314695954322815 0 0.5555702447891235
vn -0.9807852506637573 0 0.19509033858776093
vn -0.9807852506637573 0 0.19509033858776093
vn -0.9807852506637573 0 0.19509033858776093
vn -0.9807852506637573 0 0.19509033858776093
vn 0 -1 0
vn 0.6084890961647034 -0.7935622334480286 1.3716446034539587e-10
vn 0 -1 0
vn 0 -1 0
vn 0 -1 0
vn 0.356334388256073 -0.8637427687644958 0.356334388256073
vn 0 -1 0
vn 0 -1 0
vn 0 -1 0
vn -1.3716443258982025e-10 -0.7935622334480286 0.6084890961647034
vn 0 -1 0
vn 0 -1 0
vn 0 -1 0
vn -0.356334388256073 -0.8637427687644958 0.356334388256073
vn 0 -1 0
vn 0 -1 0
vn 0 -1 0
vn -0.6084890961647034 -0.7935622334480286 -1.3716443258982025e-10
vn 0 -1 0
vn 0 -1 0
vn 0 -1 0
vn -0.356334388256073 -0.8637427687644958 -0.356334388256073
vn 0 -1 0
vn 0 -1 0
vn 0 -1 0
vn 1.3716443258982025e-10 -0.7935622334480286 -0.6084890961647034
vn 0 -1 0
vn 0 -1 0
vn 0 -1 0
vn 0.356334388256073 -0.8637427687644958 -0.356334388256073
vn 0 -1 0
vn 0 -1 0
vn 0 -1 0
vn 0.6084890961647034 -0.7935622334480286 1.3716446034539587e-10
vn -0.997809112071991 0 0.06615881621837616
vn -0.997809112071991 0 -0.06615881621837616
vn -0.997809112071991 0 0.06615887582302094
vn -0.997809112071991 0 -0.06615887582302094
vn -0.9807853102684021 0 -0.19509027898311615
vn -0.9807852506637573 0 -0.19509033858776093
vn -0.7523389458656311 0 -0.6587762236595154
vn -0.6587762236595154 0 -0.7523389458656311
vn -0.19509033858776093 0 -0.9807852506637573
vn -0.19509027898311615 0 -0.9807853102684021
vn -0.06615887582302094 0 -0.997809112071991
vn 0.06615887582302094 0 -0.997809112071991
vn -0.06615881621837616 0 -0.997809112071991
vn 0.06615881621837616 0 -0.997809112071991
vn -0.06615887582302094 0 -0.997809112071991
vn 0.06615887582302094 0 -0.997809112071991
vn 0.19509027898311615 0 -0.9807853102684021
vn 0.19509033858776093 0 -0.9807852506637573
vn 0.6587762236595154 0 -0.7523389458656311
vn 0.7523389458656311 0 -0.6587762236595154
vn 0.9807852506637573 0 -0.19509033858776093
vn 0.9807853102684021 0 -0.19509027898311615
vn 0.997809112071991 0 -0.06615887582302094
vn 0.997809112071991 0 0.06615887582302094
vn 0.997809112071991 0 -0.06615881621837616
vn 0.997809112071991 0 0.06615881621837616
vn 0.997809112071991 0 -0.06615887582302094
vn 0.997809112071991 0 0.06615887582302094
vn 0.9807853102684021 0 0.19509027898311615
vn 0.9807852506637573 0 0.19509033858776093
vn 0.7523389458656311 0 0.6587762236595154
vn 0.6587762236595154 0 0.7523389458656311
vn 0.19509033858776093 0 0.9807852506637573
vn 0.19509027898311615 0 0.9807853102684021
vn 0.06615887582302094 0 0.997809112071991
vn -0.06615887582302094 0 0.997809112071991
vn 0.06615881621837616 0 0.997809112071991
vn -0.06615881621837616 0 0.997809112071991
vn 0.06615887582302094 0 0.997809112071991
vn -0.06615887582302094 0 0.997809112071991
vn -0.19509027898311615 0 0.9807853102684021
vn -0.19509033858776093 0 0.9807852506637573
vn -0.6587762236595154 0 0.7523389458656311
vn -0.7523389458656311 0 0.6587762236595154
vn -0.9807852506637573 0 0.19509033858776093
vn -0.9807853102684021 0 0.19509027898311615
vn -0.997809112071991 0 0.06615887582302094
vn -0.997809112071991 0 -0.06615887582302094
vn -0.997809112071991 0 0.06615881621837616
vn -0.997809112071991 0 -0.06615881621837616
f 932/932/932 933/933/933 934/934/934
f 934/934/934 933/933/933 935/935/935
f 934/934/934 935/935/935 936/936/936
f 936/936/936 935/935/935 937/937/937
f 936/936/936 937/937/937 938/938/938
f 938/938/938 937/937/937 939/939/939
f 938/938/938 939/939/939 940/940/940
f 940/940/940 939/939/939 941/941/941
f 940/940/940 941/941/941 942/942/942
f 942/942/942 941/941/941 943/943/943
f 942/942/942 943/943/943 944/944/944
f 944/944/944 943/943/943 945/945/945
f 944/944/944 945/945/945 946/946/946
f 946/946/946 945/945/945 947/947/947
f 946/946/946 947/947/947 948/948/948
f 948/948/948 947/947/947 949/949/949
f 948/948/948 949/949/949 950/950/950
f 950/950/950 949/949/949 951/951/951
f 950/950/950 951/951/951 952/952/952
f 952/952/952 951/951/951 953/953/953
f 952/952/952 953/953/953 954/954/954
f 954/954/954 953/953/953 955/955/955
f 954/954/954 955/955/955 956/956/956
f 956/956/956 955/955/955 957/957/957
f 956/956/956 957/957/957 958/958/958
f 958/958/958 957/957/957 959/959/959
f 958/958/958 959/959/959 960/960/960
f 960/960/960 959/959/959 961/961/961
f 960/960/960 961/961/961 962/962/962
f 962/962/962 961/961/961 963/963/963
f 962/962/962 963/963/963 964/964/964
f 964/964/964 963/963/963 965/965/965
f 966/966/966 967/967/967 968/968/968
f 968/968/968 967/967/967 969/969/969
f 970/970/970 971/971/971 972/972/972
f 972/972/972 971/971/971 973/973/973
f 972/972/972 973/973/973 974/974/974
f 974/974/974 973/973/973 975/975/975
f 976/976/976 977/977/977 978/978/978
f 978/978/978 977/977/977 979/979/979
f 980/980/980 981/981/981 982/982/982
f 982/982/982 981/981/981 983/983/983
f 984/984/984 985/985/985 986/986/986
f 986/986/986 985/985/985 987/987/987
f 986/986/986 987/987/987 988/988/988
f 988/988/988 987/987/987 989/989/989
f 990/990/990 991/991/991 992/992/992
f 992/992/992 991/991/991 993/993/993
f 994/994/994 995/995/995 996/996/996
f 996/996/996 995/995/995 997/997/997
f 998/998/998 999/999/999 1000/1000/1000
f 1000/1000/1000 999/999/999 1001/1001/1001
f 1000/1000/1000 1001/1001/1001 1002/1002/1002
f 1002/1002/1002 1001/1001/1001 1003/1003/1003
f 1004/1004/1004 1005/1005/1005 1006/1006/1006
f 1006/1006/1006 1005/1005/1005 1007/1007/1007
f 1008/1008/1008 1009/1009/1009 1010/1010/1010
f 1010/1010/1010 1009/1009/1009 1011/1011/1011
f 1012/1012/1012 1013/1013/1013 1014/1014/1014
f 1014/1014/1014 1013/1013/1013 1015/1015/1015
f 1014/1014/1014 1015/1015/1015 1016/1016/1016
f 1016/1016/1016 1015/1015/1015 1017/1017/1017
f 1018/1018/1018 1019/1019/1019 1020/1020/1020
f 1020/1020/1020 1019/1019/1019 1021/1021/1021
f 1022/1022/1022 1023/1023/1023 1024/1024/1024
f 1024/1024/1024 1023/1023/1023 1025/1025/1025
f 1026/1026/1026 1027/1027/1027 1028/1028/1028
f 1028/1028/1028 1027/1027/1027 1029/1029/1029
f 1028/1028/1028 1029/1029/1029 1030/1030/1030
f 1030/1030/1030 1029/1029/1029 1031/1031/1031
f 1032/1032/1032 1033/1033/1033 1034/1034/1034
f 1034/1034/1034 1033/1033/1033 1035/1035/1035
f 1036/1036/1036 1035/1035/1035 1037/1037/1037
f 1037/1037/1037 1035/1035/1035 1038/1038/1038
f 1039/1039/1039 1040/1040/1040 1041/1041/1041
f 1041/1041/1041 1040/1040/1040 1042/1042/1042
f 1041/1041/1041 1042/1042/1042 1043/1043/1043
f 1043/1043/1043 1042/1042/1042 1044/1044/1044
f 1045/1045/1045 1046/1046/1046 1047/1047/1047
f 1047/1047/1047 1046/1046/1046 1048/1048/1048
f 1049/1049/1049 1048/1048/1048 1050/1050/1050
f 1050/1050/1050 1048/1048/1048 1051/1051/1051
f 1052/1052/1052 1053/1053/1053 1054/1054/1054
f 1054/1054/1054 1053/1053/1053 1055/1055/1055
f 1054/1054/1054 1055/1055/1055 1056/1056/1056
f 1056/1056/1056 1055/1055/1055 1057/1057/1057
f 1058/1058/1058 1059/1059/1059 1060/1060/1060
f 1060/1060/1060 1059/1059/1059 1061/1061/1061
f 1062/1062/1062 1061/1061/1061 1063/1063/1063
f 1063/1063/1063 1061/1061/1061 1064/1064/1064
f 1065/1065/1065 1066/1066/1066 1067/1067/1067
f 1067/1067/1067 1066/1066/1066 1068/1068/1068
f 1067/1067/1067 1068/1068/1068 1069/1069/1069
f 1069/1069/1069 1068/1068/1068 1070/1070/1070
f 1071/1071/1071 1072/1072/1072 1073/1073/1073
f 1073/1073/1073 1072/1072/1072 1074/1074/1074
f 1023/1023/1023 1075/1075/1075 1025/1025/1025
f 1025/1025/1025 1075/1075/1075 1076/1076/1076
f 1077/1077/1077 1078/1078/1078 1029/1029/1029
f 1029/1029/1029 1078/1078/1078 1079/1079/1079
f 1029/1029/1029 1079/1079/1079 1080/1080/1080
f 1080/1080/1080 1079/1079/1079 1081/1081/1081
f 1033/1033/1033 1082/1082/1082 1035/1035/1035
f 1035/1035/1035 1082/1082/1082 1083/1083/1083
f 1035/1035/1035 1083/1083/1083 1038/1038/1038
f 1038/1038/1038 1083/1083/1083 1084/1084/1084
f 1085/1085/1085 1086/1086/1086 1042/1042/1042
f 1042/1042/1042 1086/1086/1086 1087/1087/1087
f 1042/1042/1042 1087/1087/1087 1088/1088/1088
f 1088/1088/1088 1087/1087/1087 1089/1089/1089
f 1046/1046/1046 1090/1090/1090 1048/1048/1048
f 1048/1048/1048 1090/1090/1090 1091/1091/1091
f 1048/1048/1048 1091/1091/1091 1051/1051/1051
f 1051/1051/1051 1091/1091/1091 1092/1092/1092
f 1093/1093/1093 1094/1094/1094 1055/1055/1055
f 1055/1055/1055 1094/1094/1094 1095/1095/1095
f 1055/1055/1055 1095/1095/1095 1096/1096/1096
f 1096/1096/1096 1095/1095/1095 1097/1097/1097
f 1059/1059/1059 1098/1098/1098 1061/1061/1061
f 1061/1061/1061 1098/1098/1098 1099/1099/1099
f 1061/1061/1061 1099/1099/1099 1064/1064/1064
f 1064/1064/1064 1099/1099/1099 1100/1100/1100
f 1101/1101/1101 1102/1102/1102 1068/1068/1068
f 1068/1068/1068 1102/1102/1102 1103/1103/1103
f 1068/1068/1068 1103/1103/1103 1104/1104/1104
f 1104/1104/1104 1103/1103/1103 1105/1105/1105
f 1072/1072/1072 1106/1106/1106 1074/1074/1074
f 1074/1074/1074 1106/1106/1106 1107/1107/1107
f 1075/1075/1075 1108/1108/1108 1076/1076/1076
f 1076/1076/1076 1108/1108/1108 1109/1109/1109
f 1110/1110/1110 1111/1111/1111 1079/1079/1079
f 1079/1079/1079 1111/1111/1111 1112/1112/1112
f 1079/1079/1079 1112/1112/1112 1113/1113/1113
f 1113/1113/1113 1112/1112/1112 1114/1114/1114
f 1082/1082/1082 1115/1115/1115 1083/1083/1083
f 1083/1083/1083 1115/1115/1115 1116/1116/1116
f 1083/1083/1083 1116/1116/1116 1084/1084/1084
f 1084/1084/1084 1116/1116/1116 1117/1117/1117
f 1118/1118/1118 1119/1119/1119 1087/1087/1087
f 1087/1087/1087 1119/1119/1119 1120/1120/1120
f 1087/1087/1087 1120/1120/1120 1121/1121/1121
f 1121/1121/1121 1120/1120/1120 1122/1122/1122
f 1090/1090/1090 1123/1123/1123 1091/1091/1091
f 1091/1091/1091 1123/1123/1123 1124/1124/1124
f 1091/1091/1091 1124/1124/1124 1092/1092/1092
f 1092/1092/1092 1124/1124/1124 1125/1125/1125
f 1126/1126/1126 1127/1127/1127 1095/1095/1095
f 1095/1095/1095 1127/1127/1127 1128/1128/1128
f 1095/1095/1095 1128/1128/1128 1129/1129/1129
f 1129/1129/1129 1128/1128/1128 1130/1130/1130
f 1098/1098/1098 1131/1131/1131 1099/1099/1099
f 1099/1099/1099 1131/1131/1131 1132/1132/1132
f 1099/1099/1099 1132/1132/1132 1100/1100/1100
f 1100/1100/1100 1132/1132/1132 1133/1133/1133
f 1134/1134/1134 1135/1135/1135 1103/1103/1103
f 1103/1103/1103 1135/1135/1135 1136/1136/1136
f 1103/1103/1103 1136/1136/1136 1137/1137/1137
f 1137/1137/1137 1136/1136/1136 1138/1138/1138
f 1106/1106/1106 1139/1139/1139 1107/1107/1107
f 1107/1107/1107 1139/1139/1139 1140/1140/1140
f 1141/1141/1141 1142/1142/1142 1143/1143/1143
f 1143/1143/1143 1142/1142/1142 1144/1144/1144
f 1145/1145/1145 1146/1146/1146 1147/1147/1147
f 1147/1147/1147 1146/1146/1146 1148/1148/1148
f 1147/1147/1147 1148/1148/1148 1149/1149/1149
f 1149/1149/1149 1148/1148/1148 1150/1150/1150
f 1151/1151/1151 1152/1152/1152 1153/1153/1153
f 1153/1153/1153 1152/1152/1152 1154/1154/1154
f 1153/1153/1153 1154/1154/1154 1155/1155/1155
f 1155/1155/1155 1154/1154/1154 1156/1156/1156
f 1157/1157/1157 1158/1158/1158 1159/1159/1159
f 1159/1159/1159 1158/1158/1158 1160/1160/1160
f 1159/1159/1159 1160/1160/1160 1161/1161/1161
f 1161/1161/1161 1160/1160/1160 1162/1162/1162
f 1163/1163/1163 1164/1164/1164 1165/1165/1165
f 1165/1165/1165 1164/1164/1164 1166/1166/1166
f 1165/1165/1165 1166/1166/1166 1167/1167/1167
f 1167/1167/1167 1166/1166/1166 1168/1168/1168
f 1169/1169/1169 1170/1170/1170 1171/1171/1171
f 1171/1171/1171 1170/1170/1170 1172/1172/1172
f 1171/1171/1171 1172/1172/1172 1173/1173/1173
f 1173/1173/1173 1172/1172/1172 1174/1174/1174
f 1175/1175/1175 1176/1176/1176 1177/1177/1177
f 1177/1177/1177 1176/1176/1176 1178/1178/1178
f 1177/1177/1177 1178/1178/1178 1179/1179/1179
f 1179/1179/1179 1178/1178/1178 1180/1180/1180
f 1181/1181/1181 1182/1182/1182 1183/1183/1183
f 1183/1183/1183 1182/1182/1182 1184/1184/1184
f 1183/1183/1183 1184/1184/1184 1185/1185/1185
f 1185/1185/1185 1184/1184/1184 1186/1186/1186
f 1187/1187/1187 1188/1188/1188 1189/1189/1189
f 1189/1189/1189 1188/1188/1188 1190/1190/1190
f 1191/1191/1191 1192/1192/1192 1193/1193/1193
f 1193/1193/1193 1192/1192/1192 1194/1194/1194
f 1195/1195/1195 1196/1196/1196 1197/1197/1197
f 1197/1197/1197 1196/1196/1196 1198/1198/1198
f 1197/1197/1197 1198/1198/1198 1199/1199/1199
f 1199/1199/1199 1198/1198/1198 1200/1200/1200
f 1201/1201/1201 1202/1202/1202 1203/1203/1203
f 1203/1203/1203 1202/1202/1202 1204/1204/1204
f 1203/1203/1203 1204/1204/1204 1205/1205/1205
f 1205/1205/1205 1204/1204/1204 1206/1206/1206
f 1207/1207/1207 1208/1208/1208 1209/1209/1209
f 1209/1209/1209 1208/1208/1208 1210/1210/1210
f 1209/1209/1209 1210/1210/1210 1211/1211/1211
f 1211/1211/1211 1210/1210/1210 1212/1212/1212
f 1213/1213/1213 1214/1214/1214 1215/1215/1215
f 1215/1215/1215 1214/1214/1214 1216/1216/1216
f 1215/1215/1215 1216/1216/1216 1217/1217/1217
f 1217/1217/1217 1216/1216/1216 1218/1218/1218
f 1219/1219/1219 1220/1220/1220 1221/1221/1221
f 1221/1221/1221 1220/1220/1220 1222/1222/1222
f 1221/1221/1221 1222/1222/1222 1223/1223/1223
f 1223/1223/1223 1222/1222/1222 1224/1224/1224
f 1225/1225/1225 1226/1226/1226 1227/1227/1227
f 1227/1227/1227 1226/1226/1226 1228/1228/1228
f 1227/1227/1227 1228/1228/1228 1229/1229/1229
f 1229/1229/1229 1228/1228/1228 1230/1230/1230
f 1231/1231/1231 1232/1232/1232 1233/1233/1233
f 1233/1233/1233 1232/1232/1232 1234/1234/1234
f 1233/1233/1233 1234/1234/1234 1235/1235/1235
f 1235/1235/1235 1234/1234/1234 1236/1236/1236
f 1237/1237/1237 1238/1238/1238 1239/1239/1239
f 1239/1239/1239 1238/1238/1238 1240/1240/1240
f 1241/1241/1241 1242/1242/1242 1243/1243/1243
f 1243/1243/1243 1242/1242/1242 1244/1244/1244
f 1245/1245/1245 1246/1246/1246 1247/1247/1247
f 1247/1247/1247 1246/1246/1246 1248/1248/1248
f 1247/1247/1247 1248/1248/1248 1249/1249/1249
f 1249/1249/1249 1248/1248/1248 1250/1250/1250
f 1251/1251/1251 1252/1252/1252 1253/1253/1253
f 1253/1253/1253 1252/1252/1252 1254/1254/1254
f 1253/1253/1253 1254/1254/1254 1255/1255/1255
f 1255/1255/1255 1254/1254/1254 1256/1256/1256
f 1257/1257/1257 1258/1258/1258 1259/1259/1259
f 1259/1259/1259 1258/1258/1258 1260/1260/1260
f 1259/1259/1259 1260/1260/1260 1261/1261/1261
f 1261/1261/1261 1260/1260/1260 1262/1262/1262
f 1263/1263/1263 1264/1264/1264 1265/1265/1265
f 1265/1265/1265 1264/1264/1264 1266/1266/1266
f 1265/1265/1265 1266/1266/1266 1267/1267/1267
f 1267/1267/1267 1266/1266/1266 1268/1268/1268
f 1269/1269/1269 1270/1270/1270 1271/1271/1271
f 1271/1271/1271 1270/1270/1270 1272/1272/1272
f 1271/1271/1271 1272/1272/1272 1273/1273/1273
f 1273/1273/1273 1272/1272/1272 1274/1274/1274
f 1275/1275/1275 1276/1276/1276 1277/1277/1277
f 1277/1277/1277 1276/1276/1276 1278/1278/1278
f 1277/1277/1277 1278/1278/1278 1279/1279/1279
f 1279/1279/1279 1278/1278/1278 1280/1280/1280
f 1281/1281/1281 1282/1282/1282 1283/1283/1283
f 1283/1283/1283 1282/1282/1282 1284/1284/1284
f 1283/1283/1283 1284/1284/1284 1285/1285/1285
f 1285/1285/1285 1284/1284/1284 1286/1286/1286
f 1287/1287/1287 1288/1288/1288 1289/1289/1289
f 1289/1289/1289 1288/1288/1288 1290/1290/1290
f 1291/1291/1291 1292/1292/1292 1293/1293/1293
f 1293/1293/1293 1292/1292/1292 1294/1294/1294
f 1293/1293/1293 1294/1294/1294 1295/1295/1295
f 1295/1295/1295 1294/1294/1294 1296/1296/1296
f 1295/1295/1295 1296/1296/1296 1297/1297/1297
f 1297/1297/1297 1296/1296/1296 1298/1298/1298
f 1297/1297/1297 1298/1298/1298 1299/1299/1299
f 1299/1299/1299 1298/1298/1298 1300/1300/1300
f 1299/1299/1299 1300/1300/1300 1301/1301/1301
f 1301/1301/1301 1300/1300/1300 1302/1302/1302
f 1301/1301/1301 1302/1302/1302 1303/1303/1303
f 1303/1303/1303 1302/1302/1302 1304/1304/1304
f 1303/1303/1303 1304/1304/1304 1305/1305/1305
f 1305/1305/1305 1304/1304/1304 1306/1306/1306
f 1305/1305/1305 1306/1306/1306 1307/1307/1307
f 1307/1307/1307 1306/1306/1306 1308/1308/1308
f 1307/1307/1307 1308/1308/1308 1309/1309/1309
f 1309/1309/1309 1308/1308/1308 1310/1310/1310
f 1309/1309/1309 1310/1310/1310 1311/1311/1311
f 1311/1311/1311 1310/1310/1310 1312/1312/1312
f 1311/1311/1311 1312/1312/1312 1313/1313/1313
f 1313/1313/1313 1312/1312/1312 1314/1314/1314
f 1313/1313/1313 1314/1314/1314 1315/1315/1315
f 1315/1315/1315 1314/1314/1314 1316/1316/1316
f 1315/1315/1315 1316/1316/1316 1317/1317/1317
f 1317/1317/1317 1316/1316/1316 1318/1318/1318
f 1317/1317/1317 1318/1318/1318 1319/1319/1319
f 1319/1319/1319 1318/1318/1318 1320/1320/1320
f 1319/1319/1319 1320/1320/1320 1321/1321/1321
f 1321/1321/1321 1320/1320/1320 1322/1322/1322
f 1321/1321/1321 1322/1322/1322 1323/1323/1323
f 1323/1323/1323 1322/1322/1322 1324/1324/1324
f 1325/1325/1325 1326/1326/1326 1327/1327/1327
f 1327/1327/1327 1326/1326/1326 1328/1328/1328
f 1329/1329/1329 1330/1330/1330 1331/1331/1331
f 1331/1331/1331 1330/1330/1330 1332/1332/1332
f 1333/1333/1333 1334/1334/1334 1335/1335/1335
f 1335/1335/1335 1334/1334/1334 1336/1336/1336
f 1337/1337/1337 1338/1338/1338 1339/1339/1339
f 1339/1339/1339 1338/1338/1338 1340/1340/1340
f 1341/1341/1341 1342/1342/1342 1343/1343/1343
f 1343/1343/1343 1342/1342/1342 1344/1344/1344
f 1345/1345/1345 1346/1346/1346 1347/1347/1347
f 1347/1347/1347 1346/1346/1346 1348/1348/1348
f 1349/1349/1349 1350/1350/1350 1351/1351/1351
f 1351/1351/1351 1350/1350/1350 1352/1352/1352
f 1353/1353/1353 1354/1354/1354 1355/1355/1355
f 1355/1355/1355 1354/1354/1354 1356/1356/1356
f 1357/1357/1357 1358/1358/1358 1359/1359/1359
f 1359/1359/1359 1358/1358/1358 1360/1360/1360
f 1361/1361/1361 1362/1362/1362 1363/1363/1363
f 1363/1363/1363 1362/1362/1362 1364/1364/1364
f 1365/1365/1365 1366/1366/1366 1367/1367/1367
f 1367/1367/1367 1366/1366/1366 1368/1368/1368
f 1369/1369/1369 1370/1370/1370 1371/1371/1371
f 1371/1371/1371 1370/1370/1370 1372/1372/1372
f 1373/1373/1373 1374/1374/1374 1375/1375/1375
f 1375/1375/1375 1374/1374/1374 1376/1376/1376
f 1377/1377/1377 1378/1378/1378 1379/1379/1379
f 1379/1379/1379 1378/1378/1378 1380/1380/1380
f 1381/1381/1381 1382/1382/1382 1383/1383/1383
f 1383/1383/1383 1382/1382/1382 1384/1384/1384
f 1385/1385/1385 1386/1386/1386 1387/1387/1387
f 1387/1387/1387 1386/1386/1386 1388/1388/1388
f 1389/1389/1389 1390/1390/1390 1391/1391/1391
f 1391/1391/1391 1390/1390/1390 1392/1392/1392
f 1391/1391/1391 1392/1392/1392 1393/1393/1393
f 1393/1393/1393 1392/1392/1392 1394/1394/1394
f 1393/1393/1393 1394/1394/1394 1395/1395/1395
f 1395/1395/1395 1394/1394/1394 1396/1396/1396
f 1395/1395/1395 1396/1396/1396 1397/1397/1397
f 1397/1397/1397 1396/1396/1396 1398/1398/1398
f 1397/1397/1397 1398/1398/1398 1399/1399/1399
f 1399/1399/1399 1398/1398/1398 1400/1400/1400
f 1399/1399/1399 1400/1400/1400 1401/1401/1401
f 1401/1401/1401 1400/1400/1400 1402/1402/1402
f 1401/1401/1401 1402/1402/1402 1403/1403/1403
f 1403/1403/1403 1402/1402/1402 1404/1404/1404
f 1403/1403/1403 1404/1404/1404 1405/1405/1405
f 1405/1405/1405 1404/1404/1404 1406/1406/1406
f 1405/1405/1405 1406/1406/1406 1407/1407/1407
f 1407/1407/1407 1406/1406/1406 1408/1408/1408
f 1407/1407/1407 1408/1408/1408 1409/1409/1409
f 1409/1409/1409 1408/1408/1408 1410/1410/1410
f 1409/1409/1409 1410/1410/1410 1411/1411/1411
f 1411/1411/1411 1410/1410/1410 1412/1412/1412
f 1411/1411/1411 1412/1412/1412 1413/1413/1413
f 1413/1413/1413 1412/1412/1412 1414/1414/1414
f 1413/1413/1413 1414/1414/1414 1415/1415/1415
f 1415/1415/1415 1414/1414/1414 1416/1416/1416
f 1415/1415/1415 1416/1416/1416 1417/1417/1417
f 1417/1417/1417 1416/1416/1416 1418/1418/1418
f 1417/1417/1417 1418/1418/1418 1419/1419/1419
f 1419/1419/1419 1418/1418/1418 1420/1420/1420
f 1419/1419/1419 1420/1420/1420 1421/1421/1421
f 1421/1421/1421 1420/1420/1420 1422/1422/1422
f 1423/1423/1423 1424/1424/1424 1425/1425/1425
f 1425/1425/1425 1424/1424/1424 1426/1426/1426
f 1427/1427/1427 1428/1428/1428 1429/1429/1429
f 1429/1429/1429 1428/1428/1428 1430/1430/1430
f 1429/1429/1429 1430/1430/1430 1431/1431/1431
f 1431/1431/1431 1430/1430/1430 1432/1432/1432
f 1433/1433/1433 1434/1434/1434 1435/1435/1435
f 1435/1435/1435 1434/1434/1434 1436/1436/1436
f 1435/1435/1435 1436/1436/1436 1437/1437/1437
f 1437/1437/1437 1436/1436/1436 1438/1438/1438
f 1439/1439/1439 1440/1440/1440 1441/1441/1441
f 1441/1441/1441 1440/1440/1440 1442/1442/1442
f 1441/1441/1441 1442/1442/1442 1443/1443/1443
f 1443/1443/1443 1442/1442/1442 1444/1444/1444
f 1445/1445/1445 1446/1446/1446 1447/1447/1447
f 1447/1447/1447 1446/1446/1446 1448/1448/1448
f 1447/1447/1447 1448/1448/1448 1449/1449/1449
f 1449/1449/1449 1448/1448/1448 1450/1450/1450
f 1451/1451/1451 1452/1452/1452 1453/1453/1453
f 1453/1453/1453 1452/1452/1452 1454/1454/1454
f 1453/1453/1453 1454/1454/1454 1455/1455/1455
f 1455/1455/1455 1454/1454/1454 1456/1456/1456
f 1457/1457/1457 1458/1458/1458 1459/1459/1459
f 1459/1459/1459 1458/1458/1458 1460/1460/1460
f 1459/1459/1459 1460/1460/1460 1461/1461/1461
f 1461/1461/1461 1460/1460/1460 1462/1462/1462
f 1463/1463/1463 1464/1464/1464 1465/1465/1465
f 1465/1465/1465 1464/1464/1464 1466/1466/1466
f 1465/1465/1465 1466/1466/1466 1467/1467/1467
f 1467/1467/1467 1466/1466/1466 1468/1468/1468
f 1469/1469/1469 1470/1470/1470 1471/1471/1471
f 1471/1471/1471 1470/1470/1470 1472/1472/1472
g S15
v 0 1.6740000247955322 0
v 0.006000000052154064 1.6740000247955322 0
v 0.005543277133256197 1.6740000247955322 0.002296100603416562
v 0.0042426404543221 1.6740000247955322 0.0042426404543221
v 0.002296100603416562 1.6740000247955322 0.005543277133256197
v 3.673940268242289e-19 1.6740000247955322 0.006000000052154064
v -0.002296100603416562 1.6740000247955322 0.005543277133256197
v -0.0042426404543221 1.6740000247955322 0.0042426404543221
v -0.005543277133256197 1.6740000247955322 0.002296100603416562
v -0.006000000052154064 1.6740000247955322 7.347880536484578e-19
v -0.005543277133256197 1.6740000247955322 -0.002296100603416562
v -0.0042426404543221 1.6740000247955322 -0.0042426404543221
v -0.002296100603416562 1.6740000247955322 -0.005543277133256197
v -1.1021820804726868e-18 1.6740000247955322 -0.006000000052154064
v 0.002296100603416562 1.6740000247955322 -0.005543277133256197
v 0.0042426404543221 1.6740000247955322 -0.0042426404543221
v 0.005543277133256197 1.6740000247955322 -0.002296100603416562
v 0.006000000052154064 1.6740000247955322 0
v 0.006000000052154064 1.6740000247955322 0
v 0.006000000052154064 1.6776076555252075 0
v 0.005543277133256197 1.6740000247955322 0.002296100603416562
v 0.005543277133256197 1.6776076555252075 0.002296100603416562
v 0.005543277133256197 1.6740000247955322 0.002296100603416562
v 0.005543277133256197 1.6776076555252075 0.002296100603416562
v 0.0042426404543221 1.6740000247955322 0.0042426404543221
v 0.0042426404543221 1.6776076555252075 0.0042426404543221
v 0.0042426404543221 1.6740000247955322 0.0042426404543221
v 0.0042426404543221 1.6776076555252075 0.0042426404543221
v 0.002296100603416562 1.6740000247955322 0.005543277133256197
v 0.002296100603416562 1.6776076555252075 0.005543277133256197
v 0.002296100603416562 1.6740000247955322 0.005543277133256197
v 0.002296100603416562 1.6776076555252075 0.005543277133256197
v 3.673940268242289e-19 1.6740000247955322 0.006000000052154064
v 3.673940268242289e-19 1.6776076555252075 0.006000000052154064
v 3.673940268242289e-19 1.6740000247955322 0.006000000052154064
v 3.673940268242289e-19 1.6776076555252075 0.006000000052154064
v -0.002296100603416562 1.6740000247955322 0.005543277133256197
v -0.002296100603416562 1.6776076555252075 0.005543277133256197
v -0.002296100603416562 1.6740000247955322 0.005543277133256197
v -0.002296100603416562 1.6776076555252075 0.005543277133256197
v -0.0042426404543221 1.6740000247955322 0.0042426404543221
v -0.0042426404543221 1.6776076555252075 0.0042426404543221
v -0.0042426404543221 1.6740000247955322 0.0042426404543221
v -0.0042426404543221 1.6776076555252075 0.0042426404543221
v -0.005543277133256197 1.6740000247955322 0.002296100603416562
v -0.005543277133256197 1.6776076555252075 0.002296100603416562
v -0.005543277133256197 1.6740000247955322 0.002296100603416562
v -0.005543277133256197 1.6776076555252075 0.002296100603416562
v -0.006000000052154064 1.6740000247955322 7.347880536484578e-19
v -0.006000000052154064 1.6776076555252075 7.347880536484578e-19
v -0.006000000052154064 1.6740000247955322 7.347880536484578e-19
v -0.006000000052154064 1.6776076555252075 7.347880536484578e-19
v -0.005543277133256197 1.6740000247955322 -0.002296100603416562
v -0.005543277133256197 1.6776076555252075 -0.002296100603416562
v -0.005543277133256197 1.6740000247955322 -0.002296100603416562
v -0.005543277133256197 1.6776076555252075 -0.002296100603416562
v -0.0042426404543221 1.6740000247955322 -0.0042426404543221
v -0.0042426404543221 1.6776076555252075 -0.0042426404543221
v -0.0042426404543221 1.6740000247955322 -0.0042426404543221
v -0.0042426404543221 1.6776076555252075 -0.0042426404543221
v -0.002296100603416562 1.6740000247955322 -0.005543277133256197
v -0.002296100603416562 1.6776076555252075 -0.005543277133256197
v -0.002296100603416562 1.6740000247955322 -0.005543277133256197
v -0.002296100603416562 1.6776076555252075 -0.005543277133256197
v -1.1021820804726868e-18 1.6740000247955322 -0.006000000052154064
v -1.1021820804726868e-18 1.6776076555252075 -0.006000000052154064
v -1.1021820804726868e-18 1.6740000247955322 -0.006000000052154064
v -1.1021820804726868e-18 1.6776076555252075 -0.006000000052154064
v 0.002296100603416562 1.6740000247955322 -0.005543277133256197
v 0.002296100603416562 1.6776076555252075 -0.005543277133256197
v 0.002296100603416562 1.6740000247955322 -0.005543277133256197
v 0.002296100603416562 1.6776076555252075 -0.005543277133256197
v 0.0042426404543221 1.6740000247955322 -0.0042426404543221
v 0.0042426404543221 1.6776076555252075 -0.0042426404543221
v 0.0042426404543221 1.6740000247955322 -0.0042426404543221
v 0.0042426404543221 1.6776076555252075 -0.0042426404543221
v 0.005543277133256197 1.6740000247955322 -0.002296100603416562
v 0.005543277133256197 1.6776076555252075 -0.002296100603416562
v 0.005543277133256197 1.6740000247955322 -0.002296100603416562
v 0.005543277133256197 1.6776076555252075 -0.002296100603416562
v 0.006000000052154064 1.6740000247955322 0
v 0.006000000052154064 1.6776076555252075 0
v 0.006000000052154064 1.6776076555252075 0
v 0.008107082918286324 1.6791527271270752 0
v 0.005543277133256197 1.6776076555252075 0.002296100603416562
v 0.007489967625588179 1.6791527271270752 0.0031024462077766657
v 0.005543277133256197 1.6776076555252075 0.002296100603416562
v 0.007489967625588179 1.6791527271270752 0.0031024462077766657
v 0.0042426404543221 1.6776076555252075 0.0042426404543221
v 0.005732573103159666 1.6791527271270752 0.005732573103159666
v 0.0042426404543221 1.6776076555252075 0.0042426404543221
v 0.005732573103159666 1.6791527271270752 0.005732573103159666
v 0.002296100603416562 1.6776076555252075 0.005543277133256197
v 0.0031024462077766657 1.6791527271270752 0.007489967625588179
v 0.002296100603416562 1.6776076555252075 0.005543277133256197
v 0.0031024462077766657 1.6791527271270752 0.007489967625588179
v 3.673940268242289e-19 1.6776076555252075 0.006000000052154064
v 4.964156425175071e-19 1.6791527271270752 0.008107082918286324
v 3.673940268242289e-19 1.6776076555252075 0.006000000052154064
v 4.964156425175071e-19 1.6791527271270752 0.008107082918286324
v -0.002296100603416562 1.6776076555252075 0.005543277133256197
v -0.0031024462077766657 1.6791527271270752 0.007489967625588179
v -0.002296100603416562 1.6776076555252075 0.005543277133256197
v -0.0031024462077766657 1.6791527271270752 0.007489967625588179
v -0.0042426404543221 1.6776076555252075 0.0042426404543221
v -0.005732573103159666 1.6791527271270752 0.005732573103159666
v -0.0042426404543221 1.6776076555252075 0.0042426404543221
v -0.005732573103159666 1.6791527271270752 0.005732573103159666
v -0.005543277133256197 1.6776076555252075 0.002296100603416562
v -0.007489967625588179 1.6791527271270752 0.0031024462077766657
v -0.005543277133256197 1.6776076555252075 0.002296100603416562
v -0.007489967625588179 1.6791527271270752 0.0031024462077766657
v -0.006000000052154064 1.6776076555252075 7.347880536484578e-19
v -0.008107082918286324 1.6791527271270752 9.928312850350142e-19
v -0.006000000052154064 1.6776076555252075 7.347880536484578e-19
v -0.008107082918286324 1.6791527271270752 9.928312850350142e-19
v -0.005543277133256197 1.6776076555252075 -0.002296100603416562
v -0.007489967625588179 1.6791527271270752 -0.0031024462077766657
v -0.005543277133256197 1.6776076555252075 -0.002296100603416562
v -0.007489967625588179 1.6791527271270752 -0.0031024462077766657
v -0.0042426404543221 1.6776076555252075 -0.0042426404543221
v -0.005732573103159666 1.6791527271270752 -0.005732573103159666
v -0.0042426404543221 1.6776076555252075 -0.0042426404543221
v -0.005732573103159666 1.6791527271270752 -0.005732573103159666
v -0.002296100603416562 1.6776076555252075 -0.005543277133256197
v -0.0031024462077766657 1.6791527271270752 -0.007489967625588179
v -0.002296100603416562 1.6776076555252075 -0.005543277133256197
v -0.0031024462077766657 1.6791527271270752 -0.007489967625588179
v -1.1021820804726868e-18 1.6776076555252075 -0.006000000052154064
v -1.489246875853733e-18 1.6791527271270752 -0.008107082918286324
v -1.1021820804726868e-18 1.6776076555252075 -0.006000000052154064
v -1.489246875853733e-18 1.6791527271270752 -0.008107082918286324
v 0.002296100603416562 1.6776076555252075 -0.005543277133256197
v 0.0031024462077766657 1.6791527271270752 -0.007489967625588179
v 0.002296100603416562 1.6776076555252075 -0.005543277133256197
v 0.0031024462077766657 1.6791527271270752 -0.007489967625588179
v 0.0042426404543221 1.6776076555252075 -0.0042426404543221
v 0.005732573103159666 1.6791527271270752 -0.005732573103159666
v 0.0042426404543221 1.6776076555252075 -0.0042426404543221
v 0.005732573103159666 1.6791527271270752 -0.005732573103159666
v 0.005543277133256197 1.6776076555252075 -0.002296100603416562
v 0.007489967625588179 1.6791527271270752 -0.0031024462077766657
v 0.005543277133256197 1.6776076555252075 -0.002296100603416562
v 0.007489967625588179 1.6791527271270752 -0.0031024462077766657
v 0.006000000052154064 1.6776076555252075 0
v 0.008107082918286324 1.6791527271270752 0
v 0.008107082918286324 1.6791527271270752 0
v 0.009829824790358543 1.681117057800293 0
v 0.007489967625588179 1.6791527271270752 0.0031024462077766657
v 0.009081574156880379 1.681117057800293 0.0037617110647261143
v 0.007489967625588179 1.6791527271270752 0.0031024462077766657
v 0.009081574156880379 1.681117057800293 0.0037617110647261143
v 0.005732573103159666 1.6791527271270752 0.005732573103159666
v 0.006950735580176115 1.681117057800293 0.006950735580176115
v 0.005732573103159666 1.6791527271270752 0.005732573103159666
v 0.006950735580176115 1.681117057800293 0.006950735580176115
v 0.0031024462077766657 1.6791527271270752 0.007489967625588179
v 0.0037617110647261143 1.681117057800293 0.009081574156880379
v 0.0031024462077766657 1.6791527271270752 0.007489967625588179
v 0.0037617110647261143 1.681117057800293 0.009081574156880379
v 4.964156425175071e-19 1.6791527271270752 0.008107082918286324
v 6.01903142603039e-19 1.681117057800293 0.009829824790358543
v 4.964156425175071e-19 1.6791527271270752 0.008107082918286324
v 6.01903142603039e-19 1.681117057800293 0.009829824790358543
v -0.0031024462077766657 1.6791527271270752 0.007489967625588179
v -0.0037617110647261143 1.681117057800293 0.009081574156880379
v -0.0031024462077766657 1.6791527271270752 0.007489967625588179
v -0.0037617110647261143 1.681117057800293 0.009081574156880379
v -0.005732573103159666 1.6791527271270752 0.005732573103159666
v -0.006950735580176115 1.681117057800293 0.006950735580176115
v -0.005732573103159666 1.6791527271270752 0.005732573103159666
v -0.006950735580176115 1.681117057800293 0.006950735580176115
v -0.007489967625588179 1.6791527271270752 0.0031024462077766657
v -0.009081574156880379 1.681117057800293 0.0037617110647261143
v -0.007489967625588179 1.6791527271270752 0.0031024462077766657
v -0.009081574156880379 1.681117057800293 0.0037617110647261143
v -0.008107082918286324 1.6791527271270752 9.928312850350142e-19
v -0.009829824790358543 1.681117057800293 1.203806285206078e-18
v -0.008107082918286324 1.6791527271270752 9.928312850350142e-19
v -0.009829824790358543 1.681117057800293 1.203806285206078e-18
v -0.007489967625588179 1.6791527271270752 -0.0031024462077766657
v -0.009081574156880379 1.681117057800293 -0.0037617110647261143
v -0.007489967625588179 1.6791527271270752 -0.0031024462077766657
v -0.009081574156880379 1.681117057800293 -0.0037617110647261143
v -0.005732573103159666 1.6791527271270752 -0.005732573103159666
v -0.006950735580176115 1.681117057800293 -0.006950735580176115
v -0.005732573103159666 1.6791527271270752 -0.005732573103159666
v -0.006950735580176115 1.681117057800293 -0.006950735580176115
v -0.0031024462077766657 1.6791527271270752 -0.007489967625588179
v -0.0037617110647261143 1.681117057800293 -0.009081574156880379
v -0.0031024462077766657 1.6791527271270752 -0.007489967625588179
v -0.0037617110647261143 1.681117057800293 -0.009081574156880379
v -1.489246875853733e-18 1.6791527271270752 -0.008107082918286324
v -1.805709427809117e-18 1.681117057800293 -0.009829824790358543
v -1.489246875853733e-18 1.6791527271270752 -0.008107082918286324
v -1.805709427809117e-18 1.681117057800293 -0.009829824790358543
v 0.0031024462077766657 1.6791527271270752 -0.007489967625588179
v 0.0037617110647261143 1.681117057800293 -0.009081574156880379
v 0.0031024462077766657 1.6791527271270752 -0.007489967625588179
v 0.0037617110647261143 1.681117057800293 -0.009081574156880379
v 0.005732573103159666 1.6791527271270752 -0.005732573103159666
v 0.006950735580176115 1.681117057800293 -0.006950735580176115
v 0.005732573103159666 1.6791527271270752 -0.005732573103159666
v 0.006950735580176115 1.681117057800293 -0.006950735580176115
v 0.007489967625588179 1.6791527271270752 -0.0031024462077766657
v 0.009081574156880379 1.681117057800293 -0.0037617110647261143
v 0.007489967625588179 1.6791527271270752 -0.0031024462077766657
v 0.009081574156880379 1.681117057800293 -0.0037617110647261143
v 0.008107082918286324 1.6791527271270752 0
v 0.009829824790358543 1.681117057800293 0
v 0.009829824790358543 1.681117057800293 0
v 0.011086554266512394 1.6834077835083008 0
v 0.009081574156880379 1.681117057800293 0.0037617110647261143
v 0.010242640972137451 1.6834077835083008 0.0042426404543221
v 0.010242640972137451 1.6834077835083008 0.0042426404543221
v 0.007839377969503403 1.6834077835083008 0.007839377969503403
v 0.007839377969503403 1.6834077835083008 0.007839377969503403
v 0.0042426404543221 1.6834077835083008 0.010242640972137451
v 0.0037617110647261143 1.681117057800293 0.009081574156880379
v 0.0042426404543221 1.6834077835083008 0.010242640972137451
v 6.01903142603039e-19 1.681117057800293 0.009829824790358543
v 6.788556515912706e-19 1.6834077835083008 0.011086554266512394
v 6.01903142603039e-19 1.681117057800293 0.009829824790358543
v -0.0037617110647261143 1.681117057800293 0.009081574156880379
v -0.0042426404543221 1.6834077835083008 0.010242640972137451
v -0.0042426404543221 1.6834077835083008 0.010242640972137451
v -0.007839377969503403 1.6834077835083008 0.007839377969503403
v -0.007839377969503403 1.6834077835083008 0.007839377969503403
v -0.010242640972137451 1.6834077835083008 0.0042426404543221
v -0.009081574156880379 1.681117057800293 0.0037617110647261143
v -0.010242640972137451 1.6834077835083008 0.0042426404543221
v -0.009829824790358543 1.681117057800293 1.203806285206078e-18
v -0.011086554266512394 1.6834077835083008 1.3577113031825413e-18
v -0.009829824790358543 1.681117057800293 1.203806285206078e-18
v -0.009081574156880379 1.681117057800293 -0.0037617110647261143
v -0.010242640972137451 1.6834077835083008 -0.0042426404543221
v -0.010242640972137451 1.6834077835083008 -0.0042426404543221
v -0.007839377969503403 1.6834077835083008 -0.007839377969503403
v -0.007839377969503403 1.6834077835083008 -0.007839377969503403
v -0.0042426404543221 1.6834077835083008 -0.010242640972137451
v -0.0037617110647261143 1.681117057800293 -0.009081574156880379
v -0.0042426404543221 1.6834077835083008 -0.010242640972137451
v -1.805709427809117e-18 1.681117057800293 -0.009829824790358543
v -2.0365670581713885e-18 1.6834077835083008 -0.011086554266512394
v -1.805709427809117e-18 1.681117057800293 -0.009829824790358543
v 0.0037617110647261143 1.681117057800293 -0.009081574156880379
v 0.0042426404543221 1.6834077835083008 -0.010242640972137451
v 0.0042426404543221 1.6834077835083008 -0.010242640972137451
v 0.007839377969503403 1.6834077835083008 -0.007839377969503403
v 0.007839377969503403 1.6834077835083008 -0.007839377969503403
v 0.010242640972137451 1.6834077835083008 -0.0042426404543221
v 0.009081574156880379 1.681117057800293 -0.0037617110647261143
v 0.010242640972137451 1.6834077835083008 -0.0042426404543221
v 0.009829824790358543 1.681117057800293 0
v 0.011086554266512394 1.6834077835083008 0
v 0.011817692779004574 1.6859161853790283 0
v 0.010918124578893185 1.6859161853790283 0.004522435367107391
v 0.010242640972137451 1.6834077835083008 0.0042426404543221
v 0.010918124578893185 1.6859161853790283 0.004522435367107391
v 0.007839377969503403 1.6834077835083008 0.007839377969503403
v 0.008356370963156223 1.6859161853790283 0.008356370963156223
v 0.007839377969503403 1.6834077835083008 0.007839377969503403
v 0.008356370963156223 1.6859161853790283 0.008356370963156223
v 0.0042426404543221 1.6834077835083008 0.010242640972137451
v 0.004522435367107391 1.6859161853790283 0.010918124578893185
v 0.004522435367107391 1.6859161853790283 0.010918124578893185
v 7.236249927881133e-19 1.6859161853790283 0.011817692779004574
v -0.004522435367107391 1.6859161853790283 0.010918124578893185
v -0.0042426404543221 1.6834077835083008 0.010242640972137451
v -0.004522435367107391 1.6859161853790283 0.010918124578893185
v -0.007839377969503403 1.6834077835083008 0.007839377969503403
v -0.008356370963156223 1.6859161853790283 0.008356370963156223
v -0.007839377969503403 1.6834077835083008 0.007839377969503403
v -0.008356370963156223 1.6859161853790283 0.008356370963156223
v -0.010242640972137451 1.6834077835083008 0.0042426404543221
v -0.010918124578893185 1.6859161853790283 0.004522435367107391
v -0.010918124578893185 1.6859161853790283 0.004522435367107391
v -0.011817692779004574 1.6859161853790283 1.4472499855762266e-18
v -0.010918124578893185 1.6859161853790283 -0.004522435367107391
v -0.010242640972137451 1.6834077835083008 -0.0042426404543221
v -0.010918124578893185 1.6859161853790283 -0.004522435367107391
v -0.007839377969503403 1.6834077835083008 -0.007839377969503403
v -0.008356370963156223 1.6859161853790283 -0.008356370963156223
v -0.007839377969503403 1.6834077835083008 -0.007839377969503403
v -0.008356370963156223 1.6859161853790283 -0.008356370963156223
v -0.0042426404543221 1.6834077835083008 -0.010242640972137451
v -0.004522435367107391 1.6859161853790283 -0.010918124578893185
v -0.004522435367107391 1.6859161853790283 -0.010918124578893185
v -2.1708749266655516e-18 1.6859161853790283 -0.011817692779004574
v 0.004522435367107391 1.6859161853790283 -0.010918124578893185
v 0.0042426404543221 1.6834077835083008 -0.010242640972137451
v 0.004522435367107391 1.6859161853790283 -0.010918124578893185
v 0.007839377969503403 1.6834077835083008 -0.007839377969503403
v 0.008356370963156223 1.6859161853790283 -0.008356370963156223
v 0.007839377969503403 1.6834077835083008 -0.007839377969503403
v 0.008356370963156223 1.6859161853790283 -0.008356370963156223
v 0.010242640972137451 1.6834077835083008 -0.0042426404543221
v 0.010918124578893185 1.6859161853790283 -0.004522435367107391
v 0.010918124578893185 1.6859161853790283 -0.004522435367107391
v 0.011817692779004574 1.6859161853790283 0
v 0.011988578364253044 1.6885234117507935 0
v 0.011076002381742 1.6885234117507935 0.004587830509990454
v 0.011076002381742 1.6885234117507935 0.004587830509990454
v 0.008477205410599709 1.6885234117507935 0.008477205410599709
v 0.008477205410599709 1.6885234117507935 0.008477205410599709
v 0.004587830509990454 1.6885234117507935 0.011076002381742
v 0.004587830509990454 1.6885234117507935 0.011076002381742
v 7.340887241393325e-19 1.6885234117507935 0.011988578364253044
v -0.004587830509990454 1.6885234117507935 0.011076002381742
v -0.004587830509990454 1.6885234117507935 0.011076002381742
v -0.008477205410599709 1.6885234117507935 0.008477205410599709
v -0.008477205410599709 1.6885234117507935 0.008477205410599709
v -0.011076002381742 1.6885234117507935 0.004587830509990454
v -0.011076002381742 1.6885234117507935 0.004587830509990454
v -0.011988578364253044 1.6885234117507935 1.468177448278665e-18
v -0.011076002381742 1.6885234117507935 -0.004587830509990454
v -0.011076002381742 1.6885234117507935 -0.004587830509990454
v -0.008477205410599709 1.6885234117507935 -0.008477205410599709
v -0.008477205410599709 1.6885234117507935 -0.008477205410599709
v -0.004587830509990454 1.6885234117507935 -0.011076002381742
v -0.004587830509990454 1.6885234117507935 -0.011076002381742
v -2.202266224116786e-18 1.6885234117507935 -0.011988578364253044
v 0.004587830509990454 1.6885234117507935 -0.011076002381742
v 0.004587830509990454 1.6885234117507935 -0.011076002381742
v 0.008477205410599709 1.6885234117507935 -0.008477205410599709
v 0.008477205410599709 1.6885234117507935 -0.008477205410599709
v 0.011076002381742 1.6885234117507935 -0.004587830509990454
v 0.011076002381742 1.6885234117507935 -0.004587830509990454
v 0.011988578364253044 1.6885234117507935 0
v 0.0115911103785038 1.691105842590332 0
v 0.010708789341151714 1.691105842590332 0.004435725510120392
v 0.010708789341151714 1.691105842590332 0.004435725510120392
v 0.008477205410599709 1.6885234117507935 0.008477205410599709
v 0.008196152746677399 1.691105842590332 0.008196152746677399
v 0.008477205410599709 1.6885234117507935 0.008477205410599709
v 0.008196152746677399 1.691105842590332 0.008196152746677399
v 0.004435725510120392 1.691105842590332 0.010708789341151714
v 0.004435725510120392 1.691105842590332 0.010708789341151714
v 7.097507957713379e-19 1.691105842590332 0.0115911103785038
v -0.004435725510120392 1.691105842590332 0.010708789341151714
v -0.004435725510120392 1.691105842590332 0.010708789341151714
v -0.008477205410599709 1.6885234117507935 0.008477205410599709
v -0.008196152746677399 1.691105842590332 0.008196152746677399
v -0.008477205410599709 1.6885234117507935 0.008477205410599709
v -0.008196152746677399 1.691105842590332 0.008196152746677399
v -0.010708789341151714 1.691105842590332 0.004435725510120392
v -0.010708789341151714 1.691105842590332 0.004435725510120392
v -0.0115911103785038 1.691105842590332 1.4195015915426759e-18
v -0.010708789341151714 1.691105842590332 -0.004435725510120392
v -0.010708789341151714 1.691105842590332 -0.004435725510120392
v -0.008477205410599709 1.6885234117507935 -0.008477205410599709
v -0.008196152746677399 1.691105842590332 -0.008196152746677399
v -0.008477205410599709 1.6885234117507935 -0.008477205410599709
v -0.008196152746677399 1.691105842590332 -0.008196152746677399
v -0.004435725510120392 1.691105842590332 -0.010708789341151714
v -0.004435725510120392 1.691105842590332 -0.010708789341151714
v -2.129252439012802e-18 1.691105842590332 -0.0115911103785038
v 0.004435725510120392 1.691105842590332 -0.010708789341151714
v 0.004435725510120392 1.691105842590332 -0.010708789341151714
v 0.008477205410599709 1.6885234117507935 -0.008477205410599709
v 0.008196152746677399 1.691105842590332 -0.008196152746677399
v 0.008477205410599709 1.6885234117507935 -0.008477205410599709
v 0.008196152746677399 1.691105842590332 -0.008196152746677399
v 0.010708789341151714 1.691105842590332 -0.004435725510120392
v 0.010708789341151714 1.691105842590332 -0.004435725510120392
v 0.0115911103785038 1.691105842590332 0
v 0.010644130408763885 1.6935409307479858 0
v 0.009833893738687038 1.6935409307479858 0.004073332063853741
v 0.009833893738687038 1.6935409307479858 0.004073332063853741
v 0.008196152746677399 1.691105842590332 0.008196152746677399
v 0.007526536472141743 1.6935409307479858 0.007526536472141743
v 0.008196152746677399 1.691105842590332 0.008196152746677399
v 0.007526536472141743 1.6935409307479858 0.007526536472141743
v 0.004073332063853741 1.6935409307479858 0.009833893738687038
v 0.004073332063853741 1.6935409307479858 0.009833893738687038
v 6.517649695422761e-19 1.6935409307479858 0.010644130408763885
v -0.004073332063853741 1.6935409307479858 0.009833893738687038
v -0.004073332063853741 1.6935409307479858 0.009833893738687038
v -0.008196152746677399 1.691105842590332 0.008196152746677399
v -0.007526536472141743 1.6935409307479858 0.007526536472141743
v -0.008196152746677399 1.691105842590332 0.008196152746677399
v -0.007526536472141743 1.6935409307479858 0.007526536472141743
v -0.009833893738687038 1.6935409307479858 0.004073332063853741
v -0.009833893738687038 1.6935409307479858 0.004073332063853741
v -0.010644130408763885 1.6935409307479858 1.3035299390845523e-18
v -0.009833893738687038 1.6935409307479858 -0.004073332063853741
v -0.009833893738687038 1.6935409307479858 -0.004073332063853741
v -0.008196152746677399 1.691105842590332 -0.008196152746677399
v -0.007526536472141743 1.6935409307479858 -0.007526536472141743
v -0.008196152746677399 1.691105842590332 -0.008196152746677399
v -0.007526536472141743 1.6935409307479858 -0.007526536472141743
v -0.004073332063853741 1.6935409307479858 -0.009833893738687038
v -0.004073332063853741 1.6935409307479858 -0.009833893738687038
v -1.9552949086268284e-18 1.6935409307479858 -0.010644130408763885
v 0.004073332063853741 1.6935409307479858 -0.009833893738687038
v 0.004073332063853741 1.6935409307479858 -0.009833893738687038
v 0.008196152746677399 1.691105842590332 -0.008196152746677399
v 0.007526536472141743 1.6935409307479858 -0.007526536472141743
v 0.008196152746677399 1.691105842590332 -0.008196152746677399
v 0.007526536472141743 1.6935409307479858 -0.007526536472141743
v 0.009833893738687038 1.6935409307479858 -0.004073332063853741
v 0.009833893738687038 1.6935409307479858 -0.004073332063853741
v 0.010644130408763885 1.6935409307479858 0
v 0.009192532859742641 1.6957134008407593 0
v 0.009833893738687038 1.6935409307479858 0.004073332063853741
v 0.008492792956531048 1.6957134008407593 0.003517830278724432
v 0.009833893738687038 1.6935409307479858 0.004073332063853741
v 0.008492792956531048 1.6957134008407593 0.003517830278724432
v 0.007526536472141743 1.6935409307479858 0.007526536472141743
v 0.0065001025795936584 1.6957134008407593 0.0065001025795936584
v 0.007526536472141743 1.6935409307479858 0.007526536472141743
v 0.0065001025795936584 1.6957134008407593 0.0065001025795936584
v 0.004073332063853741 1.6935409307479858 0.009833893738687038
v 0.003517830278724432 1.6957134008407593 0.008492792956531048
v 0.004073332063853741 1.6935409307479858 0.009833893738687038
v 0.003517830278724432 1.6957134008407593 0.008492792956531048
v 5.628803285191788e-19 1.6957134008407593 0.009192532859742641
v 5.628803285191788e-19 1.6957134008407593 0.009192532859742641
v -0.004073332063853741 1.6935409307479858 0.009833893738687038
v -0.003517830278724432 1.6957134008407593 0.008492792956531048
v -0.004073332063853741 1.6935409307479858 0.009833893738687038
v -0.003517830278724432 1.6957134008407593 0.008492792956531048
v -0.007526536472141743 1.6935409307479858 0.007526536472141743
v -0.0065001025795936584 1.6957134008407593 0.0065001025795936584
v -0.007526536472141743 1.6935409307479858 0.007526536472141743
v -0.0065001025795936584 1.6957134008407593 0.0065001025795936584
v -0.009833893738687038 1.6935409307479858 0.004073332063853741
v -0.008492792956531048 1.6957134008407593 0.003517830278724432
v -0.009833893738687038 1.6935409307479858 0.004073332063853741
v -0.008492792956531048 1.6957134008407593 0.003517830278724432
v -0.009192532859742641 1.6957134008407593 1.1257606570383577e-18
v -0.009192532859742641 1.6957134008407593 1.1257606570383577e-18
v -0.009833893738687038 1.6935409307479858 -0.004073332063853741
v -0.008492792956531048 1.6957134008407593 -0.003517830278724432
v -0.009833893738687038 1.6935409307479858 -0.004073332063853741
v -0.008492792956531048 1.6957134008407593 -0.003517830278724432
v -0.007526536472141743 1.6935409307479858 -0.007526536472141743
v -0.0065001025795936584 1.6957134008407593 -0.0065001025795936584
v -0.007526536472141743 1.6935409307479858 -0.007526536472141743
v -0.0065001025795936584 1.6957134008407593 -0.0065001025795936584
v -0.004073332063853741 1.6935409307479858 -0.009833893738687038
v -0.003517830278724432 1.6957134008407593 -0.008492792956531048
v -0.004073332063853741 1.6935409307479858 -0.009833893738687038
v -0.003517830278724432 1.6957134008407593 -0.008492792956531048
v -1.6886409338587482e-18 1.6957134008407593 -0.009192532859742641
v -1.6886409338587482e-18 1.6957134008407593 -0.009192532859742641
v 0.004073332063853741 1.6935409307479858 -0.009833893738687038
v 0.003517830278724432 1.6957134008407593 -0.008492792956531048
v 0.004073332063853741 1.6935409307479858 -0.009833893738687038
v 0.003517830278724432 1.6957134008407593 -0.008492792956531048
v 0.007526536472141743 1.6935409307479858 -0.007526536472141743
v 0.0065001025795936584 1.6957134008407593 -0.0065001025795936584
v 0.007526536472141743 1.6935409307479858 -0.007526536472141743
v 0.0065001025795936584 1.6957134008407593 -0.0065001025795936584
v 0.009833893738687038 1.6935409307479858 -0.004073332063853741
v 0.008492792956531048 1.6957134008407593 -0.003517830278724432
v 0.009833893738687038 1.6935409307479858 -0.004073332063853741
v 0.008492792956531048 1.6957134008407593 -0.003517830278724432
v 0.009192532859742641 1.6957134008407593 0
v 0.009192532859742641 1.6957134008407593 0
v 0.007305137347429991 1.6975202560424805 0
v 0.008492792956531048 1.6957134008407593 0.003517830278724432
v 0.006749066524207592 1.6975202560424805 0.002795554930344224
v 0.008492792956531048 1.6957134008407593 0.003517830278724432
v 0.006749066524207592 1.6975202560424805 0.002795554930344224
v 0.0065001025795936584 1.6957134008407593 0.0065001025795936584
v 0.005165512207895517 1.6975202560424805 0.005165512207895517
v 0.0065001025795936584 1.6957134008407593 0.0065001025795936584
v 0.005165512207895517 1.6975202560424805 0.005165512207895517
v 0.003517830278724432 1.6957134008407593 0.008492792956531048
v 0.002795554930344224 1.6975202560424805 0.006749066524207592
v 0.003517830278724432 1.6957134008407593 0.008492792956531048
v 0.002795554930344224 1.6975202560424805 0.006749066524207592
v 5.628803285191788e-19 1.6957134008407593 0.009192532859742641
v 4.473106341399677e-19 1.6975202560424805 0.007305137347429991
v 5.628803285191788e-19 1.6957134008407593 0.009192532859742641
v 4.473106341399677e-19 1.6975202560424805 0.007305137347429991
v -0.003517830278724432 1.6957134008407593 0.008492792956531048
v -0.002795554930344224 1.6975202560424805 0.006749066524207592
v -0.003517830278724432 1.6957134008407593 0.008492792956531048
v -0.002795554930344224 1.6975202560424805 0.006749066524207592
v -0.0065001025795936584 1.6957134008407593 0.0065001025795936584
v -0.005165512207895517 1.6975202560424805 0.005165512207895517
v -0.0065001025795936584 1.6957134008407593 0.0065001025795936584
v -0.005165512207895517 1.6975202560424805 0.005165512207895517
v -0.008492792956531048 1.6957134008407593 0.003517830278724432
v -0.006749066524207592 1.6975202560424805 0.002795554930344224
v -0.008492792956531048 1.6957134008407593 0.003517830278724432
v -0.006749066524207592 1.6975202560424805 0.002795554930344224
v -0.009192532859742641 1.6957134008407593 1.1257606570383577e-18
v -0.007305137347429991 1.6975202560424805 8.946212682799354e-19
v -0.009192532859742641 1.6957134008407593 1.1257606570383577e-18
v -0.007305137347429991 1.6975202560424805 8.946212682799354e-19
v -0.008492792956531048 1.6957134008407593 -0.003517830278724432
v -0.006749066524207592 1.6975202560424805 -0.002795554930344224
v -0.008492792956531048 1.6957134008407593 -0.003517830278724432
v -0.006749066524207592 1.6975202560424805 -0.002795554930344224
v -0.0065001025795936584 1.6957134008407593 -0.0065001025795936584
v -0.005165512207895517 1.6975202560424805 -0.005165512207895517
v -0.0065001025795936584 1.6957134008407593 -0.0065001025795936584
v -0.005165512207895517 1.6975202560424805 -0.005165512207895517
v -0.003517830278724432 1.6957134008407593 -0.008492792956531048
v -0.002795554930344224 1.6975202560424805 -0.006749066524207592
v -0.003517830278724432 1.6957134008407593 -0.008492792956531048
v -0.002795554930344224 1.6975202560424805 -0.006749066524207592
v -1.6886409338587482e-18 1.6957134008407593 -0.009192532859742641
v -1.3419319024199032e-18 1.6975202560424805 -0.007305137347429991
v -1.6886409338587482e-18 1.6957134008407593 -0.009192532859742641
v -1.3419319024199032e-18 1.6975202560424805 -0.007305137347429991
v 0.003517830278724432 1.6957134008407593 -0.008492792956531048
v 0.002795554930344224 1.6975202560424805 -0.006749066524207592
v 0.003517830278724432 1.6957134008407593 -0.008492792956531048
v 0.002795554930344224 1.6975202560424805 -0.006749066524207592
v 0.0065001025795936584 1.6957134008407593 -0.0065001025795936584
v 0.005165512207895517 1.6975202560424805 -0.005165512207895517
v 0.0065001025795936584 1.6957134008407593 -0.0065001025795936584
v 0.005165512207895517 1.6975202560424805 -0.005165512207895517
v 0.008492792956531048 1.6957134008407593 -0.003517830278724432
v 0.006749066524207592 1.6975202560424805 -0.002795554930344224
v 0.008492792956531048 1.6957134008407593 -0.003517830278724432
v 0.006749066524207592 1.6975202560424805 -0.002795554930344224
v 0.009192532859742641 1.6957134008407593 0
v 0.007305137347429991 1.6975202560424805 0
v 0.007305137347429991 1.6975202560424805 0
v 0.005071419291198254 1.6988756656646729 0
v 0.006749066524207592 1.6975202560424805 0.002795554930344224
v 0.00468538049608469 1.6988756656646729 0.0019407480722293258
v 0.006749066524207592 1.6975202560424805 0.002795554930344224
v 0.00468538049608469 1.6988756656646729 0.0019407480722293258
v 0.005165512207895517 1.6975202560424805 0.005165512207895517
v 0.003586034756153822 1.6988756656646729 0.003586034756153822
v 0.005165512207895517 1.6975202560424805 0.005165512207895517
v 0.003586034756153822 1.6988756656646729 0.003586034756153822
v 0.002795554930344224 1.6975202560424805 0.006749066524207592
v 0.0019407480722293258 1.6988756656646729 0.00468538049608469
v 0.002795554930344224 1.6975202560424805 0.006749066524207592
v 0.0019407480722293258 1.6988756656646729 0.00468538049608469
v 4.473106341399677e-19 1.6975202560424805 0.007305137347429991
v 3.1053487228825262e-19 1.6988756656646729 0.005071419291198254
v 4.473106341399677e-19 1.6975202560424805 0.007305137347429991
v 3.1053487228825262e-19 1.6988756656646729 0.005071419291198254
v -0.002795554930344224 1.6975202560424805 0.006749066524207592
v -0.0019407480722293258 1.6988756656646729 0.00468538049608469
v -0.002795554930344224 1.6975202560424805 0.006749066524207592
v -0.0019407480722293258 1.6988756656646729 0.00468538049608469
v -0.005165512207895517 1.6975202560424805 0.005165512207895517
v -0.003586034756153822 1.6988756656646729 0.003586034756153822
v -0.005165512207895517 1.6975202560424805 0.005165512207895517
v -0.003586034756153822 1.6988756656646729 0.003586034756153822
v -0.006749066524207592 1.6975202560424805 0.002795554930344224
v -0.00468538049608469 1.6988756656646729 0.0019407480722293258
v -0.006749066524207592 1.6975202560424805 0.002795554930344224
v -0.00468538049608469 1.6988756656646729 0.0019407480722293258
v -0.007305137347429991 1.6975202560424805 8.946212682799354e-19
v -0.005071419291198254 1.6988756656646729 6.2106974457650525e-19
v -0.007305137347429991 1.6975202560424805 8.946212682799354e-19
v -0.005071419291198254 1.6988756656646729 6.2106974457650525e-19
v -0.006749066524207592 1.6975202560424805 -0.002795554930344224
v -0.00468538049608469 1.6988756656646729 -0.0019407480722293258
v -0.006749066524207592 1.6975202560424805 -0.002795554930344224
v -0.00468538049608469 1.6988756656646729 -0.0019407480722293258
v -0.005165512207895517 1.6975202560424805 -0.005165512207895517
v -0.003586034756153822 1.6988756656646729 -0.003586034756153822
v -0.005165512207895517 1.6975202560424805 -0.005165512207895517
v -0.003586034756153822 1.6988756656646729 -0.003586034756153822
v -0.002795554930344224 1.6975202560424805 -0.006749066524207592
v -0.0019407480722293258 1.6988756656646729 -0.00468538049608469
v -0.002795554930344224 1.6975202560424805 -0.006749066524207592
v -0.0019407480722293258 1.6988756656646729 -0.00468538049608469
v -1.3419319024199032e-18 1.6975202560424805 -0.007305137347429991
v -9.316046168647579e-19 1.6988756656646729 -0.005071419291198254
v -1.3419319024199032e-18 1.6975202560424805 -0.007305137347429991
v -9.316046168647579e-19 1.6988756656646729 -0.005071419291198254
v 0.002795554930344224 1.6975202560424805 -0.006749066524207592
v 0.0019407480722293258 1.6988756656646729 -0.00468538049608469
v 0.002795554930344224 1.6975202560424805 -0.006749066524207592
v 0.0019407480722293258 1.6988756656646729 -0.00468538049608469
v 0.005165512207895517 1.6975202560424805 -0.005165512207895517
v 0.003586034756153822 1.6988756656646729 -0.003586034756153822
v 0.005165512207895517 1.6975202560424805 -0.005165512207895517
v 0.003586034756153822 1.6988756656646729 -0.003586034756153822
v 0.006749066524207592 1.6975202560424805 -0.002795554930344224
v 0.00468538049608469 1.6988756656646729 -0.0019407480722293258
v 0.006749066524207592 1.6975202560424805 -0.002795554930344224
v 0.00468538049608469 1.6988756656646729 -0.0019407480722293258
v 0.007305137347429991 1.6975202560424805 0
v 0.005071419291198254 1.6988756656646729 0
v 0.005071419291198254 1.6988756656646729 0
v 0.002597275422886014 1.699715495109558 0
v 0.00468538049608469 1.6988756656646729 0.0019407480722293258
v 0.002399569610133767 1.699715495109558 0.0009939342271536589
v 0.00468538049608469 1.6988756656646729 0.0019407480722293258
v 0.002399569610133767 1.699715495109558 0.0009939342271536589
v 0.003586034756153822 1.6988756656646729 0.003586034756153822
v 0.001836551004089415 1.699715495109558 0.001836551004089415
v 0.003586034756153822 1.6988756656646729 0.003586034756153822
v 0.001836551004089415 1.699715495109558 0.001836551004089415
v 0.0019407480722293258 1.6988756656646729 0.00468538049608469
v 0.0009939342271536589 1.699715495109558 0.002399569610133767
v 0.0019407480722293258 1.6988756656646729 0.00468538049608469
v 0.0009939342271536589 1.699715495109558 0.002399569610133767
v 3.1053487228825262e-19 1.6988756656646729 0.005071419291198254
v 1.5903724716235138e-19 1.699715495109558 0.002597275422886014
v 3.1053487228825262e-19 1.6988756656646729 0.005071419291198254
v 1.5903724716235138e-19 1.699715495109558 0.002597275422886014
v -0.0019407480722293258 1.6988756656646729 0.00468538049608469
v -0.0009939342271536589 1.699715495109558 0.002399569610133767
v -0.0019407480722293258 1.6988756656646729 0.00468538049608469
v -0.0009939342271536589 1.699715495109558 0.002399569610133767
v -0.003586034756153822 1.6988756656646729 0.003586034756153822
v -0.001836551004089415 1.699715495109558 0.001836551004089415
v -0.003586034756153822 1.6988756656646729 0.003586034756153822
v -0.001836551004089415 1.699715495109558 0.001836551004089415
v -0.00468538049608469 1.6988756656646729 0.0019407480722293258
v -0.002399569610133767 1.699715495109558 0.0009939342271536589
v -0.00468538049608469 1.6988756656646729 0.0019407480722293258
v -0.002399569610133767 1.699715495109558 0.0009939342271536589
v -0.005071419291198254 1.6988756656646729 6.2106974457650525e-19
v -0.002597275422886014 1.699715495109558 3.1807449432470276e-19
v -0.005071419291198254 1.6988756656646729 6.2106974457650525e-19
v -0.002597275422886014 1.699715495109558 3.1807449432470276e-19
v -0.00468538049608469 1.6988756656646729 -0.0019407480722293258
v -0.002399569610133767 1.699715495109558 -0.0009939342271536589
v -0.00468538049608469 1.6988756656646729 -0.0019407480722293258
v -0.002399569610133767 1.699715495109558 -0.0009939342271536589
v -0.003586034756153822 1.6988756656646729 -0.003586034756153822
v -0.001836551004089415 1.699715495109558 -0.001836551004089415
v -0.003586034756153822 1.6988756656646729 -0.003586034756153822
v -0.001836551004089415 1.699715495109558 -0.001836551004089415
v -0.0019407480722293258 1.6988756656646729 -0.00468538049608469
v -0.0009939342271536589 1.699715495109558 -0.002399569610133767
v -0.0019407480722293258 1.6988756656646729 -0.00468538049608469
v -0.0009939342271536589 1.699715495109558 -0.002399569610133767
v -9.316046168647579e-19 1.6988756656646729 -0.005071419291198254
v -4.771117285623571e-19 1.699715495109558 -0.002597275422886014
v -9.316046168647579e-19 1.6988756656646729 -0.005071419291198254
v -4.771117285623571e-19 1.699715495109558 -0.002597275422886014
v 0.0019407480722293258 1.6988756656646729 -0.00468538049608469
v 0.0009939342271536589 1.699715495109558 -0.002399569610133767
v 0.0019407480722293258 1.6988756656646729 -0.00468538049608469
v 0.0009939342271536589 1.699715495109558 -0.002399569610133767
v 0.003586034756153822 1.6988756656646729 -0.003586034756153822
v 0.001836551004089415 1.699715495109558 -0.001836551004089415
v 0.003586034756153822 1.6988756656646729 -0.003586034756153822
v 0.001836551004089415 1.699715495109558 -0.001836551004089415
v 0.00468538049608469 1.6988756656646729 -0.0019407480722293258
v 0.002399569610133767 1.699715495109558 -0.0009939342271536589
v 0.00468538049608469 1.6988756656646729 -0.0019407480722293258
v 0.002399569610133767 1.699715495109558 -0.0009939342271536589
v 0.005071419291198254 1.6988756656646729 0
v 0.002597275422886014 1.699715495109558 0
v 0.002597275422886014 1.699715495109558 0
v 0 1.7000000476837158 0
v 0.002399569610133767 1.699715495109558 0.0009939342271536589
v 0.002399569610133767 1.699715495109558 0.0009939342271536589
v 0.001836551004089415 1.699715495109558 0.001836551004089415
v 0.001836551004089415 1.699715495109558 0.001836551004089415
v 0.0009939342271536589 1.699715495109558 0.002399569610133767
v 0.0009939342271536589 1.699715495109558 0.002399569610133767
v 1.5903724716235138e-19 1.699715495109558 0.002597275422886014
v 1.5903724716235138e-19 1.699715495109558 0.002597275422886014
v -0.0009939342271536589 1.699715495109558 0.002399569610133767
v -0.0009939342271536589 1.699715495109558 0.002399569610133767
v -0.001836551004089415 1.699715495109558 0.001836551004089415
v -0.001836551004089415 1.699715495109558 0.001836551004089415
v -0.002399569610133767 1.699715495109558 0.0009939342271536589
v -0.002399569610133767 1.699715495109558 0.0009939342271536589
v -0.002597275422886014 1.699715495109558 3.1807449432470276e-19
v -0.002597275422886014 1.699715495109558 3.1807449432470276e-19
v -0.002399569610133767 1.699715495109558 -0.0009939342271536589
v -0.002399569610133767 1.699715495109558 -0.0009939342271536589
v -0.001836551004089415 1.699715495109558 -0.001836551004089415
v -0.001836551004089415 1.699715495109558 -0.001836551004089415
v -0.0009939342271536589 1.699715495109558 -0.002399569610133767
v -0.0009939342271536589 1.699715495109558 -0.002399569610133767
v -4.771117285623571e-19 1.699715495109558 -0.002597275422886014
v -4.771117285623571e-19 1.699715495109558 -0.002597275422886014
v 0.0009939342271536589 1.699715495109558 -0.002399569610133767
v 0.0009939342271536589 1.699715495109558 -0.002399569610133767
v 0.001836551004089415 1.699715495109558 -0.001836551004089415
v 0.001836551004089415 1.699715495109558 -0.001836551004089415
v 0.002399569610133767 1.699715495109558 -0.0009939342271536589
v 0.002399569610133767 1.699715495109558 -0.0009939342271536589
v 0.002597275422886014 1.699715495109558 0
vt 0 0
vt 0 0.006000000052154064
vt 0.0625 0.006000000052154064
vt 0.125 0.006000000052154064
vt 0.1875 0.006000000052154064
vt 0.25 0.006000000052154064
vt 0.3125 0.006000000052154064
vt 0.375 0.006000000052154064
vt 0.4375 0.006000000052154064
vt 0.5 0.006000000052154064
vt 0.5625 0.006000000052154064
vt 0.625 0.006000000052154064
vt 0.6875 0.006000000052154064
vt 0.75 0.006000000052154064
vt 0.8125 0.006000000052154064
vt 0.875 0.006000000052154064
vt 0.9375 0.006000000052154064
vt 1 0.006000000052154064
vt 0 0.006000000052154064
vt 0 0.009607695043087006
vt 0.0625 0.006000000052154064
vt 0.0625 0.009607695043087006
vt 0.0625 0.006000000052154064
vt 0.0625 0.009607695043087006
vt 0.125 0.006000000052154064
vt 0.125 0.009607695043087006
vt 0.125 0.006000000052154064
vt 0.125 0.009607695043087006
vt 0.1875 0.006000000052154064
vt 0.1875 0.009607695043087006
vt 0.1875 0.006000000052154064
vt 0.1875 0.009607695043087006
vt 0.25 0.006000000052154064
vt 0.25 0.009607695043087006
vt 0.25 0.006000000052154064
vt 0.25 0.009607695043087006
vt 0.3125 0.006000000052154064
vt 0.3125 0.009607695043087006
vt 0.3125 0.006000000052154064
vt 0.3125 0.009607695043087006
vt 0.375 0.006000000052154064
vt 0.375 0.009607695043087006
vt 0.375 0.006000000052154064
vt 0.375 0.009607695043087006
vt 0.4375 0.006000000052154064
vt 0.4375 0.009607695043087006
vt 0.4375 0.006000000052154064
vt 0.4375 0.009607695043087006
vt 0.5 0.006000000052154064
vt 0.5 0.009607695043087006
vt 0.5 0.006000000052154064
vt 0.5 0.009607695043087006
vt 0.5625 0.006000000052154064
vt 0.5625 0.009607695043087006
vt 0.5625 0.006000000052154064
vt 0.5625 0.009607695043087006
vt 0.625 0.006000000052154064
vt 0.625 0.009607695043087006
vt 0.625 0.006000000052154064
vt 0.625 0.009607695043087006
vt 0.6875 0.006000000052154064
vt 0.6875 0.009607695043087006
vt 0.6875 0.006000000052154064
vt 0.6875 0.009607695043087006
vt 0.75 0.006000000052154064
vt 0.75 0.009607695043087006
vt 0.75 0.006000000052154064
vt 0.75 0.009607695043087006
vt 0.8125 0.006000000052154064
vt 0.8125 0.009607695043087006
vt 0.8125 0.006000000052154064
vt 0.8125 0.009607695043087006
vt 0.875 0.006000000052154064
vt 0.875 0.009607695043087006
vt 0.875 0.006000000052154064
vt 0.875 0.009607695043087006
vt 0.9375 0.006000000052154064
vt 0.9375 0.009607695043087006
vt 0.9375 0.006000000052154064
vt 0.9375 0.009607695043087006
vt 1 0.006000000052154064
vt 1 0.009607695043087006
vt 0 0.009607695043087006
vt 0 0.012220500037074089
vt 0.0625 0.009607695043087006
vt 0.0625 0.012220500037074089
vt 0.0625 0.009607695043087006
vt 0.0625 0.012220500037074089
vt 0.125 0.009607695043087006
vt 0.125 0.012220500037074089
vt 0.125 0.009607695043087006
vt 0.125 0.012220500037074089
vt 0.1875 0.009607695043087006
vt 0.1875 0.012220500037074089
vt 0.1875 0.009607695043087006
vt 0.1875 0.012220500037074089
vt 0.25 0.009607695043087006
vt 0.25 0.012220500037074089
vt 0.25 0.009607695043087006
vt 0.25 0.012220500037074089
vt 0.3125 0.009607695043087006
vt 0.3125 0.012220500037074089
vt 0.3125 0.009607695043087006
vt 0.3125 0.012220500037074089
vt 0.375 0.009607695043087006
vt 0.375 0.012220500037074089
vt 0.375 0.009607695043087006
vt 0.375 0.012220500037074089
vt 0.4375 0.009607695043087006
vt 0.4375 0.012220500037074089
vt 0.4375 0.009607695043087006
vt 0.4375 0.012220500037074089
vt 0.5 0.009607695043087006
vt 0.5 0.012220500037074089
vt 0.5 0.009607695043087006
vt 0.5 0.012220500037074089
vt 0.5625 0.009607695043087006
vt 0.5625 0.012220500037074089
vt 0.5625 0.009607695043087006
vt 0.5625 0.012220500037074089
vt 0.625 0.009607695043087006
vt 0.625 0.012220500037074089
vt 0.625 0.009607695043087006
vt 0.625 0.012220500037074089
vt 0.6875 0.009607695043087006
vt 0.6875 0.012220500037074089
vt 0.6875 0.009607695043087006
vt 0.6875 0.012220500037074089
vt 0.75 0.009607695043087006
vt 0.75 0.012220500037074089
vt 0.75 0.009607695043087006
vt 0.75 0.012220500037074089
vt 0.8125 0.009607695043087006
vt 0.8125 0.012220500037074089
vt 0.8125 0.009607695043087006
vt 0.8125 0.012220500037074089
vt 0.875 0.009607695043087006
vt 0.875 0.012220500037074089
vt 0.875 0.009607695043087006
vt 0.875 0.012220500037074089
vt 0.9375 0.009607695043087006
vt 0.9375 0.012220500037074089
vt 0.9375 0.009607695043087006
vt 0.9375 0.012220500037074089
vt 1 0.009607695043087006
vt 1 0.012220500037074089
vt 0 0.012220500037074089
vt 0 0.014833305031061172
vt 0.0625 0.012220500037074089
vt 0.0625 0.014833305031061172
vt 0.0625 0.012220500037074089
vt 0.0625 0.014833305031061172
vt 0.125 0.012220500037074089
vt 0.125 0.014833305031061172
vt 0.125 0.012220500037074089
vt 0.125 0.014833305031061172
vt 0.1875 0.012220500037074089
vt 0.1875 0.014833305031061172
vt 0.1875 0.012220500037074089
vt 0.1875 0.014833305031061172
vt 0.25 0.012220500037074089
vt 0.25 0.014833305031061172
vt 0.25 0.012220500037074089
vt 0.25 0.014833305031061172
vt 0.3125 0.012220500037074089
vt 0.3125 0.014833305031061172
vt 0.3125 0.012220500037074089
vt 0.3125 0.014833305031061172
vt 0.375 0.012220500037074089
vt 0.375 0.014833305031061172
vt 0.375 0.012220500037074089
vt 0.375 0.014833305031061172
vt 0.4375 0.012220500037074089
vt 0.4375 0.014833305031061172
vt 0.4375 0.012220500037074089
vt 0.4375 0.014833305031061172
vt 0.5 0.012220500037074089
vt 0.5 0.014833305031061172
vt 0.5 0.012220500037074089
vt 0.5 0.014833305031061172
vt 0.5625 0.012220500037074089
vt 0.5625 0.014833305031061172
vt 0.5625 0.012220500037074089
vt 0.5625 0.014833305031061172
vt 0.625 0.012220500037074089
vt 0.625 0.014833305031061172
vt 0.625 0.012220500037074089
vt 0.625 0.014833305031061172
vt 0.6875 0.012220500037074089
vt 0.6875 0.014833305031061172
vt 0.6875 0.012220500037074089
vt 0.6875 0.014833305031061172
vt 0.75 0.012220500037074089
vt 0.75 0.014833305031061172
vt 0.75 0.012220500037074089
vt 0.75 0.014833305031061172
vt 0.8125 0.012220500037074089
vt 0.8125 0.014833305031061172
vt 0.8125 0.012220500037074089
vt 0.8125 0.014833305031061172
vt 0.875 0.012220500037074089
vt 0.875 0.014833305031061172
vt 0.875 0.012220500037074089
vt 0.875 0.014833305031061172
vt 0.9375 0.012220500037074089
vt 0.9375 0.014833305031061172
vt 0.9375 0.012220500037074089
vt 0.9375 0.014833305031061172
vt 1 0.012220500037074089
vt 1 0.014833305031061172
vt 0 0.014833305031061172
vt 0 0.017446110025048256
vt 0.0625 0.014833305031061172
vt 0.0625 0.017446110025048256
vt 0.0625 0.017446110025048256
vt 0.125 0.017446110025048256
vt 0.125 0.017446110025048256
vt 0.1875 0.017446110025048256
vt 0.1875 0.014833305031061172
vt 0.1875 0.017446110025048256
vt 0.25 0.014833305031061172
vt 0.25 0.017446110025048256
vt 0.25 0.014833305031061172
vt 0.3125 0.014833305031061172
vt 0.3125 0.017446110025048256
vt 0.3125 0.017446110025048256
vt 0.375 0.017446110025048256
vt 0.375 0.017446110025048256
vt 0.4375 0.017446110025048256
vt 0.4375 0.014833305031061172
vt 0.4375 0.017446110025048256
vt 0.5 0.014833305031061172
vt 0.5 0.017446110025048256
vt 0.5 0.014833305031061172
vt 0.5625 0.014833305031061172
vt 0.5625 0.017446110025048256
vt 0.5625 0.017446110025048256
vt 0.625 0.017446110025048256
vt 0.625 0.017446110025048256
vt 0.6875 0.017446110025048256
vt 0.6875 0.014833305031061172
vt 0.6875 0.017446110025048256
vt 0.75 0.014833305031061172
vt 0.75 0.017446110025048256
vt 0.75 0.014833305031061172
vt 0.8125 0.014833305031061172
vt 0.8125 0.017446110025048256
vt 0.8125 0.017446110025048256
vt 0.875 0.017446110025048256
vt 0.875 0.017446110025048256
vt 0.9375 0.017446110025048256
vt 0.9375 0.014833305031061172
vt 0.9375 0.017446110025048256
vt 1 0.014833305031061172
vt 1 0.017446110025048256
vt 0 0.02005891501903534
vt 0.0625 0.02005891501903534
vt 0.0625 0.017446110025048256
vt 0.0625 0.02005891501903534
vt 0.125 0.017446110025048256
vt 0.125 0.02005891501903534
vt 0.125 0.017446110025048256
vt 0.125 0.02005891501903534
vt 0.1875 0.017446110025048256
vt 0.1875 0.02005891501903534
vt 0.1875 0.02005891501903534
vt 0.25 0.02005891501903534
vt 0.3125 0.02005891501903534
vt 0.3125 0.017446110025048256
vt 0.3125 0.02005891501903534
vt 0.375 0.017446110025048256
vt 0.375 0.02005891501903534
vt 0.375 0.017446110025048256
vt 0.375 0.02005891501903534
vt 0.4375 0.017446110025048256
vt 0.4375 0.02005891501903534
vt 0.4375 0.02005891501903534
vt 0.5 0.02005891501903534
vt 0.5625 0.02005891501903534
vt 0.5625 0.017446110025048256
vt 0.5625 0.02005891501903534
vt 0.625 0.017446110025048256
vt 0.625 0.02005891501903534
vt 0.625 0.017446110025048256
vt 0.625 0.02005891501903534
vt 0.6875 0.017446110025048256
vt 0.6875 0.02005891501903534
vt 0.6875 0.02005891501903534
vt 0.75 0.02005891501903534
vt 0.8125 0.02005891501903534
vt 0.8125 0.017446110025048256
vt 0.8125 0.02005891501903534
vt 0.875 0.017446110025048256
vt 0.875 0.02005891501903534
vt 0.875 0.017446110025048256
vt 0.875 0.02005891501903534
vt 0.9375 0.017446110025048256
vt 0.9375 0.02005891501903534
vt 0.9375 0.02005891501903534
vt 1 0.02005891501903534
vt 0 0.022671720013022423
vt 0.0625 0.022671720013022423
vt 0.0625 0.022671720013022423
vt 0.125 0.022671720013022423
vt 0.125 0.022671720013022423
vt 0.1875 0.022671720013022423
vt 0.1875 0.022671720013022423
vt 0.25 0.022671720013022423
vt 0.3125 0.022671720013022423
vt 0.3125 0.022671720013022423
vt 0.375 0.022671720013022423
vt 0.375 0.022671720013022423
vt 0.4375 0.022671720013022423
vt 0.4375 0.022671720013022423
vt 0.5 0.022671720013022423
vt 0.5625 0.022671720013022423
vt 0.5625 0.022671720013022423
vt 0.625 0.022671720013022423
vt 0.625 0.022671720013022423
vt 0.6875 0.022671720013022423
vt 0.6875 0.022671720013022423
vt 0.75 0.022671720013022423
vt 0.8125 0.022671720013022423
vt 0.8125 0.022671720013022423
vt 0.875 0.022671720013022423
vt 0.875 0.022671720013022423
vt 0.9375 0.022671720013022423
vt 0.9375 0.022671720013022423
vt 1 0.022671720013022423
vt 0 0.025284525007009506
vt 0.0625 0.025284525007009506
vt 0.0625 0.025284525007009506
vt 0.125 0.022671720013022423
vt 0.125 0.025284525007009506
vt 0.125 0.022671720013022423
vt 0.125 0.025284525007009506
vt 0.1875 0.025284525007009506
vt 0.1875 0.025284525007009506
vt 0.25 0.025284525007009506
vt 0.3125 0.025284525007009506
vt 0.3125 0.025284525007009506
vt 0.375 0.022671720013022423
vt 0.375 0.025284525007009506
vt 0.375 0.022671720013022423
vt 0.375 0.025284525007009506
vt 0.4375 0.025284525007009506
vt 0.4375 0.025284525007009506
vt 0.5 0.025284525007009506
vt 0.5625 0.025284525007009506
vt 0.5625 0.025284525007009506
vt 0.625 0.022671720013022423
vt 0.625 0.025284525007009506
vt 0.625 0.022671720013022423
vt 0.625 0.025284525007009506
vt 0.6875 0.025284525007009506
vt 0.6875 0.025284525007009506
vt 0.75 0.025284525007009506
vt 0.8125 0.025284525007009506
vt 0.8125 0.025284525007009506
vt 0.875 0.022671720013022423
vt 0.875 0.025284525007009506
vt 0.875 0.022671720013022423
vt 0.875 0.025284525007009506
vt 0.9375 0.025284525007009506
vt 0.9375 0.025284525007009506
vt 1 0.025284525007009506
vt 0 0.02789733000099659
vt 0.0625 0.02789733000099659
vt 0.0625 0.02789733000099659
vt 0.125 0.025284525007009506
vt 0.125 0.02789733000099659
vt 0.125 0.025284525007009506
vt 0.125 0.02789733000099659
vt 0.1875 0.02789733000099659
vt 0.1875 0.02789733000099659
vt 0.25 0.02789733000099659
vt 0.3125 0.02789733000099659
vt 0.3125 0.02789733000099659
vt 0.375 0.025284525007009506
vt 0.375 0.02789733000099659
vt 0.375 0.025284525007009506
vt 0.375 0.02789733000099659
vt 0.4375 0.02789733000099659
vt 0.4375 0.02789733000099659
vt 0.5 0.02789733000099659
vt 0.5625 0.02789733000099659
vt 0.5625 0.02789733000099659
vt 0.625 0.025284525007009506
vt 0.625 0.02789733000099659
vt 0.625 0.025284525007009506
vt 0.625 0.02789733000099659
vt 0.6875 0.02789733000099659
vt 0.6875 0.02789733000099659
vt 0.75 0.02789733000099659
vt 0.8125 0.02789733000099659
vt 0.8125 0.02789733000099659
vt 0.875 0.025284525007009506
vt 0.875 0.02789733000099659
vt 0.875 0.025284525007009506
vt 0.875 0.02789733000099659
vt 0.9375 0.02789733000099659
vt 0.9375 0.02789733000099659
vt 1 0.02789733000099659
vt 0 0.030510134994983673
vt 0.0625 0.02789733000099659
vt 0.0625 0.030510134994983673
vt 0.0625 0.02789733000099659
vt 0.0625 0.030510134994983673
vt 0.125 0.02789733000099659
vt 0.125 0.030510134994983673
vt 0.125 0.02789733000099659
vt 0.125 0.030510134994983673
vt 0.1875 0.02789733000099659
vt 0.1875 0.030510134994983673
vt 0.1875 0.02789733000099659
vt 0.1875 0.030510134994983673
vt 0.25 0.030510134994983673
vt 0.25 0.030510134994983673
vt 0.3125 0.02789733000099659
vt 0.3125 0.030510134994983673
vt 0.3125 0.02789733000099659
vt 0.3125 0.030510134994983673
vt 0.375 0.02789733000099659
vt 0.375 0.030510134994983673
vt 0.375 0.02789733000099659
vt 0.375 0.030510134994983673
vt 0.4375 0.02789733000099659
vt 0.4375 0.030510134994983673
vt 0.4375 0.02789733000099659
vt 0.4375 0.030510134994983673
vt 0.5 0.030510134994983673
vt 0.5 0.030510134994983673
vt 0.5625 0.02789733000099659
vt 0.5625 0.030510134994983673
vt 0.5625 0.02789733000099659
vt 0.5625 0.030510134994983673
vt 0.625 0.02789733000099659
vt 0.625 0.030510134994983673
vt 0.625 0.02789733000099659
vt 0.625 0.030510134994983673
vt 0.6875 0.02789733000099659
vt 0.6875 0.030510134994983673
vt 0.6875 0.02789733000099659
vt 0.6875 0.030510134994983673
vt 0.75 0.030510134994983673
vt 0.75 0.030510134994983673
vt 0.8125 0.02789733000099659
vt 0.8125 0.030510134994983673
vt 0.8125 0.02789733000099659
vt 0.8125 0.030510134994983673
vt 0.875 0.02789733000099659
vt 0.875 0.030510134994983673
vt 0.875 0.02789733000099659
vt 0.875 0.030510134994983673
vt 0.9375 0.02789733000099659
vt 0.9375 0.030510134994983673
vt 0.9375 0.02789733000099659
vt 0.9375 0.030510134994983673
vt 1 0.030510134994983673
vt 0 0.030510134994983673
vt 0 0.033122941851615906
vt 0.0625 0.030510134994983673
vt 0.0625 0.033122941851615906
vt 0.0625 0.030510134994983673
vt 0.0625 0.033122941851615906
vt 0.125 0.030510134994983673
vt 0.125 0.033122941851615906
vt 0.125 0.030510134994983673
vt 0.125 0.033122941851615906
vt 0.1875 0.030510134994983673
vt 0.1875 0.033122941851615906
vt 0.1875 0.030510134994983673
vt 0.1875 0.033122941851615906
vt 0.25 0.030510134994983673
vt 0.25 0.033122941851615906
vt 0.25 0.030510134994983673
vt 0.25 0.033122941851615906
vt 0.3125 0.030510134994983673
vt 0.3125 0.033122941851615906
vt 0.3125 0.030510134994983673
vt 0.3125 0.033122941851615906
vt 0.375 0.030510134994983673
vt 0.375 0.033122941851615906
vt 0.375 0.030510134994983673
vt 0.375 0.033122941851615906
vt 0.4375 0.030510134994983673
vt 0.4375 0.033122941851615906
vt 0.4375 0.030510134994983673
vt 0.4375 0.033122941851615906
vt 0.5 0.030510134994983673
vt 0.5 0.033122941851615906
vt 0.5 0.030510134994983673
vt 0.5 0.033122941851615906
vt 0.5625 0.030510134994983673
vt 0.5625 0.033122941851615906
vt 0.5625 0.030510134994983673
vt 0.5625 0.033122941851615906
vt 0.625 0.030510134994983673
vt 0.625 0.033122941851615906
vt 0.625 0.030510134994983673
vt 0.625 0.033122941851615906
vt 0.6875 0.030510134994983673
vt 0.6875 0.033122941851615906
vt 0.6875 0.030510134994983673
vt 0.6875 0.033122941851615906
vt 0.75 0.030510134994983673
vt 0.75 0.033122941851615906
vt 0.75 0.030510134994983673
vt 0.75 0.033122941851615906
vt 0.8125 0.030510134994983673
vt 0.8125 0.033122941851615906
vt 0.8125 0.030510134994983673
vt 0.8125 0.033122941851615906
vt 0.875 0.030510134994983673
vt 0.875 0.033122941851615906
vt 0.875 0.030510134994983673
vt 0.875 0.033122941851615906
vt 0.9375 0.030510134994983673
vt 0.9375 0.033122941851615906
vt 0.9375 0.030510134994983673
vt 0.9375 0.033122941851615906
vt 1 0.030510134994983673
vt 1 0.033122941851615906
vt 0 0.033122941851615906
vt 0 0.03573574498295784
vt 0.0625 0.033122941851615906
vt 0.0625 0.03573574498295784
vt 0.0625 0.033122941851615906
vt 0.0625 0.03573574498295784
vt 0.125 0.033122941851615906
vt 0.125 0.03573574498295784
vt 0.125 0.033122941851615906
vt 0.125 0.03573574498295784
vt 0.1875 0.033122941851615906
vt 0.1875 0.03573574498295784
vt 0.1875 0.033122941851615906
vt 0.1875 0.03573574498295784
vt 0.25 0.033122941851615906
vt 0.25 0.03573574498295784
vt 0.25 0.033122941851615906
vt 0.25 0.03573574498295784
vt 0.3125 0.033122941851615906
vt 0.3125 0.03573574498295784
vt 0.3125 0.033122941851615906
vt 0.3125 0.03573574498295784
vt 0.375 0.033122941851615906
vt 0.375 0.03573574498295784
vt 0.375 0.033122941851615906
vt 0.375 0.03573574498295784
vt 0.4375 0.033122941851615906
vt 0.4375 0.03573574498295784
vt 0.4375 0.033122941851615906
vt 0.4375 0.03573574498295784
vt 0.5 0.033122941851615906
vt 0.5 0.03573574498295784
vt 0.5 0.033122941851615906
vt 0.5 0.03573574498295784
vt 0.5625 0.033122941851615906
vt 0.5625 0.03573574498295784
vt 0.5625 0.033122941851615906
vt 0.5625 0.03573574498295784
vt 0.625 0.033122941851615906
vt 0.625 0.03573574498295784
vt 0.625 0.033122941851615906
vt 0.625 0.03573574498295784
vt 0.6875 0.033122941851615906
vt 0.6875 0.03573574498295784
vt 0.6875 0.033122941851615906
vt 0.6875 0.03573574498295784
vt 0.75 0.033122941851615906
vt 0.75 0.03573574498295784
vt 0.75 0.033122941851615906
vt 0.75 0.03573574498295784
vt 0.8125 0.033122941851615906
vt 0.8125 0.03573574498295784
vt 0.8125 0.033122941851615906
vt 0.8125 0.03573574498295784
vt 0.875 0.033122941851615906
vt 0.875 0.03573574498295784
vt 0.875 0.033122941851615906
vt 0.875 0.03573574498295784
vt 0.9375 0.033122941851615906
vt 0.9375 0.03573574498295784
vt 0.9375 0.033122941851615906
vt 0.9375 0.03573574498295784
vt 1 0.033122941851615906
vt 1 0.03573574498295784
vt 0 0.03573574498295784
vt 0 0.03834855183959007
vt 0.0625 0.03573574498295784
vt 0.0625 0.03834855183959007
vt 0.0625 0.03573574498295784
vt 0.0625 0.03834855183959007
vt 0.125 0.03573574498295784
vt 0.125 0.03834855183959007
vt 0.125 0.03573574498295784
vt 0.125 0.03834855183959007
vt 0.1875 0.03573574498295784
vt 0.1875 0.03834855183959007
vt 0.1875 0.03573574498295784
vt 0.1875 0.03834855183959007
vt 0.25 0.03573574498295784
vt 0.25 0.03834855183959007
vt 0.25 0.03573574498295784
vt 0.25 0.03834855183959007
vt 0.3125 0.03573574498295784
vt 0.3125 0.03834855183959007
vt 0.3125 0.03573574498295784
vt 0.3125 0.03834855183959007
vt 0.375 0.03573574498295784
vt 0.375 0.03834855183959007
vt 0.375 0.03573574498295784
vt 0.375 0.03834855183959007
vt 0.4375 0.03573574498295784
vt 0.4375 0.03834855183959007
vt 0.4375 0.03573574498295784
vt 0.4375 0.03834855183959007
vt 0.5 0.03573574498295784
vt 0.5 0.03834855183959007
vt 0.5 0.03573574498295784
vt 0.5 0.03834855183959007
vt 0.5625 0.03573574498295784
vt 0.5625 0.03834855183959007
vt 0.5625 0.03573574498295784
vt 0.5625 0.03834855183959007
vt 0.625 0.03573574498295784
vt 0.625 0.03834855183959007
vt 0.625 0.03573574498295784
vt 0.625 0.03834855183959007
vt 0.6875 0.03573574498295784
vt 0.6875 0.03834855183959007
vt 0.6875 0.03573574498295784
vt 0.6875 0.03834855183959007
vt 0.75 0.03573574498295784
vt 0.75 0.03834855183959007
vt 0.75 0.03573574498295784
vt 0.75 0.03834855183959007
vt 0.8125 0.03573574498295784
vt 0.8125 0.03834855183959007
vt 0.8125 0.03573574498295784
vt 0.8125 0.03834855183959007
vt 0.875 0.03573574498295784
vt 0.875 0.03834855183959007
vt 0.875 0.03573574498295784
vt 0.875 0.03834855183959007
vt 0.9375 0.03573574498295784
vt 0.9375 0.03834855183959007
vt 0.9375 0.03573574498295784
vt 0.9375 0.03834855183959007
vt 1 0.03573574498295784
vt 1 0.03834855183959007
vt 0 0.03834855183959007
vt 0 0.04096135497093201
vt 0.0625 0.03834855183959007
vt 0.0625 0.03834855183959007
vt 0.125 0.03834855183959007
vt 0.125 0.03834855183959007
vt 0.1875 0.03834855183959007
vt 0.1875 0.03834855183959007
vt 0.25 0.03834855183959007
vt 0.25 0.03834855183959007
vt 0.3125 0.03834855183959007
vt 0.3125 0.03834855183959007
vt 0.375 0.03834855183959007
vt 0.375 0.03834855183959007
vt 0.4375 0.03834855183959007
vt 0.4375 0.03834855183959007
vt 0.5 0.03834855183959007
vt 0.5 0.03834855183959007
vt 0.5625 0.03834855183959007
vt 0.5625 0.03834855183959007
vt 0.625 0.03834855183959007
vt 0.625 0.03834855183959007
vt 0.6875 0.03834855183959007
vt 0.6875 0.03834855183959007
vt 0.75 0.03834855183959007
vt 0.75 0.03834855183959007
vt 0.8125 0.03834855183959007
vt 0.8125 0.03834855183959007
vt 0.875 0.03834855183959007
vt 0.875 0.03834855183959007
vt 0.9375 0.03834855183959007
vt 0.9375 0.03834855183959007
vt 1 0.03834855183959007
vn -6.3974140303045035e-18 -1 -1.0129238536656875e-17
vn -6.3974140303045035e-18 -1 -1.0129238536656875e-17
vn -6.3974140303045035e-18 -1 -1.0129238536656875e-17
vn -6.3974140303045035e-18 -1 -1.0129238536656875e-17
vn -6.3974140303045035e-18 -1 -1.0129238536656875e-17
vn -6.3974140303045035e-18 -1 -1.0129238536656875e-17
vn -6.3974140303045035e-18 -1 -1.0129238536656875e-17
vn -6.3974140303045035e-18 -1 -1.0129238536656875e-17
vn -6.3974140303045035e-18 -1 -1.0129238536656875e-17
vn -6.3974140303045035e-18 -1 -1.0129238536656875e-17
vn -6.3974140303045035e-18 -1 -1.0129238536656875e-17
vn -6.3974140303045035e-18 -1 -1.0129238536656875e-17
vn -6.3974140303045035e-18 -1 -1.0129238536656875e-17
vn -6.3974140303045035e-18 -1 -1.0129238536656875e-17
vn -6.3974140303045035e-18 -1 -1.0129238536656875e-17
vn -6.3974140303045035e-18 -1 -1.0129238536656875e-17
vn -6.3974140303045035e-18 -1 -1.0129238536656875e-17
vn -6.3974140303045035e-18 -1 -1.0129238536656875e-17
vn 0.865926206111908 -0.4695785641670227 0.17224343121051788
vn 0.865926206111908 -0.4695785641670227 0.17224343121051788
vn 0.865926206111908 -0.4695785641670227 0.17224343121051788
vn 0.865926206111908 -0.4695785641670227 0.17224343121051788
vn 0.7340967655181885 -0.4695785641670227 0.4905077815055847
vn 0.7340967655181885 -0.4695785641670227 0.4905077815055847
vn 0.7340967655181885 -0.4695785641670227 0.4905077815055847
vn 0.7340967655181885 -0.4695785641670227 0.4905077815055847
vn 0.4905077815055847 -0.4695785641670227 0.7340967655181885
vn 0.4905077815055847 -0.4695785641670227 0.7340967655181885
vn 0.4905077815055847 -0.4695785641670227 0.7340967655181885
vn 0.4905077815055847 -0.4695785641670227 0.7340967655181885
vn 0.17224343121051788 -0.4695785641670227 0.865926206111908
vn 0.17224343121051788 -0.4695785641670227 0.865926206111908
vn 0.17224343121051788 -0.4695785641670227 0.865926206111908
vn 0.17224343121051788 -0.4695785641670227 0.865926206111908
vn -0.17224343121051788 -0.4695785641670227 0.865926206111908
vn -0.17224343121051788 -0.4695785641670227 0.865926206111908
vn -0.17224343121051788 -0.4695785641670227 0.865926206111908
vn -0.17224343121051788 -0.4695785641670227 0.865926206111908
vn -0.4905077815055847 -0.4695785641670227 0.7340967655181885
vn -0.4905077815055847 -0.4695785641670227 0.7340967655181885
vn -0.4905077815055847 -0.4695785641670227 0.7340967655181885
vn -0.4905077815055847 -0.4695785641670227 0.7340967655181885
vn -0.7340967655181885 -0.4695785641670227 0.4905077815055847
vn -0.7340967655181885 -0.4695785641670227 0.4905077815055847
vn -0.7340967655181885 -0.4695785641670227 0.4905077815055847
vn -0.7340967655181885 -0.4695785641670227 0.4905077815055847
vn -0.865926206111908 -0.4695785641670227 0.17224343121051788
vn -0.865926206111908 -0.4695785641670227 0.17224343121051788
vn -0.865926206111908 -0.4695785641670227 0.17224343121051788
vn -0.865926206111908 -0.4695785641670227 0.17224343121051788
vn -0.865926206111908 -0.4695785641670227 -0.17224343121051788
vn -0.865926206111908 -0.4695785641670227 -0.17224343121051788
vn -0.865926206111908 -0.4695785641670227 -0.17224343121051788
vn -0.865926206111908 -0.4695785641670227 -0.17224343121051788
vn -0.7340967655181885 -0.4695785641670227 -0.4905077815055847
vn -0.7340967655181885 -0.4695785641670227 -0.4905077815055847
vn -0.7340967655181885 -0.4695785641670227 -0.4905077815055847
vn -0.7340967655181885 -0.4695785641670227 -0.4905077815055847
vn -0.4905077815055847 -0.4695785641670227 -0.7340967655181885
vn -0.4905077815055847 -0.4695785641670227 -0.7340967655181885
vn -0.4905077815055847 -0.4695785641670227 -0.7340967655181885
vn -0.4905077815055847 -0.4695785641670227 -0.7340967655181885
vn -0.17224343121051788 -0.4695785641670227 -0.865926206111908
vn -0.17224343121051788 -0.4695785641670227 -0.865926206111908
vn -0.17224343121051788 -0.4695785641670227 -0.865926206111908
vn -0.17224343121051788 -0.4695785641670227 -0.865926206111908
vn 0.17224343121051788 -0.4695785641670227 -0.865926206111908
vn 0.17224343121051788 -0.4695785641670227 -0.865926206111908
vn 0.17224343121051788 -0.4695785641670227 -0.865926206111908
vn 0.17224343121051788 -0.4695785641670227 -0.865926206111908
vn 0.4905077815055847 -0.4695785641670227 -0.7340967655181885
vn 0.4905077815055847 -0.4695785641670227 -0.7340967655181885
vn 0.4905077815055847 -0.4695785641670227 -0.7340967655181885
vn 0.4905077815055847 -0.4695785641670227 -0.7340967655181885
vn 0.7340967655181885 -0.4695785641670227 -0.4905077815055847
vn 0.7340967655181885 -0.4695785641670227 -0.4905077815055847
vn 0.7340967655181885 -0.4695785641670227 -0.4905077815055847
vn 0.7340967655181885 -0.4695785641670227 -0.4905077815055847
vn 0.865926206111908 -0.4695785641670227 -0.17224343121051788
vn 0.865926206111908 -0.4695785641670227 -0.17224343121051788
vn 0.865926206111908 -0.4695785641670227 -0.17224343121051788
vn 0.865926206111908 -0.4695785641670227 -0.17224343121051788
vn 0.340341717004776 -0.9378616809844971 0.06769818067550659
vn 0.340341717004776 -0.9378616809844971 0.06769818067550659
vn 0.340341717004776 -0.9378616809844971 0.06769818067550659
vn 0.340341717004776 -0.9378616809844971 0.06769818067550659
vn 0.28852778673171997 -0.9378616213798523 0.19278809428215027
vn 0.28852778673171997 -0.9378616213798523 0.19278809428215027
vn 0.28852778673171997 -0.9378616213798523 0.19278809428215027
vn 0.28852778673171997 -0.9378616213798523 0.19278809428215027
vn 0.19278809428215027 -0.9378616213798523 0.28852778673171997
vn 0.19278809428215027 -0.9378616213798523 0.28852778673171997
vn 0.19278809428215027 -0.9378616213798523 0.28852778673171997
vn 0.19278809428215027 -0.9378616213798523 0.28852778673171997
vn 0.06769818067550659 -0.9378616809844971 0.340341717004776
vn 0.06769818067550659 -0.9378616809844971 0.340341717004776
vn 0.06769818067550659 -0.9378616809844971 0.340341717004776
vn 0.06769818067550659 -0.9378616809844971 0.340341717004776
vn -0.06769818067550659 -0.9378616809844971 0.340341717004776
vn -0.06769818067550659 -0.9378616809844971 0.340341717004776
vn -0.06769818067550659 -0.9378616809844971 0.340341717004776
vn -0.06769818067550659 -0.9378616809844971 0.340341717004776
vn -0.19278809428215027 -0.9378616213798523 0.28852778673171997
vn -0.19278809428215027 -0.9378616213798523 0.28852778673171997
vn -0.19278809428215027 -0.9378616213798523 0.28852778673171997
vn -0.19278809428215027 -0.9378616213798523 0.28852778673171997
vn -0.28852778673171997 -0.9378616213798523 0.19278809428215027
vn -0.28852778673171997 -0.9378616213798523 0.19278809428215027
vn -0.28852778673171997 -0.9378616213798523 0.19278809428215027
vn -0.28852778673171997 -0.9378616213798523 0.19278809428215027
vn -0.340341717004776 -0.9378616809844971 0.06769818067550659
vn -0.340341717004776 -0.9378616809844971 0.06769818067550659
vn -0.340341717004776 -0.9378616809844971 0.06769818067550659
vn -0.340341717004776 -0.9378616809844971 0.06769818067550659
vn -0.340341717004776 -0.9378616809844971 -0.06769818067550659
vn -0.340341717004776 -0.9378616809844971 -0.06769818067550659
vn -0.340341717004776 -0.9378616809844971 -0.06769818067550659
vn -0.340341717004776 -0.9378616809844971 -0.06769818067550659
vn -0.28852778673171997 -0.9378616213798523 -0.19278809428215027
vn -0.28852778673171997 -0.9378616213798523 -0.19278809428215027
vn -0.28852778673171997 -0.9378616213798523 -0.19278809428215027
vn -0.28852778673171997 -0.9378616213798523 -0.19278809428215027
vn -0.19278809428215027 -0.9378616213798523 -0.28852778673171997
vn -0.19278809428215027 -0.9378616213798523 -0.28852778673171997
vn -0.19278809428215027 -0.9378616213798523 -0.28852778673171997
vn -0.19278809428215027 -0.9378616213798523 -0.28852778673171997
vn -0.06769818067550659 -0.9378616809844971 -0.340341717004776
vn -0.06769818067550659 -0.9378616809844971 -0.340341717004776
vn -0.06769818067550659 -0.9378616809844971 -0.340341717004776
vn -0.06769818067550659 -0.9378616809844971 -0.340341717004776
vn 0.06769818067550659 -0.9378616809844971 -0.340341717004776
vn 0.06769818067550659 -0.9378616809844971 -0.340341717004776
vn 0.06769818067550659 -0.9378616809844971 -0.340341717004776
vn 0.06769818067550659 -0.9378616809844971 -0.340341717004776
vn 0.19278809428215027 -0.9378616213798523 -0.28852778673171997
vn 0.19278809428215027 -0.9378616213798523 -0.28852778673171997
vn 0.19278809428215027 -0.9378616213798523 -0.28852778673171997
vn 0.19278809428215027 -0.9378616213798523 -0.28852778673171997
vn 0.28852778673171997 -0.9378616213798523 -0.19278809428215027
vn 0.28852778673171997 -0.9378616213798523 -0.19278809428215027
vn 0.28852778673171997 -0.9378616213798523 -0.19278809428215027
vn 0.28852778673171997 -0.9378616213798523 -0.19278809428215027
vn 0.340341717004776 -0.9378616809844971 -0.06769818067550659
vn 0.340341717004776 -0.9378616809844971 -0.06769818067550659
vn 0.340341717004776 -0.9378616809844971 -0.06769818067550659
vn 0.340341717004776 -0.9378616809844971 -0.06769818067550659
vn 0.45572465658187866 -0.8854929208755493 0.09064926207065582
vn 0.8061679601669312 -0.5534776449203491 0.20917871594429016
vn 0.45572465658187866 -0.8854929208755493 0.09064926207065582
vn 0.8061679601669312 -0.5534776449203491 0.20917871594429016
vn 0.38634470105171204 -0.8854929208755493 0.258147269487381
vn 0.6764883995056152 -0.5479904413223267 0.49200597405433655
vn 0.38634470105171204 -0.8854929208755493 0.258147269487381
vn 0.6764883995056152 -0.5479904413223267 0.49200597405433655
vn 0.258147269487381 -0.8854929208755493 0.38634470105171204
vn 0.5074679851531982 -0.5441107153892517 0.6681464910507202
vn 0.258147269487381 -0.8854929208755493 0.38634470105171204
vn 0.5074679851531982 -0.5441107153892517 0.6681464910507202
vn 0.09064926952123642 -0.8854929208755493 0.45572465658187866
vn 0.19244521856307983 -0.5647026300430298 0.8025432825088501
vn 0.09064926952123642 -0.8854929208755493 0.45572465658187866
vn 0.19244521856307983 -0.5647026300430298 0.8025432825088501
vn -0.09064926207065582 -0.8854929208755493 0.45572465658187866
vn -0.20917871594429016 -0.5534776449203491 0.8061679601669312
vn -0.09064926207065582 -0.8854929208755493 0.45572465658187866
vn -0.20917871594429016 -0.5534776449203491 0.8061679601669312
vn -0.258147269487381 -0.8854929208755493 0.38634470105171204
vn -0.49200597405433655 -0.5479904413223267 0.6764883995056152
vn -0.258147269487381 -0.8854929208755493 0.38634470105171204
vn -0.49200597405433655 -0.5479904413223267 0.6764883995056152
vn -0.38634470105171204 -0.8854929208755493 0.258147269487381
vn -0.6681464910507202 -0.5441107153892517 0.5074679851531982
vn -0.38634470105171204 -0.8854929208755493 0.258147269487381
vn -0.6681464910507202 -0.5441107153892517 0.5074679851531982
vn -0.45572465658187866 -0.8854929208755493 0.09064926952123642
vn -0.8025432825088501 -0.5647026300430298 0.19244521856307983
vn -0.45572465658187866 -0.8854929208755493 0.09064926952123642
vn -0.8025432825088501 -0.5647026300430298 0.19244521856307983
vn -0.45572465658187866 -0.8854929208755493 -0.09064926207065582
vn -0.8061679601669312 -0.5534776449203491 -0.20917871594429016
vn -0.45572465658187866 -0.8854929208755493 -0.09064926207065582
vn -0.8061679601669312 -0.5534776449203491 -0.20917871594429016
vn -0.38634470105171204 -0.8854929208755493 -0.258147269487381
vn -0.6764883995056152 -0.5479904413223267 -0.49200597405433655
vn -0.38634470105171204 -0.8854929208755493 -0.258147269487381
vn -0.6764883995056152 -0.5479904413223267 -0.49200597405433655
vn -0.258147269487381 -0.8854929208755493 -0.38634470105171204
vn -0.5074679851531982 -0.5441107153892517 -0.6681464910507202
vn -0.258147269487381 -0.8854929208755493 -0.38634470105171204
vn -0.5074679851531982 -0.5441107153892517 -0.6681464910507202
vn -0.09064926952123642 -0.8854929208755493 -0.45572465658187866
vn -0.19244521856307983 -0.5647026300430298 -0.8025432825088501
vn -0.09064926952123642 -0.8854929208755493 -0.45572465658187866
vn -0.19244521856307983 -0.5647026300430298 -0.8025432825088501
vn 0.09064926207065582 -0.8854929208755493 -0.45572465658187866
vn 0.20917871594429016 -0.5534776449203491 -0.8061679601669312
vn 0.09064926207065582 -0.8854929208755493 -0.45572465658187866
vn 0.20917871594429016 -0.5534776449203491 -0.8061679601669312
vn 0.258147269487381 -0.8854929208755493 -0.38634470105171204
vn 0.49200597405433655 -0.5479904413223267 -0.6764883995056152
vn 0.258147269487381 -0.8854929208755493 -0.38634470105171204
vn 0.49200597405433655 -0.5479904413223267 -0.6764883995056152
vn 0.38634470105171204 -0.8854929208755493 -0.258147269487381
vn 0.6681464910507202 -0.5441107153892517 -0.5074679851531982
vn 0.38634470105171204 -0.8854929208755493 -0.258147269487381
vn 0.6681464910507202 -0.5441107153892517 -0.5074679851531982
vn 0.45572465658187866 -0.8854929208755493 -0.09064926952123642
vn 0.8025432825088501 -0.5647026300430298 -0.19244521856307983
vn 0.45572465658187866 -0.8854929208755493 -0.09064926952123642
vn 0.8025432825088501 -0.5647026300430298 -0.19244521856307983
vn 0.8165601491928101 -0.5375776886940002 0.21033243834972382
vn 0.9831290245056152 -0.18290923535823822 -0.0012183327926322818
vn 0.8165601491928101 -0.5375776886940002 0.21033243834972382
vn 0.9831290245056152 -0.18290923535823822 -0.0012183327926322818
vn 0.9760502576828003 -0.1931445449590683 0.10010560601949692
vn 0.6764883995056152 -0.5479904413223267 0.49200597405433655
vn 0.5074679851531982 -0.5441107153892517 0.6681464910507202
vn 0.08861127495765686 -0.18648689985275269 0.9784532189369202
vn 0.1953865885734558 -0.5326687097549438 0.8234610557556152
vn 0.0012183327926322818 -0.18290923535823822 0.9831290245056152
vn 0.1953865885734558 -0.5326687097549438 0.8234610557556152
vn 0.0012183327926322818 -0.18290923535823822 0.9831290245056152
vn -0.21033243834972382 -0.5375776886940002 0.8165601491928101
vn -0.21033243834972382 -0.5375776886940002 0.8165601491928101
vn 0.0012183327926322818 -0.18290923535823822 0.9831290245056152
vn -0.10010560601949692 -0.1931445449590683 0.9760502576828003
vn -0.49200597405433655 -0.5479904413223267 0.6764883995056152
vn -0.6681464910507202 -0.5441107153892517 0.5074679851531982
vn -0.9784532189369202 -0.18648689985275269 0.08861127495765686
vn -0.8234610557556152 -0.5326687097549438 0.1953865885734558
vn -0.9831290245056152 -0.18290923535823822 0.0012183327926322818
vn -0.8234610557556152 -0.5326687097549438 0.1953865885734558
vn -0.9831290245056152 -0.18290923535823822 0.0012183327926322818
vn -0.8165601491928101 -0.5375776886940002 -0.21033243834972382
vn -0.8165601491928101 -0.5375776886940002 -0.21033243834972382
vn -0.9831290245056152 -0.18290923535823822 0.0012183327926322818
vn -0.9760502576828003 -0.1931445449590683 -0.10010560601949692
vn -0.6764883995056152 -0.5479904413223267 -0.49200597405433655
vn -0.5074679851531982 -0.5441107153892517 -0.6681464910507202
vn -0.08861127495765686 -0.18648689985275269 -0.9784532189369202
vn -0.1953865885734558 -0.5326687097549438 -0.8234610557556152
vn -0.0012183327926322818 -0.18290923535823822 -0.9831290245056152
vn -0.1953865885734558 -0.5326687097549438 -0.8234610557556152
vn -0.0012183327926322818 -0.18290923535823822 -0.9831290245056152
vn 0.21033243834972382 -0.5375776886940002 -0.8165601491928101
vn 0.21033243834972382 -0.5375776886940002 -0.8165601491928101
vn -0.0012183327926322818 -0.18290923535823822 -0.9831290245056152
vn 0.10010560601949692 -0.1931445449590683 -0.9760502576828003
vn 0.49200597405433655 -0.5479904413223267 -0.6764883995056152
vn 0.6681464910507202 -0.5441107153892517 -0.5074679851531982
vn 0.9784532189369202 -0.18648689985275269 -0.08861127495765686
vn 0.8234610557556152 -0.5326687097549438 -0.1953865885734558
vn 0.9831290245056152 -0.18290923535823822 -0.0012183327926322818
vn 0.8234610557556152 -0.5326687097549438 -0.1953865885734558
vn 0.9831290245056152 -0.18290923535823822 -0.0012183327926322818
vn 0.9831290245056152 -0.18290923535823822 -0.0012183327926322818
vn 0.9831290245056152 -0.18290923535823822 -0.0012183327926322818
vn 0.9760962128639221 -0.18536728620529175 0.11346864700317383
vn 0.9760962128639221 -0.18536728620529175 0.11346864700317383
vn 0.690035343170166 -0.4657372534275055 0.5540216565132141
vn 0.690035343170166 -0.4657372534275055 0.5540216565132141
vn 0.5547727942466736 -0.4657813012599945 0.6894018650054932
vn 0.5547727942466736 -0.4657813012599945 0.6894018650054932
vn 0.11493528634309769 -0.17068329453468323 0.9785995483398438
vn 0.11493528634309769 -0.17068329453468323 0.9785995483398438
vn 0.0012183327926322818 -0.18290923535823822 0.9831290245056152
vn 0.0012183327926322818 -0.18290923535823822 0.9831290245056152
vn 0.0012183327926322818 -0.18290923535823822 0.9831290245056152
vn -0.11346864700317383 -0.18536728620529175 0.9760962128639221
vn -0.11346864700317383 -0.18536728620529175 0.9760962128639221
vn -0.5540216565132141 -0.4657372534275055 0.690035343170166
vn -0.5540216565132141 -0.4657372534275055 0.690035343170166
vn -0.6894018650054932 -0.4657813012599945 0.5547727942466736
vn -0.6894018650054932 -0.4657813012599945 0.5547727942466736
vn -0.9785995483398438 -0.17068329453468323 0.11493528634309769
vn -0.9785995483398438 -0.17068329453468323 0.11493528634309769
vn -0.9831290245056152 -0.18290923535823822 0.0012183327926322818
vn -0.9831290245056152 -0.18290923535823822 0.0012183327926322818
vn -0.9831290245056152 -0.18290923535823822 0.0012183327926322818
vn -0.9760962128639221 -0.18536728620529175 -0.11346864700317383
vn -0.9760962128639221 -0.18536728620529175 -0.11346864700317383
vn -0.690035343170166 -0.4657372534275055 -0.5540216565132141
vn -0.690035343170166 -0.4657372534275055 -0.5540216565132141
vn -0.5547727942466736 -0.4657813012599945 -0.6894018650054932
vn -0.5547727942466736 -0.4657813012599945 -0.6894018650054932
vn -0.11493528634309769 -0.17068329453468323 -0.9785995483398438
vn -0.11493528634309769 -0.17068329453468323 -0.9785995483398438
vn -0.0012183327926322818 -0.18290923535823822 -0.9831290245056152
vn -0.0012183327926322818 -0.18290923535823822 -0.9831290245056152
vn -0.0012183327926322818 -0.18290923535823822 -0.9831290245056152
vn 0.11346864700317383 -0.18536728620529175 -0.9760962128639221
vn 0.11346864700317383 -0.18536728620529175 -0.9760962128639221
vn 0.5540216565132141 -0.4657372534275055 -0.690035343170166
vn 0.5540216565132141 -0.4657372534275055 -0.690035343170166
vn 0.6894018650054932 -0.4657813012599945 -0.5547727942466736
vn 0.6894018650054932 -0.4657813012599945 -0.5547727942466736
vn 0.9785995483398438 -0.17068329453468323 -0.11493528634309769
vn 0.9785995483398438 -0.17068329453468323 -0.11493528634309769
vn 0.9831290245056152 -0.18290923535823822 -0.0012183327926322818
vn 0.9831290245056152 -0.18290923535823822 -0.0012183327926322818
vn 0.9831290245056152 -0.18290923535823822 -0.0012183327926322818
vn 0.9831290245056152 -0.18290923535823822 -0.0012183327926322818
vn 0.9760962128639221 -0.18536728620529175 0.11346864700317383
vn 0.690035343170166 -0.4657372534275055 0.5540216565132141
vn 0.5547727942466736 -0.4657813012599945 0.6894018650054932
vn 0.11493528634309769 -0.17068329453468323 0.9785995483398438
vn 0.0012183327926322818 -0.18290923535823822 0.9831290245056152
vn 0.0012183327926322818 -0.18290923535823822 0.9831290245056152
vn 0.0012183327926322818 -0.18290923535823822 0.9831290245056152
vn -0.11346864700317383 -0.18536728620529175 0.9760962128639221
vn -0.5540216565132141 -0.4657372534275055 0.690035343170166
vn -0.6894018650054932 -0.4657813012599945 0.5547727942466736
vn -0.9785995483398438 -0.17068329453468323 0.11493528634309769
vn -0.9831290245056152 -0.18290923535823822 0.0012183327926322818
vn -0.9831290245056152 -0.18290923535823822 0.0012183327926322818
vn -0.9831290245056152 -0.18290923535823822 0.0012183327926322818
vn -0.9760962128639221 -0.18536728620529175 -0.11346864700317383
vn -0.690035343170166 -0.4657372534275055 -0.5540216565132141
vn -0.5547727942466736 -0.4657813012599945 -0.6894018650054932
vn -0.11493528634309769 -0.17068329453468323 -0.9785995483398438
vn -0.0012183327926322818 -0.18290923535823822 -0.9831290245056152
vn -0.0012183327926322818 -0.18290923535823822 -0.9831290245056152
vn -0.0012183327926322818 -0.18290923535823822 -0.9831290245056152
vn 0.11346864700317383 -0.18536728620529175 -0.9760962128639221
vn 0.5540216565132141 -0.4657372534275055 -0.690035343170166
vn 0.6894018650054932 -0.4657813012599945 -0.5547727942466736
vn 0.9785995483398438 -0.17068329453468323 -0.11493528634309769
vn 0.9831290245056152 -0.18290923535823822 -0.0012183327926322818
vn 0.9831290245056152 -0.18290923535823822 -0.0012183327926322818
vn 0.9465815424919128 0.32245713472366333 0.0021911407820880413
vn 0.9465815424919128 0.32245713472366333 0.0021911407820880413
vn 0.944227397441864 0.31903162598609924 0.0815686360001564
vn 0.7032510638237 -0.41936272382736206 0.5740843415260315
vn 0.5913076400756836 0.6842886209487915 0.4267368018627167
vn 0.5749252438545227 -0.41940489411354065 0.7025386095046997
vn 0.42533543705940247 0.6858136057853699 0.5905501842498779
vn 0.07808289676904678 0.3290412425994873 0.9410817623138428
vn -0.0021911407820880413 0.32245713472366333 0.9465815424919128
vn -0.0021911407820880413 0.32245713472366333 0.9465815424919128
vn -0.0021911407820880413 0.32245713472366333 0.9465815424919128
vn -0.0815686360001564 0.31903162598609924 0.944227397441864
vn -0.5740843415260315 -0.41936272382736206 0.7032510638237
vn -0.4267368018627167 0.6842886209487915 0.5913076400756836
vn -0.7025386095046997 -0.41940489411354065 0.5749252438545227
vn -0.5905501842498779 0.6858136057853699 0.42533543705940247
vn -0.9410817623138428 0.3290412425994873 0.07808289676904678
vn -0.9465815424919128 0.32245713472366333 -0.0021911407820880413
vn -0.9465815424919128 0.32245713472366333 -0.0021911407820880413
vn -0.9465815424919128 0.32245713472366333 -0.0021911407820880413
vn -0.944227397441864 0.31903162598609924 -0.0815686360001564
vn -0.7032510638237 -0.41936272382736206 -0.5740843415260315
vn -0.5913076400756836 0.6842886209487915 -0.4267368018627167
vn -0.5749252438545227 -0.41940489411354065 -0.7025386095046997
vn -0.42533543705940247 0.6858136057853699 -0.5905501842498779
vn -0.07808289676904678 0.3290412425994873 -0.9410817623138428
vn 0.0021911407820880413 0.32245713472366333 -0.9465815424919128
vn 0.0021911407820880413 0.32245713472366333 -0.9465815424919128
vn 0.0021911407820880413 0.32245713472366333 -0.9465815424919128
vn 0.0815686360001564 0.31903162598609924 -0.944227397441864
vn 0.5740843415260315 -0.41936272382736206 -0.7032510638237
vn 0.4267368018627167 0.6842886209487915 -0.5913076400756836
vn 0.7025386095046997 -0.41940489411354065 -0.5749252438545227
vn 0.5905501842498779 0.6858136057853699 -0.42533543705940247
vn 0.9410817623138428 0.3290412425994873 -0.07808289676904678
vn 0.9465815424919128 0.32245713472366333 0.0021911407820880413
vn 0.9465815424919128 0.32245713472366333 0.0021911407820880413
vn 0.9465815424919128 0.32245713472366333 0.0021911407820880413
vn 0.5804319977760315 0.8035803437232971 0.13174736499786377
vn 0.4823196232318878 0.8062635064125061 0.3425009250640869
vn 0.4823196232318878 0.8062635064125061 0.3425009250640869
vn 0.4823196232318878 0.8062635064125061 0.3425009250640869
vn 0.34158939123153687 0.8069570064544678 0.48180603981018066
vn 0.34158939123153687 0.8069570064544678 0.48180603981018066
vn 0.34158939123153687 0.8069570064544678 0.48180603981018066
vn 0.13199840486049652 0.8042042851448059 0.5795100331306458
vn -0.0021911407820880413 0.32245713472366333 0.9465815424919128
vn -0.13174736499786377 0.8035803437232971 0.5804319977760315
vn -0.3425009250640869 0.8062635064125061 0.4823196232318878
vn -0.3425009250640869 0.8062635064125061 0.4823196232318878
vn -0.3425009250640869 0.8062635064125061 0.4823196232318878
vn -0.48180603981018066 0.8069570064544678 0.34158939123153687
vn -0.48180603981018066 0.8069570064544678 0.34158939123153687
vn -0.48180603981018066 0.8069570064544678 0.34158939123153687
vn -0.5795100331306458 0.8042042851448059 0.13199840486049652
vn -0.9465815424919128 0.32245713472366333 -0.0021911407820880413
vn -0.5804319977760315 0.8035803437232971 -0.13174736499786377
vn -0.4823196232318878 0.8062635064125061 -0.3425009250640869
vn -0.4823196232318878 0.8062635064125061 -0.3425009250640869
vn -0.4823196232318878 0.8062635064125061 -0.3425009250640869
vn -0.34158939123153687 0.8069570064544678 -0.48180603981018066
vn -0.34158939123153687 0.8069570064544678 -0.48180603981018066
vn -0.34158939123153687 0.8069570064544678 -0.48180603981018066
vn -0.13199840486049652 0.8042042851448059 -0.5795100331306458
vn 0.0021911407820880413 0.32245713472366333 -0.9465815424919128
vn 0.13174736499786377 0.8035803437232971 -0.5804319977760315
vn 0.3425009250640869 0.8062635064125061 -0.4823196232318878
vn 0.3425009250640869 0.8062635064125061 -0.4823196232318878
vn 0.3425009250640869 0.8062635064125061 -0.4823196232318878
vn 0.48180603981018066 0.8069570064544678 -0.34158939123153687
vn 0.48180603981018066 0.8069570064544678 -0.34158939123153687
vn 0.48180603981018066 0.8069570064544678 -0.34158939123153687
vn 0.5795100331306458 0.8042042851448059 -0.13199840486049652
vn 0.9465815424919128 0.32245713472366333 0.0021911407820880413
vn 0.45160526037216187 0.8873770236968994 0.0928153321146965
vn 0.45160526037216187 0.8873770236968994 0.0928153321146965
vn 0.45160526037216187 0.8873770236968994 0.0928153321146965
vn 0.375068336725235 0.8899034261703491 0.25960680842399597
vn 0.375068336725235 0.8899034261703491 0.25960680842399597
vn 0.375068336725235 0.8899034261703491 0.25960680842399597
vn 0.375068336725235 0.8899034261703491 0.25960680842399597
vn 0.25543150305747986 0.8903248310089111 0.3769303560256958
vn 0.25543150305747986 0.8903248310089111 0.3769303560256958
vn 0.25543150305747986 0.8903248310089111 0.3769303560256958
vn 0.25543150305747986 0.8903248310089111 0.3769303560256958
vn 0.09707973897457123 0.8875568509101868 0.4503536522388458
vn 0.09707973897457123 0.8875568509101868 0.4503536522388458
vn 0.09707973897457123 0.8875568509101868 0.4503536522388458
vn -0.0928153321146965 0.8873770236968994 0.45160526037216187
vn -0.0928153321146965 0.8873770236968994 0.45160526037216187
vn -0.0928153321146965 0.8873770236968994 0.45160526037216187
vn -0.25960680842399597 0.8899034261703491 0.375068336725235
vn -0.25960680842399597 0.8899034261703491 0.375068336725235
vn -0.25960680842399597 0.8899034261703491 0.375068336725235
vn -0.25960680842399597 0.8899034261703491 0.375068336725235
vn -0.3769303560256958 0.8903248310089111 0.25543150305747986
vn -0.3769303560256958 0.8903248310089111 0.25543150305747986
vn -0.3769303560256958 0.8903248310089111 0.25543150305747986
vn -0.3769303560256958 0.8903248310089111 0.25543150305747986
vn -0.4503536522388458 0.8875568509101868 0.09707973897457123
vn -0.4503536522388458 0.8875568509101868 0.09707973897457123
vn -0.4503536522388458 0.8875568509101868 0.09707973897457123
vn -0.45160526037216187 0.8873770236968994 -0.0928153321146965
vn -0.45160526037216187 0.8873770236968994 -0.0928153321146965
vn -0.45160526037216187 0.8873770236968994 -0.0928153321146965
vn -0.375068336725235 0.8899034261703491 -0.25960680842399597
vn -0.375068336725235 0.8899034261703491 -0.25960680842399597
vn -0.375068336725235 0.8899034261703491 -0.25960680842399597
vn -0.375068336725235 0.8899034261703491 -0.25960680842399597
vn -0.25543150305747986 0.8903248310089111 -0.3769303560256958
vn -0.25543150305747986 0.8903248310089111 -0.3769303560256958
vn -0.25543150305747986 0.8903248310089111 -0.3769303560256958
vn -0.25543150305747986 0.8903248310089111 -0.3769303560256958
vn -0.09707973897457123 0.8875568509101868 -0.4503536522388458
vn -0.09707973897457123 0.8875568509101868 -0.4503536522388458
vn -0.09707973897457123 0.8875568509101868 -0.4503536522388458
vn 0.0928153321146965 0.8873770236968994 -0.45160526037216187
vn 0.0928153321146965 0.8873770236968994 -0.45160526037216187
vn 0.0928153321146965 0.8873770236968994 -0.45160526037216187
vn 0.25960680842399597 0.8899034261703491 -0.375068336725235
vn 0.25960680842399597 0.8899034261703491 -0.375068336725235
vn 0.25960680842399597 0.8899034261703491 -0.375068336725235
vn 0.25960680842399597 0.8899034261703491 -0.375068336725235
vn 0.3769303560256958 0.8903248310089111 -0.25543150305747986
vn 0.3769303560256958 0.8903248310089111 -0.25543150305747986
vn 0.3769303560256958 0.8903248310089111 -0.25543150305747986
vn 0.3769303560256958 0.8903248310089111 -0.25543150305747986
vn 0.4503536522388458 0.8875568509101868 -0.09707973897457123
vn 0.4503536522388458 0.8875568509101868 -0.09707973897457123
vn 0.4503536522388458 0.8875568509101868 -0.09707973897457123
vn 0.34962695837020874 0.9349231123924255 0.06066086143255234
vn 0.34962695837020874 0.9349231123924255 0.06066086143255234
vn 0.34962695837020874 0.9349231123924255 0.06066086143255234
vn 0.34962695837020874 0.9349231123924255 0.06066086143255234
vn 0.2921675443649292 0.9375221729278564 0.18891888856887817
vn 0.2921675443649292 0.9375221729278564 0.18891888856887817
vn 0.2921675443649292 0.9375221729278564 0.18891888856887817
vn 0.2921675443649292 0.9375221729278564 0.18891888856887817
vn 0.1864045262336731 0.9371904134750366 0.2948346436023712
vn 0.1864045262336731 0.9371904134750366 0.2948346436023712
vn 0.1864045262336731 0.9371904134750366 0.2948346436023712
vn 0.1864045262336731 0.9371904134750366 0.2948346436023712
vn 0.06382181495428085 0.9355536103248596 0.3473703861236572
vn 0.06382181495428085 0.9355536103248596 0.3473703861236572
vn 0.06382181495428085 0.9355536103248596 0.3473703861236572
vn 0.06382181495428085 0.9355536103248596 0.3473703861236572
vn -0.06066086143255234 0.9349231123924255 0.34962695837020874
vn -0.06066086143255234 0.9349231123924255 0.34962695837020874
vn -0.06066086143255234 0.9349231123924255 0.34962695837020874
vn -0.06066086143255234 0.9349231123924255 0.34962695837020874
vn -0.18891888856887817 0.9375221729278564 0.2921675443649292
vn -0.18891888856887817 0.9375221729278564 0.2921675443649292
vn -0.18891888856887817 0.9375221729278564 0.2921675443649292
vn -0.18891888856887817 0.9375221729278564 0.2921675443649292
vn -0.2948346436023712 0.9371904134750366 0.1864045262336731
vn -0.2948346436023712 0.9371904134750366 0.1864045262336731
vn -0.2948346436023712 0.9371904134750366 0.1864045262336731
vn -0.2948346436023712 0.9371904134750366 0.1864045262336731
vn -0.3473703861236572 0.9355536103248596 0.06382181495428085
vn -0.3473703861236572 0.9355536103248596 0.06382181495428085
vn -0.3473703861236572 0.9355536103248596 0.06382181495428085
vn -0.3473703861236572 0.9355536103248596 0.06382181495428085
vn -0.34962695837020874 0.9349231123924255 -0.06066086143255234
vn -0.34962695837020874 0.9349231123924255 -0.06066086143255234
vn -0.34962695837020874 0.9349231123924255 -0.06066086143255234
vn -0.34962695837020874 0.9349231123924255 -0.06066086143255234
vn -0.2921675443649292 0.9375221729278564 -0.18891888856887817
vn -0.2921675443649292 0.9375221729278564 -0.18891888856887817
vn -0.2921675443649292 0.9375221729278564 -0.18891888856887817
vn -0.2921675443649292 0.9375221729278564 -0.18891888856887817
vn -0.1864045262336731 0.9371904134750366 -0.2948346436023712
vn -0.1864045262336731 0.9371904134750366 -0.2948346436023712
vn -0.1864045262336731 0.9371904134750366 -0.2948346436023712
vn -0.1864045262336731 0.9371904134750366 -0.2948346436023712
vn -0.06382181495428085 0.9355536103248596 -0.3473703861236572
vn -0.06382181495428085 0.9355536103248596 -0.3473703861236572
vn -0.06382181495428085 0.9355536103248596 -0.3473703861236572
vn -0.06382181495428085 0.9355536103248596 -0.3473703861236572
vn 0.06066086143255234 0.9349231123924255 -0.34962695837020874
vn 0.06066086143255234 0.9349231123924255 -0.34962695837020874
vn 0.06066086143255234 0.9349231123924255 -0.34962695837020874
vn 0.06066086143255234 0.9349231123924255 -0.34962695837020874
vn 0.18891888856887817 0.9375221729278564 -0.2921675443649292
vn 0.18891888856887817 0.9375221729278564 -0.2921675443649292
vn 0.18891888856887817 0.9375221729278564 -0.2921675443649292
vn 0.18891888856887817 0.9375221729278564 -0.2921675443649292
vn 0.2948346436023712 0.9371904134750366 -0.1864045262336731
vn 0.2948346436023712 0.9371904134750366 -0.1864045262336731
vn 0.2948346436023712 0.9371904134750366 -0.1864045262336731
vn 0.2948346436023712 0.9371904134750366 -0.1864045262336731
vn 0.3473703861236572 0.9355536103248596 -0.06382181495428085
vn 0.3473703861236572 0.9355536103248596 -0.06382181495428085
vn 0.3473703861236572 0.9355536103248596 -0.06382181495428085
vn 0.3473703861236572 0.9355536103248596 -0.06382181495428085
vn 0.2446330338716507 0.9682848453521729 0.05078491196036339
vn 0.2446330338716507 0.9682848453521729 0.05078491196036339
vn 0.2446330338716507 0.9682848453521729 0.05078491196036339
vn 0.2446330338716507 0.9682848453521729 0.05078491196036339
vn 0.2080322504043579 0.9672633409500122 0.14534176886081696
vn 0.2080322504043579 0.9672633409500122 0.14534176886081696
vn 0.2080322504043579 0.9672633409500122 0.14534176886081696
vn 0.2080322504043579 0.9672633409500122 0.14534176886081696
vn 0.14216186106204987 0.9675287008285522 0.20899330079555511
vn 0.14216186106204987 0.9675287008285522 0.20899330079555511
vn 0.14216186106204987 0.9675287008285522 0.20899330079555511
vn 0.14216186106204987 0.9675287008285522 0.20899330079555511
vn 0.054858237504959106 0.966949462890625 0.24899667501449585
vn 0.054858237504959106 0.966949462890625 0.24899667501449585
vn 0.054858237504959106 0.966949462890625 0.24899667501449585
vn 0.054858237504959106 0.966949462890625 0.24899667501449585
vn -0.05078491196036339 0.9682848453521729 0.2446330338716507
vn -0.05078491196036339 0.9682848453521729 0.2446330338716507
vn -0.05078491196036339 0.9682848453521729 0.2446330338716507
vn -0.05078491196036339 0.9682848453521729 0.2446330338716507
vn -0.14534176886081696 0.9672633409500122 0.2080322504043579
vn -0.14534176886081696 0.9672633409500122 0.2080322504043579
vn -0.14534176886081696 0.9672633409500122 0.2080322504043579
vn -0.14534176886081696 0.9672633409500122 0.2080322504043579
vn -0.20899330079555511 0.9675287008285522 0.14216186106204987
vn -0.20899330079555511 0.9675287008285522 0.14216186106204987
vn -0.20899330079555511 0.9675287008285522 0.14216186106204987
vn -0.20899330079555511 0.9675287008285522 0.14216186106204987
vn -0.24899667501449585 0.966949462890625 0.054858237504959106
vn -0.24899667501449585 0.966949462890625 0.054858237504959106
vn -0.24899667501449585 0.966949462890625 0.054858237504959106
vn -0.24899667501449585 0.966949462890625 0.054858237504959106
vn -0.2446330338716507 0.9682848453521729 -0.05078491196036339
vn -0.2446330338716507 0.9682848453521729 -0.05078491196036339
vn -0.2446330338716507 0.9682848453521729 -0.05078491196036339
vn -0.2446330338716507 0.9682848453521729 -0.05078491196036339
vn -0.2080322504043579 0.9672633409500122 -0.14534176886081696
vn -0.2080322504043579 0.9672633409500122 -0.14534176886081696
vn -0.2080322504043579 0.9672633409500122 -0.14534176886081696
vn -0.2080322504043579 0.9672633409500122 -0.14534176886081696
vn -0.14216186106204987 0.9675287008285522 -0.20899330079555511
vn -0.14216186106204987 0.9675287008285522 -0.20899330079555511
vn -0.14216186106204987 0.9675287008285522 -0.20899330079555511
vn -0.14216186106204987 0.9675287008285522 -0.20899330079555511
vn -0.054858237504959106 0.966949462890625 -0.24899667501449585
vn -0.054858237504959106 0.966949462890625 -0.24899667501449585
vn -0.054858237504959106 0.966949462890625 -0.24899667501449585
vn -0.054858237504959106 0.966949462890625 -0.24899667501449585
vn 0.05078491196036339 0.9682848453521729 -0.2446330338716507
vn 0.05078491196036339 0.9682848453521729 -0.2446330338716507
vn 0.05078491196036339 0.9682848453521729 -0.2446330338716507
vn 0.05078491196036339 0.9682848453521729 -0.2446330338716507
vn 0.14534176886081696 0.9672633409500122 -0.2080322504043579
vn 0.14534176886081696 0.9672633409500122 -0.2080322504043579
vn 0.14534176886081696 0.9672633409500122 -0.2080322504043579
vn 0.14534176886081696 0.9672633409500122 -0.2080322504043579
vn 0.20899330079555511 0.9675287008285522 -0.14216186106204987
vn 0.20899330079555511 0.9675287008285522 -0.14216186106204987
vn 0.20899330079555511 0.9675287008285522 -0.14216186106204987
vn 0.20899330079555511 0.9675287008285522 -0.14216186106204987
vn 0.24899667501449585 0.966949462890625 -0.054858237504959106
vn 0.24899667501449585 0.966949462890625 -0.054858237504959106
vn 0.24899667501449585 0.966949462890625 -0.054858237504959106
vn 0.24899667501449585 0.966949462890625 -0.054858237504959106
vn 0.15410998463630676 0.9875599145889282 0.031232604756951332
vn 0.15410998463630676 0.9875599145889282 0.031232604756951332
vn 0.15410998463630676 0.9875599145889282 0.031232604756951332
vn 0.15410998463630676 0.9875599145889282 0.031232604756951332
vn 0.12670579552650452 0.9881008267402649 0.08719169348478317
vn 0.12670579552650452 0.9881008267402649 0.08719169348478317
vn 0.12670579552650452 0.9881008267402649 0.08719169348478317
vn 0.12670579552650452 0.9881008267402649 0.08719169348478317
vn 0.08520857244729996 0.9883001446723938 0.12650026381015778
vn 0.08520857244729996 0.9883001446723938 0.12650026381015778
vn 0.08520857244729996 0.9883001446723938 0.12650026381015778
vn 0.08520857244729996 0.9883001446723938 0.12650026381015778
vn 0.03326357156038284 0.9871246814727783 0.156455859541893
vn 0.03326357156038284 0.9871246814727783 0.156455859541893
vn 0.03326357156038284 0.9871246814727783 0.156455859541893
vn 0.03326357156038284 0.9871246814727783 0.156455859541893
vn -0.031232604756951332 0.9875599145889282 0.15410998463630676
vn -0.031232604756951332 0.9875599145889282 0.15410998463630676
vn -0.031232604756951332 0.9875599145889282 0.15410998463630676
vn -0.031232604756951332 0.9875599145889282 0.15410998463630676
vn -0.08719169348478317 0.9881008267402649 0.12670579552650452
vn -0.08719169348478317 0.9881008267402649 0.12670579552650452
vn -0.08719169348478317 0.9881008267402649 0.12670579552650452
vn -0.08719169348478317 0.9881008267402649 0.12670579552650452
vn -0.12650026381015778 0.9883001446723938 0.08520857244729996
vn -0.12650026381015778 0.9883001446723938 0.08520857244729996
vn -0.12650026381015778 0.9883001446723938 0.08520857244729996
vn -0.12650026381015778 0.9883001446723938 0.08520857244729996
vn -0.156455859541893 0.9871246814727783 0.03326357156038284
vn -0.156455859541893 0.9871246814727783 0.03326357156038284
vn -0.156455859541893 0.9871246814727783 0.03326357156038284
vn -0.156455859541893 0.9871246814727783 0.03326357156038284
vn -0.15410998463630676 0.9875599145889282 -0.031232604756951332
vn -0.15410998463630676 0.9875599145889282 -0.031232604756951332
vn -0.15410998463630676 0.9875599145889282 -0.031232604756951332
vn -0.15410998463630676 0.9875599145889282 -0.031232604756951332
vn -0.12670579552650452 0.9881008267402649 -0.08719169348478317
vn -0.12670579552650452 0.9881008267402649 -0.08719169348478317
vn -0.12670579552650452 0.9881008267402649 -0.08719169348478317
vn -0.12670579552650452 0.9881008267402649 -0.08719169348478317
vn -0.08520857244729996 0.9883001446723938 -0.12650026381015778
vn -0.08520857244729996 0.9883001446723938 -0.12650026381015778
vn -0.08520857244729996 0.9883001446723938 -0.12650026381015778
vn -0.08520857244729996 0.9883001446723938 -0.12650026381015778
vn -0.03326357156038284 0.9871246814727783 -0.156455859541893
vn -0.03326357156038284 0.9871246814727783 -0.156455859541893
vn -0.03326357156038284 0.9871246814727783 -0.156455859541893
vn -0.03326357156038284 0.9871246814727783 -0.156455859541893
vn 0.031232604756951332 0.9875599145889282 -0.15410998463630676
vn 0.031232604756951332 0.9875599145889282 -0.15410998463630676
vn 0.031232604756951332 0.9875599145889282 -0.15410998463630676
vn 0.031232604756951332 0.9875599145889282 -0.15410998463630676
vn 0.08719169348478317 0.9881008267402649 -0.12670579552650452
vn 0.08719169348478317 0.9881008267402649 -0.12670579552650452
vn 0.08719169348478317 0.9881008267402649 -0.12670579552650452
vn 0.08719169348478317 0.9881008267402649 -0.12670579552650452
vn 0.12650026381015778 0.9883001446723938 -0.08520857244729996
vn 0.12650026381015778 0.9883001446723938 -0.08520857244729996
vn 0.12650026381015778 0.9883001446723938 -0.08520857244729996
vn 0.12650026381015778 0.9883001446723938 -0.08520857244729996
vn 0.156455859541893 0.9871246814727783 -0.03326357156038284
vn 0.156455859541893 0.9871246814727783 -0.03326357156038284
vn 0.156455859541893 0.9871246814727783 -0.03326357156038284
vn 0.156455859541893 0.9871246814727783 -0.03326357156038284
vn 0.060769375413656235 0.9980503916740417 0.014229880645871162
vn 1.7455128062966425e-18 1 4.363781808946453e-18
vn 0.060769375413656235 0.9980503916740417 0.014229880645871162
vn 0.049048494547605515 0.998216450214386 0.03403221815824509
vn 0.049048494547605515 0.998216450214386 0.03403221815824509
vn 0.035708826035261154 0.998127281665802 0.049666956067085266
vn 0.035708826035261154 0.998127281665802 0.049666956067085266
vn 0.013159023597836494 0.9980650544166565 0.06077026575803757
vn 0.013159023597836494 0.9980650544166565 0.06077026575803757
vn -0.014229880645871162 0.9980503916740417 0.060769375413656235
vn -0.014229880645871162 0.9980503916740417 0.060769375413656235
vn -0.03403221815824509 0.998216450214386 0.049048494547605515
vn -0.03403221815824509 0.998216450214386 0.049048494547605515
vn -0.049666956067085266 0.998127281665802 0.035708826035261154
vn -0.049666956067085266 0.998127281665802 0.035708826035261154
vn -0.06077026575803757 0.9980650544166565 0.013159023597836494
vn -0.06077026575803757 0.9980650544166565 0.013159023597836494
vn -0.060769375413656235 0.9980503916740417 -0.014229880645871162
vn -0.060769375413656235 0.9980503916740417 -0.014229880645871162
vn -0.049048494547605515 0.998216450214386 -0.03403221815824509
vn -0.049048494547605515 0.998216450214386 -0.03403221815824509
vn -0.035708826035261154 0.998127281665802 -0.049666956067085266
vn -0.035708826035261154 0.998127281665802 -0.049666956067085266
vn -0.013159023597836494 0.9980650544166565 -0.06077026575803757
vn -0.013159023597836494 0.9980650544166565 -0.06077026575803757
vn 0.014229880645871162 0.9980503916740417 -0.060769375413656235
vn 0.014229880645871162 0.9980503916740417 -0.060769375413656235
vn 0.03403221815824509 0.998216450214386 -0.049048494547605515
vn 0.03403221815824509 0.998216450214386 -0.049048494547605515
vn 0.049666956067085266 0.998127281665802 -0.035708826035261154
vn 0.049666956067085266 0.998127281665802 -0.035708826035261154
vn 0.06077026575803757 0.9980650544166565 -0.013159023597836494
vn 0.06077026575803757 0.9980650544166565 -0.013159023597836494
f 1473/1473/1473 1474/1474/1474 1475/1475/1475
f 1473/1473/1473 1475/1475/1475 1476/1476/1476
f 1473/1473/1473 1476/1476/1476 1477/1477/1477
f 1473/1473/1473 1477/1477/1477 1478/1478/1478
f 1473/1473/1473 1478/1478/1478 1479/1479/1479
f 1473/1473/1473 1479/1479/1479 1480/1480/1480
f 1473/1473/1473 1480/1480/1480 1481/1481/1481
f 1473/1473/1473 1481/1481/1481 1482/1482/1482
f 1473/1473/1473 1482/1482/1482 1483/1483/1483
f 1473/1473/1473 1483/1483/1483 1484/1484/1484
f 1473/1473/1473 1484/1484/1484 1485/1485/1485
f 1473/1473/1473 1485/1485/1485 1486/1486/1486
f 1473/1473/1473 1486/1486/1486 1487/1487/1487
f 1473/1473/1473 1487/1487/1487 1488/1488/1488
f 1473/1473/1473 1488/1488/1488 1489/1489/1489
f 1473/1473/1473 1489/1489/1489 1490/1490/1490
f 1491/1491/1491 1492/1492/1492 1493/1493/1493
f 1493/1493/1493 1492/1492/1492 1494/1494/1494
f 1495/1495/1495 1496/1496/1496 1497/1497/1497
f 1497/1497/1497 1496/1496/1496 1498/1498/1498
f 1499/1499/1499 1500/1500/1500 1501/1501/1501
f 1501/1501/1501 1500/1500/1500 1502/1502/1502
f 1503/1503/1503 1504/1504/1504 1505/1505/1505
f 1505/1505/1505 1504/1504/1504 1506/1506/1506
f 1507/1507/1507 1508/1508/1508 1509/1509/1509
f 1509/1509/1509 1508/1508/1508 1510/1510/1510
f 1511/1511/1511 1512/1512/1512 1513/1513/1513
f 1513/1513/1513 1512/1512/1512 1514/1514/1514
f 1515/1515/1515 1516/1516/1516 1517/1517/1517
f 1517/1517/1517 1516/1516/1516 1518/1518/1518
f 1519/1519/1519 1520/1520/1520 1521/1521/1521
f 1521/1521/1521 1520/1520/1520 1522/1522/1522
f 1523/1523/1523 1524/1524/1524 1525/1525/1525
f 1525/1525/1525 1524/1524/1524 1526/1526/1526
f 1527/1527/1527 1528/1528/1528 1529/1529/1529
f 1529/1529/1529 1528/1528/1528 1530/1530/1530
f 1531/1531/1531 1532/1532/1532 1533/1533/1533
f 1533/1533/1533 1532/1532/1532 1534/1534/1534
f 1535/1535/1535 1536/1536/1536 1537/1537/1537
f 1537/1537/1537 1536/1536/1536 1538/1538/1538
f 1539/1539/1539 1540/1540/1540 1541/1541/1541
f 1541/1541/1541 1540/1540/1540 1542/1542/1542
f 1543/1543/1543 1544/1544/1544 1545/1545/1545
f 1545/1545/1545 1544/1544/1544 1546/1546/1546
f 1547/1547/1547 1548/1548/1548 1549/1549/1549
f 1549/1549/1549 1548/1548/1548 1550/1550/1550
f 1551/1551/1551 1552/1552/1552 1553/1553/1553
f 1553/1553/1553 1552/1552/1552 1554/1554/1554
f 1555/1555/1555 1556/1556/1556 1557/1557/1557
f 1557/1557/1557 1556/1556/1556 1558/1558/1558
f 1559/1559/1559 1560/1560/1560 1561/1561/1561
f 1561/1561/1561 1560/1560/1560 1562/1562/1562
f 1563/1563/1563 1564/1564/1564 1565/1565/1565
f 1565/1565/1565 1564/1564/1564 1566/1566/1566
f 1567/1567/1567 1568/1568/1568 1569/1569/1569
f 1569/1569/1569 1568/1568/1568 1570/1570/1570
f 1571/1571/1571 1572/1572/1572 1573/1573/1573
f 1573/1573/1573 1572/1572/1572 1574/1574/1574
f 1575/1575/1575 1576/1576/1576 1577/1577/1577
f 1577/1577/1577 1576/1576/1576 1578/1578/1578
f 1579/1579/1579 1580/1580/1580 1581/1581/1581
f 1581/1581/1581 1580/1580/1580 1582/1582/1582
f 1583/1583/1583 1584/1584/1584 1585/1585/1585
f 1585/1585/1585 1584/1584/1584 1586/1586/1586
f 1587/1587/1587 1588/1588/1588 1589/1589/1589
f 1589/1589/1589 1588/1588/1588 1590/1590/1590
f 1591/1591/1591 1592/1592/1592 1593/1593/1593
f 1593/1593/1593 1592/1592/1592 1594/1594/1594
f 1595/1595/1595 1596/1596/1596 1597/1597/1597
f 1597/1597/1597 1596/1596/1596 1598/1598/1598
f 1599/1599/1599 1600/1600/1600 1601/1601/1601
f 1601/1601/1601 1600/1600/1600 1602/1602/1602
f 1603/1603/1603 1604/1604/1604 1605/1605/1605
f 1605/1605/1605 1604/1604/1604 1606/1606/1606
f 1607/1607/1607 1608/1608/1608 1609/1609/1609
f 1609/1609/1609 1608/1608/1608 1610/1610/1610
f 1611/1611/1611 1612/1612/1612 1613/1613/1613
f 1613/1613/1613 1612/1612/1612 1614/1614/1614
f 1615/1615/1615 1616/1616/1616 1617/1617/1617
f 1617/1617/1617 1616/1616/1616 1618/1618/1618
f 1619/1619/1619 1620/1620/1620 1621/1621/1621
f 1621/1621/1621 1620/1620/1620 1622/1622/1622
f 1623/1623/1623 1624/1624/1624 1625/1625/1625
f 1625/1625/1625 1624/1624/1624 1626/1626/1626
f 1627/1627/1627 1628/1628/1628 1629/1629/1629
f 1629/1629/1629 1628/1628/1628 1630/1630/1630
f 1631/1631/1631 1632/1632/1632 1633/1633/1633
f 1633/1633/1633 1632/1632/1632 1634/1634/1634
f 1635/1635/1635 1636/1636/1636 1637/1637/1637
f 1637/1637/1637 1636/1636/1636 1638/1638/1638
f 1639/1639/1639 1640/1640/1640 1641/1641/1641
f 1641/1641/1641 1640/1640/1640 1642/1642/1642
f 1643/1643/1643 1644/1644/1644 1645/1645/1645
f 1645/1645/1645 1644/1644/1644 1646/1646/1646
f 1647/1647/1647 1648/1648/1648 1649/1649/1649
f 1649/1649/1649 1648/1648/1648 1650/1650/1650
f 1651/1651/1651 1652/1652/1652 1653/1653/1653
f 1653/1653/1653 1652/1652/1652 1654/1654/1654
f 1655/1655/1655 1656/1656/1656 1657/1657/1657
f 1657/1657/1657 1656/1656/1656 1658/1658/1658
f 1659/1659/1659 1660/1660/1660 1661/1661/1661
f 1661/1661/1661 1660/1660/1660 1662/1662/1662
f 1663/1663/1663 1664/1664/1664 1665/1665/1665
f 1665/1665/1665 1664/1664/1664 1666/1666/1666
f 1667/1667/1667 1668/1668/1668 1669/1669/1669
f 1669/1669/1669 1668/1668/1668 1670/1670/1670
f 1671/1671/1671 1672/1672/1672 1673/1673/1673
f 1673/1673/1673 1672/1672/1672 1674/1674/1674
f 1675/1675/1675 1676/1676/1676 1677/1677/1677
f 1677/1677/1677 1676/1676/1676 1678/1678/1678
f 1679/1679/1679 1680/1680/1680 1681/1681/1681
f 1681/1681/1681 1680/1680/1680 1682/1682/1682
f 1683/1683/1683 1684/1684/1684 1685/1685/1685
f 1685/1685/1685 1684/1684/1684 1686/1686/1686
f 1624/1624/1624 1687/1687/1687 1626/1626/1626
f 1626/1626/1626 1687/1687/1687 1688/1688/1688
f 1628/1628/1628 1689/1689/1689 1630/1630/1630
f 1630/1630/1630 1689/1689/1689 1690/1690/1690
f 1691/1691/1691 1692/1692/1692 1693/1693/1693
f 1693/1693/1693 1692/1692/1692 1694/1694/1694
f 1695/1695/1695 1694/1694/1694 1696/1696/1696
f 1696/1696/1696 1694/1694/1694 1697/1697/1697
f 1640/1640/1640 1698/1698/1698 1642/1642/1642
f 1642/1642/1642 1698/1698/1698 1699/1699/1699
f 1644/1644/1644 1700/1700/1700 1646/1646/1646
f 1646/1646/1646 1700/1700/1700 1701/1701/1701
f 1702/1702/1702 1703/1703/1703 1704/1704/1704
f 1704/1704/1704 1703/1703/1703 1705/1705/1705
f 1706/1706/1706 1705/1705/1705 1707/1707/1707
f 1707/1707/1707 1705/1705/1705 1708/1708/1708
f 1656/1656/1656 1709/1709/1709 1658/1658/1658
f 1658/1658/1658 1709/1709/1709 1710/1710/1710
f 1660/1660/1660 1711/1711/1711 1662/1662/1662
f 1662/1662/1662 1711/1711/1711 1712/1712/1712
f 1713/1713/1713 1714/1714/1714 1715/1715/1715
f 1715/1715/1715 1714/1714/1714 1716/1716/1716
f 1717/1717/1717 1716/1716/1716 1718/1718/1718
f 1718/1718/1718 1716/1716/1716 1719/1719/1719
f 1672/1672/1672 1720/1720/1720 1674/1674/1674
f 1674/1674/1674 1720/1720/1720 1721/1721/1721
f 1676/1676/1676 1722/1722/1722 1678/1678/1678
f 1678/1678/1678 1722/1722/1722 1723/1723/1723
f 1724/1724/1724 1725/1725/1725 1726/1726/1726
f 1726/1726/1726 1725/1725/1725 1727/1727/1727
f 1684/1684/1684 1728/1728/1728 1686/1686/1686
f 1686/1686/1686 1728/1728/1728 1729/1729/1729
f 1730/1730/1730 1731/1731/1731 1732/1732/1732
f 1732/1732/1732 1731/1731/1731 1733/1733/1733
f 1734/1734/1734 1735/1735/1735 1736/1736/1736
f 1736/1736/1736 1735/1735/1735 1737/1737/1737
f 1692/1692/1692 1738/1738/1738 1694/1694/1694
f 1694/1694/1694 1738/1738/1738 1739/1739/1739
f 1694/1694/1694 1739/1739/1739 1697/1697/1697
f 1697/1697/1697 1739/1739/1739 1740/1740/1740
f 1741/1741/1741 1742/1742/1742 1743/1743/1743
f 1743/1743/1743 1742/1742/1742 1744/1744/1744
f 1745/1745/1745 1746/1746/1746 1747/1747/1747
f 1747/1747/1747 1746/1746/1746 1748/1748/1748
f 1703/1703/1703 1749/1749/1749 1705/1705/1705
f 1705/1705/1705 1749/1749/1749 1750/1750/1750
f 1705/1705/1705 1750/1750/1750 1708/1708/1708
f 1708/1708/1708 1750/1750/1750 1751/1751/1751
f 1752/1752/1752 1753/1753/1753 1754/1754/1754
f 1754/1754/1754 1753/1753/1753 1755/1755/1755
f 1756/1756/1756 1757/1757/1757 1758/1758/1758
f 1758/1758/1758 1757/1757/1757 1759/1759/1759
f 1714/1714/1714 1760/1760/1760 1716/1716/1716
f 1716/1716/1716 1760/1760/1760 1761/1761/1761
f 1716/1716/1716 1761/1761/1761 1719/1719/1719
f 1719/1719/1719 1761/1761/1761 1762/1762/1762
f 1763/1763/1763 1764/1764/1764 1765/1765/1765
f 1765/1765/1765 1764/1764/1764 1766/1766/1766
f 1767/1767/1767 1768/1768/1768 1769/1769/1769
f 1769/1769/1769 1768/1768/1768 1770/1770/1770
f 1725/1725/1725 1771/1771/1771 1727/1727/1727
f 1727/1727/1727 1771/1771/1771 1772/1772/1772
f 1728/1728/1728 1773/1773/1773 1729/1729/1729
f 1729/1729/1729 1773/1773/1773 1774/1774/1774
f 1731/1731/1731 1775/1775/1775 1733/1733/1733
f 1733/1733/1733 1775/1775/1775 1776/1776/1776
f 1735/1735/1735 1777/1777/1777 1737/1737/1737
f 1737/1737/1737 1777/1777/1777 1778/1778/1778
f 1738/1738/1738 1779/1779/1779 1739/1739/1739
f 1739/1739/1739 1779/1779/1779 1780/1780/1780
f 1739/1739/1739 1780/1780/1780 1740/1740/1740
f 1740/1740/1740 1780/1780/1780 1781/1781/1781
f 1742/1742/1742 1782/1782/1782 1744/1744/1744
f 1744/1744/1744 1782/1782/1782 1783/1783/1783
f 1746/1746/1746 1784/1784/1784 1748/1748/1748
f 1748/1748/1748 1784/1784/1784 1785/1785/1785
f 1749/1749/1749 1786/1786/1786 1750/1750/1750
f 1750/1750/1750 1786/1786/1786 1787/1787/1787
f 1750/1750/1750 1787/1787/1787 1751/1751/1751
f 1751/1751/1751 1787/1787/1787 1788/1788/1788
f 1753/1753/1753 1789/1789/1789 1755/1755/1755
f 1755/1755/1755 1789/1789/1789 1790/1790/1790
f 1757/1757/1757 1791/1791/1791 1759/1759/1759
f 1759/1759/1759 1791/1791/1791 1792/1792/1792
f 1760/1760/1760 1793/1793/1793 1761/1761/1761
f 1761/1761/1761 1793/1793/1793 1794/1794/1794
f 1761/1761/1761 1794/1794/1794 1762/1762/1762
f 1762/1762/1762 1794/1794/1794 1795/1795/1795
f 1764/1764/1764 1796/1796/1796 1766/1766/1766
f 1766/1766/1766 1796/1796/1796 1797/1797/1797
f 1768/1768/1768 1798/1798/1798 1770/1770/1770
f 1770/1770/1770 1798/1798/1798 1799/1799/1799
f 1771/1771/1771 1800/1800/1800 1772/1772/1772
f 1772/1772/1772 1800/1800/1800 1801/1801/1801
f 1773/1773/1773 1802/1802/1802 1774/1774/1774
f 1774/1774/1774 1802/1802/1802 1803/1803/1803
f 1775/1775/1775 1804/1804/1804 1805/1805/1805
f 1805/1805/1805 1804/1804/1804 1806/1806/1806
f 1807/1807/1807 1808/1808/1808 1778/1778/1778
f 1778/1778/1778 1808/1808/1808 1809/1809/1809
f 1779/1779/1779 1810/1810/1810 1780/1780/1780
f 1780/1780/1780 1810/1810/1810 1811/1811/1811
f 1780/1780/1780 1811/1811/1811 1781/1781/1781
f 1781/1781/1781 1811/1811/1811 1812/1812/1812
f 1782/1782/1782 1813/1813/1813 1814/1814/1814
f 1814/1814/1814 1813/1813/1813 1815/1815/1815
f 1816/1816/1816 1817/1817/1817 1785/1785/1785
f 1785/1785/1785 1817/1817/1817 1818/1818/1818
f 1786/1786/1786 1819/1819/1819 1787/1787/1787
f 1787/1787/1787 1819/1819/1819 1820/1820/1820
f 1787/1787/1787 1820/1820/1820 1788/1788/1788
f 1788/1788/1788 1820/1820/1820 1821/1821/1821
f 1789/1789/1789 1822/1822/1822 1823/1823/1823
f 1823/1823/1823 1822/1822/1822 1824/1824/1824
f 1825/1825/1825 1826/1826/1826 1792/1792/1792
f 1792/1792/1792 1826/1826/1826 1827/1827/1827
f 1793/1793/1793 1828/1828/1828 1794/1794/1794
f 1794/1794/1794 1828/1828/1828 1829/1829/1829
f 1794/1794/1794 1829/1829/1829 1795/1795/1795
f 1795/1795/1795 1829/1829/1829 1830/1830/1830
f 1796/1796/1796 1831/1831/1831 1832/1832/1832
f 1832/1832/1832 1831/1831/1831 1833/1833/1833
f 1834/1834/1834 1835/1835/1835 1799/1799/1799
f 1799/1799/1799 1835/1835/1835 1836/1836/1836
f 1800/1800/1800 1837/1837/1837 1801/1801/1801
f 1801/1801/1801 1837/1837/1837 1838/1838/1838
f 1802/1802/1802 1839/1839/1839 1803/1803/1803
f 1803/1803/1803 1839/1839/1839 1840/1840/1840
f 1804/1804/1804 1841/1841/1841 1842/1842/1842
f 1842/1842/1842 1841/1841/1841 1843/1843/1843
f 1844/1844/1844 1845/1845/1845 1809/1809/1809
f 1809/1809/1809 1845/1845/1845 1846/1846/1846
f 1810/1810/1810 1847/1847/1847 1811/1811/1811
f 1811/1811/1811 1847/1847/1847 1848/1848/1848
f 1811/1811/1811 1848/1848/1848 1812/1812/1812
f 1812/1812/1812 1848/1848/1848 1849/1849/1849
f 1813/1813/1813 1850/1850/1850 1851/1851/1851
f 1851/1851/1851 1850/1850/1850 1852/1852/1852
f 1853/1853/1853 1854/1854/1854 1818/1818/1818
f 1818/1818/1818 1854/1854/1854 1855/1855/1855
f 1819/1819/1819 1856/1856/1856 1820/1820/1820
f 1820/1820/1820 1856/1856/1856 1857/1857/1857
f 1820/1820/1820 1857/1857/1857 1821/1821/1821
f 1821/1821/1821 1857/1857/1857 1858/1858/1858
f 1822/1822/1822 1859/1859/1859 1860/1860/1860
f 1860/1860/1860 1859/1859/1859 1861/1861/1861
f 1862/1862/1862 1863/1863/1863 1827/1827/1827
f 1827/1827/1827 1863/1863/1863 1864/1864/1864
f 1828/1828/1828 1865/1865/1865 1829/1829/1829
f 1829/1829/1829 1865/1865/1865 1866/1866/1866
f 1829/1829/1829 1866/1866/1866 1830/1830/1830
f 1830/1830/1830 1866/1866/1866 1867/1867/1867
f 1831/1831/1831 1868/1868/1868 1869/1869/1869
f 1869/1869/1869 1868/1868/1868 1870/1870/1870
f 1871/1871/1871 1872/1872/1872 1836/1836/1836
f 1836/1836/1836 1872/1872/1872 1873/1873/1873
f 1837/1837/1837 1874/1874/1874 1838/1838/1838
f 1838/1838/1838 1874/1874/1874 1875/1875/1875
f 1839/1839/1839 1876/1876/1876 1877/1877/1877
f 1877/1877/1877 1876/1876/1876 1878/1878/1878
f 1879/1879/1879 1880/1880/1880 1881/1881/1881
f 1881/1881/1881 1880/1880/1880 1882/1882/1882
f 1883/1883/1883 1884/1884/1884 1885/1885/1885
f 1885/1885/1885 1884/1884/1884 1886/1886/1886
f 1887/1887/1887 1888/1888/1888 1848/1848/1848
f 1848/1848/1848 1888/1888/1888 1889/1889/1889
f 1848/1848/1848 1890/1890/1890 1891/1891/1891
f 1891/1891/1891 1890/1890/1890 1892/1892/1892
f 1893/1893/1893 1894/1894/1894 1895/1895/1895
f 1895/1895/1895 1894/1894/1894 1896/1896/1896
f 1897/1897/1897 1898/1898/1898 1899/1899/1899
f 1899/1899/1899 1898/1898/1898 1900/1900/1900
f 1901/1901/1901 1902/1902/1902 1857/1857/1857
f 1857/1857/1857 1902/1902/1902 1903/1903/1903
f 1857/1857/1857 1904/1904/1904 1905/1905/1905
f 1905/1905/1905 1904/1904/1904 1906/1906/1906
f 1907/1907/1907 1908/1908/1908 1909/1909/1909
f 1909/1909/1909 1908/1908/1908 1910/1910/1910
f 1911/1911/1911 1912/1912/1912 1913/1913/1913
f 1913/1913/1913 1912/1912/1912 1914/1914/1914
f 1915/1915/1915 1916/1916/1916 1866/1866/1866
f 1866/1866/1866 1916/1916/1916 1917/1917/1917
f 1866/1866/1866 1918/1918/1918 1919/1919/1919
f 1919/1919/1919 1918/1918/1918 1920/1920/1920
f 1921/1921/1921 1922/1922/1922 1923/1923/1923
f 1923/1923/1923 1922/1922/1922 1924/1924/1924
f 1925/1925/1925 1926/1926/1926 1927/1927/1927
f 1927/1927/1927 1926/1926/1926 1928/1928/1928
f 1929/1929/1929 1930/1930/1930 1875/1875/1875
f 1875/1875/1875 1930/1930/1930 1931/1931/1931
f 1932/1932/1932 1933/1933/1933 1934/1934/1934
f 1934/1934/1934 1933/1933/1933 1935/1935/1935
f 1936/1936/1936 1937/1937/1937 1938/1938/1938
f 1938/1938/1938 1937/1937/1937 1939/1939/1939
f 1940/1940/1940 1941/1941/1941 1942/1942/1942
f 1942/1942/1942 1941/1941/1941 1943/1943/1943
f 1944/1944/1944 1945/1945/1945 1946/1946/1946
f 1946/1946/1946 1945/1945/1945 1947/1947/1947
f 1948/1948/1948 1949/1949/1949 1950/1950/1950
f 1950/1950/1950 1949/1949/1949 1951/1951/1951
f 1952/1952/1952 1953/1953/1953 1954/1954/1954
f 1954/1954/1954 1953/1953/1953 1955/1955/1955
f 1956/1956/1956 1957/1957/1957 1958/1958/1958
f 1958/1958/1958 1957/1957/1957 1959/1959/1959
f 1960/1960/1960 1961/1961/1961 1962/1962/1962
f 1962/1962/1962 1961/1961/1961 1963/1963/1963
f 1964/1964/1964 1965/1965/1965 1966/1966/1966
f 1966/1966/1966 1965/1965/1965 1967/1967/1967
f 1968/1968/1968 1969/1969/1969 1970/1970/1970
f 1970/1970/1970 1969/1969/1969 1971/1971/1971
f 1972/1972/1972 1973/1973/1973 1974/1974/1974
f 1974/1974/1974 1973/1973/1973 1975/1975/1975
f 1976/1976/1976 1977/1977/1977 1978/1978/1978
f 1978/1978/1978 1977/1977/1977 1979/1979/1979
f 1980/1980/1980 1981/1981/1981 1982/1982/1982
f 1982/1982/1982 1981/1981/1981 1983/1983/1983
f 1984/1984/1984 1985/1985/1985 1986/1986/1986
f 1986/1986/1986 1985/1985/1985 1987/1987/1987
f 1988/1988/1988 1989/1989/1989 1990/1990/1990
f 1990/1990/1990 1989/1989/1989 1991/1991/1991
f 1992/1992/1992 1993/1993/1993 1994/1994/1994
f 1994/1994/1994 1993/1993/1993 1995/1995/1995
f 1996/1996/1996 1997/1997/1997 1998/1998/1998
f 1998/1998/1998 1997/1997/1997 1999/1999/1999
f 2000/2000/2000 2001/2001/2001 2002/2002/2002
f 2002/2002/2002 2001/2001/2001 2003/2003/2003
f 2004/2004/2004 2005/2005/2005 2006/2006/2006
f 2006/2006/2006 2005/2005/2005 2007/2007/2007
f 2008/2008/2008 2009/2009/2009 2010/2010/2010
f 2010/2010/2010 2009/2009/2009 2011/2011/2011
f 2012/2012/2012 2013/2013/2013 2014/2014/2014
f 2014/2014/2014 2013/2013/2013 2015/2015/2015
f 2016/2016/2016 2017/2017/2017 2018/2018/2018
f 2018/2018/2018 2017/2017/2017 2019/2019/2019
f 2020/2020/2020 2021/2021/2021 2022/2022/2022
f 2022/2022/2022 2021/2021/2021 2023/2023/2023
f 2024/2024/2024 2025/2025/2025 2026/2026/2026
f 2026/2026/2026 2025/2025/2025 2027/2027/2027
f 2028/2028/2028 2029/2029/2029 2030/2030/2030
f 2030/2030/2030 2029/2029/2029 2031/2031/2031
f 2032/2032/2032 2033/2033/2033 2034/2034/2034
f 2034/2034/2034 2033/2033/2033 2035/2035/2035
f 2036/2036/2036 2037/2037/2037 2038/2038/2038
f 2038/2038/2038 2037/2037/2037 2039/2039/2039
f 2040/2040/2040 2041/2041/2041 2042/2042/2042
f 2042/2042/2042 2041/2041/2041 2043/2043/2043
f 2044/2044/2044 2045/2045/2045 2046/2046/2046
f 2046/2046/2046 2045/2045/2045 2047/2047/2047
f 2048/2048/2048 2049/2049/2049 2050/2050/2050
f 2050/2050/2050 2049/2049/2049 2051/2051/2051
f 2052/2052/2052 2053/2053/2053 2054/2054/2054
f 2054/2054/2054 2053/2053/2053 2055/2055/2055
f 2056/2056/2056 2057/2057/2057 2058/2058/2058
f 2058/2058/2058 2057/2057/2057 2059/2059/2059
f 2060/2060/2060 2061/2061/2061 2062/2062/2062
f 2062/2062/2062 2061/2061/2061 2063/2063/2063
f 2064/2064/2064 2065/2065/2065 2066/2066/2066
f 2066/2066/2066 2065/2065/2065 2067/2067/2067
f 2068/2068/2068 2069/2069/2069 2070/2070/2070
f 2070/2070/2070 2069/2069/2069 2071/2071/2071
f 2072/2072/2072 2073/2073/2073 2074/2074/2074
f 2074/2074/2074 2073/2073/2073 2075/2075/2075
f 2076/2076/2076 2077/2077/2077 2078/2078/2078
f 2078/2078/2078 2077/2077/2077 2079/2079/2079
f 2080/2080/2080 2081/2081/2081 2082/2082/2082
f 2082/2082/2082 2081/2081/2081 2083/2083/2083
f 2084/2084/2084 2085/2085/2085 2086/2086/2086
f 2086/2086/2086 2085/2085/2085 2087/2087/2087
f 2088/2088/2088 2089/2089/2089 2090/2090/2090
f 2090/2090/2090 2089/2089/2089 2091/2091/2091
f 2092/2092/2092 2093/2093/2093 2094/2094/2094
f 2094/2094/2094 2093/2093/2093 2095/2095/2095
f 2096/2096/2096 2097/2097/2097 2098/2098/2098
f 2098/2098/2098 2097/2097/2097 2099/2099/2099
f 2100/2100/2100 2101/2101/2101 2102/2102/2102
f 2102/2102/2102 2101/2101/2101 2103/2103/2103
f 2104/2104/2104 2105/2105/2105 2106/2106/2106
f 2106/2106/2106 2105/2105/2105 2107/2107/2107
f 2108/2108/2108 2109/2109/2109 2110/2110/2110
f 2110/2110/2110 2109/2109/2109 2111/2111/2111
f 2112/2112/2112 2113/2113/2113 2114/2114/2114
f 2114/2114/2114 2113/2113/2113 2115/2115/2115
f 2116/2116/2116 2117/2117/2117 2118/2118/2118
f 2118/2118/2118 2117/2117/2117 2119/2119/2119
f 2120/2120/2120 2121/2121/2121 2122/2122/2122
f 2122/2122/2122 2121/2121/2121 2123/2123/2123
f 2124/2124/2124 2125/2125/2125 2126/2126/2126
f 2127/2127/2127 2125/2125/2125 2128/2128/2128
f 2129/2129/2129 2125/2125/2125 2130/2130/2130
f 2131/2131/2131 2125/2125/2125 2132/2132/2132
f 2133/2133/2133 2125/2125/2125 2134/2134/2134
f 2135/2135/2135 2125/2125/2125 2136/2136/2136
f 2137/2137/2137 2125/2125/2125 2138/2138/2138
f 2139/2139/2139 2125/2125/2125 2140/2140/2140
f 2141/2141/2141 2125/2125/2125 2142/2142/2142
f 2143/2143/2143 2125/2125/2125 2144/2144/2144
f 2145/2145/2145 2125/2125/2125 2146/2146/2146
f 2147/2147/2147 2125/2125/2125 2148/2148/2148
f 2149/2149/2149 2125/2125/2125 2150/2150/2150
f 2151/2151/2151 2125/2125/2125 2152/2152/2152
f 2153/2153/2153 2125/2125/2125 2154/2154/2154
f 2155/2155/2155 2125/2125/2125 2156/2156/2156
g S17
v 0.023800000548362732 1.024999976158142 0
v 0.02669999934732914 1.024999976158142 0
v 0.021988332271575928 1.024999976158142 0.009107865393161774
v 0.024667583405971527 1.024999976158142 0.01021764799952507
v 0.01682914048433304 1.024999976158142 0.01682914048433304
v 0.01887975074350834 1.024999976158142 0.01887975074350834
v 0.009107865393161774 1.024999976158142 0.021988332271575928
v 0.01021764799952507 1.024999976158142 0.024667583405971527
v 1.457329698328068e-18 1.024999976158142 0.023800000548362732
v 1.6349034555569705e-18 1.024999976158142 0.02669999934732914
v -0.009107865393161774 1.024999976158142 0.021988332271575928
v -0.01021764799952507 1.024999976158142 0.024667583405971527
v -0.01682914048433304 1.024999976158142 0.01682914048433304
v -0.01887975074350834 1.024999976158142 0.01887975074350834
v -0.021988332271575928 1.024999976158142 0.009107865393161774
v -0.024667583405971527 1.024999976158142 0.01021764799952507
v -0.023800000548362732 1.024999976158142 2.914659396656136e-18
v -0.02669999934732914 1.024999976158142 3.269806911113941e-18
v -0.021988332271575928 1.024999976158142 -0.009107865393161774
v -0.024667583405971527 1.024999976158142 -0.01021764799952507
v -0.01682914048433304 1.024999976158142 -0.01682914048433304
v -0.01887975074350834 1.024999976158142 -0.01887975074350834
v -0.009107865393161774 1.024999976158142 -0.021988332271575928
v -0.01021764799952507 1.024999976158142 -0.024667583405971527
v -4.371989094984204e-18 1.024999976158142 -0.023800000548362732
v -4.9047103666709114e-18 1.024999976158142 -0.02669999934732914
v 0.009107865393161774 1.024999976158142 -0.021988332271575928
v 0.01021764799952507 1.024999976158142 -0.024667583405971527
v 0.01682914048433304 1.024999976158142 -0.01682914048433304
v 0.01887975074350834 1.024999976158142 -0.01887975074350834
v 0.021988332271575928 1.024999976158142 -0.009107865393161774
v 0.024667583405971527 1.024999976158142 -0.01021764799952507
v 0.023800000548362732 1.024999976158142 0
v 0.02669999934732914 1.024999976158142 0
v 0.02669999934732914 1.024999976158142 0
v 0.027499999850988388 1.0257999897003174 0
v 0.024667583405971527 1.024999976158142 0.01021764799952507
v 0.02540668658912182 1.0257999897003174 0.01052379421889782
v 0.01887975074350834 1.024999976158142 0.01887975074350834
v 0.01944543607532978 1.0257999897003174 0.01944543607532978
v 0.01021764799952507 1.024999976158142 0.024667583405971527
v 0.01052379421889782 1.0257999897003174 0.02540668658912182
v 1.6349034555569705e-18 1.024999976158142 0.02669999934732914
v 1.683889298227514e-18 1.0257999897003174 0.027499999850988388
v -0.01021764799952507 1.024999976158142 0.024667583405971527
v -0.01052379421889782 1.0257999897003174 0.02540668658912182
v -0.01887975074350834 1.024999976158142 0.01887975074350834
v -0.01944543607532978 1.0257999897003174 0.01944543607532978
v -0.024667583405971527 1.024999976158142 0.01021764799952507
v -0.02540668658912182 1.0257999897003174 0.01052379421889782
v -0.02669999934732914 1.024999976158142 3.269806911113941e-18
v -0.027499999850988388 1.0257999897003174 3.367778596455028e-18
v -0.024667583405971527 1.024999976158142 -0.01021764799952507
v -0.02540668658912182 1.0257999897003174 -0.01052379421889782
v -0.01887975074350834 1.024999976158142 -0.01887975074350834
v -0.01944543607532978 1.0257999897003174 -0.01944543607532978
v -0.01021764799952507 1.024999976158142 -0.024667583405971527
v -0.01052379421889782 1.0257999897003174 -0.02540668658912182
v -4.9047103666709114e-18 1.024999976158142 -0.02669999934732914
v -5.051668101477695e-18 1.0257999897003174 -0.027499999850988388
v 0.01021764799952507 1.024999976158142 -0.024667583405971527
v 0.01052379421889782 1.0257999897003174 -0.02540668658912182
v 0.01887975074350834 1.024999976158142 -0.01887975074350834
v 0.01944543607532978 1.0257999897003174 -0.01944543607532978
v 0.024667583405971527 1.024999976158142 -0.01021764799952507
v 0.02540668658912182 1.0257999897003174 -0.01052379421889782
v 0.02669999934732914 1.024999976158142 0
v 0.027499999850988388 1.0257999897003174 0
v 0.027499999850988388 1.0257999897003174 0
v 0.027499999850988388 1.0341999530792236 0
v 0.02540668658912182 1.0257999897003174 0.01052379421889782
v 0.02540668658912182 1.0341999530792236 0.01052379421889782
v 0.01944543607532978 1.0257999897003174 0.01944543607532978
v 0.01944543607532978 1.0341999530792236 0.01944543607532978
v 0.01052379421889782 1.0257999897003174 0.02540668658912182
v 0.01052379421889782 1.0341999530792236 0.02540668658912182
v 1.683889298227514e-18 1.0257999897003174 0.027499999850988388
v 1.683889298227514e-18 1.0341999530792236 0.027499999850988388
v -0.01052379421889782 1.0257999897003174 0.02540668658912182
v -0.01052379421889782 1.0341999530792236 0.02540668658912182
v -0.01944543607532978 1.0257999897003174 0.01944543607532978
v -0.01944543607532978 1.0341999530792236 0.01944543607532978
v -0.02540668658912182 1.0257999897003174 0.01052379421889782
v -0.02540668658912182 1.0341999530792236 0.01052379421889782
v -0.027499999850988388 1.0257999897003174 3.367778596455028e-18
v -0.027499999850988388 1.0341999530792236 3.367778596455028e-18
v -0.02540668658912182 1.0257999897003174 -0.01052379421889782
v -0.02540668658912182 1.0341999530792236 -0.01052379421889782
v -0.01944543607532978 1.0257999897003174 -0.01944543607532978
v -0.01944543607532978 1.0341999530792236 -0.01944543607532978
v -0.01052379421889782 1.0257999897003174 -0.02540668658912182
v -0.01052379421889782 1.0341999530792236 -0.02540668658912182
v -5.051668101477695e-18 1.0257999897003174 -0.027499999850988388
v -5.051668101477695e-18 1.0341999530792236 -0.027499999850988388
v 0.01052379421889782 1.0257999897003174 -0.02540668658912182
v 0.01052379421889782 1.0341999530792236 -0.02540668658912182
v 0.01944543607532978 1.0257999897003174 -0.01944543607532978
v 0.01944543607532978 1.0341999530792236 -0.01944543607532978
v 0.02540668658912182 1.0257999897003174 -0.01052379421889782
v 0.02540668658912182 1.0341999530792236 -0.01052379421889782
v 0.027499999850988388 1.0257999897003174 0
v 0.027499999850988388 1.0341999530792236 0
v 0.027499999850988388 1.0341999530792236 0
v 0.02669999934732914 1.034999966621399 0
v 0.02540668658912182 1.0341999530792236 0.01052379421889782
v 0.024667583405971527 1.034999966621399 0.01021764799952507
v 0.01944543607532978 1.0341999530792236 0.01944543607532978
v 0.01887975074350834 1.034999966621399 0.01887975074350834
v 0.01052379421889782 1.0341999530792236 0.02540668658912182
v 0.01021764799952507 1.034999966621399 0.024667583405971527
v 1.683889298227514e-18 1.0341999530792236 0.027499999850988388
v 1.6349034555569705e-18 1.034999966621399 0.02669999934732914
v -0.01052379421889782 1.0341999530792236 0.02540668658912182
v -0.01021764799952507 1.034999966621399 0.024667583405971527
v -0.01944543607532978 1.0341999530792236 0.01944543607532978
v -0.01887975074350834 1.034999966621399 0.01887975074350834
v -0.02540668658912182 1.0341999530792236 0.01052379421889782
v -0.024667583405971527 1.034999966621399 0.01021764799952507
v -0.027499999850988388 1.0341999530792236 3.367778596455028e-18
v -0.02669999934732914 1.034999966621399 3.269806911113941e-18
v -0.02540668658912182 1.0341999530792236 -0.01052379421889782
v -0.024667583405971527 1.034999966621399 -0.01021764799952507
v -0.01944543607532978 1.0341999530792236 -0.01944543607532978
v -0.01887975074350834 1.034999966621399 -0.01887975074350834
v -0.01052379421889782 1.0341999530792236 -0.02540668658912182
v -0.01021764799952507 1.034999966621399 -0.024667583405971527
v -5.051668101477695e-18 1.0341999530792236 -0.027499999850988388
v -4.9047103666709114e-18 1.034999966621399 -0.02669999934732914
v 0.01052379421889782 1.0341999530792236 -0.02540668658912182
v 0.01021764799952507 1.034999966621399 -0.024667583405971527
v 0.01944543607532978 1.0341999530792236 -0.01944543607532978
v 0.01887975074350834 1.034999966621399 -0.01887975074350834
v 0.02540668658912182 1.0341999530792236 -0.01052379421889782
v 0.024667583405971527 1.034999966621399 -0.01021764799952507
v 0.027499999850988388 1.0341999530792236 0
v 0.02669999934732914 1.034999966621399 0
v 0.02669999934732914 1.034999966621399 0
v 0.026499999687075615 1.034999966621399 0
v 0.024667583405971527 1.034999966621399 0.01021764799952507
v 0.024482807144522667 1.034999966621399 0.010141110979020596
v 0.01887975074350834 1.034999966621399 0.01887975074350834
v 0.01873832941055298 1.034999966621399 0.01873832941055298
v 0.01021764799952507 1.034999966621399 0.024667583405971527
v 0.010141110979020596 1.034999966621399 0.024482807144522667
v 1.6349034555569705e-18 1.034999966621399 0.02669999934732914
v 1.622657046588123e-18 1.034999966621399 0.026499999687075615
v -0.01021764799952507 1.034999966621399 0.024667583405971527
v -0.010141110979020596 1.034999966621399 0.024482807144522667
v -0.01887975074350834 1.034999966621399 0.01887975074350834
v -0.01873832941055298 1.034999966621399 0.01873832941055298
v -0.024667583405971527 1.034999966621399 0.01021764799952507
v -0.024482807144522667 1.034999966621399 0.010141110979020596
v -0.02669999934732914 1.034999966621399 3.269806911113941e-18
v -0.026499999687075615 1.034999966621399 3.245314093176246e-18
v -0.024667583405971527 1.034999966621399 -0.01021764799952507
v -0.024482807144522667 1.034999966621399 -0.010141110979020596
v -0.01887975074350834 1.034999966621399 -0.01887975074350834
v -0.01873832941055298 1.034999966621399 -0.01873832941055298
v -0.01021764799952507 1.034999966621399 -0.024667583405971527
v -0.010141110979020596 1.034999966621399 -0.024482807144522667
v -4.9047103666709114e-18 1.034999966621399 -0.02669999934732914
v -4.867971139764369e-18 1.034999966621399 -0.026499999687075615
v 0.01021764799952507 1.034999966621399 -0.024667583405971527
v 0.010141110979020596 1.034999966621399 -0.024482807144522667
v 0.01887975074350834 1.034999966621399 -0.01887975074350834
v 0.01873832941055298 1.034999966621399 -0.01873832941055298
v 0.024667583405971527 1.034999966621399 -0.01021764799952507
v 0.024482807144522667 1.034999966621399 -0.010141110979020596
v 0.02669999934732914 1.034999966621399 0
v 0.026499999687075615 1.034999966621399 0
v 0.026499999687075615 1.034999966621399 0
v 0.026499999687075615 1.0299999713897705 0
v 0.024482807144522667 1.034999966621399 0.010141110979020596
v 0.024482807144522667 1.0299999713897705 0.010141110979020596
v 0.01873832941055298 1.034999966621399 0.01873832941055298
v 0.01873832941055298 1.0299999713897705 0.01873832941055298
v 0.010141110979020596 1.034999966621399 0.024482807144522667
v 0.010141110979020596 1.0299999713897705 0.024482807144522667
v 1.622657046588123e-18 1.034999966621399 0.026499999687075615
v 1.622657046588123e-18 1.0299999713897705 0.026499999687075615
v -0.010141110979020596 1.034999966621399 0.024482807144522667
v -0.010141110979020596 1.0299999713897705 0.024482807144522667
v -0.01873832941055298 1.034999966621399 0.01873832941055298
v -0.01873832941055298 1.0299999713897705 0.01873832941055298
v -0.024482807144522667 1.034999966621399 0.010141110979020596
v -0.024482807144522667 1.0299999713897705 0.010141110979020596
v -0.026499999687075615 1.034999966621399 3.245314093176246e-18
v -0.026499999687075615 1.0299999713897705 3.245314093176246e-18
v -0.024482807144522667 1.034999966621399 -0.010141110979020596
v -0.024482807144522667 1.0299999713897705 -0.010141110979020596
v -0.01873832941055298 1.034999966621399 -0.01873832941055298
v -0.01873832941055298 1.0299999713897705 -0.01873832941055298
v -0.010141110979020596 1.034999966621399 -0.024482807144522667
v -0.010141110979020596 1.0299999713897705 -0.024482807144522667
v -4.867971139764369e-18 1.034999966621399 -0.026499999687075615
v -4.867971139764369e-18 1.0299999713897705 -0.026499999687075615
v 0.010141110979020596 1.034999966621399 -0.024482807144522667
v 0.010141110979020596 1.0299999713897705 -0.024482807144522667
v 0.01873832941055298 1.034999966621399 -0.01873832941055298
v 0.01873832941055298 1.0299999713897705 -0.01873832941055298
v 0.024482807144522667 1.034999966621399 -0.010141110979020596
v 0.024482807144522667 1.0299999713897705 -0.010141110979020596
v 0.026499999687075615 1.034999966621399 0
v 0.026499999687075615 1.0299999713897705 0
v 0.026499999687075615 1.0299999713897705 0
v 0.023800000548362732 1.0299999713897705 0
v 0.024482807144522667 1.0299999713897705 0.010141110979020596
v 0.021988332271575928 1.0299999713897705 0.009107865393161774
v 0.01873832941055298 1.0299999713897705 0.01873832941055298
v 0.01682914048433304 1.0299999713897705 0.01682914048433304
v 0.010141110979020596 1.0299999713897705 0.024482807144522667
v 0.009107865393161774 1.0299999713897705 0.021988332271575928
v 1.622657046588123e-18 1.0299999713897705 0.026499999687075615
v 1.457329698328068e-18 1.0299999713897705 0.023800000548362732
v -0.010141110979020596 1.0299999713897705 0.024482807144522667
v -0.009107865393161774 1.0299999713897705 0.021988332271575928
v -0.01873832941055298 1.0299999713897705 0.01873832941055298
v -0.01682914048433304 1.0299999713897705 0.01682914048433304
v -0.024482807144522667 1.0299999713897705 0.010141110979020596
v -0.021988332271575928 1.0299999713897705 0.009107865393161774
v -0.026499999687075615 1.0299999713897705 3.245314093176246e-18
v -0.023800000548362732 1.0299999713897705 2.914659396656136e-18
v -0.024482807144522667 1.0299999713897705 -0.010141110979020596
v -0.021988332271575928 1.0299999713897705 -0.009107865393161774
v -0.01873832941055298 1.0299999713897705 -0.01873832941055298
v -0.01682914048433304 1.0299999713897705 -0.01682914048433304
v -0.010141110979020596 1.0299999713897705 -0.024482807144522667
v -0.009107865393161774 1.0299999713897705 -0.021988332271575928
v -4.867971139764369e-18 1.0299999713897705 -0.026499999687075615
v -4.371989094984204e-18 1.0299999713897705 -0.023800000548362732
v 0.010141110979020596 1.0299999713897705 -0.024482807144522667
v 0.009107865393161774 1.0299999713897705 -0.021988332271575928
v 0.01873832941055298 1.0299999713897705 -0.01873832941055298
v 0.01682914048433304 1.0299999713897705 -0.01682914048433304
v 0.024482807144522667 1.0299999713897705 -0.010141110979020596
v 0.021988332271575928 1.0299999713897705 -0.009107865393161774
v 0.026499999687075615 1.0299999713897705 0
v 0.023800000548362732 1.0299999713897705 0
v 0.023800000548362732 1.0299999713897705 0
v 0.023800000548362732 1.024999976158142 0
v 0.021988332271575928 1.0299999713897705 0.009107865393161774
v 0.021988332271575928 1.024999976158142 0.009107865393161774
v 0.021988332271575928 1.0299999713897705 0.009107865393161774
v 0.021988332271575928 1.024999976158142 0.009107865393161774
v 0.01682914048433304 1.0299999713897705 0.01682914048433304
v 0.01682914048433304 1.024999976158142 0.01682914048433304
v 0.009107865393161774 1.0299999713897705 0.021988332271575928
v 0.009107865393161774 1.024999976158142 0.021988332271575928
v 0.009107865393161774 1.0299999713897705 0.021988332271575928
v 0.009107865393161774 1.024999976158142 0.021988332271575928
v 1.457329698328068e-18 1.0299999713897705 0.023800000548362732
v 1.457329698328068e-18 1.024999976158142 0.023800000548362732
v -0.009107865393161774 1.0299999713897705 0.021988332271575928
v -0.009107865393161774 1.024999976158142 0.021988332271575928
v -0.009107865393161774 1.0299999713897705 0.021988332271575928
v -0.009107865393161774 1.024999976158142 0.021988332271575928
v -0.01682914048433304 1.0299999713897705 0.01682914048433304
v -0.01682914048433304 1.024999976158142 0.01682914048433304
v -0.021988332271575928 1.0299999713897705 0.009107865393161774
v -0.021988332271575928 1.024999976158142 0.009107865393161774
v -0.021988332271575928 1.0299999713897705 0.009107865393161774
v -0.021988332271575928 1.024999976158142 0.009107865393161774
v -0.023800000548362732 1.0299999713897705 2.914659396656136e-18
v -0.023800000548362732 1.024999976158142 2.914659396656136e-18
v -0.021988332271575928 1.0299999713897705 -0.009107865393161774
v -0.021988332271575928 1.024999976158142 -0.009107865393161774
v -0.021988332271575928 1.0299999713897705 -0.009107865393161774
v -0.021988332271575928 1.024999976158142 -0.009107865393161774
v -0.01682914048433304 1.0299999713897705 -0.01682914048433304
v -0.01682914048433304 1.024999976158142 -0.01682914048433304
v -0.009107865393161774 1.0299999713897705 -0.021988332271575928
v -0.009107865393161774 1.024999976158142 -0.021988332271575928
v -0.009107865393161774 1.0299999713897705 -0.021988332271575928
v -0.009107865393161774 1.024999976158142 -0.021988332271575928
v -4.371989094984204e-18 1.0299999713897705 -0.023800000548362732
v -4.371989094984204e-18 1.024999976158142 -0.023800000548362732
v 0.009107865393161774 1.0299999713897705 -0.021988332271575928
v 0.009107865393161774 1.024999976158142 -0.021988332271575928
v 0.009107865393161774 1.0299999713897705 -0.021988332271575928
v 0.009107865393161774 1.024999976158142 -0.021988332271575928
v 0.01682914048433304 1.0299999713897705 -0.01682914048433304
v 0.01682914048433304 1.024999976158142 -0.01682914048433304
v 0.021988332271575928 1.0299999713897705 -0.009107865393161774
v 0.021988332271575928 1.024999976158142 -0.009107865393161774
v 0.021988332271575928 1.0299999713897705 -0.009107865393161774
v 0.021988332271575928 1.024999976158142 -0.009107865393161774
v 0.023800000548362732 1.0299999713897705 0
v 0.023800000548362732 1.024999976158142 0
vt 0 0
vt 0 0.002899999963119626
vt 0.0625 0
vt 0.0625 0.002899999963119626
vt 0.125 0
vt 0.125 0.002899999963119626
vt 0.1875 0
vt 0.1875 0.002899999963119626
vt 0.25 0
vt 0.25 0.002899999963119626
vt 0.3125 0
vt 0.3125 0.002899999963119626
vt 0.375 0
vt 0.375 0.002899999963119626
vt 0.4375 0
vt 0.4375 0.002899999963119626
vt 0.5 0
vt 0.5 0.002899999963119626
vt 0.5625 0
vt 0.5625 0.002899999963119626
vt 0.625 0
vt 0.625 0.002899999963119626
vt 0.6875 0
vt 0.6875 0.002899999963119626
vt 0.75 0
vt 0.75 0.002899999963119626
vt 0.8125 0
vt 0.8125 0.002899999963119626
vt 0.875 0
vt 0.875 0.002899999963119626
vt 0.9375 0
vt 0.9375 0.002899999963119626
vt 1 0
vt 1 0.002899999963119626
vt 0 0.002899999963119626
vt 0 0.004031370859593153
vt 0.0625 0.002899999963119626
vt 0.0625 0.004031370859593153
vt 0.125 0.002899999963119626
vt 0.125 0.004031370859593153
vt 0.1875 0.002899999963119626
vt 0.1875 0.004031370859593153
vt 0.25 0.002899999963119626
vt 0.25 0.004031370859593153
vt 0.3125 0.002899999963119626
vt 0.3125 0.004031370859593153
vt 0.375 0.002899999963119626
vt 0.375 0.004031370859593153
vt 0.4375 0.002899999963119626
vt 0.4375 0.004031370859593153
vt 0.5 0.002899999963119626
vt 0.5 0.004031370859593153
vt 0.5625 0.002899999963119626
vt 0.5625 0.004031370859593153
vt 0.625 0.002899999963119626
vt 0.625 0.004031370859593153
vt 0.6875 0.002899999963119626
vt 0.6875 0.004031370859593153
vt 0.75 0.002899999963119626
vt 0.75 0.004031370859593153
vt 0.8125 0.002899999963119626
vt 0.8125 0.004031370859593153
vt 0.875 0.002899999963119626
vt 0.875 0.004031370859593153
vt 0.9375 0.002899999963119626
vt 0.9375 0.004031370859593153
vt 1 0.002899999963119626
vt 1 0.004031370859593153
vt 0 0.004031370859593153
vt 0 0.0124313710257411
vt 0.0625 0.004031370859593153
vt 0.0625 0.0124313710257411
vt 0.125 0.004031370859593153
vt 0.125 0.0124313710257411
vt 0.1875 0.004031370859593153
vt 0.1875 0.0124313710257411
vt 0.25 0.004031370859593153
vt 0.25 0.0124313710257411
vt 0.3125 0.004031370859593153
vt 0.3125 0.0124313710257411
vt 0.375 0.004031370859593153
vt 0.375 0.0124313710257411
vt 0.4375 0.004031370859593153
vt 0.4375 0.0124313710257411
vt 0.5 0.004031370859593153
vt 0.5 0.0124313710257411
vt 0.5625 0.004031370859593153
vt 0.5625 0.0124313710257411
vt 0.625 0.004031370859593153
vt 0.625 0.0124313710257411
vt 0.6875 0.004031370859593153
vt 0.6875 0.0124313710257411
vt 0.75 0.004031370859593153
vt 0.75 0.0124313710257411
vt 0.8125 0.004031370859593153
vt 0.8125 0.0124313710257411
vt 0.875 0.004031370859593153
vt 0.875 0.0124313710257411
vt 0.9375 0.004031370859593153
vt 0.9375 0.0124313710257411
vt 1 0.004031370859593153
vt 1 0.0124313710257411
vt 0 0.0124313710257411
vt 0 0.013562741689383984
vt 0.0625 0.0124313710257411
vt 0.0625 0.013562741689383984
vt 0.125 0.0124313710257411
vt 0.125 0.013562741689383984
vt 0.1875 0.0124313710257411
vt 0.1875 0.013562741689383984
vt 0.25 0.0124313710257411
vt 0.25 0.013562741689383984
vt 0.3125 0.0124313710257411
vt 0.3125 0.013562741689383984
vt 0.375 0.0124313710257411
vt 0.375 0.013562741689383984
vt 0.4375 0.0124313710257411
vt 0.4375 0.013562741689383984
vt 0.5 0.0124313710257411
vt 0.5 0.013562741689383984
vt 0.5625 0.0124313710257411
vt 0.5625 0.013562741689383984
vt 0.625 0.0124313710257411
vt 0.625 0.013562741689383984
vt 0.6875 0.0124313710257411
vt 0.6875 0.013562741689383984
vt 0.75 0.0124313710257411
vt 0.75 0.013562741689383984
vt 0.8125 0.0124313710257411
vt 0.8125 0.013562741689383984
vt 0.875 0.0124313710257411
vt 0.875 0.013562741689383984
vt 0.9375 0.0124313710257411
vt 0.9375 0.013562741689383984
vt 1 0.0124313710257411
vt 1 0.013562741689383984
vt 0 0.013562741689383984
vt 0 0.013762741349637508
vt 0.0625 0.013562741689383984
vt 0.0625 0.013762741349637508
vt 0.125 0.013562741689383984
vt 0.125 0.013762741349637508
vt 0.1875 0.013562741689383984
vt 0.1875 0.013762741349637508
vt 0.25 0.013562741689383984
vt 0.25 0.013762741349637508
vt 0.3125 0.013562741689383984
vt 0.3125 0.013762741349637508
vt 0.375 0.013562741689383984
vt 0.375 0.013762741349637508
vt 0.4375 0.013562741689383984
vt 0.4375 0.013762741349637508
vt 0.5 0.013562741689383984
vt 0.5 0.013762741349637508
vt 0.5625 0.013562741689383984
vt 0.5625 0.013762741349637508
vt 0.625 0.013562741689383984
vt 0.625 0.013762741349637508
vt 0.6875 0.013562741689383984
vt 0.6875 0.013762741349637508
vt 0.75 0.013562741689383984
vt 0.75 0.013762741349637508
vt 0.8125 0.013562741689383984
vt 0.8125 0.013762741349637508
vt 0.875 0.013562741689383984
vt 0.875 0.013762741349637508
vt 0.9375 0.013562741689383984
vt 0.9375 0.013762741349637508
vt 1 0.013562741689383984
vt 1 0.013762741349637508
vt 0 0.013762741349637508
vt 0 0.0187627412378788
vt 0.0625 0.013762741349637508
vt 0.0625 0.0187627412378788
vt 0.125 0.013762741349637508
vt 0.125 0.0187627412378788
vt 0.1875 0.013762741349637508
vt 0.1875 0.0187627412378788
vt 0.25 0.013762741349637508
vt 0.25 0.0187627412378788
vt 0.3125 0.013762741349637508
vt 0.3125 0.0187627412378788
vt 0.375 0.013762741349637508
vt 0.375 0.0187627412378788
vt 0.4375 0.013762741349637508
vt 0.4375 0.0187627412378788
vt 0.5 0.013762741349637508
vt 0.5 0.0187627412378788
vt 0.5625 0.013762741349637508
vt 0.5625 0.0187627412378788
vt 0.625 0.013762741349637508
vt 0.625 0.0187627412378788
vt 0.6875 0.013762741349637508
vt 0.6875 0.0187627412378788
vt 0.75 0.013762741349637508
vt 0.75 0.0187627412378788
vt 0.8125 0.013762741349637508
vt 0.8125 0.0187627412378788
vt 0.875 0.013762741349637508
vt 0.875 0.0187627412378788
vt 0.9375 0.013762741349637508
vt 0.9375 0.0187627412378788
vt 1 0.013762741349637508
vt 1 0.0187627412378788
vt 0 0.0187627412378788
vt 0 0.02146274223923683
vt 0.0625 0.0187627412378788
vt 0.0625 0.02146274223923683
vt 0.125 0.0187627412378788
vt 0.125 0.02146274223923683
vt 0.1875 0.0187627412378788
vt 0.1875 0.02146274223923683
vt 0.25 0.0187627412378788
vt 0.25 0.02146274223923683
vt 0.3125 0.0187627412378788
vt 0.3125 0.02146274223923683
vt 0.375 0.0187627412378788
vt 0.375 0.02146274223923683
vt 0.4375 0.0187627412378788
vt 0.4375 0.02146274223923683
vt 0.5 0.0187627412378788
vt 0.5 0.02146274223923683
vt 0.5625 0.0187627412378788
vt 0.5625 0.02146274223923683
vt 0.625 0.0187627412378788
vt 0.625 0.02146274223923683
vt 0.6875 0.0187627412378788
vt 0.6875 0.02146274223923683
vt 0.75 0.0187627412378788
vt 0.75 0.02146274223923683
vt 0.8125 0.0187627412378788
vt 0.8125 0.02146274223923683
vt 0.875 0.0187627412378788
vt 0.875 0.02146274223923683
vt 0.9375 0.0187627412378788
vt 0.9375 0.02146274223923683
vt 1 0.0187627412378788
vt 1 0.02146274223923683
vt 0 0.02146274223923683
vt 0 0
vt 0.0625 0.02146274223923683
vt 0.0625 0
vt 0.0625 0.02146274223923683
vt 0.0625 0
vt 0.125 0.02146274223923683
vt 0.125 0
vt 0.1875 0.02146274223923683
vt 0.1875 0
vt 0.1875 0.02146274223923683
vt 0.1875 0
vt 0.25 0.02146274223923683
vt 0.25 0
vt 0.3125 0.02146274223923683
vt 0.3125 0
vt 0.3125 0.02146274223923683
vt 0.3125 0
vt 0.375 0.02146274223923683
vt 0.375 0
vt 0.4375 0.02146274223923683
vt 0.4375 0
vt 0.4375 0.02146274223923683
vt 0.4375 0
vt 0.5 0.02146274223923683
vt 0.5 0
vt 0.5625 0.02146274223923683
vt 0.5625 0
vt 0.5625 0.02146274223923683
vt 0.5625 0
vt 0.625 0.02146274223923683
vt 0.625 0
vt 0.6875 0.02146274223923683
vt 0.6875 0
vt 0.6875 0.02146274223923683
vt 0.6875 0
vt 0.75 0.02146274223923683
vt 0.75 0
vt 0.8125 0.02146274223923683
vt 0.8125 0
vt 0.8125 0.02146274223923683
vt 0.8125 0
vt 0.875 0.02146274223923683
vt 0.875 0
vt 0.9375 0.02146274223923683
vt 0.9375 0
vt 0.9375 0.02146274223923683
vt 0.9375 0
vt 1 0.02146274223923683
vt 1 0
vn 0.2510179877281189 -0.9679824113845825 -4.328149394439151e-9
vn 0.2510179877281189 -0.9679824113845825 -4.328149394439151e-9
vn 0.2510179877281189 -0.9679824113845825 -4.328149394439151e-9
vn 0.46556520462036133 -0.8637478947639465 0.19284343719482422
vn 0.269275039434433 -0.9246523380279541 0.269275039434433
vn 0.269275039434433 -0.9246523380279541 0.269275039434433
vn 4.328149838528361e-9 -0.9679824113845825 0.2510179877281189
vn 0.19284343719482422 -0.8637478947639465 0.46556520462036133
vn 4.328149838528361e-9 -0.9679824113845825 0.2510179877281189
vn 4.328149838528361e-9 -0.9679824113845825 0.2510179877281189
vn 4.328149838528361e-9 -0.9679824113845825 0.2510179877281189
vn -0.19284343719482422 -0.8637478947639465 0.46556520462036133
vn -0.269275039434433 -0.9246523380279541 0.269275039434433
vn -0.269275039434433 -0.9246523380279541 0.269275039434433
vn -0.2510179877281189 -0.9679824113845825 4.328149838528361e-9
vn -0.46556520462036133 -0.8637478947639465 0.19284343719482422
vn -0.2510179877281189 -0.9679824113845825 4.328149838528361e-9
vn -0.2510179877281189 -0.9679824113845825 4.328149838528361e-9
vn -0.2510179877281189 -0.9679824113845825 4.328149838528361e-9
vn -0.46556520462036133 -0.8637478947639465 -0.19284343719482422
vn -0.269275039434433 -0.9246523380279541 -0.269275039434433
vn -0.269275039434433 -0.9246523380279541 -0.269275039434433
vn -4.328149838528361e-9 -0.9679824113845825 -0.2510179877281189
vn -0.19284343719482422 -0.8637478947639465 -0.46556520462036133
vn -4.328149838528361e-9 -0.9679824113845825 -0.2510179877281189
vn -4.328149838528361e-9 -0.9679824113845825 -0.2510179877281189
vn -4.328149838528361e-9 -0.9679824113845825 -0.2510179877281189
vn 0.19284343719482422 -0.8637478947639465 -0.46556520462036133
vn 0.269275039434433 -0.9246523380279541 -0.269275039434433
vn 0.269275039434433 -0.9246523380279541 -0.269275039434433
vn 0.2510179877281189 -0.9679824113845825 -4.328149394439151e-9
vn 0.46556520462036133 -0.8637478947639465 -0.19284343719482422
vn 0.2510179877281189 -0.9679824113845825 -4.328149394439151e-9
vn 0.2510179877281189 -0.9679824113845825 -4.328149394439151e-9
vn 0.4034297466278076 -0.9149442911148071 -0.01101747527718544
vn 0.4034297466278076 -0.9149442911148071 -0.01101747527718544
vn 0.6578928828239441 -0.7098076343536377 0.25169429183006287
vn 0.6578928828239441 -0.7098076343536377 0.25169429183006287
vn 0.4166317284107208 -0.8190256357192993 0.3944806456565857
vn 0.4166317284107208 -0.8190256357192993 0.3944806456565857
vn 0.2872258126735687 -0.7098076343536377 0.6431752443313599
vn 0.2872258126735687 -0.7098076343536377 0.6431752443313599
vn 0.01101747527718544 -0.9149442911148071 0.4034297466278076
vn 0.01101747527718544 -0.9149442911148071 0.4034297466278076
vn -0.25169429183006287 -0.7098076343536377 0.6578928828239441
vn -0.25169429183006287 -0.7098076343536377 0.6578928828239441
vn -0.3944806456565857 -0.8190256357192993 0.4166317284107208
vn -0.3944806456565857 -0.8190256357192993 0.4166317284107208
vn -0.6431752443313599 -0.7098076343536377 0.2872258126735687
vn -0.6431752443313599 -0.7098076343536377 0.2872258126735687
vn -0.4034297466278076 -0.9149442911148071 0.01101747527718544
vn -0.4034297466278076 -0.9149442911148071 0.01101747527718544
vn -0.6578928828239441 -0.7098076343536377 -0.25169429183006287
vn -0.6578928828239441 -0.7098076343536377 -0.25169429183006287
vn -0.4166317284107208 -0.8190256357192993 -0.3944806456565857
vn -0.4166317284107208 -0.8190256357192993 -0.3944806456565857
vn -0.2872258126735687 -0.7098076343536377 -0.6431752443313599
vn -0.2872258126735687 -0.7098076343536377 -0.6431752443313599
vn -0.01101747527718544 -0.9149442911148071 -0.4034297466278076
vn -0.01101747527718544 -0.9149442911148071 -0.4034297466278076
vn 0.25169429183006287 -0.7098076343536377 -0.6578928828239441
vn 0.25169429183006287 -0.7098076343536377 -0.6578928828239441
vn 0.3944806456565857 -0.8190256357192993 -0.4166317284107208
vn 0.3944806456565857 -0.8190256357192993 -0.4166317284107208
vn 0.6431752443313599 -0.7098076343536377 -0.2872258126735687
vn 0.6431752443313599 -0.7098076343536377 -0.2872258126735687
vn 0.4034297466278076 -0.9149442911148071 -0.01101747527718544
vn 0.4034297466278076 -0.9149442911148071 -0.01101747527718544
vn 0.8617435693740845 -0.5067979693412781 -0.023533808067440987
vn 0.8617435693740845 0.5067979693412781 0.023533808067440987
vn 0.8051533102989197 -0.5067977905273438 0.30803266167640686
vn 0.7871413230895996 0.5067977905273438 0.3515174388885498
vn 0.6259856820106506 -0.5067977905273438 0.5927038788795471
vn 0.5927038788795471 0.5067977905273438 0.6259856820106506
vn 0.3515174388885498 -0.5067977905273438 0.7871413230895996
vn 0.30803266167640686 0.5067977905273438 0.8051533102989197
vn 0.023533808067440987 -0.5067979693412781 0.8617435693740845
vn -0.023533808067440987 0.5067979693412781 0.8617435693740845
vn -0.30803266167640686 -0.5067977905273438 0.8051533102989197
vn -0.3515174388885498 0.5067977905273438 0.7871413230895996
vn -0.5927038788795471 -0.5067977905273438 0.6259856820106506
vn -0.6259856820106506 0.5067977905273438 0.5927038788795471
vn -0.7871413230895996 -0.5067977905273438 0.3515174388885498
vn -0.8051533102989197 0.5067977905273438 0.30803266167640686
vn -0.8617435693740845 -0.5067979693412781 0.023533808067440987
vn -0.8617435693740845 0.5067979693412781 -0.023533808067440987
vn -0.8051533102989197 -0.5067977905273438 -0.30803266167640686
vn -0.7871413230895996 0.5067977905273438 -0.3515174388885498
vn -0.6259856820106506 -0.5067977905273438 -0.5927038788795471
vn -0.5927038788795471 0.5067977905273438 -0.6259856820106506
vn -0.3515174388885498 -0.5067977905273438 -0.7871413230895996
vn -0.30803266167640686 0.5067977905273438 -0.8051533102989197
vn -0.023533808067440987 -0.5067979693412781 -0.8617435693740845
vn 0.023533808067440987 0.5067979693412781 -0.8617435693740845
vn 0.30803266167640686 -0.5067977905273438 -0.8051533102989197
vn 0.3515174388885498 0.5067977905273438 -0.7871413230895996
vn 0.5927038788795471 -0.5067977905273438 -0.6259856820106506
vn 0.6259856820106506 0.5067977905273438 -0.5927038788795471
vn 0.7871413230895996 -0.5067977905273438 -0.3515174388885498
vn 0.8051533102989197 0.5067977905273438 -0.30803266167640686
vn 0.8617435693740845 -0.5067979693412781 -0.023533808067440987
vn 0.8617435693740845 0.5067979693412781 0.023533808067440987
vn 0.5735429525375366 0.8190257549285889 0.015663186088204384
vn 0.5735429525375366 0.8190257549285889 0.015663186088204384
vn 0.5238906741142273 0.8190256357192993 0.23395632207393646
vn 0.5238906741142273 0.8190256357192993 0.23395632207393646
vn 0.3944806456565857 0.8190256357192993 0.4166317284107208
vn 0.3944806456565857 0.8190256357192993 0.4166317284107208
vn 0.20501455664634705 0.8190256357192993 0.5358787178993225
vn 0.20501455664634705 0.8190256357192993 0.5358787178993225
vn -0.015663186088204384 0.8190257549285889 0.5735429525375366
vn -0.015663186088204384 0.8190257549285889 0.5735429525375366
vn -0.23395632207393646 0.8190256357192993 0.5238906741142273
vn -0.23395632207393646 0.8190256357192993 0.5238906741142273
vn -0.4166317284107208 0.8190256357192993 0.3944806456565857
vn -0.4166317284107208 0.8190256357192993 0.3944806456565857
vn -0.5358787178993225 0.8190256357192993 0.20501455664634705
vn -0.5358787178993225 0.8190256357192993 0.20501455664634705
vn -0.5735429525375366 0.8190257549285889 -0.015663186088204384
vn -0.5735429525375366 0.8190257549285889 -0.015663186088204384
vn -0.5238906741142273 0.8190256357192993 -0.23395632207393646
vn -0.5238906741142273 0.8190256357192993 -0.23395632207393646
vn -0.3944806456565857 0.8190256357192993 -0.4166317284107208
vn -0.3944806456565857 0.8190256357192993 -0.4166317284107208
vn -0.20501455664634705 0.8190256357192993 -0.5358787178993225
vn -0.20501455664634705 0.8190256357192993 -0.5358787178993225
vn 0.015663186088204384 0.8190257549285889 -0.5735429525375366
vn 0.015663186088204384 0.8190257549285889 -0.5735429525375366
vn 0.23395632207393646 0.8190256357192993 -0.5238906741142273
vn 0.23395632207393646 0.8190256357192993 -0.5238906741142273
vn 0.4166317284107208 0.8190256357192993 -0.3944806456565857
vn 0.4166317284107208 0.8190256357192993 -0.3944806456565857
vn 0.5358787178993225 0.8190256357192993 -0.20501455664634705
vn 0.5358787178993225 0.8190256357192993 -0.20501455664634705
vn 0.5735429525375366 0.8190257549285889 0.015663186088204384
vn 0.5735429525375366 0.8190257549285889 0.015663186088204384
vn 0.38081228733062744 0.9246523380279541 6.56611343075042e-9
vn 0.38081228733062744 0.9246523380279541 6.56611343075042e-9
vn 0.3518248200416565 0.9246522784233093 0.1457306146621704
vn 0.3518248200416565 0.9246522784233093 0.1457306146621704
vn 0.269275039434433 0.9246523380279541 0.269275039434433
vn 0.269275039434433 0.9246523380279541 0.269275039434433
vn 0.1457306295633316 0.9246522784233093 0.3518248200416565
vn 0.1457306295633316 0.9246522784233093 0.3518248200416565
vn -6.56611343075042e-9 0.9246523380279541 0.38081228733062744
vn -6.56611343075042e-9 0.9246523380279541 0.38081228733062744
vn -0.1457306146621704 0.9246522784233093 0.3518248200416565
vn -0.1457306146621704 0.9246522784233093 0.3518248200416565
vn -0.269275039434433 0.9246523380279541 0.269275039434433
vn -0.269275039434433 0.9246523380279541 0.269275039434433
vn -0.3518248200416565 0.9246522784233093 0.1457306295633316
vn -0.3518248200416565 0.9246522784233093 0.1457306295633316
vn -0.38081228733062744 0.9246523380279541 -6.56611343075042e-9
vn -0.38081228733062744 0.9246523380279541 -6.56611343075042e-9
vn -0.3518248200416565 0.9246522784233093 -0.1457306146621704
vn -0.3518248200416565 0.9246522784233093 -0.1457306146621704
vn -0.269275039434433 0.9246523380279541 -0.269275039434433
vn -0.269275039434433 0.9246523380279541 -0.269275039434433
vn -0.1457306295633316 0.9246522784233093 -0.3518248200416565
vn -0.1457306295633316 0.9246522784233093 -0.3518248200416565
vn 6.56611343075042e-9 0.9246523380279541 -0.38081228733062744
vn 6.56611343075042e-9 0.9246523380279541 -0.38081228733062744
vn 0.1457306146621704 0.9246522784233093 -0.3518248200416565
vn 0.1457306146621704 0.9246522784233093 -0.3518248200416565
vn 0.269275039434433 0.9246523380279541 -0.269275039434433
vn 0.269275039434433 0.9246523380279541 -0.269275039434433
vn 0.3518248200416565 0.9246522784233093 -0.1457306295633316
vn 0.3518248200416565 0.9246522784233093 -0.1457306295633316
vn 0.38081228733062744 0.9246523380279541 6.56611343075042e-9
vn 0.38081228733062744 0.9246523380279541 6.56611343075042e-9
vn -0.997809112071991 0 0.06615886092185974
vn -0.9999509453773499 0 -0.009902277030050755
vn -0.9471732974052429 0 -0.32072222232818604
vn -0.8965374827384949 0 -0.44296783208847046
vn -0.7523389458656311 0 -0.6587762236595154
vn -0.691309928894043 0 -0.7225583791732788
vn -0.44296783208847046 0 -0.8965374827384949
vn -0.32072222232818604 0 -0.9471732974052429
vn -0.06615886092185974 0 -0.997809112071991
vn 0.009902277030050755 0 -0.9999509453773499
vn 0.32072222232818604 0 -0.9471732974052429
vn 0.44296783208847046 0 -0.8965374827384949
vn 0.6587762236595154 0 -0.7523389458656311
vn 0.7225583791732788 0 -0.691309928894043
vn 0.8965374827384949 0 -0.44296783208847046
vn 0.9471732974052429 0 -0.32072222232818604
vn 0.997809112071991 0 -0.06615886092185974
vn 0.9999509453773499 0 0.009902277030050755
vn 0.9471732974052429 0 0.32072222232818604
vn 0.8965374827384949 0 0.44296783208847046
vn 0.7523389458656311 0 0.6587762236595154
vn 0.691309928894043 0 0.7225583791732788
vn 0.44296783208847046 0 0.8965374827384949
vn 0.32072222232818604 0 0.9471732974052429
vn 0.06615886092185974 0 0.997809112071991
vn -0.009902277030050755 0 0.9999509453773499
vn -0.32072222232818604 0 0.9471732974052429
vn -0.44296783208847046 0 0.8965374827384949
vn -0.6587762236595154 0 0.7523389458656311
vn -0.7225583791732788 0 0.691309928894043
vn -0.8965374827384949 0 0.44296783208847046
vn -0.9471732974052429 0 0.32072222232818604
vn -0.997809112071991 0 0.06615886092185974
vn -0.9999509453773499 0 -0.009902277030050755
vn 0 1 0
vn 0 1 0
vn 0 1 0
vn 0 1 0
vn 0 1 0
vn 0 1 0
vn 0 1 0
vn 0 1 0
vn 0 1 0
vn 0 1 0
vn 0 1 0
vn 0 1 0
vn 0 1 0
vn 0 1 0
vn 0 1 0
vn 0 1 0
vn 0 1 0
vn 0 1 0
vn 0 1 0
vn 0 1 0
vn 0 1 0
vn 0 1 0
vn 0 1 0
vn 0 1 0
vn 0 1 0
vn 0 1 0
vn 0 1 0
vn 0 1 0
vn 0 1 0
vn 0 1 0
vn 0 1 0
vn 0 1 0
vn 0 1 0
vn 0 1 0
vn -0.9999509453773499 0 -0.009902277030050755
vn -0.9999509453773499 0 -0.009902277030050755
vn -0.9999509453773499 0 -0.009902277030050755
vn -0.9999509453773499 0 -0.009902277030050755
vn -0.9941967129707336 0 -0.107577383518219
vn -0.9941967129707336 0 -0.107577383518219
vn -0.691309928894043 0 -0.7225583791732788
vn -0.691309928894043 0 -0.7225583791732788
vn -0.0852174460887909 0 -0.9963623881340027
vn -0.0852174460887909 0 -0.9963623881340027
vn 0.009902277030050755 0 -0.9999509453773499
vn 0.009902277030050755 0 -0.9999509453773499
vn 0.009902277030050755 0 -0.9999509453773499
vn 0.009902277030050755 0 -0.9999509453773499
vn 0.009902277030050755 0 -0.9999509453773499
vn 0.009902277030050755 0 -0.9999509453773499
vn 0.107577383518219 0 -0.9941967129707336
vn 0.107577383518219 0 -0.9941967129707336
vn 0.7225583791732788 0 -0.691309928894043
vn 0.7225583791732788 0 -0.691309928894043
vn 0.9963623881340027 0 -0.0852174460887909
vn 0.9963623881340027 0 -0.0852174460887909
vn 0.9999509453773499 0 0.009902277030050755
vn 0.9999509453773499 0 0.009902277030050755
vn 0.9999509453773499 0 0.009902277030050755
vn 0.9999509453773499 0 0.009902277030050755
vn 0.9999509453773499 0 0.009902277030050755
vn 0.9999509453773499 0 0.009902277030050755
vn 0.9941967129707336 0 0.107577383518219
vn 0.9941967129707336 0 0.107577383518219
vn 0.691309928894043 0 0.7225583791732788
vn 0.691309928894043 0 0.7225583791732788
vn 0.0852174460887909 0 0.9963623881340027
vn 0.0852174460887909 0 0.9963623881340027
vn -0.009902277030050755 0 0.9999509453773499
vn -0.009902277030050755 0 0.9999509453773499
vn -0.009902277030050755 0 0.9999509453773499
vn -0.009902277030050755 0 0.9999509453773499
vn -0.009902277030050755 0 0.9999509453773499
vn -0.009902277030050755 0 0.9999509453773499
vn -0.107577383518219 0 0.9941967129707336
vn -0.107577383518219 0 0.9941967129707336
vn -0.7225583791732788 0 0.691309928894043
vn -0.7225583791732788 0 0.691309928894043
vn -0.9963623881340027 0 0.0852174460887909
vn -0.9963623881340027 0 0.0852174460887909
vn -0.9999509453773499 0 -0.009902277030050755
vn -0.9999509453773499 0 -0.009902277030050755
vn -0.9999509453773499 0 -0.009902277030050755
vn -0.9999509453773499 0 -0.009902277030050755
f 2157/2157/2157 2158/2158/2158 2159/2159/2159
f 2159/2159/2159 2158/2158/2158 2160/2160/2160
f 2159/2159/2159 2160/2160/2160 2161/2161/2161
f 2161/2161/2161 2160/2160/2160 2162/2162/2162
f 2161/2161/2161 2162/2162/2162 2163/2163/2163
f 2163/2163/2163 2162/2162/2162 2164/2164/2164
f 2163/2163/2163 2164/2164/2164 2165/2165/2165
f 2165/2165/2165 2164/2164/2164 2166/2166/2166
f 2165/2165/2165 2166/2166/2166 2167/2167/2167
f 2167/2167/2167 2166/2166/2166 2168/2168/2168
f 2167/2167/2167 2168/2168/2168 2169/2169/2169
f 2169/2169/2169 2168/2168/2168 2170/2170/2170
f 2169/2169/2169 2170/2170/2170 2171/2171/2171
f 2171/2171/2171 2170/2170/2170 2172/2172/2172
f 2171/2171/2171 2172/2172/2172 2173/2173/2173
f 2173/2173/2173 2172/2172/2172 2174/2174/2174
f 2173/2173/2173 2174/2174/2174 2175/2175/2175
f 2175/2175/2175 2174/2174/2174 2176/2176/2176
f 2175/2175/2175 2176/2176/2176 2177/2177/2177
f 2177/2177/2177 2176/2176/2176 2178/2178/2178
f 2177/2177/2177 2178/2178/2178 2179/2179/2179
f 2179/2179/2179 2178/2178/2178 2180/2180/2180
f 2179/2179/2179 2180/2180/2180 2181/2181/2181
f 2181/2181/2181 2180/2180/2180 2182/2182/2182
f 2181/2181/2181 2182/2182/2182 2183/2183/2183
f 2183/2183/2183 2182/2182/2182 2184/2184/2184
f 2183/2183/2183 2184/2184/2184 2185/2185/2185
f 2185/2185/2185 2184/2184/2184 2186/2186/2186
f 2185/2185/2185 2186/2186/2186 2187/2187/2187
f 2187/2187/2187 2186/2186/2186 2188/2188/2188
f 2187/2187/2187 2188/2188/2188 2189/2189/2189
f 2189/2189/2189 2188/2188/2188 2190/2190/2190
f 2191/2191/2191 2192/2192/2192 2193/2193/2193
f 2193/2193/2193 2192/2192/2192 2194/2194/2194
f 2193/2193/2193 2194/2194/2194 2195/2195/2195
f 2195/2195/2195 2194/2194/2194 2196/2196/2196
f 2195/2195/2195 2196/2196/2196 2197/2197/2197
f 2197/2197/2197 2196/2196/2196 2198/2198/2198
f 2197/2197/2197 2198/2198/2198 2199/2199/2199
f 2199/2199/2199 2198/2198/2198 2200/2200/2200
f 2199/2199/2199 2200/2200/2200 2201/2201/2201
f 2201/2201/2201 2200/2200/2200 2202/2202/2202
f 2201/2201/2201 2202/2202/2202 2203/2203/2203
f 2203/2203/2203 2202/2202/2202 2204/2204/2204
f 2203/2203/2203 2204/2204/2204 2205/2205/2205
f 2205/2205/2205 2204/2204/2204 2206/2206/2206
f 2205/2205/2205 2206/2206/2206 2207/2207/2207
f 2207/2207/2207 2206/2206/2206 2208/2208/2208
f 2207/2207/2207 2208/2208/2208 2209/2209/2209
f 2209/2209/2209 2208/2208/2208 2210/2210/2210
f 2209/2209/2209 2210/2210/2210 2211/2211/2211
f 2211/2211/2211 2210/2210/2210 2212/2212/2212
f 2211/2211/2211 2212/2212/2212 2213/2213/2213
f 2213/2213/2213 2212/2212/2212 2214/2214/2214
f 2213/2213/2213 2214/2214/2214 2215/2215/2215
f 2215/2215/2215 2214/2214/2214 2216/2216/2216
f 2215/2215/2215 2216/2216/2216 2217/2217/2217
f 2217/2217/2217 2216/2216/2216 2218/2218/2218
f 2217/2217/2217 2218/2218/2218 2219/2219/2219
f 2219/2219/2219 2218/2218/2218 2220/2220/2220
f 2219/2219/2219 2220/2220/2220 2221/2221/2221
f 2221/2221/2221 2220/2220/2220 2222/2222/2222
f 2221/2221/2221 2222/2222/2222 2223/2223/2223
f 2223/2223/2223 2222/2222/2222 2224/2224/2224
f 2225/2225/2225 2226/2226/2226 2227/2227/2227
f 2227/2227/2227 2226/2226/2226 2228/2228/2228
f 2227/2227/2227 2228/2228/2228 2229/2229/2229
f 2229/2229/2229 2228/2228/2228 2230/2230/2230
f 2229/2229/2229 2230/2230/2230 2231/2231/2231
f 2231/2231/2231 2230/2230/2230 2232/2232/2232
f 2231/2231/2231 2232/2232/2232 2233/2233/2233
f 2233/2233/2233 2232/2232/2232 2234/2234/2234
f 2233/2233/2233 2234/2234/2234 2235/2235/2235
f 2235/2235/2235 2234/2234/2234 2236/2236/2236
f 2235/2235/2235 2236/2236/2236 2237/2237/2237
f 2237/2237/2237 2236/2236/2236 2238/2238/2238
f 2237/2237/2237 2238/2238/2238 2239/2239/2239
f 2239/2239/2239 2238/2238/2238 2240/2240/2240
f 2239/2239/2239 2240/2240/2240 2241/2241/2241
f 2241/2241/2241 2240/2240/2240 2242/2242/2242
f 2241/2241/2241 2242/2242/2242 2243/2243/2243
f 2243/2243/2243 2242/2242/2242 2244/2244/2244
f 2243/2243/2243 2244/2244/2244 2245/2245/2245
f 2245/2245/2245 2244/2244/2244 2246/2246/2246
f 2245/2245/2245 2246/2246/2246 2247/2247/2247
f 2247/2247/2247 2246/2246/2246 2248/2248/2248
f 2247/2247/2247 2248/2248/2248 2249/2249/2249
f 2249/2249/2249 2248/2248/2248 2250/2250/2250
f 2249/2249/2249 2250/2250/2250 2251/2251/2251
f 2251/2251/2251 2250/2250/2250 2252/2252/2252
f 2251/2251/2251 2252/2252/2252 2253/2253/2253
f 2253/2253/2253 2252/2252/2252 2254/2254/2254
f 2253/2253/2253 2254/2254/2254 2255/2255/2255
f 2255/2255/2255 2254/2254/2254 2256/2256/2256
f 2255/2255/2255 2256/2256/2256 2257/2257/2257
f 2257/2257/2257 2256/2256/2256 2258/2258/2258
f 2259/2259/2259 2260/2260/2260 2261/2261/2261
f 2261/2261/2261 2260/2260/2260 2262/2262/2262
f 2261/2261/2261 2262/2262/2262 2263/2263/2263
f 2263/2263/2263 2262/2262/2262 2264/2264/2264
f 2263/2263/2263 2264/2264/2264 2265/2265/2265
f 2265/2265/2265 2264/2264/2264 2266/2266/2266
f 2265/2265/2265 2266/2266/2266 2267/2267/2267
f 2267/2267/2267 2266/2266/2266 2268/2268/2268
f 2267/2267/2267 2268/2268/2268 2269/2269/2269
f 2269/2269/2269 2268/2268/2268 2270/2270/2270
f 2269/2269/2269 2270/2270/2270 2271/2271/2271
f 2271/2271/2271 2270/2270/2270 2272/2272/2272
f 2271/2271/2271 2272/2272/2272 2273/2273/2273
f 2273/2273/2273 2272/2272/2272 2274/2274/2274
f 2273/2273/2273 2274/2274/2274 2275/2275/2275
f 2275/2275/2275 2274/2274/2274 2276/2276/2276
f 2275/2275/2275 2276/2276/2276 2277/2277/2277
f 2277/2277/2277 2276/2276/2276 2278/2278/2278
f 2277/2277/2277 2278/2278/2278 2279/2279/2279
f 2279/2279/2279 2278/2278/2278 2280/2280/2280
f 2279/2279/2279 2280/2280/2280 2281/2281/2281
f 2281/2281/2281 2280/2280/2280 2282/2282/2282
f 2281/2281/2281 2282/2282/2282 2283/2283/2283
f 2283/2283/2283 2282/2282/2282 2284/2284/2284
f 2283/2283/2283 2284/2284/2284 2285/2285/2285
f 2285/2285/2285 2284/2284/2284 2286/2286/2286
f 2285/2285/2285 2286/2286/2286 2287/2287/2287
f 2287/2287/2287 2286/2286/2286 2288/2288/2288
f 2287/2287/2287 2288/2288/2288 2289/2289/2289
f 2289/2289/2289 2288/2288/2288 2290/2290/2290
f 2289/2289/2289 2290/2290/2290 2291/2291/2291
f 2291/2291/2291 2290/2290/2290 2292/2292/2292
f 2293/2293/2293 2294/2294/2294 2295/2295/2295
f 2295/2295/2295 2294/2294/2294 2296/2296/2296
f 2295/2295/2295 2296/2296/2296 2297/2297/2297
f 2297/2297/2297 2296/2296/2296 2298/2298/2298
f 2297/2297/2297 2298/2298/2298 2299/2299/2299
f 2299/2299/2299 2298/2298/2298 2300/2300/2300
f 2299/2299/2299 2300/2300/2300 2301/2301/2301
f 2301/2301/2301 2300/2300/2300 2302/2302/2302
f 2301/2301/2301 2302/2302/2302 2303/2303/2303
f 2303/2303/2303 2302/2302/2302 2304/2304/2304
f 2303/2303/2303 2304/2304/2304 2305/2305/2305
f 2305/2305/2305 2304/2304/2304 2306/2306/2306
f 2305/2305/2305 2306/2306/2306 2307/2307/2307
f 2307/2307/2307 2306/2306/2306 2308/2308/2308
f 2307/2307/2307 2308/2308/2308 2309/2309/2309
f 2309/2309/2309 2308/2308/2308 2310/2310/2310
f 2309/2309/2309 2310/2310/2310 2311/2311/2311
f 2311/2311/2311 2310/2310/2310 2312/2312/2312
f 2311/2311/2311 2312/2312/2312 2313/2313/2313
f 2313/2313/2313 2312/2312/2312 2314/2314/2314
f 2313/2313/2313 2314/2314/2314 2315/2315/2315
f 2315/2315/2315 2314/2314/2314 2316/2316/2316
f 2315/2315/2315 2316/2316/2316 2317/2317/2317
f 2317/2317/2317 2316/2316/2316 2318/2318/2318
f 2317/2317/2317 2318/2318/2318 2319/2319/2319
f 2319/2319/2319 2318/2318/2318 2320/2320/2320
f 2319/2319/2319 2320/2320/2320 2321/2321/2321
f 2321/2321/2321 2320/2320/2320 2322/2322/2322
f 2321/2321/2321 2322/2322/2322 2323/2323/2323
f 2323/2323/2323 2322/2322/2322 2324/2324/2324
f 2323/2323/2323 2324/2324/2324 2325/2325/2325
f 2325/2325/2325 2324/2324/2324 2326/2326/2326
f 2327/2327/2327 2328/2328/2328 2329/2329/2329
f 2329/2329/2329 2328/2328/2328 2330/2330/2330
f 2329/2329/2329 2330/2330/2330 2331/2331/2331
f 2331/2331/2331 2330/2330/2330 2332/2332/2332
f 2331/2331/2331 2332/2332/2332 2333/2333/2333
f 2333/2333/2333 2332/2332/2332 2334/2334/2334
f 2333/2333/2333 2334/2334/2334 2335/2335/2335
f 2335/2335/2335 2334/2334/2334 2336/2336/2336
f 2335/2335/2335 2336/2336/2336 2337/2337/2337
f 2337/2337/2337 2336/2336/2336 2338/2338/2338
f 2337/2337/2337 2338/2338/2338 2339/2339/2339
f 2339/2339/2339 2338/2338/2338 2340/2340/2340
f 2339/2339/2339 2340/2340/2340 2341/2341/2341
f 2341/2341/2341 2340/2340/2340 2342/2342/2342
f 2341/2341/2341 2342/2342/2342 2343/2343/2343
f 2343/2343/2343 2342/2342/2342 2344/2344/2344
f 2343/2343/2343 2344/2344/2344 2345/2345/2345
f 2345/2345/2345 2344/2344/2344 2346/2346/2346
f 2345/2345/2345 2346/2346/2346 2347/2347/2347
f 2347/2347/2347 2346/2346/2346 2348/2348/2348
f 2347/2347/2347 2348/2348/2348 2349/2349/2349
f 2349/2349/2349 2348/2348/2348 2350/2350/2350
f 2349/2349/2349 2350/2350/2350 2351/2351/2351
f 2351/2351/2351 2350/2350/2350 2352/2352/2352
f 2351/2351/2351 2352/2352/2352 2353/2353/2353
f 2353/2353/2353 2352/2352/2352 2354/2354/2354
f 2353/2353/2353 2354/2354/2354 2355/2355/2355
f 2355/2355/2355 2354/2354/2354 2356/2356/2356
f 2355/2355/2355 2356/2356/2356 2357/2357/2357
f 2357/2357/2357 2356/2356/2356 2358/2358/2358
f 2357/2357/2357 2358/2358/2358 2359/2359/2359
f 2359/2359/2359 2358/2358/2358 2360/2360/2360
f 2361/2361/2361 2362/2362/2362 2363/2363/2363
f 2363/2363/2363 2362/2362/2362 2364/2364/2364
f 2363/2363/2363 2364/2364/2364 2365/2365/2365
f 2365/2365/2365 2364/2364/2364 2366/2366/2366
f 2365/2365/2365 2366/2366/2366 2367/2367/2367
f 2367/2367/2367 2366/2366/2366 2368/2368/2368
f 2367/2367/2367 2368/2368/2368 2369/2369/2369
f 2369/2369/2369 2368/2368/2368 2370/2370/2370
f 2369/2369/2369 2370/2370/2370 2371/2371/2371
f 2371/2371/2371 2370/2370/2370 2372/2372/2372
f 2371/2371/2371 2372/2372/2372 2373/2373/2373
f 2373/2373/2373 2372/2372/2372 2374/2374/2374
f 2373/2373/2373 2374/2374/2374 2375/2375/2375
f 2375/2375/2375 2374/2374/2374 2376/2376/2376
f 2375/2375/2375 2376/2376/2376 2377/2377/2377
f 2377/2377/2377 2376/2376/2376 2378/2378/2378
f 2377/2377/2377 2378/2378/2378 2379/2379/2379
f 2379/2379/2379 2378/2378/2378 2380/2380/2380
f 2379/2379/2379 2380/2380/2380 2381/2381/2381
f 2381/2381/2381 2380/2380/2380 2382/2382/2382
f 2381/2381/2381 2382/2382/2382 2383/2383/2383
f 2383/2383/2383 2382/2382/2382 2384/2384/2384
f 2383/2383/2383 2384/2384/2384 2385/2385/2385
f 2385/2385/2385 2384/2384/2384 2386/2386/2386
f 2385/2385/2385 2386/2386/2386 2387/2387/2387
f 2387/2387/2387 2386/2386/2386 2388/2388/2388
f 2387/2387/2387 2388/2388/2388 2389/2389/2389
f 2389/2389/2389 2388/2388/2388 2390/2390/2390
f 2389/2389/2389 2390/2390/2390 2391/2391/2391
f 2391/2391/2391 2390/2390/2390 2392/2392/2392
f 2391/2391/2391 2392/2392/2392 2393/2393/2393
f 2393/2393/2393 2392/2392/2392 2394/2394/2394
f 2395/2395/2395 2396/2396/2396 2397/2397/2397
f 2397/2397/2397 2396/2396/2396 2398/2398/2398
f 2399/2399/2399 2400/2400/2400 2401/2401/2401
f 2401/2401/2401 2400/2400/2400 2402/2402/2402
f 2401/2401/2401 2402/2402/2402 2403/2403/2403
f 2403/2403/2403 2402/2402/2402 2404/2404/2404
f 2405/2405/2405 2406/2406/2406 2407/2407/2407
f 2407/2407/2407 2406/2406/2406 2408/2408/2408
f 2407/2407/2407 2408/2408/2408 2409/2409/2409
f 2409/2409/2409 2408/2408/2408 2410/2410/2410
f 2411/2411/2411 2412/2412/2412 2413/2413/2413
f 2413/2413/2413 2412/2412/2412 2414/2414/2414
f 2413/2413/2413 2414/2414/2414 2415/2415/2415
f 2415/2415/2415 2414/2414/2414 2416/2416/2416
f 2417/2417/2417 2418/2418/2418 2419/2419/2419
f 2419/2419/2419 2418/2418/2418 2420/2420/2420
f 2419/2419/2419 2420/2420/2420 2421/2421/2421
f 2421/2421/2421 2420/2420/2420 2422/2422/2422
f 2423/2423/2423 2424/2424/2424 2425/2425/2425
f 2425/2425/2425 2424/2424/2424 2426/2426/2426
f 2425/2425/2425 2426/2426/2426 2427/2427/2427
f 2427/2427/2427 2426/2426/2426 2428/2428/2428
f 2429/2429/2429 2430/2430/2430 2431/2431/2431
f 2431/2431/2431 2430/2430/2430 2432/2432/2432
f 2431/2431/2431 2432/2432/2432 2433/2433/2433
f 2433/2433/2433 2432/2432/2432 2434/2434/2434
f 2435/2435/2435 2436/2436/2436 2437/2437/2437
f 2437/2437/2437 2436/2436/2436 2438/2438/2438
f 2437/2437/2437 2438/2438/2438 2439/2439/2439
f 2439/2439/2439 2438/2438/2438 2440/2440/2440
f 2441/2441/2441 2442/2442/2442 2443/2443/2443
f 2443/2443/2443 2442/2442/2442 2444/2444/2444
g S18
v 0.026499999687075615 1.2350000143051147 0
v 0.02669999934732914 1.2350000143051147 0
v 0.024482807144522667 1.2350000143051147 0.010141110979020596
v 0.024667583405971527 1.2350000143051147 0.01021764799952507
v 0.01873832941055298 1.2350000143051147 0.01873832941055298
v 0.01887975074350834 1.2350000143051147 0.01887975074350834
v 0.010141110979020596 1.2350000143051147 0.024482807144522667
v 0.01021764799952507 1.2350000143051147 0.024667583405971527
v 1.622657046588123e-18 1.2350000143051147 0.026499999687075615
v 1.6349034555569705e-18 1.2350000143051147 0.02669999934732914
v -0.010141110979020596 1.2350000143051147 0.024482807144522667
v -0.01021764799952507 1.2350000143051147 0.024667583405971527
v -0.01873832941055298 1.2350000143051147 0.01873832941055298
v -0.01887975074350834 1.2350000143051147 0.01887975074350834
v -0.024482807144522667 1.2350000143051147 0.010141110979020596
v -0.024667583405971527 1.2350000143051147 0.01021764799952507
v -0.026499999687075615 1.2350000143051147 3.245314093176246e-18
v -0.02669999934732914 1.2350000143051147 3.269806911113941e-18
v -0.024482807144522667 1.2350000143051147 -0.010141110979020596
v -0.024667583405971527 1.2350000143051147 -0.01021764799952507
v -0.01873832941055298 1.2350000143051147 -0.01873832941055298
v -0.01887975074350834 1.2350000143051147 -0.01887975074350834
v -0.010141110979020596 1.2350000143051147 -0.024482807144522667
v -0.01021764799952507 1.2350000143051147 -0.024667583405971527
v -4.867971139764369e-18 1.2350000143051147 -0.026499999687075615
v -4.9047103666709114e-18 1.2350000143051147 -0.02669999934732914
v 0.010141110979020596 1.2350000143051147 -0.024482807144522667
v 0.01021764799952507 1.2350000143051147 -0.024667583405971527
v 0.01873832941055298 1.2350000143051147 -0.01873832941055298
v 0.01887975074350834 1.2350000143051147 -0.01887975074350834
v 0.024482807144522667 1.2350000143051147 -0.010141110979020596
v 0.024667583405971527 1.2350000143051147 -0.01021764799952507
v 0.026499999687075615 1.2350000143051147 0
v 0.02669999934732914 1.2350000143051147 0
v 0.02669999934732914 1.2350000143051147 0
v 0.027499999850988388 1.23580002784729 0
v 0.024667583405971527 1.2350000143051147 0.01021764799952507
v 0.02540668658912182 1.23580002784729 0.01052379421889782
v 0.01887975074350834 1.2350000143051147 0.01887975074350834
v 0.01944543607532978 1.23580002784729 0.01944543607532978
v 0.01021764799952507 1.2350000143051147 0.024667583405971527
v 0.01052379421889782 1.23580002784729 0.02540668658912182
v 1.6349034555569705e-18 1.2350000143051147 0.02669999934732914
v 1.683889298227514e-18 1.23580002784729 0.027499999850988388
v -0.01021764799952507 1.2350000143051147 0.024667583405971527
v -0.01052379421889782 1.23580002784729 0.02540668658912182
v -0.01887975074350834 1.2350000143051147 0.01887975074350834
v -0.01944543607532978 1.23580002784729 0.01944543607532978
v -0.024667583405971527 1.2350000143051147 0.01021764799952507
v -0.02540668658912182 1.23580002784729 0.01052379421889782
v -0.02669999934732914 1.2350000143051147 3.269806911113941e-18
v -0.027499999850988388 1.23580002784729 3.367778596455028e-18
v -0.024667583405971527 1.2350000143051147 -0.01021764799952507
v -0.02540668658912182 1.23580002784729 -0.01052379421889782
v -0.01887975074350834 1.2350000143051147 -0.01887975074350834
v -0.01944543607532978 1.23580002784729 -0.01944543607532978
v -0.01021764799952507 1.2350000143051147 -0.024667583405971527
v -0.01052379421889782 1.23580002784729 -0.02540668658912182
v -4.9047103666709114e-18 1.2350000143051147 -0.02669999934732914
v -5.051668101477695e-18 1.23580002784729 -0.027499999850988388
v 0.01021764799952507 1.2350000143051147 -0.024667583405971527
v 0.01052379421889782 1.23580002784729 -0.02540668658912182
v 0.01887975074350834 1.2350000143051147 -0.01887975074350834
v 0.01944543607532978 1.23580002784729 -0.01944543607532978
v 0.024667583405971527 1.2350000143051147 -0.01021764799952507
v 0.02540668658912182 1.23580002784729 -0.01052379421889782
v 0.02669999934732914 1.2350000143051147 0
v 0.027499999850988388 1.23580002784729 0
v 0.027499999850988388 1.23580002784729 0
v 0.027499999850988388 1.2441999912261963 0
v 0.02540668658912182 1.23580002784729 0.01052379421889782
v 0.02540668658912182 1.2441999912261963 0.01052379421889782
v 0.01944543607532978 1.23580002784729 0.01944543607532978
v 0.01944543607532978 1.2441999912261963 0.01944543607532978
v 0.01052379421889782 1.23580002784729 0.02540668658912182
v 0.01052379421889782 1.2441999912261963 0.02540668658912182
v 1.683889298227514e-18 1.23580002784729 0.027499999850988388
v 1.683889298227514e-18 1.2441999912261963 0.027499999850988388
v -0.01052379421889782 1.23580002784729 0.02540668658912182
v -0.01052379421889782 1.2441999912261963 0.02540668658912182
v -0.01944543607532978 1.23580002784729 0.01944543607532978
v -0.01944543607532978 1.2441999912261963 0.01944543607532978
v -0.02540668658912182 1.23580002784729 0.01052379421889782
v -0.02540668658912182 1.2441999912261963 0.01052379421889782
v -0.027499999850988388 1.23580002784729 3.367778596455028e-18
v -0.027499999850988388 1.2441999912261963 3.367778596455028e-18
v -0.02540668658912182 1.23580002784729 -0.01052379421889782
v -0.02540668658912182 1.2441999912261963 -0.01052379421889782
v -0.01944543607532978 1.23580002784729 -0.01944543607532978
v -0.01944543607532978 1.2441999912261963 -0.01944543607532978
v -0.01052379421889782 1.23580002784729 -0.02540668658912182
v -0.01052379421889782 1.2441999912261963 -0.02540668658912182
v -5.051668101477695e-18 1.23580002784729 -0.027499999850988388
v -5.051668101477695e-18 1.2441999912261963 -0.027499999850988388
v 0.01052379421889782 1.23580002784729 -0.02540668658912182
v 0.01052379421889782 1.2441999912261963 -0.02540668658912182
v 0.01944543607532978 1.23580002784729 -0.01944543607532978
v 0.01944543607532978 1.2441999912261963 -0.01944543607532978
v 0.02540668658912182 1.23580002784729 -0.01052379421889782
v 0.02540668658912182 1.2441999912261963 -0.01052379421889782
v 0.027499999850988388 1.23580002784729 0
v 0.027499999850988388 1.2441999912261963 0
v 0.027499999850988388 1.2441999912261963 0
v 0.02669999934732914 1.2450000047683716 0
v 0.02540668658912182 1.2441999912261963 0.01052379421889782
v 0.024667583405971527 1.2450000047683716 0.01021764799952507
v 0.01944543607532978 1.2441999912261963 0.01944543607532978
v 0.01887975074350834 1.2450000047683716 0.01887975074350834
v 0.01052379421889782 1.2441999912261963 0.02540668658912182
v 0.01021764799952507 1.2450000047683716 0.024667583405971527
v 1.683889298227514e-18 1.2441999912261963 0.027499999850988388
v 1.6349034555569705e-18 1.2450000047683716 0.02669999934732914
v -0.01052379421889782 1.2441999912261963 0.02540668658912182
v -0.01021764799952507 1.2450000047683716 0.024667583405971527
v -0.01944543607532978 1.2441999912261963 0.01944543607532978
v -0.01887975074350834 1.2450000047683716 0.01887975074350834
v -0.02540668658912182 1.2441999912261963 0.01052379421889782
v -0.024667583405971527 1.2450000047683716 0.01021764799952507
v -0.027499999850988388 1.2441999912261963 3.367778596455028e-18
v -0.02669999934732914 1.2450000047683716 3.269806911113941e-18
v -0.02540668658912182 1.2441999912261963 -0.01052379421889782
v -0.024667583405971527 1.2450000047683716 -0.01021764799952507
v -0.01944543607532978 1.2441999912261963 -0.01944543607532978
v -0.01887975074350834 1.2450000047683716 -0.01887975074350834
v -0.01052379421889782 1.2441999912261963 -0.02540668658912182
v -0.01021764799952507 1.2450000047683716 -0.024667583405971527
v -5.051668101477695e-18 1.2441999912261963 -0.027499999850988388
v -4.9047103666709114e-18 1.2450000047683716 -0.02669999934732914
v 0.01052379421889782 1.2441999912261963 -0.02540668658912182
v 0.01021764799952507 1.2450000047683716 -0.024667583405971527
v 0.01944543607532978 1.2441999912261963 -0.01944543607532978
v 0.01887975074350834 1.2450000047683716 -0.01887975074350834
v 0.02540668658912182 1.2441999912261963 -0.01052379421889782
v 0.024667583405971527 1.2450000047683716 -0.01021764799952507
v 0.027499999850988388 1.2441999912261963 0
v 0.02669999934732914 1.2450000047683716 0
v 0.02669999934732914 1.2450000047683716 0
v 0.023800000548362732 1.2450000047683716 0
v 0.024667583405971527 1.2450000047683716 0.01021764799952507
v 0.021988332271575928 1.2450000047683716 0.009107865393161774
v 0.01887975074350834 1.2450000047683716 0.01887975074350834
v 0.01682914048433304 1.2450000047683716 0.01682914048433304
v 0.01021764799952507 1.2450000047683716 0.024667583405971527
v 0.009107865393161774 1.2450000047683716 0.021988332271575928
v 1.6349034555569705e-18 1.2450000047683716 0.02669999934732914
v 1.457329698328068e-18 1.2450000047683716 0.023800000548362732
v -0.01021764799952507 1.2450000047683716 0.024667583405971527
v -0.009107865393161774 1.2450000047683716 0.021988332271575928
v -0.01887975074350834 1.2450000047683716 0.01887975074350834
v -0.01682914048433304 1.2450000047683716 0.01682914048433304
v -0.024667583405971527 1.2450000047683716 0.01021764799952507
v -0.021988332271575928 1.2450000047683716 0.009107865393161774
v -0.02669999934732914 1.2450000047683716 3.269806911113941e-18
v -0.023800000548362732 1.2450000047683716 2.914659396656136e-18
v -0.024667583405971527 1.2450000047683716 -0.01021764799952507
v -0.021988332271575928 1.2450000047683716 -0.009107865393161774
v -0.01887975074350834 1.2450000047683716 -0.01887975074350834
v -0.01682914048433304 1.2450000047683716 -0.01682914048433304
v -0.01021764799952507 1.2450000047683716 -0.024667583405971527
v -0.009107865393161774 1.2450000047683716 -0.021988332271575928
v -4.9047103666709114e-18 1.2450000047683716 -0.02669999934732914
v -4.371989094984204e-18 1.2450000047683716 -0.023800000548362732
v 0.01021764799952507 1.2450000047683716 -0.024667583405971527
v 0.009107865393161774 1.2450000047683716 -0.021988332271575928
v 0.01887975074350834 1.2450000047683716 -0.01887975074350834
v 0.01682914048433304 1.2450000047683716 -0.01682914048433304
v 0.024667583405971527 1.2450000047683716 -0.01021764799952507
v 0.021988332271575928 1.2450000047683716 -0.009107865393161774
v 0.02669999934732914 1.2450000047683716 0
v 0.023800000548362732 1.2450000047683716 0
v 0.023800000548362732 1.2450000047683716 0
v 0.023800000548362732 1.2400000095367432 0
v 0.021988332271575928 1.2450000047683716 0.009107865393161774
v 0.021988332271575928 1.2400000095367432 0.009107865393161774
v 0.021988332271575928 1.2450000047683716 0.009107865393161774
v 0.021988332271575928 1.2400000095367432 0.009107865393161774
v 0.01682914048433304 1.2450000047683716 0.01682914048433304
v 0.01682914048433304 1.2400000095367432 0.01682914048433304
v 0.009107865393161774 1.2450000047683716 0.021988332271575928
v 0.009107865393161774 1.2400000095367432 0.021988332271575928
v 0.009107865393161774 1.2450000047683716 0.021988332271575928
v 0.009107865393161774 1.2400000095367432 0.021988332271575928
v 1.457329698328068e-18 1.2450000047683716 0.023800000548362732
v 1.457329698328068e-18 1.2400000095367432 0.023800000548362732
v -0.009107865393161774 1.2450000047683716 0.021988332271575928
v -0.009107865393161774 1.2400000095367432 0.021988332271575928
v -0.009107865393161774 1.2450000047683716 0.021988332271575928
v -0.009107865393161774 1.2400000095367432 0.021988332271575928
v -0.01682914048433304 1.2450000047683716 0.01682914048433304
v -0.01682914048433304 1.2400000095367432 0.01682914048433304
v -0.021988332271575928 1.2450000047683716 0.009107865393161774
v -0.021988332271575928 1.2400000095367432 0.009107865393161774
v -0.021988332271575928 1.2450000047683716 0.009107865393161774
v -0.021988332271575928 1.2400000095367432 0.009107865393161774
v -0.023800000548362732 1.2450000047683716 2.914659396656136e-18
v -0.023800000548362732 1.2400000095367432 2.914659396656136e-18
v -0.021988332271575928 1.2450000047683716 -0.009107865393161774
v -0.021988332271575928 1.2400000095367432 -0.009107865393161774
v -0.021988332271575928 1.2450000047683716 -0.009107865393161774
v -0.021988332271575928 1.2400000095367432 -0.009107865393161774
v -0.01682914048433304 1.2450000047683716 -0.01682914048433304
v -0.01682914048433304 1.2400000095367432 -0.01682914048433304
v -0.009107865393161774 1.2450000047683716 -0.021988332271575928
v -0.009107865393161774 1.2400000095367432 -0.021988332271575928
v -0.009107865393161774 1.2450000047683716 -0.021988332271575928
v -0.009107865393161774 1.2400000095367432 -0.021988332271575928
v -4.371989094984204e-18 1.2450000047683716 -0.023800000548362732
v -4.371989094984204e-18 1.2400000095367432 -0.023800000548362732
v 0.009107865393161774 1.2450000047683716 -0.021988332271575928
v 0.009107865393161774 1.2400000095367432 -0.021988332271575928
v 0.009107865393161774 1.2450000047683716 -0.021988332271575928
v 0.009107865393161774 1.2400000095367432 -0.021988332271575928
v 0.01682914048433304 1.2450000047683716 -0.01682914048433304
v 0.01682914048433304 1.2400000095367432 -0.01682914048433304
v 0.021988332271575928 1.2450000047683716 -0.009107865393161774
v 0.021988332271575928 1.2400000095367432 -0.009107865393161774
v 0.021988332271575928 1.2450000047683716 -0.009107865393161774
v 0.021988332271575928 1.2400000095367432 -0.009107865393161774
v 0.023800000548362732 1.2450000047683716 0
v 0.023800000548362732 1.2400000095367432 0
v 0.023800000548362732 1.2400000095367432 0
v 0.026499999687075615 1.2400000095367432 0
v 0.021988332271575928 1.2400000095367432 0.009107865393161774
v 0.024482807144522667 1.2400000095367432 0.010141110979020596
v 0.01682914048433304 1.2400000095367432 0.01682914048433304
v 0.01873832941055298 1.2400000095367432 0.01873832941055298
v 0.009107865393161774 1.2400000095367432 0.021988332271575928
v 0.010141110979020596 1.2400000095367432 0.024482807144522667
v 1.457329698328068e-18 1.2400000095367432 0.023800000548362732
v 1.622657046588123e-18 1.2400000095367432 0.026499999687075615
v -0.009107865393161774 1.2400000095367432 0.021988332271575928
v -0.010141110979020596 1.2400000095367432 0.024482807144522667
v -0.01682914048433304 1.2400000095367432 0.01682914048433304
v -0.01873832941055298 1.2400000095367432 0.01873832941055298
v -0.021988332271575928 1.2400000095367432 0.009107865393161774
v -0.024482807144522667 1.2400000095367432 0.010141110979020596
v -0.023800000548362732 1.2400000095367432 2.914659396656136e-18
v -0.026499999687075615 1.2400000095367432 3.245314093176246e-18
v -0.021988332271575928 1.2400000095367432 -0.009107865393161774
v -0.024482807144522667 1.2400000095367432 -0.010141110979020596
v -0.01682914048433304 1.2400000095367432 -0.01682914048433304
v -0.01873832941055298 1.2400000095367432 -0.01873832941055298
v -0.009107865393161774 1.2400000095367432 -0.021988332271575928
v -0.010141110979020596 1.2400000095367432 -0.024482807144522667
v -4.371989094984204e-18 1.2400000095367432 -0.023800000548362732
v -4.867971139764369e-18 1.2400000095367432 -0.026499999687075615
v 0.009107865393161774 1.2400000095367432 -0.021988332271575928
v 0.010141110979020596 1.2400000095367432 -0.024482807144522667
v 0.01682914048433304 1.2400000095367432 -0.01682914048433304
v 0.01873832941055298 1.2400000095367432 -0.01873832941055298
v 0.021988332271575928 1.2400000095367432 -0.009107865393161774
v 0.024482807144522667 1.2400000095367432 -0.010141110979020596
v 0.023800000548362732 1.2400000095367432 0
v 0.026499999687075615 1.2400000095367432 0
v 0.026499999687075615 1.2400000095367432 0
v 0.026499999687075615 1.2350000143051147 0
v 0.024482807144522667 1.2400000095367432 0.010141110979020596
v 0.024482807144522667 1.2350000143051147 0.010141110979020596
v 0.01873832941055298 1.2400000095367432 0.01873832941055298
v 0.01873832941055298 1.2350000143051147 0.01873832941055298
v 0.010141110979020596 1.2400000095367432 0.024482807144522667
v 0.010141110979020596 1.2350000143051147 0.024482807144522667
v 1.622657046588123e-18 1.2400000095367432 0.026499999687075615
v 1.622657046588123e-18 1.2350000143051147 0.026499999687075615
v -0.010141110979020596 1.2400000095367432 0.024482807144522667
v -0.010141110979020596 1.2350000143051147 0.024482807144522667
v -0.01873832941055298 1.2400000095367432 0.01873832941055298
v -0.01873832941055298 1.2350000143051147 0.01873832941055298
v -0.024482807144522667 1.2400000095367432 0.010141110979020596
v -0.024482807144522667 1.2350000143051147 0.010141110979020596
v -0.026499999687075615 1.2400000095367432 3.245314093176246e-18
v -0.026499999687075615 1.2350000143051147 3.245314093176246e-18
v -0.024482807144522667 1.2400000095367432 -0.010141110979020596
v -0.024482807144522667 1.2350000143051147 -0.010141110979020596
v -0.01873832941055298 1.2400000095367432 -0.01873832941055298
v -0.01873832941055298 1.2350000143051147 -0.01873832941055298
v -0.010141110979020596 1.2400000095367432 -0.024482807144522667
v -0.010141110979020596 1.2350000143051147 -0.024482807144522667
v -4.867971139764369e-18 1.2400000095367432 -0.026499999687075615
v -4.867971139764369e-18 1.2350000143051147 -0.026499999687075615
v 0.010141110979020596 1.2400000095367432 -0.024482807144522667
v 0.010141110979020596 1.2350000143051147 -0.024482807144522667
v 0.01873832941055298 1.2400000095367432 -0.01873832941055298
v 0.01873832941055298 1.2350000143051147 -0.01873832941055298
v 0.024482807144522667 1.2400000095367432 -0.010141110979020596
v 0.024482807144522667 1.2350000143051147 -0.010141110979020596
v 0.026499999687075615 1.2400000095367432 0
v 0.026499999687075615 1.2350000143051147 0
vt 0 0
vt 0 0.00019999999494757503
vt 0.0625 0
vt 0.0625 0.00019999999494757503
vt 0.125 0
vt 0.125 0.00019999999494757503
vt 0.1875 0
vt 0.1875 0.00019999999494757503
vt 0.25 0
vt 0.25 0.00019999999494757503
vt 0.3125 0
vt 0.3125 0.00019999999494757503
vt 0.375 0
vt 0.375 0.00019999999494757503
vt 0.4375 0
vt 0.4375 0.00019999999494757503
vt 0.5 0
vt 0.5 0.00019999999494757503
vt 0.5625 0
vt 0.5625 0.00019999999494757503
vt 0.625 0
vt 0.625 0.00019999999494757503
vt 0.6875 0
vt 0.6875 0.00019999999494757503
vt 0.75 0
vt 0.75 0.00019999999494757503
vt 0.8125 0
vt 0.8125 0.00019999999494757503
vt 0.875 0
vt 0.875 0.00019999999494757503
vt 0.9375 0
vt 0.9375 0.00019999999494757503
vt 1 0
vt 1 0.00019999999494757503
vt 0 0.00019999999494757503
vt 0 0.0013313709059730172
vt 0.0625 0.00019999999494757503
vt 0.0625 0.0013313709059730172
vt 0.125 0.00019999999494757503
vt 0.125 0.0013313709059730172
vt 0.1875 0.00019999999494757503
vt 0.1875 0.0013313709059730172
vt 0.25 0.00019999999494757503
vt 0.25 0.0013313709059730172
vt 0.3125 0.00019999999494757503
vt 0.3125 0.0013313709059730172
vt 0.375 0.00019999999494757503
vt 0.375 0.0013313709059730172
vt 0.4375 0.00019999999494757503
vt 0.4375 0.0013313709059730172
vt 0.5 0.00019999999494757503
vt 0.5 0.0013313709059730172
vt 0.5625 0.00019999999494757503
vt 0.5625 0.0013313709059730172
vt 0.625 0.00019999999494757503
vt 0.625 0.0013313709059730172
vt 0.6875 0.00019999999494757503
vt 0.6875 0.0013313709059730172
vt 0.75 0.00019999999494757503
vt 0.75 0.0013313709059730172
vt 0.8125 0.00019999999494757503
vt 0.8125 0.0013313709059730172
vt 0.875 0.00019999999494757503
vt 0.875 0.0013313709059730172
vt 0.9375 0.00019999999494757503
vt 0.9375 0.0013313709059730172
vt 1 0.00019999999494757503
vt 1 0.0013313709059730172
vt 0 0.0013313709059730172
vt 0 0.009731370955705643
vt 0.0625 0.0013313709059730172
vt 0.0625 0.009731370955705643
vt 0.125 0.0013313709059730172
vt 0.125 0.009731370955705643
vt 0.1875 0.0013313709059730172
vt 0.1875 0.009731370955705643
vt 0.25 0.0013313709059730172
vt 0.25 0.009731370955705643
vt 0.3125 0.0013313709059730172
vt 0.3125 0.009731370955705643
vt 0.375 0.0013313709059730172
vt 0.375 0.009731370955705643
vt 0.4375 0.0013313709059730172
vt 0.4375 0.009731370955705643
vt 0.5 0.0013313709059730172
vt 0.5 0.009731370955705643
vt 0.5625 0.0013313709059730172
vt 0.5625 0.009731370955705643
vt 0.625 0.0013313709059730172
vt 0.625 0.009731370955705643
vt 0.6875 0.0013313709059730172
vt 0.6875 0.009731370955705643
vt 0.75 0.0013313709059730172
vt 0.75 0.009731370955705643
vt 0.8125 0.0013313709059730172
vt 0.8125 0.009731370955705643
vt 0.875 0.0013313709059730172
vt 0.875 0.009731370955705643
vt 0.9375 0.0013313709059730172
vt 0.9375 0.009731370955705643
vt 1 0.0013313709059730172
vt 1 0.009731370955705643
vt 0 0.009731370955705643
vt 0 0.010862741619348526
vt 0.0625 0.009731370955705643
vt 0.0625 0.010862741619348526
vt 0.125 0.009731370955705643
vt 0.125 0.010862741619348526
vt 0.1875 0.009731370955705643
vt 0.1875 0.010862741619348526
vt 0.25 0.009731370955705643
vt 0.25 0.010862741619348526
vt 0.3125 0.009731370955705643
vt 0.3125 0.010862741619348526
vt 0.375 0.009731370955705643
vt 0.375 0.010862741619348526
vt 0.4375 0.009731370955705643
vt 0.4375 0.010862741619348526
vt 0.5 0.009731370955705643
vt 0.5 0.010862741619348526
vt 0.5625 0.009731370955705643
vt 0.5625 0.010862741619348526
vt 0.625 0.009731370955705643
vt 0.625 0.010862741619348526
vt 0.6875 0.009731370955705643
vt 0.6875 0.010862741619348526
vt 0.75 0.009731370955705643
vt 0.75 0.010862741619348526
vt 0.8125 0.009731370955705643
vt 0.8125 0.010862741619348526
vt 0.875 0.009731370955705643
vt 0.875 0.010862741619348526
vt 0.9375 0.009731370955705643
vt 0.9375 0.010862741619348526
vt 1 0.009731370955705643
vt 1 0.010862741619348526
vt 0 0.010862741619348526
vt 0 0.013762741349637508
vt 0.0625 0.010862741619348526
vt 0.0625 0.013762741349637508
vt 0.125 0.010862741619348526
vt 0.125 0.013762741349637508
vt 0.1875 0.010862741619348526
vt 0.1875 0.013762741349637508
vt 0.25 0.010862741619348526
vt 0.25 0.013762741349637508
vt 0.3125 0.010862741619348526
vt 0.3125 0.013762741349637508
vt 0.375 0.010862741619348526
vt 0.375 0.013762741349637508
vt 0.4375 0.010862741619348526
vt 0.4375 0.013762741349637508
vt 0.5 0.010862741619348526
vt 0.5 0.013762741349637508
vt 0.5625 0.010862741619348526
vt 0.5625 0.013762741349637508
vt 0.625 0.010862741619348526
vt 0.625 0.013762741349637508
vt 0.6875 0.010862741619348526
vt 0.6875 0.013762741349637508
vt 0.75 0.010862741619348526
vt 0.75 0.013762741349637508
vt 0.8125 0.010862741619348526
vt 0.8125 0.013762741349637508
vt 0.875 0.010862741619348526
vt 0.875 0.013762741349637508
vt 0.9375 0.010862741619348526
vt 0.9375 0.013762741349637508
vt 1 0.010862741619348526
vt 1 0.013762741349637508
vt 0 0.013762741349637508
vt 0 0.0187627412378788
vt 0.0625 0.013762741349637508
vt 0.0625 0.0187627412378788
vt 0.0625 0.013762741349637508
vt 0.0625 0.0187627412378788
vt 0.125 0.013762741349637508
vt 0.125 0.0187627412378788
vt 0.1875 0.013762741349637508
vt 0.1875 0.0187627412378788
vt 0.1875 0.013762741349637508
vt 0.1875 0.0187627412378788
vt 0.25 0.013762741349637508
vt 0.25 0.0187627412378788
vt 0.3125 0.013762741349637508
vt 0.3125 0.0187627412378788
vt 0.3125 0.013762741349637508
vt 0.3125 0.0187627412378788
vt 0.375 0.013762741349637508
vt 0.375 0.0187627412378788
vt 0.4375 0.013762741349637508
vt 0.4375 0.0187627412378788
vt 0.4375 0.013762741349637508
vt 0.4375 0.0187627412378788
vt 0.5 0.013762741349637508
vt 0.5 0.0187627412378788
vt 0.5625 0.013762741349637508
vt 0.5625 0.0187627412378788
vt 0.5625 0.013762741349637508
vt 0.5625 0.0187627412378788
vt 0.625 0.013762741349637508
vt 0.625 0.0187627412378788
vt 0.6875 0.013762741349637508
vt 0.6875 0.0187627412378788
vt 0.6875 0.013762741349637508
vt 0.6875 0.0187627412378788
vt 0.75 0.013762741349637508
vt 0.75 0.0187627412378788
vt 0.8125 0.013762741349637508
vt 0.8125 0.0187627412378788
vt 0.8125 0.013762741349637508
vt 0.8125 0.0187627412378788
vt 0.875 0.013762741349637508
vt 0.875 0.0187627412378788
vt 0.9375 0.013762741349637508
vt 0.9375 0.0187627412378788
vt 0.9375 0.013762741349637508
vt 0.9375 0.0187627412378788
vt 1 0.013762741349637508
vt 1 0.0187627412378788
vt 0 0.0187627412378788
vt 0 0.02146274223923683
vt 0.0625 0.0187627412378788
vt 0.0625 0.02146274223923683
vt 0.125 0.0187627412378788
vt 0.125 0.02146274223923683
vt 0.1875 0.0187627412378788
vt 0.1875 0.02146274223923683
vt 0.25 0.0187627412378788
vt 0.25 0.02146274223923683
vt 0.3125 0.0187627412378788
vt 0.3125 0.02146274223923683
vt 0.375 0.0187627412378788
vt 0.375 0.02146274223923683
vt 0.4375 0.0187627412378788
vt 0.4375 0.02146274223923683
vt 0.5 0.0187627412378788
vt 0.5 0.02146274223923683
vt 0.5625 0.0187627412378788
vt 0.5625 0.02146274223923683
vt 0.625 0.0187627412378788
vt 0.625 0.02146274223923683
vt 0.6875 0.0187627412378788
vt 0.6875 0.02146274223923683
vt 0.75 0.0187627412378788
vt 0.75 0.02146274223923683
vt 0.8125 0.0187627412378788
vt 0.8125 0.02146274223923683
vt 0.875 0.0187627412378788
vt 0.875 0.02146274223923683
vt 0.9375 0.0187627412378788
vt 0.9375 0.02146274223923683
vt 1 0.0187627412378788
vt 1 0.02146274223923683
vt 0 0.02146274223923683
vt 0 0
vt 0.0625 0.02146274223923683
vt 0.0625 0
vt 0.125 0.02146274223923683
vt 0.125 0
vt 0.1875 0.02146274223923683
vt 0.1875 0
vt 0.25 0.02146274223923683
vt 0.25 0
vt 0.3125 0.02146274223923683
vt 0.3125 0
vt 0.375 0.02146274223923683
vt 0.375 0
vt 0.4375 0.02146274223923683
vt 0.4375 0
vt 0.5 0.02146274223923683
vt 0.5 0
vt 0.5625 0.02146274223923683
vt 0.5625 0
vt 0.625 0.02146274223923683
vt 0.625 0
vt 0.6875 0.02146274223923683
vt 0.6875 0
vt 0.75 0.02146274223923683
vt 0.75 0
vt 0.8125 0.02146274223923683
vt 0.8125 0
vt 0.875 0.02146274223923683
vt 0.875 0
vt 0.9375 0.02146274223923683
vt 0.9375 0
vt 1 0.02146274223923683
vt 1 0
vn 0.38081228733062744 -0.9246523380279541 -6.56611343075042e-9
vn 0.38081228733062744 -0.9246523380279541 -6.56611343075042e-9
vn 0.3518248200416565 -0.9246522784233093 0.1457306295633316
vn 0.3518248200416565 -0.9246522784233093 0.1457306295633316
vn 0.269275039434433 -0.9246523380279541 0.269275039434433
vn 0.269275039434433 -0.9246523380279541 0.269275039434433
vn 0.1457306146621704 -0.9246522784233093 0.3518248200416565
vn 0.1457306146621704 -0.9246522784233093 0.3518248200416565
vn 6.56611343075042e-9 -0.9246523380279541 0.38081228733062744
vn 6.56611343075042e-9 -0.9246523380279541 0.38081228733062744
vn -0.1457306295633316 -0.9246522784233093 0.3518248200416565
vn -0.1457306295633316 -0.9246522784233093 0.3518248200416565
vn -0.269275039434433 -0.9246523380279541 0.269275039434433
vn -0.269275039434433 -0.9246523380279541 0.269275039434433
vn -0.3518248200416565 -0.9246522784233093 0.1457306146621704
vn -0.3518248200416565 -0.9246522784233093 0.1457306146621704
vn -0.38081228733062744 -0.9246523380279541 6.56611343075042e-9
vn -0.38081228733062744 -0.9246523380279541 6.56611343075042e-9
vn -0.3518248200416565 -0.9246522784233093 -0.1457306295633316
vn -0.3518248200416565 -0.9246522784233093 -0.1457306295633316
vn -0.269275039434433 -0.9246523380279541 -0.269275039434433
vn -0.269275039434433 -0.9246523380279541 -0.269275039434433
vn -0.1457306146621704 -0.9246522784233093 -0.3518248200416565
vn -0.1457306146621704 -0.9246522784233093 -0.3518248200416565
vn -6.56611343075042e-9 -0.9246523380279541 -0.38081228733062744
vn -6.56611343075042e-9 -0.9246523380279541 -0.38081228733062744
vn 0.1457306295633316 -0.9246522784233093 -0.3518248200416565
vn 0.1457306295633316 -0.9246522784233093 -0.3518248200416565
vn 0.269275039434433 -0.9246523380279541 -0.269275039434433
vn 0.269275039434433 -0.9246523380279541 -0.269275039434433
vn 0.3518248200416565 -0.9246522784233093 -0.1457306146621704
vn 0.3518248200416565 -0.9246522784233093 -0.1457306146621704
vn 0.38081228733062744 -0.9246523380279541 -6.56611343075042e-9
vn 0.38081228733062744 -0.9246523380279541 -6.56611343075042e-9
vn 0.5735429525375366 -0.8190257549285889 -0.015663186088204384
vn 0.5735429525375366 -0.8190257549285889 -0.015663186088204384
vn 0.5358787178993225 -0.8190256357192993 0.20501455664634705
vn 0.5358787178993225 -0.8190256357192993 0.20501455664634705
vn 0.4166317284107208 -0.8190256357192993 0.3944806456565857
vn 0.4166317284107208 -0.8190256357192993 0.3944806456565857
vn 0.23395632207393646 -0.8190256357192993 0.5238906741142273
vn 0.23395632207393646 -0.8190256357192993 0.5238906741142273
vn 0.015663186088204384 -0.8190257549285889 0.5735429525375366
vn 0.015663186088204384 -0.8190257549285889 0.5735429525375366
vn -0.20501455664634705 -0.8190256357192993 0.5358787178993225
vn -0.20501455664634705 -0.8190256357192993 0.5358787178993225
vn -0.3944806456565857 -0.8190256357192993 0.4166317284107208
vn -0.3944806456565857 -0.8190256357192993 0.4166317284107208
vn -0.5238906741142273 -0.8190256357192993 0.23395632207393646
vn -0.5238906741142273 -0.8190256357192993 0.23395632207393646
vn -0.5735429525375366 -0.8190257549285889 0.015663186088204384
vn -0.5735429525375366 -0.8190257549285889 0.015663186088204384
vn -0.5358787178993225 -0.8190256357192993 -0.20501455664634705
vn -0.5358787178993225 -0.8190256357192993 -0.20501455664634705
vn -0.4166317284107208 -0.8190256357192993 -0.3944806456565857
vn -0.4166317284107208 -0.8190256357192993 -0.3944806456565857
vn -0.23395632207393646 -0.8190256357192993 -0.5238906741142273
vn -0.23395632207393646 -0.8190256357192993 -0.5238906741142273
vn -0.015663186088204384 -0.8190257549285889 -0.5735429525375366
vn -0.015663186088204384 -0.8190257549285889 -0.5735429525375366
vn 0.20501455664634705 -0.8190256357192993 -0.5358787178993225
vn 0.20501455664634705 -0.8190256357192993 -0.5358787178993225
vn 0.3944806456565857 -0.8190256357192993 -0.4166317284107208
vn 0.3944806456565857 -0.8190256357192993 -0.4166317284107208
vn 0.5238906741142273 -0.8190256357192993 -0.23395632207393646
vn 0.5238906741142273 -0.8190256357192993 -0.23395632207393646
vn 0.5735429525375366 -0.8190257549285889 -0.015663186088204384
vn 0.5735429525375366 -0.8190257549285889 -0.015663186088204384
vn 0.8617435693740845 -0.5067979693412781 -0.023533808067440987
vn 0.8617435693740845 0.5067979693412781 0.023533808067440987
vn 0.8051533102989197 -0.5067977905273438 0.30803266167640686
vn 0.7871413230895996 0.5067977905273438 0.3515174388885498
vn 0.6259856820106506 -0.5067977905273438 0.5927038788795471
vn 0.5927038788795471 0.5067977905273438 0.6259856820106506
vn 0.3515174388885498 -0.5067977905273438 0.7871413230895996
vn 0.30803266167640686 0.5067977905273438 0.8051533102989197
vn 0.023533808067440987 -0.5067979693412781 0.8617435693740845
vn -0.023533808067440987 0.5067979693412781 0.8617435693740845
vn -0.30803266167640686 -0.5067977905273438 0.8051533102989197
vn -0.3515174388885498 0.5067977905273438 0.7871413230895996
vn -0.5927038788795471 -0.5067977905273438 0.6259856820106506
vn -0.6259856820106506 0.5067977905273438 0.5927038788795471
vn -0.7871413230895996 -0.5067977905273438 0.3515174388885498
vn -0.8051533102989197 0.5067977905273438 0.30803266167640686
vn -0.8617435693740845 -0.5067979693412781 0.023533808067440987
vn -0.8617435693740845 0.5067979693412781 -0.023533808067440987
vn -0.8051533102989197 -0.5067977905273438 -0.30803266167640686
vn -0.7871413230895996 0.5067977905273438 -0.3515174388885498
vn -0.6259856820106506 -0.5067977905273438 -0.5927038788795471
vn -0.5927038788795471 0.5067977905273438 -0.6259856820106506
vn -0.3515174388885498 -0.5067977905273438 -0.7871413230895996
vn -0.30803266167640686 0.5067977905273438 -0.8051533102989197
vn -0.023533808067440987 -0.5067979693412781 -0.8617435693740845
vn 0.023533808067440987 0.5067979693412781 -0.8617435693740845
vn 0.30803266167640686 -0.5067977905273438 -0.8051533102989197
vn 0.3515174388885498 0.5067977905273438 -0.7871413230895996
vn 0.5927038788795471 -0.5067977905273438 -0.6259856820106506
vn 0.6259856820106506 0.5067977905273438 -0.5927038788795471
vn 0.7871413230895996 -0.5067977905273438 -0.3515174388885498
vn 0.8051533102989197 0.5067977905273438 -0.30803266167640686
vn 0.8617435693740845 -0.5067979693412781 -0.023533808067440987
vn 0.8617435693740845 0.5067979693412781 0.023533808067440987
vn 0.4034297466278076 0.9149442911148071 0.01101747527718544
vn 0.4034297466278076 0.9149442911148071 0.01101747527718544
vn 0.6431752443313599 0.7098076343536377 0.2872258126735687
vn 0.6431752443313599 0.7098076343536377 0.2872258126735687
vn 0.3944806456565857 0.8190256357192993 0.4166317284107208
vn 0.3944806456565857 0.8190256357192993 0.4166317284107208
vn 0.25169429183006287 0.7098076343536377 0.6578928828239441
vn 0.25169429183006287 0.7098076343536377 0.6578928828239441
vn -0.01101747527718544 0.9149442911148071 0.4034297466278076
vn -0.01101747527718544 0.9149442911148071 0.4034297466278076
vn -0.2872258126735687 0.7098076343536377 0.6431752443313599
vn -0.2872258126735687 0.7098076343536377 0.6431752443313599
vn -0.4166317284107208 0.8190256357192993 0.3944806456565857
vn -0.4166317284107208 0.8190256357192993 0.3944806456565857
vn -0.6578928828239441 0.7098076343536377 0.25169429183006287
vn -0.6578928828239441 0.7098076343536377 0.25169429183006287
vn -0.4034297466278076 0.9149442911148071 -0.01101747527718544
vn -0.4034297466278076 0.9149442911148071 -0.01101747527718544
vn -0.6431752443313599 0.7098076343536377 -0.2872258126735687
vn -0.6431752443313599 0.7098076343536377 -0.2872258126735687
vn -0.3944806456565857 0.8190256357192993 -0.4166317284107208
vn -0.3944806456565857 0.8190256357192993 -0.4166317284107208
vn -0.25169429183006287 0.7098076343536377 -0.6578928828239441
vn -0.25169429183006287 0.7098076343536377 -0.6578928828239441
vn 0.01101747527718544 0.9149442911148071 -0.4034297466278076
vn 0.01101747527718544 0.9149442911148071 -0.4034297466278076
vn 0.2872258126735687 0.7098076343536377 -0.6431752443313599
vn 0.2872258126735687 0.7098076343536377 -0.6431752443313599
vn 0.4166317284107208 0.8190256357192993 -0.3944806456565857
vn 0.4166317284107208 0.8190256357192993 -0.3944806456565857
vn 0.6578928828239441 0.7098076343536377 -0.25169429183006287
vn 0.6578928828239441 0.7098076343536377 -0.25169429183006287
vn 0.4034297466278076 0.9149442911148071 0.01101747527718544
vn 0.4034297466278076 0.9149442911148071 0.01101747527718544
vn 0.2510179877281189 0.9679824113845825 4.328149394439151e-9
vn 0.2510179877281189 0.9679824113845825 4.328149394439151e-9
vn 0.46556520462036133 0.8637478947639465 0.19284343719482422
vn 0.2510179877281189 0.9679824113845825 4.328149394439151e-9
vn 0.269275039434433 0.9246523380279541 0.269275039434433
vn 0.269275039434433 0.9246523380279541 0.269275039434433
vn 0.19284343719482422 0.8637478947639465 0.46556520462036133
vn -4.328149394439151e-9 0.9679824113845825 0.2510179877281189
vn -4.328149394439151e-9 0.9679824113845825 0.2510179877281189
vn -4.328149394439151e-9 0.9679824113845825 0.2510179877281189
vn -0.19284343719482422 0.8637478947639465 0.46556520462036133
vn -4.328149394439151e-9 0.9679824113845825 0.2510179877281189
vn -0.269275039434433 0.9246523380279541 0.269275039434433
vn -0.269275039434433 0.9246523380279541 0.269275039434433
vn -0.46556520462036133 0.8637478947639465 0.19284343719482422
vn -0.2510179877281189 0.9679824113845825 -4.328149394439151e-9
vn -0.2510179877281189 0.9679824113845825 -4.328149394439151e-9
vn -0.2510179877281189 0.9679824113845825 -4.328149394439151e-9
vn -0.46556520462036133 0.8637478947639465 -0.19284343719482422
vn -0.2510179877281189 0.9679824113845825 -4.328149394439151e-9
vn -0.269275039434433 0.9246523380279541 -0.269275039434433
vn -0.269275039434433 0.9246523380279541 -0.269275039434433
vn -0.19284343719482422 0.8637478947639465 -0.46556520462036133
vn 4.328149394439151e-9 0.9679824113845825 -0.2510179877281189
vn 4.328149394439151e-9 0.9679824113845825 -0.2510179877281189
vn 4.328149394439151e-9 0.9679824113845825 -0.2510179877281189
vn 0.19284343719482422 0.8637478947639465 -0.46556520462036133
vn 4.328149394439151e-9 0.9679824113845825 -0.2510179877281189
vn 0.269275039434433 0.9246523380279541 -0.269275039434433
vn 0.269275039434433 0.9246523380279541 -0.269275039434433
vn 0.46556520462036133 0.8637478947639465 -0.19284343719482422
vn 0.2510179877281189 0.9679824113845825 4.328149394439151e-9
vn 0.2510179877281189 0.9679824113845825 4.328149394439151e-9
vn 0.2510179877281189 0.9679824113845825 4.328149394439151e-9
vn -0.9999509453773499 0 0.009902277030050755
vn -0.9999509453773499 0 0.009902277030050755
vn -0.9999509453773499 0 0.009902277030050755
vn -0.9999509453773499 0 0.009902277030050755
vn -0.9963623881340027 0 -0.0852174460887909
vn -0.9963623881340027 0 -0.0852174460887909
vn -0.7225583791732788 0 -0.691309928894043
vn -0.7225583791732788 0 -0.691309928894043
vn -0.107577383518219 0 -0.9941967129707336
vn -0.107577383518219 0 -0.9941967129707336
vn -0.009902277030050755 0 -0.9999509453773499
vn -0.009902277030050755 0 -0.9999509453773499
vn -0.009902277030050755 0 -0.9999509453773499
vn -0.009902277030050755 0 -0.9999509453773499
vn -0.009902277030050755 0 -0.9999509453773499
vn -0.009902277030050755 0 -0.9999509453773499
vn 0.0852174460887909 0 -0.9963623881340027
vn 0.0852174460887909 0 -0.9963623881340027
vn 0.691309928894043 0 -0.7225583791732788
vn 0.691309928894043 0 -0.7225583791732788
vn 0.9941967129707336 0 -0.107577383518219
vn 0.9941967129707336 0 -0.107577383518219
vn 0.9999509453773499 0 -0.009902277030050755
vn 0.9999509453773499 0 -0.009902277030050755
vn 0.9999509453773499 0 -0.009902277030050755
vn 0.9999509453773499 0 -0.009902277030050755
vn 0.9999509453773499 0 -0.009902277030050755
vn 0.9999509453773499 0 -0.009902277030050755
vn 0.9963623881340027 0 0.0852174460887909
vn 0.9963623881340027 0 0.0852174460887909
vn 0.7225583791732788 0 0.691309928894043
vn 0.7225583791732788 0 0.691309928894043
vn 0.107577383518219 0 0.9941967129707336
vn 0.107577383518219 0 0.9941967129707336
vn 0.009902277030050755 0 0.9999509453773499
vn 0.009902277030050755 0 0.9999509453773499
vn 0.009902277030050755 0 0.9999509453773499
vn 0.009902277030050755 0 0.9999509453773499
vn 0.009902277030050755 0 0.9999509453773499
vn 0.009902277030050755 0 0.9999509453773499
vn -0.0852174460887909 0 0.9963623881340027
vn -0.0852174460887909 0 0.9963623881340027
vn -0.691309928894043 0 0.7225583791732788
vn -0.691309928894043 0 0.7225583791732788
vn -0.9941967129707336 0 0.107577383518219
vn -0.9941967129707336 0 0.107577383518219
vn -0.9999509453773499 0 0.009902277030050755
vn -0.9999509453773499 0 0.009902277030050755
vn -0.9999509453773499 0 0.009902277030050755
vn -0.9999509453773499 0 0.009902277030050755
vn 0 -1 0
vn 0 -1 0
vn 0 -1 0
vn 0 -1 0
vn 0 -1 0
vn 0 -1 0
vn 0 -1 0
vn 0 -1 0
vn 0 -1 0
vn 0 -1 0
vn 0 -1 0
vn 0 -1 0
vn 0 -1 0
vn 0 -1 0
vn 0 -1 0
vn 0 -1 0
vn 0 -1 0
vn 0 -1 0
vn 0 -1 0
vn 0 -1 0
vn 0 -1 0
vn 0 -1 0
vn 0 -1 0
vn 0 -1 0
vn 0 -1 0
vn 0 -1 0
vn 0 -1 0
vn 0 -1 0
vn 0 -1 0
vn 0 -1 0
vn 0 -1 0
vn 0 -1 0
vn 0 -1 0
vn 0 -1 0
vn -0.9999509453773499 0 0.009902277030050755
vn -0.997809112071991 0 -0.06615886092185974
vn -0.9471732974052429 0 -0.32072222232818604
vn -0.8965374827384949 0 -0.44296783208847046
vn -0.7225583791732788 0 -0.691309928894043
vn -0.6587762236595154 0 -0.7523389458656311
vn -0.44296783208847046 0 -0.8965374827384949
vn -0.32072222232818604 0 -0.9471732974052429
vn -0.009902277030050755 0 -0.9999509453773499
vn 0.06615886092185974 0 -0.997809112071991
vn 0.32072222232818604 0 -0.9471732974052429
vn 0.44296783208847046 0 -0.8965374827384949
vn 0.691309928894043 0 -0.7225583791732788
vn 0.7523389458656311 0 -0.6587762236595154
vn 0.8965374827384949 0 -0.44296783208847046
vn 0.9471732974052429 0 -0.32072222232818604
vn 0.9999509453773499 0 -0.009902277030050755
vn 0.997809112071991 0 0.06615886092185974
vn 0.9471732974052429 0 0.32072222232818604
vn 0.8965374827384949 0 0.44296783208847046
vn 0.7225583791732788 0 0.691309928894043
vn 0.6587762236595154 0 0.7523389458656311
vn 0.44296783208847046 0 0.8965374827384949
vn 0.32072222232818604 0 0.9471732974052429
vn 0.009902277030050755 0 0.9999509453773499
vn -0.06615886092185974 0 0.997809112071991
vn -0.32072222232818604 0 0.9471732974052429
vn -0.44296783208847046 0 0.8965374827384949
vn -0.691309928894043 0 0.7225583791732788
vn -0.7523389458656311 0 0.6587762236595154
vn -0.8965374827384949 0 0.44296783208847046
vn -0.9471732974052429 0 0.32072222232818604
vn -0.9999509453773499 0 0.009902277030050755
vn -0.997809112071991 0 -0.06615886092185974
f 2445/2445/2445 2446/2446/2446 2447/2447/2447
f 2447/2447/2447 2446/2446/2446 2448/2448/2448
f 2447/2447/2447 2448/2448/2448 2449/2449/2449
f 2449/2449/2449 2448/2448/2448 2450/2450/2450
f 2449/2449/2449 2450/2450/2450 2451/2451/2451
f 2451/2451/2451 2450/2450/2450 2452/2452/2452
f 2451/2451/2451 2452/2452/2452 2453/2453/2453
f 2453/2453/2453 2452/2452/2452 2454/2454/2454
f 2453/2453/2453 2454/2454/2454 2455/2455/2455
f 2455/2455/2455 2454/2454/2454 2456/2456/2456
f 2455/2455/2455 2456/2456/2456 2457/2457/2457
f 2457/2457/2457 2456/2456/2456 2458/2458/2458
f 2457/2457/2457 2458/2458/2458 2459/2459/2459
f 2459/2459/2459 2458/2458/2458 2460/2460/2460
f 2459/2459/2459 2460/2460/2460 2461/2461/2461
f 2461/2461/2461 2460/2460/2460 2462/2462/2462
f 2461/2461/2461 2462/2462/2462 2463/2463/2463
f 2463/2463/2463 2462/2462/2462 2464/2464/2464
f 2463/2463/2463 2464/2464/2464 2465/2465/2465
f 2465/2465/2465 2464/2464/2464 2466/2466/2466
f 2465/2465/2465 2466/2466/2466 2467/2467/2467
f 2467/2467/2467 2466/2466/2466 2468/2468/2468
f 2467/2467/2467 2468/2468/2468 2469/2469/2469
f 2469/2469/2469 2468/2468/2468 2470/2470/2470
f 2469/2469/2469 2470/2470/2470 2471/2471/2471
f 2471/2471/2471 2470/2470/2470 2472/2472/2472
f 2471/2471/2471 2472/2472/2472 2473/2473/2473
f 2473/2473/2473 2472/2472/2472 2474/2474/2474
f 2473/2473/2473 2474/2474/2474 2475/2475/2475
f 2475/2475/2475 2474/2474/2474 2476/2476/2476
f 2475/2475/2475 2476/2476/2476 2477/2477/2477
f 2477/2477/2477 2476/2476/2476 2478/2478/2478
f 2479/2479/2479 2480/2480/2480 2481/2481/2481
f 2481/2481/2481 2480/2480/2480 2482/2482/2482
f 2481/2481/2481 2482/2482/2482 2483/2483/2483
f 2483/2483/2483 2482/2482/2482 2484/2484/2484
f 2483/2483/2483 2484/2484/2484 2485/2485/2485
f 2485/2485/2485 2484/2484/2484 2486/2486/2486
f 2485/2485/2485 2486/2486/2486 2487/2487/2487
f 2487/2487/2487 2486/2486/2486 2488/2488/2488
f 2487/2487/2487 2488/2488/2488 2489/2489/2489
f 2489/2489/2489 2488/2488/2488 2490/2490/2490
f 2489/2489/2489 2490/2490/2490 2491/2491/2491
f 2491/2491/2491 2490/2490/2490 2492/2492/2492
f 2491/2491/2491 2492/2492/2492 2493/2493/2493
f 2493/2493/2493 2492/2492/2492 2494/2494/2494
f 2493/2493/2493 2494/2494/2494 2495/2495/2495
f 2495/2495/2495 2494/2494/2494 2496/2496/2496
f 2495/2495/2495 2496/2496/2496 2497/2497/2497
f 2497/2497/2497 2496/2496/2496 2498/2498/2498
f 2497/2497/2497 2498/2498/2498 2499/2499/2499
f 2499/2499/2499 2498/2498/2498 2500/2500/2500
f 2499/2499/2499 2500/2500/2500 2501/2501/2501
f 2501/2501/2501 2500/2500/2500 2502/2502/2502
f 2501/2501/2501 2502/2502/2502 2503/2503/2503
f 2503/2503/2503 2502/2502/2502 2504/2504/2504
f 2503/2503/2503 2504/2504/2504 2505/2505/2505
f 2505/2505/2505 2504/2504/2504 2506/2506/2506
f 2505/2505/2505 2506/2506/2506 2507/2507/2507
f 2507/2507/2507 2506/2506/2506 2508/2508/2508
f 2507/2507/2507 2508/2508/2508 2509/2509/2509
f 2509/2509/2509 2508/2508/2508 2510/2510/2510
f 2509/2509/2509 2510/2510/2510 2511/2511/2511
f 2511/2511/2511 2510/2510/2510 2512/2512/2512
f 2513/2513/2513 2514/2514/2514 2515/2515/2515
f 2515/2515/2515 2514/2514/2514 2516/2516/2516
f 2515/2515/2515 2516/2516/2516 2517/2517/2517
f 2517/2517/2517 2516/2516/2516 2518/2518/2518
f 2517/2517/2517 2518/2518/2518 2519/2519/2519
f 2519/2519/2519 2518/2518/2518 2520/2520/2520
f 2519/2519/2519 2520/2520/2520 2521/2521/2521
f 2521/2521/2521 2520/2520/2520 2522/2522/2522
f 2521/2521/2521 2522/2522/2522 2523/2523/2523
f 2523/2523/2523 2522/2522/2522 2524/2524/2524
f 2523/2523/2523 2524/2524/2524 2525/2525/2525
f 2525/2525/2525 2524/2524/2524 2526/2526/2526
f 2525/2525/2525 2526/2526/2526 2527/2527/2527
f 2527/2527/2527 2526/2526/2526 2528/2528/2528
f 2527/2527/2527 2528/2528/2528 2529/2529/2529
f 2529/2529/2529 2528/2528/2528 2530/2530/2530
f 2529/2529/2529 2530/2530/2530 2531/2531/2531
f 2531/2531/2531 2530/2530/2530 2532/2532/2532
f 2531/2531/2531 2532/2532/2532 2533/2533/2533
f 2533/2533/2533 2532/2532/2532 2534/2534/2534
f 2533/2533/2533 2534/2534/2534 2535/2535/2535
f 2535/2535/2535 2534/2534/2534 2536/2536/2536
f 2535/2535/2535 2536/2536/2536 2537/2537/2537
f 2537/2537/2537 2536/2536/2536 2538/2538/2538
f 2537/2537/2537 2538/2538/2538 2539/2539/2539
f 2539/2539/2539 2538/2538/2538 2540/2540/2540
f 2539/2539/2539 2540/2540/2540 2541/2541/2541
f 2541/2541/2541 2540/2540/2540 2542/2542/2542
f 2541/2541/2541 2542/2542/2542 2543/2543/2543
f 2543/2543/2543 2542/2542/2542 2544/2544/2544
f 2543/2543/2543 2544/2544/2544 2545/2545/2545
f 2545/2545/2545 2544/2544/2544 2546/2546/2546
f 2547/2547/2547 2548/2548/2548 2549/2549/2549
f 2549/2549/2549 2548/2548/2548 2550/2550/2550
f 2549/2549/2549 2550/2550/2550 2551/2551/2551
f 2551/2551/2551 2550/2550/2550 2552/2552/2552
f 2551/2551/2551 2552/2552/2552 2553/2553/2553
f 2553/2553/2553 2552/2552/2552 2554/2554/2554
f 2553/2553/2553 2554/2554/2554 2555/2555/2555
f 2555/2555/2555 2554/2554/2554 2556/2556/2556
f 2555/2555/2555 2556/2556/2556 2557/2557/2557
f 2557/2557/2557 2556/2556/2556 2558/2558/2558
f 2557/2557/2557 2558/2558/2558 2559/2559/2559
f 2559/2559/2559 2558/2558/2558 2560/2560/2560
f 2559/2559/2559 2560/2560/2560 2561/2561/2561
f 2561/2561/2561 2560/2560/2560 2562/2562/2562
f 2561/2561/2561 2562/2562/2562 2563/2563/2563
f 2563/2563/2563 2562/2562/2562 2564/2564/2564
f 2563/2563/2563 2564/2564/2564 2565/2565/2565
f 2565/2565/2565 2564/2564/2564 2566/2566/2566
f 2565/2565/2565 2566/2566/2566 2567/2567/2567
f 2567/2567/2567 2566/2566/2566 2568/2568/2568
f 2567/2567/2567 2568/2568/2568 2569/2569/2569
f 2569/2569/2569 2568/2568/2568 2570/2570/2570
f 2569/2569/2569 2570/2570/2570 2571/2571/2571
f 2571/2571/2571 2570/2570/2570 2572/2572/2572
f 2571/2571/2571 2572/2572/2572 2573/2573/2573
f 2573/2573/2573 2572/2572/2572 2574/2574/2574
f 2573/2573/2573 2574/2574/2574 2575/2575/2575
f 2575/2575/2575 2574/2574/2574 2576/2576/2576
f 2575/2575/2575 2576/2576/2576 2577/2577/2577
f 2577/2577/2577 2576/2576/2576 2578/2578/2578
f 2577/2577/2577 2578/2578/2578 2579/2579/2579
f 2579/2579/2579 2578/2578/2578 2580/2580/2580
f 2581/2581/2581 2582/2582/2582 2583/2583/2583
f 2583/2583/2583 2582/2582/2582 2584/2584/2584
f 2583/2583/2583 2584/2584/2584 2585/2585/2585
f 2585/2585/2585 2584/2584/2584 2586/2586/2586
f 2585/2585/2585 2586/2586/2586 2587/2587/2587
f 2587/2587/2587 2586/2586/2586 2588/2588/2588
f 2587/2587/2587 2588/2588/2588 2589/2589/2589
f 2589/2589/2589 2588/2588/2588 2590/2590/2590
f 2589/2589/2589 2590/2590/2590 2591/2591/2591
f 2591/2591/2591 2590/2590/2590 2592/2592/2592
f 2591/2591/2591 2592/2592/2592 2593/2593/2593
f 2593/2593/2593 2592/2592/2592 2594/2594/2594
f 2593/2593/2593 2594/2594/2594 2595/2595/2595
f 2595/2595/2595 2594/2594/2594 2596/2596/2596
f 2595/2595/2595 2596/2596/2596 2597/2597/2597
f 2597/2597/2597 2596/2596/2596 2598/2598/2598
f 2597/2597/2597 2598/2598/2598 2599/2599/2599
f 2599/2599/2599 2598/2598/2598 2600/2600/2600
f 2599/2599/2599 2600/2600/2600 2601/2601/2601
f 2601/2601/2601 2600/2600/2600 2602/2602/2602
f 2601/2601/2601 2602/2602/2602 2603/2603/2603
f 2603/2603/2603 2602/2602/2602 2604/2604/2604
f 2603/2603/2603 2604/2604/2604 2605/2605/2605
f 2605/2605/2605 2604/2604/2604 2606/2606/2606
f 2605/2605/2605 2606/2606/2606 2607/2607/2607
f 2607/2607/2607 2606/2606/2606 2608/2608/2608
f 2607/2607/2607 2608/2608/2608 2609/2609/2609
f 2609/2609/2609 2608/2608/2608 2610/2610/2610
f 2609/2609/2609 2610/2610/2610 2611/2611/2611
f 2611/2611/2611 2610/2610/2610 2612/2612/2612
f 2611/2611/2611 2612/2612/2612 2613/2613/2613
f 2613/2613/2613 2612/2612/2612 2614/2614/2614
f 2615/2615/2615 2616/2616/2616 2617/2617/2617
f 2617/2617/2617 2616/2616/2616 2618/2618/2618
f 2619/2619/2619 2620/2620/2620 2621/2621/2621
f 2621/2621/2621 2620/2620/2620 2622/2622/2622
f 2621/2621/2621 2622/2622/2622 2623/2623/2623
f 2623/2623/2623 2622/2622/2622 2624/2624/2624
f 2625/2625/2625 2626/2626/2626 2627/2627/2627
f 2627/2627/2627 2626/2626/2626 2628/2628/2628
f 2627/2627/2627 2628/2628/2628 2629/2629/2629
f 2629/2629/2629 2628/2628/2628 2630/2630/2630
f 2631/2631/2631 2632/2632/2632 2633/2633/2633
f 2633/2633/2633 2632/2632/2632 2634/2634/2634
f 2633/2633/2633 2634/2634/2634 2635/2635/2635
f 2635/2635/2635 2634/2634/2634 2636/2636/2636
f 2637/2637/2637 2638/2638/2638 2639/2639/2639
f 2639/2639/2639 2638/2638/2638 2640/2640/2640
f 2639/2639/2639 2640/2640/2640 2641/2641/2641
f 2641/2641/2641 2640/2640/2640 2642/2642/2642
f 2643/2643/2643 2644/2644/2644 2645/2645/2645
f 2645/2645/2645 2644/2644/2644 2646/2646/2646
f 2645/2645/2645 2646/2646/2646 2647/2647/2647
f 2647/2647/2647 2646/2646/2646 2648/2648/2648
f 2649/2649/2649 2650/2650/2650 2651/2651/2651
f 2651/2651/2651 2650/2650/2650 2652/2652/2652
f 2651/2651/2651 2652/2652/2652 2653/2653/2653
f 2653/2653/2653 2652/2652/2652 2654/2654/2654
f 2655/2655/2655 2656/2656/2656 2657/2657/2657
f 2657/2657/2657 2656/2656/2656 2658/2658/2658
f 2657/2657/2657 2658/2658/2658 2659/2659/2659
f 2659/2659/2659 2658/2658/2658 2660/2660/2660
f 2661/2661/2661 2662/2662/2662 2663/2663/2663
f 2663/2663/2663 2662/2662/2662 2664/2664/2664
f 2665/2665/2665 2666/2666/2666 2667/2667/2667
f 2667/2667/2667 2666/2666/2666 2668/2668/2668
f 2667/2667/2667 2668/2668/2668 2669/2669/2669
f 2669/2669/2669 2668/2668/2668 2670/2670/2670
f 2669/2669/2669 2670/2670/2670 2671/2671/2671
f 2671/2671/2671 2670/2670/2670 2672/2672/2672
f 2671/2671/2671 2672/2672/2672 2673/2673/2673
f 2673/2673/2673 2672/2672/2672 2674/2674/2674
f 2673/2673/2673 2674/2674/2674 2675/2675/2675
f 2675/2675/2675 2674/2674/2674 2676/2676/2676
f 2675/2675/2675 2676/2676/2676 2677/2677/2677
f 2677/2677/2677 2676/2676/2676 2678/2678/2678
f 2677/2677/2677 2678/2678/2678 2679/2679/2679
f 2679/2679/2679 2678/2678/2678 2680/2680/2680
f 2679/2679/2679 2680/2680/2680 2681/2681/2681
f 2681/2681/2681 2680/2680/2680 2682/2682/2682
f 2681/2681/2681 2682/2682/2682 2683/2683/2683
f 2683/2683/2683 2682/2682/2682 2684/2684/2684
f 2683/2683/2683 2684/2684/2684 2685/2685/2685
f 2685/2685/2685 2684/2684/2684 2686/2686/2686
f 2685/2685/2685 2686/2686/2686 2687/2687/2687
f 2687/2687/2687 2686/2686/2686 2688/2688/2688
f 2687/2687/2687 2688/2688/2688 2689/2689/2689
f 2689/2689/2689 2688/2688/2688 2690/2690/2690
f 2689/2689/2689 2690/2690/2690 2691/2691/2691
f 2691/2691/2691 2690/2690/2690 2692/2692/2692
f 2691/2691/2691 2692/2692/2692 2693/2693/2693
f 2693/2693/2693 2692/2692/2692 2694/2694/2694
f 2693/2693/2693 2694/2694/2694 2695/2695/2695
f 2695/2695/2695 2694/2694/2694 2696/2696/2696
f 2695/2695/2695 2696/2696/2696 2697/2697/2697
f 2697/2697/2697 2696/2696/2696 2698/2698/2698
f 2699/2699/2699 2700/2700/2700 2701/2701/2701
f 2701/2701/2701 2700/2700/2700 2702/2702/2702
f 2701/2701/2701 2702/2702/2702 2703/2703/2703
f 2703/2703/2703 2702/2702/2702 2704/2704/2704
f 2703/2703/2703 2704/2704/2704 2705/2705/2705
f 2705/2705/2705 2704/2704/2704 2706/2706/2706
f 2705/2705/2705 2706/2706/2706 2707/2707/2707
f 2707/2707/2707 2706/2706/2706 2708/2708/2708
f 2707/2707/2707 2708/2708/2708 2709/2709/2709
f 2709/2709/2709 2708/2708/2708 2710/2710/2710
f 2709/2709/2709 2710/2710/2710 2711/2711/2711
f 2711/2711/2711 2710/2710/2710 2712/2712/2712
f 2711/2711/2711 2712/2712/2712 2713/2713/2713
f 2713/2713/2713 2712/2712/2712 2714/2714/2714
f 2713/2713/2713 2714/2714/2714 2715/2715/2715
f 2715/2715/2715 2714/2714/2714 2716/2716/2716
f 2715/2715/2715 2716/2716/2716 2717/2717/2717
f 2717/2717/2717 2716/2716/2716 2718/2718/2718
f 2717/2717/2717 2718/2718/2718 2719/2719/2719
f 2719/2719/2719 2718/2718/2718 2720/2720/2720
f 2719/2719/2719 2720/2720/2720 2721/2721/2721
f 2721/2721/2721 2720/2720/2720 2722/2722/2722
f 2721/2721/2721 2722/2722/2722 2723/2723/2723
f 2723/2723/2723 2722/2722/2722 2724/2724/2724
f 2723/2723/2723 2724/2724/2724 2725/2725/2725
f 2725/2725/2725 2724/2724/2724 2726/2726/2726
f 2725/2725/2725 2726/2726/2726 2727/2727/2727
f 2727/2727/2727 2726/2726/2726 2728/2728/2728
f 2727/2727/2727 2728/2728/2728 2729/2729/2729
f 2729/2729/2729 2728/2728/2728 2730/2730/2730
f 2729/2729/2729 2730/2730/2730 2731/2731/2731
f 2731/2731/2731 2730/2730/2730 2732/2732/2732
g S05-A
v 0.023878278210759163 1.0351862907409668 -0.002414088696241379
v 0.023878278210759163 1.0288137197494507 0.002414088696241379
v 0.02398020774126053 1.0377613306045532 0.0009744740091264248
v 0.023299911990761757 1.031388759613037 0.005754483863711357
v 0.023878278210759163 1.0288137197494507 0.002414088696241379
v 0.02537067048251629 1.0288137197494507 0.0025649690069258213
v 0.023299911990761757 1.031388759613037 0.005754483863711357
v 0.024756157770752907 1.031388759613037 0.0061141387559473515
v 0.02537067048251629 1.0288137197494507 0.0025649690069258213
v 0.02537067048251629 1.0351862907409668 -0.0025649690069258213
v 0.024756157770752907 1.031388759613037 0.0061141387559473515
v 0.025478972122073174 1.0377613306045532 0.0010353786638006568
v 0.02537067048251629 1.0351862907409668 -0.0025649690069258213
v 0.023878278210759163 1.0351862907409668 -0.002414088696241379
v 0.025478972122073174 1.0377613306045532 0.0010353786638006568
v 0.02398020774126053 1.0377613306045532 0.0009744740091264248
v 0.023603668436408043 1.04033625125885 0.004343593493103981
v 0.022256650030612946 1.033963680267334 0.008980060927569866
v 0.022256650030612946 1.033963680267334 0.008980060927569866
v 0.023647692054510117 1.033963680267334 0.009541315026581287
v 0.023647692054510117 1.033963680267334 0.009541315026581287
v 0.025078898295760155 1.04033625125885 0.004615067970007658
v 0.025078898295760155 1.04033625125885 0.004615067970007658
v 0.023603668436408043 1.04033625125885 0.004343593493103981
v 0.022756172344088554 1.0429112911224365 0.00762604596093297
v 0.020769309252500534 1.0365387201309204 0.012026462703943253
v 0.020769309252500534 1.0365387201309204 0.012026462703943253
v 0.022067390382289886 1.0365387201309204 0.012778116390109062
v 0.022067390382289886 1.0365387201309204 0.012778116390109062
v 0.024178434163331985 1.0429112911224365 0.008102674037218094
v 0.024178434163331985 1.0429112911224365 0.008102674037218094
v 0.022756172344088554 1.0429112911224365 0.00762604596093297
v 0.02145463041961193 1.045486330986023 0.010756338946521282
v 0.01886756345629692 1.0391137599945068 0.014832903631031513
v 0.01886756345629692 1.0391137599945068 0.014832903631031513
v 0.020046787336468697 1.0391137599945068 0.015759959816932678
v 0.020046787336468697 1.0391137599945068 0.015759959816932678
v 0.022795544937253 1.045486330986023 0.011428610421717167
v 0.022795544937253 1.045486330986023 0.011428610421717167
v 0.02145463041961193 1.045486330986023 0.010756338946521282
v 0.0197250097990036 1.0480612516403198 0.013672013767063618
v 0.016589360311627388 1.0416886806488037 0.017343388870358467
v 0.016589360311627388 1.0416886806488037 0.017343388870358467
v 0.017626194283366203 1.0416886806488037 0.018427349627017975
v 0.017626194283366203 1.0416886806488037 0.018427349627017975
v 0.0209578238427639 1.0480612516403198 0.01452651433646679
v 0.0209578238427639 1.0480612516403198 0.01452651433646679
v 0.0197250097990036 1.0480612516403198 0.013672013767063618
v 0.017601823434233665 1.0506362915039062 0.016314895823597908
v 0.013980153948068619 1.0442637205123901 0.01950782723724842
v 0.013980153948068619 1.0442637205123901 0.01950782723724842
v 0.014853914268314838 1.0442637205123901 0.020727066323161125
v 0.014853914268314838 1.0442637205123901 0.020727066323161125
v 0.018701937049627304 1.0506362915039062 0.017334576696157455
v 0.018701937049627304 1.0506362915039062 0.017334576696157455
v 0.017601823434233665 1.0506362915039062 0.016314895823597908
v 0.015127432532608509 1.0532113313674927 0.018632251769304276
v 0.011092006228864193 1.0468387603759766 0.02128303050994873
v 0.011092006228864193 1.0468387603759766 0.02128303050994873
v 0.011785256676375866 1.0468387603759766 0.022613219916820526
v 0.011785256676375866 1.0468387603759766 0.022613219916820526
v 0.016072897240519524 1.0532113313674927 0.019796766340732574
v 0.016072897240519524 1.0532113313674927 0.019796766340732574
v 0.015127432532608509 1.0532113313674927 0.018632251769304276
v 0.012351209297776222 1.0557862520217896 0.020577842369675636
v 0.007982543669641018 1.0494136810302734 0.02263358049094677
v 0.007982543669641018 1.0494136810302734 0.02263358049094677
v 0.00848145317286253 1.0494136810302734 0.024048179388046265
v 0.00848145317286253 1.0494136810302734 0.024048179388046265
v 0.013123159296810627 1.0557862520217896 0.02186395786702633
v 0.013123159296810627 1.0557862520217896 0.02186395786702633
v 0.012351209297776222 1.0557862520217896 0.020577842369675636
v 0.00932854600250721 1.058361291885376 0.022112851962447166
v 0.004713807720690966 1.0519887208938599 0.023532530292868614
v 0.004713807720690966 1.0519887208938599 0.023532530292868614
v 0.005008420906960964 1.0519887208938599 0.02500331401824951
v 0.005008420906960964 1.0519887208938599 0.02500331401824951
v 0.009911580011248589 1.058361291885376 0.02349490486085415
v 0.009911580011248589 1.058361291885376 0.02349490486085415
v 0.00932854600250721 1.058361291885376 0.022112851962447166
v 0.0061197527684271336 1.0609363317489624 0.023206651210784912
v 0.0013510185526683927 1.0545637607574463 0.02396194450557232
v 0.0013510185526683927 1.0545637607574463 0.02396194450557232
v 0.0014354572631418705 1.0545637607574463 0.025459565222263336
v 0.0014354572631418705 1.0545637607574463 0.025459565222263336
v 0.006502237170934677 1.0609363317489624 0.02465706691145897
v 0.006502237170934677 1.0609363317489624 0.02465706691145897
v 0.0061197527684271336 1.0609363317489624 0.023206651210784912
v 0.002788854530081153 1.0635112524032593 0.023837413638830185
v -0.0020387270487844944 1.0571386814117432 0.023913251236081123
v -0.0020387270487844944 1.0571386814117432 0.023913251236081123
v -0.0021661475766450167 1.0571386814117432 0.025407830253243446
v -0.0021661475766450167 1.0571386814117432 0.025407830253243446
v 0.0029631578363478184 1.0635112524032593 0.025327252224087715
v 0.0029631578363478184 1.0635112524032593 0.025327252224087715
v 0.002788854530081153 1.0635112524032593 0.023837413638830185
v -0.0005976890679448843 1.0660862922668457 0.02399255707859993
v -0.005387794692069292 1.0597137212753296 0.023387424647808075
v -0.005387794692069292 1.0597137212753296 0.023387424647808075
v -0.005724531598389149 1.0597137212753296 0.024849139153957367
v -0.005724531598389149 1.0597137212753296 0.024849139153957367
v -0.0006350446492433548 1.0660862922668457 0.025492090731859207
v -0.0006350446492433548 1.0660862922668457 0.025492090731859207
v -0.0005976890679448843 1.0660862922668457 0.02399255707859993
v -0.003972307313233614 1.0686613321304321 0.023668983951210976
v -0.008629361167550087 1.062288761138916 0.022394957020878792
v -0.008629361167550087 1.062288761138916 0.022394957020878792
v -0.009168696589767933 1.062288761138916 0.023794641718268394
v -0.009168696589767933 1.062288761138916 0.023794641718268394
v -0.004220576491206884 1.0686613321304321 0.025148294866085052
v -0.004220576491206884 1.0686613321304321 0.025148294866085052
v -0.003972307313233614 1.0686613321304321 0.023668983951210976
v -0.007267666980624199 1.071236252784729 0.022873150184750557
v -0.011698748916387558 1.064863681793213 0.020955650135874748
v -0.011698748916387558 1.064863681793213 0.020955650135874748
v -0.012429920956492424 1.064863681793213 0.022265378385782242
v -0.012429920956492424 1.064863681793213 0.022265378385782242
v -0.007721896283328533 1.071236252784729 0.02430272288620472
v -0.007721896283328533 1.071236252784729 0.02430272288620472
v -0.007267666980624199 1.071236252784729 0.022873150184750557
v -0.010418017394840717 1.0738112926483154 0.021620936691761017
v -0.014534714631736279 1.0674387216567993 0.019098222255706787
v -0.014534714631736279 1.0674387216567993 0.019098222255706787
v -0.015443135052919388 1.0674387216567993 0.020291859284043312
v -0.015443135052919388 1.0674387216567993 0.020291859284043312
v -0.011069143190979958 1.0738112926483154 0.022972244769334793
v -0.011069143190979958 1.0738112926483154 0.022972244769334793
v -0.010418017394840717 1.0738112926483154 0.021620936691761017
v -0.01336050033569336 1.0763863325119019 0.01993732713162899
v -0.017080673947930336 1.0700137615203857 0.016859732568264008
v -0.017080673947930336 1.0700137615203857 0.016859732568264008
v -0.018148217350244522 1.0700137615203857 0.017913464456796646
v -0.018148217350244522 1.0700137615203857 0.017913464456796646
v -0.014195531606674194 1.0763863325119019 0.02118341065943241
v -0.014195531606674194 1.0763863325119019 0.02118341065943241
v -0.01336050033569336 1.0763863325119019 0.01993732713162899
v -0.01603640615940094 1.0789612531661987 0.017855914309620857
v -0.01928582973778248 1.0725886821746826 0.014284845441579819
v -0.01928582973778248 1.0725886821746826 0.014284845441579819
v -0.02049119397997856 1.0725886821746826 0.015177647583186626
v -0.02049119397997856 1.0725886821746826 0.015177647583186626
v -0.017038680613040924 1.0789612531661987 0.018971910700201988
v -0.017038680613040924 1.0789612531661987 0.018971910700201988
v -0.01603640615940094 1.0789612531661987 0.017855914309620857
v -0.01839234121143818 1.0815362930297852 0.015418228693306446
v -0.021106179803609848 1.075163722038269 0.011424937285482883
v -0.021106179803609848 1.075163722038269 0.011424937285482883
v -0.022425316274166107 1.075163722038269 0.01213899627327919
v -0.022425316274166107 1.075163722038269 0.01213899627327919
v -0.01954186148941517 1.0815362930297852 0.016381869092583656
v -0.01954186148941517 1.0815362930297852 0.016381869092583656
v -0.01839234121143818 1.0815362930297852 0.015418228693306446
v -0.020381299778819084 1.0841113328933716 0.012672907672822475
v -0.02250540442764759 1.0777387619018555 0.008337072096765041
v -0.02250540442764759 1.0777387619018555 0.008337072096765041
v -0.023911992087960243 1.0777387619018555 0.00885813869535923
v -0.023911992087960243 1.0777387619018555 0.00885813869535923
v -0.0216551311314106 1.0841113328933716 0.013464964926242828
v -0.0216551311314106 1.0841113328933716 0.013464964926242828
v -0.020381299778819084 1.0841113328933716 0.012672907672822475
v -0.02196359820663929 1.0866862535476685 0.009674728848040104
v -0.023455586284399033 1.0803136825561523 0.005082859192043543
v -0.023455586284399033 1.0803136825561523 0.005082859192043543
v -0.024921560660004616 1.0803136825561523 0.005400537978857756
v -0.024921560660004616 1.0803136825561523 0.005400537978857756
v -0.023336322978138924 1.0866862535476685 0.01027939934283495
v -0.023336322978138924 1.0866862535476685 0.01027939934283495
v -0.02196359820663929 1.0866862535476685 0.009674728848040104
v -0.023107662796974182 1.0892612934112549 0.006483511999249458
v -0.0239377673715353 1.0828887224197388 0.0017272296827286482
v -0.0239377673715353 1.0828887224197388 0.0017272296827286482
v -0.025433877483010292 1.0828887224197388 0.0018351816106587648
v -0.025433877483010292 1.0828887224197388 0.0018351816106587648
v -0.024551890790462494 1.0892612934112549 0.006888731382787228
v -0.024551890790462494 1.0892612934112549 0.006888731382787228
v -0.023107662796974182 1.0892612934112549 0.006483511999249458
v -0.023790666833519936 1.0918363332748413 0.003162932116538286
v -0.02394232340157032 1.0854637622833252 -0.0016628624871373177
v -0.02394232340157032 1.0854637622833252 -0.0016628624871373177
v -0.025438720360398293 1.0854637622833252 -0.001766791450791061
v -0.025438720360398293 1.0854637622833252 -0.001766791450791061
v -0.02527758479118347 1.0918363332748413 0.0033606155775487423
v -0.02527758479118347 1.0918363332748413 0.0033606155775487423
v -0.023790666833519936 1.0918363332748413 0.003162932116538286
v -0.023998985067009926 1.0944112539291382 -0.00022075662855058908
v -0.023469168692827225 1.088038682937622 -0.005019776057451963
v -0.023469168692827225 1.088038682937622 -0.005019776057451963
v -0.024935990571975708 1.088038682937622 -0.005333512090146542
v -0.024935990571975708 1.088038682937622 -0.005333512090146542
v -0.025498921051621437 1.0944112539291382 -0.00023455392511095852
v -0.025498921051621437 1.0944112539291382 -0.00023455392511095852
v -0.023998985067009926 1.0944112539291382 -0.00022075662855058908
v -0.02372845821082592 1.0969862937927246 -0.0036000406835228205
v -0.02252773940563202 1.0906137228012085 -0.008276531472802162
v -0.02252773940563202 1.0906137228012085 -0.008276531472802162
v -0.023935722187161446 1.0906137228012085 -0.008793815039098263
v -0.023935722187161446 1.0906137228012085 -0.008793815039098263
v -0.025211486965417862 1.0969862937927246 -0.0038250433281064034
v -0.025211486965417862 1.0969862937927246 -0.0038250433281064034
v -0.02372845821082592 1.0969862937927246 -0.0036000406835228205
v -0.02298448421061039 1.099561333656311 -0.006907494273036718
v -0.021136820316314697 1.093188762664795 -0.01136814896017313
v -0.021136820316314697 1.093188762664795 -0.01136814896017313
v -0.022457871586084366 1.093188762664795 -0.012078657746315002
v -0.022457871586084366 1.093188762664795 -0.012078657746315002
v -0.02442101389169693 1.099561333656311 -0.007339213043451309
v -0.02442101389169693 1.099561333656311 -0.007339213043451309
v -0.02298448421061039 1.099561333656311 -0.006907494273036718
v -0.021781908348202705 1.102136254310608 -0.010077125392854214
v -0.01932416670024395 1.0957636833190918 -0.014232940040528774
v -0.01932416670024395 1.0957636833190918 -0.014232940040528774
v -0.020531926304101944 1.0957636833190918 -0.015122499316930771
v -0.020531926304101944 1.0957636833190918 -0.015122499316930771
v -0.023143278434872627 1.102136254310608 -0.010706945322453976
v -0.023143278434872627 1.102136254310608 -0.010706945322453976
v -0.021781908348202705 1.102136254310608 -0.010077125392854214
v -0.02014472521841526 1.1047112941741943 -0.013045690022408962
v -0.017125943675637245 1.0983387231826782 -0.016813745722174644
v -0.017125943675637245 1.0983387231826782 -0.016813745722174644
v -0.018196314573287964 1.0983387231826782 -0.01786460541188717
v -0.018196314573287964 1.0983387231826782 -0.01786460541188717
v -0.02140377089381218 1.1047112941741943 -0.013861045241355896
v -0.02140377089381218 1.1047112941741943 -0.013861045241355896
v -0.02014472521841526 1.1047112941741943 -0.013045690022408962
v -0.018105601891875267 1.1072863340377808 -0.015753958374261856
v -0.014586011879146099 1.1009137630462646 -0.01905907317996025
v -0.014586011879146099 1.1009137630462646 -0.01905907317996025
v -0.01549763698130846 1.1009137630462646 -0.020250264555215836
v -0.01549763698130846 1.1009137630462646 -0.020250264555215836
v -0.019237201660871506 1.1072863340377808 -0.01673858053982258
v -0.019237201660871506 1.1072863340377808 -0.01673858053982258
v -0.018105601891875267 1.1072863340377808 -0.015753958374261856
v -0.015705222263932228 1.1098612546920776 -0.018147893249988556
v -0.011755049228668213 1.1034886837005615 -0.020924121141433716
v -0.011755049228668213 1.1034886837005615 -0.020924121141433716
v -0.012489739805459976 1.1034886837005615 -0.022231878712773323
v -0.012489739805459976 1.1034886837005615 -0.022231878712773323
v -0.01668679714202881 1.1098612546920776 -0.019282136112451553
v -0.01668679714202881 1.1098612546920776 -0.019282136112451553
v -0.015705222263932228 1.1098612546920776 -0.018147893249988556
v -0.012991480529308319 1.112436294555664 -0.02017972804605961
v -0.00868954323232174 1.106063723564148 -0.022371675819158554
v -0.00868954323232174 1.106063723564148 -0.022371675819158554
v -0.009232639335095882 1.106063723564148 -0.023769903928041458
v -0.009232639335095882 1.106063723564148 -0.023769903928041458
v -0.013803447596728802 1.112436294555664 -0.021440962329506874
v -0.013803447596728802 1.112436294555664 -0.021440962329506874
v -0.012991480529308319 1.112436294555664 -0.02017972804605961
v -0.010018523782491684 1.1150113344192505 -0.02180892415344715
v -0.0054506566375494 1.1086387634277344 -0.02337285503745079
v -0.0054506566375494 1.1086387634277344 -0.02337285503745079
v -0.005791322328150272 1.1086387634277344 -0.02483365871012211
v -0.005791322328150272 1.1086387634277344 -0.02483365871012211
v -0.010644681751728058 1.1150113344192505 -0.023171981796622276
v -0.010644681751728058 1.1150113344192505 -0.023171981796622276
v -0.010018523782491684 1.1150113344192505 -0.02180892415344715
v -0.006845671683549881 1.1175862550735474 -0.023002972826361656
v -0.002103014849126339 1.1112136840820312 -0.023907683789730072
v -0.002103014849126339 1.1112136840820312 -0.023907683789730072
v -0.0022344531025737524 1.1112136840820312 -0.02540191449224949
v -0.0022344531025737524 1.1112136840820312 -0.02540191449224949
v -0.007273525930941105 1.1175862550735474 -0.02444065921008587
v -0.007273525930941105 1.1175862550735474 -0.02444065921008587
v -0.006845671683549881 1.1175862550735474 -0.023002972826361656
v -0.0035362294875085354 1.1201612949371338 -0.02373805083334446
v 0.0012865876778960228 1.1137887239456177 -0.023965489119291306
v 0.0012865876778960228 1.1137887239456177 -0.023965489119291306
v 0.0013669994659721851 1.1137887239456177 -0.02546333335340023
v 0.0013669994659721851 1.1137887239456177 -0.02546333335340023
v -0.003757243975996971 1.1201612949371338 -0.025221679359674454
v -0.003757243975996971 1.1201612949371338 -0.025221679359674454
v -0.0035362294875085354 1.1201612949371338 -0.02373805083334446
v -0.00015623026411049068 1.1227363348007202 -0.023999491706490517
v 0.0046505192294716835 1.116363763809204 -0.023545119911432266
v 0.0046505192294716835 1.116363763809204 -0.023545119911432266
v 0.004941176623106003 1.116363763809204 -0.02501668967306614
v 0.004941176623106003 1.116363763809204 -0.02501668967306614
v -0.00016599465743638575 1.1227363348007202 -0.025499459356069565
v -0.00016599465743638575 1.1227363348007202 -0.025499459356069565
v -0.00015623026411049068 1.1227363348007202 -0.023999491706490517
v 0.0032268862705677748 1.125311255455017 -0.02378207817673683
v 0.00792166031897068 1.118938684463501 -0.022654961794614792
v 0.00792166031897068 1.118938684463501 -0.022654961794614792
v 0.008416764438152313 1.118938684463501 -0.024070896208286285
v 0.008416764438152313 1.118938684463501 -0.024070896208286285
v 0.003428566735237837 1.125311255455017 -0.02526845782995224
v 0.003428566735237837 1.125311255455017 -0.02526845782995224
v 0.0032268862705677748 1.125311255455017 -0.02378207817673683
v 0.006545617710798979 1.1278862953186035 -0.023090146481990814
v 0.011034742929041386 1.1215137243270874 -0.02131277695298195
v 0.011034742929041386 1.1215137243270874 -0.02131277695298195
v 0.011724415235221386 1.1215137243270874 -0.022644825279712677
v 0.011724415235221386 1.1215137243270874 -0.022644825279712677
v 0.0069547188468277454 1.1278862953186035 -0.024533281102776527
v 0.0069547188468277454 1.1278862953186035 -0.024533281102776527
v 0.006545617710798979 1.1278862953186035 -0.023090146481990814
v 0.009733746759593487 1.13046133518219 -0.021937506273388863
v 0.013927653431892395 1.1240887641906738 -0.01954534463584423
v 0.013927653431892395 1.1240887641906738 -0.01954534463584423
v 0.01479813177138567 1.1240887641906738 -0.020766928791999817
v 0.01479813177138567 1.1240887641906738 -0.020766928791999817
v 0.01034210529178381 1.13046133518219 -0.02330860123038292
v 0.01034210529178381 1.13046133518219 -0.02330860123038292
v 0.009733746759593487 1.13046133518219 -0.021937506273388863
v 0.012727661058306694 1.1330362558364868 -0.020347153767943382
v 0.016542669385671616 1.1266636848449707 -0.017387930303812027
v 0.016542669385671616 1.1266636848449707 -0.017387930303812027
v 0.017576586455106735 1.1266636848449707 -0.018474675714969635
v 0.017576586455106735 1.1266636848449707 -0.018474675714969635
v 0.013523139990866184 1.1330362558364868 -0.021618850529193878
v 0.013523139990866184 1.1330362558364868 -0.021618850529193878
v 0.012727661058306694 1.1330362558364868 -0.020347153767943382
v 0.015467624180018902 1.1356112957000732 -0.018350819125771523
v 0.018827615305781364 1.1292387247085571 -0.01488357875496149
v 0.018827615305781364 1.1292387247085571 -0.01488357875496149
v 0.02000434137880802 1.1292387247085571 -0.015813803300261497
v 0.02000434137880802 1.1292387247085571 -0.015813803300261497
v 0.016434350982308388 1.1356112957000732 -0.019497746601700783
v 0.016434350982308388 1.1356112957000732 -0.019497746601700783
v 0.015467624180018902 1.1356112957000732 -0.018350819125771523
v 0.01789896748960018 1.1381863355636597 -0.015988338738679886
v 0.020736899226903915 1.1318137645721436 -0.01208226103335619
v 0.020736899226903915 1.1318137645721436 -0.01208226103335619
v 0.022032955661416054 1.1318137645721436 -0.012837402522563934
v 0.022032955661416054 1.1318137645721436 -0.012837402522563934
v 0.019017653539776802 1.1381863355636597 -0.01698761060833931
v 0.019017653539776802 1.1381863355636597 -0.01698761060833931
v 0.01789896748960018 1.1381863355636597 -0.015988338738679886
v 0.01997317746281624 1.1407612562179565 -0.013306846842169762
v 0.022232426330447197 1.1343886852264404 -0.009039869531989098
v 0.022232426330447197 1.1343886852264404 -0.009039869531989098
v 0.023621952161192894 1.1343886852264404 -0.009604861959815025
v 0.023621952161192894 1.1343886852264404 -0.009604861959815025
v 0.021221501752734184 1.1407612562179565 -0.014138524420559406
v 0.021221501752734184 1.1407612562179565 -0.014138524420559406
v 0.01997317746281624 1.1407612562179565 -0.013306846842169762
v 0.021648868918418884 1.143336296081543 -0.01035984791815281
v 0.02328435704112053 1.1369637250900269 -0.005817108787596226
v 0.02328435704112053 1.1369637250900269 -0.005817108787596226
v 0.02473962865769863 1.1369637250900269 -0.006180678028613329
v 0.02473962865769863 1.1369637250900269 -0.006180678028613329
v 0.02300192415714264 1.143336296081543 -0.011007338762283325
v 0.02300192415714264 1.143336296081543 -0.011007338762283325
v 0.021648868918418884 1.143336296081543 -0.01035984791815281
v 0.022892609238624573 1.1459113359451294 -0.007206141948699951
v 0.02387170121073723 1.1395387649536133 -0.0024782808031886816
v 0.02387170121073723 1.1395387649536133 -0.0024782808031886816
v 0.025363681837916374 1.1395387649536133 -0.0026331734843552113
v 0.025363681837916374 1.1395387649536133 -0.0026331734843552113
v 0.024323396384716034 1.1459113359451294 -0.007656525820493698
v 0.024323396384716034 1.1459113359451294 -0.007656525820493698
v 0.022892609238624573 1.1459113359451294 -0.007206141948699951
v 0.0236795786768198 1.1484862565994263 -0.00390865420922637
v 0.023982742801308632 1.1421136856079102 0.0009099954040721059
v 0.023982742801308632 1.1421136856079102 0.0009099954040721059
v 0.025481663644313812 1.1421136856079102 0.0009668701677583158
v 0.025481663644313812 1.1421136856079102 0.0009668701677583158
v 0.025159552693367004 1.1484862565994263 -0.00415294524282217
v 0.025159552693367004 1.1484862565994263 -0.00415294524282217
v 0.0236795786768198 1.1484862565994263 -0.00390865420922637
v 0.023994076997041702 1.1510612964630127 -0.0005331786233000457
v 0.023615261539816856 1.1446887254714966 0.004280115012079477
v 0.023615261539816856 1.1446887254714966 0.004280115012079477
v 0.02509121596813202 1.1446887254714966 0.004547622054815292
v 0.02509121596813202 1.1446887254714966 0.004547622054815292
v 0.02549370750784874 1.1510612964630127 -0.0005665022763423622
v 0.02549370750784874 1.1510612964630127 -0.0005665022763423622
v 0.023994076997041702 1.1510612964630127 -0.0005331786233000457
v 0.023829828947782516 1.1536363363265991 0.002852935576811433
v 0.022776594385504723 1.147263765335083 0.00756483431905508
v 0.022776594385504723 1.147263765335083 0.00756483431905508
v 0.024200132116675377 1.147263765335083 0.008037636987864971
v 0.024200132116675377 1.147263765335083 0.008037636987864971
v 0.025319194421172142 1.1536363363265991 0.003031244035810232
v 0.025319194421172142 1.1536363363265991 0.003031244035810232
v 0.023829828947782516 1.1536363363265991 0.002852935576811433
v 0.02319011278450489 1.156211256980896 0.006182125769555569
v 0.021483473479747772 1.1498386859893799 0.010698615573346615
v 0.021483473479747772 1.1498386859893799 0.010698615573346615
v 0.022826191037893295 1.1498386859893799 0.01136727910488844
v 0.022826191037893295 1.1498386859893799 0.01136727910488844
v 0.024639494717121124 1.156211256980896 0.006568508688360453
v 0.024639494717121124 1.156211256980896 0.006568508688360453
v 0.02319011278450489 1.156211256980896 0.006182125769555569
v 0.022087691351771355 1.1587862968444824 0.009387966245412827
v 0.019761698320508003 1.1524137258529663 0.013618930242955685
v 0.019761698320508003 1.1524137258529663 0.013618930242955685
v 0.020996805280447006 1.1524137258529663 0.014470113441348076
v 0.020996805280447006 1.1524137258529663 0.014470113441348076
v 0.023468172177672386 1.1587862968444824 0.009974714368581772
v 0.023468172177672386 1.1587862968444824 0.009974714368581772
v 0.022087691351771355 1.1587862968444824 0.009387966245412827
v 0.020544560626149178 1.1613613367080688 0.012406491674482822
v 0.01764562539756298 1.1549887657165527 0.016267510131001472
v 0.01764562539756298 1.1549887657165527 0.016267510131001472
v 0.01874847710132599 1.1549887657165527 0.017284229397773743
v 0.01874847710132599 1.1549887657165527 0.017284229397773743
v 0.02182859554886818 1.1613613367080688 0.013181897811591625
v 0.02182859554886818 1.1613613367080688 0.013181897811591625
v 0.020544560626149178 1.1613613367080688 0.012406491674482822
v 0.018591510131955147 1.1639362573623657 0.015177474357187748
v 0.015177474357187748 1.1575636863708496 0.018591510131955147
v 0.015177474357187748 1.1575636863708496 0.018591510131955147
v 0.01612606644630432 1.1575636863708496 0.019753480330109596
v 0.01612606644630432 1.1575636863708496 0.019753480330109596
v 0.019753480330109596 1.1639362573623657 0.01612606644630432
v 0.019753480330109596 1.1639362573623657 0.01612606644630432
v 0.018591510131955147 1.1639362573623657 0.015177474357187748
v 0.016267510131001472 1.1665112972259521 0.01764562539756298
v 0.012406491674482822 1.160138726234436 0.020544560626149178
v 0.012406491674482822 1.160138726234436 0.020544560626149178
v 0.013181897811591625 1.160138726234436 0.02182859554886818
v 0.013181897811591625 1.160138726234436 0.02182859554886818
v 0.017284229397773743 1.1665112972259521 0.01874847710132599
v 0.017284229397773743 1.1665112972259521 0.01874847710132599
v 0.016267510131001472 1.1665112972259521 0.01764562539756298
v 0.013618930242955685 1.1690863370895386 0.019761698320508003
v 0.009387966245412827 1.1627137660980225 0.022087691351771355
v 0.009387966245412827 1.1627137660980225 0.022087691351771355
v 0.009974714368581772 1.1627137660980225 0.023468172177672386
v 0.009974714368581772 1.1627137660980225 0.023468172177672386
v 0.014470113441348076 1.1690863370895386 0.020996805280447006
v 0.014470113441348076 1.1690863370895386 0.020996805280447006
v 0.013618930242955685 1.1690863370895386 0.019761698320508003
v 0.010698615573346615 1.1716612577438354 0.021483473479747772
v 0.006182125769555569 1.1652886867523193 0.02319011278450489
v 0.006182125769555569 1.1652886867523193 0.02319011278450489
v 0.006568508688360453 1.1652886867523193 0.024639494717121124
v 0.006568508688360453 1.1652886867523193 0.024639494717121124
v 0.01136727910488844 1.1716612577438354 0.022826191037893295
v 0.01136727910488844 1.1716612577438354 0.022826191037893295
v 0.010698615573346615 1.1716612577438354 0.021483473479747772
v 0.00756483431905508 1.1742362976074219 0.022776594385504723
v 0.002852935576811433 1.1678637266159058 0.023829828947782516
v 0.002852935576811433 1.1678637266159058 0.023829828947782516
v 0.003031244035810232 1.1678637266159058 0.025319194421172142
v 0.003031244035810232 1.1678637266159058 0.025319194421172142
v 0.008037636987864971 1.1742362976074219 0.024200132116675377
v 0.008037636987864971 1.1742362976074219 0.024200132116675377
v 0.00756483431905508 1.1742362976074219 0.022776594385504723
v 0.004280115012079477 1.1768113374710083 0.023615261539816856
v -0.0005331786233000457 1.1704387664794922 0.023994076997041702
v -0.0005331786233000457 1.1704387664794922 0.023994076997041702
v -0.0005665022763423622 1.1704387664794922 0.02549370750784874
v -0.0005665022763423622 1.1704387664794922 0.02549370750784874
v 0.004547622054815292 1.1768113374710083 0.02509121596813202
v 0.004547622054815292 1.1768113374710083 0.02509121596813202
v 0.004280115012079477 1.1768113374710083 0.023615261539816856
v 0.0009099954040721059 1.1793862581253052 0.023982742801308632
v -0.00390865420922637 1.173013687133789 0.0236795786768198
v -0.00390865420922637 1.173013687133789 0.0236795786768198
v -0.00415294524282217 1.173013687133789 0.025159552693367004
v -0.00415294524282217 1.173013687133789 0.025159552693367004
v 0.0009668701677583158 1.1793862581253052 0.025481663644313812
v 0.0009668701677583158 1.1793862581253052 0.025481663644313812
v 0.0009099954040721059 1.1793862581253052 0.023982742801308632
v -0.0024782808031886816 1.1819612979888916 0.02387170121073723
v -0.007206141948699951 1.1755887269973755 0.022892609238624573
v -0.007206141948699951 1.1755887269973755 0.022892609238624573
v -0.007656525820493698 1.1755887269973755 0.024323396384716034
v -0.007656525820493698 1.1755887269973755 0.024323396384716034
v -0.0026331734843552113 1.1819612979888916 0.025363681837916374
v -0.0026331734843552113 1.1819612979888916 0.025363681837916374
v -0.0024782808031886816 1.1819612979888916 0.02387170121073723
v -0.005817108787596226 1.184536337852478 0.02328435704112053
v -0.01035984791815281 1.178163766860962 0.021648868918418884
v -0.01035984791815281 1.178163766860962 0.021648868918418884
v -0.011007338762283325 1.178163766860962 0.02300192415714264
v -0.011007338762283325 1.178163766860962 0.02300192415714264
v -0.006180678028613329 1.184536337852478 0.02473962865769863
v -0.006180678028613329 1.184536337852478 0.02473962865769863
v -0.005817108787596226 1.184536337852478 0.02328435704112053
v -0.009039869531989098 1.187111258506775 0.022232426330447197
v -0.013306846842169762 1.1807386875152588 0.01997317746281624
v -0.013306846842169762 1.1807386875152588 0.01997317746281624
v -0.014138524420559406 1.1807386875152588 0.021221501752734184
v -0.014138524420559406 1.1807386875152588 0.021221501752734184
v -0.009604861959815025 1.187111258506775 0.023621952161192894
v -0.009604861959815025 1.187111258506775 0.023621952161192894
v -0.009039869531989098 1.187111258506775 0.022232426330447197
v -0.01208226103335619 1.1896862983703613 0.020736899226903915
v -0.015988338738679886 1.1833137273788452 0.01789896748960018
v -0.015988338738679886 1.1833137273788452 0.01789896748960018
v -0.01698761060833931 1.1833137273788452 0.019017653539776802
v -0.01698761060833931 1.1833137273788452 0.019017653539776802
v -0.012837402522563934 1.1896862983703613 0.022032955661416054
v -0.012837402522563934 1.1896862983703613 0.022032955661416054
v -0.01208226103335619 1.1896862983703613 0.020736899226903915
v -0.01488357875496149 1.1922613382339478 0.018827615305781364
v -0.018350819125771523 1.1858887672424316 0.015467624180018902
v -0.018350819125771523 1.1858887672424316 0.015467624180018902
v -0.019497746601700783 1.1858887672424316 0.016434350982308388
v -0.019497746601700783 1.1858887672424316 0.016434350982308388
v -0.015813803300261497 1.1922613382339478 0.02000434137880802
v -0.015813803300261497 1.1922613382339478 0.02000434137880802
v -0.01488357875496149 1.1922613382339478 0.018827615305781364
v -0.017387930303812027 1.1948362588882446 0.016542669385671616
v -0.020347153767943382 1.1884636878967285 0.012727661058306694
v -0.020347153767943382 1.1884636878967285 0.012727661058306694
v -0.021618850529193878 1.1884636878967285 0.013523139990866184
v -0.021618850529193878 1.1884636878967285 0.013523139990866184
v -0.018474675714969635 1.1948362588882446 0.017576586455106735
v -0.018474675714969635 1.1948362588882446 0.017576586455106735
v -0.017387930303812027 1.1948362588882446 0.016542669385671616
v -0.01954534463584423 1.197411298751831 0.013927653431892395
v -0.021937506273388863 1.191038727760315 0.009733746759593487
v -0.021937506273388863 1.191038727760315 0.009733746759593487
v -0.02330860123038292 1.191038727760315 0.01034210529178381
v -0.02330860123038292 1.191038727760315 0.01034210529178381
v -0.020766928791999817 1.197411298751831 0.01479813177138567
v -0.020766928791999817 1.197411298751831 0.01479813177138567
v -0.01954534463584423 1.197411298751831 0.013927653431892395
v -0.02131277695298195 1.1999863386154175 0.011034742929041386
v -0.023090146481990814 1.1936137676239014 0.006545617710798979
v -0.023090146481990814 1.1936137676239014 0.006545617710798979
v -0.024533281102776527 1.1936137676239014 0.0069547188468277454
v -0.024533281102776527 1.1936137676239014 0.0069547188468277454
v -0.022644825279712677 1.1999863386154175 0.011724415235221386
v -0.022644825279712677 1.1999863386154175 0.011724415235221386
v -0.02131277695298195 1.1999863386154175 0.011034742929041386
v -0.022654961794614792 1.2025612592697144 0.00792166031897068
v -0.02378207817673683 1.1961886882781982 0.0032268862705677748
v -0.02378207817673683 1.1961886882781982 0.0032268862705677748
v -0.02526845782995224 1.1961886882781982 0.003428566735237837
v -0.02526845782995224 1.1961886882781982 0.003428566735237837
v -0.024070896208286285 1.2025612592697144 0.008416764438152313
v -0.024070896208286285 1.2025612592697144 0.008416764438152313
v -0.022654961794614792 1.2025612592697144 0.00792166031897068
v -0.023545119911432266 1.2051362991333008 0.0046505192294716835
v -0.023999491706490517 1.1987637281417847 -0.00015623026411049068
v -0.023999491706490517 1.1987637281417847 -0.00015623026411049068
v -0.025499459356069565 1.1987637281417847 -0.00016599465743638575
v -0.025499459356069565 1.1987637281417847 -0.00016599465743638575
v -0.02501668967306614 1.2051362991333008 0.004941176623106003
v -0.02501668967306614 1.2051362991333008 0.004941176623106003
v -0.023545119911432266 1.2051362991333008 0.0046505192294716835
v -0.023965489119291306 1.2077113389968872 0.0012865876778960228
v -0.02373805083334446 1.201338768005371 -0.0035362294875085354
v -0.02373805083334446 1.201338768005371 -0.0035362294875085354
v -0.025221679359674454 1.201338768005371 -0.003757243975996971
v -0.025221679359674454 1.201338768005371 -0.003757243975996971
v -0.02546333335340023 1.2077113389968872 0.0013669994659721851
v -0.02546333335340023 1.2077113389968872 0.0013669994659721851
v -0.023965489119291306 1.2077113389968872 0.0012865876778960228
v -0.023907683789730072 1.210286259651184 -0.002103014849126339
v -0.023002972826361656 1.203913688659668 -0.006845671683549881
v -0.023002972826361656 1.203913688659668 -0.006845671683549881
v -0.02444065921008587 1.203913688659668 -0.007273525930941105
v -0.02444065921008587 1.203913688659668 -0.007273525930941105
v -0.02540191449224949 1.210286259651184 -0.0022344531025737524
v -0.02540191449224949 1.210286259651184 -0.0022344531025737524
v -0.023907683789730072 1.210286259651184 -0.002103014849126339
v -0.02337285503745079 1.2128612995147705 -0.0054506566375494
v -0.02180892415344715 1.2064887285232544 -0.010018523782491684
v -0.02180892415344715 1.2064887285232544 -0.010018523782491684
v -0.023171981796622276 1.2064887285232544 -0.010644681751728058
v -0.023171981796622276 1.2064887285232544 -0.010644681751728058
v -0.02483365871012211 1.2128612995147705 -0.005791322328150272
v -0.02483365871012211 1.2128612995147705 -0.005791322328150272
v -0.02337285503745079 1.2128612995147705 -0.0054506566375494
v -0.022371675819158554 1.215436339378357 -0.00868954323232174
v -0.02017972804605961 1.2090637683868408 -0.012991480529308319
v -0.02017972804605961 1.2090637683868408 -0.012991480529308319
v -0.021440962329506874 1.2090637683868408 -0.013803447596728802
v -0.021440962329506874 1.2090637683868408 -0.013803447596728802
v -0.023769903928041458 1.215436339378357 -0.009232639335095882
v -0.023769903928041458 1.215436339378357 -0.009232639335095882
v -0.022371675819158554 1.215436339378357 -0.00868954323232174
v -0.020924121141433716 1.2180112600326538 -0.011755049228668213
v -0.018147893249988556 1.2116386890411377 -0.015705222263932228
v -0.018147893249988556 1.2116386890411377 -0.015705222263932228
v -0.019282136112451553 1.2116386890411377 -0.01668679714202881
v -0.019282136112451553 1.2116386890411377 -0.01668679714202881
v -0.022231878712773323 1.2180112600326538 -0.012489739805459976
v -0.022231878712773323 1.2180112600326538 -0.012489739805459976
v -0.020924121141433716 1.2180112600326538 -0.011755049228668213
v -0.01905907317996025 1.2205862998962402 -0.014586011879146099
v -0.015753958374261856 1.2142137289047241 -0.018105601891875267
v -0.015753958374261856 1.2142137289047241 -0.018105601891875267
v -0.01673858053982258 1.2142137289047241 -0.019237201660871506
v -0.01673858053982258 1.2142137289047241 -0.019237201660871506
v -0.020250264555215836 1.2205862998962402 -0.01549763698130846
v -0.020250264555215836 1.2205862998962402 -0.01549763698130846
v -0.01905907317996025 1.2205862998962402 -0.014586011879146099
v -0.016813745722174644 1.2231613397598267 -0.017125943675637245
v -0.013045690022408962 1.2167887687683105 -0.02014472521841526
v -0.013045690022408962 1.2167887687683105 -0.02014472521841526
v -0.013861045241355896 1.2167887687683105 -0.02140377089381218
v -0.013861045241355896 1.2167887687683105 -0.02140377089381218
v -0.01786460541188717 1.2231613397598267 -0.018196314573287964
v -0.01786460541188717 1.2231613397598267 -0.018196314573287964
v -0.016813745722174644 1.2231613397598267 -0.017125943675637245
v -0.014232940040528774 1.2257362604141235 -0.01932416670024395
v -0.010077125392854214 1.2193636894226074 -0.021781908348202705
v -0.010077125392854214 1.2193636894226074 -0.021781908348202705
v -0.010706945322453976 1.2193636894226074 -0.023143278434872627
v -0.010706945322453976 1.2193636894226074 -0.023143278434872627
v -0.015122499316930771 1.2257362604141235 -0.020531926304101944
v -0.015122499316930771 1.2257362604141235 -0.020531926304101944
v -0.014232940040528774 1.2257362604141235 -0.01932416670024395
v -0.01136814896017313 1.22831130027771 -0.021136820316314697
v -0.006907494273036718 1.2219387292861938 -0.02298448421061039
v -0.006907494273036718 1.2219387292861938 -0.02298448421061039
v -0.007339213043451309 1.2219387292861938 -0.02442101389169693
v -0.007339213043451309 1.2219387292861938 -0.02442101389169693
v -0.012078657746315002 1.22831130027771 -0.022457871586084366
v -0.012078657746315002 1.22831130027771 -0.022457871586084366
v -0.01136814896017313 1.22831130027771 -0.021136820316314697
v -0.008276531472802162 1.2308863401412964 -0.02252773940563202
v -0.0036000406835228205 1.2245137691497803 -0.02372845821082592
v -0.008276531472802162 1.2308863401412964 -0.02252773940563202
v -0.0036000406835228205 1.2245137691497803 -0.02372845821082592
v -0.0038250433281064034 1.2245137691497803 -0.025211486965417862
v -0.0038250433281064034 1.2245137691497803 -0.025211486965417862
v -0.008793815039098263 1.2308863401412964 -0.023935722187161446
v -0.008793815039098263 1.2308863401412964 -0.023935722187161446
v -0.008276531472802162 1.2308863401412964 -0.02252773940563202
v -0.005019776057451963 1.2334612607955933 -0.023469168692827225
v -0.00022075662855058908 1.2270886898040771 -0.023998985067009926
v -0.005019776057451963 1.2334612607955933 -0.023469168692827225
v -0.00022075662855058908 1.2270886898040771 -0.023998985067009926
v -0.00023455392511095852 1.2270886898040771 -0.025498921051621437
v -0.00023455392511095852 1.2270886898040771 -0.025498921051621437
v -0.005333512090146542 1.2334612607955933 -0.024935990571975708
v -0.005333512090146542 1.2334612607955933 -0.024935990571975708
v -0.005019776057451963 1.2334612607955933 -0.023469168692827225
v -0.0016628624871373177 1.2360363006591797 -0.02394232340157032
v 0.003162932116538286 1.2296637296676636 -0.023790666833519936
v 0.003162932116538286 1.2296637296676636 -0.023790666833519936
v 0.0033606155775487423 1.2296637296676636 -0.02527758479118347
v 0.0033606155775487423 1.2296637296676636 -0.02527758479118347
v -0.001766791450791061 1.2360363006591797 -0.025438720360398293
v -0.001766791450791061 1.2360363006591797 -0.025438720360398293
v -0.0016628624871373177 1.2360363006591797 -0.02394232340157032
v 0.0017272296827286482 1.2386113405227661 -0.0239377673715353
v 0.006483511999249458 1.23223876953125 -0.023107662796974182
v 0.006483511999249458 1.23223876953125 -0.023107662796974182
v 0.006888731382787228 1.23223876953125 -0.024551890790462494
v 0.006888731382787228 1.23223876953125 -0.024551890790462494
v 0.0018351816106587648 1.2386113405227661 -0.025433877483010292
v 0.0018351816106587648 1.2386113405227661 -0.025433877483010292
v 0.0017272296827286482 1.2386113405227661 -0.0239377673715353
v 0.005082859192043543 1.241186261177063 -0.023455586284399033
v 0.009674728848040104 1.2348136901855469 -0.02196359820663929
v 0.009674728848040104 1.2348136901855469 -0.02196359820663929
v 0.01027939934283495 1.2348136901855469 -0.023336322978138924
v 0.01027939934283495 1.2348136901855469 -0.023336322978138924
v 0.005400537978857756 1.241186261177063 -0.024921560660004616
v 0.005400537978857756 1.241186261177063 -0.024921560660004616
v 0.005082859192043543 1.241186261177063 -0.023455586284399033
v 0.023878278210759163 1.0351862907409668 -0.002414088696241379
v 0.02537067048251629 1.0288137197494507 0.0025649690069258213
v 0.023878278210759163 1.0288137197494507 0.002414088696241379
v 0.02537067048251629 1.0351862907409668 -0.0025649690069258213
v 0.005082859192043543 1.241186261177063 -0.023455586284399033
v 0.009674728848040104 1.2348136901855469 -0.02196359820663929
v 0.01027939934283495 1.2348136901855469 -0.023336322978138924
v 0.005400537978857756 1.241186261177063 -0.024921560660004616
vt 0 0
vt 1 0
vt 0 0.012500000186264515
vt 1 0.012500000186264515
vt 1 0
vt 1 0
vt 1 0.012500000186264515
vt 1 0.012500000186264515
vt 1 0
vt 0 0
vt 1 0.012500000186264515
vt 0 0.012500000186264515
vt 0 0
vt 0 0
vt 0 0.012500000186264515
vt 0 0.012500000186264515
vt 0 0.02500000037252903
vt 1 0.02500000037252903
vt 1 0.02500000037252903
vt 1 0.02500000037252903
vt 1 0.02500000037252903
vt 0 0.02500000037252903
vt 0 0.02500000037252903
vt 0 0.02500000037252903
vt 0 0.03750000149011612
vt 1 0.03750000149011612
vt 1 0.03750000149011612
vt 1 0.03750000149011612
vt 1 0.03750000149011612
vt 0 0.03750000149011612
vt 0 0.03750000149011612
vt 0 0.03750000149011612
vt 0 0.05000000074505806
vt 1 0.05000000074505806
vt 1 0.05000000074505806
vt 1 0.05000000074505806
vt 1 0.05000000074505806
vt 0 0.05000000074505806
vt 0 0.05000000074505806
vt 0 0.05000000074505806
vt 0 0.0625
vt 1 0.0625
vt 1 0.0625
vt 1 0.0625
vt 1 0.0625
vt 0 0.0625
vt 0 0.0625
vt 0 0.0625
vt 0 0.07500000298023224
vt 1 0.07500000298023224
vt 1 0.07500000298023224
vt 1 0.07500000298023224
vt 1 0.07500000298023224
vt 0 0.07500000298023224
vt 0 0.07500000298023224
vt 0 0.07500000298023224
vt 0 0.08749999850988388
vt 1 0.08749999850988388
vt 1 0.08749999850988388
vt 1 0.08749999850988388
vt 1 0.08749999850988388
vt 0 0.08749999850988388
vt 0 0.08749999850988388
vt 0 0.08749999850988388
vt 0 0.10000000149011612
vt 1 0.10000000149011612
vt 1 0.10000000149011612
vt 1 0.10000000149011612
vt 1 0.10000000149011612
vt 0 0.10000000149011612
vt 0 0.10000000149011612
vt 0 0.10000000149011612
vt 0 0.11249999701976776
vt 1 0.11249999701976776
vt 1 0.11249999701976776
vt 1 0.11249999701976776
vt 1 0.11249999701976776
vt 0 0.11249999701976776
vt 0 0.11249999701976776
vt 0 0.11249999701976776
vt 0 0.125
vt 1 0.125
vt 1 0.125
vt 1 0.125
vt 1 0.125
vt 0 0.125
vt 0 0.125
vt 0 0.125
vt 0 0.13750000298023224
vt 1 0.13750000298023224
vt 1 0.13750000298023224
vt 1 0.13750000298023224
vt 1 0.13750000298023224
vt 0 0.13750000298023224
vt 0 0.13750000298023224
vt 0 0.13750000298023224
vt 0 0.15000000596046448
vt 1 0.15000000596046448
vt 1 0.15000000596046448
vt 1 0.15000000596046448
vt 1 0.15000000596046448
vt 0 0.15000000596046448
vt 0 0.15000000596046448
vt 0 0.15000000596046448
vt 0 0.16249999403953552
vt 1 0.16249999403953552
vt 1 0.16249999403953552
vt 1 0.16249999403953552
vt 1 0.16249999403953552
vt 0 0.16249999403953552
vt 0 0.16249999403953552
vt 0 0.16249999403953552
vt 0 0.17499999701976776
vt 1 0.17499999701976776
vt 1 0.17499999701976776
vt 1 0.17499999701976776
vt 1 0.17499999701976776
vt 0 0.17499999701976776
vt 0 0.17499999701976776
vt 0 0.17499999701976776
vt 0 0.1875
vt 1 0.1875
vt 1 0.1875
vt 1 0.1875
vt 1 0.1875
vt 0 0.1875
vt 0 0.1875
vt 0 0.1875
vt 0 0.20000000298023224
vt 1 0.20000000298023224
vt 1 0.20000000298023224
vt 1 0.20000000298023224
vt 1 0.20000000298023224
vt 0 0.20000000298023224
vt 0 0.20000000298023224
vt 0 0.20000000298023224
vt 0 0.21250000596046448
vt 1 0.21250000596046448
vt 1 0.21250000596046448
vt 1 0.21250000596046448
vt 1 0.21250000596046448
vt 0 0.21250000596046448
vt 0 0.21250000596046448
vt 0 0.21250000596046448
vt 0 0.22499999403953552
vt 1 0.22499999403953552
vt 1 0.22499999403953552
vt 1 0.22499999403953552
vt 1 0.22499999403953552
vt 0 0.22499999403953552
vt 0 0.22499999403953552
vt 0 0.22499999403953552
vt 0 0.23749999701976776
vt 1 0.23749999701976776
vt 1 0.23749999701976776
vt 1 0.23749999701976776
vt 1 0.23749999701976776
vt 0 0.23749999701976776
vt 0 0.23749999701976776
vt 0 0.23749999701976776
vt 0 0.25
vt 1 0.25
vt 1 0.25
vt 1 0.25
vt 1 0.25
vt 0 0.25
vt 0 0.25
vt 0 0.25
vt 0 0.26249998807907104
vt 1 0.26249998807907104
vt 1 0.26249998807907104
vt 1 0.26249998807907104
vt 1 0.26249998807907104
vt 0 0.26249998807907104
vt 0 0.26249998807907104
vt 0 0.26249998807907104
vt 0 0.2750000059604645
vt 1 0.2750000059604645
vt 1 0.2750000059604645
vt 1 0.2750000059604645
vt 1 0.2750000059604645
vt 0 0.2750000059604645
vt 0 0.2750000059604645
vt 0 0.2750000059604645
vt 0 0.2874999940395355
vt 1 0.2874999940395355
vt 1 0.2874999940395355
vt 1 0.2874999940395355
vt 1 0.2874999940395355
vt 0 0.2874999940395355
vt 0 0.2874999940395355
vt 0 0.2874999940395355
vt 0 0.30000001192092896
vt 1 0.30000001192092896
vt 1 0.30000001192092896
vt 1 0.30000001192092896
vt 1 0.30000001192092896
vt 0 0.30000001192092896
vt 0 0.30000001192092896
vt 0 0.30000001192092896
vt 0 0.3125
vt 1 0.3125
vt 1 0.3125
vt 1 0.3125
vt 1 0.3125
vt 0 0.3125
vt 0 0.3125
vt 0 0.3125
vt 0 0.32499998807907104
vt 1 0.32499998807907104
vt 1 0.32499998807907104
vt 1 0.32499998807907104
vt 1 0.32499998807907104
vt 0 0.32499998807907104
vt 0 0.32499998807907104
vt 0 0.32499998807907104
vt 0 0.3375000059604645
vt 1 0.3375000059604645
vt 1 0.3375000059604645
vt 1 0.3375000059604645
vt 1 0.3375000059604645
vt 0 0.3375000059604645
vt 0 0.3375000059604645
vt 0 0.3375000059604645
vt 0 0.3499999940395355
vt 1 0.3499999940395355
vt 1 0.3499999940395355
vt 1 0.3499999940395355
vt 1 0.3499999940395355
vt 0 0.3499999940395355
vt 0 0.3499999940395355
vt 0 0.3499999940395355
vt 0 0.36250001192092896
vt 1 0.36250001192092896
vt 1 0.36250001192092896
vt 1 0.36250001192092896
vt 1 0.36250001192092896
vt 0 0.36250001192092896
vt 0 0.36250001192092896
vt 0 0.36250001192092896
vt 0 0.375
vt 1 0.375
vt 1 0.375
vt 1 0.375
vt 1 0.375
vt 0 0.375
vt 0 0.375
vt 0 0.375
vt 0 0.38749998807907104
vt 1 0.38749998807907104
vt 1 0.38749998807907104
vt 1 0.38749998807907104
vt 1 0.38749998807907104
vt 0 0.38749998807907104
vt 0 0.38749998807907104
vt 0 0.38749998807907104
vt 0 0.4000000059604645
vt 1 0.4000000059604645
vt 1 0.4000000059604645
vt 1 0.4000000059604645
vt 1 0.4000000059604645
vt 0 0.4000000059604645
vt 0 0.4000000059604645
vt 0 0.4000000059604645
vt 0 0.4124999940395355
vt 1 0.4124999940395355
vt 1 0.4124999940395355
vt 1 0.4124999940395355
vt 1 0.4124999940395355
vt 0 0.4124999940395355
vt 0 0.4124999940395355
vt 0 0.4124999940395355
vt 0 0.42500001192092896
vt 1 0.42500001192092896
vt 1 0.42500001192092896
vt 1 0.42500001192092896
vt 1 0.42500001192092896
vt 0 0.42500001192092896
vt 0 0.42500001192092896
vt 0 0.42500001192092896
vt 0 0.4375
vt 1 0.4375
vt 1 0.4375
vt 1 0.4375
vt 1 0.4375
vt 0 0.4375
vt 0 0.4375
vt 0 0.4375
vt 0 0.44999998807907104
vt 1 0.44999998807907104
vt 1 0.44999998807907104
vt 1 0.44999998807907104
vt 1 0.44999998807907104
vt 0 0.44999998807907104
vt 0 0.44999998807907104
vt 0 0.44999998807907104
vt 0 0.4625000059604645
vt 1 0.4625000059604645
vt 1 0.4625000059604645
vt 1 0.4625000059604645
vt 1 0.4625000059604645
vt 0 0.4625000059604645
vt 0 0.4625000059604645
vt 0 0.4625000059604645
vt 0 0.4749999940395355
vt 1 0.4749999940395355
vt 1 0.4749999940395355
vt 1 0.4749999940395355
vt 1 0.4749999940395355
vt 0 0.4749999940395355
vt 0 0.4749999940395355
vt 0 0.4749999940395355
vt 0 0.48750001192092896
vt 1 0.48750001192092896
vt 1 0.48750001192092896
vt 1 0.48750001192092896
vt 1 0.48750001192092896
vt 0 0.48750001192092896
vt 0 0.48750001192092896
vt 0 0.48750001192092896
vt 0 0.5
vt 1 0.5
vt 1 0.5
vt 1 0.5
vt 1 0.5
vt 0 0.5
vt 0 0.5
vt 0 0.5
vt 0 0.512499988079071
vt 1 0.512499988079071
vt 1 0.512499988079071
vt 1 0.512499988079071
vt 1 0.512499988079071
vt 0 0.512499988079071
vt 0 0.512499988079071
vt 0 0.512499988079071
vt 0 0.5249999761581421
vt 1 0.5249999761581421
vt 1 0.5249999761581421
vt 1 0.5249999761581421
vt 1 0.5249999761581421
vt 0 0.5249999761581421
vt 0 0.5249999761581421
vt 0 0.5249999761581421
vt 0 0.5375000238418579
vt 1 0.5375000238418579
vt 1 0.5375000238418579
vt 1 0.5375000238418579
vt 1 0.5375000238418579
vt 0 0.5375000238418579
vt 0 0.5375000238418579
vt 0 0.5375000238418579
vt 0 0.550000011920929
vt 1 0.550000011920929
vt 1 0.550000011920929
vt 1 0.550000011920929
vt 1 0.550000011920929
vt 0 0.550000011920929
vt 0 0.550000011920929
vt 0 0.550000011920929
vt 0 0.5625
vt 1 0.5625
vt 1 0.5625
vt 1 0.5625
vt 1 0.5625
vt 0 0.5625
vt 0 0.5625
vt 0 0.5625
vt 0 0.574999988079071
vt 1 0.574999988079071
vt 1 0.574999988079071
vt 1 0.574999988079071
vt 1 0.574999988079071
vt 0 0.574999988079071
vt 0 0.574999988079071
vt 0 0.574999988079071
vt 0 0.5874999761581421
vt 1 0.5874999761581421
vt 1 0.5874999761581421
vt 1 0.5874999761581421
vt 1 0.5874999761581421
vt 0 0.5874999761581421
vt 0 0.5874999761581421
vt 0 0.5874999761581421
vt 0 0.6000000238418579
vt 1 0.6000000238418579
vt 1 0.6000000238418579
vt 1 0.6000000238418579
vt 1 0.6000000238418579
vt 0 0.6000000238418579
vt 0 0.6000000238418579
vt 0 0.6000000238418579
vt 0 0.612500011920929
vt 1 0.612500011920929
vt 1 0.612500011920929
vt 1 0.612500011920929
vt 1 0.612500011920929
vt 0 0.612500011920929
vt 0 0.612500011920929
vt 0 0.612500011920929
vt 0 0.625
vt 1 0.625
vt 1 0.625
vt 1 0.625
vt 1 0.625
vt 0 0.625
vt 0 0.625
vt 0 0.625
vt 0 0.637499988079071
vt 1 0.637499988079071
vt 1 0.637499988079071
vt 1 0.637499988079071
vt 1 0.637499988079071
vt 0 0.637499988079071
vt 0 0.637499988079071
vt 0 0.637499988079071
vt 0 0.6499999761581421
vt 1 0.6499999761581421
vt 1 0.6499999761581421
vt 1 0.6499999761581421
vt 1 0.6499999761581421
vt 0 0.6499999761581421
vt 0 0.6499999761581421
vt 0 0.6499999761581421
vt 0 0.6625000238418579
vt 1 0.6625000238418579
vt 1 0.6625000238418579
vt 1 0.6625000238418579
vt 1 0.6625000238418579
vt 0 0.6625000238418579
vt 0 0.6625000238418579
vt 0 0.6625000238418579
vt 0 0.675000011920929
vt 1 0.675000011920929
vt 1 0.675000011920929
vt 1 0.675000011920929
vt 1 0.675000011920929
vt 0 0.675000011920929
vt 0 0.675000011920929
vt 0 0.675000011920929
vt 0 0.6875
vt 1 0.6875
vt 1 0.6875
vt 1 0.6875
vt 1 0.6875
vt 0 0.6875
vt 0 0.6875
vt 0 0.6875
vt 0 0.699999988079071
vt 1 0.699999988079071
vt 1 0.699999988079071
vt 1 0.699999988079071
vt 1 0.699999988079071
vt 0 0.699999988079071
vt 0 0.699999988079071
vt 0 0.699999988079071
vt 0 0.7124999761581421
vt 1 0.7124999761581421
vt 1 0.7124999761581421
vt 1 0.7124999761581421
vt 1 0.7124999761581421
vt 0 0.7124999761581421
vt 0 0.7124999761581421
vt 0 0.7124999761581421
vt 0 0.7250000238418579
vt 1 0.7250000238418579
vt 1 0.7250000238418579
vt 1 0.7250000238418579
vt 1 0.7250000238418579
vt 0 0.7250000238418579
vt 0 0.7250000238418579
vt 0 0.7250000238418579
vt 0 0.737500011920929
vt 1 0.737500011920929
vt 1 0.737500011920929
vt 1 0.737500011920929
vt 1 0.737500011920929
vt 0 0.737500011920929
vt 0 0.737500011920929
vt 0 0.737500011920929
vt 0 0.75
vt 1 0.75
vt 1 0.75
vt 1 0.75
vt 1 0.75
vt 0 0.75
vt 0 0.75
vt 0 0.75
vt 0 0.762499988079071
vt 1 0.762499988079071
vt 1 0.762499988079071
vt 1 0.762499988079071
vt 1 0.762499988079071
vt 0 0.762499988079071
vt 0 0.762499988079071
vt 0 0.762499988079071
vt 0 0.7749999761581421
vt 1 0.7749999761581421
vt 1 0.7749999761581421
vt 1 0.7749999761581421
vt 1 0.7749999761581421
vt 0 0.7749999761581421
vt 0 0.7749999761581421
vt 0 0.7749999761581421
vt 0 0.7875000238418579
vt 1 0.7875000238418579
vt 1 0.7875000238418579
vt 1 0.7875000238418579
vt 1 0.7875000238418579
vt 0 0.7875000238418579
vt 0 0.7875000238418579
vt 0 0.7875000238418579
vt 0 0.800000011920929
vt 1 0.800000011920929
vt 1 0.800000011920929
vt 1 0.800000011920929
vt 1 0.800000011920929
vt 0 0.800000011920929
vt 0 0.800000011920929
vt 0 0.800000011920929
vt 0 0.8125
vt 1 0.8125
vt 1 0.8125
vt 1 0.8125
vt 1 0.8125
vt 0 0.8125
vt 0 0.8125
vt 0 0.8125
vt 0 0.824999988079071
vt 1 0.824999988079071
vt 1 0.824999988079071
vt 1 0.824999988079071
vt 1 0.824999988079071
vt 0 0.824999988079071
vt 0 0.824999988079071
vt 0 0.824999988079071
vt 0 0.8374999761581421
vt 1 0.8374999761581421
vt 1 0.8374999761581421
vt 1 0.8374999761581421
vt 1 0.8374999761581421
vt 0 0.8374999761581421
vt 0 0.8374999761581421
vt 0 0.8374999761581421
vt 0 0.8500000238418579
vt 1 0.8500000238418579
vt 1 0.8500000238418579
vt 1 0.8500000238418579
vt 1 0.8500000238418579
vt 0 0.8500000238418579
vt 0 0.8500000238418579
vt 0 0.8500000238418579
vt 0 0.862500011920929
vt 1 0.862500011920929
vt 1 0.862500011920929
vt 1 0.862500011920929
vt 1 0.862500011920929
vt 0 0.862500011920929
vt 0 0.862500011920929
vt 0 0.862500011920929
vt 0 0.875
vt 1 0.875
vt 1 0.875
vt 1 0.875
vt 1 0.875
vt 0 0.875
vt 0 0.875
vt 0 0.875
vt 0 0.887499988079071
vt 1 0.887499988079071
vt 1 0.887499988079071
vt 1 0.887499988079071
vt 1 0.887499988079071
vt 0 0.887499988079071
vt 0 0.887499988079071
vt 0 0.887499988079071
vt 0 0.8999999761581421
vt 1 0.8999999761581421
vt 1 0.8999999761581421
vt 1 0.8999999761581421
vt 1 0.8999999761581421
vt 0 0.8999999761581421
vt 0 0.8999999761581421
vt 0 0.8999999761581421
vt 0 0.9125000238418579
vt 1 0.9125000238418579
vt 1 0.9125000238418579
vt 1 0.9125000238418579
vt 1 0.9125000238418579
vt 0 0.9125000238418579
vt 0 0.9125000238418579
vt 0 0.9125000238418579
vt 0 0.925000011920929
vt 1 0.925000011920929
vt 1 0.925000011920929
vt 1 0.925000011920929
vt 1 0.925000011920929
vt 0 0.925000011920929
vt 0 0.925000011920929
vt 0 0.925000011920929
vt 0 0.9375
vt 1 0.9375
vt 1 0.9375
vt 1 0.9375
vt 1 0.9375
vt 0 0.9375
vt 0 0.9375
vt 0 0.9375
vt 0 0.949999988079071
vt 1 0.949999988079071
vt 0 0.949999988079071
vt 1 0.949999988079071
vt 1 0.949999988079071
vt 1 0.949999988079071
vt 0 0.949999988079071
vt 0 0.949999988079071
vt 0 0.949999988079071
vt 0 0.9624999761581421
vt 1 0.9624999761581421
vt 0 0.9624999761581421
vt 1 0.9624999761581421
vt 1 0.9624999761581421
vt 1 0.9624999761581421
vt 0 0.9624999761581421
vt 0 0.9624999761581421
vt 0 0.9624999761581421
vt 0 0.9750000238418579
vt 1 0.9750000238418579
vt 1 0.9750000238418579
vt 1 0.9750000238418579
vt 1 0.9750000238418579
vt 0 0.9750000238418579
vt 0 0.9750000238418579
vt 0 0.9750000238418579
vt 0 0.987500011920929
vt 1 0.987500011920929
vt 1 0.987500011920929
vt 1 0.987500011920929
vt 1 0.987500011920929
vt 0 0.987500011920929
vt 0 0.987500011920929
vt 0 0.987500011920929
vt 0 1
vt 1 1
vt 1 1
vt 1 1
vt 1 1
vt 0 1
vt 0 1
vt 0 1
vt 0 0
vt 1 0
vt 1 0
vt 0 0
vt 0 1
vt 1 1
vt 1 1
vt 0 1
vn -0.9831717610359192 -4.8853969758511084e-8 -0.18268346786499023
vn -0.9975028038024902 -8.457472233658336e-8 -0.07062705606222153
vn -0.9831717610359192 -4.8853969758511084e-8 -0.18268346786499023
vn -0.9831717610359192 -4.8853969758511084e-8 -0.18268346786499023
vn -0.08725970983505249 -0.8020358085632324 0.5908674001693726
vn -0.08725970983505249 -0.8020358085632324 0.5908674001693726
vn -0.18165752291679382 -0.8059447407722473 0.5634302496910095
vn -0.18165752291679382 -0.8059447407722473 0.5634302496910095
vn 0.990298330783844 0.08713587373495102 0.1082429364323616
vn 0.9865469336509705 0.00799957662820816 0.16328254342079163
vn 0.9865469336509705 0.00799957662820816 0.16328254342079163
vn 0.9865469336509705 0.00799957662820816 0.16328254342079163
vn 0.00611532898619771 0.806363046169281 -0.5913891792297363
vn 0.00611532898619771 0.806363046169281 -0.5913891792297363
vn 0.00611532898619771 0.806363046169281 -0.5913891792297363
vn 0.00611532898619771 0.806363046169281 -0.5913891792297363
vn -0.9553290009498596 0.004846656229346991 -0.29550468921661377
vn -0.9831717610359192 -4.8853969758511084e-8 -0.18268346786499023
vn -0.18165752291679382 -0.8059447407722473 0.5634302496910095
vn -0.18165752291679382 -0.8059447407722473 0.5634302496910095
vn 0.9865469336509705 0.00799957662820816 0.16328254342079163
vn 0.9339694976806641 -0.02933611162006855 0.3561464846134186
vn 0.14852392673492432 0.8059414625167847 -0.5730611085891724
vn 0.14852392673492432 0.8059414625167847 -0.5730611085891724
vn -0.9553290009498596 0.004846656229346991 -0.29550468921661377
vn -0.8881102204322815 -0.004834586288779974 -0.4596051573753357
vn -0.3267202377319336 -0.8071958422660828 0.4916185140609741
vn -0.3267202377319336 -0.8071958422660828 0.4916185140609741
vn 0.8847945332527161 0.02933613583445549 0.46505701541900635
vn 0.9339694976806641 -0.02933611162006855 0.3561464846134186
vn 0.14852392673492432 0.8059414625167847 -0.5730611085891724
vn 0.14852392673492432 0.8059414625167847 -0.5730611085891724
vn -0.8717342615127563 0.004834617953747511 -0.4899551272392273
vn -0.8144910931587219 -0.00483460258692503 -0.5801559090614319
vn -0.34631580114364624 -0.8020527958869934 0.4865970313549042
vn -0.3267202377319336 -0.8071958422660828 0.4916185140609741
vn 0.8847945332527161 0.02933613583445549 0.46505701541900635
vn 0.7975233197212219 -0.029336169362068176 0.6025744080543518
vn 0.2819094955921173 0.806361973285675 -0.5199109315872192
vn 0.2819094955921173 0.806361973285675 -0.5199109315872192
vn -0.7166788578033447 -0.0016199267702177167 -0.6974014639854431
vn -0.7166788578033447 -0.0016199267702177167 -0.6974014639854431
vn -0.44167762994766235 -0.8044599890708923 0.39719635248184204
vn -0.44167762994766235 -0.8044599890708923 0.39719635248184204
vn 0.7670955657958984 0.029262598603963852 0.6408651471138
vn 0.7975233197212219 -0.029336169362068176 0.6025744080543518
vn 0.2819094955921173 0.806361973285675 -0.5199109315872192
vn 0.3632548749446869 0.8020528554916382 -0.47408556938171387
vn -0.6482716202735901 0.004846700932830572 -0.7613937258720398
vn -0.7166788578033447 -0.0016199267702177167 -0.6974014639854431
vn -0.44167762994766235 -0.8044599890708923 0.39719635248184204
vn -0.5154217481613159 -0.8063591122627258 0.29004380106925964
vn 0.6150270104408264 0.029336174950003624 0.7879601120948792
vn 0.5977434515953064 -0.029335787519812584 0.8011505007743835
vn 0.4324636459350586 0.8059414029121399 -0.4042692184448242
vn 0.4324636459350586 0.8059414029121399 -0.4042692184448242
vn -0.6482716202735901 0.004846700932830572 -0.7613937258720398
vn -0.5035871863365173 -0.004834641702473164 -0.863930881023407
vn -0.5154217481613159 -0.8063591122627258 0.29004380106925964
vn -0.5154217481613159 -0.8063591122627258 0.29004380106925964
vn 0.6150270104408264 0.029336174950003624 0.7879601120948792
vn 0.5977434515953064 -0.029335787519812584 0.8011505007743835
vn 0.4324636459350586 0.8059414029121399 -0.4042692184448242
vn 0.4324636459350586 0.8059414029121399 -0.4042692184448242
vn -0.4734983444213867 0.004834543447941542 -0.8807814717292786
vn -0.3768343925476074 -0.004834640305489302 -0.9262680411338806
vn -0.5590106844902039 -0.8052376508712769 0.1977357715368271
vn -0.5590106844902039 -0.8052376508712769 0.1977357715368271
vn 0.43540823459625244 0.029262728989124298 0.8997573852539062
vn 0.4157359302043915 -0.029263144358992577 0.9090144634246826
vn 0.5086852312088013 0.8052376508712769 -0.3046828806400299
vn 0.5086852312088013 0.8052376508712769 -0.3046828806400299
vn -0.09670809656381607 -0.002954003168269992 -0.9953083992004395
vn -0.09670809656381607 -0.002954003168269992 -0.9953083992004395
vn -0.5880857706069946 -0.8087599873542786 -0.007904118858277798
vn -0.5880857706069946 -0.8087599873542786 -0.007904118858277798
vn 0.1351664811372757 0.017790962010622025 0.9906631708145142
vn 0.1351664811372757 0.017790962010622025 0.9906631708145142
vn 0.5465485453605652 0.8052311539649963 -0.22997276484966278
vn 0.5465485453605652 0.8052311539649963 -0.22997276484966278
vn 0.06539703160524368 0.0029541482217609882 -0.9978549480438232
vn -0.09670809656381607 -0.002954003168269992 -0.9953083992004395
vn -0.5880857706069946 -0.8087599873542786 -0.007904118858277798
vn -0.5880857706069946 -0.8087599873542786 -0.007904118858277798
vn 0.1351664811372757 0.017790962010622025 0.9906631708145142
vn -0.10398240387439728 -0.01779090240597725 0.9944199919700623
vn 0.5875451564788818 0.8087615370750427 -0.02637229487299919
vn 0.5875451564788818 0.8087615370750427 -0.02637229487299919
vn 0.06539703160524368 0.0029541482217609882 -0.9978549480438232
vn -0.09670809656381607 -0.002954003168269992 -0.9953083992004395
vn -0.5880857706069946 -0.8087599873542786 -0.007904118858277798
vn -0.5880857706069946 -0.8087599873542786 -0.007904118858277798
vn 0.1351664811372757 0.017790962010622025 0.9906631708145142
vn -0.10398240387439728 -0.01779090240597725 0.9944199919700623
vn 0.5875451564788818 0.8087615370750427 -0.02637229487299919
vn 0.5875451564788818 0.8087615370750427 -0.02637229487299919
vn 0.06539703160524368 0.0029541482217609882 -0.9978549480438232
vn -0.09670809656381607 -0.002954003168269992 -0.9953083992004395
vn -0.5880857706069946 -0.8087599873542786 -0.007904118858277798
vn -0.5880857706069946 -0.8087599873542786 -0.007904118858277798
vn 0.1351664811372757 0.017790962010622025 0.9906631708145142
vn -0.10398240387439728 -0.01779090240597725 0.9944199919700623
vn 0.5875451564788818 0.8087615370750427 -0.02637229487299919
vn 0.5875451564788818 0.8087615370750427 -0.02637229487299919
vn 0.06539703160524368 0.0029541482217609882 -0.9978549480438232
vn 0.06539703160524368 0.0029541482217609882 -0.9978549480438232
vn -0.5534942746162415 -0.8052377104759216 -0.21268831193447113
vn -0.5534942746162415 -0.8052377104759216 -0.21268831193447113
vn -0.10398240387439728 -0.01779090240597725 0.9944199919700623
vn -0.10398240387439728 -0.01779090240597725 0.9944199919700623
vn 0.5875451564788818 0.8087615370750427 -0.02637229487299919
vn 0.5875451564788818 0.8087615370750427 -0.02637229487299919
vn 0.3475538194179535 0.004834574181586504 -0.9376475811004639
vn 0.4455987513065338 -0.004834642633795738 -0.8952197432518005
vn -0.4966872036457062 -0.8071972727775574 -0.3189582824707031
vn -0.4966872036457062 -0.8071972727775574 -0.3189582824707031
vn -0.4511016607284546 0.02933589369058609 0.8919903039932251
vn -0.4069308638572693 -0.029263116419315338 0.9129900932312012
vn 0.5649455785751343 0.8052377104759216 0.1800798624753952
vn 0.5649455785751343 0.8052377104759216 0.1800798624753952
vn 0.4762021005153656 0.00483453506603837 -0.8793225884437561
vn 0.5672908425331116 -0.0048346323892474174 -0.823503315448761
vn -0.49198102951049805 -0.80204838514328 -0.3386341333389282
vn -0.4966872036457062 -0.8071972727775574 -0.3189582824707031
vn -0.4511016607284546 0.02933589369058609 0.8919903039932251
vn -0.5899733304977417 -0.029335930943489075 0.8068896532058716
vn 0.5242818593978882 0.8063561916351318 0.2737119793891907
vn 0.5242818593978882 0.8063561916351318 0.2737119793891907
vn 0.6902511715888977 -4.660710217763153e-8 -0.7235698103904724
vn 0.6902511715888977 -4.660710217763153e-8 -0.7235698103904724
vn -0.4040822386741638 -0.8044629693031311 -0.43538129329681396
vn -0.4040822386741638 -0.8044629693031311 -0.43538129329681396
vn -0.6902512311935425 -3.295158279570387e-8 0.7235698103904724
vn -0.5899733304977417 -0.029335930943489075 0.8068896532058716
vn 0.5242818593978882 0.8063561916351318 0.2737119793891907
vn 0.45393285155296326 0.8044629096984863 0.3831244707107544
vn 0.6902511715888977 -4.660710217763153e-8 -0.7235698103904724
vn 0.6902511715888977 -4.660710217763153e-8 -0.7235698103904724
vn -0.4040822386741638 -0.8044629693031311 -0.43538129329681396
vn -0.2981052100658417 -0.8063561916351318 -0.5108062028884888
vn -0.7782022953033447 0.02933591417968273 0.627328097820282
vn -0.6902512311935425 -3.295158279570387e-8 0.7235698103904724
vn 0.45393285155296326 0.8044629096984863 0.3831244707107544
vn 0.45393285155296326 0.8044629096984863 0.3831244707107544
vn 0.795866072177887 0.004834460094571114 -0.605453372001648
vn 0.8559142351150513 -0.004834687802940607 -0.5170952677726746
vn -0.2981052100658417 -0.8063561916351318 -0.5108062028884888
vn -0.2981052100658417 -0.8063561916351318 -0.5108062028884888
vn -0.7782022953033447 0.02933591417968273 0.627328097820282
vn -0.8327879905700684 -0.029262525960803032 0.5528181791305542
vn 0.38051414489746094 0.8052310943603516 0.4547656774520874
vn 0.38051414489746094 0.8052310943603516 0.4547656774520874
vn 0.873235285282135 0.004834608640521765 -0.4872748553752899
vn 0.9202346205711365 -0.00483456626534462 -0.39133724570274353
vn -0.20649251341819763 -0.8052377104759216 -0.555835485458374
vn -0.20649251341819763 -0.8052377104759216 -0.555835485458374
vn -0.8928075432777405 0.02926325984299183 0.44948673248291016
vn -0.9304839372634888 -0.02933615632355213 0.3651562035083771
vn 0.2959997057914734 0.8063620328903198 0.5120199918746948
vn 0.2959997057914734 0.8063620328903198 0.5120199918746948
vn 0.9913285374641418 -0.001637635170482099 -0.1313965767621994
vn 0.9913285374641418 -0.001637635170482099 -0.1313965767621994
vn -0.0013340982841327786 -0.8087615370750427 -0.5881351828575134
vn -0.0013340982841327786 -0.8087615370750427 -0.5881351828575134
vn -0.9923058748245239 0.0177425816655159 0.12253282219171524
vn -0.9304839372634888 -0.02933615632355213 0.3651562035083771
vn 0.2959997057914734 0.8063620328903198 0.5120199918746948
vn 0.17798177897930145 0.8044571280479431 0.5667197108268738
vn 0.9913285374641418 -0.001637635170482099 -0.1313965767621994
vn 0.9913285374641418 -0.001637635170482099 -0.1313965767621994
vn -0.0013340982841327786 -0.8087615370750427 -0.5881351828575134
vn -0.0013340982841327786 -0.8087615370750427 -0.5881351828575134
vn -0.9923058748245239 0.0177425816655159 0.12253282219171524
vn -0.9923058748245239 0.0177425816655159 0.12253282219171524
vn 0.17798177897930145 0.8044571280479431 0.5667197108268738
vn 0.17798177897930145 0.8044571280479431 0.5667197108268738
vn 0.986743688583374 0.0029374093282967806 0.16225986182689667
vn 0.9913285374641418 -0.001637635170482099 -0.1313965767621994
vn -0.0013340982841327786 -0.8087615370750427 -0.5881351828575134
vn -0.0013340982841327786 -0.8087615370750427 -0.5881351828575134
vn -0.9923058748245239 0.0177425816655159 0.12253282219171524
vn -0.979633092880249 -0.017742587253451347 -0.2000105232000351
vn -0.04747459292411804 0.8087615370750427 0.5862175226211548
vn -0.04747459292411804 0.8087615370750427 0.5862175226211548
vn 0.986743688583374 0.0029374093282967806 0.16225986182689667
vn 0.9913285374641418 -0.001637635170482099 -0.1313965767621994
vn -0.0013340982841327786 -0.8087615370750427 -0.5881351828575134
vn -0.0013340982841327786 -0.8087615370750427 -0.5881351828575134
vn -0.9923058748245239 0.0177425816655159 0.12253282219171524
vn -0.979633092880249 -0.017742587253451347 -0.2000105232000351
vn -0.04747459292411804 0.8087615370750427 0.5862175226211548
vn -0.04747459292411804 0.8087615370750427 0.5862175226211548
vn 0.986743688583374 0.0029374093282967806 0.16225986182689667
vn 0.986743688583374 0.0029374093282967806 0.16225986182689667
vn 0.20397168397903442 -0.8052311539649963 -0.556774914264679
vn 0.20397168397903442 -0.8052311539649963 -0.556774914264679
vn -0.979633092880249 -0.017742587253451347 -0.2000105232000351
vn -0.979633092880249 -0.017742587253451347 -0.2000105232000351
vn -0.04747459292411804 0.8087615370750427 0.5862175226211548
vn -0.04747459292411804 0.8087615370750427 0.5862175226211548
vn 0.986743688583374 0.0029374093282967806 0.16225986182689667
vn 0.9021084308624268 -0.004834588151425123 0.43148231506347656
vn 0.31111541390419006 -0.8071987628936768 -0.5016346573829651
vn 0.31111541390419006 -0.8071987628936768 -0.5016346573829651
vn -0.8989657163619995 0.02933609113097191 -0.437035471200943
vn -0.979633092880249 -0.017742587253451347 -0.2000105232000351
vn -0.04747459292411804 0.8087615370750427 0.5862175226211548
vn -0.04747459292411804 0.8087615370750427 0.5862175226211548
vn 0.851826548576355 0.004846674390137196 0.5238015651702881
vn 0.7910863161087036 -0.004846702795475721 0.6116853356361389
vn 0.3874996304512024 -0.8052947521209717 -0.44871410727500916
vn 0.31111541390419006 -0.8071987628936768 -0.5016346573829651
vn -0.8989657163619995 0.02933609113097191 -0.437035471200943
vn -0.8160571455955505 -0.029336152598261833 -0.5772262811660767
vn -0.2863721549510956 0.8059414625167847 0.5181210041046143
vn -0.2863721549510956 0.8059414625167847 0.5181210041046143
vn 0.851826548576355 0.004846674390137196 0.5238015651702881
vn 0.7910863161087036 -0.004846702795475721 0.6116853356361389
vn 0.3874996304512024 -0.8052947521209717 -0.44871410727500916
vn 0.3874996304512024 -0.8052947521209717 -0.44871410727500916
vn -0.7868470549583435 0.029262719675898552 -0.6164538860321045
vn -0.8160571455955505 -0.029336152598261833 -0.5772262811660767
vn -0.2863721549510956 0.8059414625167847 0.5181210041046143
vn -0.2863721549510956 0.8059414625167847 0.5181210041046143
vn 0.6628746390342712 0.0016145416302606463 0.7487286329269409
vn 0.6628746390342712 0.0016145416302606463 0.7487286329269409
vn 0.4564476013183594 -0.8020528554916382 -0.3851841390132904
vn 0.5060539245605469 -0.8063620328903198 -0.3060877025127411
vn -0.6394739747047424 0.029336122795939445 -0.7682528495788574
vn -0.6226135492324829 -0.029336126521229744 -0.7819793820381165
vn -0.41954922676086426 0.8059447407722473 0.4176499843597412
vn -0.41954922676086426 0.8059447407722473 0.4176499843597412
vn 0.6628746390342712 0.0016145416302606463 0.7487286329269409
vn 0.5304754972457886 -0.004834696650505066 0.8476864695549011
vn 0.5060539245605469 -0.8063620328903198 -0.3060877025127411
vn 0.5060539245605469 -0.8063620328903198 -0.3060877025127411
vn -0.6394739747047424 0.029336122795939445 -0.7682528495788574
vn -0.6226135492324829 -0.029336126521229744 -0.7819793820381165
vn -0.41954922676086426 0.8059447407722473 0.4176499843597412
vn -0.41954922676086426 0.8059447407722473 0.4176499843597412
vn 0.4385540783405304 0.004846618045121431 0.898691713809967
vn 0.34017884731292725 -0.004846769385039806 0.9403482675552368
vn 0.5654284954071045 -0.8059414625167847 -0.17535395920276642
vn 0.5654284954071045 -0.8059414625167847 -0.17535395920276642
vn -0.3997471034526825 0.02933605946600437 -0.9161558747291565
vn -0.3797262907028198 -0.02933591417968273 -0.9246336221694946
vn -0.5194147825241089 0.8059414625167847 0.28401875495910645
vn -0.5194147825241089 0.8059414625167847 0.28401875495910645
vn 0.4385540783405304 0.004846618045121431 0.898691713809967
vn 0.34017884731292725 -0.004846769385039806 0.9403482675552368
vn 0.5654284954071045 -0.8059414625167847 -0.17535395920276642
vn 0.5654284954071045 -0.8059414625167847 -0.17535395920276642
vn -0.3997471034526825 0.02933605946600437 -0.9161558747291565
vn -0.3797262907028198 -0.02933591417968273 -0.9246336221694946
vn -0.5194147825241089 0.8059414625167847 0.28401875495910645
vn -0.5194147825241089 0.8059414625167847 0.28401875495910645
vn -0.013095417059957981 -0.0029541042167693377 0.9999098777770996
vn -0.013095417059957981 -0.0029541042167693377 0.9999098777770996
vn 0.5836647748947144 -0.8087615370750427 0.07238937169313431
vn 0.5836647748947144 -0.8087615370750427 0.07238937169313431
vn -0.02564057894051075 0.017790911719202995 -0.9995129108428955
vn -0.02564057894051075 0.017790911719202995 -0.9995129108428955
vn -0.5684754848480225 0.8052377104759216 0.16860584914684296
vn -0.5684754848480225 0.8052377104759216 0.16860584914684296
vn -0.11125967651605606 0.0048955464735627174 0.9937793016433716
vn -0.013095417059957981 -0.0029541042167693377 0.9999098777770996
vn 0.5836647748947144 -0.8087615370750427 0.07238937169313431
vn 0.5836647748947144 -0.8087615370750427 0.07238937169313431
vn -0.02564057894051075 0.017790911719202995 -0.9995129108428955
vn 0.17482832074165344 -0.029631370678544044 -0.9841529726982117
vn -0.5868930220603943 0.8087599277496338 -0.038260865956544876
vn -0.5868930220603943 0.8087599277496338 -0.038260865956544876
vn -0.11125967651605606 0.0048955464735627174 0.9937793016433716
vn -0.013095417059957981 -0.0029541042167693377 0.9999098777770996
vn 0.5836647748947144 -0.8087615370750427 0.07238937169313431
vn 0.5836647748947144 -0.8087615370750427 0.07238937169313431
vn -0.02564057894051075 0.017790911719202995 -0.9995129108428955
vn 0.17482832074165344 -0.029631370678544044 -0.9841529726982117
vn -0.5868930220603943 0.8087599277496338 -0.038260865956544876
vn -0.5868930220603943 0.8087599277496338 -0.038260865956544876
vn -0.11125967651605606 0.0048955464735627174 0.9937793016433716
vn -0.013095417059957981 -0.0029541042167693377 0.9999098777770996
vn 0.5836647748947144 -0.8087615370750427 0.07238937169313431
vn 0.5836647748947144 -0.8087615370750427 0.07238937169313431
vn -0.02564057894051075 0.017790911719202995 -0.9995129108428955
vn 0.17482832074165344 -0.029631370678544044 -0.9841529726982117
vn -0.5868930220603943 0.8087599277496338 -0.038260865956544876
vn -0.5868930220603943 0.8087599277496338 -0.038260865956544876
vn -0.11125967651605606 0.0048955464735627174 0.9937793016433716
vn -0.41725921630859375 -0.004834574181586504 0.9087746739387512
vn 0.5064632892608643 -0.8071958422660828 0.3031993806362152
vn 0.5064632892608643 -0.8071958422660828 0.3031993806362152
vn 0.42286112904548645 0.029336100444197655 -0.905719518661499
vn 0.17482832074165344 -0.029631370678544044 -0.9841529726982117
vn -0.5868930220603943 0.8087599277496338 -0.038260865956544876
vn -0.5868930220603943 0.8087599277496338 -0.038260865956544876
vn -0.4483467936515808 0.004834659863263369 0.8938466310501099
vn -0.6542314291000366 -0.00486702099442482 0.7562787532806396
vn 0.4394782483577728 -0.8051495552062988 0.3982374966144562
vn 0.5064632892608643 -0.8071958422660828 0.3031993806362152
vn 0.42286112904548645 0.029336100444197655 -0.905719518661499
vn 0.5643369555473328 -0.029336102306842804 -0.8250231742858887
vn -0.5187838673591614 0.8071987628936768 -0.28159084916114807
vn -0.5337504148483276 0.8020572066307068 -0.26798272132873535
vn -0.5698182582855225 0.004834501538425684 0.8217565417289734
vn -0.6542314291000366 -0.00486702099442482 0.7562787532806396
vn 0.4394782483577728 -0.8051495552062988 0.3982374966144562
vn 0.4394782483577728 -0.8051495552062988 0.3982374966144562
vn 0.60401850938797 0.02926272340118885 -0.7964329123497009
vn 0.5643369555473328 -0.029336102306842804 -0.8250231742858887
vn -0.5187838673591614 0.8071987628936768 -0.28159084916114807
vn -0.5187838673591614 0.8071987628936768 -0.28159084916114807
vn -0.7300106883049011 0.00484665809199214 0.6834185719490051
vn -0.6542314291000366 -0.00486702099442482 0.7562787532806396
vn 0.4394782483577728 -0.8051495552062988 0.3982374966144562
vn 0.34370291233062744 -0.8077669143676758 0.4789372682571411
vn 0.7102109789848328 0.029262742027640343 -0.7033804655075073
vn 0.7721035480499268 -0.029335884377360344 -0.6348192691802979
vn -0.4241922199726105 0.8059414625167847 -0.4129398763179779
vn -0.4241922199726105 0.8059414625167847 -0.4129398763179779
vn -0.7300106883049011 0.00484665809199214 0.6834185719490051
vn -0.8392494916915894 -0.004834622144699097 0.5437250137329102
vn 0.2989821135997772 -0.8052377104759216 0.5120565891265869
vn 0.2989821135997772 -0.8052377104759216 0.5120565891265869
vn 0.8022332191467285 0.029263177886605263 -0.5962931513786316
vn 0.7721035480499268 -0.029335884377360344 -0.6348192691802979
vn -0.4241922199726105 0.8059414625167847 -0.4129398763179779
vn -0.4241922199726105 0.8059414625167847 -0.4129398763179779
vn -0.857498824596405 0.004834489431232214 0.5144632458686829
vn -0.9576202630996704 -0.0048669916577637196 0.28799253702163696
vn 0.14362750947475433 -0.8071187734603882 0.5726521015167236
vn 0.14362750947475433 -0.8071187734603882 0.5726521015167236
vn 0.9367344975471497 0.029458606615662575 -0.3487989604473114
vn 0.9185550212860107 -0.029336120933294296 -0.3942031264305115
vn -0.2871411442756653 0.8071958422660828 -0.5157371759414673
vn -0.3070703148841858 0.8020527958869934 -0.512268602848053
vn -0.9214325547218323 0.004834527615457773 0.38850829005241394
vn -0.9576202630996704 -0.0048669916577637196 0.28799253702163696
vn 0.14362750947475433 -0.8071187734603882 0.5726521015167236
vn 0.14362750947475433 -0.8071187734603882 0.5726521015167236
vn 0.9367344975471497 0.029458606615662575 -0.3487989604473114
vn 0.9185550212860107 -0.029336120933294296 -0.3942031264305115
vn -0.2871411442756653 0.8071958422660828 -0.5157371759414673
vn -0.2871411442756653 0.8071958422660828 -0.5157371759414673
vn -0.9999900460243225 -0.0009837460238486528 -0.004345292691141367
vn -0.9576202630996704 -0.0048669916577637196 0.28799253702163696
vn 0.14362750947475433 -0.8071187734603882 0.5726521015167236
vn 0.14362750947475433 -0.8071187734603882 0.5726521015167236
vn 0.9367344975471497 0.029458606615662575 -0.3487989604473114
vn 0.9999455809593201 0.005909869447350502 -0.008593951351940632
vn -0.13689148426055908 0.8059447407722473 -0.5759459733963013
vn -0.13689148426055908 0.8059447407722473 -0.5759459733963013
vn -0.9999900460243225 -0.0009837460238486528 -0.004345292691141367
vn -0.9999900460243225 -0.0009837460238486528 -0.004345292691141367
vn -0.10475210100412369 -0.8071187734603882 0.5810217261314392
vn -0.10475210100412369 -0.8071187734603882 0.5810217261314392
vn 0.9999455809593201 0.005909869447350502 -0.008593951351940632
vn 0.9999455809593201 0.005909869447350502 -0.008593951351940632
vn -0.13689148426055908 0.8059447407722473 -0.5759459733963013
vn -0.13689148426055908 0.8059447407722473 -0.5759459733963013
vn -0.9719985127449036 0.0048955632373690605 -0.23493598401546478
vn -0.9999900460243225 -0.0009837460238486528 -0.004345292691141367
vn -0.10475210100412369 -0.8071187734603882 0.5810217261314392
vn -0.10475210100412369 -0.8071187734603882 0.5810217261314392
vn 0.9999455809593201 0.005909869447350502 -0.008593951351940632
vn 0.9544808268547058 -0.029631393030285835 0.29679685831069946
vn 0.11151639372110367 0.8087599277496338 -0.5774698257446289
vn 0.11151639372110367 0.8087599277496338 -0.5774698257446289
vn -0.9719985127449036 0.0048955632373690605 -0.23493598401546478
vn -0.9999900460243225 -0.0009837460238486528 -0.004345292691141367
vn -0.10475210100412369 -0.8071187734603882 0.5810217261314392
vn -0.10475210100412369 -0.8071187734603882 0.5810217261314392
vn 0.9999455809593201 0.005909869447350502 -0.008593951351940632
vn 0.9544808268547058 -0.029631393030285835 0.29679685831069946
vn 0.11151639372110367 0.8087599277496338 -0.5774698257446289
vn 0.11151639372110367 0.8087599277496338 -0.5774698257446289
vn -0.9719985127449036 0.0048955632373690605 -0.23493598401546478
vn -0.9152164459228516 -0.004834605380892754 -0.4029335379600525
vn -0.2638334631919861 -0.8052376508712769 0.5310218930244446
vn -0.2638334631919861 -0.8052376508712769 0.5310218930244446
vn 0.9388307929039001 0.029262719675898552 0.3431333303451538
vn 0.9544808268547058 -0.029631393030285835 0.29679685831069946
vn 0.11151639372110367 0.8087599277496338 -0.5774698257446289
vn 0.11151639372110367 0.8087599277496338 -0.5774698257446289
vn -0.9719985127449036 0.0048955632373690605 -0.23493598401546478
vn -0.7664616107940674 -0.004866951610893011 -0.6422716975212097
vn -0.40826305747032166 -0.8066902160644531 0.4272846281528473
vn -0.3567024767398834 -0.807766854763031 0.46933576464653015
vn 0.8811167478561401 0.02926270104944706 0.47199252247810364
vn 0.9544808268547058 -0.029631393030285835 0.29679685831069946
vn 0.11151639372110367 0.8087599277496338 -0.5774698257446289
vn 0.11151639372110367 0.8087599277496338 -0.5774698257446289
vn -0.8306055068969727 0.004834670107811689 -0.5568403005599976
vn -0.7664616107940674 -0.004866951610893011 -0.6422716975212097
vn -0.40826305747032166 -0.8066902160644531 0.4272846281528473
vn -0.40826305747032166 -0.8066902160644531 0.4272846281528473
vn 0.7620367407798767 0.02933608926832676 0.646868884563446
vn 0.7927677035331726 -0.029262725263834 0.6088210344314575
vn 0.30698755383491516 0.8052377104759216 -0.5072976350784302
vn 0.30698755383491516 0.8052377104759216 -0.5072976350784302
vn -0.6422716975212097 0.004866951610893011 -0.7664616107940674
vn -0.7664616107940674 -0.004866951610893011 -0.6422716975212097
vn -0.40826305747032166 -0.8066902160644531 0.4272846281528473
vn -0.40826305747032166 -0.8066902160644531 0.4272846281528473
vn 0.7620367407798767 0.02933608926832676 0.646868884563446
vn 0.646868884563446 -0.02933608740568161 0.7620368003845215
vn 0.4272853136062622 0.8066893219947815 -0.4082641303539276
vn 0.4272853136062622 0.8066893219947815 -0.4082641303539276
vn -0.6422716975212097 0.004866951610893011 -0.7664616107940674
vn -0.5568404197692871 -0.0048345886170864105 -0.8306054472923279
vn -0.5073050260543823 -0.8052311539649963 0.3069925010204315
vn -0.5073050260543823 -0.8052311539649963 0.3069925010204315
vn 0.5424415469169617 1.1193996840574982e-8 0.8400935530662537
vn 0.646868884563446 -0.02933608740568161 0.7620368003845215
vn 0.4272853136062622 0.8066893219947815 -0.4082641303539276
vn 0.4272853136062622 0.8066893219947815 -0.4082641303539276
vn -0.6422716975212097 0.004866951610893011 -0.7664616107940674
vn -0.3029986321926117 -0.0048670279793441296 -0.9529785513877869
vn -0.570325493812561 -0.807118833065033 0.1526041030883789
vn -0.570325493812561 -0.807118833065033 0.1526041030883789
vn 0.36346960067749023 0.029458608478307724 0.9311401844024658
vn 0.5424415469169617 1.1193996840574982e-8 0.8400935530662537
vn 0.46933090686798096 0.8077711462974548 -0.3566991090774536
vn 0.4272853136062622 0.8066893219947815 -0.4082641303539276
vn -0.4029334485530853 0.004834523890167475 -0.9152165055274963
vn -0.3029986321926117 -0.0048670279793441296 -0.9529785513877869
vn -0.570325493812561 -0.807118833065033 0.1526041030883789
vn -0.570325493812561 -0.807118833065033 0.1526041030883789
vn 0.36346960067749023 0.029458608478307724 0.9311401844024658
vn 0.3431338667869568 -0.0292632095515728 0.938830554485321
vn 0.5310221910476685 0.8052377104759216 -0.263832688331604
vn 0.5310221910476685 0.8052377104759216 -0.263832688331604
vn -0.007853967137634754 -4.4923913478100985e-9 -0.9999691843986511
vn -0.3029986321926117 -0.0048670279793441296 -0.9529785513877869
vn -0.570325493812561 -0.807118833065033 0.1526041030883789
vn -0.570325493812561 -0.807118833065033 0.1526041030883789
vn 0.36346960067749023 0.029458608478307724 0.9311401844024658
vn 0.007853923365473747 1.1856231196816225e-7 0.9999691843986511
vn 0.5810216069221497 0.807118833065033 -0.10475250333547592
vn 0.5810216069221497 0.807118833065033 -0.10475250333547592
vn -0.007853967137634754 -4.4923913478100985e-9 -0.9999691843986511
vn -0.007853967137634754 -4.4923913478100985e-9 -0.9999691843986511
vn -0.5825952887535095 -0.807118833065033 -0.09561331570148468
vn -0.5825952887535095 -0.807118833065033 -0.09561331570148468
vn 0.007853923365473747 1.1856231196816225e-7 0.9999691843986511
vn 0.007853923365473747 1.1856231196816225e-7 0.9999691843986511
vn 0.5810216069221497 0.807118833065033 -0.10475250333547592
vn 0.5810216069221497 0.807118833065033 -0.10475250333547592
vn -0.007853967137634754 -4.4923913478100985e-9 -0.9999691843986511
vn -0.007853967137634754 -4.4923913478100985e-9 -0.9999691843986511
vn -0.5825952887535095 -0.807118833065033 -0.09561331570148468
vn -0.5825952887535095 -0.807118833065033 -0.09561331570148468
vn 0.007853923365473747 1.1856231196816225e-7 0.9999691843986511
vn 0.007853923365473747 1.1856231196816225e-7 0.9999691843986511
vn 0.5810216069221497 0.807118833065033 -0.10475250333547592
vn 0.5810216069221497 0.807118833065033 -0.10475250333547592
vn 0.28799253702163696 0.0048669916577637196 -0.9576202630996704
vn -0.007853967137634754 -4.4923913478100985e-9 -0.9999691843986511
vn -0.5825952887535095 -0.807118833065033 -0.09561331570148468
vn -0.5825952887535095 -0.807118833065033 -0.09561331570148468
vn 0.007853923365473747 1.1856231196816225e-7 0.9999691843986511
vn -0.348798930644989 -0.029458604753017426 0.9367344975471497
vn 0.5726521611213684 0.807118833065033 0.1436270922422409
vn 0.5726521611213684 0.807118833065033 0.1436270922422409
vn 0.28799253702163696 0.0048669916577637196 -0.9576202630996704
vn 0.38850829005241394 -0.004834527615457773 -0.9214325547218323
vn -0.5351007580757141 -0.8052377104759216 -0.2554592192173004
vn -0.5351007580757141 -0.8052377104759216 -0.2554592192173004
vn -0.3283449113368988 0.029263166710734367 0.9441044926643372
vn -0.348798930644989 -0.029458604753017426 0.9367344975471497
vn 0.5726521611213684 0.807118833065033 0.1436270922422409
vn 0.5726521611213684 0.807118833065033 0.1436270922422409
vn 0.28799253702163696 0.0048669916577637196 -0.9576202630996704
vn 0.6301533579826355 -0.004866901785135269 -0.7764554619789124
vn -0.4336453080177307 -0.8066893219947815 -0.4015022814273834
vn -0.4748757779598236 -0.8077712059020996 -0.3492831289768219
vn -0.5291789770126343 -5.18886267286689e-10 0.848510205745697
vn -0.348798930644989 -0.029458604753017426 0.9367344975471497
vn 0.5726521611213684 0.807118833065033 0.1436270922422409
vn 0.5726521611213684 0.807118833065033 0.1436270922422409
vn 0.5437250137329102 0.004834622144699097 -0.8392494916915894
vn 0.6301533579826355 -0.004866901785135269 -0.7764554619789124
vn -0.4336453080177307 -0.8066893219947815 -0.4015022814273834
vn -0.4336453080177307 -0.8066893219947815 -0.4015022814273834
vn -0.634819507598877 0.029336130246520042 0.7721033692359924
vn -0.5291789770126343 -5.18886267286689e-10 0.848510205745697
vn 0.5120644569396973 0.8052311539649963 0.2989862561225891
vn 0.5120644569396973 0.8052311539649963 0.2989862561225891
vn 0.7562787532806396 0.00486702099442482 -0.6542314291000366
vn 0.6301533579826355 -0.004866901785135269 -0.7764554619789124
vn -0.4336453080177307 -0.8066893219947815 -0.4015022814273834
vn -0.4336453080177307 -0.8066893219947815 -0.4015022814273834
vn -0.634819507598877 0.029336130246520042 0.7721033692359924
vn -0.7033804655075073 -0.02926274575293064 0.7102109789848328
vn 0.478932648897171 0.8077712059020996 0.34369924664497375
vn 0.39823585748672485 0.8051506280899048 0.43947774171829224
vn 0.7562787532806396 0.00486702099442482 -0.6542314291000366
vn 0.8217566013336182 -0.004834583029150963 -0.5698181390762329
vn -0.3149178922176361 -0.8052376508712769 -0.5024132132530212
vn -0.3149178922176361 -0.8052376508712769 -0.5024132132530212
vn -0.7831069827079773 0.029262639582157135 0.6211981177330017
vn -0.7964324951171875 -0.029263213276863098 0.6040189862251282
vn 0.39823585748672485 0.8051506280899048 0.43947774171829224
vn 0.39823585748672485 0.8051506280899048 0.43947774171829224
vn 0.7562787532806396 0.00486702099442482 -0.6542314291000366
vn 0.9681884050369263 -0.004895556718111038 -0.2501744031906128
vn -0.10709969699382782 -0.8082799315452576 -0.5789759755134583
vn -0.21379762887954712 -0.807766854763031 -0.5493662357330322
vn -0.892585039138794 -0.009783490560948849 0.4507729113101959
vn -0.892585039138794 -0.009783490560948849 0.4507729113101959
vn 0.3031994104385376 0.8071972727775574 0.506460964679718
vn 0.39823585748672485 0.8051506280899048 0.43947774171829224
vn 0.9087746143341064 0.004834655672311783 -0.4172593057155609
vn 0.9681884050369263 -0.004895556718111038 -0.2501744031906128
vn -0.10709969699382782 -0.8082799315452576 -0.5789759755134583
vn -0.10709969699382782 -0.8082799315452576 -0.5789759755134583
vn -0.9693527221679688 0.029458660632371902 0.24390067160129547
vn -0.892585039138794 -0.009783490560948849 0.4507729113101959
vn 0.3031994104385376 0.8071972727775574 0.506460964679718
vn 0.3031994104385376 0.8071972727775574 0.506460964679718
vn 0.9997984766960144 0.0009837662801146507 -0.020051876083016396
vn 0.9681884050369263 -0.004895556718111038 -0.2501744031906128
vn -0.10709969699382782 -0.8082799315452576 -0.5789759755134583
vn -0.10709969699382782 -0.8082799315452576 -0.5789759755134583
vn -0.9693527221679688 0.029458660632371902 0.24390067160129547
vn -0.9999572038650513 -0.00591004453599453 0.0071135638281702995
vn 0.11386554688215256 0.8071187734603882 0.5793046951293945
vn 0.11386554688215256 0.8071187734603882 0.5793046951293945
vn 0.9997984766960144 0.0009837662801146507 -0.020051876083016396
vn 0.9681884050369263 -0.004895556718111038 -0.2501744031906128
vn -0.10709969699382782 -0.8082799315452576 -0.5789759755134583
vn -0.10709969699382782 -0.8082799315452576 -0.5789759755134583
vn -0.9693527221679688 0.029458660632371902 0.24390067160129547
vn -0.9999572038650513 -0.00591004453599453 0.0071135638281702995
vn 0.11386554688215256 0.8071187734603882 0.5793046951293945
vn 0.11386554688215256 0.8071187734603882 0.5793046951293945
vn 0.9997984766960144 0.0009837662801146507 -0.020051876083016396
vn 0.9997984766960144 0.0009837662801146507 -0.020051876083016396
vn 0.1278279572725296 -0.8059447407722473 -0.5780251622200012
vn 0.1278279572725296 -0.8059447407722473 -0.5780251622200012
vn -0.9999572038650513 -0.00591004453599453 0.0071135638281702995
vn -0.9999572038650513 -0.00591004453599453 0.0071135638281702995
vn 0.11386554688215256 0.8071187734603882 0.5793046951293945
vn 0.11386554688215256 0.8071187734603882 0.5793046951293945
vn 0.9620257616043091 0.004867060575634241 0.2729153335094452
vn 0.9997984766960144 0.0009837662801146507 -0.020051876083016396
vn 0.1278279572725296 -0.8059447407722473 -0.5780251622200012
vn 0.1278279572725296 -0.8059447407722473 -0.5780251622200012
vn -0.9999572038650513 -0.00591004453599453 0.0071135638281702995
vn -0.9420976042747498 -0.029458578675985336 -0.33404242992401123
vn -0.13461479544639587 0.8071187734603882 0.5748375058174133
vn -0.13461479544639587 0.8071187734603882 0.5748375058174133
vn 0.9620257616043091 0.004867060575634241 0.2729153335094452
vn 0.8986917734146118 -0.004846577532589436 0.4385540187358856
vn 0.2840178310871124 -0.8059414625167847 -0.5194152593612671
vn 0.2840178310871124 -0.8059414625167847 -0.5194152593612671
vn -0.9246335029602051 0.02933616004884243 -0.3797265589237213
vn -0.9420976042747498 -0.029458578675985336 -0.33404242992401123
vn -0.13461479544639587 0.8071187734603882 0.5748375058174133
vn -0.13461479544639587 0.8071187734603882 0.5748375058174133
vn 0.9620257616043091 0.004867060575634241 0.2729153335094452
vn 0.8986917734146118 -0.004846577532589436 0.4385540187358856
vn 0.2840178310871124 -0.8059414625167847 -0.5194152593612671
vn 0.2840178310871124 -0.8059414625167847 -0.5194152593612671
vn -0.9246335029602051 0.02933616004884243 -0.3797265589237213
vn -0.9420976042747498 -0.029458578675985336 -0.33404242992401123
vn -0.13461479544639587 0.8071187734603882 0.5748375058174133
vn -0.13461479544639587 0.8071187734603882 0.5748375058174133
vn 0.8476864099502563 0.004834615159779787 0.5304756164550781
vn 0.7406553030014038 -0.004846759140491486 0.6718677282333374
vn 0.41765353083610535 -0.8059414625167847 -0.4195520281791687
vn 0.41765353083610535 -0.8059414625167847 -0.4195520281791687
vn -0.7819795608520508 0.029335880652070045 -0.6226133108139038
vn -0.8115004301071167 -0.029263261705636978 -0.583618700504303
vn -0.29090210795402527 0.8052377104759216 0.516689658164978
vn -0.29090210795402527 0.8052377104759216 0.516689658164978
vn 0.6660298109054565 0.0048669371753931046 0.7459092140197754
vn 0.7406553030014038 -0.004846759140491486 0.6718677282333374
vn 0.41765353083610535 -0.8059414625167847 -0.4195520281791687
vn 0.41765353083610535 -0.8059414625167847 -0.4195520281791687
vn -0.7819795608520508 0.029335880652070045 -0.6226133108139038
vn -0.7211715579032898 -0.029262589290738106 -0.6921381950378418
vn -0.3361375331878662 0.8077669143676758 0.4842769205570221
vn -0.4331686794757843 0.805149495601654 0.4050915539264679
vn 0.6660298109054565 0.0048669371753931046 0.7459092140197754
vn 0.5238015055656433 -0.004846715368330479 0.851826548576355
vn 0.5181173086166382 -0.8059447407722473 -0.28636956214904785
vn 0.5181173086166382 -0.8059447407722473 -0.28636956214904785
vn -0.5772262811660767 0.029336154460906982 -0.8160571455955505
vn -0.6164538860321045 -0.02926272340118885 -0.7868470549583435
vn -0.4331686794757843 0.805149495601654 0.4050915539264679
vn -0.4331686794757843 0.805149495601654 0.4050915539264679
vn 0.6660298109054565 0.0048669371753931046 0.7459092140197754
vn 0.5238015055656433 -0.004846715368330479 0.851826548576355
vn 0.5181173086166382 -0.8059447407722473 -0.28636956214904785
vn 0.5181173086166382 -0.8059447407722473 -0.28636956214904785
vn -0.5772262811660767 0.029336154460906982 -0.8160571455955505
vn -0.437035471200943 -0.02933609113097191 -0.8989657163619995
vn -0.5016383528709412 0.8071958422660828 0.3111170828342438
vn -0.4331686794757843 0.805149495601654 0.4050915539264679
vn 0.43148231506347656 0.004834587685763836 0.9021084308624268
vn 0.12685556709766388 -0.00489552179351449 0.9919091463088989
vn 0.5862196683883667 -0.8087599277496338 -0.047474708408117294
vn 0.5862196683883667 -0.8087599277496338 -0.047474708408117294
vn -0.1902652084827423 0.029631376266479492 -0.9812854528427124
vn -0.437035471200943 -0.02933609113097191 -0.8989657163619995
vn -0.5016383528709412 0.8071958422660828 0.3111170828342438
vn -0.5016383528709412 0.8071958422660828 0.3111170828342438
vn 0.05173186957836151 0.03948190435767174 0.997880220413208
vn 0.12685556709766388 -0.00489552179351449 0.9919091463088989
vn 0.006133032031357288 0.0018510266672819853 0.9999794960021973
vn 0.5862196683883667 -0.8087599277496338 -0.047474708408117294
vn 0.5862196683883667 -0.8087599277496338 -0.047474708408117294
vn -0.1902652084827423 0.029631376266479492 -0.9812854528427124
vn 0.009937750175595284 -0.017790893092751503 -0.9997923374176025
vn -0.5824556946754456 0.8087615370750427 0.08154821395874023
vn -0.5824556946754456 0.8087615370750427 0.08154821395874023
vn 0.05173186957836151 0.03948190435767174 0.997880220413208
vn 0.12685556709766388 -0.00489552179351449 0.9919091463088989
vn 0.006133032031357288 0.0018510266672819853 0.9999794960021973
vn 0.5862196683883667 -0.8087599277496338 -0.047474708408117294
vn 0.5862196683883667 -0.8087599277496338 -0.047474708408117294
vn -0.1902652084827423 0.029631376266479492 -0.9812854528427124
vn 0.009937750175595284 -0.017790893092751503 -0.9997923374176025
vn -0.5824556946754456 0.8087615370750427 0.08154821395874023
vn -0.5824556946754456 0.8087615370750427 0.08154821395874023
vn 0.006133032031357288 0.0018510266672819853 0.9999794960021973
vn 0.12685556709766388 -0.00489552179351449 0.9919091463088989
vn 0.5862196683883667 -0.8087599277496338 -0.047474708408117294
vn 0.5862196683883667 -0.8087599277496338 -0.047474708408117294
vn -0.1902652084827423 0.029631376266479492 -0.9812854528427124
vn 0.009937750175595284 -0.017790893092751503 -0.9997923374176025
vn -0.5824556946754456 0.8087615370750427 0.08154821395874023
vn -0.5824556946754456 0.8087615370750427 0.08154821395874023
vn 0.006133032031357288 0.0018510266672819853 0.9999794960021973
vn 0.006133032031357288 0.0018510266672819853 0.9999794960021973
vn 0.5680660605430603 -0.8053114414215088 0.16963034868240356
vn 0.5680660605430603 -0.8053114414215088 0.16963034868240356
vn 0.009937750175595284 -0.017790893092751503 -0.9997923374176025
vn 0.009937750175595284 -0.017790893092751503 -0.9997923374176025
vn -0.5824556946754456 0.8087615370750427 0.08154821395874023
vn -0.5824556946754456 0.8087615370750427 0.08154821395874023
vn -0.24107509851455688 -5.8200228636451357e-8 0.970506489276886
vn 0.006133032031357288 0.0018510266672819853 0.9999794960021973
vn 0.5680660605430603 -0.8053114414215088 0.16963034868240356
vn 0.5330854058265686 -0.8128224015235901 0.23481838405132294
vn 0.24107502400875092 -8.394385275778404e-8 -0.970506489276886
vn 0.20307189226150513 -0.08713739365339279 -0.9752788543701172
vn -0.5888954997062683 0.8020491003990173 -0.09959609806537628
vn -0.5888954997062683 0.8020491003990173 -0.09959609806537628
vn -0.025640206411480904 -0.6192006468772888 -0.7848141193389893
vn 0.027458054944872856 -0.6114484667778015 -0.7908076643943787
vn 0.027458054944872856 -0.6114484667778015 -0.7908076643943787
vn -0.025640206411480904 -0.6192006468772888 -0.7848141193389893
vn 0.754325807094574 0.6192006468772888 0.21813559532165527
vn 0.45817989110946655 0.1775609403848648 0.8709439039230347
vn 0.7492449283599854 0.6155489087104797 0.2444004863500595
vn 0.754325807094574 0.6192006468772888 0.21813559532165527
f 2733/2733/2733 2734/2734/2734 2735/2735/2735
f 2734/2734/2734 2736/2736/2736 2735/2735/2735
f 2737/2737/2737 2738/2738/2738 2739/2739/2739
f 2738/2738/2738 2740/2740/2740 2739/2739/2739
f 2741/2741/2741 2742/2742/2742 2743/2743/2743
f 2742/2742/2742 2744/2744/2744 2743/2743/2743
f 2745/2745/2745 2746/2746/2746 2747/2747/2747
f 2746/2746/2746 2748/2748/2748 2747/2747/2747
f 2735/2735/2735 2736/2736/2736 2749/2749/2749
f 2736/2736/2736 2750/2750/2750 2749/2749/2749
f 2739/2739/2739 2740/2740/2740 2751/2751/2751
f 2740/2740/2740 2752/2752/2752 2751/2751/2751
f 2743/2743/2743 2744/2744/2744 2753/2753/2753
f 2744/2744/2744 2754/2754/2754 2753/2753/2753
f 2747/2747/2747 2748/2748/2748 2755/2755/2755
f 2748/2748/2748 2756/2756/2756 2755/2755/2755
f 2749/2749/2749 2750/2750/2750 2757/2757/2757
f 2750/2750/2750 2758/2758/2758 2757/2757/2757
f 2751/2751/2751 2752/2752/2752 2759/2759/2759
f 2752/2752/2752 2760/2760/2760 2759/2759/2759
f 2753/2753/2753 2754/2754/2754 2761/2761/2761
f 2754/2754/2754 2762/2762/2762 2761/2761/2761
f 2755/2755/2755 2756/2756/2756 2763/2763/2763
f 2756/2756/2756 2764/2764/2764 2763/2763/2763
f 2757/2757/2757 2758/2758/2758 2765/2765/2765
f 2758/2758/2758 2766/2766/2766 2765/2765/2765
f 2759/2759/2759 2760/2760/2760 2767/2767/2767
f 2760/2760/2760 2768/2768/2768 2767/2767/2767
f 2761/2761/2761 2762/2762/2762 2769/2769/2769
f 2762/2762/2762 2770/2770/2770 2769/2769/2769
f 2763/2763/2763 2764/2764/2764 2771/2771/2771
f 2764/2764/2764 2772/2772/2772 2771/2771/2771
f 2765/2765/2765 2766/2766/2766 2773/2773/2773
f 2766/2766/2766 2774/2774/2774 2773/2773/2773
f 2767/2767/2767 2768/2768/2768 2775/2775/2775
f 2768/2768/2768 2776/2776/2776 2775/2775/2775
f 2769/2769/2769 2770/2770/2770 2777/2777/2777
f 2770/2770/2770 2778/2778/2778 2777/2777/2777
f 2771/2771/2771 2772/2772/2772 2779/2779/2779
f 2772/2772/2772 2780/2780/2780 2779/2779/2779
f 2773/2773/2773 2774/2774/2774 2781/2781/2781
f 2774/2774/2774 2782/2782/2782 2781/2781/2781
f 2775/2775/2775 2776/2776/2776 2783/2783/2783
f 2776/2776/2776 2784/2784/2784 2783/2783/2783
f 2777/2777/2777 2778/2778/2778 2785/2785/2785
f 2778/2778/2778 2786/2786/2786 2785/2785/2785
f 2779/2779/2779 2780/2780/2780 2787/2787/2787
f 2780/2780/2780 2788/2788/2788 2787/2787/2787
f 2781/2781/2781 2782/2782/2782 2789/2789/2789
f 2782/2782/2782 2790/2790/2790 2789/2789/2789
f 2783/2783/2783 2784/2784/2784 2791/2791/2791
f 2784/2784/2784 2792/2792/2792 2791/2791/2791
f 2785/2785/2785 2786/2786/2786 2793/2793/2793
f 2786/2786/2786 2794/2794/2794 2793/2793/2793
f 2787/2787/2787 2788/2788/2788 2795/2795/2795
f 2788/2788/2788 2796/2796/2796 2795/2795/2795
f 2789/2789/2789 2790/2790/2790 2797/2797/2797
f 2790/2790/2790 2798/2798/2798 2797/2797/2797
f 2791/2791/2791 2792/2792/2792 2799/2799/2799
f 2792/2792/2792 2800/2800/2800 2799/2799/2799
f 2793/2793/2793 2794/2794/2794 2801/2801/2801
f 2794/2794/2794 2802/2802/2802 2801/2801/2801
f 2795/2795/2795 2796/2796/2796 2803/2803/2803
f 2796/2796/2796 2804/2804/2804 2803/2803/2803
f 2797/2797/2797 2798/2798/2798 2805/2805/2805
f 2798/2798/2798 2806/2806/2806 2805/2805/2805
f 2799/2799/2799 2800/2800/2800 2807/2807/2807
f 2800/2800/2800 2808/2808/2808 2807/2807/2807
f 2801/2801/2801 2802/2802/2802 2809/2809/2809
f 2802/2802/2802 2810/2810/2810 2809/2809/2809
f 2803/2803/2803 2804/2804/2804 2811/2811/2811
f 2804/2804/2804 2812/2812/2812 2811/2811/2811
f 2805/2805/2805 2806/2806/2806 2813/2813/2813
f 2806/2806/2806 2814/2814/2814 2813/2813/2813
f 2807/2807/2807 2808/2808/2808 2815/2815/2815
f 2808/2808/2808 2816/2816/2816 2815/2815/2815
f 2809/2809/2809 2810/2810/2810 2817/2817/2817
f 2810/2810/2810 2818/2818/2818 2817/2817/2817
f 2811/2811/2811 2812/2812/2812 2819/2819/2819
f 2812/2812/2812 2820/2820/2820 2819/2819/2819
f 2813/2813/2813 2814/2814/2814 2821/2821/2821
f 2814/2814/2814 2822/2822/2822 2821/2821/2821
f 2815/2815/2815 2816/2816/2816 2823/2823/2823
f 2816/2816/2816 2824/2824/2824 2823/2823/2823
f 2817/2817/2817 2818/2818/2818 2825/2825/2825
f 2818/2818/2818 2826/2826/2826 2825/2825/2825
f 2819/2819/2819 2820/2820/2820 2827/2827/2827
f 2820/2820/2820 2828/2828/2828 2827/2827/2827
f 2821/2821/2821 2822/2822/2822 2829/2829/2829
f 2822/2822/2822 2830/2830/2830 2829/2829/2829
f 2823/2823/2823 2824/2824/2824 2831/2831/2831
f 2824/2824/2824 2832/2832/2832 2831/2831/2831
f 2825/2825/2825 2826/2826/2826 2833/2833/2833
f 2826/2826/2826 2834/2834/2834 2833/2833/2833
f 2827/2827/2827 2828/2828/2828 2835/2835/2835
f 2828/2828/2828 2836/2836/2836 2835/2835/2835
f 2829/2829/2829 2830/2830/2830 2837/2837/2837
f 2830/2830/2830 2838/2838/2838 2837/2837/2837
f 2831/2831/2831 2832/2832/2832 2839/2839/2839
f 2832/2832/2832 2840/2840/2840 2839/2839/2839
f 2833/2833/2833 2834/2834/2834 2841/2841/2841
f 2834/2834/2834 2842/2842/2842 2841/2841/2841
f 2835/2835/2835 2836/2836/2836 2843/2843/2843
f 2836/2836/2836 2844/2844/2844 2843/2843/2843
f 2837/2837/2837 2838/2838/2838 2845/2845/2845
f 2838/2838/2838 2846/2846/2846 2845/2845/2845
f 2839/2839/2839 2840/2840/2840 2847/2847/2847
f 2840/2840/2840 2848/2848/2848 2847/2847/2847
f 2841/2841/2841 2842/2842/2842 2849/2849/2849
f 2842/2842/2842 2850/2850/2850 2849/2849/2849
f 2843/2843/2843 2844/2844/2844 2851/2851/2851
f 2844/2844/2844 2852/2852/2852 2851/2851/2851
f 2845/2845/2845 2846/2846/2846 2853/2853/2853
f 2846/2846/2846 2854/2854/2854 2853/2853/2853
f 2847/2847/2847 2848/2848/2848 2855/2855/2855
f 2848/2848/2848 2856/2856/2856 2855/2855/2855
f 2849/2849/2849 2850/2850/2850 2857/2857/2857
f 2850/2850/2850 2858/2858/2858 2857/2857/2857
f 2851/2851/2851 2852/2852/2852 2859/2859/2859
f 2852/2852/2852 2860/2860/2860 2859/2859/2859
f 2853/2853/2853 2854/2854/2854 2861/2861/2861
f 2854/2854/2854 2862/2862/2862 2861/2861/2861
f 2855/2855/2855 2856/2856/2856 2863/2863/2863
f 2856/2856/2856 2864/2864/2864 2863/2863/2863
f 2857/2857/2857 2858/2858/2858 2865/2865/2865
f 2858/2858/2858 2866/2866/2866 2865/2865/2865
f 2859/2859/2859 2860/2860/2860 2867/2867/2867
f 2860/2860/2860 2868/2868/2868 2867/2867/2867
f 2861/2861/2861 2862/2862/2862 2869/2869/2869
f 2862/2862/2862 2870/2870/2870 2869/2869/2869
f 2863/2863/2863 2864/2864/2864 2871/2871/2871
f 2864/2864/2864 2872/2872/2872 2871/2871/2871
f 2865/2865/2865 2866/2866/2866 2873/2873/2873
f 2866/2866/2866 2874/2874/2874 2873/2873/2873
f 2867/2867/2867 2868/2868/2868 2875/2875/2875
f 2868/2868/2868 2876/2876/2876 2875/2875/2875
f 2869/2869/2869 2870/2870/2870 2877/2877/2877
f 2870/2870/2870 2878/2878/2878 2877/2877/2877
f 2871/2871/2871 2872/2872/2872 2879/2879/2879
f 2872/2872/2872 2880/2880/2880 2879/2879/2879
f 2873/2873/2873 2874/2874/2874 2881/2881/2881
f 2874/2874/2874 2882/2882/2882 2881/2881/2881
f 2875/2875/2875 2876/2876/2876 2883/2883/2883
f 2876/2876/2876 2884/2884/2884 2883/2883/2883
f 2877/2877/2877 2878/2878/2878 2885/2885/2885
f 2878/2878/2878 2886/2886/2886 2885/2885/2885
f 2879/2879/2879 2880/2880/2880 2887/2887/2887
f 2880/2880/2880 2888/2888/2888 2887/2887/2887
f 2881/2881/2881 2882/2882/2882 2889/2889/2889
f 2882/2882/2882 2890/2890/2890 2889/2889/2889
f 2883/2883/2883 2884/2884/2884 2891/2891/2891
f 2884/2884/2884 2892/2892/2892 2891/2891/2891
f 2885/2885/2885 2886/2886/2886 2893/2893/2893
f 2886/2886/2886 2894/2894/2894 2893/2893/2893
f 2887/2887/2887 2888/2888/2888 2895/2895/2895
f 2888/2888/2888 2896/2896/2896 2895/2895/2895
f 2889/2889/2889 2890/2890/2890 2897/2897/2897
f 2890/2890/2890 2898/2898/2898 2897/2897/2897
f 2891/2891/2891 2892/2892/2892 2899/2899/2899
f 2892/2892/2892 2900/2900/2900 2899/2899/2899
f 2893/2893/2893 2894/2894/2894 2901/2901/2901
f 2894/2894/2894 2902/2902/2902 2901/2901/2901
f 2895/2895/2895 2896/2896/2896 2903/2903/2903
f 2896/2896/2896 2904/2904/2904 2903/2903/2903
f 2897/2897/2897 2898/2898/2898 2905/2905/2905
f 2898/2898/2898 2906/2906/2906 2905/2905/2905
f 2899/2899/2899 2900/2900/2900 2907/2907/2907
f 2900/2900/2900 2908/2908/2908 2907/2907/2907
f 2901/2901/2901 2902/2902/2902 2909/2909/2909
f 2902/2902/2902 2910/2910/2910 2909/2909/2909
f 2903/2903/2903 2904/2904/2904 2911/2911/2911
f 2904/2904/2904 2912/2912/2912 2911/2911/2911
f 2905/2905/2905 2906/2906/2906 2913/2913/2913
f 2906/2906/2906 2914/2914/2914 2913/2913/2913
f 2907/2907/2907 2908/2908/2908 2915/2915/2915
f 2908/2908/2908 2916/2916/2916 2915/2915/2915
f 2909/2909/2909 2910/2910/2910 2917/2917/2917
f 2910/2910/2910 2918/2918/2918 2917/2917/2917
f 2911/2911/2911 2912/2912/2912 2919/2919/2919
f 2912/2912/2912 2920/2920/2920 2919/2919/2919
f 2913/2913/2913 2914/2914/2914 2921/2921/2921
f 2914/2914/2914 2922/2922/2922 2921/2921/2921
f 2915/2915/2915 2916/2916/2916 2923/2923/2923
f 2916/2916/2916 2924/2924/2924 2923/2923/2923
f 2917/2917/2917 2918/2918/2918 2925/2925/2925
f 2918/2918/2918 2926/2926/2926 2925/2925/2925
f 2919/2919/2919 2920/2920/2920 2927/2927/2927
f 2920/2920/2920 2928/2928/2928 2927/2927/2927
f 2921/2921/2921 2922/2922/2922 2929/2929/2929
f 2922/2922/2922 2930/2930/2930 2929/2929/2929
f 2923/2923/2923 2924/2924/2924 2931/2931/2931
f 2924/2924/2924 2932/2932/2932 2931/2931/2931
f 2925/2925/2925 2926/2926/2926 2933/2933/2933
f 2926/2926/2926 2934/2934/2934 2933/2933/2933
f 2927/2927/2927 2928/2928/2928 2935/2935/2935
f 2928/2928/2928 2936/2936/2936 2935/2935/2935
f 2929/2929/2929 2930/2930/2930 2937/2937/2937
f 2930/2930/2930 2938/2938/2938 2937/2937/2937
f 2931/2931/2931 2932/2932/2932 2939/2939/2939
f 2932/2932/2932 2940/2940/2940 2939/2939/2939
f 2933/2933/2933 2934/2934/2934 2941/2941/2941
f 2934/2934/2934 2942/2942/2942 2941/2941/2941
f 2935/2935/2935 2936/2936/2936 2943/2943/2943
f 2936/2936/2936 2944/2944/2944 2943/2943/2943
f 2937/2937/2937 2938/2938/2938 2945/2945/2945
f 2938/2938/2938 2946/2946/2946 2945/2945/2945
f 2939/2939/2939 2940/2940/2940 2947/2947/2947
f 2940/2940/2940 2948/2948/2948 2947/2947/2947
f 2941/2941/2941 2942/2942/2942 2949/2949/2949
f 2942/2942/2942 2950/2950/2950 2949/2949/2949
f 2943/2943/2943 2944/2944/2944 2951/2951/2951
f 2944/2944/2944 2952/2952/2952 2951/2951/2951
f 2945/2945/2945 2946/2946/2946 2953/2953/2953
f 2946/2946/2946 2954/2954/2954 2953/2953/2953
f 2947/2947/2947 2948/2948/2948 2955/2955/2955
f 2948/2948/2948 2956/2956/2956 2955/2955/2955
f 2949/2949/2949 2950/2950/2950 2957/2957/2957
f 2950/2950/2950 2958/2958/2958 2957/2957/2957
f 2951/2951/2951 2952/2952/2952 2959/2959/2959
f 2952/2952/2952 2960/2960/2960 2959/2959/2959
f 2953/2953/2953 2954/2954/2954 2961/2961/2961
f 2954/2954/2954 2962/2962/2962 2961/2961/2961
f 2955/2955/2955 2956/2956/2956 2963/2963/2963
f 2956/2956/2956 2964/2964/2964 2963/2963/2963
f 2957/2957/2957 2958/2958/2958 2965/2965/2965
f 2958/2958/2958 2966/2966/2966 2965/2965/2965
f 2959/2959/2959 2960/2960/2960 2967/2967/2967
f 2960/2960/2960 2968/2968/2968 2967/2967/2967
f 2961/2961/2961 2962/2962/2962 2969/2969/2969
f 2962/2962/2962 2970/2970/2970 2969/2969/2969
f 2963/2963/2963 2964/2964/2964 2971/2971/2971
f 2964/2964/2964 2972/2972/2972 2971/2971/2971
f 2965/2965/2965 2966/2966/2966 2973/2973/2973
f 2966/2966/2966 2974/2974/2974 2973/2973/2973
f 2967/2967/2967 2968/2968/2968 2975/2975/2975
f 2968/2968/2968 2976/2976/2976 2975/2975/2975
f 2969/2969/2969 2970/2970/2970 2977/2977/2977
f 2970/2970/2970 2978/2978/2978 2977/2977/2977
f 2971/2971/2971 2972/2972/2972 2979/2979/2979
f 2972/2972/2972 2980/2980/2980 2979/2979/2979
f 2973/2973/2973 2974/2974/2974 2981/2981/2981
f 2974/2974/2974 2982/2982/2982 2981/2981/2981
f 2975/2975/2975 2976/2976/2976 2983/2983/2983
f 2976/2976/2976 2984/2984/2984 2983/2983/2983
f 2977/2977/2977 2978/2978/2978 2985/2985/2985
f 2978/2978/2978 2986/2986/2986 2985/2985/2985
f 2979/2979/2979 2980/2980/2980 2987/2987/2987
f 2980/2980/2980 2988/2988/2988 2987/2987/2987
f 2981/2981/2981 2982/2982/2982 2989/2989/2989
f 2982/2982/2982 2990/2990/2990 2989/2989/2989
f 2983/2983/2983 2984/2984/2984 2991/2991/2991
f 2984/2984/2984 2992/2992/2992 2991/2991/2991
f 2985/2985/2985 2986/2986/2986 2993/2993/2993
f 2986/2986/2986 2994/2994/2994 2993/2993/2993
f 2987/2987/2987 2988/2988/2988 2995/2995/2995
f 2988/2988/2988 2996/2996/2996 2995/2995/2995
f 2989/2989/2989 2990/2990/2990 2997/2997/2997
f 2990/2990/2990 2998/2998/2998 2997/2997/2997
f 2991/2991/2991 2992/2992/2992 2999/2999/2999
f 2992/2992/2992 3000/3000/3000 2999/2999/2999
f 2993/2993/2993 2994/2994/2994 3001/3001/3001
f 2994/2994/2994 3002/3002/3002 3001/3001/3001
f 2995/2995/2995 2996/2996/2996 3003/3003/3003
f 2996/2996/2996 3004/3004/3004 3003/3003/3003
f 2997/2997/2997 2998/2998/2998 3005/3005/3005
f 2998/2998/2998 3006/3006/3006 3005/3005/3005
f 2999/2999/2999 3000/3000/3000 3007/3007/3007
f 3000/3000/3000 3008/3008/3008 3007/3007/3007
f 3001/3001/3001 3002/3002/3002 3009/3009/3009
f 3002/3002/3002 3010/3010/3010 3009/3009/3009
f 3003/3003/3003 3004/3004/3004 3011/3011/3011
f 3004/3004/3004 3012/3012/3012 3011/3011/3011
f 3005/3005/3005 3006/3006/3006 3013/3013/3013
f 3006/3006/3006 3014/3014/3014 3013/3013/3013
f 3007/3007/3007 3008/3008/3008 3015/3015/3015
f 3008/3008/3008 3016/3016/3016 3015/3015/3015
f 3009/3009/3009 3010/3010/3010 3017/3017/3017
f 3010/3010/3010 3018/3018/3018 3017/3017/3017
f 3011/3011/3011 3012/3012/3012 3019/3019/3019
f 3012/3012/3012 3020/3020/3020 3019/3019/3019
f 3013/3013/3013 3014/3014/3014 3021/3021/3021
f 3014/3014/3014 3022/3022/3022 3021/3021/3021
f 3015/3015/3015 3016/3016/3016 3023/3023/3023
f 3016/3016/3016 3024/3024/3024 3023/3023/3023
f 3017/3017/3017 3018/3018/3018 3025/3025/3025
f 3018/3018/3018 3026/3026/3026 3025/3025/3025
f 3019/3019/3019 3020/3020/3020 3027/3027/3027
f 3020/3020/3020 3028/3028/3028 3027/3027/3027
f 3021/3021/3021 3022/3022/3022 3029/3029/3029
f 3022/3022/3022 3030/3030/3030 3029/3029/3029
f 3023/3023/3023 3024/3024/3024 3031/3031/3031
f 3024/3024/3024 3032/3032/3032 3031/3031/3031
f 3025/3025/3025 3026/3026/3026 3033/3033/3033
f 3026/3026/3026 3034/3034/3034 3033/3033/3033
f 3027/3027/3027 3028/3028/3028 3035/3035/3035
f 3028/3028/3028 3036/3036/3036 3035/3035/3035
f 3029/3029/3029 3030/3030/3030 3037/3037/3037
f 3030/3030/3030 3038/3038/3038 3037/3037/3037
f 3031/3031/3031 3032/3032/3032 3039/3039/3039
f 3032/3032/3032 3040/3040/3040 3039/3039/3039
f 3033/3033/3033 3034/3034/3034 3041/3041/3041
f 3034/3034/3034 3042/3042/3042 3041/3041/3041
f 3035/3035/3035 3036/3036/3036 3043/3043/3043
f 3036/3036/3036 3044/3044/3044 3043/3043/3043
f 3037/3037/3037 3038/3038/3038 3045/3045/3045
f 3038/3038/3038 3046/3046/3046 3045/3045/3045
f 3039/3039/3039 3040/3040/3040 3047/3047/3047
f 3040/3040/3040 3048/3048/3048 3047/3047/3047
f 3041/3041/3041 3042/3042/3042 3049/3049/3049
f 3042/3042/3042 3050/3050/3050 3049/3049/3049
f 3043/3043/3043 3044/3044/3044 3051/3051/3051
f 3044/3044/3044 3052/3052/3052 3051/3051/3051
f 3045/3045/3045 3046/3046/3046 3053/3053/3053
f 3046/3046/3046 3054/3054/3054 3053/3053/3053
f 3047/3047/3047 3048/3048/3048 3055/3055/3055
f 3048/3048/3048 3056/3056/3056 3055/3055/3055
f 3049/3049/3049 3050/3050/3050 3057/3057/3057
f 3050/3050/3050 3058/3058/3058 3057/3057/3057
f 3051/3051/3051 3052/3052/3052 3059/3059/3059
f 3052/3052/3052 3060/3060/3060 3059/3059/3059
f 3053/3053/3053 3054/3054/3054 3061/3061/3061
f 3054/3054/3054 3062/3062/3062 3061/3061/3061
f 3055/3055/3055 3056/3056/3056 3063/3063/3063
f 3056/3056/3056 3064/3064/3064 3063/3063/3063
f 3057/3057/3057 3058/3058/3058 3065/3065/3065
f 3058/3058/3058 3066/3066/3066 3065/3065/3065
f 3059/3059/3059 3060/3060/3060 3067/3067/3067
f 3060/3060/3060 3068/3068/3068 3067/3067/3067
f 3061/3061/3061 3062/3062/3062 3069/3069/3069
f 3062/3062/3062 3070/3070/3070 3069/3069/3069
f 3063/3063/3063 3064/3064/3064 3071/3071/3071
f 3064/3064/3064 3072/3072/3072 3071/3071/3071
f 3065/3065/3065 3066/3066/3066 3073/3073/3073
f 3066/3066/3066 3074/3074/3074 3073/3073/3073
f 3067/3067/3067 3068/3068/3068 3075/3075/3075
f 3068/3068/3068 3076/3076/3076 3075/3075/3075
f 3069/3069/3069 3070/3070/3070 3077/3077/3077
f 3070/3070/3070 3078/3078/3078 3077/3077/3077
f 3071/3071/3071 3072/3072/3072 3079/3079/3079
f 3072/3072/3072 3080/3080/3080 3079/3079/3079
f 3073/3073/3073 3074/3074/3074 3081/3081/3081
f 3074/3074/3074 3082/3082/3082 3081/3081/3081
f 3075/3075/3075 3076/3076/3076 3083/3083/3083
f 3076/3076/3076 3084/3084/3084 3083/3083/3083
f 3077/3077/3077 3078/3078/3078 3085/3085/3085
f 3078/3078/3078 3086/3086/3086 3085/3085/3085
f 3079/3079/3079 3080/3080/3080 3087/3087/3087
f 3080/3080/3080 3088/3088/3088 3087/3087/3087
f 3081/3081/3081 3082/3082/3082 3089/3089/3089
f 3082/3082/3082 3090/3090/3090 3089/3089/3089
f 3083/3083/3083 3084/3084/3084 3091/3091/3091
f 3084/3084/3084 3092/3092/3092 3091/3091/3091
f 3085/3085/3085 3086/3086/3086 3093/3093/3093
f 3086/3086/3086 3094/3094/3094 3093/3093/3093
f 3087/3087/3087 3088/3088/3088 3095/3095/3095
f 3088/3088/3088 3096/3096/3096 3095/3095/3095
f 3089/3089/3089 3090/3090/3090 3097/3097/3097
f 3090/3090/3090 3098/3098/3098 3097/3097/3097
f 3091/3091/3091 3092/3092/3092 3099/3099/3099
f 3092/3092/3092 3100/3100/3100 3099/3099/3099
f 3093/3093/3093 3094/3094/3094 3101/3101/3101
f 3094/3094/3094 3102/3102/3102 3101/3101/3101
f 3095/3095/3095 3096/3096/3096 3103/3103/3103
f 3096/3096/3096 3104/3104/3104 3103/3103/3103
f 3097/3097/3097 3098/3098/3098 3105/3105/3105
f 3098/3098/3098 3106/3106/3106 3105/3105/3105
f 3099/3099/3099 3100/3100/3100 3107/3107/3107
f 3100/3100/3100 3108/3108/3108 3107/3107/3107
f 3101/3101/3101 3102/3102/3102 3109/3109/3109
f 3102/3102/3102 3110/3110/3110 3109/3109/3109
f 3103/3103/3103 3104/3104/3104 3111/3111/3111
f 3104/3104/3104 3112/3112/3112 3111/3111/3111
f 3105/3105/3105 3106/3106/3106 3113/3113/3113
f 3106/3106/3106 3114/3114/3114 3113/3113/3113
f 3107/3107/3107 3108/3108/3108 3115/3115/3115
f 3108/3108/3108 3116/3116/3116 3115/3115/3115
f 3109/3109/3109 3110/3110/3110 3117/3117/3117
f 3110/3110/3110 3118/3118/3118 3117/3117/3117
f 3111/3111/3111 3112/3112/3112 3119/3119/3119
f 3112/3112/3112 3120/3120/3120 3119/3119/3119
f 3113/3113/3113 3114/3114/3114 3121/3121/3121
f 3114/3114/3114 3122/3122/3122 3121/3121/3121
f 3115/3115/3115 3116/3116/3116 3123/3123/3123
f 3116/3116/3116 3124/3124/3124 3123/3123/3123
f 3117/3117/3117 3118/3118/3118 3125/3125/3125
f 3118/3118/3118 3126/3126/3126 3125/3125/3125
f 3119/3119/3119 3120/3120/3120 3127/3127/3127
f 3120/3120/3120 3128/3128/3128 3127/3127/3127
f 3121/3121/3121 3122/3122/3122 3129/3129/3129
f 3122/3122/3122 3130/3130/3130 3129/3129/3129
f 3123/3123/3123 3124/3124/3124 3131/3131/3131
f 3124/3124/3124 3132/3132/3132 3131/3131/3131
f 3125/3125/3125 3126/3126/3126 3133/3133/3133
f 3126/3126/3126 3134/3134/3134 3133/3133/3133
f 3127/3127/3127 3128/3128/3128 3135/3135/3135
f 3128/3128/3128 3136/3136/3136 3135/3135/3135
f 3129/3129/3129 3130/3130/3130 3137/3137/3137
f 3130/3130/3130 3138/3138/3138 3137/3137/3137
f 3131/3131/3131 3132/3132/3132 3139/3139/3139
f 3132/3132/3132 3140/3140/3140 3139/3139/3139
f 3133/3133/3133 3134/3134/3134 3141/3141/3141
f 3134/3134/3134 3142/3142/3142 3141/3141/3141
f 3135/3135/3135 3136/3136/3136 3143/3143/3143
f 3136/3136/3136 3144/3144/3144 3143/3143/3143
f 3137/3137/3137 3138/3138/3138 3145/3145/3145
f 3138/3138/3138 3146/3146/3146 3145/3145/3145
f 3139/3139/3139 3140/3140/3140 3147/3147/3147
f 3140/3140/3140 3148/3148/3148 3147/3147/3147
f 3141/3141/3141 3142/3142/3142 3149/3149/3149
f 3142/3142/3142 3150/3150/3150 3149/3149/3149
f 3143/3143/3143 3144/3144/3144 3151/3151/3151
f 3144/3144/3144 3152/3152/3152 3151/3151/3151
f 3145/3145/3145 3146/3146/3146 3153/3153/3153
f 3146/3146/3146 3154/3154/3154 3153/3153/3153
f 3147/3147/3147 3148/3148/3148 3155/3155/3155
f 3148/3148/3148 3156/3156/3156 3155/3155/3155
f 3149/3149/3149 3150/3150/3150 3157/3157/3157
f 3150/3150/3150 3158/3158/3158 3157/3157/3157
f 3151/3151/3151 3152/3152/3152 3159/3159/3159
f 3152/3152/3152 3160/3160/3160 3159/3159/3159
f 3153/3153/3153 3154/3154/3154 3161/3161/3161
f 3154/3154/3154 3162/3162/3162 3161/3161/3161
f 3155/3155/3155 3156/3156/3156 3163/3163/3163
f 3156/3156/3156 3164/3164/3164 3163/3163/3163
f 3157/3157/3157 3158/3158/3158 3165/3165/3165
f 3158/3158/3158 3166/3166/3166 3165/3165/3165
f 3159/3159/3159 3160/3160/3160 3167/3167/3167
f 3160/3160/3160 3168/3168/3168 3167/3167/3167
f 3161/3161/3161 3162/3162/3162 3169/3169/3169
f 3162/3162/3162 3170/3170/3170 3169/3169/3169
f 3163/3163/3163 3164/3164/3164 3171/3171/3171
f 3164/3164/3164 3172/3172/3172 3171/3171/3171
f 3165/3165/3165 3166/3166/3166 3173/3173/3173
f 3166/3166/3166 3174/3174/3174 3173/3173/3173
f 3167/3167/3167 3168/3168/3168 3175/3175/3175
f 3168/3168/3168 3176/3176/3176 3175/3175/3175
f 3169/3169/3169 3170/3170/3170 3177/3177/3177
f 3170/3170/3170 3178/3178/3178 3177/3177/3177
f 3171/3171/3171 3172/3172/3172 3179/3179/3179
f 3172/3172/3172 3180/3180/3180 3179/3179/3179
f 3173/3173/3173 3174/3174/3174 3181/3181/3181
f 3174/3174/3174 3182/3182/3182 3181/3181/3181
f 3175/3175/3175 3176/3176/3176 3183/3183/3183
f 3176/3176/3176 3184/3184/3184 3183/3183/3183
f 3177/3177/3177 3178/3178/3178 3185/3185/3185
f 3178/3178/3178 3186/3186/3186 3185/3185/3185
f 3179/3179/3179 3180/3180/3180 3187/3187/3187
f 3180/3180/3180 3188/3188/3188 3187/3187/3187
f 3181/3181/3181 3182/3182/3182 3189/3189/3189
f 3182/3182/3182 3190/3190/3190 3189/3189/3189
f 3183/3183/3183 3184/3184/3184 3191/3191/3191
f 3184/3184/3184 3192/3192/3192 3191/3191/3191
f 3185/3185/3185 3186/3186/3186 3193/3193/3193
f 3186/3186/3186 3194/3194/3194 3193/3193/3193
f 3187/3187/3187 3188/3188/3188 3195/3195/3195
f 3188/3188/3188 3196/3196/3196 3195/3195/3195
f 3189/3189/3189 3190/3190/3190 3197/3197/3197
f 3190/3190/3190 3198/3198/3198 3197/3197/3197
f 3191/3191/3191 3192/3192/3192 3199/3199/3199
f 3192/3192/3192 3200/3200/3200 3199/3199/3199
f 3193/3193/3193 3194/3194/3194 3201/3201/3201
f 3194/3194/3194 3202/3202/3202 3201/3201/3201
f 3195/3195/3195 3196/3196/3196 3203/3203/3203
f 3196/3196/3196 3204/3204/3204 3203/3203/3203
f 3197/3197/3197 3198/3198/3198 3205/3205/3205
f 3198/3198/3198 3206/3206/3206 3205/3205/3205
f 3199/3199/3199 3200/3200/3200 3207/3207/3207
f 3200/3200/3200 3208/3208/3208 3207/3207/3207
f 3201/3201/3201 3202/3202/3202 3209/3209/3209
f 3202/3202/3202 3210/3210/3210 3209/3209/3209
f 3203/3203/3203 3204/3204/3204 3211/3211/3211
f 3204/3204/3204 3212/3212/3212 3211/3211/3211
f 3205/3205/3205 3206/3206/3206 3213/3213/3213
f 3206/3206/3206 3214/3214/3214 3213/3213/3213
f 3207/3207/3207 3208/3208/3208 3215/3215/3215
f 3208/3208/3208 3216/3216/3216 3215/3215/3215
f 3209/3209/3209 3210/3210/3210 3217/3217/3217
f 3210/3210/3210 3218/3218/3218 3217/3217/3217
f 3211/3211/3211 3212/3212/3212 3219/3219/3219
f 3212/3212/3212 3220/3220/3220 3219/3219/3219
f 3213/3213/3213 3214/3214/3214 3221/3221/3221
f 3214/3214/3214 3222/3222/3222 3221/3221/3221
f 3215/3215/3215 3216/3216/3216 3223/3223/3223
f 3216/3216/3216 3224/3224/3224 3223/3223/3223
f 3217/3217/3217 3218/3218/3218 3225/3225/3225
f 3218/3218/3218 3226/3226/3226 3225/3225/3225
f 3219/3219/3219 3220/3220/3220 3227/3227/3227
f 3220/3220/3220 3228/3228/3228 3227/3227/3227
f 3221/3221/3221 3222/3222/3222 3229/3229/3229
f 3222/3222/3222 3230/3230/3230 3229/3229/3229
f 3223/3223/3223 3224/3224/3224 3231/3231/3231
f 3224/3224/3224 3232/3232/3232 3231/3231/3231
f 3225/3225/3225 3226/3226/3226 3233/3233/3233
f 3226/3226/3226 3234/3234/3234 3233/3233/3233
f 3227/3227/3227 3228/3228/3228 3235/3235/3235
f 3228/3228/3228 3236/3236/3236 3235/3235/3235
f 3229/3229/3229 3230/3230/3230 3237/3237/3237
f 3230/3230/3230 3238/3238/3238 3237/3237/3237
f 3231/3231/3231 3232/3232/3232 3239/3239/3239
f 3232/3232/3232 3240/3240/3240 3239/3239/3239
f 3233/3233/3233 3234/3234/3234 3241/3241/3241
f 3234/3234/3234 3242/3242/3242 3241/3241/3241
f 3235/3235/3235 3236/3236/3236 3243/3243/3243
f 3236/3236/3236 3244/3244/3244 3243/3243/3243
f 3237/3237/3237 3238/3238/3238 3245/3245/3245
f 3238/3238/3238 3246/3246/3246 3245/3245/3245
f 3239/3239/3239 3240/3240/3240 3247/3247/3247
f 3240/3240/3240 3248/3248/3248 3247/3247/3247
f 3241/3241/3241 3242/3242/3242 3249/3249/3249
f 3242/3242/3242 3250/3250/3250 3249/3249/3249
f 3243/3243/3243 3244/3244/3244 3251/3251/3251
f 3244/3244/3244 3252/3252/3252 3251/3251/3251
f 3245/3245/3245 3246/3246/3246 3253/3253/3253
f 3246/3246/3246 3254/3254/3254 3253/3253/3253
f 3247/3247/3247 3248/3248/3248 3255/3255/3255
f 3248/3248/3248 3256/3256/3256 3255/3255/3255
f 3249/3249/3249 3250/3250/3250 3257/3257/3257
f 3250/3250/3250 3258/3258/3258 3257/3257/3257
f 3251/3251/3251 3252/3252/3252 3259/3259/3259
f 3252/3252/3252 3260/3260/3260 3259/3259/3259
f 3253/3253/3253 3254/3254/3254 3261/3261/3261
f 3254/3254/3254 3262/3262/3262 3261/3261/3261
f 3255/3255/3255 3256/3256/3256 3263/3263/3263
f 3256/3256/3256 3264/3264/3264 3263/3263/3263
f 3257/3257/3257 3258/3258/3258 3265/3265/3265
f 3258/3258/3258 3266/3266/3266 3265/3265/3265
f 3259/3259/3259 3260/3260/3260 3267/3267/3267
f 3260/3260/3260 3268/3268/3268 3267/3267/3267
f 3261/3261/3261 3262/3262/3262 3269/3269/3269
f 3262/3262/3262 3270/3270/3270 3269/3269/3269
f 3263/3263/3263 3264/3264/3264 3271/3271/3271
f 3264/3264/3264 3272/3272/3272 3271/3271/3271
f 3265/3265/3265 3266/3266/3266 3273/3273/3273
f 3266/3266/3266 3274/3274/3274 3273/3273/3273
f 3267/3267/3267 3268/3268/3268 3275/3275/3275
f 3268/3268/3268 3276/3276/3276 3275/3275/3275
f 3269/3269/3269 3270/3270/3270 3277/3277/3277
f 3270/3270/3270 3278/3278/3278 3277/3277/3277
f 3271/3271/3271 3272/3272/3272 3279/3279/3279
f 3272/3272/3272 3280/3280/3280 3279/3279/3279
f 3273/3273/3273 3274/3274/3274 3281/3281/3281
f 3274/3274/3274 3282/3282/3282 3281/3281/3281
f 3275/3275/3275 3276/3276/3276 3283/3283/3283
f 3276/3276/3276 3284/3284/3284 3283/3283/3283
f 3277/3277/3277 3278/3278/3278 3285/3285/3285
f 3278/3278/3278 3286/3286/3286 3285/3285/3285
f 3279/3279/3279 3280/3280/3280 3287/3287/3287
f 3280/3280/3280 3288/3288/3288 3287/3287/3287
f 3281/3281/3281 3282/3282/3282 3289/3289/3289
f 3282/3282/3282 3290/3290/3290 3289/3289/3289
f 3283/3283/3283 3284/3284/3284 3291/3291/3291
f 3284/3284/3284 3292/3292/3292 3291/3291/3291
f 3285/3285/3285 3286/3286/3286 3293/3293/3293
f 3286/3286/3286 3294/3294/3294 3293/3293/3293
f 3287/3287/3287 3288/3288/3288 3295/3295/3295
f 3288/3288/3288 3296/3296/3296 3295/3295/3295
f 3289/3289/3289 3290/3290/3290 3297/3297/3297
f 3290/3290/3290 3298/3298/3298 3297/3297/3297
f 3291/3291/3291 3292/3292/3292 3299/3299/3299
f 3292/3292/3292 3300/3300/3300 3299/3299/3299
f 3293/3293/3293 3294/3294/3294 3301/3301/3301
f 3294/3294/3294 3302/3302/3302 3301/3301/3301
f 3295/3295/3295 3296/3296/3296 3303/3303/3303
f 3296/3296/3296 3304/3304/3304 3303/3303/3303
f 3297/3297/3297 3298/3298/3298 3305/3305/3305
f 3298/3298/3298 3306/3306/3306 3305/3305/3305
f 3299/3299/3299 3300/3300/3300 3307/3307/3307
f 3300/3300/3300 3308/3308/3308 3307/3307/3307
f 3301/3301/3301 3302/3302/3302 3309/3309/3309
f 3302/3302/3302 3310/3310/3310 3309/3309/3309
f 3303/3303/3303 3304/3304/3304 3311/3311/3311
f 3304/3304/3304 3312/3312/3312 3311/3311/3311
f 3305/3305/3305 3306/3306/3306 3313/3313/3313
f 3306/3306/3306 3314/3314/3314 3313/3313/3313
f 3307/3307/3307 3308/3308/3308 3315/3315/3315
f 3308/3308/3308 3316/3316/3316 3315/3315/3315
f 3309/3309/3309 3310/3310/3310 3317/3317/3317
f 3310/3310/3310 3318/3318/3318 3317/3317/3317
f 3311/3311/3311 3312/3312/3312 3319/3319/3319
f 3312/3312/3312 3320/3320/3320 3319/3319/3319
f 3313/3313/3313 3314/3314/3314 3321/3321/3321
f 3314/3314/3314 3322/3322/3322 3321/3321/3321
f 3315/3315/3315 3316/3316/3316 3323/3323/3323
f 3316/3316/3316 3324/3324/3324 3323/3323/3323
f 3317/3317/3317 3318/3318/3318 3325/3325/3325
f 3318/3318/3318 3326/3326/3326 3325/3325/3325
f 3319/3319/3319 3320/3320/3320 3327/3327/3327
f 3320/3320/3320 3328/3328/3328 3327/3327/3327
f 3321/3321/3321 3322/3322/3322 3329/3329/3329
f 3322/3322/3322 3330/3330/3330 3329/3329/3329
f 3323/3323/3323 3324/3324/3324 3331/3331/3331
f 3324/3324/3324 3332/3332/3332 3331/3331/3331
f 3325/3325/3325 3326/3326/3326 3333/3333/3333
f 3326/3326/3326 3334/3334/3334 3333/3333/3333
f 3327/3327/3327 3328/3328/3328 3335/3335/3335
f 3328/3328/3328 3336/3336/3336 3335/3335/3335
f 3329/3329/3329 3330/3330/3330 3337/3337/3337
f 3330/3330/3330 3338/3338/3338 3337/3337/3337
f 3331/3331/3331 3332/3332/3332 3339/3339/3339
f 3332/3332/3332 3340/3340/3340 3339/3339/3339
f 3333/3333/3333 3334/3334/3334 3341/3341/3341
f 3334/3334/3334 3342/3342/3342 3343/3343/3343
f 3335/3335/3335 3336/3336/3336 3344/3344/3344
f 3336/3336/3336 3345/3345/3345 3344/3344/3344
f 3337/3337/3337 3338/3338/3338 3346/3346/3346
f 3338/3338/3338 3347/3347/3347 3346/3346/3346
f 3339/3339/3339 3340/3340/3340 3348/3348/3348
f 3340/3340/3340 3349/3349/3349 3348/3348/3348
f 3341/3341/3341 3342/3342/3342 3350/3350/3350
f 3342/3342/3342 3351/3351/3351 3352/3352/3352
f 3344/3344/3344 3345/3345/3345 3353/3353/3353
f 3345/3345/3345 3354/3354/3354 3353/3353/3353
f 3346/3346/3346 3347/3347/3347 3355/3355/3355
f 3347/3347/3347 3356/3356/3356 3355/3355/3355
f 3348/3348/3348 3349/3349/3349 3357/3357/3357
f 3349/3349/3349 3358/3358/3358 3357/3357/3357
f 3352/3352/3352 3351/3351/3351 3359/3359/3359
f 3351/3351/3351 3360/3360/3360 3359/3359/3359
f 3353/3353/3353 3354/3354/3354 3361/3361/3361
f 3354/3354/3354 3362/3362/3362 3361/3361/3361
f 3355/3355/3355 3356/3356/3356 3363/3363/3363
f 3356/3356/3356 3364/3364/3364 3363/3363/3363
f 3357/3357/3357 3358/3358/3358 3365/3365/3365
f 3358/3358/3358 3366/3366/3366 3365/3365/3365
f 3359/3359/3359 3360/3360/3360 3367/3367/3367
f 3360/3360/3360 3368/3368/3368 3367/3367/3367
f 3361/3361/3361 3362/3362/3362 3369/3369/3369
f 3362/3362/3362 3370/3370/3370 3369/3369/3369
f 3363/3363/3363 3364/3364/3364 3371/3371/3371
f 3364/3364/3364 3372/3372/3372 3371/3371/3371
f 3365/3365/3365 3366/3366/3366 3373/3373/3373
f 3366/3366/3366 3374/3374/3374 3373/3373/3373
f 3367/3367/3367 3368/3368/3368 3375/3375/3375
f 3368/3368/3368 3376/3376/3376 3375/3375/3375
f 3369/3369/3369 3370/3370/3370 3377/3377/3377
f 3370/3370/3370 3378/3378/3378 3377/3377/3377
f 3371/3371/3371 3372/3372/3372 3379/3379/3379
f 3372/3372/3372 3380/3380/3380 3379/3379/3379
f 3373/3373/3373 3374/3374/3374 3381/3381/3381
f 3374/3374/3374 3382/3382/3382 3381/3381/3381
f 3383/3383/3383 3384/3384/3384 3385/3385/3385
f 3383/3383/3383 3386/3386/3386 3384/3384/3384
f 3387/3387/3387 3388/3388/3388 3389/3389/3389
f 3387/3387/3387 3389/3389/3389 3390/3390/3390
g S05-B
v 0.002414088696241379 1.0288137197494507 0.023878278210759163
v -0.002414088696241379 1.0351862907409668 0.023878278210759163
v 0.005754483863711357 1.031388759613037 0.023299911990761757
v 0.0009744740091264248 1.0377613306045532 0.02398020774126053
v -0.002414088696241379 1.0351862907409668 0.023878278210759163
v -0.0025649690069258213 1.0351862907409668 0.02537067048251629
v 0.0009744740091264248 1.0377613306045532 0.02398020774126053
v 0.0010353786638006568 1.0377613306045532 0.025478972122073174
v -0.0025649690069258213 1.0351862907409668 0.02537067048251629
v 0.0025649690069258213 1.0288137197494507 0.02537067048251629
v 0.0010353786638006568 1.0377613306045532 0.025478972122073174
v 0.0061141387559473515 1.031388759613037 0.024756157770752907
v 0.0025649690069258213 1.0288137197494507 0.02537067048251629
v 0.002414088696241379 1.0288137197494507 0.023878278210759163
v 0.0061141387559473515 1.031388759613037 0.024756157770752907
v 0.005754483863711357 1.031388759613037 0.023299911990761757
v 0.008980060927569866 1.033963680267334 0.022256650030612946
v 0.004343593493103981 1.04033625125885 0.023603668436408043
v 0.004343593493103981 1.04033625125885 0.023603668436408043
v 0.004615067970007658 1.04033625125885 0.025078898295760155
v 0.004615067970007658 1.04033625125885 0.025078898295760155
v 0.009541315026581287 1.033963680267334 0.023647692054510117
v 0.009541315026581287 1.033963680267334 0.023647692054510117
v 0.008980060927569866 1.033963680267334 0.022256650030612946
v 0.012307673692703247 1.0365387201309204 0.021254951134324074
v 0.007804363500326872 1.0429112911224365 0.023288274183869362
v 0.007804363500326872 1.0429112911224365 0.023288274183869362
v 0.008280991576611996 1.0429112911224365 0.024710534140467644
v 0.008280991576611996 1.0429112911224365 0.024710534140467644
v 0.013059327378869057 1.0365387201309204 0.022553032264113426
v 0.013059327378869057 1.0365387201309204 0.022553032264113426
v 0.012307673692703247 1.0365387201309204 0.021254951134324074
v 0.016122233122587204 1.0391137599945068 0.020507602021098137
v 0.011691318824887276 1.045486330986023 0.0233195461332798
v 0.011691318824887276 1.045486330986023 0.0233195461332798
v 0.01236359030008316 1.045486330986023 0.024660460650920868
v 0.01236359030008316 1.045486330986023 0.024660460650920868
v 0.017049290239810944 1.0391137599945068 0.021686824038624763
v 0.017049290239810944 1.0391137599945068 0.021686824038624763
v 0.016122233122587204 1.0391137599945068 0.020507602021098137
v 0.018860934302210808 1.0416886806488037 0.01804092898964882
v 0.014868315309286118 1.0480612516403198 0.0214509479701519
v 0.014868315309286118 1.0480612516403198 0.0214509479701519
v 0.015722816810011864 1.0480612516403198 0.0226837620139122
v 0.015722816810011864 1.0480612516403198 0.0226837620139122
v 0.019944896921515465 1.0416886806488037 0.019077764824032784
v 0.019944896921515465 1.0416886806488037 0.019077764824032784
v 0.018860934302210808 1.0416886806488037 0.01804092898964882
v 0.021214760839939117 1.0442637205123901 0.015203417278826237
v 0.017742449417710304 1.0506362915039062 0.01914198324084282
v 0.017742449417710304 1.0506362915039062 0.01914198324084282
v 0.01876213029026985 1.0506362915039062 0.020242096856236458
v 0.01876213029026985 1.0506362915039062 0.020242096856236458
v 0.022433999925851822 1.0442637205123901 0.016077177599072456
v 0.022433999925851822 1.0442637205123901 0.016077177599072456
v 0.021214760839939117 1.0442637205123901 0.015203417278826237
v 0.023145295679569244 1.0468387603759766 0.01206255704164505
v 0.020262572914361954 1.0532113313674927 0.01645108312368393
v 0.020262572914361954 1.0532113313674927 0.01645108312368393
v 0.021427089348435402 1.0532113313674927 0.01739654690027237
v 0.021427089348435402 1.0532113313674927 0.01739654690027237
v 0.02447548508644104 1.0468387603759766 0.012755807489156723
v 0.02447548508644104 1.0468387603759766 0.012755807489156723
v 0.023145295679569244 1.0468387603759766 0.01206255704164505
v 0.024614019319415092 1.0494136810302734 0.00868101604282856
v 0.022378403693437576 1.0557862520217896 0.013431940227746964
v 0.022378403693437576 1.0557862520217896 0.013431940227746964
v 0.02366451919078827 1.0557862520217896 0.014203890226781368
v 0.02366451919078827 1.0557862520217896 0.014203890226781368
v 0.026028618216514587 1.0494136810302734 0.009179925546050072
v 0.026028618216514587 1.0494136810302734 0.009179925546050072
v 0.024614019319415092 1.0494136810302734 0.00868101604282856
v 0.025355037301778793 1.0519887208938599 0.0050788745284080505
v 0.02382541075348854 1.058361291885376 0.010051006451249123
v 0.02382541075348854 1.058361291885376 0.010051006451249123
v 0.025207463651895523 1.058361291885376 0.010634040459990501
v 0.025207463651895523 1.058361291885376 0.010634040459990501
v 0.02682582102715969 1.0519887208938599 0.005373487249016762
v 0.02682582102715969 1.0519887208938599 0.005373487249016762
v 0.025355037301778793 1.0519887208938599 0.0050788745284080505
v 0.02396194450557232 1.0545637607574463 0.0013510185526683927
v 0.023206651210784912 1.0609363317489624 0.0061197527684271336
v 0.023206651210784912 1.0609363317489624 0.0061197527684271336
v 0.02465706691145897 1.0609363317489624 0.006502237170934677
v 0.02465706691145897 1.0609363317489624 0.006502237170934677
v 0.025459565222263336 1.0545637607574463 0.0014354572631418705
v 0.025459565222263336 1.0545637607574463 0.0014354572631418705
v 0.02396194450557232 1.0545637607574463 0.0013510185526683927
v 0.023913251236081123 1.0571386814117432 -0.0020387270487844944
v 0.023837413638830185 1.0635112524032593 0.002788854530081153
v 0.023837413638830185 1.0635112524032593 0.002788854530081153
v 0.025327252224087715 1.0635112524032593 0.0029631578363478184
v 0.025327252224087715 1.0635112524032593 0.0029631578363478184
v 0.025407830253243446 1.0571386814117432 -0.0021661475766450167
v 0.025407830253243446 1.0571386814117432 -0.0021661475766450167
v 0.023913251236081123 1.0571386814117432 -0.0020387270487844944
v 0.023387424647808075 1.0597137212753296 -0.005387794692069292
v 0.02399255707859993 1.0660862922668457 -0.0005976890679448843
v 0.02399255707859993 1.0660862922668457 -0.0005976890679448843
v 0.025492090731859207 1.0660862922668457 -0.0006350446492433548
v 0.025492090731859207 1.0660862922668457 -0.0006350446492433548
v 0.024849139153957367 1.0597137212753296 -0.005724531598389149
v 0.024849139153957367 1.0597137212753296 -0.005724531598389149
v 0.023387424647808075 1.0597137212753296 -0.005387794692069292
v 0.022394957020878792 1.062288761138916 -0.008629361167550087
v 0.023668983951210976 1.0686613321304321 -0.003972307313233614
v 0.023668983951210976 1.0686613321304321 -0.003972307313233614
v 0.025148294866085052 1.0686613321304321 -0.004220576491206884
v 0.025148294866085052 1.0686613321304321 -0.004220576491206884
v 0.023794641718268394 1.062288761138916 -0.009168696589767933
v 0.023794641718268394 1.062288761138916 -0.009168696589767933
v 0.022394957020878792 1.062288761138916 -0.008629361167550087
v 0.020955650135874748 1.064863681793213 -0.011698748916387558
v 0.022873150184750557 1.071236252784729 -0.007267666980624199
v 0.022873150184750557 1.071236252784729 -0.007267666980624199
v 0.02430272288620472 1.071236252784729 -0.007721896283328533
v 0.02430272288620472 1.071236252784729 -0.007721896283328533
v 0.022265378385782242 1.064863681793213 -0.012429920956492424
v 0.022265378385782242 1.064863681793213 -0.012429920956492424
v 0.020955650135874748 1.064863681793213 -0.011698748916387558
v 0.019098222255706787 1.0674387216567993 -0.014534714631736279
v 0.021620936691761017 1.0738112926483154 -0.010418017394840717
v 0.021620936691761017 1.0738112926483154 -0.010418017394840717
v 0.022972244769334793 1.0738112926483154 -0.011069143190979958
v 0.022972244769334793 1.0738112926483154 -0.011069143190979958
v 0.020291859284043312 1.0674387216567993 -0.015443135052919388
v 0.020291859284043312 1.0674387216567993 -0.015443135052919388
v 0.019098222255706787 1.0674387216567993 -0.014534714631736279
v 0.016859732568264008 1.0700137615203857 -0.017080673947930336
v 0.01993732713162899 1.0763863325119019 -0.01336050033569336
v 0.01993732713162899 1.0763863325119019 -0.01336050033569336
v 0.02118341065943241 1.0763863325119019 -0.014195531606674194
v 0.02118341065943241 1.0763863325119019 -0.014195531606674194
v 0.017913464456796646 1.0700137615203857 -0.018148217350244522
v 0.017913464456796646 1.0700137615203857 -0.018148217350244522
v 0.016859732568264008 1.0700137615203857 -0.017080673947930336
v 0.014284845441579819 1.0725886821746826 -0.01928582973778248
v 0.017855914309620857 1.0789612531661987 -0.01603640615940094
v 0.017855914309620857 1.0789612531661987 -0.01603640615940094
v 0.018971910700201988 1.0789612531661987 -0.017038680613040924
v 0.018971910700201988 1.0789612531661987 -0.017038680613040924
v 0.015177647583186626 1.0725886821746826 -0.02049119397997856
v 0.015177647583186626 1.0725886821746826 -0.02049119397997856
v 0.014284845441579819 1.0725886821746826 -0.01928582973778248
v 0.011424937285482883 1.075163722038269 -0.021106179803609848
v 0.015418228693306446 1.0815362930297852 -0.01839234121143818
v 0.015418228693306446 1.0815362930297852 -0.01839234121143818
v 0.016381869092583656 1.0815362930297852 -0.01954186148941517
v 0.016381869092583656 1.0815362930297852 -0.01954186148941517
v 0.01213899627327919 1.075163722038269 -0.022425316274166107
v 0.01213899627327919 1.075163722038269 -0.022425316274166107
v 0.011424937285482883 1.075163722038269 -0.021106179803609848
v 0.008337072096765041 1.0777387619018555 -0.02250540442764759
v 0.012672907672822475 1.0841113328933716 -0.020381299778819084
v 0.012672907672822475 1.0841113328933716 -0.020381299778819084
v 0.013464964926242828 1.0841113328933716 -0.0216551311314106
v 0.013464964926242828 1.0841113328933716 -0.0216551311314106
v 0.00885813869535923 1.0777387619018555 -0.023911992087960243
v 0.00885813869535923 1.0777387619018555 -0.023911992087960243
v 0.008337072096765041 1.0777387619018555 -0.02250540442764759
v 0.005082859192043543 1.0803136825561523 -0.023455586284399033
v 0.009674728848040104 1.0866862535476685 -0.02196359820663929
v 0.009674728848040104 1.0866862535476685 -0.02196359820663929
v 0.01027939934283495 1.0866862535476685 -0.023336322978138924
v 0.01027939934283495 1.0866862535476685 -0.023336322978138924
v 0.005400537978857756 1.0803136825561523 -0.024921560660004616
v 0.005400537978857756 1.0803136825561523 -0.024921560660004616
v 0.005082859192043543 1.0803136825561523 -0.023455586284399033
v 0.0017272296827286482 1.0828887224197388 -0.0239377673715353
v 0.006483511999249458 1.0892612934112549 -0.023107662796974182
v 0.006483511999249458 1.0892612934112549 -0.023107662796974182
v 0.006888731382787228 1.0892612934112549 -0.024551890790462494
v 0.006888731382787228 1.0892612934112549 -0.024551890790462494
v 0.0018351816106587648 1.0828887224197388 -0.025433877483010292
v 0.0018351816106587648 1.0828887224197388 -0.025433877483010292
v 0.0017272296827286482 1.0828887224197388 -0.0239377673715353
v -0.0016628624871373177 1.0854637622833252 -0.02394232340157032
v 0.003162932116538286 1.0918363332748413 -0.023790666833519936
v 0.003162932116538286 1.0918363332748413 -0.023790666833519936
v 0.0033606155775487423 1.0918363332748413 -0.02527758479118347
v 0.0033606155775487423 1.0918363332748413 -0.02527758479118347
v -0.001766791450791061 1.0854637622833252 -0.025438720360398293
v -0.001766791450791061 1.0854637622833252 -0.025438720360398293
v -0.0016628624871373177 1.0854637622833252 -0.02394232340157032
v -0.005019776057451963 1.088038682937622 -0.023469168692827225
v -0.00022075662855058908 1.0944112539291382 -0.023998985067009926
v -0.00022075662855058908 1.0944112539291382 -0.023998985067009926
v -0.00023455392511095852 1.0944112539291382 -0.025498921051621437
v -0.00023455392511095852 1.0944112539291382 -0.025498921051621437
v -0.005333512090146542 1.088038682937622 -0.024935990571975708
v -0.005333512090146542 1.088038682937622 -0.024935990571975708
v -0.005019776057451963 1.088038682937622 -0.023469168692827225
v -0.00865990575402975 1.0906137228012085 -0.023571237921714783
v -0.0037667970173060894 1.0969862937927246 -0.02482757531106472
v -0.0037667970173060894 1.0969862937927246 -0.02482757531106472
v -0.003991799429059029 1.0969862937927246 -0.026310604065656662
v -0.003991799429059029 1.0969862937927246 -0.026310604065656662
v -0.009177189320325851 1.0906137228012085 -0.02497922070324421
v -0.009177189320325851 1.0906137228012085 -0.02497922070324421
v -0.00865990575402975 1.0906137228012085 -0.023571237921714783
v -0.012362861074507236 1.093188762664795 -0.022986292839050293
v -0.007511900272220373 1.099561333656311 -0.024995626881718636
v -0.007511900272220373 1.099561333656311 -0.024995626881718636
v -0.007943619042634964 1.099561333656311 -0.026432156562805176
v -0.007943619042634964 1.099561333656311 -0.026432156562805176
v -0.013073370791971684 1.093188762664795 -0.02430734410881996
v -0.013073370791971684 1.093188762664795 -0.02430734410881996
v -0.012362861074507236 1.093188762664795 -0.022986292839050293
v -0.01547832228243351 1.0957636833190918 -0.02101503126323223
v -0.01095887366682291 1.102136254310608 -0.023687826469540596
v -0.01095887366682291 1.102136254310608 -0.023687826469540596
v -0.011588693596422672 1.102136254310608 -0.02504919469356537
v -0.011588693596422672 1.102136254310608 -0.02504919469356537
v -0.016367880627512932 1.0957636833190918 -0.022222790867090225
v -0.016367880627512932 1.0957636833190918 -0.022222790867090225
v -0.01547832228243351 1.0957636833190918 -0.02101503126323223
v -0.01828494854271412 1.0983387231826782 -0.01862446404993534
v -0.014187187887728214 1.1047112941741943 -0.021907389163970947
v -0.014187187887728214 1.1047112941741943 -0.021907389163970947
v -0.015002543106675148 1.1047112941741943 -0.023166434839367867
v -0.015002543106675148 1.1047112941741943 -0.023166434839367867
v -0.019335808232426643 1.0983387231826782 -0.01969483494758606
v -0.019335808232426643 1.0983387231826782 -0.01969483494758606
v -0.01828494854271412 1.0983387231826782 -0.01862446404993534
v -0.02072674222290516 1.1009137630462646 -0.01586228795349598
v -0.017132429406046867 1.1072863340377808 -0.01968984119594097
v -0.017132429406046867 1.1072863340377808 -0.01968984119594097
v -0.01811705157160759 1.1072863340377808 -0.02082144096493721
v -0.01811705157160759 1.1072863340377808 -0.02082144096493721
v -0.021917933598160744 1.1009137630462646 -0.01677391305565834
v -0.021917933598160744 1.1009137630462646 -0.01677391305565834
v -0.02072674222290516 1.1009137630462646 -0.01586228795349598
v -0.022754980251193047 1.1034886837005615 -0.012783616781234741
v -0.019735833629965782 1.1098612546920776 -0.0170794278383255
v -0.019735833629965782 1.1098612546920776 -0.0170794278383255
v -0.02087007649242878 1.1098612546920776 -0.01806100457906723
v -0.02087007649242878 1.1098612546920776 -0.01806100457906723
v -0.024062737822532654 1.1034886837005615 -0.013518307358026505
v -0.024062737822532654 1.1034886837005615 -0.013518307358026505
v -0.022754980251193047 1.1034886837005615 -0.012783616781234741
v -0.02432919666171074 1.106063723564148 -0.00944987777620554
v -0.02194545418024063 1.112436294555664 -0.014128235168755054
v -0.02194545418024063 1.112436294555664 -0.014128235168755054
v -0.023206688463687897 1.112436294555664 -0.014940202236175537
v -0.023206688463687897 1.112436294555664 -0.014940202236175537
v -0.025727426633238792 1.106063723564148 -0.009992973878979683
v -0.025727426633238792 1.106063723564148 -0.009992973878979683
v -0.02432919666171074 1.106063723564148 -0.00944987777620554
v -0.025411980226635933 1.1086387634277344 -0.005926189944148064
v -0.023711606860160828 1.1150113344192505 -0.010892573744058609
v -0.023711606860160828 1.1150113344192505 -0.010892573744058609
v -0.025074664503335953 1.1150113344192505 -0.011518730781972408
v -0.025074664503335953 1.1150113344192505 -0.011518730781972408
v -0.02687278389930725 1.1086387634277344 -0.006266855634748936
v -0.02687278389930725 1.1086387634277344 -0.006266855634748936
v -0.025411980226635933 1.1086387634277344 -0.005926189944148064
v -0.024052146822214127 1.1112136840820312 -0.00211572227999568
v -0.023141968995332718 1.1175862550735474 -0.006887036841362715
v -0.023141968995332718 1.1175862550735474 -0.006887036841362715
v -0.02457965537905693 1.1175862550735474 -0.007314891088753939
v -0.02457965537905693 1.1175862550735474 -0.007314891088753939
v -0.025546375662088394 1.1112136840820312 -0.002247160766273737
v -0.025546375662088394 1.1112136840820312 -0.002247160766273737
v -0.024052146822214127 1.1112136840820312 -0.00211572227999568
v -0.023965489119291306 1.1137887239456177 0.0012865876778960228
v -0.02373805083334446 1.1201612949371338 -0.0035362294875085354
v -0.02373805083334446 1.1201612949371338 -0.0035362294875085354
v -0.025221679359674454 1.1201612949371338 -0.003757243975996971
v -0.025221679359674454 1.1201612949371338 -0.003757243975996971
v -0.02546333335340023 1.1137887239456177 0.0013669994659721851
v -0.02546333335340023 1.1137887239456177 0.0013669994659721851
v -0.023965489119291306 1.1137887239456177 0.0012865876778960228
v -0.023545119911432266 1.116363763809204 0.0046505192294716835
v -0.023999491706490517 1.1227363348007202 -0.00015623026411049068
v -0.023999491706490517 1.1227363348007202 -0.00015623026411049068
v -0.025499459356069565 1.1227363348007202 -0.00016599465743638575
v -0.025499459356069565 1.1227363348007202 -0.00016599465743638575
v -0.02501668967306614 1.116363763809204 0.004941176623106003
v -0.02501668967306614 1.116363763809204 0.004941176623106003
v -0.023545119911432266 1.116363763809204 0.0046505192294716835
v -0.022654961794614792 1.118938684463501 0.00792166031897068
v -0.02378207817673683 1.125311255455017 0.0032268862705677748
v -0.02378207817673683 1.125311255455017 0.0032268862705677748
v -0.02526845782995224 1.125311255455017 0.003428566735237837
v -0.02526845782995224 1.125311255455017 0.003428566735237837
v -0.024070896208286285 1.118938684463501 0.008416764438152313
v -0.024070896208286285 1.118938684463501 0.008416764438152313
v -0.022654961794614792 1.118938684463501 0.00792166031897068
v -0.02131277695298195 1.1215137243270874 0.011034742929041386
v -0.023090146481990814 1.1278862953186035 0.006545617710798979
v -0.023090146481990814 1.1278862953186035 0.006545617710798979
v -0.024533281102776527 1.1278862953186035 0.0069547188468277454
v -0.024533281102776527 1.1278862953186035 0.0069547188468277454
v -0.022644825279712677 1.1215137243270874 0.011724415235221386
v -0.022644825279712677 1.1215137243270874 0.011724415235221386
v -0.02131277695298195 1.1215137243270874 0.011034742929041386
v -0.01954534463584423 1.1240887641906738 0.013927653431892395
v -0.021937506273388863 1.13046133518219 0.009733746759593487
v -0.021937506273388863 1.13046133518219 0.009733746759593487
v -0.02330860123038292 1.13046133518219 0.01034210529178381
v -0.02330860123038292 1.13046133518219 0.01034210529178381
v -0.020766928791999817 1.1240887641906738 0.01479813177138567
v -0.020766928791999817 1.1240887641906738 0.01479813177138567
v -0.01954534463584423 1.1240887641906738 0.013927653431892395
v -0.017387930303812027 1.1266636848449707 0.016542669385671616
v -0.020347153767943382 1.1330362558364868 0.012727661058306694
v -0.020347153767943382 1.1330362558364868 0.012727661058306694
v -0.021618850529193878 1.1330362558364868 0.013523139990866184
v -0.021618850529193878 1.1330362558364868 0.013523139990866184
v -0.018474675714969635 1.1266636848449707 0.017576586455106735
v -0.018474675714969635 1.1266636848449707 0.017576586455106735
v -0.017387930303812027 1.1266636848449707 0.016542669385671616
v -0.01488357875496149 1.1292387247085571 0.018827615305781364
v -0.018350819125771523 1.1356112957000732 0.015467624180018902
v -0.018350819125771523 1.1356112957000732 0.015467624180018902
v -0.019497746601700783 1.1356112957000732 0.016434350982308388
v -0.019497746601700783 1.1356112957000732 0.016434350982308388
v -0.015813803300261497 1.1292387247085571 0.02000434137880802
v -0.015813803300261497 1.1292387247085571 0.02000434137880802
v -0.01488357875496149 1.1292387247085571 0.018827615305781364
v -0.01208226103335619 1.1318137645721436 0.020736899226903915
v -0.015988338738679886 1.1381863355636597 0.01789896748960018
v -0.015988338738679886 1.1381863355636597 0.01789896748960018
v -0.01698761060833931 1.1381863355636597 0.019017653539776802
v -0.01698761060833931 1.1381863355636597 0.019017653539776802
v -0.012837402522563934 1.1318137645721436 0.022032955661416054
v -0.012837402522563934 1.1318137645721436 0.022032955661416054
v -0.01208226103335619 1.1318137645721436 0.020736899226903915
v -0.009039869531989098 1.1343886852264404 0.022232426330447197
v -0.013306846842169762 1.1407612562179565 0.01997317746281624
v -0.013306846842169762 1.1407612562179565 0.01997317746281624
v -0.014138524420559406 1.1407612562179565 0.021221501752734184
v -0.014138524420559406 1.1407612562179565 0.021221501752734184
v -0.009604861959815025 1.1343886852264404 0.023621952161192894
v -0.009604861959815025 1.1343886852264404 0.023621952161192894
v -0.009039869531989098 1.1343886852264404 0.022232426330447197
v -0.005817108787596226 1.1369637250900269 0.02328435704112053
v -0.01035984791815281 1.143336296081543 0.021648868918418884
v -0.01035984791815281 1.143336296081543 0.021648868918418884
v -0.011007338762283325 1.143336296081543 0.02300192415714264
v -0.011007338762283325 1.143336296081543 0.02300192415714264
v -0.006180678028613329 1.1369637250900269 0.02473962865769863
v -0.006180678028613329 1.1369637250900269 0.02473962865769863
v -0.005817108787596226 1.1369637250900269 0.02328435704112053
v -0.0024782808031886816 1.1395387649536133 0.02387170121073723
v -0.007206141948699951 1.1459113359451294 0.022892609238624573
v -0.007206141948699951 1.1459113359451294 0.022892609238624573
v -0.007656525820493698 1.1459113359451294 0.024323396384716034
v -0.007656525820493698 1.1459113359451294 0.024323396384716034
v -0.0026331734843552113 1.1395387649536133 0.025363681837916374
v -0.0026331734843552113 1.1395387649536133 0.025363681837916374
v -0.0024782808031886816 1.1395387649536133 0.02387170121073723
v 0.0009099954040721059 1.1421136856079102 0.023982742801308632
v -0.00390865420922637 1.1484862565994263 0.0236795786768198
v -0.00390865420922637 1.1484862565994263 0.0236795786768198
v -0.00415294524282217 1.1484862565994263 0.025159552693367004
v -0.00415294524282217 1.1484862565994263 0.025159552693367004
v 0.0009668701677583158 1.1421136856079102 0.025481663644313812
v 0.0009668701677583158 1.1421136856079102 0.025481663644313812
v 0.0009099954040721059 1.1421136856079102 0.023982742801308632
v 0.004280115012079477 1.1446887254714966 0.023615261539816856
v -0.0005331786233000457 1.1510612964630127 0.023994076997041702
v -0.0005331786233000457 1.1510612964630127 0.023994076997041702
v -0.0005665022763423622 1.1510612964630127 0.02549370750784874
v -0.0005665022763423622 1.1510612964630127 0.02549370750784874
v 0.004547622054815292 1.1446887254714966 0.02509121596813202
v 0.004547622054815292 1.1446887254714966 0.02509121596813202
v 0.004280115012079477 1.1446887254714966 0.023615261539816856
v 0.007742424961179495 1.147263765335083 0.023311292752623558
v 0.0029199104756116867 1.1536363363265991 0.024389252066612244
v 0.0029199104756116867 1.1536363363265991 0.024389252066612244
v 0.003098218934610486 1.1536363363265991 0.02587861754000187
v 0.003098218934610486 1.1536363363265991 0.02587861754000187
v 0.008215227164328098 1.147263765335083 0.024734830483794212
v 0.008215227164328098 1.147263765335083 0.024734830483794212
v 0.007742424961179495 1.147263765335083 0.023311292752623558
v 0.011634744703769684 1.1498386859893799 0.023363277316093445
v 0.006723062135279179 1.156211256980896 0.025219246745109558
v 0.006723062135279179 1.156211256980896 0.025219246745109558
v 0.007109445054084063 1.156211256980896 0.026668628677725792
v 0.007109445054084063 1.156211256980896 0.026668628677725792
v 0.012303408235311508 1.1498386859893799 0.024705994874238968
v 0.012303408235311508 1.1498386859893799 0.024705994874238968
v 0.011634744703769684 1.1498386859893799 0.023363277316093445
v 0.014810586348176003 1.1524137258529663 0.021490847691893578
v 0.01020941324532032 1.1587862968444824 0.0240203645080328
v 0.01020941324532032 1.1587862968444824 0.0240203645080328
v 0.010796161368489265 1.1587862968444824 0.02540084533393383
v 0.010796161368489265 1.1587862968444824 0.02540084533393383
v 0.01566177047789097 1.1524137258529663 0.02272595278918743
v 0.01566177047789097 1.1524137258529663 0.02272595278918743
v 0.014810586348176003 1.1524137258529663 0.021490847691893578
v 0.01769091747701168 1.1549887657165527 0.019189616665244102
v 0.013492059893906116 1.1613613367080688 0.02234220877289772
v 0.013492059893906116 1.1613613367080688 0.02234220877289772
v 0.014267465099692345 1.1613613367080688 0.023626243695616722
v 0.014267465099692345 1.1613613367080688 0.023626243695616722
v 0.01870763674378395 1.1549887657165527 0.02029246836900711
v 0.01870763674378395 1.1549887657165527 0.02029246836900711
v 0.01769091747701168 1.1549887657165527 0.019189616665244102
v 0.020218268036842346 1.1575636863708496 0.01650550402700901
v 0.01650550402700901 1.1639362573623657 0.020218268036842346
v 0.01650550402700901 1.1639362573623657 0.020218268036842346
v 0.01745409518480301 1.1639362573623657 0.021380238234996796
v 0.01745409518480301 1.1639362573623657 0.021380238234996796
v 0.021380238234996796 1.1575636863708496 0.01745409518480301
v 0.021380238234996796 1.1575636863708496 0.01745409518480301
v 0.020218268036842346 1.1575636863708496 0.01650550402700901
v 0.02234220877289772 1.160138726234436 0.013492059893906116
v 0.019189616665244102 1.1665112972259521 0.01769091747701168
v 0.019189616665244102 1.1665112972259521 0.01769091747701168
v 0.02029246836900711 1.1665112972259521 0.01870763674378395
v 0.02029246836900711 1.1665112972259521 0.01870763674378395
v 0.023626243695616722 1.160138726234436 0.014267465099692345
v 0.023626243695616722 1.160138726234436 0.014267465099692345
v 0.02234220877289772 1.160138726234436 0.013492059893906116
v 0.0240203645080328 1.1627137660980225 0.01020941324532032
v 0.021490847691893578 1.1690863370895386 0.014810586348176003
v 0.021490847691893578 1.1690863370895386 0.014810586348176003
v 0.02272595278918743 1.1690863370895386 0.01566177047789097
v 0.02272595278918743 1.1690863370895386 0.01566177047789097
v 0.02540084533393383 1.1627137660980225 0.010796161368489265
v 0.02540084533393383 1.1627137660980225 0.010796161368489265
v 0.0240203645080328 1.1627137660980225 0.01020941324532032
v 0.025219246745109558 1.1652886867523193 0.006723062135279179
v 0.023363277316093445 1.1716612577438354 0.011634744703769684
v 0.023363277316093445 1.1716612577438354 0.011634744703769684
v 0.024705994874238968 1.1716612577438354 0.012303408235311508
v 0.024705994874238968 1.1716612577438354 0.012303408235311508
v 0.026668628677725792 1.1652886867523193 0.007109445054084063
v 0.026668628677725792 1.1652886867523193 0.007109445054084063
v 0.025219246745109558 1.1652886867523193 0.006723062135279179
v 0.024389252066612244 1.1678637266159058 0.0029199104756116867
v 0.023311292752623558 1.1742362976074219 0.007742424961179495
v 0.023311292752623558 1.1742362976074219 0.007742424961179495
v 0.024734830483794212 1.1742362976074219 0.008215227164328098
v 0.024734830483794212 1.1742362976074219 0.008215227164328098
v 0.02587861754000187 1.1678637266159058 0.003098218934610486
v 0.02587861754000187 1.1678637266159058 0.003098218934610486
v 0.024389252066612244 1.1678637266159058 0.0029199104756116867
v 0.023994076997041702 1.1704387664794922 -0.0005331786233000457
v 0.023615261539816856 1.1768113374710083 0.004280115012079477
v 0.023615261539816856 1.1768113374710083 0.004280115012079477
v 0.02509121596813202 1.1768113374710083 0.004547622054815292
v 0.02509121596813202 1.1768113374710083 0.004547622054815292
v 0.02549370750784874 1.1704387664794922 -0.0005665022763423622
v 0.02549370750784874 1.1704387664794922 -0.0005665022763423622
v 0.023994076997041702 1.1704387664794922 -0.0005331786233000457
v 0.0236795786768198 1.173013687133789 -0.00390865420922637
v 0.023982742801308632 1.1793862581253052 0.0009099954040721059
v 0.023982742801308632 1.1793862581253052 0.0009099954040721059
v 0.025481663644313812 1.1793862581253052 0.0009668701677583158
v 0.025481663644313812 1.1793862581253052 0.0009668701677583158
v 0.025159552693367004 1.173013687133789 -0.00415294524282217
v 0.025159552693367004 1.173013687133789 -0.00415294524282217
v 0.0236795786768198 1.173013687133789 -0.00390865420922637
v 0.022892609238624573 1.1755887269973755 -0.007206141948699951
v 0.02387170121073723 1.1819612979888916 -0.0024782808031886816
v 0.02387170121073723 1.1819612979888916 -0.0024782808031886816
v 0.025363681837916374 1.1819612979888916 -0.0026331734843552113
v 0.025363681837916374 1.1819612979888916 -0.0026331734843552113
v 0.024323396384716034 1.1755887269973755 -0.007656525820493698
v 0.024323396384716034 1.1755887269973755 -0.007656525820493698
v 0.022892609238624573 1.1755887269973755 -0.007206141948699951
v 0.021648868918418884 1.178163766860962 -0.01035984791815281
v 0.02328435704112053 1.184536337852478 -0.005817108787596226
v 0.02328435704112053 1.184536337852478 -0.005817108787596226
v 0.02473962865769863 1.184536337852478 -0.006180678028613329
v 0.02473962865769863 1.184536337852478 -0.006180678028613329
v 0.02300192415714264 1.178163766860962 -0.011007338762283325
v 0.02300192415714264 1.178163766860962 -0.011007338762283325
v 0.021648868918418884 1.178163766860962 -0.01035984791815281
v 0.01997317746281624 1.1807386875152588 -0.013306846842169762
v 0.022232426330447197 1.187111258506775 -0.009039869531989098
v 0.022232426330447197 1.187111258506775 -0.009039869531989098
v 0.023621952161192894 1.187111258506775 -0.009604861959815025
v 0.023621952161192894 1.187111258506775 -0.009604861959815025
v 0.021221501752734184 1.1807386875152588 -0.014138524420559406
v 0.021221501752734184 1.1807386875152588 -0.014138524420559406
v 0.01997317746281624 1.1807386875152588 -0.013306846842169762
v 0.01789896748960018 1.1833137273788452 -0.015988338738679886
v 0.020736899226903915 1.1896862983703613 -0.01208226103335619
v 0.020736899226903915 1.1896862983703613 -0.01208226103335619
v 0.022032955661416054 1.1896862983703613 -0.012837402522563934
v 0.022032955661416054 1.1896862983703613 -0.012837402522563934
v 0.019017653539776802 1.1833137273788452 -0.01698761060833931
v 0.019017653539776802 1.1833137273788452 -0.01698761060833931
v 0.01789896748960018 1.1833137273788452 -0.015988338738679886
v 0.015467624180018902 1.1858887672424316 -0.018350819125771523
v 0.018827615305781364 1.1922613382339478 -0.01488357875496149
v 0.018827615305781364 1.1922613382339478 -0.01488357875496149
v 0.02000434137880802 1.1922613382339478 -0.015813803300261497
v 0.02000434137880802 1.1922613382339478 -0.015813803300261497
v 0.016434350982308388 1.1858887672424316 -0.019497746601700783
v 0.016434350982308388 1.1858887672424316 -0.019497746601700783
v 0.015467624180018902 1.1858887672424316 -0.018350819125771523
v 0.012727661058306694 1.1884636878967285 -0.020347153767943382
v 0.016542669385671616 1.1948362588882446 -0.017387930303812027
v 0.016542669385671616 1.1948362588882446 -0.017387930303812027
v 0.017576586455106735 1.1948362588882446 -0.018474675714969635
v 0.017576586455106735 1.1948362588882446 -0.018474675714969635
v 0.013523139990866184 1.1884636878967285 -0.021618850529193878
v 0.013523139990866184 1.1884636878967285 -0.021618850529193878
v 0.012727661058306694 1.1884636878967285 -0.020347153767943382
v 0.009733746759593487 1.191038727760315 -0.021937506273388863
v 0.013927653431892395 1.197411298751831 -0.01954534463584423
v 0.013927653431892395 1.197411298751831 -0.01954534463584423
v 0.01479813177138567 1.197411298751831 -0.020766928791999817
v 0.01479813177138567 1.197411298751831 -0.020766928791999817
v 0.01034210529178381 1.191038727760315 -0.02330860123038292
v 0.01034210529178381 1.191038727760315 -0.02330860123038292
v 0.009733746759593487 1.191038727760315 -0.021937506273388863
v 0.006545617710798979 1.1936137676239014 -0.023090146481990814
v 0.011034742929041386 1.1999863386154175 -0.02131277695298195
v 0.011034742929041386 1.1999863386154175 -0.02131277695298195
v 0.011724415235221386 1.1999863386154175 -0.022644825279712677
v 0.011724415235221386 1.1999863386154175 -0.022644825279712677
v 0.0069547188468277454 1.1936137676239014 -0.024533281102776527
v 0.0069547188468277454 1.1936137676239014 -0.024533281102776527
v 0.006545617710798979 1.1936137676239014 -0.023090146481990814
v 0.0032268862705677748 1.1961886882781982 -0.02378207817673683
v 0.00792166031897068 1.2025612592697144 -0.022654961794614792
v 0.00792166031897068 1.2025612592697144 -0.022654961794614792
v 0.008416764438152313 1.2025612592697144 -0.024070896208286285
v 0.008416764438152313 1.2025612592697144 -0.024070896208286285
v 0.003428566735237837 1.1961886882781982 -0.02526845782995224
v 0.003428566735237837 1.1961886882781982 -0.02526845782995224
v 0.0032268862705677748 1.1961886882781982 -0.02378207817673683
v -0.00015623026411049068 1.1987637281417847 -0.023999491706490517
v 0.0046505192294716835 1.2051362991333008 -0.023545119911432266
v 0.0046505192294716835 1.2051362991333008 -0.023545119911432266
v 0.004941176623106003 1.2051362991333008 -0.02501668967306614
v 0.004941176623106003 1.2051362991333008 -0.02501668967306614
v -0.00016599465743638575 1.1987637281417847 -0.025499459356069565
v -0.00016599465743638575 1.1987637281417847 -0.025499459356069565
v -0.00015623026411049068 1.1987637281417847 -0.023999491706490517
v -0.0035362294875085354 1.201338768005371 -0.02373805083334446
v 0.0012865876778960228 1.2077113389968872 -0.023965489119291306
v 0.0012865876778960228 1.2077113389968872 -0.023965489119291306
v 0.0013669994659721851 1.2077113389968872 -0.02546333335340023
v 0.0013669994659721851 1.2077113389968872 -0.02546333335340023
v -0.003757243975996971 1.201338768005371 -0.025221679359674454
v -0.003757243975996971 1.201338768005371 -0.025221679359674454
v -0.0035362294875085354 1.201338768005371 -0.02373805083334446
v -0.006887036841362715 1.203913688659668 -0.023141968995332718
v -0.00211572227999568 1.210286259651184 -0.024052146822214127
v -0.00211572227999568 1.210286259651184 -0.024052146822214127
v -0.002247160766273737 1.210286259651184 -0.025546375662088394
v -0.002247160766273737 1.210286259651184 -0.025546375662088394
v -0.007314891088753939 1.203913688659668 -0.02457965537905693
v -0.007314891088753939 1.203913688659668 -0.02457965537905693
v -0.006887036841362715 1.203913688659668 -0.023141968995332718
v -0.010892573744058609 1.2064887285232544 -0.023711606860160828
v -0.005926189944148064 1.2128612995147705 -0.025411980226635933
v -0.005926189944148064 1.2128612995147705 -0.025411980226635933
v -0.006266855634748936 1.2128612995147705 -0.02687278389930725
v -0.006266855634748936 1.2128612995147705 -0.02687278389930725
v -0.011518730781972408 1.2064887285232544 -0.025074664503335953
v -0.011518730781972408 1.2064887285232544 -0.025074664503335953
v -0.010892573744058609 1.2064887285232544 -0.023711606860160828
v -0.014128235168755054 1.2090637683868408 -0.02194545418024063
v -0.00944987777620554 1.215436339378357 -0.02432919666171074
v -0.00944987777620554 1.215436339378357 -0.02432919666171074
v -0.009992973878979683 1.215436339378357 -0.025727426633238792
v -0.009992973878979683 1.215436339378357 -0.025727426633238792
v -0.014940202236175537 1.2090637683868408 -0.023206688463687897
v -0.014940202236175537 1.2090637683868408 -0.023206688463687897
v -0.014128235168755054 1.2090637683868408 -0.02194545418024063
v -0.0170794278383255 1.2116386890411377 -0.019735833629965782
v -0.012783616781234741 1.2180112600326538 -0.022754980251193047
v -0.012783616781234741 1.2180112600326538 -0.022754980251193047
v -0.013518307358026505 1.2180112600326538 -0.024062737822532654
v -0.013518307358026505 1.2180112600326538 -0.024062737822532654
v -0.01806100457906723 1.2116386890411377 -0.02087007649242878
v -0.01806100457906723 1.2116386890411377 -0.02087007649242878
v -0.0170794278383255 1.2116386890411377 -0.019735833629965782
v -0.01968984119594097 1.2142137289047241 -0.017132429406046867
v -0.01586228795349598 1.2205862998962402 -0.02072674222290516
v -0.01586228795349598 1.2205862998962402 -0.02072674222290516
v -0.01677391305565834 1.2205862998962402 -0.021917933598160744
v -0.01677391305565834 1.2205862998962402 -0.021917933598160744
v -0.02082144096493721 1.2142137289047241 -0.01811705157160759
v -0.02082144096493721 1.2142137289047241 -0.01811705157160759
v -0.01968984119594097 1.2142137289047241 -0.017132429406046867
v -0.021907389163970947 1.2167887687683105 -0.014187187887728214
v -0.01862446404993534 1.2231613397598267 -0.01828494854271412
v -0.01862446404993534 1.2231613397598267 -0.01828494854271412
v -0.01969483494758606 1.2231613397598267 -0.019335808232426643
v -0.01969483494758606 1.2231613397598267 -0.019335808232426643
v -0.023166434839367867 1.2167887687683105 -0.015002543106675148
v -0.023166434839367867 1.2167887687683105 -0.015002543106675148
v -0.021907389163970947 1.2167887687683105 -0.014187187887728214
v -0.023687826469540596 1.2193636894226074 -0.01095887366682291
v -0.02101503126323223 1.2257362604141235 -0.01547832228243351
v -0.02101503126323223 1.2257362604141235 -0.01547832228243351
v -0.022222790867090225 1.2257362604141235 -0.016367880627512932
v -0.022222790867090225 1.2257362604141235 -0.016367880627512932
v -0.02504919469356537 1.2193636894226074 -0.011588693596422672
v -0.02504919469356537 1.2193636894226074 -0.011588693596422672
v -0.023687826469540596 1.2193636894226074 -0.01095887366682291
v -0.024995626881718636 1.2219387292861938 -0.007511900272220373
v -0.022986292839050293 1.22831130027771 -0.012362861074507236
v -0.022986292839050293 1.22831130027771 -0.012362861074507236
v -0.02430734410881996 1.22831130027771 -0.013073370791971684
v -0.02430734410881996 1.22831130027771 -0.013073370791971684
v -0.026432156562805176 1.2219387292861938 -0.007943619042634964
v -0.026432156562805176 1.2219387292861938 -0.007943619042634964
v -0.024995626881718636 1.2219387292861938 -0.007511900272220373
v -0.02482757531106472 1.2245137691497803 -0.0037667970173060894
v -0.023571237921714783 1.2308863401412964 -0.00865990575402975
v -0.023571237921714783 1.2308863401412964 -0.00865990575402975
v -0.02497922070324421 1.2308863401412964 -0.009177189320325851
v -0.02497922070324421 1.2308863401412964 -0.009177189320325851
v -0.026310604065656662 1.2245137691497803 -0.003991799429059029
v -0.026310604065656662 1.2245137691497803 -0.003991799429059029
v -0.02482757531106472 1.2245137691497803 -0.0037667970173060894
v -0.023998985067009926 1.2270886898040771 -0.00022075662855058908
v -0.023469168692827225 1.2334612607955933 -0.005019776057451963
v -0.023469168692827225 1.2334612607955933 -0.005019776057451963
v -0.024935990571975708 1.2334612607955933 -0.005333512090146542
v -0.024935990571975708 1.2334612607955933 -0.005333512090146542
v -0.025498921051621437 1.2270886898040771 -0.00023455392511095852
v -0.025498921051621437 1.2270886898040771 -0.00023455392511095852
v -0.023998985067009926 1.2270886898040771 -0.00022075662855058908
v -0.023790666833519936 1.2296637296676636 0.003162932116538286
v -0.02394232340157032 1.2360363006591797 -0.0016628624871373177
v -0.02394232340157032 1.2360363006591797 -0.0016628624871373177
v -0.025438720360398293 1.2360363006591797 -0.001766791450791061
v -0.025438720360398293 1.2360363006591797 -0.001766791450791061
v -0.02527758479118347 1.2296637296676636 0.0033606155775487423
v -0.02527758479118347 1.2296637296676636 0.0033606155775487423
v -0.023790666833519936 1.2296637296676636 0.003162932116538286
v -0.023107662796974182 1.23223876953125 0.006483511999249458
v -0.0239377673715353 1.2386113405227661 0.0017272296827286482
v -0.0239377673715353 1.2386113405227661 0.0017272296827286482
v -0.025433877483010292 1.2386113405227661 0.0018351816106587648
v -0.025433877483010292 1.2386113405227661 0.0018351816106587648
v -0.024551890790462494 1.23223876953125 0.006888731382787228
v -0.024551890790462494 1.23223876953125 0.006888731382787228
v -0.023107662796974182 1.23223876953125 0.006483511999249458
v -0.02196359820663929 1.2348136901855469 0.009674728848040104
v -0.023455586284399033 1.241186261177063 0.005082859192043543
v -0.023455586284399033 1.241186261177063 0.005082859192043543
v -0.024921560660004616 1.241186261177063 0.005400537978857756
v -0.024921560660004616 1.241186261177063 0.005400537978857756
v -0.023336322978138924 1.2348136901855469 0.01027939934283495
v -0.023336322978138924 1.2348136901855469 0.01027939934283495
v -0.02196359820663929 1.2348136901855469 0.009674728848040104
v 0.002414088696241379 1.0288137197494507 0.023878278210759163
v -0.0025649690069258213 1.0351862907409668 0.02537067048251629
v -0.002414088696241379 1.0351862907409668 0.023878278210759163
v 0.0025649690069258213 1.0288137197494507 0.02537067048251629
v -0.02196359820663929 1.2348136901855469 0.009674728848040104
v -0.023455586284399033 1.241186261177063 0.005082859192043543
v -0.024921560660004616 1.241186261177063 0.005400537978857756
v -0.023336322978138924 1.2348136901855469 0.01027939934283495
vt 0 0
vt 1 0
vt 0 0.012500000186264515
vt 1 0.012500000186264515
vt 1 0
vt 1 0
vt 1 0.012500000186264515
vt 1 0.012500000186264515
vt 1 0
vt 0 0
vt 1 0.012500000186264515
vt 0 0.012500000186264515
vt 0 0
vt 0 0
vt 0 0.012500000186264515
vt 0 0.012500000186264515
vt 0 0.02500000037252903
vt 1 0.02500000037252903
vt 1 0.02500000037252903
vt 1 0.02500000037252903
vt 1 0.02500000037252903
vt 0 0.02500000037252903
vt 0 0.02500000037252903
vt 0 0.02500000037252903
vt 0 0.03750000149011612
vt 1 0.03750000149011612
vt 1 0.03750000149011612
vt 1 0.03750000149011612
vt 1 0.03750000149011612
vt 0 0.03750000149011612
vt 0 0.03750000149011612
vt 0 0.03750000149011612
vt 0 0.05000000074505806
vt 1 0.05000000074505806
vt 1 0.05000000074505806
vt 1 0.05000000074505806
vt 1 0.05000000074505806
vt 0 0.05000000074505806
vt 0 0.05000000074505806
vt 0 0.05000000074505806
vt 0 0.0625
vt 1 0.0625
vt 1 0.0625
vt 1 0.0625
vt 1 0.0625
vt 0 0.0625
vt 0 0.0625
vt 0 0.0625
vt 0 0.07500000298023224
vt 1 0.07500000298023224
vt 1 0.07500000298023224
vt 1 0.07500000298023224
vt 1 0.07500000298023224
vt 0 0.07500000298023224
vt 0 0.07500000298023224
vt 0 0.07500000298023224
vt 0 0.08749999850988388
vt 1 0.08749999850988388
vt 1 0.08749999850988388
vt 1 0.08749999850988388
vt 1 0.08749999850988388
vt 0 0.08749999850988388
vt 0 0.08749999850988388
vt 0 0.08749999850988388
vt 0 0.10000000149011612
vt 1 0.10000000149011612
vt 1 0.10000000149011612
vt 1 0.10000000149011612
vt 1 0.10000000149011612
vt 0 0.10000000149011612
vt 0 0.10000000149011612
vt 0 0.10000000149011612
vt 0 0.11249999701976776
vt 1 0.11249999701976776
vt 1 0.11249999701976776
vt 1 0.11249999701976776
vt 1 0.11249999701976776
vt 0 0.11249999701976776
vt 0 0.11249999701976776
vt 0 0.11249999701976776
vt 0 0.125
vt 1 0.125
vt 1 0.125
vt 1 0.125
vt 1 0.125
vt 0 0.125
vt 0 0.125
vt 0 0.125
vt 0 0.13750000298023224
vt 1 0.13750000298023224
vt 1 0.13750000298023224
vt 1 0.13750000298023224
vt 1 0.13750000298023224
vt 0 0.13750000298023224
vt 0 0.13750000298023224
vt 0 0.13750000298023224
vt 0 0.15000000596046448
vt 1 0.15000000596046448
vt 1 0.15000000596046448
vt 1 0.15000000596046448
vt 1 0.15000000596046448
vt 0 0.15000000596046448
vt 0 0.15000000596046448
vt 0 0.15000000596046448
vt 0 0.16249999403953552
vt 1 0.16249999403953552
vt 1 0.16249999403953552
vt 1 0.16249999403953552
vt 1 0.16249999403953552
vt 0 0.16249999403953552
vt 0 0.16249999403953552
vt 0 0.16249999403953552
vt 0 0.17499999701976776
vt 1 0.17499999701976776
vt 1 0.17499999701976776
vt 1 0.17499999701976776
vt 1 0.17499999701976776
vt 0 0.17499999701976776
vt 0 0.17499999701976776
vt 0 0.17499999701976776
vt 0 0.1875
vt 1 0.1875
vt 1 0.1875
vt 1 0.1875
vt 1 0.1875
vt 0 0.1875
vt 0 0.1875
vt 0 0.1875
vt 0 0.20000000298023224
vt 1 0.20000000298023224
vt 1 0.20000000298023224
vt 1 0.20000000298023224
vt 1 0.20000000298023224
vt 0 0.20000000298023224
vt 0 0.20000000298023224
vt 0 0.20000000298023224
vt 0 0.21250000596046448
vt 1 0.21250000596046448
vt 1 0.21250000596046448
vt 1 0.21250000596046448
vt 1 0.21250000596046448
vt 0 0.21250000596046448
vt 0 0.21250000596046448
vt 0 0.21250000596046448
vt 0 0.22499999403953552
vt 1 0.22499999403953552
vt 1 0.22499999403953552
vt 1 0.22499999403953552
vt 1 0.22499999403953552
vt 0 0.22499999403953552
vt 0 0.22499999403953552
vt 0 0.22499999403953552
vt 0 0.23749999701976776
vt 1 0.23749999701976776
vt 1 0.23749999701976776
vt 1 0.23749999701976776
vt 1 0.23749999701976776
vt 0 0.23749999701976776
vt 0 0.23749999701976776
vt 0 0.23749999701976776
vt 0 0.25
vt 1 0.25
vt 1 0.25
vt 1 0.25
vt 1 0.25
vt 0 0.25
vt 0 0.25
vt 0 0.25
vt 0 0.26249998807907104
vt 1 0.26249998807907104
vt 1 0.26249998807907104
vt 1 0.26249998807907104
vt 1 0.26249998807907104
vt 0 0.26249998807907104
vt 0 0.26249998807907104
vt 0 0.26249998807907104
vt 0 0.2750000059604645
vt 1 0.2750000059604645
vt 1 0.2750000059604645
vt 1 0.2750000059604645
vt 1 0.2750000059604645
vt 0 0.2750000059604645
vt 0 0.2750000059604645
vt 0 0.2750000059604645
vt 0 0.2874999940395355
vt 1 0.2874999940395355
vt 1 0.2874999940395355
vt 1 0.2874999940395355
vt 1 0.2874999940395355
vt 0 0.2874999940395355
vt 0 0.2874999940395355
vt 0 0.2874999940395355
vt 0 0.30000001192092896
vt 1 0.30000001192092896
vt 1 0.30000001192092896
vt 1 0.30000001192092896
vt 1 0.30000001192092896
vt 0 0.30000001192092896
vt 0 0.30000001192092896
vt 0 0.30000001192092896
vt 0 0.3125
vt 1 0.3125
vt 1 0.3125
vt 1 0.3125
vt 1 0.3125
vt 0 0.3125
vt 0 0.3125
vt 0 0.3125
vt 0 0.32499998807907104
vt 1 0.32499998807907104
vt 1 0.32499998807907104
vt 1 0.32499998807907104
vt 1 0.32499998807907104
vt 0 0.32499998807907104
vt 0 0.32499998807907104
vt 0 0.32499998807907104
vt 0 0.3375000059604645
vt 1 0.3375000059604645
vt 1 0.3375000059604645
vt 1 0.3375000059604645
vt 1 0.3375000059604645
vt 0 0.3375000059604645
vt 0 0.3375000059604645
vt 0 0.3375000059604645
vt 0 0.3499999940395355
vt 1 0.3499999940395355
vt 1 0.3499999940395355
vt 1 0.3499999940395355
vt 1 0.3499999940395355
vt 0 0.3499999940395355
vt 0 0.3499999940395355
vt 0 0.3499999940395355
vt 0 0.36250001192092896
vt 1 0.36250001192092896
vt 1 0.36250001192092896
vt 1 0.36250001192092896
vt 1 0.36250001192092896
vt 0 0.36250001192092896
vt 0 0.36250001192092896
vt 0 0.36250001192092896
vt 0 0.375
vt 1 0.375
vt 1 0.375
vt 1 0.375
vt 1 0.375
vt 0 0.375
vt 0 0.375
vt 0 0.375
vt 0 0.38749998807907104
vt 1 0.38749998807907104
vt 1 0.38749998807907104
vt 1 0.38749998807907104
vt 1 0.38749998807907104
vt 0 0.38749998807907104
vt 0 0.38749998807907104
vt 0 0.38749998807907104
vt 0 0.4000000059604645
vt 1 0.4000000059604645
vt 1 0.4000000059604645
vt 1 0.4000000059604645
vt 1 0.4000000059604645
vt 0 0.4000000059604645
vt 0 0.4000000059604645
vt 0 0.4000000059604645
vt 0 0.4124999940395355
vt 1 0.4124999940395355
vt 1 0.4124999940395355
vt 1 0.4124999940395355
vt 1 0.4124999940395355
vt 0 0.4124999940395355
vt 0 0.4124999940395355
vt 0 0.4124999940395355
vt 0 0.42500001192092896
vt 1 0.42500001192092896
vt 1 0.42500001192092896
vt 1 0.42500001192092896
vt 1 0.42500001192092896
vt 0 0.42500001192092896
vt 0 0.42500001192092896
vt 0 0.42500001192092896
vt 0 0.4375
vt 1 0.4375
vt 1 0.4375
vt 1 0.4375
vt 1 0.4375
vt 0 0.4375
vt 0 0.4375
vt 0 0.4375
vt 0 0.44999998807907104
vt 1 0.44999998807907104
vt 1 0.44999998807907104
vt 1 0.44999998807907104
vt 1 0.44999998807907104
vt 0 0.44999998807907104
vt 0 0.44999998807907104
vt 0 0.44999998807907104
vt 0 0.4625000059604645
vt 1 0.4625000059604645
vt 1 0.4625000059604645
vt 1 0.4625000059604645
vt 1 0.4625000059604645
vt 0 0.4625000059604645
vt 0 0.4625000059604645
vt 0 0.4625000059604645
vt 0 0.4749999940395355
vt 1 0.4749999940395355
vt 1 0.4749999940395355
vt 1 0.4749999940395355
vt 1 0.4749999940395355
vt 0 0.4749999940395355
vt 0 0.4749999940395355
vt 0 0.4749999940395355
vt 0 0.48750001192092896
vt 1 0.48750001192092896
vt 1 0.48750001192092896
vt 1 0.48750001192092896
vt 1 0.48750001192092896
vt 0 0.48750001192092896
vt 0 0.48750001192092896
vt 0 0.48750001192092896
vt 0 0.5
vt 1 0.5
vt 1 0.5
vt 1 0.5
vt 1 0.5
vt 0 0.5
vt 0 0.5
vt 0 0.5
vt 0 0.512499988079071
vt 1 0.512499988079071
vt 1 0.512499988079071
vt 1 0.512499988079071
vt 1 0.512499988079071
vt 0 0.512499988079071
vt 0 0.512499988079071
vt 0 0.512499988079071
vt 0 0.5249999761581421
vt 1 0.5249999761581421
vt 1 0.5249999761581421
vt 1 0.5249999761581421
vt 1 0.5249999761581421
vt 0 0.5249999761581421
vt 0 0.5249999761581421
vt 0 0.5249999761581421
vt 0 0.5375000238418579
vt 1 0.5375000238418579
vt 1 0.5375000238418579
vt 1 0.5375000238418579
vt 1 0.5375000238418579
vt 0 0.5375000238418579
vt 0 0.5375000238418579
vt 0 0.5375000238418579
vt 0 0.550000011920929
vt 1 0.550000011920929
vt 1 0.550000011920929
vt 1 0.550000011920929
vt 1 0.550000011920929
vt 0 0.550000011920929
vt 0 0.550000011920929
vt 0 0.550000011920929
vt 0 0.5625
vt 1 0.5625
vt 1 0.5625
vt 1 0.5625
vt 1 0.5625
vt 0 0.5625
vt 0 0.5625
vt 0 0.5625
vt 0 0.574999988079071
vt 1 0.574999988079071
vt 1 0.574999988079071
vt 1 0.574999988079071
vt 1 0.574999988079071
vt 0 0.574999988079071
vt 0 0.574999988079071
vt 0 0.574999988079071
vt 0 0.5874999761581421
vt 1 0.5874999761581421
vt 1 0.5874999761581421
vt 1 0.5874999761581421
vt 1 0.5874999761581421
vt 0 0.5874999761581421
vt 0 0.5874999761581421
vt 0 0.5874999761581421
vt 0 0.6000000238418579
vt 1 0.6000000238418579
vt 1 0.6000000238418579
vt 1 0.6000000238418579
vt 1 0.6000000238418579
vt 0 0.6000000238418579
vt 0 0.6000000238418579
vt 0 0.6000000238418579
vt 0 0.612500011920929
vt 1 0.612500011920929
vt 1 0.612500011920929
vt 1 0.612500011920929
vt 1 0.612500011920929
vt 0 0.612500011920929
vt 0 0.612500011920929
vt 0 0.612500011920929
vt 0 0.625
vt 1 0.625
vt 1 0.625
vt 1 0.625
vt 1 0.625
vt 0 0.625
vt 0 0.625
vt 0 0.625
vt 0 0.637499988079071
vt 1 0.637499988079071
vt 1 0.637499988079071
vt 1 0.637499988079071
vt 1 0.637499988079071
vt 0 0.637499988079071
vt 0 0.637499988079071
vt 0 0.637499988079071
vt 0 0.6499999761581421
vt 1 0.6499999761581421
vt 1 0.6499999761581421
vt 1 0.6499999761581421
vt 1 0.6499999761581421
vt 0 0.6499999761581421
vt 0 0.6499999761581421
vt 0 0.6499999761581421
vt 0 0.6625000238418579
vt 1 0.6625000238418579
vt 1 0.6625000238418579
vt 1 0.6625000238418579
vt 1 0.6625000238418579
vt 0 0.6625000238418579
vt 0 0.6625000238418579
vt 0 0.6625000238418579
vt 0 0.675000011920929
vt 1 0.675000011920929
vt 1 0.675000011920929
vt 1 0.675000011920929
vt 1 0.675000011920929
vt 0 0.675000011920929
vt 0 0.675000011920929
vt 0 0.675000011920929
vt 0 0.6875
vt 1 0.6875
vt 1 0.6875
vt 1 0.6875
vt 1 0.6875
vt 0 0.6875
vt 0 0.6875
vt 0 0.6875
vt 0 0.699999988079071
vt 1 0.699999988079071
vt 1 0.699999988079071
vt 1 0.699999988079071
vt 1 0.699999988079071
vt 0 0.699999988079071
vt 0 0.699999988079071
vt 0 0.699999988079071
vt 0 0.7124999761581421
vt 1 0.7124999761581421
vt 1 0.7124999761581421
vt 1 0.7124999761581421
vt 1 0.7124999761581421
vt 0 0.7124999761581421
vt 0 0.7124999761581421
vt 0 0.7124999761581421
vt 0 0.7250000238418579
vt 1 0.7250000238418579
vt 1 0.7250000238418579
vt 1 0.7250000238418579
vt 1 0.7250000238418579
vt 0 0.7250000238418579
vt 0 0.7250000238418579
vt 0 0.7250000238418579
vt 0 0.737500011920929
vt 1 0.737500011920929
vt 1 0.737500011920929
vt 1 0.737500011920929
vt 1 0.737500011920929
vt 0 0.737500011920929
vt 0 0.737500011920929
vt 0 0.737500011920929
vt 0 0.75
vt 1 0.75
vt 1 0.75
vt 1 0.75
vt 1 0.75
vt 0 0.75
vt 0 0.75
vt 0 0.75
vt 0 0.762499988079071
vt 1 0.762499988079071
vt 1 0.762499988079071
vt 1 0.762499988079071
vt 1 0.762499988079071
vt 0 0.762499988079071
vt 0 0.762499988079071
vt 0 0.762499988079071
vt 0 0.7749999761581421
vt 1 0.7749999761581421
vt 1 0.7749999761581421
vt 1 0.7749999761581421
vt 1 0.7749999761581421
vt 0 0.7749999761581421
vt 0 0.7749999761581421
vt 0 0.7749999761581421
vt 0 0.7875000238418579
vt 1 0.7875000238418579
vt 1 0.7875000238418579
vt 1 0.7875000238418579
vt 1 0.7875000238418579
vt 0 0.7875000238418579
vt 0 0.7875000238418579
vt 0 0.7875000238418579
vt 0 0.800000011920929
vt 1 0.800000011920929
vt 1 0.800000011920929
vt 1 0.800000011920929
vt 1 0.800000011920929
vt 0 0.800000011920929
vt 0 0.800000011920929
vt 0 0.800000011920929
vt 0 0.8125
vt 1 0.8125
vt 1 0.8125
vt 1 0.8125
vt 1 0.8125
vt 0 0.8125
vt 0 0.8125
vt 0 0.8125
vt 0 0.824999988079071
vt 1 0.824999988079071
vt 1 0.824999988079071
vt 1 0.824999988079071
vt 1 0.824999988079071
vt 0 0.824999988079071
vt 0 0.824999988079071
vt 0 0.824999988079071
vt 0 0.8374999761581421
vt 1 0.8374999761581421
vt 1 0.8374999761581421
vt 1 0.8374999761581421
vt 1 0.8374999761581421
vt 0 0.8374999761581421
vt 0 0.8374999761581421
vt 0 0.8374999761581421
vt 0 0.8500000238418579
vt 1 0.8500000238418579
vt 1 0.8500000238418579
vt 1 0.8500000238418579
vt 1 0.8500000238418579
vt 0 0.8500000238418579
vt 0 0.8500000238418579
vt 0 0.8500000238418579
vt 0 0.862500011920929
vt 1 0.862500011920929
vt 1 0.862500011920929
vt 1 0.862500011920929
vt 1 0.862500011920929
vt 0 0.862500011920929
vt 0 0.862500011920929
vt 0 0.862500011920929
vt 0 0.875
vt 1 0.875
vt 1 0.875
vt 1 0.875
vt 1 0.875
vt 0 0.875
vt 0 0.875
vt 0 0.875
vt 0 0.887499988079071
vt 1 0.887499988079071
vt 1 0.887499988079071
vt 1 0.887499988079071
vt 1 0.887499988079071
vt 0 0.887499988079071
vt 0 0.887499988079071
vt 0 0.887499988079071
vt 0 0.8999999761581421
vt 1 0.8999999761581421
vt 1 0.8999999761581421
vt 1 0.8999999761581421
vt 1 0.8999999761581421
vt 0 0.8999999761581421
vt 0 0.8999999761581421
vt 0 0.8999999761581421
vt 0 0.9125000238418579
vt 1 0.9125000238418579
vt 1 0.9125000238418579
vt 1 0.9125000238418579
vt 1 0.9125000238418579
vt 0 0.9125000238418579
vt 0 0.9125000238418579
vt 0 0.9125000238418579
vt 0 0.925000011920929
vt 1 0.925000011920929
vt 1 0.925000011920929
vt 1 0.925000011920929
vt 1 0.925000011920929
vt 0 0.925000011920929
vt 0 0.925000011920929
vt 0 0.925000011920929
vt 0 0.9375
vt 1 0.9375
vt 1 0.9375
vt 1 0.9375
vt 1 0.9375
vt 0 0.9375
vt 0 0.9375
vt 0 0.9375
vt 0 0.949999988079071
vt 1 0.949999988079071
vt 1 0.949999988079071
vt 1 0.949999988079071
vt 1 0.949999988079071
vt 0 0.949999988079071
vt 0 0.949999988079071
vt 0 0.949999988079071
vt 0 0.9624999761581421
vt 1 0.9624999761581421
vt 1 0.9624999761581421
vt 1 0.9624999761581421
vt 1 0.9624999761581421
vt 0 0.9624999761581421
vt 0 0.9624999761581421
vt 0 0.9624999761581421
vt 0 0.9750000238418579
vt 1 0.9750000238418579
vt 1 0.9750000238418579
vt 1 0.9750000238418579
vt 1 0.9750000238418579
vt 0 0.9750000238418579
vt 0 0.9750000238418579
vt 0 0.9750000238418579
vt 0 0.987500011920929
vt 1 0.987500011920929
vt 1 0.987500011920929
vt 1 0.987500011920929
vt 1 0.987500011920929
vt 0 0.987500011920929
vt 0 0.987500011920929
vt 0 0.987500011920929
vt 0 1
vt 1 1
vt 1 1
vt 1 1
vt 1 1
vt 0 1
vt 0 1
vt 0 1
vt 0 0
vt 1 0
vt 1 0
vt 0 0
vt 0 1
vt 1 1
vt 1 1
vt 0 1
vn -0.10829012840986252 -0.08204599469900131 -0.9907278418540955
vn -0.15421892702579498 -0.0004292367957532406 -0.9880366325378418
vn -0.15421892702579498 -0.0004292367957532406 -0.9880366325378418
vn -0.15421892702579498 -0.0004292367957532406 -0.9880366325378418
vn -0.5939934849739075 0.8044557571411133 0.0047585018910467625
vn -0.5939934849739075 0.8044557571411133 0.0047585018910467625
vn -0.5939934849739075 0.8044557571411133 0.0047585018910467625
vn -0.5939934849739075 0.8044557571411133 0.0047585018910467625
vn 0.16354119777679443 -0.015849661082029343 0.9864091873168945
vn 0.07062681019306183 -1.2331378229646361e-7 0.9975028038024902
vn 0.16354119777679443 -0.015849661082029343 0.9864091873168945
vn 0.16354119777679443 -0.015849661082029343 0.9864091873168945
vn 0.582946240901947 -0.80777907371521 -0.08755972236394882
vn 0.582946240901947 -0.80777907371521 -0.08755972236394882
vn 0.5618100762367249 -0.8069573044776917 -0.18217936158180237
vn 0.5618100762367249 -0.8069573044776917 -0.18217936158180237
vn -0.15421892702579498 -0.0004292367957532406 -0.9880366325378418
vn -0.22145432233810425 0.13466578722000122 -0.9658277034759521
vn -0.565405547618866 0.8119610548019409 0.14503733813762665
vn -0.565405547618866 0.8119610548019409 0.14503733813762665
vn 0.20705436170101166 -0.0782504752278328 0.975195050239563
vn 0.16354119777679443 -0.015849661082029343 0.9864091873168945
vn 0.5618100762367249 -0.8069573044776917 -0.18217936158180237
vn 0.5618100762367249 -0.8069573044776917 -0.18217936158180237
vn -0.3110249638557434 0.10047616064548492 -0.9450756907463074
vn -0.22145432233810425 0.13466578722000122 -0.9658277034759521
vn -0.565405547618866 0.8119610548019409 0.14503733813762665
vn -0.565405547618866 0.8119610548019409 0.14503733813762665
vn 0.20705436170101166 -0.0782504752278328 0.975195050239563
vn 0.3942316770553589 -0.11381929367780685 0.9119356274604797
vn 0.4750341475009918 -0.8189055919647217 -0.3220810294151306
vn 0.4750341475009918 -0.8189055919647217 -0.3220810294151306
vn -0.3110249638557434 0.10047616064548492 -0.9450756907463074
vn -0.5683213472366333 0.06554963439702988 -0.820191502571106
vn -0.48578548431396484 0.8255175352096558 0.2872859835624695
vn -0.48578548431396484 0.8255175352096558 0.2872859835624695
vn 0.4788552522659302 -0.0764143317937851 0.8745619058609009
vn 0.3942316770553589 -0.11381929367780685 0.9119356274604797
vn 0.4750341475009918 -0.8189055919647217 -0.3220810294151306
vn 0.4750341475009918 -0.8189055919647217 -0.3220810294151306
vn -0.6396657228469849 -0.028651081025600433 -0.7681190967559814
vn -0.5683213472366333 0.06554963439702988 -0.820191502571106
vn -0.48578548431396484 0.8255175352096558 0.2872859835624695
vn -0.48578548431396484 0.8255175352096558 0.2872859835624695
vn 0.4788552522659302 -0.0764143317937851 0.8745619058609009
vn 0.6885858774185181 0.004905167501419783 0.725138247013092
vn 0.3878687918186188 -0.8273664116859436 -0.40622976422309875
vn 0.3878687918186188 -0.8273664116859436 -0.40622976422309875
vn -0.7879440188407898 -0.030025683343410492 -0.6150144338607788
vn -0.756919264793396 0.02995072491466999 -0.6528217196464539
vn -0.43267154693603516 0.8246803283691406 0.3642768859863281
vn -0.3914884030818939 0.8295390605926514 0.3982484042644501
vn 0.7137043476104736 -0.005559716373682022 0.7004250288009644
vn 0.8262033462524414 0.00557367131114006 0.563344419002533
vn 0.29314523935317993 -0.8280616402626038 -0.4778909683227539
vn 0.29314523935317993 -0.8280616402626038 -0.4778909683227539
vn -0.7879440188407898 -0.030025683343410492 -0.6150144338607788
vn -0.9391305446624756 -0.03650135546922684 -0.34161603450775146
vn -0.28993508219718933 0.8261324167251587 0.48315930366516113
vn -0.28993508219718933 0.8261324167251587 0.48315930366516113
vn 0.9003044962882996 0.034427035599946976 0.4338970184326172
vn 0.8262033462524414 0.00557367131114006 0.563344419002533
vn 0.29314523935317993 -0.8280616402626038 -0.4778909683227539
vn 0.29314523935317993 -0.8280616402626038 -0.4778909683227539
vn -0.9052157402038574 -0.04125988110899925 -0.422944575548172
vn -0.9391305446624756 -0.03650135546922684 -0.34161603450775146
vn -0.28993508219718933 0.8261324167251587 0.48315930366516113
vn -0.28993508219718933 0.8261324167251587 0.48315930366516113
vn 0.9003044962882996 0.034427035599946976 0.4338970184326172
vn 0.9354478120803833 0.028335681185126305 0.35232722759246826
vn 0.18668439984321594 -0.8266535401344299 -0.5308416485786438
vn 0.18668439984321594 -0.8266535401344299 -0.5308416485786438
vn -0.9953949451446533 -0.09530676156282425 -0.010273623280227184
vn -0.9391305446624756 -0.03650135546922684 -0.34161603450775146
vn -0.28993508219718933 0.8261324167251587 0.48315930366516113
vn -0.28993508219718933 0.8261324167251587 0.48315930366516113
vn 0.9003044962882996 0.034427035599946976 0.4338970184326172
vn 0.9964944124221802 0.0693574994802475 -0.04678024724125862
vn -0.010100623592734337 -0.8140674233436584 -0.5806825757026672
vn -0.010100623592734337 -0.8140674233436584 -0.5806825757026672
vn -0.9953949451446533 -0.09530676156282425 -0.010273623280227184
vn -0.9921693801879883 0.0005212025134824216 0.12489835172891617
vn -0.026880446821451187 0.8103563785552979 0.5853204131126404
vn -0.026880446821451187 0.8103563785552979 0.5853204131126404
vn 0.9939266443252563 0.02984624356031418 -0.1059199646115303
vn 0.9964944124221802 0.0693574994802475 -0.04678024724125862
vn -0.010100623592734337 -0.8140674233436584 -0.5806825757026672
vn -0.010100623592734337 -0.8140674233436584 -0.5806825757026672
vn -0.9953949451446533 -0.09530676156282425 -0.010273623280227184
vn -0.9921693801879883 0.0005212025134824216 0.12489835172891617
vn -0.026880446821451187 0.8103563785552979 0.5853204131126404
vn -0.026880446821451187 0.8103563785552979 0.5853204131126404
vn 0.9939266443252563 0.02984624356031418 -0.1059199646115303
vn 0.9964944124221802 0.0693574994802475 -0.04678024724125862
vn -0.010100623592734337 -0.8140674233436584 -0.5806825757026672
vn -0.010100623592734337 -0.8140674233436584 -0.5806825757026672
vn -0.9953949451446533 -0.09530676156282425 -0.010273623280227184
vn -0.9921693801879883 0.0005212025134824216 0.12489835172891617
vn -0.026880446821451187 0.8103563785552979 0.5853204131126404
vn -0.026880446821451187 0.8103563785552979 0.5853204131126404
vn 0.9939266443252563 0.02984624356031418 -0.1059199646115303
vn 0.9964944124221802 0.0693574994802475 -0.04678024724125862
vn -0.010100623592734337 -0.8140674233436584 -0.5806825757026672
vn -0.010100623592734337 -0.8140674233436584 -0.5806825757026672
vn -0.9921693801879883 0.0005212025134824216 0.12489835172891617
vn -0.9921693801879883 0.0005212025134824216 0.12489835172891617
vn -0.026880446821451187 0.8103563785552979 0.5853204131126404
vn -0.026880446821451187 0.8103563785552979 0.5853204131126404
vn 0.9939266443252563 0.02984624356031418 -0.1059199646115303
vn 0.9939266443252563 0.02984624356031418 -0.1059199646115303
vn -0.21371077001094818 -0.8052376508712769 -0.5531004071235657
vn -0.21371077001094818 -0.8052376508712769 -0.5531004071235657
vn -0.9216698408126831 -0.02754267491400242 0.3869962990283966
vn -0.9130347967147827 0.02754310332238674 0.40695062279701233
vn 0.17903561890125275 0.8052376508712769 0.5652773976325989
vn 0.17903561890125275 0.8052376508712769 0.5652773976325989
vn 0.9376461505889893 -0.005136759020388126 -0.3475532829761505
vn 0.8615115284919739 0.0051496438682079315 -0.5077119469642639
vn -0.3047288954257965 -0.8063591122627258 -0.5068779587745667
vn -0.3047288954257965 -0.8063591122627258 -0.5068779587745667
vn -0.8579467535018921 -0.027542732656002045 0.5129998326301575
vn -0.8465859293937683 0.027542611584067345 0.5315389633178711
vn 0.288526713848114 0.8071958422660828 0.5149633288383484
vn 0.288526713848114 0.8071958422660828 0.5149633288383484
vn 0.8434926867485046 -0.005149646662175655 -0.5371159911155701
vn 0.8615115284919739 0.0051496438682079315 -0.5077119469642639
vn -0.3047288954257965 -0.8063591122627258 -0.5068779587745667
vn -0.3839598000049591 -0.8020483255386353 -0.4574858844280243
vn -0.7235698103904724 -4.8070798897015266e-8 0.6902511715888977
vn -0.7235698103904724 -4.8070798897015266e-8 0.6902511715888977
vn 0.36718159914016724 0.8052976727485657 0.46548178791999817
vn 0.288526713848114 0.8071958422660828 0.5149633288383484
vn 0.8434926867485046 -0.005149646662175655 -0.5371159911155701
vn 0.7235698103904724 -5.042064543658853e-8 -0.6902512311935425
vn -0.4476684033870697 -0.8052977323532104 -0.3887011408805847
vn -0.4476684033870697 -0.8052977323532104 -0.3887011408805847
vn -0.7235698103904724 -4.8070798897015266e-8 0.6902511715888977
vn -0.7235698103904724 -4.8070798897015266e-8 0.6902511715888977
vn 0.36718159914016724 0.8052976727485657 0.46548178791999817
vn 0.36718159914016724 0.8052976727485657 0.46548178791999817
vn 0.7235698103904724 -5.042064543658853e-8 -0.6902512311935425
vn 0.5762537121772766 0.00514969602227211 -0.8172546625137329
vn -0.5008001923561096 -0.8071958422660828 -0.31246450543403625
vn -0.4476684033870697 -0.8052977323532104 -0.3887011408805847
vn -0.5708285570144653 -0.027542801573872566 0.8206071853637695
vn -0.5528451800346375 0.027542591094970703 0.83282870054245
vn 0.4540617763996124 0.8052310943603516 0.38135385513305664
vn 0.4540617763996124 0.8052310943603516 0.38135385513305664
vn 0.6054525375366211 -0.005136644933372736 -0.7958648204803467
vn 0.5762537121772766 0.00514969602227211 -0.8172546625137329
vn -0.5008001923561096 -0.8071958422660828 -0.31246450543403625
vn -0.5008001923561096 -0.8071958422660828 -0.31246450543403625
vn -0.4495086967945099 -0.02754327282309532 0.8928512334823608
vn -0.4299832880496979 0.027542700991034508 0.9024166464805603
vn 0.5195389986038208 0.8071987628936768 0.2801952064037323
vn 0.5195389986038208 0.8071987628936768 0.2801952064037323
vn 0.424383282661438 -0.005149610340595245 -0.9054679870605469
vn 0.391336590051651 0.0051367213018238544 -0.9202332496643066
vn -0.5562161803245544 -0.8052376508712769 -0.20546506345272064
vn -0.5562161803245544 -0.8052376508712769 -0.20546506345272064
vn -0.16309677064418793 -0.000800655223429203 0.9866097569465637
vn -0.16309677064418793 -0.000800655223429203 0.9866097569465637
vn 0.5594432950019836 0.8052948117256165 0.19627396762371063
vn 0.5195389986038208 0.8071987628936768 0.2801952064037323
vn 0.424383282661438 -0.005149610340595245 -0.9054679870605469
vn 0.10932878404855728 -0.01746406778693199 -0.9938521981239319
vn -0.5867961645126343 -0.8097345232963562 -0.0005351525032892823
vn -0.5867961645126343 -0.8097345232963562 -0.0005351525032892823
vn -0.16309677064418793 -0.000800655223429203 0.9866097569465637
vn -0.16309677064418793 -0.000800655223429203 0.9866097569465637
vn 0.5594432950019836 0.8052948117256165 0.19627396762371063
vn 0.5594432950019836 0.8052948117256165 0.19627396762371063
vn 0.10932878404855728 -0.01746406778693199 -0.9938521981239319
vn 0.10932878404855728 -0.01746406778693199 -0.9938521981239319
vn -0.5867961645126343 -0.8097345232963562 -0.0005351525032892823
vn -0.5867961645126343 -0.8097345232963562 -0.0005351525032892823
vn -0.16309677064418793 -0.000800655223429203 0.9866097569465637
vn 0.08820772171020508 0.10511886328458786 0.9905399680137634
vn 0.5742722153663635 0.8174893856048584 -0.0438467301428318
vn 0.5742722153663635 0.8174893856048584 -0.0438467301428318
vn -0.05767001584172249 -0.09039513021707535 -0.9942348003387451
vn 0.10932878404855728 -0.01746406778693199 -0.9938521981239319
vn -0.5867961645126343 -0.8097345232963562 -0.0005351525032892823
vn -0.5867961645126343 -0.8097345232963562 -0.0005351525032892823
vn -0.16309677064418793 -0.000800655223429203 0.9866097569465637
vn 0.08820772171020508 0.10511886328458786 0.9905399680137634
vn 0.5742722153663635 0.8174893856048584 -0.0438467301428318
vn 0.5742722153663635 0.8174893856048584 -0.0438467301428318
vn -0.05767001584172249 -0.09039513021707535 -0.9942348003387451
vn 0.10932878404855728 -0.01746406778693199 -0.9938521981239319
vn -0.5867961645126343 -0.8097345232963562 -0.0005351525032892823
vn -0.5867961645126343 -0.8097345232963562 -0.0005351525032892823
vn 0.08820772171020508 0.10511886328458786 0.9905399680137634
vn 0.08820772171020508 0.10511886328458786 0.9905399680137634
vn 0.5742722153663635 0.8174893856048584 -0.0438467301428318
vn 0.5742722153663635 0.8174893856048584 -0.0438467301428318
vn -0.05767001584172249 -0.09039513021707535 -0.9942348003387451
vn -0.05767001584172249 -0.09039513021707535 -0.9942348003387451
vn -0.5417479872703552 -0.8164994120597839 0.19959402084350586
vn -0.5417479872703552 -0.8164994120597839 0.19959402084350586
vn 0.38652580976486206 0.015778686851263046 0.9221435785293579
vn 0.08820772171020508 0.10511886328458786 0.9905399680137634
vn 0.5742722153663635 0.8174893856048584 -0.0438467301428318
vn 0.5742722153663635 0.8174893856048584 -0.0438467301428318
vn -0.05767001584172249 -0.09039513021707535 -0.9942348003387451
vn -0.471027135848999 -0.017783619463443756 -0.8819394707679749
vn -0.47571155428886414 -0.8263553380966187 0.3013889789581299
vn -0.47571155428886414 -0.8263553380966187 0.3013889789581299
vn 0.38652580976486206 0.015778686851263046 0.9221435785293579
vn 0.5772144198417664 0.03002576157450676 0.8160403966903687
vn 0.474475622177124 0.8297526240348816 -0.2939107120037079
vn 0.474475622177124 0.8297526240348816 -0.2939107120037079
vn -0.5826531648635864 -0.005596985574811697 -0.8127016425132751
vn -0.471027135848999 -0.017783619463443756 -0.8819394707679749
vn -0.47571155428886414 -0.8263553380966187 0.3013889789581299
vn -0.47571155428886414 -0.8263553380966187 0.3013889789581299
vn 0.6164412498474121 -0.02995060198009014 0.7868310809135437
vn 0.5772144198417664 0.03002576157450676 0.8160403966903687
vn 0.474475622177124 0.8297526240348816 -0.2939107120037079
vn 0.474475622177124 0.8297526240348816 -0.2939107120037079
vn -0.5826531648635864 -0.005596985574811697 -0.8127016425132751
vn -0.6660274267196655 0.0055597624741494656 -0.7459065318107605
vn -0.40039488673210144 -0.8274070024490356 0.39380401372909546
vn -0.40039488673210144 -0.8274070024490356 0.39380401372909546
vn 0.7682371139526367 -0.030025837942957878 0.6394608616828918
vn 0.7819634079933167 0.030025729909539223 0.622600793838501
vn 0.4173193573951721 0.8253452181816101 -0.38032853603363037
vn 0.474475622177124 0.8297526240348816 -0.2939107120037079
vn -0.5826531648635864 -0.005596985574811697 -0.8127016425132751
vn -0.8009342551231384 0.0018566233338788152 -0.5987494587898254
vn -0.30800849199295044 -0.8280646800994873 0.4684438705444336
vn -0.30800849199295044 -0.8280646800994873 0.4684438705444336
vn 0.7682371139526367 -0.030025837942957878 0.6394608616828918
vn 0.7819634079933167 0.030025729909539223 0.622600793838501
vn 0.4173193573951721 0.8253452181816101 -0.38032853603363037
vn 0.3454189896583557 0.8295429944992065 -0.4387984871864319
vn -0.8009342551231384 0.0018566233338788152 -0.5987494587898254
vn -0.8009342551231384 0.0018566233338788152 -0.5987494587898254
vn -0.30800849199295044 -0.8280646800994873 0.4684438705444336
vn -0.30800849199295044 -0.8280646800994873 0.4684438705444336
vn 0.9328244924545288 -0.07348579168319702 0.3527581989765167
vn 0.9585052132606506 -0.05661759525537491 0.2793961465358734
vn 0.27202630043029785 0.8245653510093689 -0.4960782527923584
vn 0.27202630043029785 0.8245653510093689 -0.4960782527923584
vn -0.9186643362045288 0.03921377658843994 -0.3930879235267639
vn -0.9658143520355225 0.0932806208729744 -0.2418704777956009
vn -0.16617342829704285 -0.8248245120048523 0.5404173731803894
vn -0.16617342829704285 -0.8248245120048523 0.5404173731803894
vn 0.9328244924545288 -0.07348579168319702 0.3527581989765167
vn 0.9585052132606506 -0.05661759525537491 0.2793961465358734
vn 0.27202630043029785 0.8245653510093689 -0.4960782527923584
vn 0.27202630043029785 0.8245653510093689 -0.4960782527923584
vn -0.9186643362045288 0.03921377658843994 -0.3930879235267639
vn -0.9658143520355225 0.0932806208729744 -0.2418704777956009
vn -0.16617342829704285 -0.8248245120048523 0.5404173731803894
vn -0.16617342829704285 -0.8248245120048523 0.5404173731803894
vn 0.9960134029388428 -0.07411352545022964 -0.04964350163936615
vn 0.9960134029388428 -0.07411352545022964 -0.04964350163936615
vn 0.1666007936000824 0.8130093216896057 -0.5579068064689636
vn 0.1666007936000824 0.8130093216896057 -0.5579068064689636
vn -0.994714081287384 0.05973120033740997 0.0835227221250534
vn -0.994714081287384 0.05973120033740997 0.0835227221250534
vn 0.07370465993881226 -0.8109670281410217 0.5804309248924255
vn 0.07370465993881226 -0.8109670281410217 0.5804309248924255
vn 0.9960134029388428 -0.07411352545022964 -0.04964350163936615
vn 0.983874499797821 0.026158638298511505 -0.1769370585680008
vn -0.03720322623848915 0.8088902235031128 -0.5867815017700195
vn -0.03720322623848915 0.8088902235031128 -0.5867815017700195
vn -0.9933152198791504 -0.001734378281980753 0.11542034894227982
vn -0.994714081287384 0.05973120033740997 0.0835227221250534
vn 0.07370465993881226 -0.8109670281410217 0.5804309248924255
vn 0.07370465993881226 -0.8109670281410217 0.5804309248924255
vn 0.9960134029388428 -0.07411352545022964 -0.04964350163936615
vn 0.983874499797821 0.026158638298511505 -0.1769370585680008
vn -0.03720322623848915 0.8088902235031128 -0.5867815017700195
vn -0.03720322623848915 0.8088902235031128 -0.5867815017700195
vn -0.9933152198791504 -0.001734378281980753 0.11542034894227982
vn -0.994714081287384 0.05973120033740997 0.0835227221250534
vn 0.07370465993881226 -0.8109670281410217 0.5804309248924255
vn 0.07370465993881226 -0.8109670281410217 0.5804309248924255
vn 0.9960134029388428 -0.07411352545022964 -0.04964350163936615
vn 0.983874499797821 0.026158638298511505 -0.1769370585680008
vn -0.03720322623848915 0.8088902235031128 -0.5867815017700195
vn -0.03720322623848915 0.8088902235031128 -0.5867815017700195
vn -0.9933152198791504 -0.001734378281980753 0.11542034894227982
vn -0.994714081287384 0.05973120033740997 0.0835227221250534
vn 0.07370465993881226 -0.8109670281410217 0.5804309248924255
vn 0.07370465993881226 -0.8109670281410217 0.5804309248924255
vn 0.9333708882331848 -0.02754274755716324 -0.3578549921512604
vn 0.983874499797821 0.026158638298511505 -0.1769370585680008
vn -0.03720322623848915 0.8088902235031128 -0.5867815017700195
vn -0.03720322623848915 0.8088902235031128 -0.5867815017700195
vn -0.9933152198791504 -0.001734378281980753 0.11542034894227982
vn -0.877034068107605 0.005149570293724537 0.48040053248405457
vn 0.28865838050842285 -0.8063561916351318 0.5162035226821899
vn 0.28865838050842285 -0.8063561916351318 0.5162035226821899
vn 0.796467661857605 -0.02772718295454979 -0.6040450930595398
vn 0.8628642559051514 0.0275427158921957 -0.5046847462654114
vn -0.21592187881469727 0.8020527958869934 -0.5568563938140869
vn -0.2973750829696655 0.8063620328903198 -0.5112224221229553
vn -0.859947681427002 -0.005149606615304947 0.5103561878204346
vn -0.877034068107605 0.005149570293724537 0.48040053248405457
vn 0.28865838050842285 -0.8063561916351318 0.5162035226821899
vn 0.4191036522388458 -0.8051506280899048 0.41962435841560364
vn 0.796467661857605 -0.02772718295454979 -0.6040450930595398
vn 0.7831456065177917 0.027543047443032265 -0.6212280988693237
vn -0.2973750829696655 0.8063620328903198 -0.5112224221229553
vn -0.2973750829696655 0.8063620328903198 -0.5112224221229553
vn -0.859947681427002 -0.005149606615304947 0.5103561878204346
vn -0.7562776803970337 0.00513684656471014 0.6542305946350098
vn 0.4191036522388458 -0.8051506280899048 0.41962435841560364
vn 0.4191036522388458 -0.8051506280899048 0.41962435841560364
vn 0.796467661857605 -0.02772718295454979 -0.6040450930595398
vn 0.6348505020141602 0.027611559256911278 -0.7721414566040039
vn -0.41215530037879944 0.8059414625167847 -0.42495453357696533
vn -0.41215530037879944 0.8059414625167847 -0.42495453357696533
vn -0.6834174990653992 -0.00514962337911129 0.7300095558166504
vn -0.6565510034561157 0.005136709660291672 0.7542641162872314
vn 0.44497382640838623 -0.8077669143676758 0.38666632771492004
vn 0.4191036522388458 -0.8051506280899048 0.41962435841560364
vn 0.5963224172592163 -0.02754315733909607 -0.802272379398346
vn 0.6348505020141602 0.027611559256911278 -0.7721414566040039
vn -0.41215530037879944 0.8059414625167847 -0.42495453357696533
vn -0.41215530037879944 0.8059414625167847 -0.42495453357696533
vn -0.6834174990653992 -0.00514962337911129 0.7300095558166504
vn -0.5437241196632385 0.005136783700436354 0.8392482995986938
vn 0.5126082301139832 -0.8052376508712769 0.2980354130268097
vn 0.5126082301139832 -0.8052376508712769 0.2980354130268097
vn 0.3488163352012634 -0.027727164328098297 -0.9367808699607849
vn 0.4581172466278076 0.02754305861890316 -0.8884649276733398
vn -0.48068326711654663 0.8020572066307068 -0.3544684052467346
vn -0.5250158905982971 0.8063561916351318 -0.2723013460636139
vn -0.4526152014732361 -0.005149575415998697 0.8916910886764526
vn -0.28799203038215637 0.005171105265617371 0.9576188325881958
vn 0.5729165077209473 -0.8071187734603882 0.14256906509399414
vn 0.5729165077209473 -0.8071187734603882 0.14256906509399414
vn 0.3488163352012634 -0.027727164328098297 -0.9367808699607849
vn 0.32836055755615234 0.02754265069961548 -0.9441508054733276
vn -0.5250158905982971 0.8063561916351318 -0.2723013460636139
vn -0.5250158905982971 0.8063561916351318 -0.2723013460636139
vn -0.4526152014732361 -0.005149575415998697 0.8916910886764526
vn -0.28799203038215637 0.005171105265617371 0.9576188325881958
vn 0.5729165077209473 -0.8071187734603882 0.14256906509399414
vn 0.5729165077209473 -0.8071187734603882 0.14256906509399414
vn 0.3488163352012634 -0.027727164328098297 -0.9367808699607849
vn 0.04643569514155388 0.023773768916726112 -0.9986383318901062
vn -0.5756920576095581 0.8059447407722473 -0.13795554637908936
vn -0.5756920576095581 0.8059447407722473 -0.13795554637908936
vn -0.04863068461418152 -0.04280276596546173 0.9978992938995361
vn -0.28799203038215637 0.005171105265617371 0.9576188325881958
vn 0.5729165077209473 -0.8071187734603882 0.14256906509399414
vn 0.5729165077209473 -0.8071187734603882 0.14256906509399414
vn 0.04643569514155388 0.023773768916726112 -0.9986383318901062
vn 0.04643569514155388 0.023773768916726112 -0.9986383318901062
vn -0.5756920576095581 0.8059447407722473 -0.13795554637908936
vn -0.5756920576095581 0.8059447407722473 -0.13795554637908936
vn -0.04863068461418152 -0.04280276596546173 0.9978992938995361
vn -0.04863068461418152 -0.04280276596546173 0.9978992938995361
vn 0.575823962688446 -0.8108945488929749 -0.1042918935418129
vn 0.575823962688446 -0.8108945488929749 -0.1042918935418129
vn 0.04643569514155388 0.023773768916726112 -0.9986383318901062
vn -0.1069144606590271 0.12464337795972824 -0.9864245057106018
vn -0.5729382634162903 0.8168498277664185 0.06706786900758743
vn -0.5729382634162903 0.8168498277664185 0.06706786900758743
vn 0.049388445913791656 -0.10089053958654404 0.9936709403991699
vn -0.04863068461418152 -0.04280276596546173 0.9978992938995361
vn 0.575823962688446 -0.8108945488929749 -0.1042918935418129
vn 0.575823962688446 -0.8108945488929749 -0.1042918935418129
vn 0.04643569514155388 0.023773768916726112 -0.9986383318901062
vn -0.1069144606590271 0.12464337795972824 -0.9864245057106018
vn -0.5729382634162903 0.8168498277664185 0.06706786900758743
vn -0.5729382634162903 0.8168498277664185 0.06706786900758743
vn 0.049388445913791656 -0.10089053958654404 0.9936709403991699
vn -0.04863068461418152 -0.04280276596546173 0.9978992938995361
vn 0.575823962688446 -0.8108945488929749 -0.1042918935418129
vn 0.575823962688446 -0.8108945488929749 -0.1042918935418129
vn -0.17359521985054016 0.10980341583490372 -0.9786766171455383
vn -0.1069144606590271 0.12464337795972824 -0.9864245057106018
vn -0.5729382634162903 0.8168498277664185 0.06706786900758743
vn -0.5729382634162903 0.8168498277664185 0.06706786900758743
vn 0.049388445913791656 -0.10089053958654404 0.9936709403991699
vn 0.3264932930469513 -0.06584127247333527 0.9429035186767578
vn 0.5095733404159546 -0.8219804763793945 -0.25432878732681274
vn 0.5095733404159546 -0.8219804763793945 -0.25432878732681274
vn -0.48175370693206787 5.972559669054078e-10 -0.8763066530227661
vn -0.48175370693206787 5.972559669054078e-10 -0.8763066530227661
vn -0.5170518755912781 0.8274070024490356 0.2192145437002182
vn -0.5170518755912781 0.8274070024490356 0.2192145437002182
vn 0.5375779271125793 0.001862890087068081 0.8432120084762573
vn 0.5375779271125793 0.001862890087068081 0.8432120084762573
vn 0.4508066177368164 -0.8283753991127014 -0.3325170874595642
vn 0.4508066177368164 -0.8283753991127014 -0.3325170874595642
vn -0.5914226770401001 -0.02995108626782894 -0.8058053255081177
vn -0.6632762551307678 0.030025778338313103 -0.7477720975875854
vn -0.4585380554199219 0.8280646800994873 0.3225705325603485
vn -0.4585380554199219 0.8280646800994873 0.3225705325603485
vn 0.61411052942276 -0.005573734641075134 0.7892003655433655
vn 0.5375779271125793 0.001862890087068081 0.8432120084762573
vn 0.4508066177368164 -0.8283753991127014 -0.3325170874595642
vn 0.3970927298069 -0.8246884942054749 -0.4027484059333801
vn -0.69906085729599 -0.029950520023703575 -0.7144346833229065
vn -0.6632762551307678 0.030025778338313103 -0.7477720975875854
vn -0.4585380554199219 0.8280646800994873 0.3225705325603485
vn -0.4585380554199219 0.8280646800994873 0.3225705325603485
vn 0.61411052942276 -0.005573734641075134 0.7892003655433655
vn 0.7438569068908691 0.005559898912906647 0.6683157682418823
vn 0.35475701093673706 -0.827413022518158 -0.4353563189506531
vn 0.35475701093673706 -0.827413022518158 -0.4353563189506531
vn -0.850719690322876 -0.010013885796070099 -0.5255242586135864
vn -0.8058056831359863 0.02995058335363865 -0.5914221405982971
vn -0.40275701880455017 0.8246803879737854 0.3971008360385895
vn -0.33251526951789856 0.8283780813217163 0.4508030116558075
vn 0.8400934934616089 -2.6205446701510482e-8 0.5424416065216064
vn 0.8400934934616089 -2.6205446701510482e-8 0.5424416065216064
vn 0.25474652647972107 -0.8280616402626038 -0.499417781829834
vn 0.25474652647972107 -0.8280616402626038 -0.499417781829834
vn -0.850719690322876 -0.010013885796070099 -0.5255242586135864
vn -0.850719690322876 -0.010013885796070099 -0.5255242586135864
vn -0.33251526951789856 0.8283780813217163 0.4508030116558075
vn -0.33251526951789856 0.8283780813217163 0.4508030116558075
vn 0.8400934934616089 -2.6205446701510482e-8 0.5424416065216064
vn 0.8400934934616089 -2.6205446701510482e-8 0.5424416065216064
vn 0.25474652647972107 -0.8280616402626038 -0.499417781829834
vn 0.25474652647972107 -0.8280616402626038 -0.499417781829834
vn -0.9775570034980774 -0.14709772169589996 -0.150813028216362
vn -0.9786763191223145 -0.1098007783293724 -0.17359855771064758
vn -0.2543281316757202 0.821980357170105 0.5095738768577576
vn -0.2543281316757202 0.821980357170105 0.5095738768577576
vn 0.9429032206535339 0.0658402219414711 0.326494425535202
vn 0.9876767992973328 0.1356602907180786 0.07804390788078308
vn 0.1072864830493927 -0.8194477558135986 -0.563023030757904
vn 0.1072864830493927 -0.8194477558135986 -0.563023030757904
vn -0.9775570034980774 -0.14709772169589996 -0.150813028216362
vn -0.9988273978233337 -0.033205948770046234 0.035230476409196854
vn -0.10429228097200394 0.8108946084976196 0.5758237838745117
vn -0.10429228097200394 0.8108946084976196 0.5758237838745117
vn 0.9982907772064209 0.04089029133319855 -0.04175497218966484
vn 0.9876767992973328 0.1356602907180786 0.07804390788078308
vn 0.1072864830493927 -0.8194477558135986 -0.563023030757904
vn 0.1072864830493927 -0.8194477558135986 -0.563023030757904
vn -0.9988273978233337 -0.033205948770046234 0.035230476409196854
vn -0.9988273978233337 -0.033205948770046234 0.035230476409196854
vn -0.10429228097200394 0.8108946084976196 0.5758237838745117
vn -0.10429228097200394 0.8108946084976196 0.5758237838745117
vn 0.9982907772064209 0.04089029133319855 -0.04175497218966484
vn 0.9982907772064209 0.04089029133319855 -0.04175497218966484
vn -0.09666536003351212 -0.8078473210334778 -0.5814107656478882
vn -0.09666536003351212 -0.8078473210334778 -0.5814107656478882
vn -0.9988273978233337 -0.033205948770046234 0.035230476409196854
vn -0.9988273978233337 -0.033205948770046234 0.035230476409196854
vn -0.10429228097200394 0.8108946084976196 0.5758237838745117
vn -0.10429228097200394 0.8108946084976196 0.5758237838745117
vn 0.9982907772064209 0.04089029133319855 -0.04175497218966484
vn 0.9982907772064209 0.04089029133319855 -0.04175497218966484
vn -0.09666536003351212 -0.8078473210334778 -0.5814107656478882
vn -0.09666536003351212 -0.8078473210334778 -0.5814107656478882
vn -0.9988273978233337 -0.033205948770046234 0.035230476409196854
vn -0.9367808699607849 0.027727162465453148 0.3488163352012634
vn 0.1425686478614807 0.807118833065033 0.572916567325592
vn 0.1425686478614807 0.807118833065033 0.572916567325592
vn 0.9576188325881958 -0.005171105265617371 -0.287992000579834
vn 0.9982907772064209 0.04089029133319855 -0.04175497218966484
vn -0.09666536003351212 -0.8078473210334778 -0.5814107656478882
vn -0.09666536003351212 -0.8078473210334778 -0.5814107656478882
vn -0.9441506266593933 -0.027543114498257637 0.3283611238002777
vn -0.9367808699607849 0.027727162465453148 0.3488163352012634
vn 0.1425686478614807 0.807118833065033 0.572916567325592
vn 0.1425686478614807 0.807118833065033 0.572916567325592
vn 0.9576188325881958 -0.005171105265617371 -0.287992000579834
vn 0.9214312434196472 0.005136751104146242 -0.38850754499435425
vn -0.25644758343696594 -0.8052376508712769 -0.5346278548240662
vn -0.25644758343696594 -0.8052376508712769 -0.5346278548240662
vn -0.815048098564148 -0.02772706188261509 0.5787294507026672
vn -0.9367808699607849 0.027727162465453148 0.3488163352012634
vn 0.1425686478614807 0.807118833065033 0.572916567325592
vn 0.1425686478614807 0.807118833065033 0.572916567325592
vn 0.9576188325881958 -0.005171105265617371 -0.287992000579834
vn 0.8485102653503418 -7.648475630617213e-9 -0.5291789174079895
vn -0.3037028908729553 -0.8077755570411682 -0.5052357912063599
vn -0.41116201877593994 -0.8057876229286194 -0.42620667815208435
vn -0.815048098564148 -0.02772706188261509 0.5787294507026672
vn -0.8022720217704773 0.02754269167780876 0.5963228940963745
vn 0.2980395257472992 0.8052310943603516 0.5126160979270935
vn 0.2980395257472992 0.8052310943603516 0.5126160979270935
vn 0.8485102653503418 -7.648475630617213e-9 -0.5291789174079895
vn 0.7300096154212952 0.00514958007261157 -0.6834174990653992
vn -0.41116201877593994 -0.8057876229286194 -0.42620667815208435
vn -0.41116201877593994 -0.8057876229286194 -0.42620667815208435
vn -0.815048098564148 -0.02772706188261509 0.5787294507026672
vn -0.6040450930595398 0.02772718295454979 0.796467661857605
vn 0.41962602734565735 0.8051495552062988 0.41910406947135925
vn 0.38665831089019775 0.807775616645813 0.44496503472328186
vn 0.7542641758918762 -0.005136796273291111 -0.656550943851471
vn 0.7300096154212952 0.00514958007261157 -0.6834174990653992
vn -0.41116201877593994 -0.8057876229286194 -0.42620667815208435
vn -0.41116201877593994 -0.8057876229286194 -0.42620667815208435
vn -0.6212285757064819 -0.027542587369680405 0.7831452488899231
vn -0.6040450930595398 0.02772718295454979 0.796467661857605
vn 0.41962602734565735 0.8051495552062988 0.41910406947135925
vn 0.41962602734565735 0.8051495552062988 0.41910406947135925
vn 0.654230535030365 -0.005136759951710701 -0.7562777400016785
vn 0.5698172450065613 0.005136765539646149 -0.8217554092407227
vn -0.502994179725647 -0.8052377104759216 -0.31398892402648926
vn -0.502994179725647 -0.8052377104759216 -0.31398892402648926
vn -0.31176814436912537 -0.02788974903523922 0.9497488141059875
vn -0.6040450930595398 0.02772718295454979 0.796467661857605
vn 0.41962602734565735 0.8051495552062988 0.41910406947135925
vn 0.5161997079849243 0.8063591122627258 0.2886570394039154
vn 0.46977198123931885 -0.0017153852386400104 -0.8827861547470093
vn 0.46977198123931885 -0.0017153852386400104 -0.8827861547470093
vn -0.5271543860435486 -0.8077669143676758 -0.26385775208473206
vn -0.5817582011222839 -0.8073648810386658 -0.09858699887990952
vn -0.31176814436912537 -0.02788974903523922 0.9497488141059875
vn -0.3578549921512604 0.027542751282453537 0.9333708882331848
vn 0.5161997079849243 0.8063591122627258 0.2886570394039154
vn 0.5161997079849243 0.8063591122627258 0.2886570394039154
vn 0.46977198123931885 -0.0017153852386400104 -0.8827861547470093
vn 0.18116921186447144 0.005171177443116903 -0.9834383726119995
vn -0.5817582011222839 -0.8073648810386658 -0.09858699887990952
vn -0.5817582011222839 -0.8073648810386658 -0.09858699887990952
vn -0.31176814436912537 -0.02788974903523922 0.9497488141059875
vn -0.03802163153886795 0.0291301142424345 0.9988522529602051
vn 0.5788317322731018 0.8073084950447083 0.11492116749286652
vn 0.5788317322731018 0.8073084950447083 0.11492116749286652
vn 0.06898652762174606 -0.040892232209444046 -0.9967791438102722
vn 0.18116921186447144 0.005171177443116903 -0.9834383726119995
vn -0.5817582011222839 -0.8073648810386658 -0.09858699887990952
vn -0.5817582011222839 -0.8073648810386658 -0.09858699887990952
vn -0.31176814436912537 -0.02788974903523922 0.9497488141059875
vn -0.03802163153886795 0.0291301142424345 0.9988522529602051
vn 0.5788317322731018 0.8073084950447083 0.11492116749286652
vn 0.5788317322731018 0.8073084950447083 0.11492116749286652
vn 0.06898652762174606 -0.040892232209444046 -0.9967791438102722
vn 0.18116921186447144 0.005171177443116903 -0.9834383726119995
vn -0.5817582011222839 -0.8073648810386658 -0.09858699887990952
vn -0.5817582011222839 -0.8073648810386658 -0.09858699887990952
vn -0.03802163153886795 0.0291301142424345 0.9988522529602051
vn -0.03802163153886795 0.0291301142424345 0.9988522529602051
vn 0.5788317322731018 0.8073084950447083 0.11492116749286652
vn 0.5788317322731018 0.8073084950447083 0.11492116749286652
vn 0.06898652762174606 -0.040892232209444046 -0.9967791438102722
vn 0.06898652762174606 -0.040892232209444046 -0.9967791438102722
vn -0.5723016262054443 -0.8101008534431458 0.1273084580898285
vn -0.5723016262054443 -0.8101008534431458 0.1273084580898285
vn -0.03802163153886795 0.0291301142424345 0.9988522529602051
vn 0.2270869016647339 0.11946708709001541 0.9665191173553467
vn 0.5542967915534973 0.822452187538147 -0.12777891755104065
vn 0.5542967915534973 0.822452187538147 -0.12777891755104065
vn -0.16553020477294922 -0.09697037190198898 -0.9814257621765137
vn 0.06898652762174606 -0.040892232209444046 -0.9967791438102722
vn -0.5723016262054443 -0.8101008534431458 0.1273084580898285
vn -0.5723016262054443 -0.8101008534431458 0.1273084580898285
vn 0.2793979048728943 0.05661608651280403 0.9585047960281372
vn 0.2270869016647339 0.11946708709001541 0.9665191173553467
vn 0.5542967915534973 0.822452187538147 -0.12777891755104065
vn 0.5542967915534973 0.822452187538147 -0.12777891755104065
vn -0.16553020477294922 -0.09697037190198898 -0.9814257621765137
vn -0.39308854937553406 -0.0392131470143795 -0.9186640977859497
vn -0.49607884883880615 -0.8245652914047241 0.2720254361629486
vn -0.49607884883880615 -0.8245652914047241 0.2720254361629486
vn 0.2793979048728943 0.05661608651280403 0.9585047960281372
vn 0.2270869016647339 0.11946708709001541 0.9665191173553467
vn 0.5542967915534973 0.822452187538147 -0.12777891755104065
vn 0.5542967915534973 0.822452187538147 -0.12777891755104065
vn -0.16553020477294922 -0.09697037190198898 -0.9814257621765137
vn -0.39308854937553406 -0.0392131470143795 -0.9186640977859497
vn -0.49607884883880615 -0.8245652914047241 0.2720254361629486
vn -0.49607884883880615 -0.8245652914047241 0.2720254361629486
vn 0.6226005554199219 -0.030025478452444077 0.781963586807251
vn 0.5836067795753479 0.029951155185699463 0.8114838600158691
vn 0.4898660480976105 0.827413022518158 -0.2746250033378601
vn 0.4898660480976105 0.827413022518158 -0.2746250033378601
vn -0.5750053524971008 1.1603308536223267e-7 -0.8181496262550354
vn -0.5750053524971008 1.1603308536223267e-7 -0.8181496262550354
vn -0.438793420791626 -0.8295470476150513 0.34541571140289307
vn -0.38033244013786316 -0.8253411650657654 0.4173238277435303
vn 0.6226005554199219 -0.030025478452444077 0.781963586807251
vn 0.69212406873703 0.029950689524412155 0.721156895160675
vn 0.44629132747650146 0.8274070024490356 -0.3409130275249481
vn 0.44629132747650146 0.8274070024490356 -0.3409130275249481
vn -0.6446210145950317 -0.005559754557907581 -0.7644820213317871
vn -0.8127016425132751 0.005596986040472984 -0.5826531648635864
vn -0.29391029477119446 -0.8297534584999084 0.47447437047958374
vn -0.38033244013786316 -0.8253411650657654 0.4173238277435303
vn 0.8160403966903687 -0.03002576157450676 0.5772144198417664
vn 0.7868310809135437 0.02995060570538044 0.6164412498474121
vn 0.3937980532646179 0.8274130821228027 -0.4003882110118866
vn 0.3937980532646179 0.8274130821228027 -0.4003882110118866
vn -0.7459064722061157 -0.005559856537729502 -0.6660274863243103
vn -0.8127016425132751 0.005596986040472984 -0.5826531648635864
vn -0.29391029477119446 -0.8297534584999084 0.47447437047958374
vn -0.29391029477119446 -0.8297534584999084 0.47447437047958374
vn 0.8160403966903687 -0.03002576157450676 0.5772144198417664
vn 0.9221435785293579 -0.015778684988617897 0.38652580976486206
vn 0.30139094591140747 0.8263522982597351 -0.47571563720703125
vn 0.30139094591140747 0.8263522982597351 -0.47571563720703125
vn -0.8819394707679749 0.017783667892217636 -0.47102707624435425
vn -0.8127016425132751 0.005596986040472984 -0.5826531648635864
vn -0.29391029477119446 -0.8297534584999084 0.47447437047958374
vn -0.29391029477119446 -0.8297534584999084 0.47447437047958374
vn 0.990007221698761 -0.10181974619626999 0.0975622683763504
vn 0.9221435785293579 -0.015778684988617897 0.38652580976486206
vn 0.30139094591140747 0.8263522982597351 -0.47571563720703125
vn 0.30139094591140747 0.8263522982597351 -0.47571563720703125
vn -0.8819394707679749 0.017783667892217636 -0.47102707624435425
vn -0.9961820840835571 0.0782819613814354 -0.038641557097435
vn -0.043846845626831055 -0.8174878358840942 0.5742743611335754
vn -0.043846845626831055 -0.8174878358840942 0.5742743611335754
vn 0.990007221698761 -0.10181974619626999 0.0975622683763504
vn 0.9964095950126648 -0.02008081041276455 -0.08224767446517944
vn 0.08096996694803238 0.8125324249267578 -0.5772650241851807
vn 0.08096996694803238 0.8125324249267578 -0.5772650241851807
vn -0.998455286026001 0.046398889273405075 0.030564483255147934
vn -0.9961820840835571 0.0782819613814354 -0.038641557097435
vn -0.043846845626831055 -0.8174878358840942 0.5742743611335754
vn -0.043846845626831055 -0.8174878358840942 0.5742743611335754
vn 0.990007221698761 -0.10181974619626999 0.0975622683763504
vn 0.9964095950126648 -0.02008081041276455 -0.08224767446517944
vn 0.08096996694803238 0.8125324249267578 -0.5772650241851807
vn 0.08096996694803238 0.8125324249267578 -0.5772650241851807
vn -0.998455286026001 0.046398889273405075 0.030564483255147934
vn -0.9961820840835571 0.0782819613814354 -0.038641557097435
vn -0.043846845626831055 -0.8174878358840942 0.5742743611335754
vn -0.043846845626831055 -0.8174878358840942 0.5742743611335754
vn 0.990007221698761 -0.10181974619626999 0.0975622683763504
vn 0.9964095950126648 -0.02008081041276455 -0.08224767446517944
vn 0.08096996694803238 0.8125324249267578 -0.5772650241851807
vn 0.08096996694803238 0.8125324249267578 -0.5772650241851807
vn -0.998455286026001 0.046398889273405075 0.030564483255147934
vn -0.9961820840835571 0.0782819613814354 -0.038641557097435
vn -0.043846845626831055 -0.8174878358840942 0.5742743611335754
vn -0.043846845626831055 -0.8174878358840942 0.5742743611335754
vn 0.9964095950126648 -0.02008081041276455 -0.08224767446517944
vn 0.9964095950126648 -0.02008081041276455 -0.08224767446517944
vn 0.08096996694803238 0.8125324249267578 -0.5772650241851807
vn 0.08096996694803238 0.8125324249267578 -0.5772650241851807
vn -0.998455286026001 0.046398889273405075 0.030564483255147934
vn -0.998455286026001 0.046398889273405075 0.030564483255147934
vn 0.17273016273975372 -0.8042219877243042 0.5686749815940857
vn 0.17273016273975372 -0.8042219877243042 0.5686749815940857
vn 0.9964095950126648 -0.02008081041276455 -0.08224767446517944
vn 0.9757019281387329 0.08204712718725204 -0.20316004753112793
vn -0.09686297178268433 0.807792067527771 -0.5814546942710876
vn -0.09686297178268433 0.807792067527771 -0.5814546942710876
vn -0.970506489276886 -8.453679356534849e-8 0.24107500910758972
vn -0.9448737502098083 0.015362784266471863 0.327074259519577
vn 0.2009851485490799 -0.8050088286399841 0.5581807494163513
vn 0.17273016273975372 -0.8042219877243042 0.5686749815940857
vn -0.7848141193389893 -0.6192006468772888 0.025640206411480904
vn -0.7908076643943787 -0.6114484667778015 -0.027458054944872856
vn -0.7908076643943787 -0.6114484667778015 -0.027458054944872856
vn -0.7848141193389893 -0.6192006468772888 0.025640206411480904
vn 0.24267098307609558 0.6155489087104797 0.7498068809509277
vn 0.2182588279247284 0.6114484667778015 0.7605878114700317
vn 0.2182588279247284 0.6114484667778015 0.7605878114700317
vn 0.3146376311779022 0.6251328587532043 0.7142912745475769
f 3391/3391/3391 3392/3392/3392 3393/3393/3393
f 3392/3392/3392 3394/3394/3394 3393/3393/3393
f 3395/3395/3395 3396/3396/3396 3397/3397/3397
f 3396/3396/3396 3398/3398/3398 3397/3397/3397
f 3399/3399/3399 3400/3400/3400 3401/3401/3401
f 3400/3400/3400 3402/3402/3402 3401/3401/3401
f 3403/3403/3403 3404/3404/3404 3405/3405/3405
f 3404/3404/3404 3406/3406/3406 3405/3405/3405
f 3393/3393/3393 3394/3394/3394 3407/3407/3407
f 3394/3394/3394 3408/3408/3408 3407/3407/3407
f 3397/3397/3397 3398/3398/3398 3409/3409/3409
f 3398/3398/3398 3410/3410/3410 3409/3409/3409
f 3401/3401/3401 3402/3402/3402 3411/3411/3411
f 3402/3402/3402 3412/3412/3412 3411/3411/3411
f 3405/3405/3405 3406/3406/3406 3413/3413/3413
f 3406/3406/3406 3414/3414/3414 3413/3413/3413
f 3407/3407/3407 3408/3408/3408 3415/3415/3415
f 3408/3408/3408 3416/3416/3416 3415/3415/3415
f 3409/3409/3409 3410/3410/3410 3417/3417/3417
f 3410/3410/3410 3418/3418/3418 3417/3417/3417
f 3411/3411/3411 3412/3412/3412 3419/3419/3419
f 3412/3412/3412 3420/3420/3420 3419/3419/3419
f 3413/3413/3413 3414/3414/3414 3421/3421/3421
f 3414/3414/3414 3422/3422/3422 3421/3421/3421
f 3415/3415/3415 3416/3416/3416 3423/3423/3423
f 3416/3416/3416 3424/3424/3424 3423/3423/3423
f 3417/3417/3417 3418/3418/3418 3425/3425/3425
f 3418/3418/3418 3426/3426/3426 3425/3425/3425
f 3419/3419/3419 3420/3420/3420 3427/3427/3427
f 3420/3420/3420 3428/3428/3428 3427/3427/3427
f 3421/3421/3421 3422/3422/3422 3429/3429/3429
f 3422/3422/3422 3430/3430/3430 3429/3429/3429
f 3423/3423/3423 3424/3424/3424 3431/3431/3431
f 3424/3424/3424 3432/3432/3432 3431/3431/3431
f 3425/3425/3425 3426/3426/3426 3433/3433/3433
f 3426/3426/3426 3434/3434/3434 3433/3433/3433
f 3427/3427/3427 3428/3428/3428 3435/3435/3435
f 3428/3428/3428 3436/3436/3436 3435/3435/3435
f 3429/3429/3429 3430/3430/3430 3437/3437/3437
f 3430/3430/3430 3438/3438/3438 3437/3437/3437
f 3431/3431/3431 3432/3432/3432 3439/3439/3439
f 3432/3432/3432 3440/3440/3440 3439/3439/3439
f 3433/3433/3433 3434/3434/3434 3441/3441/3441
f 3434/3434/3434 3442/3442/3442 3441/3441/3441
f 3435/3435/3435 3436/3436/3436 3443/3443/3443
f 3436/3436/3436 3444/3444/3444 3443/3443/3443
f 3437/3437/3437 3438/3438/3438 3445/3445/3445
f 3438/3438/3438 3446/3446/3446 3445/3445/3445
f 3439/3439/3439 3440/3440/3440 3447/3447/3447
f 3440/3440/3440 3448/3448/3448 3447/3447/3447
f 3441/3441/3441 3442/3442/3442 3449/3449/3449
f 3442/3442/3442 3450/3450/3450 3449/3449/3449
f 3443/3443/3443 3444/3444/3444 3451/3451/3451
f 3444/3444/3444 3452/3452/3452 3451/3451/3451
f 3445/3445/3445 3446/3446/3446 3453/3453/3453
f 3446/3446/3446 3454/3454/3454 3453/3453/3453
f 3447/3447/3447 3448/3448/3448 3455/3455/3455
f 3448/3448/3448 3456/3456/3456 3455/3455/3455
f 3449/3449/3449 3450/3450/3450 3457/3457/3457
f 3450/3450/3450 3458/3458/3458 3457/3457/3457
f 3451/3451/3451 3452/3452/3452 3459/3459/3459
f 3452/3452/3452 3460/3460/3460 3459/3459/3459
f 3453/3453/3453 3454/3454/3454 3461/3461/3461
f 3454/3454/3454 3462/3462/3462 3461/3461/3461
f 3455/3455/3455 3456/3456/3456 3463/3463/3463
f 3456/3456/3456 3464/3464/3464 3463/3463/3463
f 3457/3457/3457 3458/3458/3458 3465/3465/3465
f 3458/3458/3458 3466/3466/3466 3465/3465/3465
f 3459/3459/3459 3460/3460/3460 3467/3467/3467
f 3460/3460/3460 3468/3468/3468 3467/3467/3467
f 3461/3461/3461 3462/3462/3462 3469/3469/3469
f 3462/3462/3462 3470/3470/3470 3469/3469/3469
f 3463/3463/3463 3464/3464/3464 3471/3471/3471
f 3464/3464/3464 3472/3472/3472 3471/3471/3471
f 3465/3465/3465 3466/3466/3466 3473/3473/3473
f 3466/3466/3466 3474/3474/3474 3473/3473/3473
f 3467/3467/3467 3468/3468/3468 3475/3475/3475
f 3468/3468/3468 3476/3476/3476 3475/3475/3475
f 3469/3469/3469 3470/3470/3470 3477/3477/3477
f 3470/3470/3470 3478/3478/3478 3477/3477/3477
f 3471/3471/3471 3472/3472/3472 3479/3479/3479
f 3472/3472/3472 3480/3480/3480 3479/3479/3479
f 3473/3473/3473 3474/3474/3474 3481/3481/3481
f 3474/3474/3474 3482/3482/3482 3481/3481/3481
f 3475/3475/3475 3476/3476/3476 3483/3483/3483
f 3476/3476/3476 3484/3484/3484 3483/3483/3483
f 3477/3477/3477 3478/3478/3478 3485/3485/3485
f 3478/3478/3478 3486/3486/3486 3485/3485/3485
f 3479/3479/3479 3480/3480/3480 3487/3487/3487
f 3480/3480/3480 3488/3488/3488 3487/3487/3487
f 3481/3481/3481 3482/3482/3482 3489/3489/3489
f 3482/3482/3482 3490/3490/3490 3489/3489/3489
f 3483/3483/3483 3484/3484/3484 3491/3491/3491
f 3484/3484/3484 3492/3492/3492 3491/3491/3491
f 3485/3485/3485 3486/3486/3486 3493/3493/3493
f 3486/3486/3486 3494/3494/3494 3493/3493/3493
f 3487/3487/3487 3488/3488/3488 3495/3495/3495
f 3488/3488/3488 3496/3496/3496 3495/3495/3495
f 3489/3489/3489 3490/3490/3490 3497/3497/3497
f 3490/3490/3490 3498/3498/3498 3497/3497/3497
f 3491/3491/3491 3492/3492/3492 3499/3499/3499
f 3492/3492/3492 3500/3500/3500 3499/3499/3499
f 3493/3493/3493 3494/3494/3494 3501/3501/3501
f 3494/3494/3494 3502/3502/3502 3501/3501/3501
f 3495/3495/3495 3496/3496/3496 3503/3503/3503
f 3496/3496/3496 3504/3504/3504 3503/3503/3503
f 3497/3497/3497 3498/3498/3498 3505/3505/3505
f 3498/3498/3498 3506/3506/3506 3505/3505/3505
f 3499/3499/3499 3500/3500/3500 3507/3507/3507
f 3500/3500/3500 3508/3508/3508 3507/3507/3507
f 3501/3501/3501 3502/3502/3502 3509/3509/3509
f 3502/3502/3502 3510/3510/3510 3509/3509/3509
f 3503/3503/3503 3504/3504/3504 3511/3511/3511
f 3504/3504/3504 3512/3512/3512 3511/3511/3511
f 3505/3505/3505 3506/3506/3506 3513/3513/3513
f 3506/3506/3506 3514/3514/3514 3513/3513/3513
f 3507/3507/3507 3508/3508/3508 3515/3515/3515
f 3508/3508/3508 3516/3516/3516 3515/3515/3515
f 3509/3509/3509 3510/3510/3510 3517/3517/3517
f 3510/3510/3510 3518/3518/3518 3517/3517/3517
f 3511/3511/3511 3512/3512/3512 3519/3519/3519
f 3512/3512/3512 3520/3520/3520 3519/3519/3519
f 3513/3513/3513 3514/3514/3514 3521/3521/3521
f 3514/3514/3514 3522/3522/3522 3521/3521/3521
f 3515/3515/3515 3516/3516/3516 3523/3523/3523
f 3516/3516/3516 3524/3524/3524 3523/3523/3523
f 3517/3517/3517 3518/3518/3518 3525/3525/3525
f 3518/3518/3518 3526/3526/3526 3525/3525/3525
f 3519/3519/3519 3520/3520/3520 3527/3527/3527
f 3520/3520/3520 3528/3528/3528 3527/3527/3527
f 3521/3521/3521 3522/3522/3522 3529/3529/3529
f 3522/3522/3522 3530/3530/3530 3529/3529/3529
f 3523/3523/3523 3524/3524/3524 3531/3531/3531
f 3524/3524/3524 3532/3532/3532 3531/3531/3531
f 3525/3525/3525 3526/3526/3526 3533/3533/3533
f 3526/3526/3526 3534/3534/3534 3533/3533/3533
f 3527/3527/3527 3528/3528/3528 3535/3535/3535
f 3528/3528/3528 3536/3536/3536 3535/3535/3535
f 3529/3529/3529 3530/3530/3530 3537/3537/3537
f 3530/3530/3530 3538/3538/3538 3537/3537/3537
f 3531/3531/3531 3532/3532/3532 3539/3539/3539
f 3532/3532/3532 3540/3540/3540 3539/3539/3539
f 3533/3533/3533 3534/3534/3534 3541/3541/3541
f 3534/3534/3534 3542/3542/3542 3541/3541/3541
f 3535/3535/3535 3536/3536/3536 3543/3543/3543
f 3536/3536/3536 3544/3544/3544 3543/3543/3543
f 3537/3537/3537 3538/3538/3538 3545/3545/3545
f 3538/3538/3538 3546/3546/3546 3545/3545/3545
f 3539/3539/3539 3540/3540/3540 3547/3547/3547
f 3540/3540/3540 3548/3548/3548 3547/3547/3547
f 3541/3541/3541 3542/3542/3542 3549/3549/3549
f 3542/3542/3542 3550/3550/3550 3549/3549/3549
f 3543/3543/3543 3544/3544/3544 3551/3551/3551
f 3544/3544/3544 3552/3552/3552 3551/3551/3551
f 3545/3545/3545 3546/3546/3546 3553/3553/3553
f 3546/3546/3546 3554/3554/3554 3553/3553/3553
f 3547/3547/3547 3548/3548/3548 3555/3555/3555
f 3548/3548/3548 3556/3556/3556 3555/3555/3555
f 3549/3549/3549 3550/3550/3550 3557/3557/3557
f 3550/3550/3550 3558/3558/3558 3557/3557/3557
f 3551/3551/3551 3552/3552/3552 3559/3559/3559
f 3552/3552/3552 3560/3560/3560 3559/3559/3559
f 3553/3553/3553 3554/3554/3554 3561/3561/3561
f 3554/3554/3554 3562/3562/3562 3561/3561/3561
f 3555/3555/3555 3556/3556/3556 3563/3563/3563
f 3556/3556/3556 3564/3564/3564 3563/3563/3563
f 3557/3557/3557 3558/3558/3558 3565/3565/3565
f 3558/3558/3558 3566/3566/3566 3565/3565/3565
f 3559/3559/3559 3560/3560/3560 3567/3567/3567
f 3560/3560/3560 3568/3568/3568 3567/3567/3567
f 3561/3561/3561 3562/3562/3562 3569/3569/3569
f 3562/3562/3562 3570/3570/3570 3569/3569/3569
f 3563/3563/3563 3564/3564/3564 3571/3571/3571
f 3564/3564/3564 3572/3572/3572 3571/3571/3571
f 3565/3565/3565 3566/3566/3566 3573/3573/3573
f 3566/3566/3566 3574/3574/3574 3573/3573/3573
f 3567/3567/3567 3568/3568/3568 3575/3575/3575
f 3568/3568/3568 3576/3576/3576 3575/3575/3575
f 3569/3569/3569 3570/3570/3570 3577/3577/3577
f 3570/3570/3570 3578/3578/3578 3577/3577/3577
f 3571/3571/3571 3572/3572/3572 3579/3579/3579
f 3572/3572/3572 3580/3580/3580 3579/3579/3579
f 3573/3573/3573 3574/3574/3574 3581/3581/3581
f 3574/3574/3574 3582/3582/3582 3581/3581/3581
f 3575/3575/3575 3576/3576/3576 3583/3583/3583
f 3576/3576/3576 3584/3584/3584 3583/3583/3583
f 3577/3577/3577 3578/3578/3578 3585/3585/3585
f 3578/3578/3578 3586/3586/3586 3585/3585/3585
f 3579/3579/3579 3580/3580/3580 3587/3587/3587
f 3580/3580/3580 3588/3588/3588 3587/3587/3587
f 3581/3581/3581 3582/3582/3582 3589/3589/3589
f 3582/3582/3582 3590/3590/3590 3589/3589/3589
f 3583/3583/3583 3584/3584/3584 3591/3591/3591
f 3584/3584/3584 3592/3592/3592 3591/3591/3591
f 3585/3585/3585 3586/3586/3586 3593/3593/3593
f 3586/3586/3586 3594/3594/3594 3593/3593/3593
f 3587/3587/3587 3588/3588/3588 3595/3595/3595
f 3588/3588/3588 3596/3596/3596 3595/3595/3595
f 3589/3589/3589 3590/3590/3590 3597/3597/3597
f 3590/3590/3590 3598/3598/3598 3597/3597/3597
f 3591/3591/3591 3592/3592/3592 3599/3599/3599
f 3592/3592/3592 3600/3600/3600 3599/3599/3599
f 3593/3593/3593 3594/3594/3594 3601/3601/3601
f 3594/3594/3594 3602/3602/3602 3601/3601/3601
f 3595/3595/3595 3596/3596/3596 3603/3603/3603
f 3596/3596/3596 3604/3604/3604 3603/3603/3603
f 3597/3597/3597 3598/3598/3598 3605/3605/3605
f 3598/3598/3598 3606/3606/3606 3605/3605/3605
f 3599/3599/3599 3600/3600/3600 3607/3607/3607
f 3600/3600/3600 3608/3608/3608 3607/3607/3607
f 3601/3601/3601 3602/3602/3602 3609/3609/3609
f 3602/3602/3602 3610/3610/3610 3609/3609/3609
f 3603/3603/3603 3604/3604/3604 3611/3611/3611
f 3604/3604/3604 3612/3612/3612 3611/3611/3611
f 3605/3605/3605 3606/3606/3606 3613/3613/3613
f 3606/3606/3606 3614/3614/3614 3613/3613/3613
f 3607/3607/3607 3608/3608/3608 3615/3615/3615
f 3608/3608/3608 3616/3616/3616 3615/3615/3615
f 3609/3609/3609 3610/3610/3610 3617/3617/3617
f 3610/3610/3610 3618/3618/3618 3617/3617/3617
f 3611/3611/3611 3612/3612/3612 3619/3619/3619
f 3612/3612/3612 3620/3620/3620 3619/3619/3619
f 3613/3613/3613 3614/3614/3614 3621/3621/3621
f 3614/3614/3614 3622/3622/3622 3621/3621/3621
f 3615/3615/3615 3616/3616/3616 3623/3623/3623
f 3616/3616/3616 3624/3624/3624 3623/3623/3623
f 3617/3617/3617 3618/3618/3618 3625/3625/3625
f 3618/3618/3618 3626/3626/3626 3625/3625/3625
f 3619/3619/3619 3620/3620/3620 3627/3627/3627
f 3620/3620/3620 3628/3628/3628 3627/3627/3627
f 3621/3621/3621 3622/3622/3622 3629/3629/3629
f 3622/3622/3622 3630/3630/3630 3629/3629/3629
f 3623/3623/3623 3624/3624/3624 3631/3631/3631
f 3624/3624/3624 3632/3632/3632 3631/3631/3631
f 3625/3625/3625 3626/3626/3626 3633/3633/3633
f 3626/3626/3626 3634/3634/3634 3633/3633/3633
f 3627/3627/3627 3628/3628/3628 3635/3635/3635
f 3628/3628/3628 3636/3636/3636 3635/3635/3635
f 3629/3629/3629 3630/3630/3630 3637/3637/3637
f 3630/3630/3630 3638/3638/3638 3637/3637/3637
f 3631/3631/3631 3632/3632/3632 3639/3639/3639
f 3632/3632/3632 3640/3640/3640 3639/3639/3639
f 3633/3633/3633 3634/3634/3634 3641/3641/3641
f 3634/3634/3634 3642/3642/3642 3641/3641/3641
f 3635/3635/3635 3636/3636/3636 3643/3643/3643
f 3636/3636/3636 3644/3644/3644 3643/3643/3643
f 3637/3637/3637 3638/3638/3638 3645/3645/3645
f 3638/3638/3638 3646/3646/3646 3645/3645/3645
f 3639/3639/3639 3640/3640/3640 3647/3647/3647
f 3640/3640/3640 3648/3648/3648 3647/3647/3647
f 3641/3641/3641 3642/3642/3642 3649/3649/3649
f 3642/3642/3642 3650/3650/3650 3649/3649/3649
f 3643/3643/3643 3644/3644/3644 3651/3651/3651
f 3644/3644/3644 3652/3652/3652 3651/3651/3651
f 3645/3645/3645 3646/3646/3646 3653/3653/3653
f 3646/3646/3646 3654/3654/3654 3653/3653/3653
f 3647/3647/3647 3648/3648/3648 3655/3655/3655
f 3648/3648/3648 3656/3656/3656 3655/3655/3655
f 3649/3649/3649 3650/3650/3650 3657/3657/3657
f 3650/3650/3650 3658/3658/3658 3657/3657/3657
f 3651/3651/3651 3652/3652/3652 3659/3659/3659
f 3652/3652/3652 3660/3660/3660 3659/3659/3659
f 3653/3653/3653 3654/3654/3654 3661/3661/3661
f 3654/3654/3654 3662/3662/3662 3661/3661/3661
f 3655/3655/3655 3656/3656/3656 3663/3663/3663
f 3656/3656/3656 3664/3664/3664 3663/3663/3663
f 3657/3657/3657 3658/3658/3658 3665/3665/3665
f 3658/3658/3658 3666/3666/3666 3665/3665/3665
f 3659/3659/3659 3660/3660/3660 3667/3667/3667
f 3660/3660/3660 3668/3668/3668 3667/3667/3667
f 3661/3661/3661 3662/3662/3662 3669/3669/3669
f 3662/3662/3662 3670/3670/3670 3669/3669/3669
f 3663/3663/3663 3664/3664/3664 3671/3671/3671
f 3664/3664/3664 3672/3672/3672 3671/3671/3671
f 3665/3665/3665 3666/3666/3666 3673/3673/3673
f 3666/3666/3666 3674/3674/3674 3673/3673/3673
f 3667/3667/3667 3668/3668/3668 3675/3675/3675
f 3668/3668/3668 3676/3676/3676 3675/3675/3675
f 3669/3669/3669 3670/3670/3670 3677/3677/3677
f 3670/3670/3670 3678/3678/3678 3677/3677/3677
f 3671/3671/3671 3672/3672/3672 3679/3679/3679
f 3672/3672/3672 3680/3680/3680 3679/3679/3679
f 3673/3673/3673 3674/3674/3674 3681/3681/3681
f 3674/3674/3674 3682/3682/3682 3681/3681/3681
f 3675/3675/3675 3676/3676/3676 3683/3683/3683
f 3676/3676/3676 3684/3684/3684 3683/3683/3683
f 3677/3677/3677 3678/3678/3678 3685/3685/3685
f 3678/3678/3678 3686/3686/3686 3685/3685/3685
f 3679/3679/3679 3680/3680/3680 3687/3687/3687
f 3680/3680/3680 3688/3688/3688 3687/3687/3687
f 3681/3681/3681 3682/3682/3682 3689/3689/3689
f 3682/3682/3682 3690/3690/3690 3689/3689/3689
f 3683/3683/3683 3684/3684/3684 3691/3691/3691
f 3684/3684/3684 3692/3692/3692 3691/3691/3691
f 3685/3685/3685 3686/3686/3686 3693/3693/3693
f 3686/3686/3686 3694/3694/3694 3693/3693/3693
f 3687/3687/3687 3688/3688/3688 3695/3695/3695
f 3688/3688/3688 3696/3696/3696 3695/3695/3695
f 3689/3689/3689 3690/3690/3690 3697/3697/3697
f 3690/3690/3690 3698/3698/3698 3697/3697/3697
f 3691/3691/3691 3692/3692/3692 3699/3699/3699
f 3692/3692/3692 3700/3700/3700 3699/3699/3699
f 3693/3693/3693 3694/3694/3694 3701/3701/3701
f 3694/3694/3694 3702/3702/3702 3701/3701/3701
f 3695/3695/3695 3696/3696/3696 3703/3703/3703
f 3696/3696/3696 3704/3704/3704 3703/3703/3703
f 3697/3697/3697 3698/3698/3698 3705/3705/3705
f 3698/3698/3698 3706/3706/3706 3705/3705/3705
f 3699/3699/3699 3700/3700/3700 3707/3707/3707
f 3700/3700/3700 3708/3708/3708 3707/3707/3707
f 3701/3701/3701 3702/3702/3702 3709/3709/3709
f 3702/3702/3702 3710/3710/3710 3709/3709/3709
f 3703/3703/3703 3704/3704/3704 3711/3711/3711
f 3704/3704/3704 3712/3712/3712 3711/3711/3711
f 3705/3705/3705 3706/3706/3706 3713/3713/3713
f 3706/3706/3706 3714/3714/3714 3713/3713/3713
f 3707/3707/3707 3708/3708/3708 3715/3715/3715
f 3708/3708/3708 3716/3716/3716 3715/3715/3715
f 3709/3709/3709 3710/3710/3710 3717/3717/3717
f 3710/3710/3710 3718/3718/3718 3717/3717/3717
f 3711/3711/3711 3712/3712/3712 3719/3719/3719
f 3712/3712/3712 3720/3720/3720 3719/3719/3719
f 3713/3713/3713 3714/3714/3714 3721/3721/3721
f 3714/3714/3714 3722/3722/3722 3721/3721/3721
f 3715/3715/3715 3716/3716/3716 3723/3723/3723
f 3716/3716/3716 3724/3724/3724 3723/3723/3723
f 3717/3717/3717 3718/3718/3718 3725/3725/3725
f 3718/3718/3718 3726/3726/3726 3725/3725/3725
f 3719/3719/3719 3720/3720/3720 3727/3727/3727
f 3720/3720/3720 3728/3728/3728 3727/3727/3727
f 3721/3721/3721 3722/3722/3722 3729/3729/3729
f 3722/3722/3722 3730/3730/3730 3729/3729/3729
f 3723/3723/3723 3724/3724/3724 3731/3731/3731
f 3724/3724/3724 3732/3732/3732 3731/3731/3731
f 3725/3725/3725 3726/3726/3726 3733/3733/3733
f 3726/3726/3726 3734/3734/3734 3733/3733/3733
f 3727/3727/3727 3728/3728/3728 3735/3735/3735
f 3728/3728/3728 3736/3736/3736 3735/3735/3735
f 3729/3729/3729 3730/3730/3730 3737/3737/3737
f 3730/3730/3730 3738/3738/3738 3737/3737/3737
f 3731/3731/3731 3732/3732/3732 3739/3739/3739
f 3732/3732/3732 3740/3740/3740 3739/3739/3739
f 3733/3733/3733 3734/3734/3734 3741/3741/3741
f 3734/3734/3734 3742/3742/3742 3741/3741/3741
f 3735/3735/3735 3736/3736/3736 3743/3743/3743
f 3736/3736/3736 3744/3744/3744 3743/3743/3743
f 3737/3737/3737 3738/3738/3738 3745/3745/3745
f 3738/3738/3738 3746/3746/3746 3745/3745/3745
f 3739/3739/3739 3740/3740/3740 3747/3747/3747
f 3740/3740/3740 3748/3748/3748 3747/3747/3747
f 3741/3741/3741 3742/3742/3742 3749/3749/3749
f 3742/3742/3742 3750/3750/3750 3749/3749/3749
f 3743/3743/3743 3744/3744/3744 3751/3751/3751
f 3744/3744/3744 3752/3752/3752 3751/3751/3751
f 3745/3745/3745 3746/3746/3746 3753/3753/3753
f 3746/3746/3746 3754/3754/3754 3753/3753/3753
f 3747/3747/3747 3748/3748/3748 3755/3755/3755
f 3748/3748/3748 3756/3756/3756 3755/3755/3755
f 3749/3749/3749 3750/3750/3750 3757/3757/3757
f 3750/3750/3750 3758/3758/3758 3757/3757/3757
f 3751/3751/3751 3752/3752/3752 3759/3759/3759
f 3752/3752/3752 3760/3760/3760 3759/3759/3759
f 3753/3753/3753 3754/3754/3754 3761/3761/3761
f 3754/3754/3754 3762/3762/3762 3761/3761/3761
f 3755/3755/3755 3756/3756/3756 3763/3763/3763
f 3756/3756/3756 3764/3764/3764 3763/3763/3763
f 3757/3757/3757 3758/3758/3758 3765/3765/3765
f 3758/3758/3758 3766/3766/3766 3765/3765/3765
f 3759/3759/3759 3760/3760/3760 3767/3767/3767
f 3760/3760/3760 3768/3768/3768 3767/3767/3767
f 3761/3761/3761 3762/3762/3762 3769/3769/3769
f 3762/3762/3762 3770/3770/3770 3769/3769/3769
f 3763/3763/3763 3764/3764/3764 3771/3771/3771
f 3764/3764/3764 3772/3772/3772 3771/3771/3771
f 3765/3765/3765 3766/3766/3766 3773/3773/3773
f 3766/3766/3766 3774/3774/3774 3773/3773/3773
f 3767/3767/3767 3768/3768/3768 3775/3775/3775
f 3768/3768/3768 3776/3776/3776 3775/3775/3775
f 3769/3769/3769 3770/3770/3770 3777/3777/3777
f 3770/3770/3770 3778/3778/3778 3777/3777/3777
f 3771/3771/3771 3772/3772/3772 3779/3779/3779
f 3772/3772/3772 3780/3780/3780 3779/3779/3779
f 3773/3773/3773 3774/3774/3774 3781/3781/3781
f 3774/3774/3774 3782/3782/3782 3781/3781/3781
f 3775/3775/3775 3776/3776/3776 3783/3783/3783
f 3776/3776/3776 3784/3784/3784 3783/3783/3783
f 3777/3777/3777 3778/3778/3778 3785/3785/3785
f 3778/3778/3778 3786/3786/3786 3785/3785/3785
f 3779/3779/3779 3780/3780/3780 3787/3787/3787
f 3780/3780/3780 3788/3788/3788 3787/3787/3787
f 3781/3781/3781 3782/3782/3782 3789/3789/3789
f 3782/3782/3782 3790/3790/3790 3789/3789/3789
f 3783/3783/3783 3784/3784/3784 3791/3791/3791
f 3784/3784/3784 3792/3792/3792 3791/3791/3791
f 3785/3785/3785 3786/3786/3786 3793/3793/3793
f 3786/3786/3786 3794/3794/3794 3793/3793/3793
f 3787/3787/3787 3788/3788/3788 3795/3795/3795
f 3788/3788/3788 3796/3796/3796 3795/3795/3795
f 3789/3789/3789 3790/3790/3790 3797/3797/3797
f 3790/3790/3790 3798/3798/3798 3797/3797/3797
f 3791/3791/3791 3792/3792/3792 3799/3799/3799
f 3792/3792/3792 3800/3800/3800 3799/3799/3799
f 3793/3793/3793 3794/3794/3794 3801/3801/3801
f 3794/3794/3794 3802/3802/3802 3801/3801/3801
f 3795/3795/3795 3796/3796/3796 3803/3803/3803
f 3796/3796/3796 3804/3804/3804 3803/3803/3803
f 3797/3797/3797 3798/3798/3798 3805/3805/3805
f 3798/3798/3798 3806/3806/3806 3805/3805/3805
f 3799/3799/3799 3800/3800/3800 3807/3807/3807
f 3800/3800/3800 3808/3808/3808 3807/3807/3807
f 3801/3801/3801 3802/3802/3802 3809/3809/3809
f 3802/3802/3802 3810/3810/3810 3809/3809/3809
f 3803/3803/3803 3804/3804/3804 3811/3811/3811
f 3804/3804/3804 3812/3812/3812 3811/3811/3811
f 3805/3805/3805 3806/3806/3806 3813/3813/3813
f 3806/3806/3806 3814/3814/3814 3813/3813/3813
f 3807/3807/3807 3808/3808/3808 3815/3815/3815
f 3808/3808/3808 3816/3816/3816 3815/3815/3815
f 3809/3809/3809 3810/3810/3810 3817/3817/3817
f 3810/3810/3810 3818/3818/3818 3817/3817/3817
f 3811/3811/3811 3812/3812/3812 3819/3819/3819
f 3812/3812/3812 3820/3820/3820 3819/3819/3819
f 3813/3813/3813 3814/3814/3814 3821/3821/3821
f 3814/3814/3814 3822/3822/3822 3821/3821/3821
f 3815/3815/3815 3816/3816/3816 3823/3823/3823
f 3816/3816/3816 3824/3824/3824 3823/3823/3823
f 3817/3817/3817 3818/3818/3818 3825/3825/3825
f 3818/3818/3818 3826/3826/3826 3825/3825/3825
f 3819/3819/3819 3820/3820/3820 3827/3827/3827
f 3820/3820/3820 3828/3828/3828 3827/3827/3827
f 3821/3821/3821 3822/3822/3822 3829/3829/3829
f 3822/3822/3822 3830/3830/3830 3829/3829/3829
f 3823/3823/3823 3824/3824/3824 3831/3831/3831
f 3824/3824/3824 3832/3832/3832 3831/3831/3831
f 3825/3825/3825 3826/3826/3826 3833/3833/3833
f 3826/3826/3826 3834/3834/3834 3833/3833/3833
f 3827/3827/3827 3828/3828/3828 3835/3835/3835
f 3828/3828/3828 3836/3836/3836 3835/3835/3835
f 3829/3829/3829 3830/3830/3830 3837/3837/3837
f 3830/3830/3830 3838/3838/3838 3837/3837/3837
f 3831/3831/3831 3832/3832/3832 3839/3839/3839
f 3832/3832/3832 3840/3840/3840 3839/3839/3839
f 3833/3833/3833 3834/3834/3834 3841/3841/3841
f 3834/3834/3834 3842/3842/3842 3841/3841/3841
f 3835/3835/3835 3836/3836/3836 3843/3843/3843
f 3836/3836/3836 3844/3844/3844 3843/3843/3843
f 3837/3837/3837 3838/3838/3838 3845/3845/3845
f 3838/3838/3838 3846/3846/3846 3845/3845/3845
f 3839/3839/3839 3840/3840/3840 3847/3847/3847
f 3840/3840/3840 3848/3848/3848 3847/3847/3847
f 3841/3841/3841 3842/3842/3842 3849/3849/3849
f 3842/3842/3842 3850/3850/3850 3849/3849/3849
f 3843/3843/3843 3844/3844/3844 3851/3851/3851
f 3844/3844/3844 3852/3852/3852 3851/3851/3851
f 3845/3845/3845 3846/3846/3846 3853/3853/3853
f 3846/3846/3846 3854/3854/3854 3853/3853/3853
f 3847/3847/3847 3848/3848/3848 3855/3855/3855
f 3848/3848/3848 3856/3856/3856 3855/3855/3855
f 3849/3849/3849 3850/3850/3850 3857/3857/3857
f 3850/3850/3850 3858/3858/3858 3857/3857/3857
f 3851/3851/3851 3852/3852/3852 3859/3859/3859
f 3852/3852/3852 3860/3860/3860 3859/3859/3859
f 3853/3853/3853 3854/3854/3854 3861/3861/3861
f 3854/3854/3854 3862/3862/3862 3861/3861/3861
f 3855/3855/3855 3856/3856/3856 3863/3863/3863
f 3856/3856/3856 3864/3864/3864 3863/3863/3863
f 3857/3857/3857 3858/3858/3858 3865/3865/3865
f 3858/3858/3858 3866/3866/3866 3865/3865/3865
f 3859/3859/3859 3860/3860/3860 3867/3867/3867
f 3860/3860/3860 3868/3868/3868 3867/3867/3867
f 3861/3861/3861 3862/3862/3862 3869/3869/3869
f 3862/3862/3862 3870/3870/3870 3869/3869/3869
f 3863/3863/3863 3864/3864/3864 3871/3871/3871
f 3864/3864/3864 3872/3872/3872 3871/3871/3871
f 3865/3865/3865 3866/3866/3866 3873/3873/3873
f 3866/3866/3866 3874/3874/3874 3873/3873/3873
f 3867/3867/3867 3868/3868/3868 3875/3875/3875
f 3868/3868/3868 3876/3876/3876 3875/3875/3875
f 3869/3869/3869 3870/3870/3870 3877/3877/3877
f 3870/3870/3870 3878/3878/3878 3877/3877/3877
f 3871/3871/3871 3872/3872/3872 3879/3879/3879
f 3872/3872/3872 3880/3880/3880 3879/3879/3879
f 3873/3873/3873 3874/3874/3874 3881/3881/3881
f 3874/3874/3874 3882/3882/3882 3881/3881/3881
f 3875/3875/3875 3876/3876/3876 3883/3883/3883
f 3876/3876/3876 3884/3884/3884 3883/3883/3883
f 3877/3877/3877 3878/3878/3878 3885/3885/3885
f 3878/3878/3878 3886/3886/3886 3885/3885/3885
f 3879/3879/3879 3880/3880/3880 3887/3887/3887
f 3880/3880/3880 3888/3888/3888 3887/3887/3887
f 3881/3881/3881 3882/3882/3882 3889/3889/3889
f 3882/3882/3882 3890/3890/3890 3889/3889/3889
f 3883/3883/3883 3884/3884/3884 3891/3891/3891
f 3884/3884/3884 3892/3892/3892 3891/3891/3891
f 3885/3885/3885 3886/3886/3886 3893/3893/3893
f 3886/3886/3886 3894/3894/3894 3893/3893/3893
f 3887/3887/3887 3888/3888/3888 3895/3895/3895
f 3888/3888/3888 3896/3896/3896 3895/3895/3895
f 3889/3889/3889 3890/3890/3890 3897/3897/3897
f 3890/3890/3890 3898/3898/3898 3897/3897/3897
f 3891/3891/3891 3892/3892/3892 3899/3899/3899
f 3892/3892/3892 3900/3900/3900 3899/3899/3899
f 3893/3893/3893 3894/3894/3894 3901/3901/3901
f 3894/3894/3894 3902/3902/3902 3901/3901/3901
f 3895/3895/3895 3896/3896/3896 3903/3903/3903
f 3896/3896/3896 3904/3904/3904 3903/3903/3903
f 3897/3897/3897 3898/3898/3898 3905/3905/3905
f 3898/3898/3898 3906/3906/3906 3905/3905/3905
f 3899/3899/3899 3900/3900/3900 3907/3907/3907
f 3900/3900/3900 3908/3908/3908 3907/3907/3907
f 3901/3901/3901 3902/3902/3902 3909/3909/3909
f 3902/3902/3902 3910/3910/3910 3909/3909/3909
f 3903/3903/3903 3904/3904/3904 3911/3911/3911
f 3904/3904/3904 3912/3912/3912 3911/3911/3911
f 3905/3905/3905 3906/3906/3906 3913/3913/3913
f 3906/3906/3906 3914/3914/3914 3913/3913/3913
f 3907/3907/3907 3908/3908/3908 3915/3915/3915
f 3908/3908/3908 3916/3916/3916 3915/3915/3915
f 3909/3909/3909 3910/3910/3910 3917/3917/3917
f 3910/3910/3910 3918/3918/3918 3917/3917/3917
f 3911/3911/3911 3912/3912/3912 3919/3919/3919
f 3912/3912/3912 3920/3920/3920 3919/3919/3919
f 3913/3913/3913 3914/3914/3914 3921/3921/3921
f 3914/3914/3914 3922/3922/3922 3921/3921/3921
f 3915/3915/3915 3916/3916/3916 3923/3923/3923
f 3916/3916/3916 3924/3924/3924 3923/3923/3923
f 3917/3917/3917 3918/3918/3918 3925/3925/3925
f 3918/3918/3918 3926/3926/3926 3925/3925/3925
f 3919/3919/3919 3920/3920/3920 3927/3927/3927
f 3920/3920/3920 3928/3928/3928 3927/3927/3927
f 3921/3921/3921 3922/3922/3922 3929/3929/3929
f 3922/3922/3922 3930/3930/3930 3929/3929/3929
f 3923/3923/3923 3924/3924/3924 3931/3931/3931
f 3924/3924/3924 3932/3932/3932 3931/3931/3931
f 3925/3925/3925 3926/3926/3926 3933/3933/3933
f 3926/3926/3926 3934/3934/3934 3933/3933/3933
f 3927/3927/3927 3928/3928/3928 3935/3935/3935
f 3928/3928/3928 3936/3936/3936 3935/3935/3935
f 3929/3929/3929 3930/3930/3930 3937/3937/3937
f 3930/3930/3930 3938/3938/3938 3937/3937/3937
f 3931/3931/3931 3932/3932/3932 3939/3939/3939
f 3932/3932/3932 3940/3940/3940 3939/3939/3939
f 3933/3933/3933 3934/3934/3934 3941/3941/3941
f 3934/3934/3934 3942/3942/3942 3941/3941/3941
f 3935/3935/3935 3936/3936/3936 3943/3943/3943
f 3936/3936/3936 3944/3944/3944 3943/3943/3943
f 3937/3937/3937 3938/3938/3938 3945/3945/3945
f 3938/3938/3938 3946/3946/3946 3945/3945/3945
f 3939/3939/3939 3940/3940/3940 3947/3947/3947
f 3940/3940/3940 3948/3948/3948 3947/3947/3947
f 3941/3941/3941 3942/3942/3942 3949/3949/3949
f 3942/3942/3942 3950/3950/3950 3949/3949/3949
f 3943/3943/3943 3944/3944/3944 3951/3951/3951
f 3944/3944/3944 3952/3952/3952 3951/3951/3951
f 3945/3945/3945 3946/3946/3946 3953/3953/3953
f 3946/3946/3946 3954/3954/3954 3953/3953/3953
f 3947/3947/3947 3948/3948/3948 3955/3955/3955
f 3948/3948/3948 3956/3956/3956 3955/3955/3955
f 3949/3949/3949 3950/3950/3950 3957/3957/3957
f 3950/3950/3950 3958/3958/3958 3957/3957/3957
f 3951/3951/3951 3952/3952/3952 3959/3959/3959
f 3952/3952/3952 3960/3960/3960 3959/3959/3959
f 3953/3953/3953 3954/3954/3954 3961/3961/3961
f 3954/3954/3954 3962/3962/3962 3961/3961/3961
f 3955/3955/3955 3956/3956/3956 3963/3963/3963
f 3956/3956/3956 3964/3964/3964 3963/3963/3963
f 3957/3957/3957 3958/3958/3958 3965/3965/3965
f 3958/3958/3958 3966/3966/3966 3965/3965/3965
f 3959/3959/3959 3960/3960/3960 3967/3967/3967
f 3960/3960/3960 3968/3968/3968 3967/3967/3967
f 3961/3961/3961 3962/3962/3962 3969/3969/3969
f 3962/3962/3962 3970/3970/3970 3969/3969/3969
f 3963/3963/3963 3964/3964/3964 3971/3971/3971
f 3964/3964/3964 3972/3972/3972 3971/3971/3971
f 3965/3965/3965 3966/3966/3966 3973/3973/3973
f 3966/3966/3966 3974/3974/3974 3973/3973/3973
f 3967/3967/3967 3968/3968/3968 3975/3975/3975
f 3968/3968/3968 3976/3976/3976 3975/3975/3975
f 3969/3969/3969 3970/3970/3970 3977/3977/3977
f 3970/3970/3970 3978/3978/3978 3977/3977/3977
f 3971/3971/3971 3972/3972/3972 3979/3979/3979
f 3972/3972/3972 3980/3980/3980 3979/3979/3979
f 3973/3973/3973 3974/3974/3974 3981/3981/3981
f 3974/3974/3974 3982/3982/3982 3981/3981/3981
f 3975/3975/3975 3976/3976/3976 3983/3983/3983
f 3976/3976/3976 3984/3984/3984 3983/3983/3983
f 3977/3977/3977 3978/3978/3978 3985/3985/3985
f 3978/3978/3978 3986/3986/3986 3985/3985/3985
f 3979/3979/3979 3980/3980/3980 3987/3987/3987
f 3980/3980/3980 3988/3988/3988 3987/3987/3987
f 3981/3981/3981 3982/3982/3982 3989/3989/3989
f 3982/3982/3982 3990/3990/3990 3989/3989/3989
f 3983/3983/3983 3984/3984/3984 3991/3991/3991
f 3984/3984/3984 3992/3992/3992 3991/3991/3991
f 3985/3985/3985 3986/3986/3986 3993/3993/3993
f 3986/3986/3986 3994/3994/3994 3993/3993/3993
f 3987/3987/3987 3988/3988/3988 3995/3995/3995
f 3988/3988/3988 3996/3996/3996 3995/3995/3995
f 3989/3989/3989 3990/3990/3990 3997/3997/3997
f 3990/3990/3990 3998/3998/3998 3997/3997/3997
f 3991/3991/3991 3992/3992/3992 3999/3999/3999
f 3992/3992/3992 4000/4000/4000 3999/3999/3999
f 3993/3993/3993 3994/3994/3994 4001/4001/4001
f 3994/3994/3994 4002/4002/4002 4001/4001/4001
f 3995/3995/3995 3996/3996/3996 4003/4003/4003
f 3996/3996/3996 4004/4004/4004 4003/4003/4003
f 3997/3997/3997 3998/3998/3998 4005/4005/4005
f 3998/3998/3998 4006/4006/4006 4005/4005/4005
f 3999/3999/3999 4000/4000/4000 4007/4007/4007
f 4000/4000/4000 4008/4008/4008 4007/4007/4007
f 4001/4001/4001 4002/4002/4002 4009/4009/4009
f 4002/4002/4002 4010/4010/4010 4009/4009/4009
f 4003/4003/4003 4004/4004/4004 4011/4011/4011
f 4004/4004/4004 4012/4012/4012 4011/4011/4011
f 4005/4005/4005 4006/4006/4006 4013/4013/4013
f 4006/4006/4006 4014/4014/4014 4013/4013/4013
f 4007/4007/4007 4008/4008/4008 4015/4015/4015
f 4008/4008/4008 4016/4016/4016 4015/4015/4015
f 4009/4009/4009 4010/4010/4010 4017/4017/4017
f 4010/4010/4010 4018/4018/4018 4017/4017/4017
f 4011/4011/4011 4012/4012/4012 4019/4019/4019
f 4012/4012/4012 4020/4020/4020 4019/4019/4019
f 4013/4013/4013 4014/4014/4014 4021/4021/4021
f 4014/4014/4014 4022/4022/4022 4021/4021/4021
f 4015/4015/4015 4016/4016/4016 4023/4023/4023
f 4016/4016/4016 4024/4024/4024 4023/4023/4023
f 4017/4017/4017 4018/4018/4018 4025/4025/4025
f 4018/4018/4018 4026/4026/4026 4025/4025/4025
f 4019/4019/4019 4020/4020/4020 4027/4027/4027
f 4020/4020/4020 4028/4028/4028 4027/4027/4027
f 4021/4021/4021 4022/4022/4022 4029/4029/4029
f 4022/4022/4022 4030/4030/4030 4029/4029/4029
f 4023/4023/4023 4024/4024/4024 4031/4031/4031
f 4024/4024/4024 4032/4032/4032 4031/4031/4031
f 4025/4025/4025 4026/4026/4026 4033/4033/4033
f 4026/4026/4026 4034/4034/4034 4033/4033/4033
f 4027/4027/4027 4028/4028/4028 4035/4035/4035
f 4028/4028/4028 4036/4036/4036 4035/4035/4035
f 4029/4029/4029 4030/4030/4030 4037/4037/4037
f 4030/4030/4030 4038/4038/4038 4037/4037/4037
f 4039/4039/4039 4040/4040/4040 4041/4041/4041
f 4039/4039/4039 4042/4042/4042 4040/4040/4040
f 4043/4043/4043 4044/4044/4044 4045/4045/4045
f 4043/4043/4043 4045/4045/4045 4046/4046/4046
