# Real native mesh, metres. Development-only partial assembly; no image texture.
o S09
v -0.0154499998316 1.44700000262 0.00400000018999
v -0.0185708515346 1.44829000360 0.00390344741754
v -0.0180500000715 1.44700000262 0.00400000018999
v -0.0215367283672 1.44829000360 0.00390344741754
v -0.0180500000715 1.44700000262 0.00400000018999
v -0.0215367283672 1.44829000360 0.00390344741754
v -0.0182499997318 1.44700000262 0.00380000006407
v -0.0217367280275 1.44829000360 0.00370344752446
v -0.0217367280275 1.44829000360 0.00370344752446
v -0.0182499997318 1.44700000262 -0.00380000006407
v -0.0217367280275 1.44829000360 -0.00370344752446
v -0.0217367280275 1.44829000360 -0.00370344752446
v -0.0180500000715 1.44700000262 -0.00400000018999
v -0.0215367283672 1.44829000360 -0.00390344741754
v -0.0180500000715 1.44700000262 -0.00400000018999
v -0.0215367283672 1.44829000360 -0.00390344741754
v -0.0154499998316 1.44700000262 -0.00400000018999
v -0.0185708515346 1.44829000360 -0.00390344741754
v -0.0154499998316 1.44700000262 -0.00400000018999
v -0.0185708515346 1.44829000360 -0.00390344741754
v -0.0152500001714 1.44700000262 -0.00380000006407
v -0.0183708500117 1.44829000360 -0.00370344752446
v -0.0152500001714 1.44700000262 -0.00380000006407
v -0.0183708500117 1.44829000360 -0.00370344752446
v -0.0152500001714 1.44700000262 0.00380000006407
v -0.0183708500117 1.44829000360 0.00370344752446
v -0.0152500001714 1.44700000262 0.00380000006407
v -0.0183708500117 1.44829000360 0.00370344752446
v -0.0154499998316 1.44700000262 0.00400000018999
v -0.0185708515346 1.44829000360 0.00390344741754
v -0.0209386758506 1.45022500134 0.00346642616205
v -0.0251073427498 1.45022500134 0.00346642616205
v -0.0215367283672 1.44829000360 0.00390344741754
v -0.0251073427498 1.45022500134 0.00346642616205
v -0.0217367280275 1.44829000360 0.00370344752446
v -0.0253073424101 1.45022500134 0.00326642626897
v -0.0253073424101 1.45022500134 0.00326642626897
v -0.0253073424101 1.45022500134 -0.00326642626897
v -0.0217367280275 1.44829000360 -0.00370344752446
v -0.0253073424101 1.45022500134 -0.00326642626897
v -0.0215367283672 1.44829000360 -0.00390344741754
v -0.0251073427498 1.45022500134 -0.00346642616205
v -0.0251073427498 1.45022500134 -0.00346642616205
v -0.0209386758506 1.45022500134 -0.00346642616205
v -0.0185708515346 1.44829000360 -0.00390344741754
v -0.0209386758506 1.45022500134 -0.00346642616205
v -0.0183708500117 1.44829000360 -0.00370344752446
v -0.0207386743277 1.45022500134 -0.00326642626897
v -0.0207386743277 1.45022500134 -0.00326642626897
v -0.0207386743277 1.45022500134 0.00326642626897
v -0.0183708500117 1.44829000360 0.00370344752446
v -0.0207386743277 1.45022500134 0.00326642626897
v -0.0185708515346 1.44829000360 0.00390344741754
v -0.0209386758506 1.45022500134 0.00346642616205
v -0.0209386758506 1.45022500134 0.00346642616205
v -0.0235705245286 1.45345000005 0.00233156629838
v -0.0251073427498 1.45022500134 0.00346642616205
v -0.0302947014570 1.45345000005 0.00233156629838
v -0.0302947014570 1.45345000005 0.00233156629838
v -0.0304947011173 1.45345000005 0.00213156640530
v -0.0304947011173 1.45345000005 0.00213156640530
v -0.0304947011173 1.45345000005 -0.00213156640530
v -0.0304947011173 1.45345000005 -0.00213156640530
v -0.0302947014570 1.45345000005 -0.00233156629838
v -0.0251073427498 1.45022500134 -0.00346642616205
v -0.0302947014570 1.45345000005 -0.00233156629838
v -0.0209386758506 1.45022500134 -0.00346642616205
v -0.0235705245286 1.45345000005 -0.00233156629838
v -0.0209386758506 1.45022500134 -0.00346642616205
v -0.0235705245286 1.45345000005 -0.00233156629838
v -0.0207386743277 1.45022500134 -0.00326642626897
v -0.0233705230057 1.45345000005 -0.00213156640530
v -0.0233705230057 1.45345000005 -0.00213156640530
v -0.0233705230057 1.45345000005 0.00213156640530
v -0.0207386743277 1.45022500134 0.00326642626897
v -0.0233705230057 1.45345000005 0.00213156640530
v -0.0209386758506 1.45022500134 0.00346642616205
v -0.0235705245286 1.45345000005 0.00233156629838
v -0.0235705245286 1.45345000005 0.00233156629838
v -0.0267828293145 1.45774999833 0.00109087454621
v -0.0357829704881 1.45774999833 0.00109087454621
v -0.0357829704881 1.45774999833 0.00109087454621
v -0.0359829738736 1.45774999833 0.000890874594916
v -0.0359829738736 1.45774999833 0.000890874594916
v -0.0359829738736 1.45774999833 -0.000890874594916
v -0.0359829738736 1.45774999833 -0.000890874594916
v -0.0357829704881 1.45774999833 -0.00109087454621
v -0.0357829704881 1.45774999833 -0.00109087454621
v -0.0235705245286 1.45345000005 -0.00233156629838
v -0.0267828293145 1.45774999833 -0.00109087454621
v -0.0235705245286 1.45345000005 -0.00233156629838
v -0.0267828293145 1.45774999833 -0.00109087454621
v -0.0233705230057 1.45345000005 -0.00213156640530
v -0.0265828296542 1.45774999833 -0.000890874594916
v -0.0265828296542 1.45774999833 -0.000890874594916
v -0.0265828296542 1.45774999833 0.000890874594916
v -0.0233705230057 1.45345000005 0.00213156640530
v -0.0265828296542 1.45774999833 0.000890874594916
v -0.0235705245286 1.45345000005 0.00233156629838
v -0.0267828293145 1.45774999833 0.00109087454621
v -0.0267828293145 1.45774999833 0.00109087454621
v -0.0325697846711 1.46420000321 0.00100000004750
v -0.0357829704881 1.45774999833 0.00109087454621
v -0.0411380156875 1.46420000321 0.00100000004750
v -0.0411380156875 1.46420000321 0.00100000004750
v -0.0413380153477 1.46420000321 0.000799999979790
v -0.0413380153477 1.46420000321 0.000799999979790
v -0.0413380153477 1.46420000321 -0.000799999979790
v -0.0413380153477 1.46420000321 -0.000799999979790
v -0.0411380156875 1.46420000321 -0.00100000004750
v -0.0357829704881 1.45774999833 -0.00109087454621
v -0.0411380156875 1.46420000321 -0.00100000004750
v -0.0267828293145 1.45774999833 -0.00109087454621
v -0.0325697846711 1.46420000321 -0.00100000004750
v -0.0325697846711 1.46420000321 -0.00100000004750
v -0.0323697850108 1.46420000321 -0.000799999979790
v -0.0323697850108 1.46420000321 -0.000799999979790
v -0.0323697850108 1.46420000321 0.000799999979790
v -0.0323697850108 1.46420000321 0.000799999979790
v -0.0325697846711 1.46420000321 0.00100000004750
v -0.0391661487520 1.47279999977 0.00100000004750
v -0.0472448505461 1.47279999977 0.00100000004750
v -0.0472448505461 1.47279999977 0.00100000004750
v -0.0474448502064 1.47279999977 0.000799999979790
v -0.0474448502064 1.47279999977 0.000799999979790
v -0.0474448502064 1.47279999977 -0.000799999979790
v -0.0474448502064 1.47279999977 -0.000799999979790
v -0.0472448505461 1.47279999977 -0.00100000004750
v -0.0472448505461 1.47279999977 -0.00100000004750
v -0.0391661487520 1.47279999977 -0.00100000004750
v -0.0391661487520 1.47279999977 -0.00100000004750
v -0.0389661490917 1.47279999977 -0.000799999979790
v -0.0389661490917 1.47279999977 -0.000799999979790
v -0.0389661490917 1.47279999977 0.000799999979790
v -0.0389661490917 1.47279999977 0.000799999979790
v -0.0391661487520 1.47279999977 0.00100000004750
v -0.0473540686071 1.48570000207 0.00100000004750
v -0.0549583323300 1.48570000207 0.00100000004750
v -0.0549583323300 1.48570000207 0.00100000004750
v -0.0551583319902 1.48570000207 0.000799999979790
v -0.0551583319902 1.48570000207 0.000799999979790
v -0.0551583319902 1.48570000207 -0.000799999979790
v -0.0551583319902 1.48570000207 -0.000799999979790
v -0.0549583323300 1.48570000207 -0.00100000004750
v -0.0549583323300 1.48570000207 -0.00100000004750
v -0.0473540686071 1.48570000207 -0.00100000004750
v -0.0473540686071 1.48570000207 -0.00100000004750
v -0.0471540689468 1.48570000207 -0.000799999979790
v -0.0471540689468 1.48570000207 -0.000799999979790
v -0.0471540689468 1.48570000207 0.000799999979790
v -0.0471540689468 1.48570000207 0.000799999979790
v -0.0473540686071 1.48570000207 0.00100000004750
v -0.0549229197204 1.50074999979 0.00100000004750
v -0.0621352866292 1.50074999979 0.00100000004750
v -0.0621352866292 1.50074999979 0.00100000004750
v -0.0623352862895 1.50074999979 0.000799999979790
v -0.0623352862895 1.50074999979 0.000799999979790
v -0.0623352862895 1.50074999979 -0.000799999979790
v -0.0623352862895 1.50074999979 -0.000799999979790
v -0.0621352866292 1.50074999979 -0.00100000004750
v -0.0621352866292 1.50074999979 -0.00100000004750
v -0.0549229197204 1.50074999979 -0.00100000004750
v -0.0549229197204 1.50074999979 -0.00100000004750
v -0.0547229200602 1.50074999979 -0.000799999979790
v -0.0547229200602 1.50074999979 -0.000799999979790
v -0.0547229200602 1.50074999979 0.000799999979790
v -0.0547229200602 1.50074999979 0.000799999979790
v -0.0549229197204 1.50074999979 0.00100000004750
v -0.0612493902445 1.51795000038 0.00100000004750
v -0.0681378245354 1.51795000038 0.00100000004750
v -0.0681378245354 1.51795000038 0.00100000004750
v -0.0683378279209 1.51795000038 0.000799999979790
v -0.0683378279209 1.51795000038 0.000799999979790
v -0.0683378279209 1.51795000038 -0.000799999979790
v -0.0683378279209 1.51795000038 -0.000799999979790
v -0.0681378245354 1.51795000038 -0.00100000004750
v -0.0681378245354 1.51795000038 -0.00100000004750
v -0.0612493902445 1.51795000038 -0.00100000004750
v -0.0612493902445 1.51795000038 -0.00100000004750
v -0.0610493905842 1.51795000038 -0.000799999979790
v -0.0610493905842 1.51795000038 -0.000799999979790
v -0.0610493905842 1.51795000038 0.000799999979790
v -0.0610493905842 1.51795000038 0.000799999979790
v -0.0612493902445 1.51795000038 0.00100000004750
v -0.0654907673597 1.53730000010 0.00100000004750
v -0.0721559226513 1.53730000010 0.00100000004750
v -0.0721559226513 1.53730000010 0.00100000004750
v -0.0723559185863 1.53730000010 0.000799999979790
v -0.0723559185863 1.53730000010 0.000799999979790
v -0.0723559185863 1.53730000010 -0.000799999979790
v -0.0723559185863 1.53730000010 -0.000799999979790
v -0.0721559226513 1.53730000010 -0.00100000004750
v -0.0721559226513 1.53730000010 -0.00100000004750
v -0.0654907673597 1.53730000010 -0.00100000004750
v -0.0654907673597 1.53730000010 -0.00100000004750
v -0.0652907639742 1.53730000010 -0.000799999979790
v -0.0652907639742 1.53730000010 -0.000799999979790
v -0.0652907639742 1.53730000010 0.000799999979790
v -0.0652907639742 1.53730000010 0.000799999979790
v -0.0654907673597 1.53730000010 0.00100000004750
v -0.0666999965906 1.55449999999 0.00100000004750
v -0.0732999965549 1.55449999999 0.00100000004750
v -0.0721559226513 1.53730000010 0.00100000004750
v -0.0732999965549 1.55449999999 0.00100000004750
v -0.0723559185863 1.53730000010 0.000799999979790
v -0.0734999999404 1.55449999999 0.000799999979790
v -0.0723559185863 1.53730000010 0.000799999979790
v -0.0734999999404 1.55449999999 0.000799999979790
v -0.0723559185863 1.53730000010 -0.000799999979790
v -0.0734999999404 1.55449999999 -0.000799999979790
v -0.0723559185863 1.53730000010 -0.000799999979790
v -0.0734999999404 1.55449999999 -0.000799999979790
v -0.0721559226513 1.53730000010 -0.00100000004750
v -0.0732999965549 1.55449999999 -0.00100000004750
v -0.0732999965549 1.55449999999 -0.00100000004750
v -0.0666999965906 1.55449999999 -0.00100000004750
v -0.0654907673597 1.53730000010 -0.00100000004750
v -0.0666999965906 1.55449999999 -0.00100000004750
v -0.0652907639742 1.53730000010 -0.000799999979790
v -0.0665000006557 1.55449999999 -0.000799999979790
v -0.0652907639742 1.53730000010 -0.000799999979790
v -0.0665000006557 1.55449999999 -0.000799999979790
v -0.0652907639742 1.53730000010 0.000799999979790
v -0.0665000006557 1.55449999999 0.000799999979790
v -0.0652907639742 1.53730000010 0.000799999979790
v -0.0665000006557 1.55449999999 0.000799999979790
v -0.0654907673597 1.53730000010 0.00100000004750
v -0.0666999965906 1.55449999999 0.00100000004750
v -0.0654907673597 1.57169999941 0.00100000004750
v -0.0721559226513 1.57169999941 0.00100000004750
v -0.0732999965549 1.55449999999 0.00100000004750
v -0.0721559226513 1.57169999941 0.00100000004750
v -0.0734999999404 1.55449999999 0.000799999979790
v -0.0723559185863 1.57169999941 0.000799999979790
v -0.0734999999404 1.55449999999 0.000799999979790
v -0.0723559185863 1.57169999941 0.000799999979790
v -0.0734999999404 1.55449999999 -0.000799999979790
v -0.0723559185863 1.57169999941 -0.000799999979790
v -0.0734999999404 1.55449999999 -0.000799999979790
v -0.0723559185863 1.57169999941 -0.000799999979790
v -0.0732999965549 1.55449999999 -0.00100000004750
v -0.0721559226513 1.57169999941 -0.00100000004750
v -0.0721559226513 1.57169999941 -0.00100000004750
v -0.0654907673597 1.57169999941 -0.00100000004750
v -0.0666999965906 1.55449999999 -0.00100000004750
v -0.0654907673597 1.57169999941 -0.00100000004750
v -0.0665000006557 1.55449999999 -0.000799999979790
v -0.0652907639742 1.57169999941 -0.000799999979790
v -0.0665000006557 1.55449999999 -0.000799999979790
v -0.0652907639742 1.57169999941 -0.000799999979790
v -0.0665000006557 1.55449999999 0.000799999979790
v -0.0652907639742 1.57169999941 0.000799999979790
v -0.0665000006557 1.55449999999 0.000799999979790
v -0.0652907639742 1.57169999941 0.000799999979790
v -0.0666999965906 1.55449999999 0.00100000004750
v -0.0654907673597 1.57169999941 0.00100000004750
v -0.0612493902445 1.59105000100 0.00100000004750
v -0.0681378245354 1.59105000100 0.00100000004750
v -0.0721559226513 1.57169999941 0.00100000004750
v -0.0681378245354 1.59105000100 0.00100000004750
v -0.0723559185863 1.57169999941 0.000799999979790
v -0.0683378279209 1.59105000100 0.000799999979790
v -0.0723559185863 1.57169999941 0.000799999979790
v -0.0683378279209 1.59105000100 0.000799999979790
v -0.0723559185863 1.57169999941 -0.000799999979790
v -0.0683378279209 1.59105000100 -0.000799999979790
v -0.0723559185863 1.57169999941 -0.000799999979790
v -0.0683378279209 1.59105000100 -0.000799999979790
v -0.0721559226513 1.57169999941 -0.00100000004750
v -0.0681378245354 1.59105000100 -0.00100000004750
v -0.0681378245354 1.59105000100 -0.00100000004750
v -0.0612493902445 1.59105000100 -0.00100000004750
v -0.0654907673597 1.57169999941 -0.00100000004750
v -0.0612493902445 1.59105000100 -0.00100000004750
v -0.0652907639742 1.57169999941 -0.000799999979790
v -0.0610493905842 1.59105000100 -0.000799999979790
v -0.0652907639742 1.57169999941 -0.000799999979790
v -0.0610493905842 1.59105000100 -0.000799999979790
v -0.0652907639742 1.57169999941 0.000799999979790
v -0.0610493905842 1.59105000100 0.000799999979790
v -0.0652907639742 1.57169999941 0.000799999979790
v -0.0610493905842 1.59105000100 0.000799999979790
v -0.0654907673597 1.57169999941 0.00100000004750
v -0.0612493902445 1.59105000100 0.00100000004750
v -0.0549229197204 1.60825000158 0.00100000004750
v -0.0621352866292 1.60825000158 0.00100000004750
v -0.0621352866292 1.60825000158 0.00100000004750
v -0.0623352862895 1.60825000158 0.000799999979790
v -0.0623352862895 1.60825000158 0.000799999979790
v -0.0623352862895 1.60825000158 -0.000799999979790
v -0.0623352862895 1.60825000158 -0.000799999979790
v -0.0621352866292 1.60825000158 -0.00100000004750
v -0.0621352866292 1.60825000158 -0.00100000004750
v -0.0549229197204 1.60825000158 -0.00100000004750
v -0.0549229197204 1.60825000158 -0.00100000004750
v -0.0547229200602 1.60825000158 -0.000799999979790
v -0.0547229200602 1.60825000158 -0.000799999979790
v -0.0547229200602 1.60825000158 0.000799999979790
v -0.0547229200602 1.60825000158 0.000799999979790
v -0.0549229197204 1.60825000158 0.00100000004750
v -0.0473540686071 1.62329999930 0.00100000004750
v -0.0549583323300 1.62329999930 0.00100000004750
v -0.0549583323300 1.62329999930 0.00100000004750
v -0.0551583319902 1.62329999930 0.000799999979790
v -0.0551583319902 1.62329999930 0.000799999979790
v -0.0551583319902 1.62329999930 -0.000799999979790
v -0.0551583319902 1.62329999930 -0.000799999979790
v -0.0549583323300 1.62329999930 -0.00100000004750
v -0.0549583323300 1.62329999930 -0.00100000004750
v -0.0473540686071 1.62329999930 -0.00100000004750
v -0.0473540686071 1.62329999930 -0.00100000004750
v -0.0471540689468 1.62329999930 -0.000799999979790
v -0.0471540689468 1.62329999930 -0.000799999979790
v -0.0471540689468 1.62329999930 0.000799999979790
v -0.0471540689468 1.62329999930 0.000799999979790
v -0.0473540686071 1.62329999930 0.00100000004750
v -0.0391661487520 1.63620000160 0.00100000004750
v -0.0472448505461 1.63620000160 0.00100000004750
v -0.0472448505461 1.63620000160 0.00100000004750
v -0.0474448502064 1.63620000160 0.000799999979790
v -0.0474448502064 1.63620000160 0.000799999979790
v -0.0474448502064 1.63620000160 -0.000799999979790
v -0.0474448502064 1.63620000160 -0.000799999979790
v -0.0472448505461 1.63620000160 -0.00100000004750
v -0.0472448505461 1.63620000160 -0.00100000004750
v -0.0391661487520 1.63620000160 -0.00100000004750
v -0.0391661487520 1.63620000160 -0.00100000004750
v -0.0389661490917 1.63620000160 -0.000799999979790
v -0.0389661490917 1.63620000160 -0.000799999979790
v -0.0389661490917 1.63620000160 0.000799999979790
v -0.0389661490917 1.63620000160 0.000799999979790
v -0.0391661487520 1.63620000160 0.00100000004750
v -0.0325697846711 1.64479999816 0.00100000004750
v -0.0411380156875 1.64479999816 0.00100000004750
v -0.0411380156875 1.64479999816 0.00100000004750
v -0.0413380153477 1.64479999816 0.000799999979790
v -0.0413380153477 1.64479999816 0.000799999979790
v -0.0413380153477 1.64479999816 -0.000799999979790
v -0.0413380153477 1.64479999816 -0.000799999979790
v -0.0411380156875 1.64479999816 -0.00100000004750
v -0.0411380156875 1.64479999816 -0.00100000004750
v -0.0325697846711 1.64479999816 -0.00100000004750
v -0.0325697846711 1.64479999816 -0.00100000004750
v -0.0323697850108 1.64479999816 -0.000799999979790
v -0.0323697850108 1.64479999816 -0.000799999979790
v -0.0323697850108 1.64479999816 0.000799999979790
v -0.0323697850108 1.64479999816 0.000799999979790
v -0.0325697846711 1.64479999816 0.00100000004750
v -0.0267828293145 1.65125000304 0.00109087454621
v -0.0357829704881 1.65125000304 0.00109087454621
v -0.0357829704881 1.65125000304 0.00109087454621
v -0.0359829738736 1.65125000304 0.000890874594916
v -0.0359829738736 1.65125000304 0.000890874594916
v -0.0359829738736 1.65125000304 -0.000890874594916
v -0.0359829738736 1.65125000304 -0.000890874594916
v -0.0357829704881 1.65125000304 -0.00109087454621
v -0.0357829704881 1.65125000304 -0.00109087454621
v -0.0267828293145 1.65125000304 -0.00109087454621
v -0.0267828293145 1.65125000304 -0.00109087454621
v -0.0265828296542 1.65125000304 -0.000890874594916
v -0.0265828296542 1.65125000304 -0.000890874594916
v -0.0265828296542 1.65125000304 0.000890874594916
v -0.0265828296542 1.65125000304 0.000890874594916
v -0.0267828293145 1.65125000304 0.00109087454621
v -0.0267828293145 1.65125000304 0.00109087454621
v -0.0235705245286 1.65555000132 0.00233156629838
v -0.0302947014570 1.65555000132 0.00233156629838
v -0.0302947014570 1.65555000132 0.00233156629838
v -0.0304947011173 1.65555000132 0.00213156640530
v -0.0304947011173 1.65555000132 0.00213156640530
v -0.0304947011173 1.65555000132 -0.00213156640530
v -0.0304947011173 1.65555000132 -0.00213156640530
v -0.0302947014570 1.65555000132 -0.00233156629838
v -0.0302947014570 1.65555000132 -0.00233156629838
v -0.0267828293145 1.65125000304 -0.00109087454621
v -0.0235705245286 1.65555000132 -0.00233156629838
v -0.0235705245286 1.65555000132 -0.00233156629838
v -0.0233705230057 1.65555000132 -0.00213156640530
v -0.0233705230057 1.65555000132 -0.00213156640530
v -0.0233705230057 1.65555000132 0.00213156640530
v -0.0233705230057 1.65555000132 0.00213156640530
v -0.0235705245286 1.65555000132 0.00233156629838
v -0.0235705245286 1.65555000132 0.00233156629838
v -0.0209386758506 1.65877500004 0.00346642616205
v -0.0251073427498 1.65877500004 0.00346642616205
v -0.0251073427498 1.65877500004 0.00346642616205
v -0.0253073424101 1.65877500004 0.00326642626897
v -0.0253073424101 1.65877500004 0.00326642626897
v -0.0253073424101 1.65877500004 -0.00326642626897
v -0.0253073424101 1.65877500004 -0.00326642626897
v -0.0251073427498 1.65877500004 -0.00346642616205
v -0.0251073427498 1.65877500004 -0.00346642616205
v -0.0235705245286 1.65555000132 -0.00233156629838
v -0.0209386758506 1.65877500004 -0.00346642616205
v -0.0235705245286 1.65555000132 -0.00233156629838
v -0.0209386758506 1.65877500004 -0.00346642616205
v -0.0233705230057 1.65555000132 -0.00213156640530
v -0.0207386743277 1.65877500004 -0.00326642626897
v -0.0207386743277 1.65877500004 -0.00326642626897
v -0.0207386743277 1.65877500004 0.00326642626897
v -0.0233705230057 1.65555000132 0.00213156640530
v -0.0207386743277 1.65877500004 0.00326642626897
v -0.0235705245286 1.65555000132 0.00233156629838
v -0.0209386758506 1.65877500004 0.00346642616205
v -0.0209386758506 1.65877500004 0.00346642616205
v -0.0185708515346 1.66070999777 0.00390344741754
v -0.0251073427498 1.65877500004 0.00346642616205
v -0.0215367283672 1.66070999777 0.00390344741754
v -0.0215367283672 1.66070999777 0.00390344741754
v -0.0217367280275 1.66070999777 0.00370344752446
v -0.0217367280275 1.66070999777 0.00370344752446
v -0.0217367280275 1.66070999777 -0.00370344752446
v -0.0217367280275 1.66070999777 -0.00370344752446
v -0.0215367283672 1.66070999777 -0.00390344741754
v -0.0251073427498 1.65877500004 -0.00346642616205
v -0.0215367283672 1.66070999777 -0.00390344741754
v -0.0209386758506 1.65877500004 -0.00346642616205
v -0.0185708515346 1.66070999777 -0.00390344741754
v -0.0209386758506 1.65877500004 -0.00346642616205
v -0.0185708515346 1.66070999777 -0.00390344741754
v -0.0207386743277 1.65877500004 -0.00326642626897
v -0.0183708500117 1.66070999777 -0.00370344752446
v -0.0183708500117 1.66070999777 -0.00370344752446
v -0.0183708500117 1.66070999777 0.00370344752446
v -0.0207386743277 1.65877500004 0.00326642626897
v -0.0183708500117 1.66070999777 0.00370344752446
v -0.0209386758506 1.65877500004 0.00346642616205
v -0.0185708515346 1.66070999777 0.00390344741754
v -0.0154499998316 1.66199999875 0.00400000018999
v -0.0180500000715 1.66199999875 0.00400000018999
v -0.0215367283672 1.66070999777 0.00390344741754
v -0.0180500000715 1.66199999875 0.00400000018999
v -0.0217367280275 1.66070999777 0.00370344752446
v -0.0182499997318 1.66199999875 0.00380000006407
v -0.0182499997318 1.66199999875 -0.00380000006407
v -0.0217367280275 1.66070999777 -0.00370344752446
v -0.0215367283672 1.66070999777 -0.00390344741754
v -0.0180500000715 1.66199999875 -0.00400000018999
v -0.0180500000715 1.66199999875 -0.00400000018999
v -0.0154499998316 1.66199999875 -0.00400000018999
v -0.0185708515346 1.66070999777 -0.00390344741754
v -0.0154499998316 1.66199999875 -0.00400000018999
v -0.0183708500117 1.66070999777 -0.00370344752446
v -0.0152500001714 1.66199999875 -0.00380000006407
v -0.0152500001714 1.66199999875 -0.00380000006407
v -0.0152500001714 1.66199999875 0.00380000006407
v -0.0183708500117 1.66070999777 0.00370344752446
v -0.0152500001714 1.66199999875 0.00380000006407
v -0.0185708515346 1.66070999777 0.00390344741754
v -0.0154499998316 1.66199999875 0.00400000018999
v -0.0154499998316 1.44700000262 0.00400000018999
v -0.0154499998316 1.66199999875 0.00400000018999
v -0.0154499998316 1.44700000262 -0.00400000018999
v -0.0154499998316 1.66199999875 -0.00400000018999
v -0.0152500001714 1.44700000262 -0.00380000006407
v -0.0152500001714 1.66199999875 -0.00380000006407
v -0.0152500001714 1.44700000262 0.00380000006407
v -0.0152500001714 1.66199999875 0.00380000006407
vt 0 0
vt 0 0.006000000052154064
vt 0.125 0
vt 0.125 0.006000000052154064
vt 0.125 0
vt 0.125 0.006000000052154064
vt 0.25 0
vt 0.25 0.006000000052154064
vt 0.25 0.006000000052154064
vt 0.375 0
vt 0.375 0.006000000052154064
vt 0.375 0.006000000052154064
vt 0.5 0
vt 0.5 0.006000000052154064
vt 0.5 0
vt 0.5 0.006000000052154064
vt 0.625 0
vt 0.625 0.006000000052154064
vt 0.625 0
vt 0.625 0.006000000052154064
vt 0.75 0
vt 0.75 0.006000000052154064
vt 0.75 0
vt 0.75 0.006000000052154064
vt 0.875 0
vt 0.875 0.006000000052154064
vt 0.875 0
vt 0.875 0.006000000052154064
vt 0 0
vt 0 0.006000000052154064
vt 0 0.014999999664723873
vt 0.125 0.014999999664723873
vt 0.125 0.006000000052154064
vt 0.125 0.014999999664723873
vt 0.25 0.006000000052154064
vt 0.25 0.014999999664723873
vt 0.25 0.014999999664723873
vt 0.375 0.014999999664723873
vt 0.375 0.006000000052154064
vt 0.375 0.014999999664723873
vt 0.5 0.006000000052154064
vt 0.5 0.014999999664723873
vt 0.5 0.014999999664723873
vt 0.625 0.014999999664723873
vt 0.625 0.006000000052154064
vt 0.625 0.014999999664723873
vt 0.75 0.006000000052154064
vt 0.75 0.014999999664723873
vt 0.75 0.014999999664723873
vt 0.875 0.014999999664723873
vt 0.875 0.006000000052154064
vt 0.875 0.014999999664723873
vt 0 0.006000000052154064
vt 0 0.014999999664723873
vt 0 0.014999999664723873
vt 0 0.029999999329447746
vt 0.125 0.014999999664723873
vt 0.125 0.029999999329447746
vt 0.125 0.029999999329447746
vt 0.25 0.029999999329447746
vt 0.25 0.029999999329447746
vt 0.375 0.029999999329447746
vt 0.375 0.029999999329447746
vt 0.5 0.029999999329447746
vt 0.5 0.014999999664723873
vt 0.5 0.029999999329447746
vt 0.625 0.014999999664723873
vt 0.625 0.029999999329447746
vt 0.625 0.014999999664723873
vt 0.625 0.029999999329447746
vt 0.75 0.014999999664723873
vt 0.75 0.029999999329447746
vt 0.75 0.029999999329447746
vt 0.875 0.029999999329447746
vt 0.875 0.014999999664723873
vt 0.875 0.029999999329447746
vt 0 0.014999999664723873
vt 0 0.029999999329447746
vt 0 0.029999999329447746
vt 0 0.05000000074505806
vt 0.125 0.05000000074505806
vt 0.125 0.05000000074505806
vt 0.25 0.05000000074505806
vt 0.25 0.05000000074505806
vt 0.375 0.05000000074505806
vt 0.375 0.05000000074505806
vt 0.5 0.05000000074505806
vt 0.5 0.05000000074505806
vt 0.625 0.029999999329447746
vt 0.625 0.05000000074505806
vt 0.625 0.029999999329447746
vt 0.625 0.05000000074505806
vt 0.75 0.029999999329447746
vt 0.75 0.05000000074505806
vt 0.75 0.05000000074505806
vt 0.875 0.05000000074505806
vt 0.875 0.029999999329447746
vt 0.875 0.05000000074505806
vt 0 0.029999999329447746
vt 0 0.05000000074505806
vt 0 0.05000000074505806
vt 0 0.07999999821186066
vt 0.125 0.05000000074505806
vt 0.125 0.07999999821186066
vt 0.125 0.07999999821186066
vt 0.25 0.07999999821186066
vt 0.25 0.07999999821186066
vt 0.375 0.07999999821186066
vt 0.375 0.07999999821186066
vt 0.5 0.07999999821186066
vt 0.5 0.05000000074505806
vt 0.5 0.07999999821186066
vt 0.625 0.05000000074505806
vt 0.625 0.07999999821186066
vt 0.625 0.07999999821186066
vt 0.75 0.07999999821186066
vt 0.75 0.07999999821186066
vt 0.875 0.07999999821186066
vt 0.875 0.07999999821186066
vt 0 0.07999999821186066
vt 0 0.11999999731779099
vt 0.125 0.11999999731779099
vt 0.125 0.11999999731779099
vt 0.25 0.11999999731779099
vt 0.25 0.11999999731779099
vt 0.375 0.11999999731779099
vt 0.375 0.11999999731779099
vt 0.5 0.11999999731779099
vt 0.5 0.11999999731779099
vt 0.625 0.11999999731779099
vt 0.625 0.11999999731779099
vt 0.75 0.11999999731779099
vt 0.75 0.11999999731779099
vt 0.875 0.11999999731779099
vt 0.875 0.11999999731779099
vt 0 0.11999999731779099
vt 0 0.18000000715255737
vt 0.125 0.18000000715255737
vt 0.125 0.18000000715255737
vt 0.25 0.18000000715255737
vt 0.25 0.18000000715255737
vt 0.375 0.18000000715255737
vt 0.375 0.18000000715255737
vt 0.5 0.18000000715255737
vt 0.5 0.18000000715255737
vt 0.625 0.18000000715255737
vt 0.625 0.18000000715255737
vt 0.75 0.18000000715255737
vt 0.75 0.18000000715255737
vt 0.875 0.18000000715255737
vt 0.875 0.18000000715255737
vt 0 0.18000000715255737
vt 0 0.25
vt 0.125 0.25
vt 0.125 0.25
vt 0.25 0.25
vt 0.25 0.25
vt 0.375 0.25
vt 0.375 0.25
vt 0.5 0.25
vt 0.5 0.25
vt 0.625 0.25
vt 0.625 0.25
vt 0.75 0.25
vt 0.75 0.25
vt 0.875 0.25
vt 0.875 0.25
vt 0 0.25
vt 0 0.33000001311302185
vt 0.125 0.33000001311302185
vt 0.125 0.33000001311302185
vt 0.25 0.33000001311302185
vt 0.25 0.33000001311302185
vt 0.375 0.33000001311302185
vt 0.375 0.33000001311302185
vt 0.5 0.33000001311302185
vt 0.5 0.33000001311302185
vt 0.625 0.33000001311302185
vt 0.625 0.33000001311302185
vt 0.75 0.33000001311302185
vt 0.75 0.33000001311302185
vt 0.875 0.33000001311302185
vt 0.875 0.33000001311302185
vt 0 0.33000001311302185
vt 0 0.41999998688697815
vt 0.125 0.41999998688697815
vt 0.125 0.41999998688697815
vt 0.25 0.41999998688697815
vt 0.25 0.41999998688697815
vt 0.375 0.41999998688697815
vt 0.375 0.41999998688697815
vt 0.5 0.41999998688697815
vt 0.5 0.41999998688697815
vt 0.625 0.41999998688697815
vt 0.625 0.41999998688697815
vt 0.75 0.41999998688697815
vt 0.75 0.41999998688697815
vt 0.875 0.41999998688697815
vt 0.875 0.41999998688697815
vt 0 0.41999998688697815
vt 0 0.5
vt 0.125 0.5
vt 0.125 0.41999998688697815
vt 0.125 0.5
vt 0.25 0.41999998688697815
vt 0.25 0.5
vt 0.25 0.41999998688697815
vt 0.25 0.5
vt 0.375 0.41999998688697815
vt 0.375 0.5
vt 0.375 0.41999998688697815
vt 0.375 0.5
vt 0.5 0.41999998688697815
vt 0.5 0.5
vt 0.5 0.5
vt 0.625 0.5
vt 0.625 0.41999998688697815
vt 0.625 0.5
vt 0.75 0.41999998688697815
vt 0.75 0.5
vt 0.75 0.41999998688697815
vt 0.75 0.5
vt 0.875 0.41999998688697815
vt 0.875 0.5
vt 0.875 0.41999998688697815
vt 0.875 0.5
vt 0 0.41999998688697815
vt 0 0.5
vt 0 0.5799999833106995
vt 0.125 0.5799999833106995
vt 0.125 0.5
vt 0.125 0.5799999833106995
vt 0.25 0.5
vt 0.25 0.5799999833106995
vt 0.25 0.5
vt 0.25 0.5799999833106995
vt 0.375 0.5
vt 0.375 0.5799999833106995
vt 0.375 0.5
vt 0.375 0.5799999833106995
vt 0.5 0.5
vt 0.5 0.5799999833106995
vt 0.5 0.5799999833106995
vt 0.625 0.5799999833106995
vt 0.625 0.5
vt 0.625 0.5799999833106995
vt 0.75 0.5
vt 0.75 0.5799999833106995
vt 0.75 0.5
vt 0.75 0.5799999833106995
vt 0.875 0.5
vt 0.875 0.5799999833106995
vt 0.875 0.5
vt 0.875 0.5799999833106995
vt 0 0.5
vt 0 0.5799999833106995
vt 0 0.6700000166893005
vt 0.125 0.6700000166893005
vt 0.125 0.5799999833106995
vt 0.125 0.6700000166893005
vt 0.25 0.5799999833106995
vt 0.25 0.6700000166893005
vt 0.25 0.5799999833106995
vt 0.25 0.6700000166893005
vt 0.375 0.5799999833106995
vt 0.375 0.6700000166893005
vt 0.375 0.5799999833106995
vt 0.375 0.6700000166893005
vt 0.5 0.5799999833106995
vt 0.5 0.6700000166893005
vt 0.5 0.6700000166893005
vt 0.625 0.6700000166893005
vt 0.625 0.5799999833106995
vt 0.625 0.6700000166893005
vt 0.75 0.5799999833106995
vt 0.75 0.6700000166893005
vt 0.75 0.5799999833106995
vt 0.75 0.6700000166893005
vt 0.875 0.5799999833106995
vt 0.875 0.6700000166893005
vt 0.875 0.5799999833106995
vt 0.875 0.6700000166893005
vt 0 0.5799999833106995
vt 0 0.6700000166893005
vt 0 0.75
vt 0.125 0.75
vt 0.125 0.75
vt 0.25 0.75
vt 0.25 0.75
vt 0.375 0.75
vt 0.375 0.75
vt 0.5 0.75
vt 0.5 0.75
vt 0.625 0.75
vt 0.625 0.75
vt 0.75 0.75
vt 0.75 0.75
vt 0.875 0.75
vt 0.875 0.75
vt 0 0.75
vt 0 0.8199999928474426
vt 0.125 0.8199999928474426
vt 0.125 0.8199999928474426
vt 0.25 0.8199999928474426
vt 0.25 0.8199999928474426
vt 0.375 0.8199999928474426
vt 0.375 0.8199999928474426
vt 0.5 0.8199999928474426
vt 0.5 0.8199999928474426
vt 0.625 0.8199999928474426
vt 0.625 0.8199999928474426
vt 0.75 0.8199999928474426
vt 0.75 0.8199999928474426
vt 0.875 0.8199999928474426
vt 0.875 0.8199999928474426
vt 0 0.8199999928474426
vt 0 0.8799999952316284
vt 0.125 0.8799999952316284
vt 0.125 0.8799999952316284
vt 0.25 0.8799999952316284
vt 0.25 0.8799999952316284
vt 0.375 0.8799999952316284
vt 0.375 0.8799999952316284
vt 0.5 0.8799999952316284
vt 0.5 0.8799999952316284
vt 0.625 0.8799999952316284
vt 0.625 0.8799999952316284
vt 0.75 0.8799999952316284
vt 0.75 0.8799999952316284
vt 0.875 0.8799999952316284
vt 0.875 0.8799999952316284
vt 0 0.8799999952316284
vt 0 0.9200000166893005
vt 0.125 0.9200000166893005
vt 0.125 0.9200000166893005
vt 0.25 0.9200000166893005
vt 0.25 0.9200000166893005
vt 0.375 0.9200000166893005
vt 0.375 0.9200000166893005
vt 0.5 0.9200000166893005
vt 0.5 0.9200000166893005
vt 0.625 0.9200000166893005
vt 0.625 0.9200000166893005
vt 0.75 0.9200000166893005
vt 0.75 0.9200000166893005
vt 0.875 0.9200000166893005
vt 0.875 0.9200000166893005
vt 0 0.9200000166893005
vt 0 0.949999988079071
vt 0.125 0.949999988079071
vt 0.125 0.949999988079071
vt 0.25 0.949999988079071
vt 0.25 0.949999988079071
vt 0.375 0.949999988079071
vt 0.375 0.949999988079071
vt 0.5 0.949999988079071
vt 0.5 0.949999988079071
vt 0.625 0.949999988079071
vt 0.625 0.949999988079071
vt 0.75 0.949999988079071
vt 0.75 0.949999988079071
vt 0.875 0.949999988079071
vt 0.875 0.949999988079071
vt 0 0.949999988079071
vt 0 0.949999988079071
vt 0 0.9700000286102295
vt 0.125 0.9700000286102295
vt 0.125 0.9700000286102295
vt 0.25 0.9700000286102295
vt 0.25 0.9700000286102295
vt 0.375 0.9700000286102295
vt 0.375 0.9700000286102295
vt 0.5 0.9700000286102295
vt 0.5 0.9700000286102295
vt 0.625 0.949999988079071
vt 0.625 0.9700000286102295
vt 0.625 0.9700000286102295
vt 0.75 0.9700000286102295
vt 0.75 0.9700000286102295
vt 0.875 0.9700000286102295
vt 0.875 0.9700000286102295
vt 0 0.9700000286102295
vt 0 0.9700000286102295
vt 0 0.9850000143051147
vt 0.125 0.9850000143051147
vt 0.125 0.9850000143051147
vt 0.25 0.9850000143051147
vt 0.25 0.9850000143051147
vt 0.375 0.9850000143051147
vt 0.375 0.9850000143051147
vt 0.5 0.9850000143051147
vt 0.5 0.9850000143051147
vt 0.625 0.9700000286102295
vt 0.625 0.9850000143051147
vt 0.625 0.9700000286102295
vt 0.625 0.9850000143051147
vt 0.75 0.9700000286102295
vt 0.75 0.9850000143051147
vt 0.75 0.9850000143051147
vt 0.875 0.9850000143051147
vt 0.875 0.9700000286102295
vt 0.875 0.9850000143051147
vt 0 0.9700000286102295
vt 0 0.9850000143051147
vt 0 0.9850000143051147
vt 0 0.9940000176429749
vt 0.125 0.9850000143051147
vt 0.125 0.9940000176429749
vt 0.125 0.9940000176429749
vt 0.25 0.9940000176429749
vt 0.25 0.9940000176429749
vt 0.375 0.9940000176429749
vt 0.375 0.9940000176429749
vt 0.5 0.9940000176429749
vt 0.5 0.9850000143051147
vt 0.5 0.9940000176429749
vt 0.625 0.9850000143051147
vt 0.625 0.9940000176429749
vt 0.625 0.9850000143051147
vt 0.625 0.9940000176429749
vt 0.75 0.9850000143051147
vt 0.75 0.9940000176429749
vt 0.75 0.9940000176429749
vt 0.875 0.9940000176429749
vt 0.875 0.9850000143051147
vt 0.875 0.9940000176429749
vt 0 0.9850000143051147
vt 0 0.9940000176429749
vt 0 1
vt 0.125 1
vt 0.125 0.9940000176429749
vt 0.125 1
vt 0.25 0.9940000176429749
vt 0.25 1
vt 0.375 1
vt 0.375 0.9940000176429749
vt 0.5 0.9940000176429749
vt 0.5 1
vt 0.5 1
vt 0.625 1
vt 0.625 0.9940000176429749
vt 0.625 1
vt 0.75 0.9940000176429749
vt 0.75 1
vt 0.75 1
vt 0.875 1
vt 0.875 0.9940000176429749
vt 0.875 1
vt 0 0.9940000176429749
vt 0 1
vt 0 0
vt 0 1
vt 0.625 0
vt 0.625 1
vt 0.75 0
vt 0.75 1
vt 0.875 0
vt 0.875 1
vn -1.21862272338e-16 0.0990649557124 0.995080968841
vn -1.21862272338e-16 0.0990649557124 0.995080968841
vn -1.21862272338e-16 0.0990649557124 0.995080968841
vn -1.18246064445e-16 0.260208726169 0.965552390513
vn -0.116134236701 -0.993233526954 6.79156012111e-10
vn -0.460923365016 -0.871017976088 0.169933330792
vn -0.116134236701 -0.993233526954 6.79156012111e-10
vn -0.460923365016 -0.871017976088 0.169933330792
vn -0.489482364660 -0.872013196395 -5.37622885925e-10
vn -0.116134236701 -0.993233526954 6.79156012111e-10
vn -0.489482364660 -0.872013196395 -5.37622885925e-10
vn -0.460923365016 -0.871017976088 -0.169933330792
vn -0.116134236701 -0.993233526954 6.79156012111e-10
vn -0.460923365016 -0.871017976088 -0.169933330792
vn 1.21527298396e-16 0.123490945537 -0.992345699023
vn 1.18772026588e-16 0.243713794891 -0.969847197336
vn 1.21527298396e-16 0.123490945537 -0.992345699023
vn 1.21527298396e-16 0.123490945537 -0.992345699023
vn 0.433212049587 0.898937420200 -0.0651063334641
vn 0.433212049587 0.898937420200 -0.0651063334641
vn 0.433212049587 0.898937420200 -0.0651063334641
vn 0.433212049587 0.898937420200 -0.0651063334641
vn 0.448410008737 0.893827983487 -1.51234631126e-13
vn 0.448410008737 0.893827983487 -1.51234631126e-13
vn 0.448410008737 0.893827983487 -1.51234631126e-13
vn 0.448410008737 0.893827983487 -1.51234631126e-13
vn 0.433212049587 0.898937420200 0.0651063334641
vn 0.433212049587 0.898937420200 0.0651063334641
vn 0.433212049587 0.898937420200 0.0651063334641
vn 0.433212049587 0.898937420200 0.0651063334641
vn -1.18246064445e-16 0.260208726169 0.965552390513
vn -1.18246064445e-16 0.260208726169 0.965552390513
vn -0.468144662752 -0.852686657305 0.231875050815
vn -0.468144662752 -0.852686657305 0.231875050815
vn -0.468144662752 -0.852686657305 0.231875050815
vn -0.468144662752 -0.852686657305 0.231875050815
vn -0.489482364660 -0.872013196395 -5.37622885925e-10
vn -0.489482364660 -0.872013196395 -5.37622885925e-10
vn -0.468144662752 -0.852686657305 -0.231875050815
vn -0.468144662752 -0.852686657305 -0.231875050815
vn -0.468144662752 -0.852686657305 -0.231875050815
vn -0.468144662752 -0.852686657305 -0.231875050815
vn 1.18772026588e-16 0.243713794891 -0.969847197336
vn 1.18772026588e-16 0.243713794891 -0.969847197336
vn 0.444477191426 0.872111958326 -0.204599018685
vn 0.673132058036 0.683526869606 -0.282283989930
vn 0.444477191426 0.872111958326 -0.204599018685
vn 0.673132058036 0.683526869606 -0.282283989930
vn 0.683071590567 0.730351423740 -2.68185589760e-9
vn 0.683071590567 0.730351423740 -2.68185589760e-9
vn 0.444477191426 0.872111958326 0.204599018685
vn 0.673132063699 0.683526875356 0.282283962503
vn 0.444477191426 0.872111958326 0.204599018685
vn 0.673132063699 0.683526875356 0.282283962503
vn 0.257646716138 0.450179170925 0.854960164995
vn 0.257646716138 0.450179170925 0.854960164995
vn 0.257646716138 0.450179170925 0.854960164995
vn -1.16993019926e-16 0.295571872328 0.955320505531
vn -0.590447715055 -0.753000903815 0.290449883180
vn -0.590447715055 -0.753000903815 0.290449883180
vn -0.633064864331 -0.774098751807 1.03026306428e-8
vn -0.633064864331 -0.774098751807 1.03026306428e-8
vn -0.590447720166 -0.753000910333 -0.290449855892
vn -0.590447720166 -0.753000910333 -0.290449855892
vn 0.258389885301 0.441086462729 -0.859463437018
vn 1.16278153730e-16 0.313817926183 -0.949483180054
vn 0.258389885301 0.441086462729 -0.859463437018
vn 0.258389885301 0.441086462729 -0.859463437018
vn 0.613766659102 0.676113414430 -0.407628677847
vn 0.613766659102 0.676113414430 -0.407628677847
vn 0.613766659102 0.676113414430 -0.407628677847
vn 0.613766659102 0.676113414430 -0.407628677847
vn 0.683071590567 0.730351423740 -2.68185589760e-9
vn 0.683071590567 0.730351423740 -2.68185589760e-9
vn 0.598952349108 0.672692413726 0.434443321981
vn 0.598952349108 0.672692413726 0.434443321981
vn 0.598952349108 0.672692413726 0.434443321981
vn 0.598952349108 0.672692413726 0.434443321981
vn 0.120210476665 0.343140066941 0.931560162179
vn 0.420378644148 0.477065729479 0.771809617264
vn 0.337088290885 0.313150230794 0.887867342063
vn -0.681547763520 -0.660440685843 0.315136076202
vn -0.681547763520 -0.660440685843 0.315136076202
vn -0.726055630310 -0.687635965970 -1.77016058038e-8
vn -0.726055630310 -0.687635965970 -1.77016058038e-8
vn -0.681547822268 -0.660440625407 -0.315136075806
vn -0.681547822268 -0.660440625407 -0.315136075806
vn 0.335655204629 0.334734759923 -0.880504528157
vn 0.120470512755 0.329777737459 -0.936340482641
vn 0.425062619316 0.450375787646 -0.785164581195
vn 0.585583398886 0.666130375408 -0.461911686265
vn 0.682779149317 0.627563431662 -0.374134698335
vn 0.585583398886 0.666130375408 -0.461911686265
vn 0.682779149317 0.627563431662 -0.374134698335
vn 0.739153982274 0.673536480444 5.24175601628e-9
vn 0.739153982274 0.673536480444 5.24175601628e-9
vn 0.584952045876 0.667488682173 0.460749349643
vn 0.652000956278 0.621503822893 0.434312964510
vn 0.584952045876 0.667488682173 0.460749349643
vn 0.652000956278 0.621503822893 0.434312964510
vn -1.20209634183e-16 0.191019951505 0.981586154205
vn -1.22273344034e-16 0.0558776435007 0.998437623969
vn -1.22273344034e-16 0.0558776435007 0.998437623969
vn -1.22463329592e-16 0.00469599059150 0.999988973775
vn -0.749573295347 -0.573969606412 0.329694958740
vn -0.749573295347 -0.573969606412 0.329694958740
vn -0.794368107377 -0.607436671582 7.25868750644e-9
vn -0.794368107377 -0.607436671582 7.25868750644e-9
vn -0.749573295347 -0.573969606412 -0.329694958740
vn -0.749573295347 -0.573969606412 -0.329694958740
vn 1.21876152260e-16 0.0979198208623 -0.995194306999
vn 1.22459278533e-16 0.00939198119402 -0.999955894372
vn 1.21818271889e-16 0.102609860684 -0.994721677903
vn 1.21876152260e-16 0.0979198208623 -0.995194306999
vn 0.664406662654 0.598272686130 -0.447921398966
vn 0.664406662654 0.598272686130 -0.447921398966
vn 0.767730512744 0.640772861318 2.22663822505e-10
vn 0.767730512744 0.640772861318 2.22663822505e-10
vn 0.696270569346 0.603600130764 0.388425252016
vn 0.696270569346 0.603600130764 0.388425252016
vn -1.22464679915e-16 0.00000000000 1.00000000000
vn -1.22464679915e-16 0.00000000000 1.00000000000
vn -0.787001934430 -0.513785916054 0.341543537003
vn -0.787001934430 -0.513785916054 0.341543537003
vn -0.837316642155 -0.546718246238 -1.17158102044e-16
vn -0.837316642155 -0.546718246238 -1.17158102044e-16
vn -0.787001934430 -0.513785916054 -0.341543537003
vn -0.787001934430 -0.513785916054 -0.341543537003
vn 1.22464679915e-16 0.00000000000 -1.00000000000
vn 1.22464679915e-16 0.00000000000 -1.00000000000
vn 0.771735371161 0.539579928622 -0.336567998370
vn 0.771735371161 0.539579928622 -0.336567998370
vn 0.819494254396 0.573087399104 1.14900675460e-16
vn 0.819494254396 0.573087399104 1.14900675460e-16
vn 0.771735371161 0.539579928622 0.336567998370
vn 0.771735371161 0.539579928622 0.336567998370
vn -1.22464679915e-16 0.00000000000 1.00000000000
vn -1.22464679915e-16 0.00000000000 1.00000000000
vn -0.824434237999 -0.442036727357 0.353428520189
vn -0.824434237999 -0.442036727357 0.353428520189
vn -0.881270952338 -0.472611371599 -1.07924565096e-16
vn -0.881270952338 -0.472611371599 -1.07924565096e-16
vn -0.824434237999 -0.442036727357 -0.353428520189
vn -0.824434237999 -0.442036727357 -0.353428520189
vn 1.22464679915e-16 0.00000000000 -1.00000000000
vn 1.22464679915e-16 0.00000000000 -1.00000000000
vn 0.814650882204 0.462151670172 -0.350370909010
vn 0.814650882204 0.462151670172 -0.350370909010
vn 0.869734468594 0.493519963263 1.21275031386e-16
vn 0.869734468594 0.493519963263 1.21275031386e-16
vn 0.814650882204 0.462151670172 0.350370909010
vn 0.814650882204 0.462151670172 0.350370909010
vn -1.22464679915e-16 0.00000000000 1.00000000000
vn -1.22464679915e-16 0.00000000000 1.00000000000
vn -0.861016059501 -0.354541937632 0.364624957651
vn -0.861016059501 -0.354541937632 0.364624957651
vn -0.924638916929 -0.380844946535 1.65304889978e-9
vn -0.924638916929 -0.380844946535 1.65304889978e-9
vn -0.861016059501 -0.354541937632 -0.364624957651
vn -0.861016059501 -0.354541937632 -0.364624957651
vn 1.22464679915e-16 0.00000000000 -1.00000000000
vn 1.22464679915e-16 0.00000000000 -1.00000000000
vn 0.854834542576 0.371018254639 -0.362771773356
vn 0.854834542576 0.371018254639 -0.362771773356
vn 0.917280896578 0.398240827606 1.27311684841e-16
vn 0.917280896578 0.398240827606 1.27311684841e-16
vn 0.854834542576 0.371018254639 0.362771773356
vn 0.854834542576 0.371018254639 0.362771773356
vn -1.22464679915e-16 0.00000000000 1.00000000000
vn -1.22464679915e-16 0.00000000000 1.00000000000
vn -0.893596947648 -0.247788295276 0.374279916477
vn -0.893596947648 -0.247788295276 0.374279916477
vn -0.963611996322 -0.267304920538 -3.54574883650e-9
vn -0.963611996322 -0.267304920538 -3.54574883650e-9
vn -0.893596957547 -0.247788253317 -0.374279920623
vn -0.893596957547 -0.247788253317 -0.374279920623
vn 1.22464679915e-16 0.00000000000 -1.00000000000
vn 1.22464679915e-16 0.00000000000 -1.00000000000
vn 0.890418783330 0.260285292598 -0.373371071121
vn 0.890418783330 0.260285292598 -0.373371071121
vn 0.959800314650 0.280683729484 9.83944499928e-10
vn 0.959800314650 0.280683729484 9.83944499928e-10
vn 0.890418783330 0.260285292598 0.373371071121
vn 0.890418783330 0.260285292598 0.373371071121
vn -1.22464679915e-16 0.00000000000 1.00000000000
vn -1.22464679915e-16 0.00000000000 1.00000000000
vn -0.916169642078 -0.125107422290 0.380764126228
vn -0.916169642078 -0.125107422290 0.380764126228
vn -0.986509749168 -0.163702519211 2.66674184140e-9
vn -0.986509749168 -0.163702519211 2.66674184140e-9
vn -0.916169636955 -0.125107466294 -0.380764124098
vn -0.916169636955 -0.125107466294 -0.380764124098
vn 1.22464679915e-16 0.00000000000 -1.00000000000
vn 1.22464679915e-16 0.00000000000 -1.00000000000
vn 0.915303088935 0.131920021561 -0.380548765991
vn 0.915303088935 0.131920021561 -0.380548765991
vn 0.985006164017 0.172519149223 -1.40195988676e-9
vn 0.985006164017 0.172519149223 -1.40195988676e-9
vn 0.915303085337 0.131920050845 0.380548764494
vn 0.915303085337 0.131920050845 0.380548764494
vn -1.22464679915e-16 0.00000000000 1.00000000000
vn -1.22464679915e-16 0.00000000000 1.00000000000
vn -0.859493561740 -0.0924766221419 0.502711539239
vn -0.862511484181 -0.0237486167537 0.505479913408
vn -0.859493561740 -0.0924766221419 0.502711539239
vn -0.862511484181 -0.0237486167537 0.505479913408
vn -0.990797270514 -0.135354234300 2.58849571267e-9
vn -0.999620173792 -0.0275591753868 -9.92604651291e-10
vn -0.990797270514 -0.135354234300 2.58849571267e-9
vn -0.999620173792 -0.0275591753868 -9.92604651291e-10
vn -0.859493555818 -0.0924766960105 -0.502711535775
vn -0.862511485669 -0.0237485441515 -0.505479914280
vn -0.859493555818 -0.0924766960105 -0.502711535775
vn -0.862511485669 -0.0237485441515 -0.505479914280
vn 1.22464679915e-16 0.00000000000 -1.00000000000
vn 1.22464679915e-16 0.00000000000 -1.00000000000
vn 0.859105481363 0.0976007894194 -0.502406068630
vn 0.862473476145 0.0250980068316 -0.505479567341
vn 0.859105481363 0.0976007894194 -0.502406068630
vn 0.862473476145 0.0250980068316 -0.505479567341
vn 0.989763497159 0.142717271878 -1.73255497617e-9
vn 0.999575640911 0.0291296772780 1.04895018762e-9
vn 0.989763497159 0.142717271878 -1.73255497617e-9
vn 0.999575640911 0.0291296772780 1.04895018762e-9
vn 0.859105476990 0.0976008410766 0.502406066072
vn 0.862473477758 0.0250979323727 0.505479568286
vn 0.859105476990 0.0976008410766 0.502406066072
vn 0.862473477758 0.0250979323727 0.505479568286
vn -1.22464679915e-16 0.00000000000 1.00000000000
vn -1.22464679915e-16 0.00000000000 1.00000000000
vn -0.862511485669 0.0237485441515 0.505479914280
vn -0.859493556411 0.0924766886237 0.502711536122
vn -0.862511485669 0.0237485441515 0.505479914280
vn -0.859493556411 0.0924766886237 0.502711536122
vn -0.999620173741 0.0275591772480 9.92604517426e-10
vn -0.990797272512 0.135354219671 -2.58849551648e-9
vn -0.999620173741 0.0275591772480 9.92604517426e-10
vn -0.990797272512 0.135354219671 -2.58849551648e-9
vn -0.862511484181 0.0237486167537 -0.505479913408
vn -0.859493561740 0.0924766221419 -0.502711539239
vn -0.862511484181 0.0237486167537 -0.505479913408
vn -0.859493561740 0.0924766221419 -0.502711539239
vn 1.22464679915e-16 0.00000000000 -1.00000000000
vn 1.22464679915e-16 0.00000000000 -1.00000000000
vn 0.862473477718 -0.0250979342342 -0.505479568263
vn 0.859105476990 -0.0976008410766 -0.502406066072
vn 0.862473477718 -0.0250979342342 -0.505479568263
vn 0.859105476990 -0.0976008410766 -0.502406066072
vn 0.999575640856 -0.0291296791390 -1.04895005376e-9
vn 0.989763497159 -0.142717271878 1.73255510757e-9
vn 0.999575640856 -0.0291296791390 -1.04895005376e-9
vn 0.989763497159 -0.142717271878 1.73255510757e-9
vn 0.862473476145 -0.0250980068316 0.505479567341
vn 0.859105481363 -0.0976007894194 0.502406068630
vn 0.862473476145 -0.0250980068316 0.505479567341
vn 0.859105481363 -0.0976007894194 0.502406068630
vn -1.22464679915e-16 0.00000000000 1.00000000000
vn -1.22464679915e-16 0.00000000000 1.00000000000
vn -0.916169636955 0.125107466294 0.380764124098
vn -0.893596957547 0.247788253317 0.374279920623
vn -0.916169636955 0.125107466294 0.380764124098
vn -0.893596957547 0.247788253317 0.374279920623
vn -0.986509751575 0.163702504709 -2.66674164544e-9
vn -0.963611996322 0.267304920538 3.54574837844e-9
vn -0.986509751575 0.163702504709 -2.66674164544e-9
vn -0.963611996322 0.267304920538 3.54574837844e-9
vn -0.916169643786 0.125107407622 -0.380764126937
vn -0.893596950948 0.247788281290 -0.374279917859
vn -0.916169643786 0.125107407622 -0.380764126937
vn -0.893596950948 0.247788281290 -0.374279917859
vn 1.22464679915e-16 0.00000000000 -1.00000000000
vn 1.22464679915e-16 0.00000000000 -1.00000000000
vn 0.915303085337 -0.131920050845 -0.380548764494
vn 0.890418790237 -0.260285264814 -0.373371074017
vn 0.915303085337 -0.131920050845 -0.380548764494
vn 0.890418790237 -0.260285264814 -0.373371074017
vn 0.985006166549 -0.172519134766 1.40195990958e-9
vn 0.959800314650 -0.280683729484 -9.83944153823e-10
vn 0.985006166549 -0.172519134766 1.40195990958e-9
vn 0.959800314650 -0.280683729484 -9.83944153823e-10
vn 0.915303090734 -0.131920006920 0.380548766739
vn 0.890418783330 -0.260285292598 0.373371071121
vn 0.915303090734 -0.131920006920 0.380548766739
vn 0.890418783330 -0.260285292598 0.373371071121
vn -1.22464679915e-16 0.00000000000 1.00000000000
vn -1.22464679915e-16 0.00000000000 1.00000000000
vn -0.861016059501 0.354541937632 0.364624957651
vn -0.861016059501 0.354541937632 0.364624957651
vn -0.924638916929 0.380844946535 -1.65304912625e-9
vn -0.924638916929 0.380844946535 -1.65304912625e-9
vn -0.861016059501 0.354541937632 -0.364624957651
vn -0.861016059501 0.354541937632 -0.364624957651
vn 1.22464679915e-16 0.00000000000 -1.00000000000
vn 1.22464679915e-16 0.00000000000 -1.00000000000
vn 0.854834542576 -0.371018254639 -0.362771773356
vn 0.854834542576 -0.371018254639 -0.362771773356
vn 0.917280896578 -0.398240827606 9.73573379421e-17
vn 0.917280896578 -0.398240827606 9.73573379421e-17
vn 0.854834542576 -0.371018254639 0.362771773356
vn 0.854834542576 -0.371018254639 0.362771773356
vn -1.22464679915e-16 0.00000000000 1.00000000000
vn -1.22464679915e-16 0.00000000000 1.00000000000
vn -0.824434237999 0.442036727357 0.353428520189
vn -0.824434237999 0.442036727357 0.353428520189
vn -0.881270952338 0.472611371599 -1.07924565096e-16
vn -0.881270952338 0.472611371599 -1.07924565096e-16
vn -0.824434237999 0.442036727357 -0.353428520189
vn -0.824434237999 0.442036727357 -0.353428520189
vn 1.22464679915e-16 0.00000000000 -1.00000000000
vn 1.22464679915e-16 0.00000000000 -1.00000000000
vn 0.814650882204 -0.462151670172 -0.350370909010
vn 0.814650882204 -0.462151670172 -0.350370909010
vn 0.869734468594 -0.493519963263 1.21275031386e-16
vn 0.869734468594 -0.493519963263 1.21275031386e-16
vn 0.814650882204 -0.462151670172 0.350370909010
vn 0.814650882204 -0.462151670172 0.350370909010
vn -1.22464342341e-16 -0.00234797570200 0.999997243501
vn -1.22463329592e-16 -0.00469599059150 0.999988973775
vn -0.768741180794 0.544297926753 0.335822518429
vn -0.768741180794 0.544297926753 0.335822518429
vn -0.816271897050 0.577667889091 -3.65469285233e-9
vn -0.816271897050 0.577667889091 -3.65469285233e-9
vn -0.768741180794 0.544297926753 -0.335822518429
vn -0.768741180794 0.544297926753 -0.335822518429
vn 1.22464342341e-16 -0.00234797570200 -0.999997243501
vn 1.22463329592e-16 -0.00469599059150 -0.999988973775
vn 0.750176541977 -0.573491925625 -0.329153713501
vn 0.750176541977 -0.573491925625 -0.329153713501
vn 0.794129473911 -0.607748614697 -1.12310991334e-10
vn 0.794129473911 -0.607748614697 -1.12310991334e-10
vn 0.750176541977 -0.573491925625 0.329153713501
vn 0.750176541977 -0.573491925625 0.329153713501
vn -1.22464342341e-16 -0.00234797570200 0.999997243501
vn -1.22463329592e-16 -0.00469599059150 0.999988973775
vn -0.768741180794 0.544297926753 0.335822518429
vn -0.768741180794 0.544297926753 0.335822518429
vn -0.816271897050 0.577667889091 -3.65469285233e-9
vn -0.816271897050 0.577667889091 -3.65469285233e-9
vn -0.768741180794 0.544297926753 -0.335822518429
vn -0.768741180794 0.544297926753 -0.335822518429
vn 1.22464342341e-16 -0.00234797570200 -0.999997243501
vn 1.22463329592e-16 -0.00469599059150 -0.999988973775
vn 0.750176541977 -0.573491925625 -0.329153713501
vn 0.750176541977 -0.573491925625 -0.329153713501
vn 0.794129473911 -0.607748614697 -1.12310991334e-10
vn 0.794129473911 -0.607748614697 -1.12310991334e-10
vn 0.750176541977 -0.573491925625 0.329153713501
vn 0.750176541977 -0.573491925625 0.329153713501
vn -1.19979639527e-16 -0.200429609552 0.979708105312
vn -1.18475281306e-16 -0.253161279659 0.967424088227
vn -0.637194523885 0.708469937997 0.303403173493
vn -0.637194523885 0.708469937997 0.303403173493
vn -0.680416656928 0.732825472384 3.55122663222e-9
vn -0.680416656928 0.732825472384 3.55122663222e-9
vn -0.637194496978 0.708469967684 -0.303403160681
vn -0.637194496978 0.708469967684 -0.303403160681
vn 1.19979639527e-16 -0.200429609552 -0.979708105312
vn 1.18475281306e-16 -0.253161279659 -0.967424088227
vn 0.632932598102 -0.627503568683 -0.453470613766
vn 0.632932598102 -0.627503568683 -0.453470613766
vn 0.728838242923 -0.684685924825 1.09229551707e-10
vn 0.728838242923 -0.684685924825 1.09229551707e-10
vn 0.648746420278 -0.629893590652 0.427038811623
vn 0.648746420278 -0.629893590652 0.427038811623
vn 0.378421508635 -0.462404123835 0.801860080103
vn 0.378421508635 -0.462404123835 0.801860080103
vn -1.18475281306e-16 -0.253161279659 0.967424088227
vn -0.637194523885 0.708469937997 0.303403173493
vn -0.637194523885 0.708469937997 0.303403173493
vn -0.680416656928 0.732825472384 3.55122663222e-9
vn -0.680416656928 0.732825472384 3.55122663222e-9
vn -0.637194496978 0.708469967684 -0.303403160681
vn -0.637194496978 0.708469967684 -0.303403160681
vn 1.19979639527e-16 -0.200429609552 -0.979708105312
vn 0.375555812822 -0.481831281748 -0.791704772869
vn 0.375555812822 -0.481831281748 -0.791704772869
vn 0.632932598102 -0.627503568683 -0.453470613766
vn 0.632932598102 -0.627503568683 -0.453470613766
vn 0.728838242923 -0.684685924825 1.09229551707e-10
vn 0.728838242923 -0.684685924825 1.09229551707e-10
vn 0.648746420278 -0.629893590652 0.427038811623
vn 0.648746420278 -0.629893590652 0.427038811623
vn 0.412054591823 -0.498186520813 0.762903141846
vn 0.145980789134 -0.351352718749 0.924792342222
vn 0.145980789134 -0.351352718749 0.924792342222
vn -0.468144662752 0.852686657305 0.231875050815
vn -0.468144662752 0.852686657305 0.231875050815
vn -0.489482364660 0.872013196395 5.37622766036e-10
vn -0.489482364660 0.872013196395 5.37622766036e-10
vn -0.468144662752 0.852686657305 -0.231875050815
vn -0.468144662752 0.852686657305 -0.231875050815
vn 0.145565557643 -0.363317050434 -0.920223553976
vn 0.409149616291 -0.513682483791 -0.754139839376
vn 0.145565557643 -0.363317050434 -0.920223553976
vn 0.678238029749 -0.637613709511 -0.365297046861
vn 0.554459750275 -0.700534164429 -0.449250787191
vn 0.678238029749 -0.637613709511 -0.365297046861
vn 0.554459750275 -0.700534164429 -0.449250787191
vn 0.646634289547 -0.762800167529 5.85931018067e-17
vn 0.646634289547 -0.762800167529 5.85931018067e-17
vn 0.693963334940 -0.638182865688 0.333372943864
vn 0.554459750275 -0.700534164429 0.449250787191
vn 0.693963334940 -0.638182865688 0.333372943864
vn 0.554459750275 -0.700534164429 0.449250787191
vn -1.19290626784e-16 -0.226195651891 0.974081889302
vn -1.21527298396e-16 -0.123490945537 0.992345699023
vn -1.19290626784e-16 -0.226195651891 0.974081889302
vn -1.19290626784e-16 -0.226195651891 0.974081889302
vn -0.468144662752 0.852686657305 0.231875050815
vn -0.468144662752 0.852686657305 0.231875050815
vn -0.489482364660 0.872013196395 5.37622766036e-10
vn -0.489482364660 0.872013196395 5.37622766036e-10
vn -0.468144662752 0.852686657305 -0.231875050815
vn -0.468144662752 0.852686657305 -0.231875050815
vn 1.18821319448e-16 -0.242106405789 -0.970249704084
vn 1.18821319448e-16 -0.242106405789 -0.970249704084
vn 1.18821319448e-16 -0.242106405789 -0.970249704084
vn 1.21862272338e-16 -0.0990649557124 -0.995080968841
vn 0.638585439438 -0.720180918752 -0.271197494096
vn 0.444477191426 -0.872111958326 -0.204599018685
vn 0.638585439438 -0.720180918752 -0.271197494096
vn 0.444477191426 -0.872111958326 -0.204599018685
vn 0.448410008737 -0.893827983487 1.51326895827e-13
vn 0.448410008737 -0.893827983487 1.51326895827e-13
vn 0.638585439438 -0.720180918752 0.271197494096
vn 0.444477191426 -0.872111958326 0.204599018685
vn 0.638585439438 -0.720180918752 0.271197494096
vn 0.444477191426 -0.872111958326 0.204599018685
vn -1.21527298396e-16 -0.123490945537 0.992345699023
vn -1.21527298396e-16 -0.123490945537 0.992345699023
vn -0.460923365016 0.871017976088 0.169933330792
vn -0.116134236701 0.993233526954 -6.79156040555e-10
vn -0.460923365016 0.871017976088 0.169933330792
vn -0.116134236701 0.993233526954 -6.79156040555e-10
vn -0.116134236701 0.993233526954 -6.79156040555e-10
vn -0.460923365016 0.871017976088 -0.169933330792
vn -0.460923365016 0.871017976088 -0.169933330792
vn -0.116134236701 0.993233526954 -6.79156040555e-10
vn 1.21862272338e-16 -0.0990649557124 -0.995080968841
vn 1.21862272338e-16 -0.0990649557124 -0.995080968841
vn 0.433212049587 -0.898937420200 -0.0651063334641
vn 0.433212049587 -0.898937420200 -0.0651063334641
vn 0.433212049587 -0.898937420200 -0.0651063334641
vn 0.433212049587 -0.898937420200 -0.0651063334641
vn 0.448410008737 -0.893827983487 1.51326895827e-13
vn 0.448410008737 -0.893827983487 1.51326895827e-13
vn 0.433212049587 -0.898937420200 0.0651063334641
vn 0.433212049587 -0.898937420200 0.0651063334641
vn 0.433212049587 -0.898937420200 0.0651063334641
vn 0.433212049587 -0.898937420200 0.0651063334641
vn -0.116134236701 -0.993233526954 6.79156012111e-10
vn -0.116134236701 0.993233526954 -6.79156040555e-10
vn -0.116134236701 -0.993233526954 6.79156012111e-10
vn -0.116134236701 0.993233526954 -6.79156040555e-10
vn -0.116134236701 -0.993233526954 6.79156012111e-10
vn -0.116134236701 0.993233526954 -6.79156040555e-10
vn -0.116134236701 -0.993233526954 6.79156012111e-10
vn -0.116134236701 0.993233526954 -6.79156040555e-10
f 1/1/1 2/2/2 3/3/3
f 3/3/3 2/2/2 4/4/4
f 5/5/5 6/6/6 7/7/7
f 7/7/7 6/6/6 8/8/8
f 7/7/7 9/9/9 10/10/10
f 10/10/10 9/9/9 11/11/11
f 10/10/10 12/12/12 13/13/13
f 13/13/13 12/12/12 14/14/14
f 15/15/15 16/16/16 17/17/17
f 17/17/17 16/16/16 18/18/18
f 19/19/19 20/20/20 21/21/21
f 21/21/21 20/20/20 22/22/22
f 23/23/23 24/24/24 25/25/25
f 25/25/25 24/24/24 26/26/26
f 27/27/27 28/28/28 29/29/29
f 29/29/29 28/28/28 30/30/30
f 2/2/2 31/31/31 4/4/4
f 4/4/4 31/31/31 32/32/32
f 33/33/33 34/34/34 35/35/35
f 35/35/35 34/34/34 36/36/36
f 9/9/9 37/37/37 11/11/11
f 11/11/11 37/37/37 38/38/38
f 39/39/39 40/40/40 41/41/41
f 41/41/41 40/40/40 42/42/42
f 16/16/16 43/43/43 18/18/18
f 18/18/18 43/43/43 44/44/44
f 45/45/45 46/46/46 47/47/47
f 47/47/47 46/46/46 48/48/48
f 24/24/24 49/49/49 26/26/26
f 26/26/26 49/49/49 50/50/50
f 51/51/51 52/52/52 53/53/53
f 53/53/53 52/52/52 54/54/54
f 55/55/55 56/56/56 57/57/57
f 57/57/57 56/56/56 58/58/58
f 34/34/34 59/59/59 36/36/36
f 36/36/36 59/59/59 60/60/60
f 37/37/37 61/61/61 38/38/38
f 38/38/38 61/61/61 62/62/62
f 40/40/40 63/63/63 42/42/42
f 42/42/42 63/63/63 64/64/64
f 65/65/65 66/66/66 67/67/67
f 67/67/67 66/66/66 68/68/68
f 69/69/69 70/70/70 71/71/71
f 71/71/71 70/70/70 72/72/72
f 49/49/49 73/73/73 50/50/50
f 50/50/50 73/73/73 74/74/74
f 75/75/75 76/76/76 77/77/77
f 77/77/77 76/76/76 78/78/78
f 79/79/79 80/80/80 58/58/58
f 58/58/58 80/80/80 81/81/81
f 59/59/59 82/82/82 60/60/60
f 60/60/60 82/82/82 83/83/83
f 61/61/61 84/84/84 62/62/62
f 62/62/62 84/84/84 85/85/85
f 63/63/63 86/86/86 64/64/64
f 64/64/64 86/86/86 87/87/87
f 66/66/66 88/88/88 89/89/89
f 89/89/89 88/88/88 90/90/90
f 91/91/91 92/92/92 93/93/93
f 93/93/93 92/92/92 94/94/94
f 73/73/73 95/95/95 74/74/74
f 74/74/74 95/95/95 96/96/96
f 97/97/97 98/98/98 99/99/99
f 99/99/99 98/98/98 100/100/100
f 101/101/101 102/102/102 103/103/103
f 103/103/103 102/102/102 104/104/104
f 82/82/82 105/105/105 83/83/83
f 83/83/83 105/105/105 106/106/106
f 84/84/84 107/107/107 85/85/85
f 85/85/85 107/107/107 108/108/108
f 86/86/86 109/109/109 87/87/87
f 87/87/87 109/109/109 110/110/110
f 111/111/111 112/112/112 113/113/113
f 113/113/113 112/112/112 114/114/114
f 92/92/92 115/115/115 94/94/94
f 94/94/94 115/115/115 116/116/116
f 95/95/95 117/117/117 96/96/96
f 96/96/96 117/117/117 118/118/118
f 98/98/98 119/119/119 100/100/100
f 100/100/100 119/119/119 120/120/120
f 102/102/102 121/121/121 104/104/104
f 104/104/104 121/121/121 122/122/122
f 105/105/105 123/123/123 106/106/106
f 106/106/106 123/123/123 124/124/124
f 107/107/107 125/125/125 108/108/108
f 108/108/108 125/125/125 126/126/126
f 109/109/109 127/127/127 110/110/110
f 110/110/110 127/127/127 128/128/128
f 112/112/112 129/129/129 114/114/114
f 114/114/114 129/129/129 130/130/130
f 115/115/115 131/131/131 116/116/116
f 116/116/116 131/131/131 132/132/132
f 117/117/117 133/133/133 118/118/118
f 118/118/118 133/133/133 134/134/134
f 119/119/119 135/135/135 120/120/120
f 120/120/120 135/135/135 136/136/136
f 121/121/121 137/137/137 122/122/122
f 122/122/122 137/137/137 138/138/138
f 123/123/123 139/139/139 124/124/124
f 124/124/124 139/139/139 140/140/140
f 125/125/125 141/141/141 126/126/126
f 126/126/126 141/141/141 142/142/142
f 127/127/127 143/143/143 128/128/128
f 128/128/128 143/143/143 144/144/144
f 129/129/129 145/145/145 130/130/130
f 130/130/130 145/145/145 146/146/146
f 131/131/131 147/147/147 132/132/132
f 132/132/132 147/147/147 148/148/148
f 133/133/133 149/149/149 134/134/134
f 134/134/134 149/149/149 150/150/150
f 135/135/135 151/151/151 136/136/136
f 136/136/136 151/151/151 152/152/152
f 137/137/137 153/153/153 138/138/138
f 138/138/138 153/153/153 154/154/154
f 139/139/139 155/155/155 140/140/140
f 140/140/140 155/155/155 156/156/156
f 141/141/141 157/157/157 142/142/142
f 142/142/142 157/157/157 158/158/158
f 143/143/143 159/159/159 144/144/144
f 144/144/144 159/159/159 160/160/160
f 145/145/145 161/161/161 146/146/146
f 146/146/146 161/161/161 162/162/162
f 147/147/147 163/163/163 148/148/148
f 148/148/148 163/163/163 164/164/164
f 149/149/149 165/165/165 150/150/150
f 150/150/150 165/165/165 166/166/166
f 151/151/151 167/167/167 152/152/152
f 152/152/152 167/167/167 168/168/168
f 153/153/153 169/169/169 154/154/154
f 154/154/154 169/169/169 170/170/170
f 155/155/155 171/171/171 156/156/156
f 156/156/156 171/171/171 172/172/172
f 157/157/157 173/173/173 158/158/158
f 158/158/158 173/173/173 174/174/174
f 159/159/159 175/175/175 160/160/160
f 160/160/160 175/175/175 176/176/176
f 161/161/161 177/177/177 162/162/162
f 162/162/162 177/177/177 178/178/178
f 163/163/163 179/179/179 164/164/164
f 164/164/164 179/179/179 180/180/180
f 165/165/165 181/181/181 166/166/166
f 166/166/166 181/181/181 182/182/182
f 167/167/167 183/183/183 168/168/168
f 168/168/168 183/183/183 184/184/184
f 169/169/169 185/185/185 170/170/170
f 170/170/170 185/185/185 186/186/186
f 171/171/171 187/187/187 172/172/172
f 172/172/172 187/187/187 188/188/188
f 173/173/173 189/189/189 174/174/174
f 174/174/174 189/189/189 190/190/190
f 175/175/175 191/191/191 176/176/176
f 176/176/176 191/191/191 192/192/192
f 177/177/177 193/193/193 178/178/178
f 178/178/178 193/193/193 194/194/194
f 179/179/179 195/195/195 180/180/180
f 180/180/180 195/195/195 196/196/196
f 181/181/181 197/197/197 182/182/182
f 182/182/182 197/197/197 198/198/198
f 183/183/183 199/199/199 184/184/184
f 184/184/184 199/199/199 200/200/200
f 185/185/185 201/201/201 186/186/186
f 186/186/186 201/201/201 202/202/202
f 203/203/203 204/204/204 205/205/205
f 205/205/205 204/204/204 206/206/206
f 207/207/207 208/208/208 209/209/209
f 209/209/209 208/208/208 210/210/210
f 211/211/211 212/212/212 213/213/213
f 213/213/213 212/212/212 214/214/214
f 193/193/193 215/215/215 194/194/194
f 194/194/194 215/215/215 216/216/216
f 217/217/217 218/218/218 219/219/219
f 219/219/219 218/218/218 220/220/220
f 221/221/221 222/222/222 223/223/223
f 223/223/223 222/222/222 224/224/224
f 225/225/225 226/226/226 227/227/227
f 227/227/227 226/226/226 228/228/228
f 201/201/201 229/229/229 202/202/202
f 202/202/202 229/229/229 230/230/230
f 231/231/231 232/232/232 233/233/233
f 233/233/233 232/232/232 234/234/234
f 235/235/235 236/236/236 237/237/237
f 237/237/237 236/236/236 238/238/238
f 239/239/239 240/240/240 241/241/241
f 241/241/241 240/240/240 242/242/242
f 215/215/215 243/243/243 216/216/216
f 216/216/216 243/243/243 244/244/244
f 245/245/245 246/246/246 247/247/247
f 247/247/247 246/246/246 248/248/248
f 249/249/249 250/250/250 251/251/251
f 251/251/251 250/250/250 252/252/252
f 253/253/253 254/254/254 255/255/255
f 255/255/255 254/254/254 256/256/256
f 229/229/229 257/257/257 230/230/230
f 230/230/230 257/257/257 258/258/258
f 259/259/259 260/260/260 261/261/261
f 261/261/261 260/260/260 262/262/262
f 263/263/263 264/264/264 265/265/265
f 265/265/265 264/264/264 266/266/266
f 267/267/267 268/268/268 269/269/269
f 269/269/269 268/268/268 270/270/270
f 243/243/243 271/271/271 244/244/244
f 244/244/244 271/271/271 272/272/272
f 273/273/273 274/274/274 275/275/275
f 275/275/275 274/274/274 276/276/276
f 277/277/277 278/278/278 279/279/279
f 279/279/279 278/278/278 280/280/280
f 281/281/281 282/282/282 283/283/283
f 283/283/283 282/282/282 284/284/284
f 257/257/257 285/285/285 258/258/258
f 258/258/258 285/285/285 286/286/286
f 260/260/260 287/287/287 262/262/262
f 262/262/262 287/287/287 288/288/288
f 264/264/264 289/289/289 266/266/266
f 266/266/266 289/289/289 290/290/290
f 268/268/268 291/291/291 270/270/270
f 270/270/270 291/291/291 292/292/292
f 271/271/271 293/293/293 272/272/272
f 272/272/272 293/293/293 294/294/294
f 274/274/274 295/295/295 276/276/276
f 276/276/276 295/295/295 296/296/296
f 278/278/278 297/297/297 280/280/280
f 280/280/280 297/297/297 298/298/298
f 282/282/282 299/299/299 284/284/284
f 284/284/284 299/299/299 300/300/300
f 285/285/285 301/301/301 286/286/286
f 286/286/286 301/301/301 302/302/302
f 287/287/287 303/303/303 288/288/288
f 288/288/288 303/303/303 304/304/304
f 289/289/289 305/305/305 290/290/290
f 290/290/290 305/305/305 306/306/306
f 291/291/291 307/307/307 292/292/292
f 292/292/292 307/307/307 308/308/308
f 293/293/293 309/309/309 294/294/294
f 294/294/294 309/309/309 310/310/310
f 295/295/295 311/311/311 296/296/296
f 296/296/296 311/311/311 312/312/312
f 297/297/297 313/313/313 298/298/298
f 298/298/298 313/313/313 314/314/314
f 299/299/299 315/315/315 300/300/300
f 300/300/300 315/315/315 316/316/316
f 301/301/301 317/317/317 302/302/302
f 302/302/302 317/317/317 318/318/318
f 303/303/303 319/319/319 304/304/304
f 304/304/304 319/319/319 320/320/320
f 305/305/305 321/321/321 306/306/306
f 306/306/306 321/321/321 322/322/322
f 307/307/307 323/323/323 308/308/308
f 308/308/308 323/323/323 324/324/324
f 309/309/309 325/325/325 310/310/310
f 310/310/310 325/325/325 326/326/326
f 311/311/311 327/327/327 312/312/312
f 312/312/312 327/327/327 328/328/328
f 313/313/313 329/329/329 314/314/314
f 314/314/314 329/329/329 330/330/330
f 315/315/315 331/331/331 316/316/316
f 316/316/316 331/331/331 332/332/332
f 317/317/317 333/333/333 318/318/318
f 318/318/318 333/333/333 334/334/334
f 319/319/319 335/335/335 320/320/320
f 320/320/320 335/335/335 336/336/336
f 321/321/321 337/337/337 322/322/322
f 322/322/322 337/337/337 338/338/338
f 323/323/323 339/339/339 324/324/324
f 324/324/324 339/339/339 340/340/340
f 325/325/325 341/341/341 326/326/326
f 326/326/326 341/341/341 342/342/342
f 327/327/327 343/343/343 328/328/328
f 328/328/328 343/343/343 344/344/344
f 329/329/329 345/345/345 330/330/330
f 330/330/330 345/345/345 346/346/346
f 331/331/331 347/347/347 332/332/332
f 332/332/332 347/347/347 348/348/348
f 333/333/333 349/349/349 334/334/334
f 334/334/334 349/349/349 350/350/350
f 335/335/335 351/351/351 336/336/336
f 336/336/336 351/351/351 352/352/352
f 337/337/337 353/353/353 338/338/338
f 338/338/338 353/353/353 354/354/354
f 339/339/339 355/355/355 340/340/340
f 340/340/340 355/355/355 356/356/356
f 341/341/341 357/357/357 342/342/342
f 342/342/342 357/357/357 358/358/358
f 343/343/343 359/359/359 344/344/344
f 344/344/344 359/359/359 360/360/360
f 345/345/345 361/361/361 346/346/346
f 346/346/346 361/361/361 362/362/362
f 347/347/347 363/363/363 348/348/348
f 348/348/348 363/363/363 364/364/364
f 365/365/365 366/366/366 350/350/350
f 350/350/350 366/366/366 367/367/367
f 351/351/351 368/368/368 352/352/352
f 352/352/352 368/368/368 369/369/369
f 353/353/353 370/370/370 354/354/354
f 354/354/354 370/370/370 371/371/371
f 355/355/355 372/372/372 356/356/356
f 356/356/356 372/372/372 373/373/373
f 357/357/357 374/374/374 375/375/375
f 375/375/375 374/374/374 376/376/376
f 359/359/359 377/377/377 360/360/360
f 360/360/360 377/377/377 378/378/378
f 361/361/361 379/379/379 362/362/362
f 362/362/362 379/379/379 380/380/380
f 363/363/363 381/381/381 364/364/364
f 364/364/364 381/381/381 382/382/382
f 383/383/383 384/384/384 367/367/367
f 367/367/367 384/384/384 385/385/385
f 368/368/368 386/386/386 369/369/369
f 369/369/369 386/386/386 387/387/387
f 370/370/370 388/388/388 371/371/371
f 371/371/371 388/388/388 389/389/389
f 372/372/372 390/390/390 373/373/373
f 373/373/373 390/390/390 391/391/391
f 374/374/374 392/392/392 393/393/393
f 393/393/393 392/392/392 394/394/394
f 395/395/395 396/396/396 397/397/397
f 397/397/397 396/396/396 398/398/398
f 379/379/379 399/399/399 380/380/380
f 380/380/380 399/399/399 400/400/400
f 401/401/401 402/402/402 403/403/403
f 403/403/403 402/402/402 404/404/404
f 405/405/405 406/406/406 407/407/407
f 407/407/407 406/406/406 408/408/408
f 386/386/386 409/409/409 387/387/387
f 387/387/387 409/409/409 410/410/410
f 388/388/388 411/411/411 389/389/389
f 389/389/389 411/411/411 412/412/412
f 390/390/390 413/413/413 391/391/391
f 391/391/391 413/413/413 414/414/414
f 415/415/415 416/416/416 417/417/417
f 417/417/417 416/416/416 418/418/418
f 419/419/419 420/420/420 421/421/421
f 421/421/421 420/420/420 422/422/422
f 399/399/399 423/423/423 400/400/400
f 400/400/400 423/423/423 424/424/424
f 425/425/425 426/426/426 427/427/427
f 427/427/427 426/426/426 428/428/428
f 406/406/406 429/429/429 408/408/408
f 408/408/408 429/429/429 430/430/430
f 431/431/431 432/432/432 433/433/433
f 433/433/433 432/432/432 434/434/434
f 411/411/411 434/434/434 412/412/412
f 412/412/412 434/434/434 435/435/435
f 436/436/436 435/435/435 437/437/437
f 437/437/437 435/435/435 438/438/438
f 416/416/416 439/439/439 418/418/418
f 418/418/418 439/439/439 440/440/440
f 441/441/441 442/442/442 443/443/443
f 443/443/443 442/442/442 444/444/444
f 423/423/423 445/445/445 424/424/424
f 424/424/424 445/445/445 446/446/446
f 447/447/447 448/448/448 449/449/449
f 449/449/449 448/448/448 450/450/450
f 451/451/451 5/5/5 7/7/7
f 452/452/452 434/434/434 432/432/432
f 451/451/451 7/7/7 10/10/10
f 452/452/452 435/435/435 434/434/434
f 451/451/451 10/10/10 13/13/13
f 452/452/452 438/438/438 435/435/435
f 451/451/451 13/13/13 453/453/453
f 452/452/452 454/454/454 438/438/438
f 451/451/451 453/453/453 455/455/455
f 452/452/452 456/456/456 454/454/454
f 451/451/451 455/455/455 457/457/457
f 452/452/452 458/458/458 456/456/456
o S10
v 0.0154499998316 1.44700000262 -0.00400000018999
v 0.0185708515346 1.44829000360 -0.00390344741754
v 0.0180500000715 1.44700000262 -0.00400000018999
v 0.0215367283672 1.44829000360 -0.00390344741754
v 0.0180500000715 1.44700000262 -0.00400000018999
v 0.0215367283672 1.44829000360 -0.00390344741754
v 0.0182499997318 1.44700000262 -0.00380000006407
v 0.0217367280275 1.44829000360 -0.00370344752446
v 0.0217367280275 1.44829000360 -0.00370344752446
v 0.0182499997318 1.44700000262 0.00380000006407
v 0.0217367280275 1.44829000360 0.00370344752446
v 0.0217367280275 1.44829000360 0.00370344752446
v 0.0180500000715 1.44700000262 0.00400000018999
v 0.0215367283672 1.44829000360 0.00390344741754
v 0.0180500000715 1.44700000262 0.00400000018999
v 0.0215367283672 1.44829000360 0.00390344741754
v 0.0154499998316 1.44700000262 0.00400000018999
v 0.0185708515346 1.44829000360 0.00390344741754
v 0.0154499998316 1.44700000262 0.00400000018999
v 0.0185708515346 1.44829000360 0.00390344741754
v 0.0152500001714 1.44700000262 0.00380000006407
v 0.0183708500117 1.44829000360 0.00370344752446
v 0.0152500001714 1.44700000262 0.00380000006407
v 0.0183708500117 1.44829000360 0.00370344752446
v 0.0152500001714 1.44700000262 -0.00380000006407
v 0.0183708500117 1.44829000360 -0.00370344752446
v 0.0152500001714 1.44700000262 -0.00380000006407
v 0.0183708500117 1.44829000360 -0.00370344752446
v 0.0154499998316 1.44700000262 -0.00400000018999
v 0.0185708515346 1.44829000360 -0.00390344741754
v 0.0209386758506 1.45022500134 -0.00346642616205
v 0.0251073427498 1.45022500134 -0.00346642616205
v 0.0215367283672 1.44829000360 -0.00390344741754
v 0.0251073427498 1.45022500134 -0.00346642616205
v 0.0217367280275 1.44829000360 -0.00370344752446
v 0.0253073424101 1.45022500134 -0.00326642626897
v 0.0253073424101 1.45022500134 -0.00326642626897
v 0.0253073424101 1.45022500134 0.00326642626897
v 0.0217367280275 1.44829000360 0.00370344752446
v 0.0253073424101 1.45022500134 0.00326642626897
v 0.0215367283672 1.44829000360 0.00390344741754
v 0.0251073427498 1.45022500134 0.00346642616205
v 0.0251073427498 1.45022500134 0.00346642616205
v 0.0209386758506 1.45022500134 0.00346642616205
v 0.0185708515346 1.44829000360 0.00390344741754
v 0.0209386758506 1.45022500134 0.00346642616205
v 0.0183708500117 1.44829000360 0.00370344752446
v 0.0207386743277 1.45022500134 0.00326642626897
v 0.0207386743277 1.45022500134 0.00326642626897
v 0.0207386743277 1.45022500134 -0.00326642626897
v 0.0183708500117 1.44829000360 -0.00370344752446
v 0.0207386743277 1.45022500134 -0.00326642626897
v 0.0185708515346 1.44829000360 -0.00390344741754
v 0.0209386758506 1.45022500134 -0.00346642616205
v 0.0209386758506 1.45022500134 -0.00346642616205
v 0.0235705245286 1.45345000005 -0.00233156629838
v 0.0251073427498 1.45022500134 -0.00346642616205
v 0.0302947014570 1.45345000005 -0.00233156629838
v 0.0302947014570 1.45345000005 -0.00233156629838
v 0.0304947011173 1.45345000005 -0.00213156640530
v 0.0304947011173 1.45345000005 -0.00213156640530
v 0.0304947011173 1.45345000005 0.00213156640530
v 0.0304947011173 1.45345000005 0.00213156640530
v 0.0302947014570 1.45345000005 0.00233156629838
v 0.0251073427498 1.45022500134 0.00346642616205
v 0.0302947014570 1.45345000005 0.00233156629838
v 0.0209386758506 1.45022500134 0.00346642616205
v 0.0235705245286 1.45345000005 0.00233156629838
v 0.0209386758506 1.45022500134 0.00346642616205
v 0.0235705245286 1.45345000005 0.00233156629838
v 0.0207386743277 1.45022500134 0.00326642626897
v 0.0233705230057 1.45345000005 0.00213156640530
v 0.0233705230057 1.45345000005 0.00213156640530
v 0.0233705230057 1.45345000005 -0.00213156640530
v 0.0207386743277 1.45022500134 -0.00326642626897
v 0.0233705230057 1.45345000005 -0.00213156640530
v 0.0209386758506 1.45022500134 -0.00346642616205
v 0.0235705245286 1.45345000005 -0.00233156629838
v 0.0235705245286 1.45345000005 -0.00233156629838
v 0.0267828293145 1.45774999833 -0.00109087454621
v 0.0357829704881 1.45774999833 -0.00109087454621
v 0.0357829704881 1.45774999833 -0.00109087454621
v 0.0359829738736 1.45774999833 -0.000890874594916
v 0.0359829738736 1.45774999833 -0.000890874594916
v 0.0359829738736 1.45774999833 0.000890874594916
v 0.0359829738736 1.45774999833 0.000890874594916
v 0.0357829704881 1.45774999833 0.00109087454621
v 0.0357829704881 1.45774999833 0.00109087454621
v 0.0235705245286 1.45345000005 0.00233156629838
v 0.0267828293145 1.45774999833 0.00109087454621
v 0.0235705245286 1.45345000005 0.00233156629838
v 0.0267828293145 1.45774999833 0.00109087454621
v 0.0233705230057 1.45345000005 0.00213156640530
v 0.0265828296542 1.45774999833 0.000890874594916
v 0.0265828296542 1.45774999833 0.000890874594916
v 0.0265828296542 1.45774999833 -0.000890874594916
v 0.0233705230057 1.45345000005 -0.00213156640530
v 0.0265828296542 1.45774999833 -0.000890874594916
v 0.0235705245286 1.45345000005 -0.00233156629838
v 0.0267828293145 1.45774999833 -0.00109087454621
v 0.0267828293145 1.45774999833 -0.00109087454621
v 0.0325697846711 1.46420000321 -0.00100000004750
v 0.0357829704881 1.45774999833 -0.00109087454621
v 0.0411380156875 1.46420000321 -0.00100000004750
v 0.0411380156875 1.46420000321 -0.00100000004750
v 0.0413380153477 1.46420000321 -0.000799999979790
v 0.0413380153477 1.46420000321 -0.000799999979790
v 0.0413380153477 1.46420000321 0.000799999979790
v 0.0413380153477 1.46420000321 0.000799999979790
v 0.0411380156875 1.46420000321 0.00100000004750
v 0.0357829704881 1.45774999833 0.00109087454621
v 0.0411380156875 1.46420000321 0.00100000004750
v 0.0267828293145 1.45774999833 0.00109087454621
v 0.0325697846711 1.46420000321 0.00100000004750
v 0.0325697846711 1.46420000321 0.00100000004750
v 0.0323697850108 1.46420000321 0.000799999979790
v 0.0323697850108 1.46420000321 0.000799999979790
v 0.0323697850108 1.46420000321 -0.000799999979790
v 0.0323697850108 1.46420000321 -0.000799999979790
v 0.0325697846711 1.46420000321 -0.00100000004750
v 0.0391661487520 1.47279999977 -0.00100000004750
v 0.0472448505461 1.47279999977 -0.00100000004750
v 0.0472448505461 1.47279999977 -0.00100000004750
v 0.0474448502064 1.47279999977 -0.000799999979790
v 0.0474448502064 1.47279999977 -0.000799999979790
v 0.0474448502064 1.47279999977 0.000799999979790
v 0.0474448502064 1.47279999977 0.000799999979790
v 0.0472448505461 1.47279999977 0.00100000004750
v 0.0472448505461 1.47279999977 0.00100000004750
v 0.0391661487520 1.47279999977 0.00100000004750
v 0.0391661487520 1.47279999977 0.00100000004750
v 0.0389661490917 1.47279999977 0.000799999979790
v 0.0389661490917 1.47279999977 0.000799999979790
v 0.0389661490917 1.47279999977 -0.000799999979790
v 0.0389661490917 1.47279999977 -0.000799999979790
v 0.0391661487520 1.47279999977 -0.00100000004750
v 0.0473540686071 1.48570000207 -0.00100000004750
v 0.0549583323300 1.48570000207 -0.00100000004750
v 0.0549583323300 1.48570000207 -0.00100000004750
v 0.0551583319902 1.48570000207 -0.000799999979790
v 0.0551583319902 1.48570000207 -0.000799999979790
v 0.0551583319902 1.48570000207 0.000799999979790
v 0.0551583319902 1.48570000207 0.000799999979790
v 0.0549583323300 1.48570000207 0.00100000004750
v 0.0549583323300 1.48570000207 0.00100000004750
v 0.0473540686071 1.48570000207 0.00100000004750
v 0.0473540686071 1.48570000207 0.00100000004750
v 0.0471540689468 1.48570000207 0.000799999979790
v 0.0471540689468 1.48570000207 0.000799999979790
v 0.0471540689468 1.48570000207 -0.000799999979790
v 0.0471540689468 1.48570000207 -0.000799999979790
v 0.0473540686071 1.48570000207 -0.00100000004750
v 0.0549229197204 1.50074999979 -0.00100000004750
v 0.0621352866292 1.50074999979 -0.00100000004750
v 0.0621352866292 1.50074999979 -0.00100000004750
v 0.0623352862895 1.50074999979 -0.000799999979790
v 0.0623352862895 1.50074999979 -0.000799999979790
v 0.0623352862895 1.50074999979 0.000799999979790
v 0.0623352862895 1.50074999979 0.000799999979790
v 0.0621352866292 1.50074999979 0.00100000004750
v 0.0621352866292 1.50074999979 0.00100000004750
v 0.0549229197204 1.50074999979 0.00100000004750
v 0.0549229197204 1.50074999979 0.00100000004750
v 0.0547229200602 1.50074999979 0.000799999979790
v 0.0547229200602 1.50074999979 0.000799999979790
v 0.0547229200602 1.50074999979 -0.000799999979790
v 0.0547229200602 1.50074999979 -0.000799999979790
v 0.0549229197204 1.50074999979 -0.00100000004750
v 0.0612493902445 1.51795000038 -0.00100000004750
v 0.0681378245354 1.51795000038 -0.00100000004750
v 0.0681378245354 1.51795000038 -0.00100000004750
v 0.0683378279209 1.51795000038 -0.000799999979790
v 0.0683378279209 1.51795000038 -0.000799999979790
v 0.0683378279209 1.51795000038 0.000799999979790
v 0.0683378279209 1.51795000038 0.000799999979790
v 0.0681378245354 1.51795000038 0.00100000004750
v 0.0681378245354 1.51795000038 0.00100000004750
v 0.0612493902445 1.51795000038 0.00100000004750
v 0.0612493902445 1.51795000038 0.00100000004750
v 0.0610493905842 1.51795000038 0.000799999979790
v 0.0610493905842 1.51795000038 0.000799999979790
v 0.0610493905842 1.51795000038 -0.000799999979790
v 0.0610493905842 1.51795000038 -0.000799999979790
v 0.0612493902445 1.51795000038 -0.00100000004750
v 0.0654907673597 1.53730000010 -0.00100000004750
v 0.0721559226513 1.53730000010 -0.00100000004750
v 0.0721559226513 1.53730000010 -0.00100000004750
v 0.0723559185863 1.53730000010 -0.000799999979790
v 0.0723559185863 1.53730000010 -0.000799999979790
v 0.0723559185863 1.53730000010 0.000799999979790
v 0.0723559185863 1.53730000010 0.000799999979790
v 0.0721559226513 1.53730000010 0.00100000004750
v 0.0721559226513 1.53730000010 0.00100000004750
v 0.0654907673597 1.53730000010 0.00100000004750
v 0.0654907673597 1.53730000010 0.00100000004750
v 0.0652907639742 1.53730000010 0.000799999979790
v 0.0652907639742 1.53730000010 0.000799999979790
v 0.0652907639742 1.53730000010 -0.000799999979790
v 0.0652907639742 1.53730000010 -0.000799999979790
v 0.0654907673597 1.53730000010 -0.00100000004750
v 0.0666999965906 1.55449999999 -0.00100000004750
v 0.0732999965549 1.55449999999 -0.00100000004750
v 0.0721559226513 1.53730000010 -0.00100000004750
v 0.0732999965549 1.55449999999 -0.00100000004750
v 0.0723559185863 1.53730000010 -0.000799999979790
v 0.0734999999404 1.55449999999 -0.000799999979790
v 0.0723559185863 1.53730000010 -0.000799999979790
v 0.0734999999404 1.55449999999 -0.000799999979790
v 0.0723559185863 1.53730000010 0.000799999979790
v 0.0734999999404 1.55449999999 0.000799999979790
v 0.0723559185863 1.53730000010 0.000799999979790
v 0.0734999999404 1.55449999999 0.000799999979790
v 0.0721559226513 1.53730000010 0.00100000004750
v 0.0732999965549 1.55449999999 0.00100000004750
v 0.0732999965549 1.55449999999 0.00100000004750
v 0.0666999965906 1.55449999999 0.00100000004750
v 0.0654907673597 1.53730000010 0.00100000004750
v 0.0666999965906 1.55449999999 0.00100000004750
v 0.0652907639742 1.53730000010 0.000799999979790
v 0.0665000006557 1.55449999999 0.000799999979790
v 0.0652907639742 1.53730000010 0.000799999979790
v 0.0665000006557 1.55449999999 0.000799999979790
v 0.0652907639742 1.53730000010 -0.000799999979790
v 0.0665000006557 1.55449999999 -0.000799999979790
v 0.0652907639742 1.53730000010 -0.000799999979790
v 0.0665000006557 1.55449999999 -0.000799999979790
v 0.0654907673597 1.53730000010 -0.00100000004750
v 0.0666999965906 1.55449999999 -0.00100000004750
v 0.0654907673597 1.57169999941 -0.00100000004750
v 0.0721559226513 1.57169999941 -0.00100000004750
v 0.0732999965549 1.55449999999 -0.00100000004750
v 0.0721559226513 1.57169999941 -0.00100000004750
v 0.0734999999404 1.55449999999 -0.000799999979790
v 0.0723559185863 1.57169999941 -0.000799999979790
v 0.0734999999404 1.55449999999 -0.000799999979790
v 0.0723559185863 1.57169999941 -0.000799999979790
v 0.0734999999404 1.55449999999 0.000799999979790
v 0.0723559185863 1.57169999941 0.000799999979790
v 0.0734999999404 1.55449999999 0.000799999979790
v 0.0723559185863 1.57169999941 0.000799999979790
v 0.0732999965549 1.55449999999 0.00100000004750
v 0.0721559226513 1.57169999941 0.00100000004750
v 0.0721559226513 1.57169999941 0.00100000004750
v 0.0654907673597 1.57169999941 0.00100000004750
v 0.0666999965906 1.55449999999 0.00100000004750
v 0.0654907673597 1.57169999941 0.00100000004750
v 0.0665000006557 1.55449999999 0.000799999979790
v 0.0652907639742 1.57169999941 0.000799999979790
v 0.0665000006557 1.55449999999 0.000799999979790
v 0.0652907639742 1.57169999941 0.000799999979790
v 0.0665000006557 1.55449999999 -0.000799999979790
v 0.0652907639742 1.57169999941 -0.000799999979790
v 0.0665000006557 1.55449999999 -0.000799999979790
v 0.0652907639742 1.57169999941 -0.000799999979790
v 0.0666999965906 1.55449999999 -0.00100000004750
v 0.0654907673597 1.57169999941 -0.00100000004750
v 0.0612493902445 1.59105000100 -0.00100000004750
v 0.0681378245354 1.59105000100 -0.00100000004750
v 0.0721559226513 1.57169999941 -0.00100000004750
v 0.0681378245354 1.59105000100 -0.00100000004750
v 0.0723559185863 1.57169999941 -0.000799999979790
v 0.0683378279209 1.59105000100 -0.000799999979790
v 0.0723559185863 1.57169999941 -0.000799999979790
v 0.0683378279209 1.59105000100 -0.000799999979790
v 0.0723559185863 1.57169999941 0.000799999979790
v 0.0683378279209 1.59105000100 0.000799999979790
v 0.0723559185863 1.57169999941 0.000799999979790
v 0.0683378279209 1.59105000100 0.000799999979790
v 0.0721559226513 1.57169999941 0.00100000004750
v 0.0681378245354 1.59105000100 0.00100000004750
v 0.0681378245354 1.59105000100 0.00100000004750
v 0.0612493902445 1.59105000100 0.00100000004750
v 0.0654907673597 1.57169999941 0.00100000004750
v 0.0612493902445 1.59105000100 0.00100000004750
v 0.0652907639742 1.57169999941 0.000799999979790
v 0.0610493905842 1.59105000100 0.000799999979790
v 0.0652907639742 1.57169999941 0.000799999979790
v 0.0610493905842 1.59105000100 0.000799999979790
v 0.0652907639742 1.57169999941 -0.000799999979790
v 0.0610493905842 1.59105000100 -0.000799999979790
v 0.0652907639742 1.57169999941 -0.000799999979790
v 0.0610493905842 1.59105000100 -0.000799999979790
v 0.0654907673597 1.57169999941 -0.00100000004750
v 0.0612493902445 1.59105000100 -0.00100000004750
v 0.0549229197204 1.60825000158 -0.00100000004750
v 0.0621352866292 1.60825000158 -0.00100000004750
v 0.0621352866292 1.60825000158 -0.00100000004750
v 0.0623352862895 1.60825000158 -0.000799999979790
v 0.0623352862895 1.60825000158 -0.000799999979790
v 0.0623352862895 1.60825000158 0.000799999979790
v 0.0623352862895 1.60825000158 0.000799999979790
v 0.0621352866292 1.60825000158 0.00100000004750
v 0.0621352866292 1.60825000158 0.00100000004750
v 0.0549229197204 1.60825000158 0.00100000004750
v 0.0549229197204 1.60825000158 0.00100000004750
v 0.0547229200602 1.60825000158 0.000799999979790
v 0.0547229200602 1.60825000158 0.000799999979790
v 0.0547229200602 1.60825000158 -0.000799999979790
v 0.0547229200602 1.60825000158 -0.000799999979790
v 0.0549229197204 1.60825000158 -0.00100000004750
v 0.0473540686071 1.62329999930 -0.00100000004750
v 0.0549583323300 1.62329999930 -0.00100000004750
v 0.0549583323300 1.62329999930 -0.00100000004750
v 0.0551583319902 1.62329999930 -0.000799999979790
v 0.0551583319902 1.62329999930 -0.000799999979790
v 0.0551583319902 1.62329999930 0.000799999979790
v 0.0551583319902 1.62329999930 0.000799999979790
v 0.0549583323300 1.62329999930 0.00100000004750
v 0.0549583323300 1.62329999930 0.00100000004750
v 0.0473540686071 1.62329999930 0.00100000004750
v 0.0473540686071 1.62329999930 0.00100000004750
v 0.0471540689468 1.62329999930 0.000799999979790
v 0.0471540689468 1.62329999930 0.000799999979790
v 0.0471540689468 1.62329999930 -0.000799999979790
v 0.0471540689468 1.62329999930 -0.000799999979790
v 0.0473540686071 1.62329999930 -0.00100000004750
v 0.0391661487520 1.63620000160 -0.00100000004750
v 0.0472448505461 1.63620000160 -0.00100000004750
v 0.0472448505461 1.63620000160 -0.00100000004750
v 0.0474448502064 1.63620000160 -0.000799999979790
v 0.0474448502064 1.63620000160 -0.000799999979790
v 0.0474448502064 1.63620000160 0.000799999979790
v 0.0474448502064 1.63620000160 0.000799999979790
v 0.0472448505461 1.63620000160 0.00100000004750
v 0.0472448505461 1.63620000160 0.00100000004750
v 0.0391661487520 1.63620000160 0.00100000004750
v 0.0391661487520 1.63620000160 0.00100000004750
v 0.0389661490917 1.63620000160 0.000799999979790
v 0.0389661490917 1.63620000160 0.000799999979790
v 0.0389661490917 1.63620000160 -0.000799999979790
v 0.0389661490917 1.63620000160 -0.000799999979790
v 0.0391661487520 1.63620000160 -0.00100000004750
v 0.0325697846711 1.64479999816 -0.00100000004750
v 0.0411380156875 1.64479999816 -0.00100000004750
v 0.0411380156875 1.64479999816 -0.00100000004750
v 0.0413380153477 1.64479999816 -0.000799999979790
v 0.0413380153477 1.64479999816 -0.000799999979790
v 0.0413380153477 1.64479999816 0.000799999979790
v 0.0413380153477 1.64479999816 0.000799999979790
v 0.0411380156875 1.64479999816 0.00100000004750
v 0.0411380156875 1.64479999816 0.00100000004750
v 0.0325697846711 1.64479999816 0.00100000004750
v 0.0325697846711 1.64479999816 0.00100000004750
v 0.0323697850108 1.64479999816 0.000799999979790
v 0.0323697850108 1.64479999816 0.000799999979790
v 0.0323697850108 1.64479999816 -0.000799999979790
v 0.0323697850108 1.64479999816 -0.000799999979790
v 0.0325697846711 1.64479999816 -0.00100000004750
v 0.0267828293145 1.65125000304 -0.00109087454621
v 0.0357829704881 1.65125000304 -0.00109087454621
v 0.0357829704881 1.65125000304 -0.00109087454621
v 0.0359829738736 1.65125000304 -0.000890874594916
v 0.0359829738736 1.65125000304 -0.000890874594916
v 0.0359829738736 1.65125000304 0.000890874594916
v 0.0359829738736 1.65125000304 0.000890874594916
v 0.0357829704881 1.65125000304 0.00109087454621
v 0.0357829704881 1.65125000304 0.00109087454621
v 0.0267828293145 1.65125000304 0.00109087454621
v 0.0267828293145 1.65125000304 0.00109087454621
v 0.0265828296542 1.65125000304 0.000890874594916
v 0.0265828296542 1.65125000304 0.000890874594916
v 0.0265828296542 1.65125000304 -0.000890874594916
v 0.0265828296542 1.65125000304 -0.000890874594916
v 0.0267828293145 1.65125000304 -0.00109087454621
v 0.0267828293145 1.65125000304 -0.00109087454621
v 0.0235705245286 1.65555000132 -0.00233156629838
v 0.0302947014570 1.65555000132 -0.00233156629838
v 0.0302947014570 1.65555000132 -0.00233156629838
v 0.0304947011173 1.65555000132 -0.00213156640530
v 0.0304947011173 1.65555000132 -0.00213156640530
v 0.0304947011173 1.65555000132 0.00213156640530
v 0.0304947011173 1.65555000132 0.00213156640530
v 0.0302947014570 1.65555000132 0.00233156629838
v 0.0302947014570 1.65555000132 0.00233156629838
v 0.0267828293145 1.65125000304 0.00109087454621
v 0.0235705245286 1.65555000132 0.00233156629838
v 0.0235705245286 1.65555000132 0.00233156629838
v 0.0233705230057 1.65555000132 0.00213156640530
v 0.0233705230057 1.65555000132 0.00213156640530
v 0.0233705230057 1.65555000132 -0.00213156640530
v 0.0233705230057 1.65555000132 -0.00213156640530
v 0.0235705245286 1.65555000132 -0.00233156629838
v 0.0235705245286 1.65555000132 -0.00233156629838
v 0.0209386758506 1.65877500004 -0.00346642616205
v 0.0251073427498 1.65877500004 -0.00346642616205
v 0.0251073427498 1.65877500004 -0.00346642616205
v 0.0253073424101 1.65877500004 -0.00326642626897
v 0.0253073424101 1.65877500004 -0.00326642626897
v 0.0253073424101 1.65877500004 0.00326642626897
v 0.0253073424101 1.65877500004 0.00326642626897
v 0.0251073427498 1.65877500004 0.00346642616205
v 0.0251073427498 1.65877500004 0.00346642616205
v 0.0235705245286 1.65555000132 0.00233156629838
v 0.0209386758506 1.65877500004 0.00346642616205
v 0.0235705245286 1.65555000132 0.00233156629838
v 0.0209386758506 1.65877500004 0.00346642616205
v 0.0233705230057 1.65555000132 0.00213156640530
v 0.0207386743277 1.65877500004 0.00326642626897
v 0.0207386743277 1.65877500004 0.00326642626897
v 0.0207386743277 1.65877500004 -0.00326642626897
v 0.0233705230057 1.65555000132 -0.00213156640530
v 0.0207386743277 1.65877500004 -0.00326642626897
v 0.0235705245286 1.65555000132 -0.00233156629838
v 0.0209386758506 1.65877500004 -0.00346642616205
v 0.0209386758506 1.65877500004 -0.00346642616205
v 0.0185708515346 1.66070999777 -0.00390344741754
v 0.0251073427498 1.65877500004 -0.00346642616205
v 0.0215367283672 1.66070999777 -0.00390344741754
v 0.0215367283672 1.66070999777 -0.00390344741754
v 0.0217367280275 1.66070999777 -0.00370344752446
v 0.0217367280275 1.66070999777 -0.00370344752446
v 0.0217367280275 1.66070999777 0.00370344752446
v 0.0217367280275 1.66070999777 0.00370344752446
v 0.0215367283672 1.66070999777 0.00390344741754
v 0.0251073427498 1.65877500004 0.00346642616205
v 0.0215367283672 1.66070999777 0.00390344741754
v 0.0209386758506 1.65877500004 0.00346642616205
v 0.0185708515346 1.66070999777 0.00390344741754
v 0.0209386758506 1.65877500004 0.00346642616205
v 0.0185708515346 1.66070999777 0.00390344741754
v 0.0207386743277 1.65877500004 0.00326642626897
v 0.0183708500117 1.66070999777 0.00370344752446
v 0.0183708500117 1.66070999777 0.00370344752446
v 0.0183708500117 1.66070999777 -0.00370344752446
v 0.0207386743277 1.65877500004 -0.00326642626897
v 0.0183708500117 1.66070999777 -0.00370344752446
v 0.0209386758506 1.65877500004 -0.00346642616205
v 0.0185708515346 1.66070999777 -0.00390344741754
v 0.0154499998316 1.66199999875 -0.00400000018999
v 0.0180500000715 1.66199999875 -0.00400000018999
v 0.0215367283672 1.66070999777 -0.00390344741754
v 0.0180500000715 1.66199999875 -0.00400000018999
v 0.0217367280275 1.66070999777 -0.00370344752446
v 0.0182499997318 1.66199999875 -0.00380000006407
v 0.0182499997318 1.66199999875 0.00380000006407
v 0.0217367280275 1.66070999777 0.00370344752446
v 0.0215367283672 1.66070999777 0.00390344741754
v 0.0180500000715 1.66199999875 0.00400000018999
v 0.0180500000715 1.66199999875 0.00400000018999
v 0.0154499998316 1.66199999875 0.00400000018999
v 0.0185708515346 1.66070999777 0.00390344741754
v 0.0154499998316 1.66199999875 0.00400000018999
v 0.0183708500117 1.66070999777 0.00370344752446
v 0.0152500001714 1.66199999875 0.00380000006407
v 0.0152500001714 1.66199999875 0.00380000006407
v 0.0152500001714 1.66199999875 -0.00380000006407
v 0.0183708500117 1.66070999777 -0.00370344752446
v 0.0152500001714 1.66199999875 -0.00380000006407
v 0.0185708515346 1.66070999777 -0.00390344741754
v 0.0154499998316 1.66199999875 -0.00400000018999
v 0.0154499998316 1.44700000262 -0.00400000018999
v 0.0154499998316 1.66199999875 -0.00400000018999
v 0.0154499998316 1.44700000262 0.00400000018999
v 0.0154499998316 1.66199999875 0.00400000018999
v 0.0152500001714 1.44700000262 0.00380000006407
v 0.0152500001714 1.66199999875 0.00380000006407
v 0.0152500001714 1.44700000262 -0.00380000006407
v 0.0152500001714 1.66199999875 -0.00380000006407
vt 0 0
vt 0 0.006000000052154064
vt 0.125 0
vt 0.125 0.006000000052154064
vt 0.125 0
vt 0.125 0.006000000052154064
vt 0.25 0
vt 0.25 0.006000000052154064
vt 0.25 0.006000000052154064
vt 0.375 0
vt 0.375 0.006000000052154064
vt 0.375 0.006000000052154064
vt 0.5 0
vt 0.5 0.006000000052154064
vt 0.5 0
vt 0.5 0.006000000052154064
vt 0.625 0
vt 0.625 0.006000000052154064
vt 0.625 0
vt 0.625 0.006000000052154064
vt 0.75 0
vt 0.75 0.006000000052154064
vt 0.75 0
vt 0.75 0.006000000052154064
vt 0.875 0
vt 0.875 0.006000000052154064
vt 0.875 0
vt 0.875 0.006000000052154064
vt 0 0
vt 0 0.006000000052154064
vt 0 0.014999999664723873
vt 0.125 0.014999999664723873
vt 0.125 0.006000000052154064
vt 0.125 0.014999999664723873
vt 0.25 0.006000000052154064
vt 0.25 0.014999999664723873
vt 0.25 0.014999999664723873
vt 0.375 0.014999999664723873
vt 0.375 0.006000000052154064
vt 0.375 0.014999999664723873
vt 0.5 0.006000000052154064
vt 0.5 0.014999999664723873
vt 0.5 0.014999999664723873
vt 0.625 0.014999999664723873
vt 0.625 0.006000000052154064
vt 0.625 0.014999999664723873
vt 0.75 0.006000000052154064
vt 0.75 0.014999999664723873
vt 0.75 0.014999999664723873
vt 0.875 0.014999999664723873
vt 0.875 0.006000000052154064
vt 0.875 0.014999999664723873
vt 0 0.006000000052154064
vt 0 0.014999999664723873
vt 0 0.014999999664723873
vt 0 0.029999999329447746
vt 0.125 0.014999999664723873
vt 0.125 0.029999999329447746
vt 0.125 0.029999999329447746
vt 0.25 0.029999999329447746
vt 0.25 0.029999999329447746
vt 0.375 0.029999999329447746
vt 0.375 0.029999999329447746
vt 0.5 0.029999999329447746
vt 0.5 0.014999999664723873
vt 0.5 0.029999999329447746
vt 0.625 0.014999999664723873
vt 0.625 0.029999999329447746
vt 0.625 0.014999999664723873
vt 0.625 0.029999999329447746
vt 0.75 0.014999999664723873
vt 0.75 0.029999999329447746
vt 0.75 0.029999999329447746
vt 0.875 0.029999999329447746
vt 0.875 0.014999999664723873
vt 0.875 0.029999999329447746
vt 0 0.014999999664723873
vt 0 0.029999999329447746
vt 0 0.029999999329447746
vt 0 0.05000000074505806
vt 0.125 0.05000000074505806
vt 0.125 0.05000000074505806
vt 0.25 0.05000000074505806
vt 0.25 0.05000000074505806
vt 0.375 0.05000000074505806
vt 0.375 0.05000000074505806
vt 0.5 0.05000000074505806
vt 0.5 0.05000000074505806
vt 0.625 0.029999999329447746
vt 0.625 0.05000000074505806
vt 0.625 0.029999999329447746
vt 0.625 0.05000000074505806
vt 0.75 0.029999999329447746
vt 0.75 0.05000000074505806
vt 0.75 0.05000000074505806
vt 0.875 0.05000000074505806
vt 0.875 0.029999999329447746
vt 0.875 0.05000000074505806
vt 0 0.029999999329447746
vt 0 0.05000000074505806
vt 0 0.05000000074505806
vt 0 0.07999999821186066
vt 0.125 0.05000000074505806
vt 0.125 0.07999999821186066
vt 0.125 0.07999999821186066
vt 0.25 0.07999999821186066
vt 0.25 0.07999999821186066
vt 0.375 0.07999999821186066
vt 0.375 0.07999999821186066
vt 0.5 0.07999999821186066
vt 0.5 0.05000000074505806
vt 0.5 0.07999999821186066
vt 0.625 0.05000000074505806
vt 0.625 0.07999999821186066
vt 0.625 0.07999999821186066
vt 0.75 0.07999999821186066
vt 0.75 0.07999999821186066
vt 0.875 0.07999999821186066
vt 0.875 0.07999999821186066
vt 0 0.07999999821186066
vt 0 0.11999999731779099
vt 0.125 0.11999999731779099
vt 0.125 0.11999999731779099
vt 0.25 0.11999999731779099
vt 0.25 0.11999999731779099
vt 0.375 0.11999999731779099
vt 0.375 0.11999999731779099
vt 0.5 0.11999999731779099
vt 0.5 0.11999999731779099
vt 0.625 0.11999999731779099
vt 0.625 0.11999999731779099
vt 0.75 0.11999999731779099
vt 0.75 0.11999999731779099
vt 0.875 0.11999999731779099
vt 0.875 0.11999999731779099
vt 0 0.11999999731779099
vt 0 0.18000000715255737
vt 0.125 0.18000000715255737
vt 0.125 0.18000000715255737
vt 0.25 0.18000000715255737
vt 0.25 0.18000000715255737
vt 0.375 0.18000000715255737
vt 0.375 0.18000000715255737
vt 0.5 0.18000000715255737
vt 0.5 0.18000000715255737
vt 0.625 0.18000000715255737
vt 0.625 0.18000000715255737
vt 0.75 0.18000000715255737
vt 0.75 0.18000000715255737
vt 0.875 0.18000000715255737
vt 0.875 0.18000000715255737
vt 0 0.18000000715255737
vt 0 0.25
vt 0.125 0.25
vt 0.125 0.25
vt 0.25 0.25
vt 0.25 0.25
vt 0.375 0.25
vt 0.375 0.25
vt 0.5 0.25
vt 0.5 0.25
vt 0.625 0.25
vt 0.625 0.25
vt 0.75 0.25
vt 0.75 0.25
vt 0.875 0.25
vt 0.875 0.25
vt 0 0.25
vt 0 0.33000001311302185
vt 0.125 0.33000001311302185
vt 0.125 0.33000001311302185
vt 0.25 0.33000001311302185
vt 0.25 0.33000001311302185
vt 0.375 0.33000001311302185
vt 0.375 0.33000001311302185
vt 0.5 0.33000001311302185
vt 0.5 0.33000001311302185
vt 0.625 0.33000001311302185
vt 0.625 0.33000001311302185
vt 0.75 0.33000001311302185
vt 0.75 0.33000001311302185
vt 0.875 0.33000001311302185
vt 0.875 0.33000001311302185
vt 0 0.33000001311302185
vt 0 0.41999998688697815
vt 0.125 0.41999998688697815
vt 0.125 0.41999998688697815
vt 0.25 0.41999998688697815
vt 0.25 0.41999998688697815
vt 0.375 0.41999998688697815
vt 0.375 0.41999998688697815
vt 0.5 0.41999998688697815
vt 0.5 0.41999998688697815
vt 0.625 0.41999998688697815
vt 0.625 0.41999998688697815
vt 0.75 0.41999998688697815
vt 0.75 0.41999998688697815
vt 0.875 0.41999998688697815
vt 0.875 0.41999998688697815
vt 0 0.41999998688697815
vt 0 0.5
vt 0.125 0.5
vt 0.125 0.41999998688697815
vt 0.125 0.5
vt 0.25 0.41999998688697815
vt 0.25 0.5
vt 0.25 0.41999998688697815
vt 0.25 0.5
vt 0.375 0.41999998688697815
vt 0.375 0.5
vt 0.375 0.41999998688697815
vt 0.375 0.5
vt 0.5 0.41999998688697815
vt 0.5 0.5
vt 0.5 0.5
vt 0.625 0.5
vt 0.625 0.41999998688697815
vt 0.625 0.5
vt 0.75 0.41999998688697815
vt 0.75 0.5
vt 0.75 0.41999998688697815
vt 0.75 0.5
vt 0.875 0.41999998688697815
vt 0.875 0.5
vt 0.875 0.41999998688697815
vt 0.875 0.5
vt 0 0.41999998688697815
vt 0 0.5
vt 0 0.5799999833106995
vt 0.125 0.5799999833106995
vt 0.125 0.5
vt 0.125 0.5799999833106995
vt 0.25 0.5
vt 0.25 0.5799999833106995
vt 0.25 0.5
vt 0.25 0.5799999833106995
vt 0.375 0.5
vt 0.375 0.5799999833106995
vt 0.375 0.5
vt 0.375 0.5799999833106995
vt 0.5 0.5
vt 0.5 0.5799999833106995
vt 0.5 0.5799999833106995
vt 0.625 0.5799999833106995
vt 0.625 0.5
vt 0.625 0.5799999833106995
vt 0.75 0.5
vt 0.75 0.5799999833106995
vt 0.75 0.5
vt 0.75 0.5799999833106995
vt 0.875 0.5
vt 0.875 0.5799999833106995
vt 0.875 0.5
vt 0.875 0.5799999833106995
vt 0 0.5
vt 0 0.5799999833106995
vt 0 0.6700000166893005
vt 0.125 0.6700000166893005
vt 0.125 0.5799999833106995
vt 0.125 0.6700000166893005
vt 0.25 0.5799999833106995
vt 0.25 0.6700000166893005
vt 0.25 0.5799999833106995
vt 0.25 0.6700000166893005
vt 0.375 0.5799999833106995
vt 0.375 0.6700000166893005
vt 0.375 0.5799999833106995
vt 0.375 0.6700000166893005
vt 0.5 0.5799999833106995
vt 0.5 0.6700000166893005
vt 0.5 0.6700000166893005
vt 0.625 0.6700000166893005
vt 0.625 0.5799999833106995
vt 0.625 0.6700000166893005
vt 0.75 0.5799999833106995
vt 0.75 0.6700000166893005
vt 0.75 0.5799999833106995
vt 0.75 0.6700000166893005
vt 0.875 0.5799999833106995
vt 0.875 0.6700000166893005
vt 0.875 0.5799999833106995
vt 0.875 0.6700000166893005
vt 0 0.5799999833106995
vt 0 0.6700000166893005
vt 0 0.75
vt 0.125 0.75
vt 0.125 0.75
vt 0.25 0.75
vt 0.25 0.75
vt 0.375 0.75
vt 0.375 0.75
vt 0.5 0.75
vt 0.5 0.75
vt 0.625 0.75
vt 0.625 0.75
vt 0.75 0.75
vt 0.75 0.75
vt 0.875 0.75
vt 0.875 0.75
vt 0 0.75
vt 0 0.8199999928474426
vt 0.125 0.8199999928474426
vt 0.125 0.8199999928474426
vt 0.25 0.8199999928474426
vt 0.25 0.8199999928474426
vt 0.375 0.8199999928474426
vt 0.375 0.8199999928474426
vt 0.5 0.8199999928474426
vt 0.5 0.8199999928474426
vt 0.625 0.8199999928474426
vt 0.625 0.8199999928474426
vt 0.75 0.8199999928474426
vt 0.75 0.8199999928474426
vt 0.875 0.8199999928474426
vt 0.875 0.8199999928474426
vt 0 0.8199999928474426
vt 0 0.8799999952316284
vt 0.125 0.8799999952316284
vt 0.125 0.8799999952316284
vt 0.25 0.8799999952316284
vt 0.25 0.8799999952316284
vt 0.375 0.8799999952316284
vt 0.375 0.8799999952316284
vt 0.5 0.8799999952316284
vt 0.5 0.8799999952316284
vt 0.625 0.8799999952316284
vt 0.625 0.8799999952316284
vt 0.75 0.8799999952316284
vt 0.75 0.8799999952316284
vt 0.875 0.8799999952316284
vt 0.875 0.8799999952316284
vt 0 0.8799999952316284
vt 0 0.9200000166893005
vt 0.125 0.9200000166893005
vt 0.125 0.9200000166893005
vt 0.25 0.9200000166893005
vt 0.25 0.9200000166893005
vt 0.375 0.9200000166893005
vt 0.375 0.9200000166893005
vt 0.5 0.9200000166893005
vt 0.5 0.9200000166893005
vt 0.625 0.9200000166893005
vt 0.625 0.9200000166893005
vt 0.75 0.9200000166893005
vt 0.75 0.9200000166893005
vt 0.875 0.9200000166893005
vt 0.875 0.9200000166893005
vt 0 0.9200000166893005
vt 0 0.949999988079071
vt 0.125 0.949999988079071
vt 0.125 0.949999988079071
vt 0.25 0.949999988079071
vt 0.25 0.949999988079071
vt 0.375 0.949999988079071
vt 0.375 0.949999988079071
vt 0.5 0.949999988079071
vt 0.5 0.949999988079071
vt 0.625 0.949999988079071
vt 0.625 0.949999988079071
vt 0.75 0.949999988079071
vt 0.75 0.949999988079071
vt 0.875 0.949999988079071
vt 0.875 0.949999988079071
vt 0 0.949999988079071
vt 0 0.949999988079071
vt 0 0.9700000286102295
vt 0.125 0.9700000286102295
vt 0.125 0.9700000286102295
vt 0.25 0.9700000286102295
vt 0.25 0.9700000286102295
vt 0.375 0.9700000286102295
vt 0.375 0.9700000286102295
vt 0.5 0.9700000286102295
vt 0.5 0.9700000286102295
vt 0.625 0.949999988079071
vt 0.625 0.9700000286102295
vt 0.625 0.9700000286102295
vt 0.75 0.9700000286102295
vt 0.75 0.9700000286102295
vt 0.875 0.9700000286102295
vt 0.875 0.9700000286102295
vt 0 0.9700000286102295
vt 0 0.9700000286102295
vt 0 0.9850000143051147
vt 0.125 0.9850000143051147
vt 0.125 0.9850000143051147
vt 0.25 0.9850000143051147
vt 0.25 0.9850000143051147
vt 0.375 0.9850000143051147
vt 0.375 0.9850000143051147
vt 0.5 0.9850000143051147
vt 0.5 0.9850000143051147
vt 0.625 0.9700000286102295
vt 0.625 0.9850000143051147
vt 0.625 0.9700000286102295
vt 0.625 0.9850000143051147
vt 0.75 0.9700000286102295
vt 0.75 0.9850000143051147
vt 0.75 0.9850000143051147
vt 0.875 0.9850000143051147
vt 0.875 0.9700000286102295
vt 0.875 0.9850000143051147
vt 0 0.9700000286102295
vt 0 0.9850000143051147
vt 0 0.9850000143051147
vt 0 0.9940000176429749
vt 0.125 0.9850000143051147
vt 0.125 0.9940000176429749
vt 0.125 0.9940000176429749
vt 0.25 0.9940000176429749
vt 0.25 0.9940000176429749
vt 0.375 0.9940000176429749
vt 0.375 0.9940000176429749
vt 0.5 0.9940000176429749
vt 0.5 0.9850000143051147
vt 0.5 0.9940000176429749
vt 0.625 0.9850000143051147
vt 0.625 0.9940000176429749
vt 0.625 0.9850000143051147
vt 0.625 0.9940000176429749
vt 0.75 0.9850000143051147
vt 0.75 0.9940000176429749
vt 0.75 0.9940000176429749
vt 0.875 0.9940000176429749
vt 0.875 0.9850000143051147
vt 0.875 0.9940000176429749
vt 0 0.9850000143051147
vt 0 0.9940000176429749
vt 0 1
vt 0.125 1
vt 0.125 0.9940000176429749
vt 0.125 1
vt 0.25 0.9940000176429749
vt 0.25 1
vt 0.375 1
vt 0.375 0.9940000176429749
vt 0.5 0.9940000176429749
vt 0.5 1
vt 0.5 1
vt 0.625 1
vt 0.625 0.9940000176429749
vt 0.625 1
vt 0.75 0.9940000176429749
vt 0.75 1
vt 0.75 1
vt 0.875 1
vt 0.875 0.9940000176429749
vt 0.875 1
vt 0 0.9940000176429749
vt 0 1
vt 0 0
vt 0 1
vt 0.625 0
vt 0.625 1
vt 0.75 0
vt 0.75 1
vt 0.875 0
vt 0.875 1
vn 0.00000000000 0.0990649557124 -0.995080968841
vn 0.00000000000 0.0990649557124 -0.995080968841
vn 0.00000000000 0.0990649557124 -0.995080968841
vn 0.00000000000 0.260208726169 -0.965552390513
vn 0.116134236701 -0.993233526954 -6.79156026333e-10
vn 0.460923365016 -0.871017976088 -0.169933330792
vn 0.116134236701 -0.993233526954 -6.79156026333e-10
vn 0.460923365016 -0.871017976088 -0.169933330792
vn 0.489482364660 -0.872013196395 5.37622825981e-10
vn 0.116134236701 -0.993233526954 -6.79156026333e-10
vn 0.489482364660 -0.872013196395 5.37622825981e-10
vn 0.460923365016 -0.871017976088 0.169933330792
vn 0.116134236701 -0.993233526954 -6.79156026333e-10
vn 0.460923365016 -0.871017976088 0.169933330792
vn 0.00000000000 0.123490945537 0.992345699023
vn 0.00000000000 0.243713794891 0.969847197336
vn 0.00000000000 0.123490945537 0.992345699023
vn 0.00000000000 0.123490945537 0.992345699023
vn -0.433212049587 0.898937420200 0.0651063334641
vn -0.433212049587 0.898937420200 0.0651063334641
vn -0.433212049587 0.898937420200 0.0651063334641
vn -0.433212049587 0.898937420200 0.0651063334641
vn -0.448410008737 0.893827983487 1.51289545515e-13
vn -0.448410008737 0.893827983487 1.51289545515e-13
vn -0.448410008737 0.893827983487 1.51289545515e-13
vn -0.448410008737 0.893827983487 1.51289545515e-13
vn -0.433212049587 0.898937420200 -0.0651063334641
vn -0.433212049587 0.898937420200 -0.0651063334641
vn -0.433212049587 0.898937420200 -0.0651063334641
vn -0.433212049587 0.898937420200 -0.0651063334641
vn 0.00000000000 0.260208726169 -0.965552390513
vn 0.00000000000 0.260208726169 -0.965552390513
vn 0.468144662752 -0.852686657305 -0.231875050815
vn 0.468144662752 -0.852686657305 -0.231875050815
vn 0.468144662752 -0.852686657305 -0.231875050815
vn 0.468144662752 -0.852686657305 -0.231875050815
vn 0.489482364660 -0.872013196395 5.37622825981e-10
vn 0.489482364660 -0.872013196395 5.37622825981e-10
vn 0.468144662752 -0.852686657305 0.231875050815
vn 0.468144662752 -0.852686657305 0.231875050815
vn 0.468144662752 -0.852686657305 0.231875050815
vn 0.468144662752 -0.852686657305 0.231875050815
vn 0.00000000000 0.243713794891 0.969847197336
vn 0.00000000000 0.243713794891 0.969847197336
vn -0.444477191426 0.872111958326 0.204599018685
vn -0.673132058036 0.683526869606 0.282283989930
vn -0.444477191426 0.872111958326 0.204599018685
vn -0.673132058036 0.683526869606 0.282283989930
vn -0.683071590567 0.730351423740 2.68185598125e-9
vn -0.683071590567 0.730351423740 2.68185598125e-9
vn -0.444477191426 0.872111958326 -0.204599018685
vn -0.673132063699 0.683526875356 -0.282283962503
vn -0.444477191426 0.872111958326 -0.204599018685
vn -0.673132063699 0.683526875356 -0.282283962503
vn -0.257646716138 0.450179170925 -0.854960164995
vn -0.257646716138 0.450179170925 -0.854960164995
vn -0.257646716138 0.450179170925 -0.854960164995
vn 0.00000000000 0.295571872328 -0.955320505531
vn 0.590447715055 -0.753000903815 -0.290449883180
vn 0.590447715055 -0.753000903815 -0.290449883180
vn 0.633064864331 -0.774098751807 -1.03026307203e-8
vn 0.633064864331 -0.774098751807 -1.03026307203e-8
vn 0.590447720166 -0.753000910333 0.290449855892
vn 0.590447720166 -0.753000910333 0.290449855892
vn -0.258389885301 0.441086462729 0.859463437018
vn 0.00000000000 0.313817926183 0.949483180054
vn -0.258389885301 0.441086462729 0.859463437018
vn -0.258389885301 0.441086462729 0.859463437018
vn -0.613766659102 0.676113414430 0.407628677847
vn -0.613766659102 0.676113414430 0.407628677847
vn -0.613766659102 0.676113414430 0.407628677847
vn -0.613766659102 0.676113414430 0.407628677847
vn -0.683071590567 0.730351423740 2.68185598125e-9
vn -0.683071590567 0.730351423740 2.68185598125e-9
vn -0.598952349108 0.672692413726 -0.434443321981
vn -0.598952349108 0.672692413726 -0.434443321981
vn -0.598952349108 0.672692413726 -0.434443321981
vn -0.598952349108 0.672692413726 -0.434443321981
vn -0.120210476665 0.343140066941 -0.931560162179
vn -0.420378644148 0.477065729479 -0.771809617264
vn -0.337088290885 0.313150230794 -0.887867342063
vn 0.681547763520 -0.660440685843 -0.315136076202
vn 0.681547763520 -0.660440685843 -0.315136076202
vn 0.726055630310 -0.687635965970 1.77016057149e-8
vn 0.726055630310 -0.687635965970 1.77016057149e-8
vn 0.681547822268 -0.660440625407 0.315136075806
vn 0.681547822268 -0.660440625407 0.315136075806
vn -0.335655204629 0.334734759923 0.880504528157
vn -0.120470512755 0.329777737459 0.936340482641
vn -0.425062619316 0.450375787646 0.785164581195
vn -0.585583398886 0.666130375408 0.461911686265
vn -0.682779149317 0.627563431662 0.374134698335
vn -0.585583398886 0.666130375408 0.461911686265
vn -0.682779149317 0.627563431662 0.374134698335
vn -0.739153982274 0.673536480444 -5.24175592576e-9
vn -0.739153982274 0.673536480444 -5.24175592576e-9
vn -0.584952045876 0.667488682173 -0.460749349643
vn -0.652000956278 0.621503822893 -0.434312964510
vn -0.584952045876 0.667488682173 -0.460749349643
vn -0.652000956278 0.621503822893 -0.434312964510
vn 0.00000000000 0.191019951505 -0.981586154205
vn 0.00000000000 0.0558776435007 -0.998437623969
vn 0.00000000000 0.0558776435007 -0.998437623969
vn 0.00000000000 0.00469599059150 -0.999988973775
vn 0.749573295347 -0.573969606412 -0.329694958740
vn 0.749573295347 -0.573969606412 -0.329694958740
vn 0.794368107377 -0.607436671582 -7.25868760372e-9
vn 0.794368107377 -0.607436671582 -7.25868760372e-9
vn 0.749573295347 -0.573969606412 0.329694958740
vn 0.749573295347 -0.573969606412 0.329694958740
vn 0.00000000000 0.0979198208623 0.995194306999
vn 0.00000000000 0.00939198119402 0.999955894372
vn 0.00000000000 0.102609860684 0.994721677903
vn 0.00000000000 0.0979198208623 0.995194306999
vn -0.664406662654 0.598272686130 0.447921398966
vn -0.664406662654 0.598272686130 0.447921398966
vn -0.767730512744 0.640772861318 -2.22663728485e-10
vn -0.767730512744 0.640772861318 -2.22663728485e-10
vn -0.696270569346 0.603600130764 -0.388425252016
vn -0.696270569346 0.603600130764 -0.388425252016
vn 0.00000000000 0.00000000000 -1.00000000000
vn 0.00000000000 0.00000000000 -1.00000000000
vn 0.787001934430 -0.513785916054 -0.341543537003
vn 0.787001934430 -0.513785916054 -0.341543537003
vn 0.837316642155 -0.546718246238 1.46163874755e-17
vn 0.837316642155 -0.546718246238 1.46163874755e-17
vn 0.787001934430 -0.513785916054 0.341543537003
vn 0.787001934430 -0.513785916054 0.341543537003
vn 0.00000000000 0.00000000000 1.00000000000
vn 0.00000000000 0.00000000000 1.00000000000
vn -0.771735371161 0.539579928622 0.336567998370
vn -0.771735371161 0.539579928622 0.336567998370
vn -0.819494254396 0.573087399104 -1.45415739031e-17
vn -0.819494254396 0.573087399104 -1.45415739031e-17
vn -0.771735371161 0.539579928622 -0.336567998370
vn -0.771735371161 0.539579928622 -0.336567998370
vn 0.00000000000 0.00000000000 -1.00000000000
vn 0.00000000000 0.00000000000 -1.00000000000
vn 0.824434237999 -0.442036727357 -0.353428520189
vn 0.824434237999 -0.442036727357 -0.353428520189
vn 0.881270952338 -0.472611371599 0.00000000000
vn 0.881270952338 -0.472611371599 0.00000000000
vn 0.824434237999 -0.442036727357 0.353428520189
vn 0.824434237999 -0.442036727357 0.353428520189
vn 0.00000000000 0.00000000000 1.00000000000
vn 0.00000000000 0.00000000000 1.00000000000
vn -0.814650882204 0.462151670172 0.350370909010
vn -0.814650882204 0.462151670172 0.350370909010
vn -0.869734468594 0.493519963263 -1.47632780789e-17
vn -0.869734468594 0.493519963263 -1.47632780789e-17
vn -0.814650882204 0.462151670172 -0.350370909010
vn -0.814650882204 0.462151670172 -0.350370909010
vn 0.00000000000 0.00000000000 -1.00000000000
vn 0.00000000000 0.00000000000 -1.00000000000
vn 0.861016059501 -0.354541937632 -0.364624957651
vn 0.861016059501 -0.354541937632 -0.364624957651
vn 0.924638916929 -0.380844946535 -1.65304901302e-9
vn 0.924638916929 -0.380844946535 -1.65304901302e-9
vn 0.861016059501 -0.354541937632 0.364624957651
vn 0.861016059501 -0.354541937632 0.364624957651
vn 0.00000000000 0.00000000000 1.00000000000
vn 0.00000000000 0.00000000000 1.00000000000
vn -0.854834542576 0.371018254639 0.362771773356
vn -0.854834542576 0.371018254639 0.362771773356
vn -0.917280896578 0.398240827606 -1.49771734493e-17
vn -0.917280896578 0.398240827606 -1.49771734493e-17
vn -0.854834542576 0.371018254639 -0.362771773356
vn -0.854834542576 0.371018254639 -0.362771773356
vn 0.00000000000 0.00000000000 -1.00000000000
vn 0.00000000000 0.00000000000 -1.00000000000
vn 0.893596947648 -0.247788295276 -0.374279916477
vn 0.893596947648 -0.247788295276 -0.374279916477
vn 0.963611996322 -0.267304920538 3.54574871849e-9
vn 0.963611996322 -0.267304920538 3.54574871849e-9
vn 0.893596957547 -0.247788253317 0.374279920623
vn 0.893596957547 -0.247788253317 0.374279920623
vn 0.00000000000 0.00000000000 1.00000000000
vn 0.00000000000 0.00000000000 1.00000000000
vn -0.890418783330 0.260285292598 0.373371071121
vn -0.890418783330 0.260285292598 0.373371071121
vn -0.959800314650 0.280683729484 -9.83944382387e-10
vn -0.959800314650 0.280683729484 -9.83944382387e-10
vn -0.890418783330 0.260285292598 -0.373371071121
vn -0.890418783330 0.260285292598 -0.373371071121
vn 0.00000000000 0.00000000000 -1.00000000000
vn 0.00000000000 0.00000000000 -1.00000000000
vn 0.916169642078 -0.125107422290 -0.380764126228
vn 0.916169642078 -0.125107422290 -0.380764126228
vn 0.986509749168 -0.163702519211 -2.66674196221e-9
vn 0.986509749168 -0.163702519211 -2.66674196221e-9
vn 0.916169636955 -0.125107466294 0.380764124098
vn 0.916169636955 -0.125107466294 0.380764124098
vn 0.00000000000 0.00000000000 1.00000000000
vn 0.00000000000 0.00000000000 1.00000000000
vn -0.915303088935 0.131920021561 0.380548765991
vn -0.915303088935 0.131920021561 0.380548765991
vn -0.985006164017 0.172519149223 1.40196000739e-9
vn -0.985006164017 0.172519149223 1.40196000739e-9
vn -0.915303085337 0.131920050845 -0.380548764494
vn -0.915303085337 0.131920050845 -0.380548764494
vn 0.00000000000 0.00000000000 -1.00000000000
vn 0.00000000000 0.00000000000 -1.00000000000
vn 0.859493561740 -0.0924766221419 -0.502711539239
vn 0.862511484181 -0.0237486167537 -0.505479913408
vn 0.859493561740 -0.0924766221419 -0.502711539239
vn 0.862511484181 -0.0237486167537 -0.505479913408
vn 0.990797270514 -0.135354234300 -2.58849583401e-9
vn 0.999620173792 -0.0275591753868 9.92604528873e-10
vn 0.990797270514 -0.135354234300 -2.58849583401e-9
vn 0.999620173792 -0.0275591753868 9.92604528873e-10
vn 0.859493555818 -0.0924766960105 0.502711535775
vn 0.862511485669 -0.0237485441515 0.505479914280
vn 0.859493555818 -0.0924766960105 0.502711535775
vn 0.862511485669 -0.0237485441515 0.505479914280
vn 0.00000000000 0.00000000000 1.00000000000
vn 0.00000000000 0.00000000000 1.00000000000
vn -0.859105481363 0.0976007894194 0.502406068630
vn -0.862473476145 0.0250980068316 0.505479567341
vn -0.859105481363 0.0976007894194 0.502406068630
vn -0.862473476145 0.0250980068316 0.505479567341
vn -0.989763497159 0.142717271878 1.73255509738e-9
vn -0.999575640911 0.0291296772780 -1.04895006521e-9
vn -0.989763497159 0.142717271878 1.73255509738e-9
vn -0.999575640911 0.0291296772780 -1.04895006521e-9
vn -0.859105476990 0.0976008410766 -0.502406066072
vn -0.862473477758 0.0250979323727 -0.505479568286
vn -0.859105476990 0.0976008410766 -0.502406066072
vn -0.862473477758 0.0250979323727 -0.505479568286
vn 0.00000000000 0.00000000000 -1.00000000000
vn 0.00000000000 0.00000000000 -1.00000000000
vn 0.862511485669 0.0237485441515 -0.505479914280
vn 0.859493556411 0.0924766886237 -0.502711536122
vn 0.862511485669 0.0237485441515 -0.505479914280
vn 0.859493556411 0.0924766886237 -0.502711536122
vn 0.999620173741 0.0275591772480 -9.92604639845e-10
vn 0.990797272512 0.135354219671 2.58849539514e-9
vn 0.999620173741 0.0275591772480 -9.92604639845e-10
vn 0.990797272512 0.135354219671 2.58849539514e-9
vn 0.862511484181 0.0237486167537 0.505479913408
vn 0.859493561740 0.0924766221419 0.502711539239
vn 0.862511484181 0.0237486167537 0.505479913408
vn 0.859493561740 0.0924766221419 0.502711539239
vn 0.00000000000 0.00000000000 1.00000000000
vn 0.00000000000 0.00000000000 1.00000000000
vn -0.862473477718 -0.0250979342342 0.505479568263
vn -0.859105476990 -0.0976008410766 0.502406066072
vn -0.862473477718 -0.0250979342342 0.505479568263
vn -0.859105476990 -0.0976008410766 0.502406066072
vn -0.999575640856 -0.0291296791390 1.04895017617e-9
vn -0.989763497159 -0.142717271878 -1.73255498636e-9
vn -0.999575640856 -0.0291296791390 1.04895017617e-9
vn -0.989763497159 -0.142717271878 -1.73255498636e-9
vn -0.862473476145 -0.0250980068316 -0.505479567341
vn -0.859105481363 -0.0976007894194 -0.502406068630
vn -0.862473476145 -0.0250980068316 -0.505479567341
vn -0.859105481363 -0.0976007894194 -0.502406068630
vn 0.00000000000 0.00000000000 -1.00000000000
vn 0.00000000000 0.00000000000 -1.00000000000
vn 0.916169636955 0.125107466294 -0.380764124098
vn 0.893596957547 0.247788253317 -0.374279920623
vn 0.916169636955 0.125107466294 -0.380764124098
vn 0.893596957547 0.247788253317 -0.374279920623
vn 0.986509751575 0.163702504709 2.66674152463e-9
vn 0.963611996322 0.267304920538 -3.54574849645e-9
vn 0.986509751575 0.163702504709 2.66674152463e-9
vn 0.963611996322 0.267304920538 -3.54574849645e-9
vn 0.916169643786 0.125107407622 0.380764126937
vn 0.893596950948 0.247788281290 0.374279917859
vn 0.916169643786 0.125107407622 0.380764126937
vn 0.893596950948 0.247788281290 0.374279917859
vn 0.00000000000 0.00000000000 1.00000000000
vn 0.00000000000 0.00000000000 1.00000000000
vn -0.915303085337 -0.131920050845 0.380548764494
vn -0.890418790237 -0.260285264814 0.373371074017
vn -0.915303085337 -0.131920050845 0.380548764494
vn -0.890418790237 -0.260285264814 0.373371074017
vn -0.985006166549 -0.172519134766 -1.40195978895e-9
vn -0.959800314650 -0.280683729484 9.83944271364e-10
vn -0.985006166549 -0.172519134766 -1.40195978895e-9
vn -0.959800314650 -0.280683729484 9.83944271364e-10
vn -0.915303090734 -0.131920006920 -0.380548766739
vn -0.890418783330 -0.260285292598 -0.373371071121
vn -0.915303090734 -0.131920006920 -0.380548766739
vn -0.890418783330 -0.260285292598 -0.373371071121
vn 0.00000000000 0.00000000000 -1.00000000000
vn 0.00000000000 0.00000000000 -1.00000000000
vn 0.861016059501 0.354541937632 -0.364624957651
vn 0.861016059501 0.354541937632 -0.364624957651
vn 0.924638916929 0.380844946535 1.65304901302e-9
vn 0.924638916929 0.380844946535 1.65304901302e-9
vn 0.861016059501 0.354541937632 0.364624957651
vn 0.861016059501 0.354541937632 0.364624957651
vn 0.00000000000 0.00000000000 1.00000000000
vn 0.00000000000 0.00000000000 1.00000000000
vn -0.854834542576 -0.371018254639 0.362771773356
vn -0.854834542576 -0.371018254639 0.362771773356
vn -0.917280896578 -0.398240827606 1.49771734493e-17
vn -0.917280896578 -0.398240827606 1.49771734493e-17
vn -0.854834542576 -0.371018254639 -0.362771773356
vn -0.854834542576 -0.371018254639 -0.362771773356
vn 0.00000000000 0.00000000000 -1.00000000000
vn 0.00000000000 0.00000000000 -1.00000000000
vn 0.824434237999 0.442036727357 -0.353428520189
vn 0.824434237999 0.442036727357 -0.353428520189
vn 0.881270952338 0.472611371599 0.00000000000
vn 0.881270952338 0.472611371599 0.00000000000
vn 0.824434237999 0.442036727357 0.353428520189
vn 0.824434237999 0.442036727357 0.353428520189
vn 0.00000000000 0.00000000000 1.00000000000
vn 0.00000000000 0.00000000000 1.00000000000
vn -0.814650882204 -0.462151670172 0.350370909010
vn -0.814650882204 -0.462151670172 0.350370909010
vn -0.869734468594 -0.493519963263 -1.47632780789e-17
vn -0.869734468594 -0.493519963263 -1.47632780789e-17
vn -0.814650882204 -0.462151670172 -0.350370909010
vn -0.814650882204 -0.462151670172 -0.350370909010
vn 0.00000000000 -0.00234797570200 -0.999997243501
vn 0.00000000000 -0.00469599059150 -0.999988973775
vn 0.768741180794 0.544297926753 -0.335822518429
vn 0.768741180794 0.544297926753 -0.335822518429
vn 0.816271897050 0.577667889091 3.65469275237e-9
vn 0.816271897050 0.577667889091 3.65469275237e-9
vn 0.768741180794 0.544297926753 0.335822518429
vn 0.768741180794 0.544297926753 0.335822518429
vn 0.00000000000 -0.00234797570200 0.999997243501
vn 0.00000000000 -0.00469599059150 0.999988973775
vn -0.750176541977 -0.573491925625 0.329153713501
vn -0.750176541977 -0.573491925625 0.329153713501
vn -0.794129473911 -0.607748614697 1.12311088587e-10
vn -0.794129473911 -0.607748614697 1.12311088587e-10
vn -0.750176541977 -0.573491925625 -0.329153713501
vn -0.750176541977 -0.573491925625 -0.329153713501
vn 0.00000000000 -0.00234797570200 -0.999997243501
vn 0.00000000000 -0.00469599059150 -0.999988973775
vn 0.768741180794 0.544297926753 -0.335822518429
vn 0.768741180794 0.544297926753 -0.335822518429
vn 0.816271897050 0.577667889091 3.65469275237e-9
vn 0.816271897050 0.577667889091 3.65469275237e-9
vn 0.768741180794 0.544297926753 0.335822518429
vn 0.768741180794 0.544297926753 0.335822518429
vn 0.00000000000 -0.00234797570200 0.999997243501
vn 0.00000000000 -0.00469599059150 0.999988973775
vn -0.750176541977 -0.573491925625 0.329153713501
vn -0.750176541977 -0.573491925625 0.329153713501
vn -0.794129473911 -0.607748614697 1.12311088587e-10
vn -0.794129473911 -0.607748614697 1.12311088587e-10
vn -0.750176541977 -0.573491925625 -0.329153713501
vn -0.750176541977 -0.573491925625 -0.329153713501
vn 0.00000000000 -0.200429609552 -0.979708105312
vn 0.00000000000 -0.253161279659 -0.967424088227
vn 0.637194523885 0.708469937997 -0.303403173493
vn 0.637194523885 0.708469937997 -0.303403173493
vn 0.680416656928 0.732825472384 -3.55122671554e-9
vn 0.680416656928 0.732825472384 -3.55122671554e-9
vn 0.637194496978 0.708469967684 0.303403160681
vn 0.637194496978 0.708469967684 0.303403160681
vn 0.00000000000 -0.200429609552 0.979708105312
vn 0.00000000000 -0.253161279659 0.967424088227
vn -0.632932598102 -0.627503568683 0.453470613766
vn -0.632932598102 -0.627503568683 0.453470613766
vn -0.728838242923 -0.684685924825 -1.09229462450e-10
vn -0.728838242923 -0.684685924825 -1.09229462450e-10
vn -0.648746420278 -0.629893590652 -0.427038811623
vn -0.648746420278 -0.629893590652 -0.427038811623
vn -0.378421508635 -0.462404123835 -0.801860080103
vn -0.378421508635 -0.462404123835 -0.801860080103
vn 0.00000000000 -0.253161279659 -0.967424088227
vn 0.637194523885 0.708469937997 -0.303403173493
vn 0.637194523885 0.708469937997 -0.303403173493
vn 0.680416656928 0.732825472384 -3.55122671554e-9
vn 0.680416656928 0.732825472384 -3.55122671554e-9
vn 0.637194496978 0.708469967684 0.303403160681
vn 0.637194496978 0.708469967684 0.303403160681
vn 0.00000000000 -0.200429609552 0.979708105312
vn -0.375555812822 -0.481831281748 0.791704772869
vn -0.375555812822 -0.481831281748 0.791704772869
vn -0.632932598102 -0.627503568683 0.453470613766
vn -0.632932598102 -0.627503568683 0.453470613766
vn -0.728838242923 -0.684685924825 -1.09229462450e-10
vn -0.728838242923 -0.684685924825 -1.09229462450e-10
vn -0.648746420278 -0.629893590652 -0.427038811623
vn -0.648746420278 -0.629893590652 -0.427038811623
vn -0.412054591823 -0.498186520813 -0.762903141846
vn -0.145980789134 -0.351352718749 -0.924792342222
vn -0.145980789134 -0.351352718749 -0.924792342222
vn 0.468144662752 0.852686657305 -0.231875050815
vn 0.468144662752 0.852686657305 -0.231875050815
vn 0.489482364660 0.872013196395 -5.37622825981e-10
vn 0.489482364660 0.872013196395 -5.37622825981e-10
vn 0.468144662752 0.852686657305 0.231875050815
vn 0.468144662752 0.852686657305 0.231875050815
vn -0.145565557643 -0.363317050434 0.920223553976
vn -0.409149616291 -0.513682483791 0.754139839376
vn -0.145565557643 -0.363317050434 0.920223553976
vn -0.678238029749 -0.637613709511 0.365297046861
vn -0.554459750275 -0.700534164429 0.449250787191
vn -0.678238029749 -0.637613709511 0.365297046861
vn -0.554459750275 -0.700534164429 0.449250787191
vn -0.646634289547 -0.762800167529 2.05967594847e-17
vn -0.646634289547 -0.762800167529 2.05967594847e-17
vn -0.693963334940 -0.638182865688 -0.333372943864
vn -0.554459750275 -0.700534164429 -0.449250787191
vn -0.693963334940 -0.638182865688 -0.333372943864
vn -0.554459750275 -0.700534164429 -0.449250787191
vn 0.00000000000 -0.226195651891 -0.974081889302
vn 0.00000000000 -0.123490945537 -0.992345699023
vn 0.00000000000 -0.226195651891 -0.974081889302
vn 0.00000000000 -0.226195651891 -0.974081889302
vn 0.468144662752 0.852686657305 -0.231875050815
vn 0.468144662752 0.852686657305 -0.231875050815
vn 0.489482364660 0.872013196395 -5.37622825981e-10
vn 0.489482364660 0.872013196395 -5.37622825981e-10
vn 0.468144662752 0.852686657305 0.231875050815
vn 0.468144662752 0.852686657305 0.231875050815
vn 0.00000000000 -0.242106405789 0.970249704084
vn 0.00000000000 -0.242106405789 0.970249704084
vn 0.00000000000 -0.242106405789 0.970249704084
vn 0.00000000000 -0.0990649557124 0.995080968841
vn -0.638585439438 -0.720180918752 0.271197494096
vn -0.444477191426 -0.872111958326 0.204599018685
vn -0.638585439438 -0.720180918752 0.271197494096
vn -0.444477191426 -0.872111958326 0.204599018685
vn -0.448410008737 -0.893827983487 -1.51271981439e-13
vn -0.448410008737 -0.893827983487 -1.51271981439e-13
vn -0.638585439438 -0.720180918752 -0.271197494096
vn -0.444477191426 -0.872111958326 -0.204599018685
vn -0.638585439438 -0.720180918752 -0.271197494096
vn -0.444477191426 -0.872111958326 -0.204599018685
vn 0.00000000000 -0.123490945537 -0.992345699023
vn 0.00000000000 -0.123490945537 -0.992345699023
vn 0.460923365016 0.871017976088 -0.169933330792
vn 0.116134236701 0.993233526954 6.79156026333e-10
vn 0.460923365016 0.871017976088 -0.169933330792
vn 0.116134236701 0.993233526954 6.79156026333e-10
vn 0.116134236701 0.993233526954 6.79156026333e-10
vn 0.460923365016 0.871017976088 0.169933330792
vn 0.460923365016 0.871017976088 0.169933330792
vn 0.116134236701 0.993233526954 6.79156026333e-10
vn 0.00000000000 -0.0990649557124 0.995080968841
vn 0.00000000000 -0.0990649557124 0.995080968841
vn -0.433212049587 -0.898937420200 0.0651063334641
vn -0.433212049587 -0.898937420200 0.0651063334641
vn -0.433212049587 -0.898937420200 0.0651063334641
vn -0.433212049587 -0.898937420200 0.0651063334641
vn -0.448410008737 -0.893827983487 -1.51271981439e-13
vn -0.448410008737 -0.893827983487 -1.51271981439e-13
vn -0.433212049587 -0.898937420200 -0.0651063334641
vn -0.433212049587 -0.898937420200 -0.0651063334641
vn -0.433212049587 -0.898937420200 -0.0651063334641
vn -0.433212049587 -0.898937420200 -0.0651063334641
vn 0.116134236701 -0.993233526954 -6.79156026333e-10
vn 0.116134236701 0.993233526954 6.79156026333e-10
vn 0.116134236701 -0.993233526954 -6.79156026333e-10
vn 0.116134236701 0.993233526954 6.79156026333e-10
vn 0.116134236701 -0.993233526954 -6.79156026333e-10
vn 0.116134236701 0.993233526954 6.79156026333e-10
vn 0.116134236701 -0.993233526954 -6.79156026333e-10
vn 0.116134236701 0.993233526954 6.79156026333e-10
f 459/459/459 460/460/460 461/461/461
f 461/461/461 460/460/460 462/462/462
f 463/463/463 464/464/464 465/465/465
f 465/465/465 464/464/464 466/466/466
f 465/465/465 467/467/467 468/468/468
f 468/468/468 467/467/467 469/469/469
f 468/468/468 470/470/470 471/471/471
f 471/471/471 470/470/470 472/472/472
f 473/473/473 474/474/474 475/475/475
f 475/475/475 474/474/474 476/476/476
f 477/477/477 478/478/478 479/479/479
f 479/479/479 478/478/478 480/480/480
f 481/481/481 482/482/482 483/483/483
f 483/483/483 482/482/482 484/484/484
f 485/485/485 486/486/486 487/487/487
f 487/487/487 486/486/486 488/488/488
f 460/460/460 489/489/489 462/462/462
f 462/462/462 489/489/489 490/490/490
f 491/491/491 492/492/492 493/493/493
f 493/493/493 492/492/492 494/494/494
f 467/467/467 495/495/495 469/469/469
f 469/469/469 495/495/495 496/496/496
f 497/497/497 498/498/498 499/499/499
f 499/499/499 498/498/498 500/500/500
f 474/474/474 501/501/501 476/476/476
f 476/476/476 501/501/501 502/502/502
f 503/503/503 504/504/504 505/505/505
f 505/505/505 504/504/504 506/506/506
f 482/482/482 507/507/507 484/484/484
f 484/484/484 507/507/507 508/508/508
f 509/509/509 510/510/510 511/511/511
f 511/511/511 510/510/510 512/512/512
f 513/513/513 514/514/514 515/515/515
f 515/515/515 514/514/514 516/516/516
f 492/492/492 517/517/517 494/494/494
f 494/494/494 517/517/517 518/518/518
f 495/495/495 519/519/519 496/496/496
f 496/496/496 519/519/519 520/520/520
f 498/498/498 521/521/521 500/500/500
f 500/500/500 521/521/521 522/522/522
f 523/523/523 524/524/524 525/525/525
f 525/525/525 524/524/524 526/526/526
f 527/527/527 528/528/528 529/529/529
f 529/529/529 528/528/528 530/530/530
f 507/507/507 531/531/531 508/508/508
f 508/508/508 531/531/531 532/532/532
f 533/533/533 534/534/534 535/535/535
f 535/535/535 534/534/534 536/536/536
f 537/537/537 538/538/538 516/516/516
f 516/516/516 538/538/538 539/539/539
f 517/517/517 540/540/540 518/518/518
f 518/518/518 540/540/540 541/541/541
f 519/519/519 542/542/542 520/520/520
f 520/520/520 542/542/542 543/543/543
f 521/521/521 544/544/544 522/522/522
f 522/522/522 544/544/544 545/545/545
f 524/524/524 546/546/546 547/547/547
f 547/547/547 546/546/546 548/548/548
f 549/549/549 550/550/550 551/551/551
f 551/551/551 550/550/550 552/552/552
f 531/531/531 553/553/553 532/532/532
f 532/532/532 553/553/553 554/554/554
f 555/555/555 556/556/556 557/557/557
f 557/557/557 556/556/556 558/558/558
f 559/559/559 560/560/560 561/561/561
f 561/561/561 560/560/560 562/562/562
f 540/540/540 563/563/563 541/541/541
f 541/541/541 563/563/563 564/564/564
f 542/542/542 565/565/565 543/543/543
f 543/543/543 565/565/565 566/566/566
f 544/544/544 567/567/567 545/545/545
f 545/545/545 567/567/567 568/568/568
f 569/569/569 570/570/570 571/571/571
f 571/571/571 570/570/570 572/572/572
f 550/550/550 573/573/573 552/552/552
f 552/552/552 573/573/573 574/574/574
f 553/553/553 575/575/575 554/554/554
f 554/554/554 575/575/575 576/576/576
f 556/556/556 577/577/577 558/558/558
f 558/558/558 577/577/577 578/578/578
f 560/560/560 579/579/579 562/562/562
f 562/562/562 579/579/579 580/580/580
f 563/563/563 581/581/581 564/564/564
f 564/564/564 581/581/581 582/582/582
f 565/565/565 583/583/583 566/566/566
f 566/566/566 583/583/583 584/584/584
f 567/567/567 585/585/585 568/568/568
f 568/568/568 585/585/585 586/586/586
f 570/570/570 587/587/587 572/572/572
f 572/572/572 587/587/587 588/588/588
f 573/573/573 589/589/589 574/574/574
f 574/574/574 589/589/589 590/590/590
f 575/575/575 591/591/591 576/576/576
f 576/576/576 591/591/591 592/592/592
f 577/577/577 593/593/593 578/578/578
f 578/578/578 593/593/593 594/594/594
f 579/579/579 595/595/595 580/580/580
f 580/580/580 595/595/595 596/596/596
f 581/581/581 597/597/597 582/582/582
f 582/582/582 597/597/597 598/598/598
f 583/583/583 599/599/599 584/584/584
f 584/584/584 599/599/599 600/600/600
f 585/585/585 601/601/601 586/586/586
f 586/586/586 601/601/601 602/602/602
f 587/587/587 603/603/603 588/588/588
f 588/588/588 603/603/603 604/604/604
f 589/589/589 605/605/605 590/590/590
f 590/590/590 605/605/605 606/606/606
f 591/591/591 607/607/607 592/592/592
f 592/592/592 607/607/607 608/608/608
f 593/593/593 609/609/609 594/594/594
f 594/594/594 609/609/609 610/610/610
f 595/595/595 611/611/611 596/596/596
f 596/596/596 611/611/611 612/612/612
f 597/597/597 613/613/613 598/598/598
f 598/598/598 613/613/613 614/614/614
f 599/599/599 615/615/615 600/600/600
f 600/600/600 615/615/615 616/616/616
f 601/601/601 617/617/617 602/602/602
f 602/602/602 617/617/617 618/618/618
f 603/603/603 619/619/619 604/604/604
f 604/604/604 619/619/619 620/620/620
f 605/605/605 621/621/621 606/606/606
f 606/606/606 621/621/621 622/622/622
f 607/607/607 623/623/623 608/608/608
f 608/608/608 623/623/623 624/624/624
f 609/609/609 625/625/625 610/610/610
f 610/610/610 625/625/625 626/626/626
f 611/611/611 627/627/627 612/612/612
f 612/612/612 627/627/627 628/628/628
f 613/613/613 629/629/629 614/614/614
f 614/614/614 629/629/629 630/630/630
f 615/615/615 631/631/631 616/616/616
f 616/616/616 631/631/631 632/632/632
f 617/617/617 633/633/633 618/618/618
f 618/618/618 633/633/633 634/634/634
f 619/619/619 635/635/635 620/620/620
f 620/620/620 635/635/635 636/636/636
f 621/621/621 637/637/637 622/622/622
f 622/622/622 637/637/637 638/638/638
f 623/623/623 639/639/639 624/624/624
f 624/624/624 639/639/639 640/640/640
f 625/625/625 641/641/641 626/626/626
f 626/626/626 641/641/641 642/642/642
f 627/627/627 643/643/643 628/628/628
f 628/628/628 643/643/643 644/644/644
f 629/629/629 645/645/645 630/630/630
f 630/630/630 645/645/645 646/646/646
f 631/631/631 647/647/647 632/632/632
f 632/632/632 647/647/647 648/648/648
f 633/633/633 649/649/649 634/634/634
f 634/634/634 649/649/649 650/650/650
f 635/635/635 651/651/651 636/636/636
f 636/636/636 651/651/651 652/652/652
f 637/637/637 653/653/653 638/638/638
f 638/638/638 653/653/653 654/654/654
f 639/639/639 655/655/655 640/640/640
f 640/640/640 655/655/655 656/656/656
f 641/641/641 657/657/657 642/642/642
f 642/642/642 657/657/657 658/658/658
f 643/643/643 659/659/659 644/644/644
f 644/644/644 659/659/659 660/660/660
f 661/661/661 662/662/662 663/663/663
f 663/663/663 662/662/662 664/664/664
f 665/665/665 666/666/666 667/667/667
f 667/667/667 666/666/666 668/668/668
f 669/669/669 670/670/670 671/671/671
f 671/671/671 670/670/670 672/672/672
f 651/651/651 673/673/673 652/652/652
f 652/652/652 673/673/673 674/674/674
f 675/675/675 676/676/676 677/677/677
f 677/677/677 676/676/676 678/678/678
f 679/679/679 680/680/680 681/681/681
f 681/681/681 680/680/680 682/682/682
f 683/683/683 684/684/684 685/685/685
f 685/685/685 684/684/684 686/686/686
f 659/659/659 687/687/687 660/660/660
f 660/660/660 687/687/687 688/688/688
f 689/689/689 690/690/690 691/691/691
f 691/691/691 690/690/690 692/692/692
f 693/693/693 694/694/694 695/695/695
f 695/695/695 694/694/694 696/696/696
f 697/697/697 698/698/698 699/699/699
f 699/699/699 698/698/698 700/700/700
f 673/673/673 701/701/701 674/674/674
f 674/674/674 701/701/701 702/702/702
f 703/703/703 704/704/704 705/705/705
f 705/705/705 704/704/704 706/706/706
f 707/707/707 708/708/708 709/709/709
f 709/709/709 708/708/708 710/710/710
f 711/711/711 712/712/712 713/713/713
f 713/713/713 712/712/712 714/714/714
f 687/687/687 715/715/715 688/688/688
f 688/688/688 715/715/715 716/716/716
f 717/717/717 718/718/718 719/719/719
f 719/719/719 718/718/718 720/720/720
f 721/721/721 722/722/722 723/723/723
f 723/723/723 722/722/722 724/724/724
f 725/725/725 726/726/726 727/727/727
f 727/727/727 726/726/726 728/728/728
f 701/701/701 729/729/729 702/702/702
f 702/702/702 729/729/729 730/730/730
f 731/731/731 732/732/732 733/733/733
f 733/733/733 732/732/732 734/734/734
f 735/735/735 736/736/736 737/737/737
f 737/737/737 736/736/736 738/738/738
f 739/739/739 740/740/740 741/741/741
f 741/741/741 740/740/740 742/742/742
f 715/715/715 743/743/743 716/716/716
f 716/716/716 743/743/743 744/744/744
f 718/718/718 745/745/745 720/720/720
f 720/720/720 745/745/745 746/746/746
f 722/722/722 747/747/747 724/724/724
f 724/724/724 747/747/747 748/748/748
f 726/726/726 749/749/749 728/728/728
f 728/728/728 749/749/749 750/750/750
f 729/729/729 751/751/751 730/730/730
f 730/730/730 751/751/751 752/752/752
f 732/732/732 753/753/753 734/734/734
f 734/734/734 753/753/753 754/754/754
f 736/736/736 755/755/755 738/738/738
f 738/738/738 755/755/755 756/756/756
f 740/740/740 757/757/757 742/742/742
f 742/742/742 757/757/757 758/758/758
f 743/743/743 759/759/759 744/744/744
f 744/744/744 759/759/759 760/760/760
f 745/745/745 761/761/761 746/746/746
f 746/746/746 761/761/761 762/762/762
f 747/747/747 763/763/763 748/748/748
f 748/748/748 763/763/763 764/764/764
f 749/749/749 765/765/765 750/750/750
f 750/750/750 765/765/765 766/766/766
f 751/751/751 767/767/767 752/752/752
f 752/752/752 767/767/767 768/768/768
f 753/753/753 769/769/769 754/754/754
f 754/754/754 769/769/769 770/770/770
f 755/755/755 771/771/771 756/756/756
f 756/756/756 771/771/771 772/772/772
f 757/757/757 773/773/773 758/758/758
f 758/758/758 773/773/773 774/774/774
f 759/759/759 775/775/775 760/760/760
f 760/760/760 775/775/775 776/776/776
f 761/761/761 777/777/777 762/762/762
f 762/762/762 777/777/777 778/778/778
f 763/763/763 779/779/779 764/764/764
f 764/764/764 779/779/779 780/780/780
f 765/765/765 781/781/781 766/766/766
f 766/766/766 781/781/781 782/782/782
f 767/767/767 783/783/783 768/768/768
f 768/768/768 783/783/783 784/784/784
f 769/769/769 785/785/785 770/770/770
f 770/770/770 785/785/785 786/786/786
f 771/771/771 787/787/787 772/772/772
f 772/772/772 787/787/787 788/788/788
f 773/773/773 789/789/789 774/774/774
f 774/774/774 789/789/789 790/790/790
f 775/775/775 791/791/791 776/776/776
f 776/776/776 791/791/791 792/792/792
f 777/777/777 793/793/793 778/778/778
f 778/778/778 793/793/793 794/794/794
f 779/779/779 795/795/795 780/780/780
f 780/780/780 795/795/795 796/796/796
f 781/781/781 797/797/797 782/782/782
f 782/782/782 797/797/797 798/798/798
f 783/783/783 799/799/799 784/784/784
f 784/784/784 799/799/799 800/800/800
f 785/785/785 801/801/801 786/786/786
f 786/786/786 801/801/801 802/802/802
f 787/787/787 803/803/803 788/788/788
f 788/788/788 803/803/803 804/804/804
f 789/789/789 805/805/805 790/790/790
f 790/790/790 805/805/805 806/806/806
f 791/791/791 807/807/807 792/792/792
f 792/792/792 807/807/807 808/808/808
f 793/793/793 809/809/809 794/794/794
f 794/794/794 809/809/809 810/810/810
f 795/795/795 811/811/811 796/796/796
f 796/796/796 811/811/811 812/812/812
f 797/797/797 813/813/813 798/798/798
f 798/798/798 813/813/813 814/814/814
f 799/799/799 815/815/815 800/800/800
f 800/800/800 815/815/815 816/816/816
f 801/801/801 817/817/817 802/802/802
f 802/802/802 817/817/817 818/818/818
f 803/803/803 819/819/819 804/804/804
f 804/804/804 819/819/819 820/820/820
f 805/805/805 821/821/821 806/806/806
f 806/806/806 821/821/821 822/822/822
f 823/823/823 824/824/824 808/808/808
f 808/808/808 824/824/824 825/825/825
f 809/809/809 826/826/826 810/810/810
f 810/810/810 826/826/826 827/827/827
f 811/811/811 828/828/828 812/812/812
f 812/812/812 828/828/828 829/829/829
f 813/813/813 830/830/830 814/814/814
f 814/814/814 830/830/830 831/831/831
f 815/815/815 832/832/832 833/833/833
f 833/833/833 832/832/832 834/834/834
f 817/817/817 835/835/835 818/818/818
f 818/818/818 835/835/835 836/836/836
f 819/819/819 837/837/837 820/820/820
f 820/820/820 837/837/837 838/838/838
f 821/821/821 839/839/839 822/822/822
f 822/822/822 839/839/839 840/840/840
f 841/841/841 842/842/842 825/825/825
f 825/825/825 842/842/842 843/843/843
f 826/826/826 844/844/844 827/827/827
f 827/827/827 844/844/844 845/845/845
f 828/828/828 846/846/846 829/829/829
f 829/829/829 846/846/846 847/847/847
f 830/830/830 848/848/848 831/831/831
f 831/831/831 848/848/848 849/849/849
f 832/832/832 850/850/850 851/851/851
f 851/851/851 850/850/850 852/852/852
f 853/853/853 854/854/854 855/855/855
f 855/855/855 854/854/854 856/856/856
f 837/837/837 857/857/857 838/838/838
f 838/838/838 857/857/857 858/858/858
f 859/859/859 860/860/860 861/861/861
f 861/861/861 860/860/860 862/862/862
f 863/863/863 864/864/864 865/865/865
f 865/865/865 864/864/864 866/866/866
f 844/844/844 867/867/867 845/845/845
f 845/845/845 867/867/867 868/868/868
f 846/846/846 869/869/869 847/847/847
f 847/847/847 869/869/869 870/870/870
f 848/848/848 871/871/871 849/849/849
f 849/849/849 871/871/871 872/872/872
f 873/873/873 874/874/874 875/875/875
f 875/875/875 874/874/874 876/876/876
f 877/877/877 878/878/878 879/879/879
f 879/879/879 878/878/878 880/880/880
f 857/857/857 881/881/881 858/858/858
f 858/858/858 881/881/881 882/882/882
f 883/883/883 884/884/884 885/885/885
f 885/885/885 884/884/884 886/886/886
f 864/864/864 887/887/887 866/866/866
f 866/866/866 887/887/887 888/888/888
f 889/889/889 890/890/890 891/891/891
f 891/891/891 890/890/890 892/892/892
f 869/869/869 892/892/892 870/870/870
f 870/870/870 892/892/892 893/893/893
f 894/894/894 893/893/893 895/895/895
f 895/895/895 893/893/893 896/896/896
f 874/874/874 897/897/897 876/876/876
f 876/876/876 897/897/897 898/898/898
f 899/899/899 900/900/900 901/901/901
f 901/901/901 900/900/900 902/902/902
f 881/881/881 903/903/903 882/882/882
f 882/882/882 903/903/903 904/904/904
f 905/905/905 906/906/906 907/907/907
f 907/907/907 906/906/906 908/908/908
f 909/909/909 463/463/463 465/465/465
f 910/910/910 892/892/892 890/890/890
f 909/909/909 465/465/465 468/468/468
f 910/910/910 893/893/893 892/892/892
f 909/909/909 468/468/468 471/471/471
f 910/910/910 896/896/896 893/893/893
f 909/909/909 471/471/471 911/911/911
f 910/910/910 912/912/912 896/896/896
f 909/909/909 911/911/911 913/913/913
f 910/910/910 914/914/914 912/912/912
f 909/909/909 913/913/913 915/915/915
f 910/910/910 916/916/916 914/914/914
o S11
v -0.00400000018999 1.44700000262 0.0154499998316
v -0.00400000018999 1.44700000262 0.0180500000715
v -0.00398390786722 1.44829000360 0.0178189501166
v -0.00398390786722 1.44829000360 0.0204273387790
v -0.00400000018999 1.44700000262 0.0180500000715
v -0.00380000006407 1.44700000262 0.0182499997318
v -0.00398390786722 1.44829000360 0.0204273387790
v -0.00378390797414 1.44829000360 0.0206273384392
v -0.00380000006407 1.44700000262 0.0182499997318
v 0.00380000006407 1.44700000262 0.0182499997318
v -0.00378390797414 1.44829000360 0.0206273384392
v 0.00378390797414 1.44829000360 0.0206273384392
v 0.00380000006407 1.44700000262 0.0182499997318
v 0.00400000018999 1.44700000262 0.0180500000715
v 0.00378390797414 1.44829000360 0.0206273384392
v 0.00398390786722 1.44829000360 0.0204273387790
v 0.00400000018999 1.44700000262 0.0180500000715
v 0.00400000018999 1.44700000262 0.0154499998316
v 0.00398390786722 1.44829000360 0.0204273387790
v 0.00398390786722 1.44829000360 0.0178189501166
v 0.00400000018999 1.44700000262 0.0154499998316
v 0.00380000006407 1.44700000262 0.0152500001714
v 0.00398390786722 1.44829000360 0.0178189501166
v 0.00378390797414 1.44829000360 0.0176189504564
v 0.00380000006407 1.44700000262 0.0152500001714
v -0.00380000006407 1.44700000262 0.0152500001714
v 0.00378390797414 1.44829000360 0.0176189504564
v -0.00378390797414 1.44829000360 0.0176189504564
v -0.00380000006407 1.44700000262 0.0152500001714
v -0.00400000018999 1.44700000262 0.0154499998316
v -0.00378390797414 1.44829000360 0.0176189504564
v -0.00398390786722 1.44829000360 0.0178189501166
v -0.00391107099131 1.45022500134 0.0199740584940
v -0.00391107099131 1.45022500134 0.0225378703326
v -0.00391107099131 1.45022500134 0.0225378703326
v -0.00371107109822 1.45022500134 0.0227378699929
v -0.00378390797414 1.44829000360 0.0206273384392
v 0.00378390797414 1.44829000360 0.0206273384392
v -0.00371107109822 1.45022500134 0.0227378699929
v 0.00371107109822 1.45022500134 0.0227378699929
v 0.00371107109822 1.45022500134 0.0227378699929
v 0.00391107099131 1.45022500134 0.0225378703326
v 0.00391107099131 1.45022500134 0.0225378703326
v 0.00391107099131 1.45022500134 0.0199740584940
v 0.00391107099131 1.45022500134 0.0199740584940
v 0.00371107109822 1.45022500134 0.0197740588337
v 0.00371107109822 1.45022500134 0.0197740588337
v -0.00371107109822 1.45022500134 0.0197740588337
v -0.00371107109822 1.45022500134 0.0197740588337
v -0.00391107099131 1.45022500134 0.0199740584940
v -0.00372192775831 1.45345000005 0.0228892378509
v -0.00372192775831 1.45345000005 0.0252393037081
v -0.00372192775831 1.45345000005 0.0252393037081
v -0.00352192763239 1.45345000005 0.0254393033683
v -0.00352192763239 1.45345000005 0.0254393033683
v 0.00352192763239 1.45345000005 0.0254393033683
v 0.00352192763239 1.45345000005 0.0254393033683
v 0.00372192775831 1.45345000005 0.0252393037081
v 0.00372192775831 1.45345000005 0.0252393037081
v 0.00372192775831 1.45345000005 0.0228892378509
v 0.00372192775831 1.45345000005 0.0228892378509
v 0.00352192763239 1.45345000005 0.0226892381907
v 0.00352192763239 1.45345000005 0.0226892381907
v -0.00352192763239 1.45345000005 0.0226892381907
v -0.00352192763239 1.45345000005 0.0226892381907
v -0.00372192775831 1.45345000005 0.0228892378509
v -0.00351514574140 1.45774999833 0.0261741988361
v -0.00351514574140 1.45774999833 0.0282040536404
v -0.00372192775831 1.45345000005 0.0252393037081
v -0.00352192763239 1.45345000005 0.0254393033683
v -0.00351514574140 1.45774999833 0.0282040536404
v -0.00331514584832 1.45774999833 0.0284040533006
v -0.00331514584832 1.45774999833 0.0284040533006
v 0.00331514584832 1.45774999833 0.0284040533006
v 0.00352192763239 1.45345000005 0.0254393033683
v 0.00372192775831 1.45345000005 0.0252393037081
v 0.00331514584832 1.45774999833 0.0284040533006
v 0.00351514574140 1.45774999833 0.0282040536404
v 0.00351514574140 1.45774999833 0.0282040536404
v 0.00351514574140 1.45774999833 0.0261741988361
v 0.00351514574140 1.45774999833 0.0261741988361
v 0.00331514584832 1.45774999833 0.0259741991758
v 0.00331514584832 1.45774999833 0.0259741991758
v -0.00331514584832 1.45774999833 0.0259741991758
v -0.00331514584832 1.45774999833 0.0259741991758
v -0.00351514574140 1.45774999833 0.0261741988361
v -0.00350000010803 1.46420000321 0.0302371606231
v -0.00350000010803 1.46420000321 0.0321444980800
v -0.00350000010803 1.46420000321 0.0321444980800
v -0.00329999998212 1.46420000321 0.0323444977403
v -0.00329999998212 1.46420000321 0.0323444977403
v 0.00329999998212 1.46420000321 0.0323444977403
v 0.00329999998212 1.46420000321 0.0323444977403
v 0.00350000010803 1.46420000321 0.0321444980800
v 0.00350000010803 1.46420000321 0.0321444980800
v 0.00350000010803 1.46420000321 0.0302371606231
v 0.00350000010803 1.46420000321 0.0302371606231
v 0.00329999998212 1.46420000321 0.0300371609628
v 0.00329999998212 1.46420000321 0.0300371609628
v -0.00329999998212 1.46420000321 0.0300371609628
v -0.00329999998212 1.46420000321 0.0300371609628
v -0.00350000010803 1.46420000321 0.0302371606231
v -0.00350000010803 1.47279999977 0.0348392389715
v -0.00350000010803 1.47279999977 0.0366672538221
v -0.00350000010803 1.47279999977 0.0366672538221
v -0.00329999998212 1.47279999977 0.0368672534823
v -0.00329999998212 1.47279999977 0.0368672534823
v 0.00329999998212 1.47279999977 0.0368672534823
v 0.00329999998212 1.47279999977 0.0368672534823
v 0.00350000010803 1.47279999977 0.0366672538221
v 0.00350000010803 1.47279999977 0.0366672538221
v 0.00350000010803 1.47279999977 0.0348392389715
v 0.00350000010803 1.47279999977 0.0348392389715
v 0.00329999998212 1.47279999977 0.0346392393112
v 0.00329999998212 1.47279999977 0.0346392393112
v -0.00329999998212 1.47279999977 0.0346392393112
v -0.00329999998212 1.47279999977 0.0346392393112
v -0.00350000010803 1.47279999977 0.0348392389715
v -0.00350000010803 1.48570000207 0.0405878983438
v -0.00350000010803 1.48570000207 0.0423407256603
v -0.00350000010803 1.48570000207 0.0423407256603
v -0.00329999998212 1.48570000207 0.0425407290459
v -0.00329999998212 1.48570000207 0.0425407290459
v 0.00329999998212 1.48570000207 0.0425407290459
v 0.00329999998212 1.48570000207 0.0425407290459
v 0.00350000010803 1.48570000207 0.0423407256603
v 0.00350000010803 1.48570000207 0.0423407256603
v 0.00350000010803 1.48570000207 0.0405878983438
v 0.00350000010803 1.48570000207 0.0405878983438
v 0.00329999998212 1.48570000207 0.0403878986835
v 0.00329999998212 1.48570000207 0.0403878986835
v -0.00329999998212 1.48570000207 0.0403878986835
v -0.00329999998212 1.48570000207 0.0403878986835
v -0.00350000010803 1.48570000207 0.0405878983438
v -0.00350000010803 1.50074999979 0.0459142886102
v -0.00350000010803 1.50074999979 0.0476063936949
v -0.00350000010803 1.50074999979 0.0476063936949
v -0.00329999998212 1.50074999979 0.0478063933551
v -0.00329999998212 1.50074999979 0.0478063933551
v 0.00329999998212 1.50074999979 0.0478063933551
v 0.00329999998212 1.50074999979 0.0478063933551
v 0.00350000010803 1.50074999979 0.0476063936949
v 0.00350000010803 1.50074999979 0.0476063936949
v 0.00350000010803 1.50074999979 0.0459142886102
v 0.00350000010803 1.50074999979 0.0459142886102
v 0.00329999998212 1.50074999979 0.0457142889500
v 0.00329999998212 1.50074999979 0.0457142889500
v -0.00329999998212 1.50074999979 0.0457142889500
v -0.00329999998212 1.50074999979 0.0457142889500
v -0.00350000010803 1.50074999979 0.0459142886102
v -0.00350000010803 1.51795000038 0.0503668971360
v -0.00350000010803 1.51795000038 0.0520098358393
v -0.00350000010803 1.51795000038 0.0520098358393
v -0.00329999998212 1.51795000038 0.0522098354995
v -0.00329999998212 1.51795000038 0.0522098354995
v 0.00329999998212 1.51795000038 0.0522098354995
v 0.00329999998212 1.51795000038 0.0522098354995
v 0.00350000010803 1.51795000038 0.0520098358393
v 0.00350000010803 1.51795000038 0.0520098358393
v 0.00350000010803 1.51795000038 0.0503668971360
v 0.00350000010803 1.51795000038 0.0503668971360
v 0.00329999998212 1.51795000038 0.0501668974757
v 0.00329999998212 1.51795000038 0.0501668974757
v -0.00329999998212 1.51795000038 0.0501668974757
v -0.00329999998212 1.51795000038 0.0501668974757
v -0.00350000010803 1.51795000038 0.0503668971360
v -0.00350000010803 1.53730000010 0.0533499829471
v -0.00350000010803 1.53730000010 0.0549596101046
v -0.00350000010803 1.53730000010 0.0549596101046
v -0.00329999998212 1.53730000010 0.0551596097648
v -0.00329999998212 1.53730000010 0.0551596097648
v 0.00329999998212 1.53730000010 0.0551596097648
v 0.00329999998212 1.53730000010 0.0551596097648
v 0.00350000010803 1.53730000010 0.0549596101046
v 0.00350000010803 1.53730000010 0.0549596101046
v 0.00350000010803 1.53730000010 0.0533499829471
v 0.00350000010803 1.53730000010 0.0533499829471
v 0.00329999998212 1.53730000010 0.0531499832869
v 0.00329999998212 1.53730000010 0.0531499832869
v -0.00329999998212 1.53730000010 0.0531499832869
v -0.00329999998212 1.53730000010 0.0531499832869
v -0.00350000010803 1.53730000010 0.0533499829471
v -0.00350000010803 1.55449999999 0.0542000010610
v -0.00350000010803 1.55449999999 0.0557999983430
v -0.00350000010803 1.53730000010 0.0549596101046
v -0.00329999998212 1.53730000010 0.0551596097648
v -0.00350000010803 1.55449999999 0.0557999983430
v -0.00329999998212 1.55449999999 0.0560000017285
v -0.00329999998212 1.53730000010 0.0551596097648
v 0.00329999998212 1.53730000010 0.0551596097648
v -0.00329999998212 1.55449999999 0.0560000017285
v 0.00329999998212 1.55449999999 0.0560000017285
v 0.00329999998212 1.53730000010 0.0551596097648
v 0.00350000010803 1.53730000010 0.0549596101046
v 0.00329999998212 1.55449999999 0.0560000017285
v 0.00350000010803 1.55449999999 0.0557999983430
v 0.00350000010803 1.55449999999 0.0557999983430
v 0.00350000010803 1.55449999999 0.0542000010610
v 0.00350000010803 1.53730000010 0.0533499829471
v 0.00329999998212 1.53730000010 0.0531499832869
v 0.00350000010803 1.55449999999 0.0542000010610
v 0.00329999998212 1.55449999999 0.0540000014007
v 0.00329999998212 1.53730000010 0.0531499832869
v -0.00329999998212 1.53730000010 0.0531499832869
v 0.00329999998212 1.55449999999 0.0540000014007
v -0.00329999998212 1.55449999999 0.0540000014007
v -0.00329999998212 1.53730000010 0.0531499832869
v -0.00350000010803 1.53730000010 0.0533499829471
v -0.00329999998212 1.55449999999 0.0540000014007
v -0.00350000010803 1.55449999999 0.0542000010610
v -0.00350000010803 1.57169999941 0.0533499829471
v -0.00350000010803 1.57169999941 0.0549596101046
v -0.00350000010803 1.55449999999 0.0557999983430
v -0.00329999998212 1.55449999999 0.0560000017285
v -0.00350000010803 1.57169999941 0.0549596101046
v -0.00329999998212 1.57169999941 0.0551596097648
v -0.00329999998212 1.55449999999 0.0560000017285
v 0.00329999998212 1.55449999999 0.0560000017285
v -0.00329999998212 1.57169999941 0.0551596097648
v 0.00329999998212 1.57169999941 0.0551596097648
v 0.00329999998212 1.55449999999 0.0560000017285
v 0.00350000010803 1.55449999999 0.0557999983430
v 0.00329999998212 1.57169999941 0.0551596097648
v 0.00350000010803 1.57169999941 0.0549596101046
v 0.00350000010803 1.57169999941 0.0549596101046
v 0.00350000010803 1.57169999941 0.0533499829471
v 0.00350000010803 1.55449999999 0.0542000010610
v 0.00329999998212 1.55449999999 0.0540000014007
v 0.00350000010803 1.57169999941 0.0533499829471
v 0.00329999998212 1.57169999941 0.0531499832869
v 0.00329999998212 1.55449999999 0.0540000014007
v -0.00329999998212 1.55449999999 0.0540000014007
v 0.00329999998212 1.57169999941 0.0531499832869
v -0.00329999998212 1.57169999941 0.0531499832869
v -0.00329999998212 1.55449999999 0.0540000014007
v -0.00350000010803 1.55449999999 0.0542000010610
v -0.00329999998212 1.57169999941 0.0531499832869
v -0.00350000010803 1.57169999941 0.0533499829471
v -0.00350000010803 1.59105000100 0.0503668971360
v -0.00350000010803 1.59105000100 0.0520098358393
v -0.00350000010803 1.57169999941 0.0549596101046
v -0.00329999998212 1.57169999941 0.0551596097648
v -0.00350000010803 1.59105000100 0.0520098358393
v -0.00329999998212 1.59105000100 0.0522098354995
v -0.00329999998212 1.57169999941 0.0551596097648
v 0.00329999998212 1.57169999941 0.0551596097648
v -0.00329999998212 1.59105000100 0.0522098354995
v 0.00329999998212 1.59105000100 0.0522098354995
v 0.00329999998212 1.57169999941 0.0551596097648
v 0.00350000010803 1.57169999941 0.0549596101046
v 0.00329999998212 1.59105000100 0.0522098354995
v 0.00350000010803 1.59105000100 0.0520098358393
v 0.00350000010803 1.59105000100 0.0520098358393
v 0.00350000010803 1.59105000100 0.0503668971360
v 0.00350000010803 1.57169999941 0.0533499829471
v 0.00329999998212 1.57169999941 0.0531499832869
v 0.00350000010803 1.59105000100 0.0503668971360
v 0.00329999998212 1.59105000100 0.0501668974757
v 0.00329999998212 1.57169999941 0.0531499832869
v -0.00329999998212 1.57169999941 0.0531499832869
v 0.00329999998212 1.59105000100 0.0501668974757
v -0.00329999998212 1.59105000100 0.0501668974757
v -0.00329999998212 1.57169999941 0.0531499832869
v -0.00350000010803 1.57169999941 0.0533499829471
v -0.00329999998212 1.59105000100 0.0501668974757
v -0.00350000010803 1.59105000100 0.0503668971360
v -0.00350000010803 1.60825000158 0.0459142886102
v -0.00350000010803 1.60825000158 0.0476063936949
v -0.00350000010803 1.60825000158 0.0476063936949
v -0.00329999998212 1.60825000158 0.0478063933551
v -0.00329999998212 1.60825000158 0.0478063933551
v 0.00329999998212 1.60825000158 0.0478063933551
v 0.00329999998212 1.60825000158 0.0478063933551
v 0.00350000010803 1.60825000158 0.0476063936949
v 0.00350000010803 1.60825000158 0.0476063936949
v 0.00350000010803 1.60825000158 0.0459142886102
v 0.00350000010803 1.60825000158 0.0459142886102
v 0.00329999998212 1.60825000158 0.0457142889500
v 0.00329999998212 1.60825000158 0.0457142889500
v -0.00329999998212 1.60825000158 0.0457142889500
v -0.00329999998212 1.60825000158 0.0457142889500
v -0.00350000010803 1.60825000158 0.0459142886102
v -0.00350000010803 1.62329999930 0.0405878983438
v -0.00350000010803 1.62329999930 0.0423407256603
v -0.00350000010803 1.62329999930 0.0423407256603
v -0.00329999998212 1.62329999930 0.0425407290459
v -0.00329999998212 1.62329999930 0.0425407290459
v 0.00329999998212 1.62329999930 0.0425407290459
v 0.00329999998212 1.62329999930 0.0425407290459
v 0.00350000010803 1.62329999930 0.0423407256603
v 0.00350000010803 1.62329999930 0.0423407256603
v 0.00350000010803 1.62329999930 0.0405878983438
v 0.00350000010803 1.62329999930 0.0405878983438
v 0.00329999998212 1.62329999930 0.0403878986835
v 0.00329999998212 1.62329999930 0.0403878986835
v -0.00329999998212 1.62329999930 0.0403878986835
v -0.00329999998212 1.62329999930 0.0403878986835
v -0.00350000010803 1.62329999930 0.0405878983438
v -0.00350000010803 1.63620000160 0.0348392389715
v -0.00350000010803 1.63620000160 0.0366672538221
v -0.00350000010803 1.63620000160 0.0366672538221
v -0.00329999998212 1.63620000160 0.0368672534823
v -0.00329999998212 1.63620000160 0.0368672534823
v 0.00329999998212 1.63620000160 0.0368672534823
v 0.00329999998212 1.63620000160 0.0368672534823
v 0.00350000010803 1.63620000160 0.0366672538221
v 0.00350000010803 1.63620000160 0.0366672538221
v 0.00350000010803 1.63620000160 0.0348392389715
v 0.00350000010803 1.63620000160 0.0348392389715
v 0.00329999998212 1.63620000160 0.0346392393112
v 0.00329999998212 1.63620000160 0.0346392393112
v -0.00329999998212 1.63620000160 0.0346392393112
v -0.00329999998212 1.63620000160 0.0346392393112
v -0.00350000010803 1.63620000160 0.0348392389715
v -0.00350000010803 1.64479999816 0.0302371606231
v -0.00350000010803 1.64479999816 0.0321444980800
v -0.00350000010803 1.64479999816 0.0321444980800
v -0.00329999998212 1.64479999816 0.0323444977403
v -0.00329999998212 1.64479999816 0.0323444977403
v 0.00329999998212 1.64479999816 0.0323444977403
v 0.00329999998212 1.64479999816 0.0323444977403
v 0.00350000010803 1.64479999816 0.0321444980800
v 0.00350000010803 1.64479999816 0.0321444980800
v 0.00350000010803 1.64479999816 0.0302371606231
v 0.00350000010803 1.64479999816 0.0302371606231
v 0.00329999998212 1.64479999816 0.0300371609628
v 0.00329999998212 1.64479999816 0.0300371609628
v -0.00329999998212 1.64479999816 0.0300371609628
v -0.00329999998212 1.64479999816 0.0300371609628
v -0.00350000010803 1.64479999816 0.0302371606231
v -0.00351514574140 1.65125000304 0.0261741988361
v -0.00351514574140 1.65125000304 0.0282040536404
v -0.00351514574140 1.65125000304 0.0282040536404
v -0.00331514584832 1.65125000304 0.0284040533006
v -0.00331514584832 1.65125000304 0.0284040533006
v 0.00331514584832 1.65125000304 0.0284040533006
v 0.00331514584832 1.65125000304 0.0284040533006
v 0.00351514574140 1.65125000304 0.0282040536404
v 0.00351514574140 1.65125000304 0.0282040536404
v 0.00351514574140 1.65125000304 0.0261741988361
v 0.00351514574140 1.65125000304 0.0261741988361
v 0.00331514584832 1.65125000304 0.0259741991758
v 0.00331514584832 1.65125000304 0.0259741991758
v -0.00331514584832 1.65125000304 0.0259741991758
v -0.00331514584832 1.65125000304 0.0259741991758
v -0.00351514574140 1.65125000304 0.0261741988361
v -0.00372192775831 1.65555000132 0.0228892378509
v -0.00372192775831 1.65555000132 0.0252393037081
v -0.00372192775831 1.65555000132 0.0252393037081
v -0.00352192763239 1.65555000132 0.0254393033683
v -0.00352192763239 1.65555000132 0.0254393033683
v 0.00352192763239 1.65555000132 0.0254393033683
v 0.00352192763239 1.65555000132 0.0254393033683
v 0.00372192775831 1.65555000132 0.0252393037081
v 0.00372192775831 1.65555000132 0.0252393037081
v 0.00372192775831 1.65555000132 0.0228892378509
v 0.00372192775831 1.65555000132 0.0228892378509
v 0.00352192763239 1.65555000132 0.0226892381907
v 0.00352192763239 1.65555000132 0.0226892381907
v -0.00352192763239 1.65555000132 0.0226892381907
v -0.00352192763239 1.65555000132 0.0226892381907
v -0.00372192775831 1.65555000132 0.0228892378509
v -0.00391107099131 1.65877500004 0.0199740584940
v -0.00391107099131 1.65877500004 0.0225378703326
v -0.00391107099131 1.65877500004 0.0225378703326
v -0.00371107109822 1.65877500004 0.0227378699929
v -0.00371107109822 1.65877500004 0.0227378699929
v 0.00371107109822 1.65877500004 0.0227378699929
v 0.00371107109822 1.65877500004 0.0227378699929
v 0.00391107099131 1.65877500004 0.0225378703326
v 0.00391107099131 1.65877500004 0.0225378703326
v 0.00391107099131 1.65877500004 0.0199740584940
v 0.00391107099131 1.65877500004 0.0199740584940
v 0.00371107109822 1.65877500004 0.0197740588337
v 0.00371107109822 1.65877500004 0.0197740588337
v -0.00371107109822 1.65877500004 0.0197740588337
v -0.00371107109822 1.65877500004 0.0197740588337
v -0.00391107099131 1.65877500004 0.0199740584940
v -0.00398390786722 1.66070999777 0.0178189501166
v -0.00398390786722 1.66070999777 0.0204273387790
v -0.00398390786722 1.66070999777 0.0204273387790
v -0.00378390797414 1.66070999777 0.0206273384392
v -0.00378390797414 1.66070999777 0.0206273384392
v 0.00378390797414 1.66070999777 0.0206273384392
v 0.00378390797414 1.66070999777 0.0206273384392
v 0.00398390786722 1.66070999777 0.0204273387790
v 0.00398390786722 1.66070999777 0.0204273387790
v 0.00398390786722 1.66070999777 0.0178189501166
v 0.00398390786722 1.66070999777 0.0178189501166
v 0.00378390797414 1.66070999777 0.0176189504564
v 0.00378390797414 1.66070999777 0.0176189504564
v -0.00378390797414 1.66070999777 0.0176189504564
v -0.00378390797414 1.66070999777 0.0176189504564
v -0.00398390786722 1.66070999777 0.0178189501166
v -0.00400000018999 1.66199999875 0.0154499998316
v -0.00400000018999 1.66199999875 0.0180500000715
v -0.00400000018999 1.66199999875 0.0180500000715
v -0.00380000006407 1.66199999875 0.0182499997318
v -0.00380000006407 1.66199999875 0.0182499997318
v 0.00380000006407 1.66199999875 0.0182499997318
v 0.00380000006407 1.66199999875 0.0182499997318
v 0.00400000018999 1.66199999875 0.0180500000715
v 0.00400000018999 1.66199999875 0.0180500000715
v 0.00400000018999 1.66199999875 0.0154499998316
v 0.00400000018999 1.66199999875 0.0154499998316
v 0.00380000006407 1.66199999875 0.0152500001714
v 0.00380000006407 1.66199999875 0.0152500001714
v -0.00380000006407 1.66199999875 0.0152500001714
v -0.00380000006407 1.66199999875 0.0152500001714
v -0.00400000018999 1.66199999875 0.0154499998316
v -0.00400000018999 1.44700000262 0.0154499998316
v -0.00400000018999 1.44700000262 0.0180500000715
v -0.00400000018999 1.66199999875 0.0154499998316
v -0.00400000018999 1.66199999875 0.0180500000715
v 0.00400000018999 1.44700000262 0.0180500000715
v 0.00400000018999 1.66199999875 0.0180500000715
v 0.00400000018999 1.44700000262 0.0154499998316
v 0.00400000018999 1.66199999875 0.0154499998316
v 0.00380000006407 1.44700000262 0.0152500001714
v 0.00380000006407 1.66199999875 0.0152500001714
v -0.00380000006407 1.44700000262 0.0152500001714
v -0.00380000006407 1.66199999875 0.0152500001714
vt 0 0
vt 0.125 0
vt 0 0.006000000052154064
vt 0.125 0.006000000052154064
vt 0.125 0
vt 0.25 0
vt 0.125 0.006000000052154064
vt 0.25 0.006000000052154064
vt 0.25 0
vt 0.375 0
vt 0.25 0.006000000052154064
vt 0.375 0.006000000052154064
vt 0.375 0
vt 0.5 0
vt 0.375 0.006000000052154064
vt 0.5 0.006000000052154064
vt 0.5 0
vt 0.625 0
vt 0.5 0.006000000052154064
vt 0.625 0.006000000052154064
vt 0.625 0
vt 0.75 0
vt 0.625 0.006000000052154064
vt 0.75 0.006000000052154064
vt 0.75 0
vt 0.875 0
vt 0.75 0.006000000052154064
vt 0.875 0.006000000052154064
vt 0.875 0
vt 0 0
vt 0.875 0.006000000052154064
vt 0 0.006000000052154064
vt 0 0.014999999664723873
vt 0.125 0.014999999664723873
vt 0.125 0.014999999664723873
vt 0.25 0.014999999664723873
vt 0.25 0.006000000052154064
vt 0.375 0.006000000052154064
vt 0.25 0.014999999664723873
vt 0.375 0.014999999664723873
vt 0.375 0.014999999664723873
vt 0.5 0.014999999664723873
vt 0.5 0.014999999664723873
vt 0.625 0.014999999664723873
vt 0.625 0.014999999664723873
vt 0.75 0.014999999664723873
vt 0.75 0.014999999664723873
vt 0.875 0.014999999664723873
vt 0.875 0.014999999664723873
vt 0 0.014999999664723873
vt 0 0.029999999329447746
vt 0.125 0.029999999329447746
vt 0.125 0.029999999329447746
vt 0.25 0.029999999329447746
vt 0.25 0.029999999329447746
vt 0.375 0.029999999329447746
vt 0.375 0.029999999329447746
vt 0.5 0.029999999329447746
vt 0.5 0.029999999329447746
vt 0.625 0.029999999329447746
vt 0.625 0.029999999329447746
vt 0.75 0.029999999329447746
vt 0.75 0.029999999329447746
vt 0.875 0.029999999329447746
vt 0.875 0.029999999329447746
vt 0 0.029999999329447746
vt 0 0.05000000074505806
vt 0.125 0.05000000074505806
vt 0.125 0.029999999329447746
vt 0.25 0.029999999329447746
vt 0.125 0.05000000074505806
vt 0.25 0.05000000074505806
vt 0.25 0.05000000074505806
vt 0.375 0.05000000074505806
vt 0.375 0.029999999329447746
vt 0.5 0.029999999329447746
vt 0.375 0.05000000074505806
vt 0.5 0.05000000074505806
vt 0.5 0.05000000074505806
vt 0.625 0.05000000074505806
vt 0.625 0.05000000074505806
vt 0.75 0.05000000074505806
vt 0.75 0.05000000074505806
vt 0.875 0.05000000074505806
vt 0.875 0.05000000074505806
vt 0 0.05000000074505806
vt 0 0.07999999821186066
vt 0.125 0.07999999821186066
vt 0.125 0.07999999821186066
vt 0.25 0.07999999821186066
vt 0.25 0.07999999821186066
vt 0.375 0.07999999821186066
vt 0.375 0.07999999821186066
vt 0.5 0.07999999821186066
vt 0.5 0.07999999821186066
vt 0.625 0.07999999821186066
vt 0.625 0.07999999821186066
vt 0.75 0.07999999821186066
vt 0.75 0.07999999821186066
vt 0.875 0.07999999821186066
vt 0.875 0.07999999821186066
vt 0 0.07999999821186066
vt 0 0.11999999731779099
vt 0.125 0.11999999731779099
vt 0.125 0.11999999731779099
vt 0.25 0.11999999731779099
vt 0.25 0.11999999731779099
vt 0.375 0.11999999731779099
vt 0.375 0.11999999731779099
vt 0.5 0.11999999731779099
vt 0.5 0.11999999731779099
vt 0.625 0.11999999731779099
vt 0.625 0.11999999731779099
vt 0.75 0.11999999731779099
vt 0.75 0.11999999731779099
vt 0.875 0.11999999731779099
vt 0.875 0.11999999731779099
vt 0 0.11999999731779099
vt 0 0.18000000715255737
vt 0.125 0.18000000715255737
vt 0.125 0.18000000715255737
vt 0.25 0.18000000715255737
vt 0.25 0.18000000715255737
vt 0.375 0.18000000715255737
vt 0.375 0.18000000715255737
vt 0.5 0.18000000715255737
vt 0.5 0.18000000715255737
vt 0.625 0.18000000715255737
vt 0.625 0.18000000715255737
vt 0.75 0.18000000715255737
vt 0.75 0.18000000715255737
vt 0.875 0.18000000715255737
vt 0.875 0.18000000715255737
vt 0 0.18000000715255737
vt 0 0.25
vt 0.125 0.25
vt 0.125 0.25
vt 0.25 0.25
vt 0.25 0.25
vt 0.375 0.25
vt 0.375 0.25
vt 0.5 0.25
vt 0.5 0.25
vt 0.625 0.25
vt 0.625 0.25
vt 0.75 0.25
vt 0.75 0.25
vt 0.875 0.25
vt 0.875 0.25
vt 0 0.25
vt 0 0.33000001311302185
vt 0.125 0.33000001311302185
vt 0.125 0.33000001311302185
vt 0.25 0.33000001311302185
vt 0.25 0.33000001311302185
vt 0.375 0.33000001311302185
vt 0.375 0.33000001311302185
vt 0.5 0.33000001311302185
vt 0.5 0.33000001311302185
vt 0.625 0.33000001311302185
vt 0.625 0.33000001311302185
vt 0.75 0.33000001311302185
vt 0.75 0.33000001311302185
vt 0.875 0.33000001311302185
vt 0.875 0.33000001311302185
vt 0 0.33000001311302185
vt 0 0.41999998688697815
vt 0.125 0.41999998688697815
vt 0.125 0.41999998688697815
vt 0.25 0.41999998688697815
vt 0.25 0.41999998688697815
vt 0.375 0.41999998688697815
vt 0.375 0.41999998688697815
vt 0.5 0.41999998688697815
vt 0.5 0.41999998688697815
vt 0.625 0.41999998688697815
vt 0.625 0.41999998688697815
vt 0.75 0.41999998688697815
vt 0.75 0.41999998688697815
vt 0.875 0.41999998688697815
vt 0.875 0.41999998688697815
vt 0 0.41999998688697815
vt 0 0.5
vt 0.125 0.5
vt 0.125 0.41999998688697815
vt 0.25 0.41999998688697815
vt 0.125 0.5
vt 0.25 0.5
vt 0.25 0.41999998688697815
vt 0.375 0.41999998688697815
vt 0.25 0.5
vt 0.375 0.5
vt 0.375 0.41999998688697815
vt 0.5 0.41999998688697815
vt 0.375 0.5
vt 0.5 0.5
vt 0.5 0.5
vt 0.625 0.5
vt 0.625 0.41999998688697815
vt 0.75 0.41999998688697815
vt 0.625 0.5
vt 0.75 0.5
vt 0.75 0.41999998688697815
vt 0.875 0.41999998688697815
vt 0.75 0.5
vt 0.875 0.5
vt 0.875 0.41999998688697815
vt 0 0.41999998688697815
vt 0.875 0.5
vt 0 0.5
vt 0 0.5799999833106995
vt 0.125 0.5799999833106995
vt 0.125 0.5
vt 0.25 0.5
vt 0.125 0.5799999833106995
vt 0.25 0.5799999833106995
vt 0.25 0.5
vt 0.375 0.5
vt 0.25 0.5799999833106995
vt 0.375 0.5799999833106995
vt 0.375 0.5
vt 0.5 0.5
vt 0.375 0.5799999833106995
vt 0.5 0.5799999833106995
vt 0.5 0.5799999833106995
vt 0.625 0.5799999833106995
vt 0.625 0.5
vt 0.75 0.5
vt 0.625 0.5799999833106995
vt 0.75 0.5799999833106995
vt 0.75 0.5
vt 0.875 0.5
vt 0.75 0.5799999833106995
vt 0.875 0.5799999833106995
vt 0.875 0.5
vt 0 0.5
vt 0.875 0.5799999833106995
vt 0 0.5799999833106995
vt 0 0.6700000166893005
vt 0.125 0.6700000166893005
vt 0.125 0.5799999833106995
vt 0.25 0.5799999833106995
vt 0.125 0.6700000166893005
vt 0.25 0.6700000166893005
vt 0.25 0.5799999833106995
vt 0.375 0.5799999833106995
vt 0.25 0.6700000166893005
vt 0.375 0.6700000166893005
vt 0.375 0.5799999833106995
vt 0.5 0.5799999833106995
vt 0.375 0.6700000166893005
vt 0.5 0.6700000166893005
vt 0.5 0.6700000166893005
vt 0.625 0.6700000166893005
vt 0.625 0.5799999833106995
vt 0.75 0.5799999833106995
vt 0.625 0.6700000166893005
vt 0.75 0.6700000166893005
vt 0.75 0.5799999833106995
vt 0.875 0.5799999833106995
vt 0.75 0.6700000166893005
vt 0.875 0.6700000166893005
vt 0.875 0.5799999833106995
vt 0 0.5799999833106995
vt 0.875 0.6700000166893005
vt 0 0.6700000166893005
vt 0 0.75
vt 0.125 0.75
vt 0.125 0.75
vt 0.25 0.75
vt 0.25 0.75
vt 0.375 0.75
vt 0.375 0.75
vt 0.5 0.75
vt 0.5 0.75
vt 0.625 0.75
vt 0.625 0.75
vt 0.75 0.75
vt 0.75 0.75
vt 0.875 0.75
vt 0.875 0.75
vt 0 0.75
vt 0 0.8199999928474426
vt 0.125 0.8199999928474426
vt 0.125 0.8199999928474426
vt 0.25 0.8199999928474426
vt 0.25 0.8199999928474426
vt 0.375 0.8199999928474426
vt 0.375 0.8199999928474426
vt 0.5 0.8199999928474426
vt 0.5 0.8199999928474426
vt 0.625 0.8199999928474426
vt 0.625 0.8199999928474426
vt 0.75 0.8199999928474426
vt 0.75 0.8199999928474426
vt 0.875 0.8199999928474426
vt 0.875 0.8199999928474426
vt 0 0.8199999928474426
vt 0 0.8799999952316284
vt 0.125 0.8799999952316284
vt 0.125 0.8799999952316284
vt 0.25 0.8799999952316284
vt 0.25 0.8799999952316284
vt 0.375 0.8799999952316284
vt 0.375 0.8799999952316284
vt 0.5 0.8799999952316284
vt 0.5 0.8799999952316284
vt 0.625 0.8799999952316284
vt 0.625 0.8799999952316284
vt 0.75 0.8799999952316284
vt 0.75 0.8799999952316284
vt 0.875 0.8799999952316284
vt 0.875 0.8799999952316284
vt 0 0.8799999952316284
vt 0 0.9200000166893005
vt 0.125 0.9200000166893005
vt 0.125 0.9200000166893005
vt 0.25 0.9200000166893005
vt 0.25 0.9200000166893005
vt 0.375 0.9200000166893005
vt 0.375 0.9200000166893005
vt 0.5 0.9200000166893005
vt 0.5 0.9200000166893005
vt 0.625 0.9200000166893005
vt 0.625 0.9200000166893005
vt 0.75 0.9200000166893005
vt 0.75 0.9200000166893005
vt 0.875 0.9200000166893005
vt 0.875 0.9200000166893005
vt 0 0.9200000166893005
vt 0 0.949999988079071
vt 0.125 0.949999988079071
vt 0.125 0.949999988079071
vt 0.25 0.949999988079071
vt 0.25 0.949999988079071
vt 0.375 0.949999988079071
vt 0.375 0.949999988079071
vt 0.5 0.949999988079071
vt 0.5 0.949999988079071
vt 0.625 0.949999988079071
vt 0.625 0.949999988079071
vt 0.75 0.949999988079071
vt 0.75 0.949999988079071
vt 0.875 0.949999988079071
vt 0.875 0.949999988079071
vt 0 0.949999988079071
vt 0 0.9700000286102295
vt 0.125 0.9700000286102295
vt 0.125 0.9700000286102295
vt 0.25 0.9700000286102295
vt 0.25 0.9700000286102295
vt 0.375 0.9700000286102295
vt 0.375 0.9700000286102295
vt 0.5 0.9700000286102295
vt 0.5 0.9700000286102295
vt 0.625 0.9700000286102295
vt 0.625 0.9700000286102295
vt 0.75 0.9700000286102295
vt 0.75 0.9700000286102295
vt 0.875 0.9700000286102295
vt 0.875 0.9700000286102295
vt 0 0.9700000286102295
vt 0 0.9850000143051147
vt 0.125 0.9850000143051147
vt 0.125 0.9850000143051147
vt 0.25 0.9850000143051147
vt 0.25 0.9850000143051147
vt 0.375 0.9850000143051147
vt 0.375 0.9850000143051147
vt 0.5 0.9850000143051147
vt 0.5 0.9850000143051147
vt 0.625 0.9850000143051147
vt 0.625 0.9850000143051147
vt 0.75 0.9850000143051147
vt 0.75 0.9850000143051147
vt 0.875 0.9850000143051147
vt 0.875 0.9850000143051147
vt 0 0.9850000143051147
vt 0 0.9940000176429749
vt 0.125 0.9940000176429749
vt 0.125 0.9940000176429749
vt 0.25 0.9940000176429749
vt 0.25 0.9940000176429749
vt 0.375 0.9940000176429749
vt 0.375 0.9940000176429749
vt 0.5 0.9940000176429749
vt 0.5 0.9940000176429749
vt 0.625 0.9940000176429749
vt 0.625 0.9940000176429749
vt 0.75 0.9940000176429749
vt 0.75 0.9940000176429749
vt 0.875 0.9940000176429749
vt 0.875 0.9940000176429749
vt 0 0.9940000176429749
vt 0 1
vt 0.125 1
vt 0.125 1
vt 0.25 1
vt 0.25 1
vt 0.375 1
vt 0.375 1
vt 0.5 1
vt 0.5 1
vt 0.625 1
vt 0.625 1
vt 0.75 1
vt 0.75 1
vt 0.875 1
vt 0.875 1
vt 0 1
vt 0 0
vt 0.125 0
vt 0 1
vt 0.125 1
vt 0.5 0
vt 0.5 1
vt 0.625 0
vt 0.625 1
vt 0.75 0
vt 0.75 1
vt 0.875 0
vt 0.875 1
vn -0.999662539460 0.0259770514302 0.00000000000
vn -0.999662539460 0.0259770514302 0.00000000000
vn -0.999662539460 0.0259770514302 0.00000000000
vn -0.998901890498 0.0468509675364 0.00000000000
vn -0.0558836078630 -0.991495176164 0.117534412050
vn -0.0558836078630 -0.991495176164 0.117534412050
vn -0.305513562677 -0.670395080454 0.676189248009
vn -0.305513562677 -0.670395080454 0.676189248009
vn -1.03860322712e-9 -0.987663291559 0.156592536562
vn -1.03860322712e-9 -0.987663291559 0.156592536562
vn 6.32202666389e-10 -0.718067870013 0.695973084290
vn 6.32202666389e-10 -0.718067870013 0.695973084290
vn 0.0558836078630 -0.991495176164 0.117534412050
vn 0.0558836078630 -0.991495176164 0.117534412050
vn 0.305513562677 -0.670395080454 0.676189248009
vn 0.305513562677 -0.670395080454 0.676189248009
vn 0.999516332018 0.0310982640759 0.00000000000
vn 0.999516332018 0.0310982640759 0.00000000000
vn 0.999074529035 0.0430126194643 0.00000000000
vn 0.999516332018 0.0310982640759 0.00000000000
vn 0.265945760096 0.767250054401 -0.583609635552
vn 0.265945760096 0.767250054401 -0.583609635552
vn 0.265945760096 0.767250054401 -0.583609635552
vn 0.265945760096 0.767250054401 -0.583609635552
vn 3.43656992215e-10 0.797925950171 -0.602755487776
vn 3.43656992215e-10 0.797925950171 -0.602755487776
vn 3.43656992215e-10 0.797925950171 -0.602755487776
vn 3.43656992215e-10 0.797925950171 -0.602755487776
vn -0.265945760096 0.767250054401 -0.583609635552
vn -0.265945760096 0.767250054401 -0.583609635552
vn -0.265945760096 0.767250054401 -0.583609635552
vn -0.265945760096 0.767250054401 -0.583609635552
vn -0.999662539460 0.0259770514302 0.00000000000
vn -0.998901890498 0.0468509675364 0.00000000000
vn -0.305513562677 -0.670395080454 0.676189248009
vn -0.305513562677 -0.670395080454 0.676189248009
vn 3.72975042182e-10 -0.702243928735 0.711936418899
vn 3.72975042182e-10 -0.702243928735 0.711936418899
vn 3.72975042182e-10 -0.702243928735 0.711936418899
vn 3.72975042182e-10 -0.702243928735 0.711936418899
vn 0.305513562677 -0.670395080454 0.676189248009
vn 0.305513562677 -0.670395080454 0.676189248009
vn 0.999074529035 0.0430126194643 0.00000000000
vn 0.999516332018 0.0310982640759 0.00000000000
vn 0.265945760096 0.767250054401 -0.583609635552
vn 0.265945760096 0.767250054401 -0.583609635552
vn 3.43656992215e-10 0.797925950171 -0.602755487776
vn 3.43656992215e-10 0.797925950171 -0.602755487776
vn -0.265945760096 0.767250054401 -0.583609635552
vn -0.265945760096 0.767250054401 -0.583609635552
vn -0.998901890498 0.0468509675364 0.00000000000
vn -0.998901890498 0.0468509675364 0.00000000000
vn -0.305513562677 -0.670395080454 0.676189248009
vn -0.305513562677 -0.670395080454 0.676189248009
vn 3.72975042182e-10 -0.702243928735 0.711936418899
vn 3.72975042182e-10 -0.702243928735 0.711936418899
vn 0.305513562677 -0.670395080454 0.676189248009
vn 0.305513562677 -0.670395080454 0.676189248009
vn 0.999074529035 0.0430126194643 0.00000000000
vn 0.999074529035 0.0430126194643 0.00000000000
vn 0.315875379577 0.616653379549 -0.721083458462
vn 0.315875379577 0.616653379549 -0.721083458462
vn -1.54044785304e-9 0.653957295739 -0.756531463556
vn -1.54044785304e-9 0.653957295739 -0.756531463556
vn -0.315875379577 0.616653379549 -0.721083458462
vn -0.315875379577 0.616653379549 -0.721083458462
vn -0.999682496848 0.0251973311343 0.00000000000
vn -0.999682496848 0.0251973311343 0.00000000000
vn -0.332092652637 -0.644095141924 0.689097901763
vn -0.332092652637 -0.644095141924 0.689097901763
vn -0.344539707460 -0.505368002407 0.791135621829
vn -0.344539707460 -0.505368002407 0.791135621829
vn 1.00959473100e-9 -0.535801822523 0.844343772986
vn 1.00959473100e-9 -0.535801822523 0.844343772986
vn 0.332092652637 -0.644095141924 0.689097901763
vn 0.332092652637 -0.644095141924 0.689097901763
vn 0.344539707460 -0.505368002407 0.791135621829
vn 0.344539707460 -0.505368002407 0.791135621829
vn 0.999682496848 0.0251973311343 0.00000000000
vn 0.999682496848 0.0251973311343 0.00000000000
vn 0.334289612152 0.543406250964 -0.770039026037
vn 0.334289612152 0.543406250964 -0.770039026037
vn 1.06397789654e-9 0.578906352260 -0.815394036839
vn 1.06397789654e-9 0.578906352260 -0.815394036839
vn -0.334289612152 0.543406250964 -0.770039026037
vn -0.334289612152 0.543406250964 -0.770039026037
vn -0.999999310772 0.00117407684011 0.00000000000
vn -0.999999310772 0.00117407684011 0.00000000000
vn -0.350422623140 -0.462132814667 0.814639335412
vn -0.350422623140 -0.462132814667 0.814639335412
vn -4.00041469149e-10 -0.493327703326 0.869843536006
vn -4.00041469149e-10 -0.493327703326 0.869843536006
vn 0.350422623140 -0.462132814667 0.814639335412
vn 0.350422623140 -0.462132814667 0.814639335412
vn 0.999999310772 0.00117407684011 0.00000000000
vn 0.999999310772 0.00117407684011 0.00000000000
vn 0.348790189714 0.471554058746 -0.809927264166
vn 0.348790189714 0.471554058746 -0.809927264166
vn -4.07306237144e-10 0.503324321025 -0.864097580059
vn -4.07306237144e-10 0.503324321025 -0.864097580059
vn -0.348790194616 0.471554035570 -0.809927275548
vn -0.348790194616 0.471554035570 -0.809927275548
vn -1.00000000000 0.00000000000 0.00000000000
vn -1.00000000000 0.00000000000 0.00000000000
vn -0.358476575382 -0.405519540771 0.840861728797
vn -0.358476575382 -0.405519540771 0.840861728797
vn -2.62229148669e-9 -0.434430299803 0.900705453860
vn -2.62229148669e-9 -0.434430299803 0.900705453860
vn 0.358476571049 -0.405519565673 0.840861718635
vn 0.358476571049 -0.405519565673 0.840861718635
vn 1.00000000000 0.00000000000 0.00000000000
vn 1.00000000000 0.00000000000 0.00000000000
vn 0.357794798128 0.410709805990 -0.838630036247
vn 0.357794798128 0.410709805990 -0.838630036247
vn -1.48814476550e-17 0.439869977501 -0.898061469440
vn -1.48814476550e-17 0.439869977501 -0.898061469440
vn -0.357794798128 0.410709805990 -0.838630036247
vn -0.357794798128 0.410709805990 -0.838630036247
vn -1.00000000000 0.00000000000 0.00000000000
vn -1.00000000000 0.00000000000 0.00000000000
vn -0.365995473836 -0.341354138345 0.865750925709
vn -0.365995473836 -0.341354138345 0.865750925709
vn 4.54093212894e-9 -0.366848353945 0.930280756120
vn 4.54093212894e-9 -0.366848353945 0.930280756120
vn 0.365995458673 -0.341354094401 0.865750949446
vn 0.365995458673 -0.341354094401 0.865750949446
vn 1.00000000000 0.00000000000 0.00000000000
vn 1.00000000000 0.00000000000 0.00000000000
vn 0.365603328482 0.345076293443 -0.864440025627
vn 0.365603328482 0.345076293443 -0.864440025627
vn -1.50188106993e-17 0.370788545118 -0.928717316954
vn -1.50188106993e-17 0.370788545118 -0.928717316954
vn -0.365603328482 0.345076293443 -0.864440025627
vn -0.365603328482 0.345076293443 -0.864440025627
vn -1.00000000000 0.00000000000 0.00000000000
vn -1.00000000000 0.00000000000 0.00000000000
vn -0.372622511478 -0.268656486283 0.888243297930
vn -0.372622511478 -0.268656486283 0.888243297930
vn -1.91068851590e-9 -0.289549681534 0.957162986081
vn -1.91068851590e-9 -0.289549681534 0.957162986081
vn 0.372622528223 -0.268656528158 0.888243278240
vn 0.372622528223 -0.268656528158 0.888243278240
vn 1.00000000000 0.00000000000 0.00000000000
vn 1.00000000000 0.00000000000 0.00000000000
vn 0.372401455401 0.271469510418 -0.887480400307
vn 0.372401455401 0.271469510418 -0.887480400307
vn 1.51432766604e-17 0.292554380879 -0.956248887178
vn 1.51432766604e-17 0.292554380879 -0.956248887178
vn -0.372401455401 0.271469510418 -0.887480400307
vn -0.372401455401 0.271469510418 -0.887480400307
vn -1.00000000000 0.00000000000 0.00000000000
vn -1.00000000000 0.00000000000 0.00000000000
vn -0.378083101427 -0.184881668142 0.907122889801
vn -0.378083101427 -0.184881668142 0.907122889801
vn 1.52519991765e-17 -0.199746887580 0.979847529416
vn 1.52519991765e-17 -0.199746887580 0.979847529416
vn 0.378083101427 -0.184881668142 0.907122889801
vn 0.378083101427 -0.184881668142 0.907122889801
vn 1.00000000000 0.00000000000 0.00000000000
vn 1.00000000000 0.00000000000 0.00000000000
vn 0.377981331980 0.186871348356 -0.906757526486
vn 0.377981331980 0.186871348356 -0.906757526486
vn 0.00000000000 0.201888305854 -0.979408552117
vn 0.00000000000 0.201888305854 -0.979408552117
vn -0.377981331980 0.186871348356 -0.906757526486
vn -0.377981331980 0.186871348356 -0.906757526486
vn -1.00000000000 0.00000000000 0.00000000000
vn -1.00000000000 0.00000000000 0.00000000000
vn -0.381646206764 -0.0923727207087 0.919681169391
vn -0.381646206764 -0.0923727207087 0.919681169391
vn -2.16506375513e-17 -0.121058199284 0.992645411205
vn -2.16506375513e-17 -0.121058199284 0.992645411205
vn 0.381646206239 -0.0923727354827 0.919681168125
vn 0.381646206239 -0.0923727354827 0.919681168125
vn 1.00000000000 0.00000000000 0.00000000000
vn 1.00000000000 0.00000000000 0.00000000000
vn 0.381621890083 0.0934055355604 -0.919586939303
vn 0.381621890083 0.0934055355604 -0.919586939303
vn 0.00000000000 0.122403886765 -0.992480371849
vn 0.00000000000 0.122403886765 -0.992480371849
vn -0.381621890083 0.0934055355604 -0.919586939303
vn -0.381621890083 0.0934055355604 -0.919586939303
vn -1.00000000000 0.00000000000 0.00000000000
vn -1.00000000000 0.00000000000 0.00000000000
vn -0.503966447473 -0.0681037153425 0.861034089789
vn -0.503966447473 -0.0681037153425 0.861034089789
vn -0.505468310890 -0.0174530726604 0.862668636813
vn -0.505468310890 -0.0174530726604 0.862668636813
vn -2.57695260143e-10 -0.0999595174085 0.994991504928
vn -2.57695260143e-10 -0.0999595174085 0.994991504928
vn 3.64892583031e-10 -0.0202412844469 0.999795124215
vn 3.64892583031e-10 -0.0202412844469 0.999795124215
vn 0.503966446961 -0.0681037301745 0.861034088915
vn 0.503966446961 -0.0681037301745 0.861034088915
vn 0.505468311202 -0.0174530372810 0.862668637346
vn 0.505468311202 -0.0174530372810 0.862668637346
vn 1.00000000000 0.00000000000 0.00000000000
vn 1.00000000000 0.00000000000 0.00000000000
vn 0.503931940630 0.0688723252628 -0.860993148652
vn 0.503931940630 0.0688723252628 -0.860993148652
vn 0.505464964158 0.0176527199717 -0.862666535509
vn 0.505464964158 0.0176527199717 -0.862666535509
vn 1.53205446880e-17 0.101076543571 -0.994878652068
vn 1.53205446880e-17 0.101076543571 -0.994878652068
vn 2.16948718754e-17 0.0204733224957 -0.999790399567
vn 2.16948718754e-17 0.0204733224957 -0.999790399567
vn -0.503931940630 0.0688723252628 -0.860993148652
vn -0.503931940630 0.0688723252628 -0.860993148652
vn -0.505464964158 0.0176527199717 -0.862666535509
vn -0.505464964158 0.0176527199717 -0.862666535509
vn -1.00000000000 0.00000000000 0.00000000000
vn -1.00000000000 0.00000000000 0.00000000000
vn -0.505468311202 0.0174530372810 0.862668637346
vn -0.505468311202 0.0174530372810 0.862668637346
vn -0.503966446961 0.0681037301745 0.861034088915
vn -0.503966446961 0.0681037301745 0.861034088915
vn -3.64892583017e-10 0.0202412863088 0.999795124177
vn -3.64892583017e-10 0.0202412863088 0.999795124177
vn 2.57695288090e-10 0.0999595100324 0.994991505669
vn 2.57695288090e-10 0.0999595100324 0.994991505669
vn 0.505468310873 0.0174530745225 0.862668636785
vn 0.505468310873 0.0174530745225 0.862668636785
vn 0.503966447473 0.0681037153425 0.861034089789
vn 0.503966447473 0.0681037153425 0.861034089789
vn 1.00000000000 0.00000000000 0.00000000000
vn 1.00000000000 0.00000000000 0.00000000000
vn 0.505464964158 -0.0176527199717 -0.862666535509
vn 0.505464964158 -0.0176527199717 -0.862666535509
vn 0.503931940630 -0.0688723252628 -0.860993148652
vn 0.503931940630 -0.0688723252628 -0.860993148652
vn 2.16948718746e-17 -0.0204733243576 -0.999790399529
vn 2.16948718746e-17 -0.0204733243576 -0.999790399529
vn 3.06410893990e-17 -0.101076536196 -0.994878652817
vn 3.06410893990e-17 -0.101076536196 -0.994878652817
vn -0.505464964158 -0.0176527199717 -0.862666535509
vn -0.505464964158 -0.0176527199717 -0.862666535509
vn -0.503931940630 -0.0688723252628 -0.860993148652
vn -0.503931940630 -0.0688723252628 -0.860993148652
vn -1.00000000000 0.00000000000 0.00000000000
vn -1.00000000000 0.00000000000 0.00000000000
vn -0.381646206501 0.0923727280957 0.919681168758
vn -0.381646206501 0.0923727280957 0.919681168758
vn -0.378083101427 0.184881668142 0.907122889801
vn -0.378083101427 0.184881668142 0.907122889801
vn 2.16506375708e-17 0.121058191942 0.992645412100
vn 2.16506375708e-17 0.121058191942 0.992645412100
vn 1.52519991765e-17 0.199746887580 0.979847529416
vn 1.52519991765e-17 0.199746887580 0.979847529416
vn 0.381646206764 0.0923727207087 0.919681169391
vn 0.381646206764 0.0923727207087 0.919681169391
vn 0.378083101427 0.184881668142 0.907122889801
vn 0.378083101427 0.184881668142 0.907122889801
vn 1.00000000000 0.00000000000 0.00000000000
vn 1.00000000000 0.00000000000 0.00000000000
vn 0.381621890083 -0.0934055355604 -0.919586939303
vn 0.381621890083 -0.0934055355604 -0.919586939303
vn 0.377981333032 -0.186871333975 -0.906757529011
vn 0.377981333032 -0.186871333975 -0.906757529011
vn 0.00000000000 -0.122403872087 -0.992480373659
vn 0.00000000000 -0.122403872087 -0.992480373659
vn 1.52503053263e-17 -0.201888291560 -0.979408555063
vn 1.52503053263e-17 -0.201888291560 -0.979408555063
vn -0.381621890083 -0.0934055355604 -0.919586939303
vn -0.381621890083 -0.0934055355604 -0.919586939303
vn -0.377981333032 -0.186871333975 -0.906757529011
vn -0.377981333032 -0.186871333975 -0.906757529011
vn -1.00000000000 0.00000000000 0.00000000000
vn -1.00000000000 0.00000000000 0.00000000000
vn -0.372622528223 0.268656528158 0.888243278240
vn -0.372622528223 0.268656528158 0.888243278240
vn 1.91068851590e-9 0.289549681534 0.957162986081
vn 1.91068851590e-9 0.289549681534 0.957162986081
vn 0.372622511478 0.268656486283 0.888243297930
vn 0.372622511478 0.268656486283 0.888243297930
vn 1.00000000000 0.00000000000 0.00000000000
vn 1.00000000000 0.00000000000 0.00000000000
vn 0.372401455401 -0.271469510418 -0.887480400307
vn 0.372401455401 -0.271469510418 -0.887480400307
vn 1.51432766604e-17 -0.292554380879 -0.956248887178
vn 1.51432766604e-17 -0.292554380879 -0.956248887178
vn -0.372401455401 -0.271469510418 -0.887480400307
vn -0.372401455401 -0.271469510418 -0.887480400307
vn -1.00000000000 0.00000000000 0.00000000000
vn -1.00000000000 0.00000000000 0.00000000000
vn -0.365995458673 0.341354094401 0.865750949446
vn -0.365995458673 0.341354094401 0.865750949446
vn -4.54093212894e-9 0.366848353945 0.930280756120
vn -4.54093212894e-9 0.366848353945 0.930280756120
vn 0.365995473836 0.341354138345 0.865750925709
vn 0.365995473836 0.341354138345 0.865750925709
vn 1.00000000000 0.00000000000 0.00000000000
vn 1.00000000000 0.00000000000 0.00000000000
vn 0.365603328482 -0.345076293443 -0.864440025627
vn 0.365603328482 -0.345076293443 -0.864440025627
vn 1.50188106993e-17 -0.370788545118 -0.928717316954
vn 1.50188106993e-17 -0.370788545118 -0.928717316954
vn -0.365603328482 -0.345076293443 -0.864440025627
vn -0.365603328482 -0.345076293443 -0.864440025627
vn -0.999999827693 -0.000587038292178 0.00000000000
vn -0.999999827693 -0.000587038292178 0.00000000000
vn -0.354618373683 0.434088204187 0.828138418401
vn -0.354618373683 0.434088204187 0.828138418401
vn 1.50688540666e-9 0.464271221410 0.885693080570
vn 1.50688540666e-9 0.464271221410 0.885693080570
vn 0.354618378271 0.434088180000 0.828138429115
vn 0.354618378271 0.434088180000 0.828138429115
vn 0.999999827693 -0.000587038292178 0.00000000000
vn 0.999999827693 -0.000587038292178 0.00000000000
vn 0.353487934540 -0.441441381815 -0.824727704491
vn 0.353487934540 -0.441441381815 -0.824727704491
vn 2.04819832592e-10 -0.472063999572 -0.881564280304
vn 2.04819832592e-10 -0.472063999572 -0.881564280304
vn -0.353487934540 -0.441441381815 -0.824727704491
vn -0.353487934540 -0.441441381815 -0.824727704491
vn -0.999999827693 -0.000587038292178 0.00000000000
vn -0.999999827693 -0.000587038292178 0.00000000000
vn -0.354618373683 0.434088204187 0.828138418401
vn -0.354618373683 0.434088204187 0.828138418401
vn 1.50688540666e-9 0.464271221410 0.885693080570
vn 1.50688540666e-9 0.464271221410 0.885693080570
vn 0.354618378271 0.434088180000 0.828138429115
vn 0.354618378271 0.434088180000 0.828138429115
vn 0.999999827693 -0.000587038292178 0.00000000000
vn 0.999999827693 -0.000587038292178 0.00000000000
vn 0.353487934540 -0.441441381815 -0.824727704491
vn 0.353487934540 -0.441441381815 -0.824727704491
vn 2.04819832592e-10 -0.472063999572 -0.881564280304
vn 2.04819832592e-10 -0.472063999572 -0.881564280304
vn -0.353487934540 -0.441441381815 -0.824727704491
vn -0.353487934540 -0.441441381815 -0.824727704491
vn -0.999229417581 -0.0392501088116 0.00000000000
vn -0.999229417581 -0.0392501088116 0.00000000000
vn -0.340247382208 0.532640083173 0.774936294606
vn -0.340247382208 0.532640083173 0.774936294606
vn 2.41404172905e-10 0.562843080784 0.826563770325
vn 2.41404172905e-10 0.562843080784 0.826563770325
vn 0.340247382208 0.532640083173 0.774936294606
vn 0.340247382208 0.532640083173 0.774936294606
vn 0.999229417581 -0.0392501088116 0.00000000000
vn 0.999229417581 -0.0392501088116 0.00000000000
vn 0.325379916902 -0.580746368409 -0.746231576159
vn 0.325379916902 -0.580746368409 -0.746231576159
vn 2.50880086109e-10 -0.617490509420 -0.786578330986
vn 2.50880086109e-10 -0.617490509420 -0.786578330986
vn -0.325379916902 -0.580746368409 -0.746231576159
vn -0.325379916902 -0.580746368409 -0.746231576159
vn -0.999229417581 -0.0392501088116 0.00000000000
vn -0.999229417581 -0.0392501088116 0.00000000000
vn -0.340247382208 0.532640083173 0.774936294606
vn -0.340247382208 0.532640083173 0.774936294606
vn 2.41404172905e-10 0.562843080784 0.826563770325
vn 2.41404172905e-10 0.562843080784 0.826563770325
vn 0.340247382208 0.532640083173 0.774936294606
vn 0.340247382208 0.532640083173 0.774936294606
vn 0.999229417581 -0.0392501088116 0.00000000000
vn 0.999229417581 -0.0392501088116 0.00000000000
vn 0.325379916902 -0.580746368409 -0.746231576159
vn 0.325379916902 -0.580746368409 -0.746231576159
vn 2.50880086109e-10 -0.617490509420 -0.786578330986
vn 2.50880086109e-10 -0.617490509420 -0.786578330986
vn -0.325379916902 -0.580746368409 -0.746231576159
vn -0.325379916902 -0.580746368409 -0.746231576159
vn -0.999516332018 -0.0310982640759 0.00000000000
vn -0.999464300930 -0.0327278347370 0.00000000000
vn -0.288307251173 0.720591310752 0.630576792937
vn -0.288307251173 0.720591310752 0.630576792937
vn -1.26474329942e-9 0.751324170454 0.659933323065
vn -1.26474329942e-9 0.751324170454 0.659933323065
vn 0.288307251173 0.720591310752 0.630576792937
vn 0.288307251173 0.720591310752 0.630576792937
vn 0.999183277869 -0.0404076382168 0.00000000000
vn 0.999662539460 -0.0259770514302 0.00000000000
vn 0.265945760096 -0.767250054401 -0.583609635552
vn 0.265945760096 -0.767250054401 -0.583609635552
vn -3.43656992215e-10 -0.797925950171 -0.602755487776
vn -3.43656992215e-10 -0.797925950171 -0.602755487776
vn -0.265945760096 -0.767250054401 -0.583609635552
vn -0.265945760096 -0.767250054401 -0.583609635552
vn -0.999516332018 -0.0310982640759 0.00000000000
vn -0.999464300930 -0.0327278347370 0.00000000000
vn -0.288307251173 0.720591310752 0.630576792937
vn -0.288307251173 0.720591310752 0.630576792937
vn -1.26474329942e-9 0.751324170454 0.659933323065
vn -1.26474329942e-9 0.751324170454 0.659933323065
vn 0.288307251173 0.720591310752 0.630576792937
vn 0.288307251173 0.720591310752 0.630576792937
vn 0.999183277869 -0.0404076382168 0.00000000000
vn 0.999662539460 -0.0259770514302 0.00000000000
vn 0.265945760096 -0.767250054401 -0.583609635552
vn 0.265945760096 -0.767250054401 -0.583609635552
vn -3.43656992215e-10 -0.797925950171 -0.602755487776
vn -3.43656992215e-10 -0.797925950171 -0.602755487776
vn -0.265945760096 -0.767250054401 -0.583609635552
vn -0.265945760096 -0.767250054401 -0.583609635552
vn -0.999516332018 -0.0310982640759 0.00000000000
vn -0.999516332018 -0.0310982640759 0.00000000000
vn -0.0558836078630 0.991495176164 0.117534412050
vn -0.0558836078630 0.991495176164 0.117534412050
vn 1.03860322712e-9 0.987663291559 0.156592536562
vn 1.03860322712e-9 0.987663291559 0.156592536562
vn 0.0558836078630 0.991495176164 0.117534412050
vn 0.0558836078630 0.991495176164 0.117534412050
vn 0.999662539460 -0.0259770514302 0.00000000000
vn 0.999662539460 -0.0259770514302 0.00000000000
vn 0.265945760096 -0.767250054401 -0.583609635552
vn 0.265945760096 -0.767250054401 -0.583609635552
vn -3.43656992215e-10 -0.797925950171 -0.602755487776
vn -3.43656992215e-10 -0.797925950171 -0.602755487776
vn -0.265945760096 -0.767250054401 -0.583609635552
vn -0.265945760096 -0.767250054401 -0.583609635552
vn -1.03860322712e-9 -0.987663291559 0.156592536562
vn -1.03860322712e-9 -0.987663291559 0.156592536562
vn 1.03860322712e-9 0.987663291559 0.156592536562
vn 1.03860322712e-9 0.987663291559 0.156592536562
vn -1.03860322712e-9 -0.987663291559 0.156592536562
vn 1.03860322712e-9 0.987663291559 0.156592536562
vn -1.03860322712e-9 -0.987663291559 0.156592536562
vn 1.03860322712e-9 0.987663291559 0.156592536562
vn -1.03860322712e-9 -0.987663291559 0.156592536562
vn 1.03860322712e-9 0.987663291559 0.156592536562
vn -1.03860322712e-9 -0.987663291559 0.156592536562
vn 1.03860322712e-9 0.987663291559 0.156592536562
f 917/917/917 918/918/918 919/919/919
f 918/918/918 920/920/920 919/919/919
f 921/921/921 922/922/922 923/923/923
f 922/922/922 924/924/924 923/923/923
f 925/925/925 926/926/926 927/927/927
f 926/926/926 928/928/928 927/927/927
f 929/929/929 930/930/930 931/931/931
f 930/930/930 932/932/932 931/931/931
f 933/933/933 934/934/934 935/935/935
f 934/934/934 936/936/936 935/935/935
f 937/937/937 938/938/938 939/939/939
f 938/938/938 940/940/940 939/939/939
f 941/941/941 942/942/942 943/943/943
f 942/942/942 944/944/944 943/943/943
f 945/945/945 946/946/946 947/947/947
f 946/946/946 948/948/948 947/947/947
f 919/919/919 920/920/920 949/949/949
f 920/920/920 950/950/950 949/949/949
f 923/923/923 924/924/924 951/951/951
f 924/924/924 952/952/952 951/951/951
f 953/953/953 954/954/954 955/955/955
f 954/954/954 956/956/956 955/955/955
f 931/931/931 932/932/932 957/957/957
f 932/932/932 958/958/958 957/957/957
f 935/935/935 936/936/936 959/959/959
f 936/936/936 960/960/960 959/959/959
f 939/939/939 940/940/940 961/961/961
f 940/940/940 962/962/962 961/961/961
f 943/943/943 944/944/944 963/963/963
f 944/944/944 964/964/964 963/963/963
f 947/947/947 948/948/948 965/965/965
f 948/948/948 966/966/966 965/965/965
f 949/949/949 950/950/950 967/967/967
f 950/950/950 968/968/968 967/967/967
f 951/951/951 952/952/952 969/969/969
f 952/952/952 970/970/970 969/969/969
f 955/955/955 956/956/956 971/971/971
f 956/956/956 972/972/972 971/971/971
f 957/957/957 958/958/958 973/973/973
f 958/958/958 974/974/974 973/973/973
f 959/959/959 960/960/960 975/975/975
f 960/960/960 976/976/976 975/975/975
f 961/961/961 962/962/962 977/977/977
f 962/962/962 978/978/978 977/977/977
f 963/963/963 964/964/964 979/979/979
f 964/964/964 980/980/980 979/979/979
f 965/965/965 966/966/966 981/981/981
f 966/966/966 982/982/982 981/981/981
f 967/967/967 968/968/968 983/983/983
f 968/968/968 984/984/984 983/983/983
f 985/985/985 986/986/986 987/987/987
f 986/986/986 988/988/988 987/987/987
f 971/971/971 972/972/972 989/989/989
f 972/972/972 990/990/990 989/989/989
f 991/991/991 992/992/992 993/993/993
f 992/992/992 994/994/994 993/993/993
f 975/975/975 976/976/976 995/995/995
f 976/976/976 996/996/996 995/995/995
f 977/977/977 978/978/978 997/997/997
f 978/978/978 998/998/998 997/997/997
f 979/979/979 980/980/980 999/999/999
f 980/980/980 1000/1000/1000 999/999/999
f 981/981/981 982/982/982 1001/1001/1001
f 982/982/982 1002/1002/1002 1001/1001/1001
f 983/983/983 984/984/984 1003/1003/1003
f 984/984/984 1004/1004/1004 1003/1003/1003
f 987/987/987 988/988/988 1005/1005/1005
f 988/988/988 1006/1006/1006 1005/1005/1005
f 989/989/989 990/990/990 1007/1007/1007
f 990/990/990 1008/1008/1008 1007/1007/1007
f 993/993/993 994/994/994 1009/1009/1009
f 994/994/994 1010/1010/1010 1009/1009/1009
f 995/995/995 996/996/996 1011/1011/1011
f 996/996/996 1012/1012/1012 1011/1011/1011
f 997/997/997 998/998/998 1013/1013/1013
f 998/998/998 1014/1014/1014 1013/1013/1013
f 999/999/999 1000/1000/1000 1015/1015/1015
f 1000/1000/1000 1016/1016/1016 1015/1015/1015
f 1001/1001/1001 1002/1002/1002 1017/1017/1017
f 1002/1002/1002 1018/1018/1018 1017/1017/1017
f 1003/1003/1003 1004/1004/1004 1019/1019/1019
f 1004/1004/1004 1020/1020/1020 1019/1019/1019
f 1005/1005/1005 1006/1006/1006 1021/1021/1021
f 1006/1006/1006 1022/1022/1022 1021/1021/1021
f 1007/1007/1007 1008/1008/1008 1023/1023/1023
f 1008/1008/1008 1024/1024/1024 1023/1023/1023
f 1009/1009/1009 1010/1010/1010 1025/1025/1025
f 1010/1010/1010 1026/1026/1026 1025/1025/1025
f 1011/1011/1011 1012/1012/1012 1027/1027/1027
f 1012/1012/1012 1028/1028/1028 1027/1027/1027
f 1013/1013/1013 1014/1014/1014 1029/1029/1029
f 1014/1014/1014 1030/1030/1030 1029/1029/1029
f 1015/1015/1015 1016/1016/1016 1031/1031/1031
f 1016/1016/1016 1032/1032/1032 1031/1031/1031
f 1017/1017/1017 1018/1018/1018 1033/1033/1033
f 1018/1018/1018 1034/1034/1034 1033/1033/1033
f 1019/1019/1019 1020/1020/1020 1035/1035/1035
f 1020/1020/1020 1036/1036/1036 1035/1035/1035
f 1021/1021/1021 1022/1022/1022 1037/1037/1037
f 1022/1022/1022 1038/1038/1038 1037/1037/1037
f 1023/1023/1023 1024/1024/1024 1039/1039/1039
f 1024/1024/1024 1040/1040/1040 1039/1039/1039
f 1025/1025/1025 1026/1026/1026 1041/1041/1041
f 1026/1026/1026 1042/1042/1042 1041/1041/1041
f 1027/1027/1027 1028/1028/1028 1043/1043/1043
f 1028/1028/1028 1044/1044/1044 1043/1043/1043
f 1029/1029/1029 1030/1030/1030 1045/1045/1045
f 1030/1030/1030 1046/1046/1046 1045/1045/1045
f 1031/1031/1031 1032/1032/1032 1047/1047/1047
f 1032/1032/1032 1048/1048/1048 1047/1047/1047
f 1033/1033/1033 1034/1034/1034 1049/1049/1049
f 1034/1034/1034 1050/1050/1050 1049/1049/1049
f 1035/1035/1035 1036/1036/1036 1051/1051/1051
f 1036/1036/1036 1052/1052/1052 1051/1051/1051
f 1037/1037/1037 1038/1038/1038 1053/1053/1053
f 1038/1038/1038 1054/1054/1054 1053/1053/1053
f 1039/1039/1039 1040/1040/1040 1055/1055/1055
f 1040/1040/1040 1056/1056/1056 1055/1055/1055
f 1041/1041/1041 1042/1042/1042 1057/1057/1057
f 1042/1042/1042 1058/1058/1058 1057/1057/1057
f 1043/1043/1043 1044/1044/1044 1059/1059/1059
f 1044/1044/1044 1060/1060/1060 1059/1059/1059
f 1045/1045/1045 1046/1046/1046 1061/1061/1061
f 1046/1046/1046 1062/1062/1062 1061/1061/1061
f 1047/1047/1047 1048/1048/1048 1063/1063/1063
f 1048/1048/1048 1064/1064/1064 1063/1063/1063
f 1049/1049/1049 1050/1050/1050 1065/1065/1065
f 1050/1050/1050 1066/1066/1066 1065/1065/1065
f 1051/1051/1051 1052/1052/1052 1067/1067/1067
f 1052/1052/1052 1068/1068/1068 1067/1067/1067
f 1053/1053/1053 1054/1054/1054 1069/1069/1069
f 1054/1054/1054 1070/1070/1070 1069/1069/1069
f 1055/1055/1055 1056/1056/1056 1071/1071/1071
f 1056/1056/1056 1072/1072/1072 1071/1071/1071
f 1057/1057/1057 1058/1058/1058 1073/1073/1073
f 1058/1058/1058 1074/1074/1074 1073/1073/1073
f 1059/1059/1059 1060/1060/1060 1075/1075/1075
f 1060/1060/1060 1076/1076/1076 1075/1075/1075
f 1061/1061/1061 1062/1062/1062 1077/1077/1077
f 1062/1062/1062 1078/1078/1078 1077/1077/1077
f 1063/1063/1063 1064/1064/1064 1079/1079/1079
f 1064/1064/1064 1080/1080/1080 1079/1079/1079
f 1065/1065/1065 1066/1066/1066 1081/1081/1081
f 1066/1066/1066 1082/1082/1082 1081/1081/1081
f 1067/1067/1067 1068/1068/1068 1083/1083/1083
f 1068/1068/1068 1084/1084/1084 1083/1083/1083
f 1069/1069/1069 1070/1070/1070 1085/1085/1085
f 1070/1070/1070 1086/1086/1086 1085/1085/1085
f 1071/1071/1071 1072/1072/1072 1087/1087/1087
f 1072/1072/1072 1088/1088/1088 1087/1087/1087
f 1073/1073/1073 1074/1074/1074 1089/1089/1089
f 1074/1074/1074 1090/1090/1090 1089/1089/1089
f 1075/1075/1075 1076/1076/1076 1091/1091/1091
f 1076/1076/1076 1092/1092/1092 1091/1091/1091
f 1077/1077/1077 1078/1078/1078 1093/1093/1093
f 1078/1078/1078 1094/1094/1094 1093/1093/1093
f 1079/1079/1079 1080/1080/1080 1095/1095/1095
f 1080/1080/1080 1096/1096/1096 1095/1095/1095
f 1081/1081/1081 1082/1082/1082 1097/1097/1097
f 1082/1082/1082 1098/1098/1098 1097/1097/1097
f 1083/1083/1083 1084/1084/1084 1099/1099/1099
f 1084/1084/1084 1100/1100/1100 1099/1099/1099
f 1101/1101/1101 1102/1102/1102 1103/1103/1103
f 1102/1102/1102 1104/1104/1104 1103/1103/1103
f 1105/1105/1105 1106/1106/1106 1107/1107/1107
f 1106/1106/1106 1108/1108/1108 1107/1107/1107
f 1109/1109/1109 1110/1110/1110 1111/1111/1111
f 1110/1110/1110 1112/1112/1112 1111/1111/1111
f 1091/1091/1091 1092/1092/1092 1113/1113/1113
f 1092/1092/1092 1114/1114/1114 1113/1113/1113
f 1115/1115/1115 1116/1116/1116 1117/1117/1117
f 1116/1116/1116 1118/1118/1118 1117/1117/1117
f 1119/1119/1119 1120/1120/1120 1121/1121/1121
f 1120/1120/1120 1122/1122/1122 1121/1121/1121
f 1123/1123/1123 1124/1124/1124 1125/1125/1125
f 1124/1124/1124 1126/1126/1126 1125/1125/1125
f 1099/1099/1099 1100/1100/1100 1127/1127/1127
f 1100/1100/1100 1128/1128/1128 1127/1127/1127
f 1129/1129/1129 1130/1130/1130 1131/1131/1131
f 1130/1130/1130 1132/1132/1132 1131/1131/1131
f 1133/1133/1133 1134/1134/1134 1135/1135/1135
f 1134/1134/1134 1136/1136/1136 1135/1135/1135
f 1137/1137/1137 1138/1138/1138 1139/1139/1139
f 1138/1138/1138 1140/1140/1140 1139/1139/1139
f 1113/1113/1113 1114/1114/1114 1141/1141/1141
f 1114/1114/1114 1142/1142/1142 1141/1141/1141
f 1143/1143/1143 1144/1144/1144 1145/1145/1145
f 1144/1144/1144 1146/1146/1146 1145/1145/1145
f 1147/1147/1147 1148/1148/1148 1149/1149/1149
f 1148/1148/1148 1150/1150/1150 1149/1149/1149
f 1151/1151/1151 1152/1152/1152 1153/1153/1153
f 1152/1152/1152 1154/1154/1154 1153/1153/1153
f 1127/1127/1127 1128/1128/1128 1155/1155/1155
f 1128/1128/1128 1156/1156/1156 1155/1155/1155
f 1157/1157/1157 1158/1158/1158 1159/1159/1159
f 1158/1158/1158 1160/1160/1160 1159/1159/1159
f 1161/1161/1161 1162/1162/1162 1163/1163/1163
f 1162/1162/1162 1164/1164/1164 1163/1163/1163
f 1165/1165/1165 1166/1166/1166 1167/1167/1167
f 1166/1166/1166 1168/1168/1168 1167/1167/1167
f 1141/1141/1141 1142/1142/1142 1169/1169/1169
f 1142/1142/1142 1170/1170/1170 1169/1169/1169
f 1171/1171/1171 1172/1172/1172 1173/1173/1173
f 1172/1172/1172 1174/1174/1174 1173/1173/1173
f 1175/1175/1175 1176/1176/1176 1177/1177/1177
f 1176/1176/1176 1178/1178/1178 1177/1177/1177
f 1179/1179/1179 1180/1180/1180 1181/1181/1181
f 1180/1180/1180 1182/1182/1182 1181/1181/1181
f 1155/1155/1155 1156/1156/1156 1183/1183/1183
f 1156/1156/1156 1184/1184/1184 1183/1183/1183
f 1159/1159/1159 1160/1160/1160 1185/1185/1185
f 1160/1160/1160 1186/1186/1186 1185/1185/1185
f 1163/1163/1163 1164/1164/1164 1187/1187/1187
f 1164/1164/1164 1188/1188/1188 1187/1187/1187
f 1167/1167/1167 1168/1168/1168 1189/1189/1189
f 1168/1168/1168 1190/1190/1190 1189/1189/1189
f 1169/1169/1169 1170/1170/1170 1191/1191/1191
f 1170/1170/1170 1192/1192/1192 1191/1191/1191
f 1173/1173/1173 1174/1174/1174 1193/1193/1193
f 1174/1174/1174 1194/1194/1194 1193/1193/1193
f 1177/1177/1177 1178/1178/1178 1195/1195/1195
f 1178/1178/1178 1196/1196/1196 1195/1195/1195
f 1181/1181/1181 1182/1182/1182 1197/1197/1197
f 1182/1182/1182 1198/1198/1198 1197/1197/1197
f 1183/1183/1183 1184/1184/1184 1199/1199/1199
f 1184/1184/1184 1200/1200/1200 1199/1199/1199
f 1185/1185/1185 1186/1186/1186 1201/1201/1201
f 1186/1186/1186 1202/1202/1202 1201/1201/1201
f 1187/1187/1187 1188/1188/1188 1203/1203/1203
f 1188/1188/1188 1204/1204/1204 1203/1203/1203
f 1189/1189/1189 1190/1190/1190 1205/1205/1205
f 1190/1190/1190 1206/1206/1206 1205/1205/1205
f 1191/1191/1191 1192/1192/1192 1207/1207/1207
f 1192/1192/1192 1208/1208/1208 1207/1207/1207
f 1193/1193/1193 1194/1194/1194 1209/1209/1209
f 1194/1194/1194 1210/1210/1210 1209/1209/1209
f 1195/1195/1195 1196/1196/1196 1211/1211/1211
f 1196/1196/1196 1212/1212/1212 1211/1211/1211
f 1197/1197/1197 1198/1198/1198 1213/1213/1213
f 1198/1198/1198 1214/1214/1214 1213/1213/1213
f 1199/1199/1199 1200/1200/1200 1215/1215/1215
f 1200/1200/1200 1216/1216/1216 1215/1215/1215
f 1201/1201/1201 1202/1202/1202 1217/1217/1217
f 1202/1202/1202 1218/1218/1218 1217/1217/1217
f 1203/1203/1203 1204/1204/1204 1219/1219/1219
f 1204/1204/1204 1220/1220/1220 1219/1219/1219
f 1205/1205/1205 1206/1206/1206 1221/1221/1221
f 1206/1206/1206 1222/1222/1222 1221/1221/1221
f 1207/1207/1207 1208/1208/1208 1223/1223/1223
f 1208/1208/1208 1224/1224/1224 1223/1223/1223
f 1209/1209/1209 1210/1210/1210 1225/1225/1225
f 1210/1210/1210 1226/1226/1226 1225/1225/1225
f 1211/1211/1211 1212/1212/1212 1227/1227/1227
f 1212/1212/1212 1228/1228/1228 1227/1227/1227
f 1213/1213/1213 1214/1214/1214 1229/1229/1229
f 1214/1214/1214 1230/1230/1230 1229/1229/1229
f 1215/1215/1215 1216/1216/1216 1231/1231/1231
f 1216/1216/1216 1232/1232/1232 1231/1231/1231
f 1217/1217/1217 1218/1218/1218 1233/1233/1233
f 1218/1218/1218 1234/1234/1234 1233/1233/1233
f 1219/1219/1219 1220/1220/1220 1235/1235/1235
f 1220/1220/1220 1236/1236/1236 1235/1235/1235
f 1221/1221/1221 1222/1222/1222 1237/1237/1237
f 1222/1222/1222 1238/1238/1238 1237/1237/1237
f 1223/1223/1223 1224/1224/1224 1239/1239/1239
f 1224/1224/1224 1240/1240/1240 1239/1239/1239
f 1225/1225/1225 1226/1226/1226 1241/1241/1241
f 1226/1226/1226 1242/1242/1242 1241/1241/1241
f 1227/1227/1227 1228/1228/1228 1243/1243/1243
f 1228/1228/1228 1244/1244/1244 1243/1243/1243
f 1229/1229/1229 1230/1230/1230 1245/1245/1245
f 1230/1230/1230 1246/1246/1246 1245/1245/1245
f 1231/1231/1231 1232/1232/1232 1247/1247/1247
f 1232/1232/1232 1248/1248/1248 1247/1247/1247
f 1233/1233/1233 1234/1234/1234 1249/1249/1249
f 1234/1234/1234 1250/1250/1250 1249/1249/1249
f 1235/1235/1235 1236/1236/1236 1251/1251/1251
f 1236/1236/1236 1252/1252/1252 1251/1251/1251
f 1237/1237/1237 1238/1238/1238 1253/1253/1253
f 1238/1238/1238 1254/1254/1254 1253/1253/1253
f 1239/1239/1239 1240/1240/1240 1255/1255/1255
f 1240/1240/1240 1256/1256/1256 1255/1255/1255
f 1241/1241/1241 1242/1242/1242 1257/1257/1257
f 1242/1242/1242 1258/1258/1258 1257/1257/1257
f 1243/1243/1243 1244/1244/1244 1259/1259/1259
f 1244/1244/1244 1260/1260/1260 1259/1259/1259
f 1245/1245/1245 1246/1246/1246 1261/1261/1261
f 1246/1246/1246 1262/1262/1262 1261/1261/1261
f 1247/1247/1247 1248/1248/1248 1263/1263/1263
f 1248/1248/1248 1264/1264/1264 1263/1263/1263
f 1249/1249/1249 1250/1250/1250 1265/1265/1265
f 1250/1250/1250 1266/1266/1266 1265/1265/1265
f 1251/1251/1251 1252/1252/1252 1267/1267/1267
f 1252/1252/1252 1268/1268/1268 1267/1267/1267
f 1253/1253/1253 1254/1254/1254 1269/1269/1269
f 1254/1254/1254 1270/1270/1270 1269/1269/1269
f 1255/1255/1255 1256/1256/1256 1271/1271/1271
f 1256/1256/1256 1272/1272/1272 1271/1271/1271
f 1257/1257/1257 1258/1258/1258 1273/1273/1273
f 1258/1258/1258 1274/1274/1274 1273/1273/1273
f 1259/1259/1259 1260/1260/1260 1275/1275/1275
f 1260/1260/1260 1276/1276/1276 1275/1275/1275
f 1261/1261/1261 1262/1262/1262 1277/1277/1277
f 1262/1262/1262 1278/1278/1278 1277/1277/1277
f 1263/1263/1263 1264/1264/1264 1279/1279/1279
f 1264/1264/1264 1280/1280/1280 1279/1279/1279
f 1265/1265/1265 1266/1266/1266 1281/1281/1281
f 1266/1266/1266 1282/1282/1282 1281/1281/1281
f 1267/1267/1267 1268/1268/1268 1283/1283/1283
f 1268/1268/1268 1284/1284/1284 1283/1283/1283
f 1269/1269/1269 1270/1270/1270 1285/1285/1285
f 1270/1270/1270 1286/1286/1286 1285/1285/1285
f 1271/1271/1271 1272/1272/1272 1287/1287/1287
f 1272/1272/1272 1288/1288/1288 1287/1287/1287
f 1273/1273/1273 1274/1274/1274 1289/1289/1289
f 1274/1274/1274 1290/1290/1290 1289/1289/1289
f 1275/1275/1275 1276/1276/1276 1291/1291/1291
f 1276/1276/1276 1292/1292/1292 1291/1291/1291
f 1277/1277/1277 1278/1278/1278 1293/1293/1293
f 1278/1278/1278 1294/1294/1294 1293/1293/1293
f 1279/1279/1279 1280/1280/1280 1295/1295/1295
f 1280/1280/1280 1296/1296/1296 1295/1295/1295
f 1281/1281/1281 1282/1282/1282 1297/1297/1297
f 1282/1282/1282 1298/1298/1298 1297/1297/1297
f 1283/1283/1283 1284/1284/1284 1299/1299/1299
f 1284/1284/1284 1300/1300/1300 1299/1299/1299
f 1285/1285/1285 1286/1286/1286 1301/1301/1301
f 1286/1286/1286 1302/1302/1302 1301/1301/1301
f 1287/1287/1287 1288/1288/1288 1303/1303/1303
f 1288/1288/1288 1304/1304/1304 1303/1303/1303
f 1289/1289/1289 1290/1290/1290 1305/1305/1305
f 1290/1290/1290 1306/1306/1306 1305/1305/1305
f 1291/1291/1291 1292/1292/1292 1307/1307/1307
f 1292/1292/1292 1308/1308/1308 1307/1307/1307
f 1293/1293/1293 1294/1294/1294 1309/1309/1309
f 1294/1294/1294 1310/1310/1310 1309/1309/1309
f 1295/1295/1295 1296/1296/1296 1311/1311/1311
f 1296/1296/1296 1312/1312/1312 1311/1311/1311
f 1297/1297/1297 1298/1298/1298 1313/1313/1313
f 1298/1298/1298 1314/1314/1314 1313/1313/1313
f 1299/1299/1299 1300/1300/1300 1315/1315/1315
f 1300/1300/1300 1316/1316/1316 1315/1315/1315
f 1301/1301/1301 1302/1302/1302 1317/1317/1317
f 1302/1302/1302 1318/1318/1318 1317/1317/1317
f 1303/1303/1303 1304/1304/1304 1319/1319/1319
f 1304/1304/1304 1320/1320/1320 1319/1319/1319
f 1305/1305/1305 1306/1306/1306 1321/1321/1321
f 1306/1306/1306 1322/1322/1322 1321/1321/1321
f 1307/1307/1307 1308/1308/1308 1323/1323/1323
f 1308/1308/1308 1324/1324/1324 1323/1323/1323
f 1309/1309/1309 1310/1310/1310 1325/1325/1325
f 1310/1310/1310 1326/1326/1326 1325/1325/1325
f 1327/1327/1327 925/925/925 1328/1328/1328
f 1329/1329/1329 1330/1330/1330 1315/1315/1315
f 1327/1327/1327 926/926/926 925/925/925
f 1329/1329/1329 1315/1315/1315 1316/1316/1316
f 1327/1327/1327 1331/1331/1331 926/926/926
f 1329/1329/1329 1316/1316/1316 1332/1332/1332
f 1327/1327/1327 1333/1333/1333 1331/1331/1331
f 1329/1329/1329 1332/1332/1332 1334/1334/1334
f 1327/1327/1327 1335/1335/1335 1333/1333/1333
f 1329/1329/1329 1334/1334/1334 1336/1336/1336
f 1327/1327/1327 1337/1337/1337 1335/1335/1335
f 1329/1329/1329 1336/1336/1336 1338/1338/1338
o S12
v 0.00400000018999 1.44700000262 -0.0154499998316
v 0.00400000018999 1.44700000262 -0.0180500000715
v 0.00398390786722 1.44829000360 -0.0178189501166
v 0.00398390786722 1.44829000360 -0.0204273387790
v 0.00400000018999 1.44700000262 -0.0180500000715
v 0.00380000006407 1.44700000262 -0.0182499997318
v 0.00398390786722 1.44829000360 -0.0204273387790
v 0.00378390797414 1.44829000360 -0.0206273384392
v 0.00380000006407 1.44700000262 -0.0182499997318
v -0.00380000006407 1.44700000262 -0.0182499997318
v 0.00378390797414 1.44829000360 -0.0206273384392
v -0.00378390797414 1.44829000360 -0.0206273384392
v -0.00380000006407 1.44700000262 -0.0182499997318
v -0.00400000018999 1.44700000262 -0.0180500000715
v -0.00378390797414 1.44829000360 -0.0206273384392
v -0.00398390786722 1.44829000360 -0.0204273387790
v -0.00400000018999 1.44700000262 -0.0180500000715
v -0.00400000018999 1.44700000262 -0.0154499998316
v -0.00398390786722 1.44829000360 -0.0204273387790
v -0.00398390786722 1.44829000360 -0.0178189501166
v -0.00400000018999 1.44700000262 -0.0154499998316
v -0.00380000006407 1.44700000262 -0.0152500001714
v -0.00398390786722 1.44829000360 -0.0178189501166
v -0.00378390797414 1.44829000360 -0.0176189504564
v -0.00380000006407 1.44700000262 -0.0152500001714
v 0.00380000006407 1.44700000262 -0.0152500001714
v -0.00378390797414 1.44829000360 -0.0176189504564
v 0.00378390797414 1.44829000360 -0.0176189504564
v 0.00380000006407 1.44700000262 -0.0152500001714
v 0.00400000018999 1.44700000262 -0.0154499998316
v 0.00378390797414 1.44829000360 -0.0176189504564
v 0.00398390786722 1.44829000360 -0.0178189501166
v 0.00391107099131 1.45022500134 -0.0199740584940
v 0.00391107099131 1.45022500134 -0.0225378703326
v 0.00391107099131 1.45022500134 -0.0225378703326
v 0.00371107109822 1.45022500134 -0.0227378699929
v 0.00378390797414 1.44829000360 -0.0206273384392
v -0.00378390797414 1.44829000360 -0.0206273384392
v 0.00371107109822 1.45022500134 -0.0227378699929
v -0.00371107109822 1.45022500134 -0.0227378699929
v -0.00371107109822 1.45022500134 -0.0227378699929
v -0.00391107099131 1.45022500134 -0.0225378703326
v -0.00391107099131 1.45022500134 -0.0225378703326
v -0.00391107099131 1.45022500134 -0.0199740584940
v -0.00391107099131 1.45022500134 -0.0199740584940
v -0.00371107109822 1.45022500134 -0.0197740588337
v -0.00371107109822 1.45022500134 -0.0197740588337
v 0.00371107109822 1.45022500134 -0.0197740588337
v 0.00371107109822 1.45022500134 -0.0197740588337
v 0.00391107099131 1.45022500134 -0.0199740584940
v 0.00372192775831 1.45345000005 -0.0228892378509
v 0.00372192775831 1.45345000005 -0.0252393037081
v 0.00372192775831 1.45345000005 -0.0252393037081
v 0.00352192763239 1.45345000005 -0.0254393033683
v 0.00352192763239 1.45345000005 -0.0254393033683
v -0.00352192763239 1.45345000005 -0.0254393033683
v -0.00352192763239 1.45345000005 -0.0254393033683
v -0.00372192775831 1.45345000005 -0.0252393037081
v -0.00372192775831 1.45345000005 -0.0252393037081
v -0.00372192775831 1.45345000005 -0.0228892378509
v -0.00372192775831 1.45345000005 -0.0228892378509
v -0.00352192763239 1.45345000005 -0.0226892381907
v -0.00352192763239 1.45345000005 -0.0226892381907
v 0.00352192763239 1.45345000005 -0.0226892381907
v 0.00352192763239 1.45345000005 -0.0226892381907
v 0.00372192775831 1.45345000005 -0.0228892378509
v 0.00351514574140 1.45774999833 -0.0261741988361
v 0.00351514574140 1.45774999833 -0.0282040536404
v 0.00372192775831 1.45345000005 -0.0252393037081
v 0.00352192763239 1.45345000005 -0.0254393033683
v 0.00351514574140 1.45774999833 -0.0282040536404
v 0.00331514584832 1.45774999833 -0.0284040533006
v 0.00331514584832 1.45774999833 -0.0284040533006
v -0.00331514584832 1.45774999833 -0.0284040533006
v -0.00352192763239 1.45345000005 -0.0254393033683
v -0.00372192775831 1.45345000005 -0.0252393037081
v -0.00331514584832 1.45774999833 -0.0284040533006
v -0.00351514574140 1.45774999833 -0.0282040536404
v -0.00351514574140 1.45774999833 -0.0282040536404
v -0.00351514574140 1.45774999833 -0.0261741988361
v -0.00351514574140 1.45774999833 -0.0261741988361
v -0.00331514584832 1.45774999833 -0.0259741991758
v -0.00331514584832 1.45774999833 -0.0259741991758
v 0.00331514584832 1.45774999833 -0.0259741991758
v 0.00331514584832 1.45774999833 -0.0259741991758
v 0.00351514574140 1.45774999833 -0.0261741988361
v 0.00350000010803 1.46420000321 -0.0302371606231
v 0.00350000010803 1.46420000321 -0.0321444980800
v 0.00350000010803 1.46420000321 -0.0321444980800
v 0.00329999998212 1.46420000321 -0.0323444977403
v 0.00329999998212 1.46420000321 -0.0323444977403
v -0.00329999998212 1.46420000321 -0.0323444977403
v -0.00329999998212 1.46420000321 -0.0323444977403
v -0.00350000010803 1.46420000321 -0.0321444980800
v -0.00350000010803 1.46420000321 -0.0321444980800
v -0.00350000010803 1.46420000321 -0.0302371606231
v -0.00350000010803 1.46420000321 -0.0302371606231
v -0.00329999998212 1.46420000321 -0.0300371609628
v -0.00329999998212 1.46420000321 -0.0300371609628
v 0.00329999998212 1.46420000321 -0.0300371609628
v 0.00329999998212 1.46420000321 -0.0300371609628
v 0.00350000010803 1.46420000321 -0.0302371606231
v 0.00350000010803 1.47279999977 -0.0348392389715
v 0.00350000010803 1.47279999977 -0.0366672538221
v 0.00350000010803 1.47279999977 -0.0366672538221
v 0.00329999998212 1.47279999977 -0.0368672534823
v 0.00329999998212 1.47279999977 -0.0368672534823
v -0.00329999998212 1.47279999977 -0.0368672534823
v -0.00329999998212 1.47279999977 -0.0368672534823
v -0.00350000010803 1.47279999977 -0.0366672538221
v -0.00350000010803 1.47279999977 -0.0366672538221
v -0.00350000010803 1.47279999977 -0.0348392389715
v -0.00350000010803 1.47279999977 -0.0348392389715
v -0.00329999998212 1.47279999977 -0.0346392393112
v -0.00329999998212 1.47279999977 -0.0346392393112
v 0.00329999998212 1.47279999977 -0.0346392393112
v 0.00329999998212 1.47279999977 -0.0346392393112
v 0.00350000010803 1.47279999977 -0.0348392389715
v 0.00350000010803 1.48570000207 -0.0405878983438
v 0.00350000010803 1.48570000207 -0.0423407256603
v 0.00350000010803 1.48570000207 -0.0423407256603
v 0.00329999998212 1.48570000207 -0.0425407290459
v 0.00329999998212 1.48570000207 -0.0425407290459
v -0.00329999998212 1.48570000207 -0.0425407290459
v -0.00329999998212 1.48570000207 -0.0425407290459
v -0.00350000010803 1.48570000207 -0.0423407256603
v -0.00350000010803 1.48570000207 -0.0423407256603
v -0.00350000010803 1.48570000207 -0.0405878983438
v -0.00350000010803 1.48570000207 -0.0405878983438
v -0.00329999998212 1.48570000207 -0.0403878986835
v -0.00329999998212 1.48570000207 -0.0403878986835
v 0.00329999998212 1.48570000207 -0.0403878986835
v 0.00329999998212 1.48570000207 -0.0403878986835
v 0.00350000010803 1.48570000207 -0.0405878983438
v 0.00350000010803 1.50074999979 -0.0459142886102
v 0.00350000010803 1.50074999979 -0.0476063936949
v 0.00350000010803 1.50074999979 -0.0476063936949
v 0.00329999998212 1.50074999979 -0.0478063933551
v 0.00329999998212 1.50074999979 -0.0478063933551
v -0.00329999998212 1.50074999979 -0.0478063933551
v -0.00329999998212 1.50074999979 -0.0478063933551
v -0.00350000010803 1.50074999979 -0.0476063936949
v -0.00350000010803 1.50074999979 -0.0476063936949
v -0.00350000010803 1.50074999979 -0.0459142886102
v -0.00350000010803 1.50074999979 -0.0459142886102
v -0.00329999998212 1.50074999979 -0.0457142889500
v -0.00329999998212 1.50074999979 -0.0457142889500
v 0.00329999998212 1.50074999979 -0.0457142889500
v 0.00329999998212 1.50074999979 -0.0457142889500
v 0.00350000010803 1.50074999979 -0.0459142886102
v 0.00350000010803 1.51795000038 -0.0503668971360
v 0.00350000010803 1.51795000038 -0.0520098358393
v 0.00350000010803 1.51795000038 -0.0520098358393
v 0.00329999998212 1.51795000038 -0.0522098354995
v 0.00329999998212 1.51795000038 -0.0522098354995
v -0.00329999998212 1.51795000038 -0.0522098354995
v -0.00329999998212 1.51795000038 -0.0522098354995
v -0.00350000010803 1.51795000038 -0.0520098358393
v -0.00350000010803 1.51795000038 -0.0520098358393
v -0.00350000010803 1.51795000038 -0.0503668971360
v -0.00350000010803 1.51795000038 -0.0503668971360
v -0.00329999998212 1.51795000038 -0.0501668974757
v -0.00329999998212 1.51795000038 -0.0501668974757
v 0.00329999998212 1.51795000038 -0.0501668974757
v 0.00329999998212 1.51795000038 -0.0501668974757
v 0.00350000010803 1.51795000038 -0.0503668971360
v 0.00350000010803 1.53730000010 -0.0533499829471
v 0.00350000010803 1.53730000010 -0.0549596101046
v 0.00350000010803 1.53730000010 -0.0549596101046
v 0.00329999998212 1.53730000010 -0.0551596097648
v 0.00329999998212 1.53730000010 -0.0551596097648
v -0.00329999998212 1.53730000010 -0.0551596097648
v -0.00329999998212 1.53730000010 -0.0551596097648
v -0.00350000010803 1.53730000010 -0.0549596101046
v -0.00350000010803 1.53730000010 -0.0549596101046
v -0.00350000010803 1.53730000010 -0.0533499829471
v -0.00350000010803 1.53730000010 -0.0533499829471
v -0.00329999998212 1.53730000010 -0.0531499832869
v -0.00329999998212 1.53730000010 -0.0531499832869
v 0.00329999998212 1.53730000010 -0.0531499832869
v 0.00329999998212 1.53730000010 -0.0531499832869
v 0.00350000010803 1.53730000010 -0.0533499829471
v 0.00350000010803 1.55449999999 -0.0542000010610
v 0.00350000010803 1.55449999999 -0.0557999983430
v 0.00350000010803 1.53730000010 -0.0549596101046
v 0.00329999998212 1.53730000010 -0.0551596097648
v 0.00350000010803 1.55449999999 -0.0557999983430
v 0.00329999998212 1.55449999999 -0.0560000017285
v 0.00329999998212 1.53730000010 -0.0551596097648
v -0.00329999998212 1.53730000010 -0.0551596097648
v 0.00329999998212 1.55449999999 -0.0560000017285
v -0.00329999998212 1.55449999999 -0.0560000017285
v -0.00329999998212 1.53730000010 -0.0551596097648
v -0.00350000010803 1.53730000010 -0.0549596101046
v -0.00329999998212 1.55449999999 -0.0560000017285
v -0.00350000010803 1.55449999999 -0.0557999983430
v -0.00350000010803 1.55449999999 -0.0557999983430
v -0.00350000010803 1.55449999999 -0.0542000010610
v -0.00350000010803 1.53730000010 -0.0533499829471
v -0.00329999998212 1.53730000010 -0.0531499832869
v -0.00350000010803 1.55449999999 -0.0542000010610
v -0.00329999998212 1.55449999999 -0.0540000014007
v -0.00329999998212 1.53730000010 -0.0531499832869
v 0.00329999998212 1.53730000010 -0.0531499832869
v -0.00329999998212 1.55449999999 -0.0540000014007
v 0.00329999998212 1.55449999999 -0.0540000014007
v 0.00329999998212 1.53730000010 -0.0531499832869
v 0.00350000010803 1.53730000010 -0.0533499829471
v 0.00329999998212 1.55449999999 -0.0540000014007
v 0.00350000010803 1.55449999999 -0.0542000010610
v 0.00350000010803 1.57169999941 -0.0533499829471
v 0.00350000010803 1.57169999941 -0.0549596101046
v 0.00350000010803 1.55449999999 -0.0557999983430
v 0.00329999998212 1.55449999999 -0.0560000017285
v 0.00350000010803 1.57169999941 -0.0549596101046
v 0.00329999998212 1.57169999941 -0.0551596097648
v 0.00329999998212 1.55449999999 -0.0560000017285
v -0.00329999998212 1.55449999999 -0.0560000017285
v 0.00329999998212 1.57169999941 -0.0551596097648
v -0.00329999998212 1.57169999941 -0.0551596097648
v -0.00329999998212 1.55449999999 -0.0560000017285
v -0.00350000010803 1.55449999999 -0.0557999983430
v -0.00329999998212 1.57169999941 -0.0551596097648
v -0.00350000010803 1.57169999941 -0.0549596101046
v -0.00350000010803 1.57169999941 -0.0549596101046
v -0.00350000010803 1.57169999941 -0.0533499829471
v -0.00350000010803 1.55449999999 -0.0542000010610
v -0.00329999998212 1.55449999999 -0.0540000014007
v -0.00350000010803 1.57169999941 -0.0533499829471
v -0.00329999998212 1.57169999941 -0.0531499832869
v -0.00329999998212 1.55449999999 -0.0540000014007
v 0.00329999998212 1.55449999999 -0.0540000014007
v -0.00329999998212 1.57169999941 -0.0531499832869
v 0.00329999998212 1.57169999941 -0.0531499832869
v 0.00329999998212 1.55449999999 -0.0540000014007
v 0.00350000010803 1.55449999999 -0.0542000010610
v 0.00329999998212 1.57169999941 -0.0531499832869
v 0.00350000010803 1.57169999941 -0.0533499829471
v 0.00350000010803 1.59105000100 -0.0503668971360
v 0.00350000010803 1.59105000100 -0.0520098358393
v 0.00350000010803 1.57169999941 -0.0549596101046
v 0.00329999998212 1.57169999941 -0.0551596097648
v 0.00350000010803 1.59105000100 -0.0520098358393
v 0.00329999998212 1.59105000100 -0.0522098354995
v 0.00329999998212 1.57169999941 -0.0551596097648
v -0.00329999998212 1.57169999941 -0.0551596097648
v 0.00329999998212 1.59105000100 -0.0522098354995
v -0.00329999998212 1.59105000100 -0.0522098354995
v -0.00329999998212 1.57169999941 -0.0551596097648
v -0.00350000010803 1.57169999941 -0.0549596101046
v -0.00329999998212 1.59105000100 -0.0522098354995
v -0.00350000010803 1.59105000100 -0.0520098358393
v -0.00350000010803 1.59105000100 -0.0520098358393
v -0.00350000010803 1.59105000100 -0.0503668971360
v -0.00350000010803 1.57169999941 -0.0533499829471
v -0.00329999998212 1.57169999941 -0.0531499832869
v -0.00350000010803 1.59105000100 -0.0503668971360
v -0.00329999998212 1.59105000100 -0.0501668974757
v -0.00329999998212 1.57169999941 -0.0531499832869
v 0.00329999998212 1.57169999941 -0.0531499832869
v -0.00329999998212 1.59105000100 -0.0501668974757
v 0.00329999998212 1.59105000100 -0.0501668974757
v 0.00329999998212 1.57169999941 -0.0531499832869
v 0.00350000010803 1.57169999941 -0.0533499829471
v 0.00329999998212 1.59105000100 -0.0501668974757
v 0.00350000010803 1.59105000100 -0.0503668971360
v 0.00350000010803 1.60825000158 -0.0459142886102
v 0.00350000010803 1.60825000158 -0.0476063936949
v 0.00350000010803 1.60825000158 -0.0476063936949
v 0.00329999998212 1.60825000158 -0.0478063933551
v 0.00329999998212 1.60825000158 -0.0478063933551
v -0.00329999998212 1.60825000158 -0.0478063933551
v -0.00329999998212 1.60825000158 -0.0478063933551
v -0.00350000010803 1.60825000158 -0.0476063936949
v -0.00350000010803 1.60825000158 -0.0476063936949
v -0.00350000010803 1.60825000158 -0.0459142886102
v -0.00350000010803 1.60825000158 -0.0459142886102
v -0.00329999998212 1.60825000158 -0.0457142889500
v -0.00329999998212 1.60825000158 -0.0457142889500
v 0.00329999998212 1.60825000158 -0.0457142889500
v 0.00329999998212 1.60825000158 -0.0457142889500
v 0.00350000010803 1.60825000158 -0.0459142886102
v 0.00350000010803 1.62329999930 -0.0405878983438
v 0.00350000010803 1.62329999930 -0.0423407256603
v 0.00350000010803 1.62329999930 -0.0423407256603
v 0.00329999998212 1.62329999930 -0.0425407290459
v 0.00329999998212 1.62329999930 -0.0425407290459
v -0.00329999998212 1.62329999930 -0.0425407290459
v -0.00329999998212 1.62329999930 -0.0425407290459
v -0.00350000010803 1.62329999930 -0.0423407256603
v -0.00350000010803 1.62329999930 -0.0423407256603
v -0.00350000010803 1.62329999930 -0.0405878983438
v -0.00350000010803 1.62329999930 -0.0405878983438
v -0.00329999998212 1.62329999930 -0.0403878986835
v -0.00329999998212 1.62329999930 -0.0403878986835
v 0.00329999998212 1.62329999930 -0.0403878986835
v 0.00329999998212 1.62329999930 -0.0403878986835
v 0.00350000010803 1.62329999930 -0.0405878983438
v 0.00350000010803 1.63620000160 -0.0348392389715
v 0.00350000010803 1.63620000160 -0.0366672538221
v 0.00350000010803 1.63620000160 -0.0366672538221
v 0.00329999998212 1.63620000160 -0.0368672534823
v 0.00329999998212 1.63620000160 -0.0368672534823
v -0.00329999998212 1.63620000160 -0.0368672534823
v -0.00329999998212 1.63620000160 -0.0368672534823
v -0.00350000010803 1.63620000160 -0.0366672538221
v -0.00350000010803 1.63620000160 -0.0366672538221
v -0.00350000010803 1.63620000160 -0.0348392389715
v -0.00350000010803 1.63620000160 -0.0348392389715
v -0.00329999998212 1.63620000160 -0.0346392393112
v -0.00329999998212 1.63620000160 -0.0346392393112
v 0.00329999998212 1.63620000160 -0.0346392393112
v 0.00329999998212 1.63620000160 -0.0346392393112
v 0.00350000010803 1.63620000160 -0.0348392389715
v 0.00350000010803 1.64479999816 -0.0302371606231
v 0.00350000010803 1.64479999816 -0.0321444980800
v 0.00350000010803 1.64479999816 -0.0321444980800
v 0.00329999998212 1.64479999816 -0.0323444977403
v 0.00329999998212 1.64479999816 -0.0323444977403
v -0.00329999998212 1.64479999816 -0.0323444977403
v -0.00329999998212 1.64479999816 -0.0323444977403
v -0.00350000010803 1.64479999816 -0.0321444980800
v -0.00350000010803 1.64479999816 -0.0321444980800
v -0.00350000010803 1.64479999816 -0.0302371606231
v -0.00350000010803 1.64479999816 -0.0302371606231
v -0.00329999998212 1.64479999816 -0.0300371609628
v -0.00329999998212 1.64479999816 -0.0300371609628
v 0.00329999998212 1.64479999816 -0.0300371609628
v 0.00329999998212 1.64479999816 -0.0300371609628
v 0.00350000010803 1.64479999816 -0.0302371606231
v 0.00351514574140 1.65125000304 -0.0261741988361
v 0.00351514574140 1.65125000304 -0.0282040536404
v 0.00351514574140 1.65125000304 -0.0282040536404
v 0.00331514584832 1.65125000304 -0.0284040533006
v 0.00331514584832 1.65125000304 -0.0284040533006
v -0.00331514584832 1.65125000304 -0.0284040533006
v -0.00331514584832 1.65125000304 -0.0284040533006
v -0.00351514574140 1.65125000304 -0.0282040536404
v -0.00351514574140 1.65125000304 -0.0282040536404
v -0.00351514574140 1.65125000304 -0.0261741988361
v -0.00351514574140 1.65125000304 -0.0261741988361
v -0.00331514584832 1.65125000304 -0.0259741991758
v -0.00331514584832 1.65125000304 -0.0259741991758
v 0.00331514584832 1.65125000304 -0.0259741991758
v 0.00331514584832 1.65125000304 -0.0259741991758
v 0.00351514574140 1.65125000304 -0.0261741988361
v 0.00372192775831 1.65555000132 -0.0228892378509
v 0.00372192775831 1.65555000132 -0.0252393037081
v 0.00372192775831 1.65555000132 -0.0252393037081
v 0.00352192763239 1.65555000132 -0.0254393033683
v 0.00352192763239 1.65555000132 -0.0254393033683
v -0.00352192763239 1.65555000132 -0.0254393033683
v -0.00352192763239 1.65555000132 -0.0254393033683
v -0.00372192775831 1.65555000132 -0.0252393037081
v -0.00372192775831 1.65555000132 -0.0252393037081
v -0.00372192775831 1.65555000132 -0.0228892378509
v -0.00372192775831 1.65555000132 -0.0228892378509
v -0.00352192763239 1.65555000132 -0.0226892381907
v -0.00352192763239 1.65555000132 -0.0226892381907
v 0.00352192763239 1.65555000132 -0.0226892381907
v 0.00352192763239 1.65555000132 -0.0226892381907
v 0.00372192775831 1.65555000132 -0.0228892378509
v 0.00391107099131 1.65877500004 -0.0199740584940
v 0.00391107099131 1.65877500004 -0.0225378703326
v 0.00391107099131 1.65877500004 -0.0225378703326
v 0.00371107109822 1.65877500004 -0.0227378699929
v 0.00371107109822 1.65877500004 -0.0227378699929
v -0.00371107109822 1.65877500004 -0.0227378699929
v -0.00371107109822 1.65877500004 -0.0227378699929
v -0.00391107099131 1.65877500004 -0.0225378703326
v -0.00391107099131 1.65877500004 -0.0225378703326
v -0.00391107099131 1.65877500004 -0.0199740584940
v -0.00391107099131 1.65877500004 -0.0199740584940
v -0.00371107109822 1.65877500004 -0.0197740588337
v -0.00371107109822 1.65877500004 -0.0197740588337
v 0.00371107109822 1.65877500004 -0.0197740588337
v 0.00371107109822 1.65877500004 -0.0197740588337
v 0.00391107099131 1.65877500004 -0.0199740584940
v 0.00398390786722 1.66070999777 -0.0178189501166
v 0.00398390786722 1.66070999777 -0.0204273387790
v 0.00398390786722 1.66070999777 -0.0204273387790
v 0.00378390797414 1.66070999777 -0.0206273384392
v 0.00378390797414 1.66070999777 -0.0206273384392
v -0.00378390797414 1.66070999777 -0.0206273384392
v -0.00378390797414 1.66070999777 -0.0206273384392
v -0.00398390786722 1.66070999777 -0.0204273387790
v -0.00398390786722 1.66070999777 -0.0204273387790
v -0.00398390786722 1.66070999777 -0.0178189501166
v -0.00398390786722 1.66070999777 -0.0178189501166
v -0.00378390797414 1.66070999777 -0.0176189504564
v -0.00378390797414 1.66070999777 -0.0176189504564
v 0.00378390797414 1.66070999777 -0.0176189504564
v 0.00378390797414 1.66070999777 -0.0176189504564
v 0.00398390786722 1.66070999777 -0.0178189501166
v 0.00400000018999 1.66199999875 -0.0154499998316
v 0.00400000018999 1.66199999875 -0.0180500000715
v 0.00400000018999 1.66199999875 -0.0180500000715
v 0.00380000006407 1.66199999875 -0.0182499997318
v 0.00380000006407 1.66199999875 -0.0182499997318
v -0.00380000006407 1.66199999875 -0.0182499997318
v -0.00380000006407 1.66199999875 -0.0182499997318
v -0.00400000018999 1.66199999875 -0.0180500000715
v -0.00400000018999 1.66199999875 -0.0180500000715
v -0.00400000018999 1.66199999875 -0.0154499998316
v -0.00400000018999 1.66199999875 -0.0154499998316
v -0.00380000006407 1.66199999875 -0.0152500001714
v -0.00380000006407 1.66199999875 -0.0152500001714
v 0.00380000006407 1.66199999875 -0.0152500001714
v 0.00380000006407 1.66199999875 -0.0152500001714
v 0.00400000018999 1.66199999875 -0.0154499998316
v 0.00400000018999 1.44700000262 -0.0154499998316
v 0.00400000018999 1.44700000262 -0.0180500000715
v 0.00400000018999 1.66199999875 -0.0154499998316
v 0.00400000018999 1.66199999875 -0.0180500000715
v -0.00400000018999 1.44700000262 -0.0180500000715
v -0.00400000018999 1.66199999875 -0.0180500000715
v -0.00400000018999 1.44700000262 -0.0154499998316
v -0.00400000018999 1.66199999875 -0.0154499998316
v -0.00380000006407 1.44700000262 -0.0152500001714
v -0.00380000006407 1.66199999875 -0.0152500001714
v 0.00380000006407 1.44700000262 -0.0152500001714
v 0.00380000006407 1.66199999875 -0.0152500001714
vt 0 0
vt 0.125 0
vt 0 0.006000000052154064
vt 0.125 0.006000000052154064
vt 0.125 0
vt 0.25 0
vt 0.125 0.006000000052154064
vt 0.25 0.006000000052154064
vt 0.25 0
vt 0.375 0
vt 0.25 0.006000000052154064
vt 0.375 0.006000000052154064
vt 0.375 0
vt 0.5 0
vt 0.375 0.006000000052154064
vt 0.5 0.006000000052154064
vt 0.5 0
vt 0.625 0
vt 0.5 0.006000000052154064
vt 0.625 0.006000000052154064
vt 0.625 0
vt 0.75 0
vt 0.625 0.006000000052154064
vt 0.75 0.006000000052154064
vt 0.75 0
vt 0.875 0
vt 0.75 0.006000000052154064
vt 0.875 0.006000000052154064
vt 0.875 0
vt 0 0
vt 0.875 0.006000000052154064
vt 0 0.006000000052154064
vt 0 0.014999999664723873
vt 0.125 0.014999999664723873
vt 0.125 0.014999999664723873
vt 0.25 0.014999999664723873
vt 0.25 0.006000000052154064
vt 0.375 0.006000000052154064
vt 0.25 0.014999999664723873
vt 0.375 0.014999999664723873
vt 0.375 0.014999999664723873
vt 0.5 0.014999999664723873
vt 0.5 0.014999999664723873
vt 0.625 0.014999999664723873
vt 0.625 0.014999999664723873
vt 0.75 0.014999999664723873
vt 0.75 0.014999999664723873
vt 0.875 0.014999999664723873
vt 0.875 0.014999999664723873
vt 0 0.014999999664723873
vt 0 0.029999999329447746
vt 0.125 0.029999999329447746
vt 0.125 0.029999999329447746
vt 0.25 0.029999999329447746
vt 0.25 0.029999999329447746
vt 0.375 0.029999999329447746
vt 0.375 0.029999999329447746
vt 0.5 0.029999999329447746
vt 0.5 0.029999999329447746
vt 0.625 0.029999999329447746
vt 0.625 0.029999999329447746
vt 0.75 0.029999999329447746
vt 0.75 0.029999999329447746
vt 0.875 0.029999999329447746
vt 0.875 0.029999999329447746
vt 0 0.029999999329447746
vt 0 0.05000000074505806
vt 0.125 0.05000000074505806
vt 0.125 0.029999999329447746
vt 0.25 0.029999999329447746
vt 0.125 0.05000000074505806
vt 0.25 0.05000000074505806
vt 0.25 0.05000000074505806
vt 0.375 0.05000000074505806
vt 0.375 0.029999999329447746
vt 0.5 0.029999999329447746
vt 0.375 0.05000000074505806
vt 0.5 0.05000000074505806
vt 0.5 0.05000000074505806
vt 0.625 0.05000000074505806
vt 0.625 0.05000000074505806
vt 0.75 0.05000000074505806
vt 0.75 0.05000000074505806
vt 0.875 0.05000000074505806
vt 0.875 0.05000000074505806
vt 0 0.05000000074505806
vt 0 0.07999999821186066
vt 0.125 0.07999999821186066
vt 0.125 0.07999999821186066
vt 0.25 0.07999999821186066
vt 0.25 0.07999999821186066
vt 0.375 0.07999999821186066
vt 0.375 0.07999999821186066
vt 0.5 0.07999999821186066
vt 0.5 0.07999999821186066
vt 0.625 0.07999999821186066
vt 0.625 0.07999999821186066
vt 0.75 0.07999999821186066
vt 0.75 0.07999999821186066
vt 0.875 0.07999999821186066
vt 0.875 0.07999999821186066
vt 0 0.07999999821186066
vt 0 0.11999999731779099
vt 0.125 0.11999999731779099
vt 0.125 0.11999999731779099
vt 0.25 0.11999999731779099
vt 0.25 0.11999999731779099
vt 0.375 0.11999999731779099
vt 0.375 0.11999999731779099
vt 0.5 0.11999999731779099
vt 0.5 0.11999999731779099
vt 0.625 0.11999999731779099
vt 0.625 0.11999999731779099
vt 0.75 0.11999999731779099
vt 0.75 0.11999999731779099
vt 0.875 0.11999999731779099
vt 0.875 0.11999999731779099
vt 0 0.11999999731779099
vt 0 0.18000000715255737
vt 0.125 0.18000000715255737
vt 0.125 0.18000000715255737
vt 0.25 0.18000000715255737
vt 0.25 0.18000000715255737
vt 0.375 0.18000000715255737
vt 0.375 0.18000000715255737
vt 0.5 0.18000000715255737
vt 0.5 0.18000000715255737
vt 0.625 0.18000000715255737
vt 0.625 0.18000000715255737
vt 0.75 0.18000000715255737
vt 0.75 0.18000000715255737
vt 0.875 0.18000000715255737
vt 0.875 0.18000000715255737
vt 0 0.18000000715255737
vt 0 0.25
vt 0.125 0.25
vt 0.125 0.25
vt 0.25 0.25
vt 0.25 0.25
vt 0.375 0.25
vt 0.375 0.25
vt 0.5 0.25
vt 0.5 0.25
vt 0.625 0.25
vt 0.625 0.25
vt 0.75 0.25
vt 0.75 0.25
vt 0.875 0.25
vt 0.875 0.25
vt 0 0.25
vt 0 0.33000001311302185
vt 0.125 0.33000001311302185
vt 0.125 0.33000001311302185
vt 0.25 0.33000001311302185
vt 0.25 0.33000001311302185
vt 0.375 0.33000001311302185
vt 0.375 0.33000001311302185
vt 0.5 0.33000001311302185
vt 0.5 0.33000001311302185
vt 0.625 0.33000001311302185
vt 0.625 0.33000001311302185
vt 0.75 0.33000001311302185
vt 0.75 0.33000001311302185
vt 0.875 0.33000001311302185
vt 0.875 0.33000001311302185
vt 0 0.33000001311302185
vt 0 0.41999998688697815
vt 0.125 0.41999998688697815
vt 0.125 0.41999998688697815
vt 0.25 0.41999998688697815
vt 0.25 0.41999998688697815
vt 0.375 0.41999998688697815
vt 0.375 0.41999998688697815
vt 0.5 0.41999998688697815
vt 0.5 0.41999998688697815
vt 0.625 0.41999998688697815
vt 0.625 0.41999998688697815
vt 0.75 0.41999998688697815
vt 0.75 0.41999998688697815
vt 0.875 0.41999998688697815
vt 0.875 0.41999998688697815
vt 0 0.41999998688697815
vt 0 0.5
vt 0.125 0.5
vt 0.125 0.41999998688697815
vt 0.25 0.41999998688697815
vt 0.125 0.5
vt 0.25 0.5
vt 0.25 0.41999998688697815
vt 0.375 0.41999998688697815
vt 0.25 0.5
vt 0.375 0.5
vt 0.375 0.41999998688697815
vt 0.5 0.41999998688697815
vt 0.375 0.5
vt 0.5 0.5
vt 0.5 0.5
vt 0.625 0.5
vt 0.625 0.41999998688697815
vt 0.75 0.41999998688697815
vt 0.625 0.5
vt 0.75 0.5
vt 0.75 0.41999998688697815
vt 0.875 0.41999998688697815
vt 0.75 0.5
vt 0.875 0.5
vt 0.875 0.41999998688697815
vt 0 0.41999998688697815
vt 0.875 0.5
vt 0 0.5
vt 0 0.5799999833106995
vt 0.125 0.5799999833106995
vt 0.125 0.5
vt 0.25 0.5
vt 0.125 0.5799999833106995
vt 0.25 0.5799999833106995
vt 0.25 0.5
vt 0.375 0.5
vt 0.25 0.5799999833106995
vt 0.375 0.5799999833106995
vt 0.375 0.5
vt 0.5 0.5
vt 0.375 0.5799999833106995
vt 0.5 0.5799999833106995
vt 0.5 0.5799999833106995
vt 0.625 0.5799999833106995
vt 0.625 0.5
vt 0.75 0.5
vt 0.625 0.5799999833106995
vt 0.75 0.5799999833106995
vt 0.75 0.5
vt 0.875 0.5
vt 0.75 0.5799999833106995
vt 0.875 0.5799999833106995
vt 0.875 0.5
vt 0 0.5
vt 0.875 0.5799999833106995
vt 0 0.5799999833106995
vt 0 0.6700000166893005
vt 0.125 0.6700000166893005
vt 0.125 0.5799999833106995
vt 0.25 0.5799999833106995
vt 0.125 0.6700000166893005
vt 0.25 0.6700000166893005
vt 0.25 0.5799999833106995
vt 0.375 0.5799999833106995
vt 0.25 0.6700000166893005
vt 0.375 0.6700000166893005
vt 0.375 0.5799999833106995
vt 0.5 0.5799999833106995
vt 0.375 0.6700000166893005
vt 0.5 0.6700000166893005
vt 0.5 0.6700000166893005
vt 0.625 0.6700000166893005
vt 0.625 0.5799999833106995
vt 0.75 0.5799999833106995
vt 0.625 0.6700000166893005
vt 0.75 0.6700000166893005
vt 0.75 0.5799999833106995
vt 0.875 0.5799999833106995
vt 0.75 0.6700000166893005
vt 0.875 0.6700000166893005
vt 0.875 0.5799999833106995
vt 0 0.5799999833106995
vt 0.875 0.6700000166893005
vt 0 0.6700000166893005
vt 0 0.75
vt 0.125 0.75
vt 0.125 0.75
vt 0.25 0.75
vt 0.25 0.75
vt 0.375 0.75
vt 0.375 0.75
vt 0.5 0.75
vt 0.5 0.75
vt 0.625 0.75
vt 0.625 0.75
vt 0.75 0.75
vt 0.75 0.75
vt 0.875 0.75
vt 0.875 0.75
vt 0 0.75
vt 0 0.8199999928474426
vt 0.125 0.8199999928474426
vt 0.125 0.8199999928474426
vt 0.25 0.8199999928474426
vt 0.25 0.8199999928474426
vt 0.375 0.8199999928474426
vt 0.375 0.8199999928474426
vt 0.5 0.8199999928474426
vt 0.5 0.8199999928474426
vt 0.625 0.8199999928474426
vt 0.625 0.8199999928474426
vt 0.75 0.8199999928474426
vt 0.75 0.8199999928474426
vt 0.875 0.8199999928474426
vt 0.875 0.8199999928474426
vt 0 0.8199999928474426
vt 0 0.8799999952316284
vt 0.125 0.8799999952316284
vt 0.125 0.8799999952316284
vt 0.25 0.8799999952316284
vt 0.25 0.8799999952316284
vt 0.375 0.8799999952316284
vt 0.375 0.8799999952316284
vt 0.5 0.8799999952316284
vt 0.5 0.8799999952316284
vt 0.625 0.8799999952316284
vt 0.625 0.8799999952316284
vt 0.75 0.8799999952316284
vt 0.75 0.8799999952316284
vt 0.875 0.8799999952316284
vt 0.875 0.8799999952316284
vt 0 0.8799999952316284
vt 0 0.9200000166893005
vt 0.125 0.9200000166893005
vt 0.125 0.9200000166893005
vt 0.25 0.9200000166893005
vt 0.25 0.9200000166893005
vt 0.375 0.9200000166893005
vt 0.375 0.9200000166893005
vt 0.5 0.9200000166893005
vt 0.5 0.9200000166893005
vt 0.625 0.9200000166893005
vt 0.625 0.9200000166893005
vt 0.75 0.9200000166893005
vt 0.75 0.9200000166893005
vt 0.875 0.9200000166893005
vt 0.875 0.9200000166893005
vt 0 0.9200000166893005
vt 0 0.949999988079071
vt 0.125 0.949999988079071
vt 0.125 0.949999988079071
vt 0.25 0.949999988079071
vt 0.25 0.949999988079071
vt 0.375 0.949999988079071
vt 0.375 0.949999988079071
vt 0.5 0.949999988079071
vt 0.5 0.949999988079071
vt 0.625 0.949999988079071
vt 0.625 0.949999988079071
vt 0.75 0.949999988079071
vt 0.75 0.949999988079071
vt 0.875 0.949999988079071
vt 0.875 0.949999988079071
vt 0 0.949999988079071
vt 0 0.9700000286102295
vt 0.125 0.9700000286102295
vt 0.125 0.9700000286102295
vt 0.25 0.9700000286102295
vt 0.25 0.9700000286102295
vt 0.375 0.9700000286102295
vt 0.375 0.9700000286102295
vt 0.5 0.9700000286102295
vt 0.5 0.9700000286102295
vt 0.625 0.9700000286102295
vt 0.625 0.9700000286102295
vt 0.75 0.9700000286102295
vt 0.75 0.9700000286102295
vt 0.875 0.9700000286102295
vt 0.875 0.9700000286102295
vt 0 0.9700000286102295
vt 0 0.9850000143051147
vt 0.125 0.9850000143051147
vt 0.125 0.9850000143051147
vt 0.25 0.9850000143051147
vt 0.25 0.9850000143051147
vt 0.375 0.9850000143051147
vt 0.375 0.9850000143051147
vt 0.5 0.9850000143051147
vt 0.5 0.9850000143051147
vt 0.625 0.9850000143051147
vt 0.625 0.9850000143051147
vt 0.75 0.9850000143051147
vt 0.75 0.9850000143051147
vt 0.875 0.9850000143051147
vt 0.875 0.9850000143051147
vt 0 0.9850000143051147
vt 0 0.9940000176429749
vt 0.125 0.9940000176429749
vt 0.125 0.9940000176429749
vt 0.25 0.9940000176429749
vt 0.25 0.9940000176429749
vt 0.375 0.9940000176429749
vt 0.375 0.9940000176429749
vt 0.5 0.9940000176429749
vt 0.5 0.9940000176429749
vt 0.625 0.9940000176429749
vt 0.625 0.9940000176429749
vt 0.75 0.9940000176429749
vt 0.75 0.9940000176429749
vt 0.875 0.9940000176429749
vt 0.875 0.9940000176429749
vt 0 0.9940000176429749
vt 0 1
vt 0.125 1
vt 0.125 1
vt 0.25 1
vt 0.25 1
vt 0.375 1
vt 0.375 1
vt 0.5 1
vt 0.5 1
vt 0.625 1
vt 0.625 1
vt 0.75 1
vt 0.75 1
vt 0.875 1
vt 0.875 1
vt 0 1
vt 0 0
vt 0.125 0
vt 0 1
vt 0.125 1
vt 0.5 0
vt 0.5 1
vt 0.625 0
vt 0.625 1
vt 0.75 0
vt 0.75 1
vt 0.875 0
vt 0.875 1
vn 0.999662539460 0.0259770514302 1.22423352918e-16
vn 0.999662539460 0.0259770514302 1.22423352918e-16
vn 0.999662539460 0.0259770514302 1.22423352918e-16
vn 0.998901890498 0.0468509675364 1.22330200286e-16
vn 0.0558836078630 -0.991495176164 -0.117534412050
vn 0.0558836078630 -0.991495176164 -0.117534412050
vn 0.305513562677 -0.670395080454 -0.676189248009
vn 0.305513562677 -0.670395080454 -0.676189248009
vn 1.03860324629e-9 -0.987663291559 -0.156592536562
vn 1.03860324629e-9 -0.987663291559 -0.156592536562
vn -6.32202581157e-10 -0.718067870013 -0.695973084290
vn -6.32202581157e-10 -0.718067870013 -0.695973084290
vn -0.0558836078630 -0.991495176164 -0.117534412050
vn -0.0558836078630 -0.991495176164 -0.117534412050
vn -0.305513562677 -0.670395080454 -0.676189248009
vn -0.305513562677 -0.670395080454 -0.676189248009
vn -0.999516332018 0.0310982640759 -1.22405447670e-16
vn -0.999516332018 0.0310982640759 -1.22405447670e-16
vn -0.999074529035 0.0430126194643 -1.22351342409e-16
vn -0.999516332018 0.0310982640759 -1.22405447670e-16
vn -0.265945760096 0.767250054401 0.583609635552
vn -0.265945760096 0.767250054401 0.583609635552
vn -0.265945760096 0.767250054401 0.583609635552
vn -0.265945760096 0.767250054401 0.583609635552
vn -3.43657066031e-10 0.797925950171 0.602755487776
vn -3.43657066031e-10 0.797925950171 0.602755487776
vn -3.43657066031e-10 0.797925950171 0.602755487776
vn -3.43657066031e-10 0.797925950171 0.602755487776
vn 0.265945760096 0.767250054401 0.583609635552
vn 0.265945760096 0.767250054401 0.583609635552
vn 0.265945760096 0.767250054401 0.583609635552
vn 0.265945760096 0.767250054401 0.583609635552
vn 0.999662539460 0.0259770514302 1.22423352918e-16
vn 0.998901890498 0.0468509675364 1.22330200286e-16
vn 0.305513562677 -0.670395080454 -0.676189248009
vn 0.305513562677 -0.670395080454 -0.676189248009
vn -3.72974954995e-10 -0.702243928735 -0.711936418899
vn -3.72974954995e-10 -0.702243928735 -0.711936418899
vn -3.72974954995e-10 -0.702243928735 -0.711936418899
vn -3.72974954995e-10 -0.702243928735 -0.711936418899
vn -0.305513562677 -0.670395080454 -0.676189248009
vn -0.305513562677 -0.670395080454 -0.676189248009
vn -0.999074529035 0.0430126194643 -1.22351342409e-16
vn -0.999516332018 0.0310982640759 -1.22405447670e-16
vn -0.265945760096 0.767250054401 0.583609635552
vn -0.265945760096 0.767250054401 0.583609635552
vn -3.43657066031e-10 0.797925950171 0.602755487776
vn -3.43657066031e-10 0.797925950171 0.602755487776
vn 0.265945760096 0.767250054401 0.583609635552
vn 0.265945760096 0.767250054401 0.583609635552
vn 0.998901890498 0.0468509675364 1.22330200286e-16
vn 0.998901890498 0.0468509675364 1.22330200286e-16
vn 0.305513562677 -0.670395080454 -0.676189248009
vn 0.305513562677 -0.670395080454 -0.676189248009
vn -3.72974954995e-10 -0.702243928735 -0.711936418899
vn -3.72974954995e-10 -0.702243928735 -0.711936418899
vn -0.305513562677 -0.670395080454 -0.676189248009
vn -0.305513562677 -0.670395080454 -0.676189248009
vn -0.999074529035 0.0430126194643 -1.22351342409e-16
vn -0.999074529035 0.0430126194643 -1.22351342409e-16
vn -0.315875379577 0.616653379549 0.721083458462
vn -0.315875379577 0.616653379549 0.721083458462
vn 1.54044776039e-9 0.653957295739 0.756531463556
vn 1.54044776039e-9 0.653957295739 0.756531463556
vn 0.315875379577 0.616653379549 0.721083458462
vn 0.315875379577 0.616653379549 0.721083458462
vn 0.999682496848 0.0251973311343 1.22425796993e-16
vn 0.999682496848 0.0251973311343 1.22425796993e-16
vn 0.332092652637 -0.644095141924 -0.689097901763
vn 0.332092652637 -0.644095141924 -0.689097901763
vn 0.344539707460 -0.505368002407 -0.791135621829
vn 0.344539707460 -0.505368002407 -0.791135621829
vn -1.00959462759e-9 -0.535801822523 -0.844343772986
vn -1.00959462759e-9 -0.535801822523 -0.844343772986
vn -0.332092652637 -0.644095141924 -0.689097901763
vn -0.332092652637 -0.644095141924 -0.689097901763
vn -0.344539707460 -0.505368002407 -0.791135621829
vn -0.344539707460 -0.505368002407 -0.791135621829
vn -0.999682496848 0.0251973311343 -1.22425796993e-16
vn -0.999682496848 0.0251973311343 -1.22425796993e-16
vn -0.334289612152 0.543406250964 0.770039026037
vn -0.334289612152 0.543406250964 0.770039026037
vn -1.06397799639e-9 0.578906352260 0.815394036839
vn -1.06397799639e-9 0.578906352260 0.815394036839
vn 0.334289612152 0.543406250964 0.770039026037
vn 0.334289612152 0.543406250964 0.770039026037
vn 0.999999310772 0.00117407684011 1.22464595509e-16
vn 0.999999310772 0.00117407684011 1.22464595509e-16
vn 0.350422623140 -0.462132814667 -0.814639335412
vn 0.350422623140 -0.462132814667 -0.814639335412
vn 4.00041575674e-10 -0.493327703326 -0.869843536006
vn 4.00041575674e-10 -0.493327703326 -0.869843536006
vn -0.350422623140 -0.462132814667 -0.814639335412
vn -0.350422623140 -0.462132814667 -0.814639335412
vn -0.999999310772 0.00117407684011 -1.22464595509e-16
vn -0.999999310772 0.00117407684011 -1.22464595509e-16
vn -0.348790189714 0.471554058746 0.809927264166
vn -0.348790189714 0.471554058746 0.809927264166
vn 4.07306131323e-10 0.503324321025 0.864097580059
vn 4.07306131323e-10 0.503324321025 0.864097580059
vn 0.348790194616 0.471554035570 0.809927275548
vn 0.348790194616 0.471554035570 0.809927275548
vn 1.00000000000 0.00000000000 1.22464679915e-16
vn 1.00000000000 0.00000000000 1.22464679915e-16
vn 0.358476575382 -0.405519540771 -0.840861728797
vn 0.358476575382 -0.405519540771 -0.840861728797
vn 2.62229159700e-9 -0.434430299803 -0.900705453860
vn 2.62229159700e-9 -0.434430299803 -0.900705453860
vn -0.358476571049 -0.405519565673 -0.840861718635
vn -0.358476571049 -0.405519565673 -0.840861718635
vn -1.00000000000 0.00000000000 -1.22464679915e-16
vn -1.00000000000 0.00000000000 -1.22464679915e-16
vn -0.357794798128 0.410709805990 0.838630036247
vn -0.357794798128 0.410709805990 0.838630036247
vn -9.50993627438e-17 0.439869977501 0.898061469440
vn -9.50993627438e-17 0.439869977501 0.898061469440
vn 0.357794798128 0.410709805990 0.838630036247
vn 0.357794798128 0.410709805990 0.838630036247
vn 1.00000000000 0.00000000000 1.22464679915e-16
vn 1.00000000000 0.00000000000 1.22464679915e-16
vn 0.365995473836 -0.341354138345 -0.865750925709
vn 0.365995473836 -0.341354138345 -0.865750925709
vn -4.54093201501e-9 -0.366848353945 -0.930280756120
vn -4.54093201501e-9 -0.366848353945 -0.930280756120
vn -0.365995458673 -0.341354094401 -0.865750949446
vn -0.365995458673 -0.341354094401 -0.865750949446
vn -1.00000000000 0.00000000000 -1.22464679915e-16
vn -1.00000000000 0.00000000000 -1.22464679915e-16
vn -0.365603328482 0.345076293443 0.864440025627
vn -0.365603328482 0.345076293443 0.864440025627
vn -9.87162582526e-17 0.370788545118 0.928717316954
vn -9.87162582526e-17 0.370788545118 0.928717316954
vn 0.365603328482 0.345076293443 0.864440025627
vn 0.365603328482 0.345076293443 0.864440025627
vn 1.00000000000 0.00000000000 1.22464679915e-16
vn 1.00000000000 0.00000000000 1.22464679915e-16
vn 0.372622511478 -0.268656486283 -0.888243297930
vn 0.372622511478 -0.268656486283 -0.888243297930
vn 1.91068863312e-9 -0.289549681534 -0.957162986081
vn 1.91068863312e-9 -0.289549681534 -0.957162986081
vn -0.372622528223 -0.268656528158 -0.888243278240
vn -0.372622528223 -0.268656528158 -0.888243278240
vn -1.00000000000 0.00000000000 -1.22464679915e-16
vn -1.00000000000 0.00000000000 -1.22464679915e-16
vn -0.372401455401 0.271469510418 0.887480400307
vn -0.372401455401 0.271469510418 0.887480400307
vn -1.32249990547e-16 0.292554380879 0.956248887178
vn -1.32249990547e-16 0.292554380879 0.956248887178
vn 0.372401455401 0.271469510418 0.887480400307
vn 0.372401455401 0.271469510418 0.887480400307
vn 1.00000000000 0.00000000000 1.22464679915e-16
vn 1.00000000000 0.00000000000 1.22464679915e-16
vn 0.378083101427 -0.184881668142 -0.907122889801
vn 0.378083101427 -0.184881668142 -0.907122889801
vn 1.04744714879e-16 -0.199746887580 -0.979847529416
vn 1.04744714879e-16 -0.199746887580 -0.979847529416
vn -0.378083101427 -0.184881668142 -0.907122889801
vn -0.378083101427 -0.184881668142 -0.907122889801
vn -1.00000000000 0.00000000000 -1.22464679915e-16
vn -1.00000000000 0.00000000000 -1.22464679915e-16
vn -0.377981331980 0.186871348356 0.906757526486
vn -0.377981331980 0.186871348356 0.906757526486
vn -1.19942954841e-16 0.201888305854 0.979408552117
vn -1.19942954841e-16 0.201888305854 0.979408552117
vn 0.377981331980 0.186871348356 0.906757526486
vn 0.377981331980 0.186871348356 0.906757526486
vn 1.00000000000 0.00000000000 1.22464679915e-16
vn 1.00000000000 0.00000000000 1.22464679915e-16
vn 0.381646206764 -0.0923727207087 -0.919681169391
vn 0.381646206764 -0.0923727207087 -0.919681169391
vn 1.43214640103e-16 -0.121058199284 -0.992645411205
vn 1.43214640103e-16 -0.121058199284 -0.992645411205
vn -0.381646206239 -0.0923727354827 -0.919681168125
vn -0.381646206239 -0.0923727354827 -0.919681168125
vn -1.00000000000 0.00000000000 -1.22464679915e-16
vn -1.00000000000 0.00000000000 -1.22464679915e-16
vn -0.381621890083 0.0934055355604 0.919586939303
vn -0.381621890083 0.0934055355604 0.919586939303
vn -1.21543791060e-16 0.122403886765 0.992480371849
vn -1.21543791060e-16 0.122403886765 0.992480371849
vn 0.381621890083 0.0934055355604 0.919586939303
vn 0.381621890083 0.0934055355604 0.919586939303
vn 1.00000000000 0.00000000000 1.22464679915e-16
vn 1.00000000000 0.00000000000 1.22464679915e-16
vn 0.503966447473 -0.0681037153425 -0.861034089789
vn 0.503966447473 -0.0681037153425 -0.861034089789
vn 0.505468310890 -0.0174530726604 -0.862668636813
vn 0.505468310890 -0.0174530726604 -0.862668636813
vn 2.57695381994e-10 -0.0999595174085 -0.994991504928
vn 2.57695381994e-10 -0.0999595174085 -0.994991504928
vn -3.64892460591e-10 -0.0202412844469 -0.999795124215
vn -3.64892460591e-10 -0.0202412844469 -0.999795124215
vn -0.503966446961 -0.0681037301745 -0.861034088915
vn -0.503966446961 -0.0681037301745 -0.861034088915
vn -0.505468311202 -0.0174530372810 -0.862668637346
vn -0.505468311202 -0.0174530372810 -0.862668637346
vn -1.00000000000 0.00000000000 -1.22464679915e-16
vn -1.00000000000 0.00000000000 -1.22464679915e-16
vn -0.503931940630 0.0688723252628 0.860993148652
vn -0.503931940630 0.0688723252628 0.860993148652
vn -0.505464964158 0.0176527199717 0.862666535509
vn -0.505464964158 0.0176527199717 0.862666535509
vn -1.37158040367e-16 0.101076543571 0.994878652068
vn -1.37158040367e-16 0.101076543571 0.994878652068
vn -1.44133883140e-16 0.0204733224957 0.999790399567
vn -1.44133883140e-16 0.0204733224957 0.999790399567
vn 0.503931940630 0.0688723252628 0.860993148652
vn 0.503931940630 0.0688723252628 0.860993148652
vn 0.505464964158 0.0176527199717 0.862666535509
vn 0.505464964158 0.0176527199717 0.862666535509
vn 1.00000000000 0.00000000000 1.22464679915e-16
vn 1.00000000000 0.00000000000 1.22464679915e-16
vn 0.505468311202 0.0174530372810 -0.862668637346
vn 0.505468311202 0.0174530372810 -0.862668637346
vn 0.503966446961 0.0681037301745 -0.861034088915
vn 0.503966446961 0.0681037301745 -0.861034088915
vn 3.64892705457e-10 0.0202412863088 -0.999795124177
vn 3.64892705457e-10 0.0202412863088 -0.999795124177
vn -2.57695166239e-10 0.0999595100324 -0.994991505669
vn -2.57695166239e-10 0.0999595100324 -0.994991505669
vn -0.505468310873 0.0174530745225 -0.862668636785
vn -0.505468310873 0.0174530745225 -0.862668636785
vn -0.503966447473 0.0681037153425 -0.861034089789
vn -0.503966447473 0.0681037153425 -0.861034089789
vn -1.00000000000 0.00000000000 -1.22464679915e-16
vn -1.00000000000 0.00000000000 -1.22464679915e-16
vn -0.505464964158 -0.0176527199717 0.862666535509
vn -0.505464964158 -0.0176527199717 0.862666535509
vn -0.503931940630 -0.0688723252628 0.860993148652
vn -0.503931940630 -0.0688723252628 0.860993148652
vn -1.44133883135e-16 -0.0204733243576 0.999790399529
vn -1.44133883135e-16 -0.0204733243576 0.999790399529
vn -1.52478585170e-16 -0.101076536196 0.994878652817
vn -1.52478585170e-16 -0.101076536196 0.994878652817
vn 0.505464964158 -0.0176527199717 0.862666535509
vn 0.505464964158 -0.0176527199717 0.862666535509
vn 0.503931940630 -0.0688723252628 0.860993148652
vn 0.503931940630 -0.0688723252628 0.860993148652
vn 1.00000000000 0.00000000000 1.22464679915e-16
vn 1.00000000000 0.00000000000 1.22464679915e-16
vn 0.381646206501 0.0923727280957 -0.919681168758
vn 0.381646206501 0.0923727280957 -0.919681168758
vn 0.378083101427 0.184881668142 -0.907122889801
vn 0.378083101427 0.184881668142 -0.907122889801
vn 9.99133650909e-17 0.121058191942 -0.992645412100
vn 9.99133650909e-17 0.121058191942 -0.992645412100
vn 1.04744714879e-16 0.199746887580 -0.979847529416
vn 1.04744714879e-16 0.199746887580 -0.979847529416
vn -0.381646206764 0.0923727207087 -0.919681169391
vn -0.381646206764 0.0923727207087 -0.919681169391
vn -0.378083101427 0.184881668142 -0.907122889801
vn -0.378083101427 0.184881668142 -0.907122889801
vn -1.00000000000 0.00000000000 -1.22464679915e-16
vn -1.00000000000 0.00000000000 -1.22464679915e-16
vn -0.381621890083 -0.0934055355604 0.919586939303
vn -0.381621890083 -0.0934055355604 0.919586939303
vn -0.377981333032 -0.186871333975 0.906757529011
vn -0.377981333032 -0.186871333975 0.906757529011
vn -1.21543791282e-16 -0.122403872087 0.992480373659
vn -1.21543791282e-16 -0.122403872087 0.992480373659
vn -1.35193260528e-16 -0.201888291560 0.979408555063
vn -1.35193260528e-16 -0.201888291560 0.979408555063
vn 0.381621890083 -0.0934055355604 0.919586939303
vn 0.381621890083 -0.0934055355604 0.919586939303
vn 0.377981333032 -0.186871333975 0.906757529011
vn 0.377981333032 -0.186871333975 0.906757529011
vn 1.00000000000 0.00000000000 1.22464679915e-16
vn 1.00000000000 0.00000000000 1.22464679915e-16
vn 0.372622528223 0.268656528158 -0.888243278240
vn 0.372622528223 0.268656528158 -0.888243278240
vn -1.91068839869e-9 0.289549681534 -0.957162986081
vn -1.91068839869e-9 0.289549681534 -0.957162986081
vn -0.372622511478 0.268656486283 -0.888243297930
vn -0.372622511478 0.268656486283 -0.888243297930
vn -1.00000000000 0.00000000000 -1.22464679915e-16
vn -1.00000000000 0.00000000000 -1.22464679915e-16
vn -0.372401455401 -0.271469510418 0.887480400307
vn -0.372401455401 -0.271469510418 0.887480400307
vn -1.32249990547e-16 -0.292554380879 0.956248887178
vn -1.32249990547e-16 -0.292554380879 0.956248887178
vn 0.372401455401 -0.271469510418 0.887480400307
vn 0.372401455401 -0.271469510418 0.887480400307
vn 1.00000000000 0.00000000000 1.22464679915e-16
vn 1.00000000000 0.00000000000 1.22464679915e-16
vn 0.365995458673 0.341354094401 -0.865750949446
vn 0.365995458673 0.341354094401 -0.865750949446
vn 4.54093224287e-9 0.366848353945 -0.930280756120
vn 4.54093224287e-9 0.366848353945 -0.930280756120
vn -0.365995473836 0.341354138345 -0.865750925709
vn -0.365995473836 0.341354138345 -0.865750925709
vn -1.00000000000 0.00000000000 -1.22464679915e-16
vn -1.00000000000 0.00000000000 -1.22464679915e-16
vn -0.365603328482 -0.345076293443 0.864440025627
vn -0.365603328482 -0.345076293443 0.864440025627
vn -1.28753879651e-16 -0.370788545118 0.928717316954
vn -1.28753879651e-16 -0.370788545118 0.928717316954
vn 0.365603328482 -0.345076293443 0.864440025627
vn 0.365603328482 -0.345076293443 0.864440025627
vn 0.999999827693 -0.000587038292178 1.22464658813e-16
vn 0.999999827693 -0.000587038292178 1.22464658813e-16
vn 0.354618373683 0.434088204187 -0.828138418401
vn 0.354618373683 0.434088204187 -0.828138418401
vn -1.50688529819e-9 0.464271221410 -0.885693080570
vn -1.50688529819e-9 0.464271221410 -0.885693080570
vn -0.354618378271 0.434088180000 -0.828138429115
vn -0.354618378271 0.434088180000 -0.828138429115
vn -0.999999827693 -0.000587038292178 -1.22464658813e-16
vn -0.999999827693 -0.000587038292178 -1.22464658813e-16
vn -0.353487934540 -0.441441381815 0.824727704491
vn -0.353487934540 -0.441441381815 0.824727704491
vn -2.04819940552e-10 -0.472063999572 0.881564280304
vn -2.04819940552e-10 -0.472063999572 0.881564280304
vn 0.353487934540 -0.441441381815 0.824727704491
vn 0.353487934540 -0.441441381815 0.824727704491
vn 0.999999827693 -0.000587038292178 1.22464658813e-16
vn 0.999999827693 -0.000587038292178 1.22464658813e-16
vn 0.354618373683 0.434088204187 -0.828138418401
vn 0.354618373683 0.434088204187 -0.828138418401
vn -1.50688529819e-9 0.464271221410 -0.885693080570
vn -1.50688529819e-9 0.464271221410 -0.885693080570
vn -0.354618378271 0.434088180000 -0.828138429115
vn -0.354618378271 0.434088180000 -0.828138429115
vn -0.999999827693 -0.000587038292178 -1.22464658813e-16
vn -0.999999827693 -0.000587038292178 -1.22464658813e-16
vn -0.353487934540 -0.441441381815 0.824727704491
vn -0.353487934540 -0.441441381815 0.824727704491
vn -2.04819940552e-10 -0.472063999572 0.881564280304
vn -2.04819940552e-10 -0.472063999572 0.881564280304
vn 0.353487934540 -0.441441381815 0.824727704491
vn 0.353487934540 -0.441441381815 0.824727704491
vn 0.999229417581 -0.0392501088116 1.22370310785e-16
vn 0.999229417581 -0.0392501088116 1.22370310785e-16
vn 0.340247382208 0.532640083173 -0.774936294606
vn 0.340247382208 0.532640083173 -0.774936294606
vn -2.41404071680e-10 0.562843080784 -0.826563770325
vn -2.41404071680e-10 0.562843080784 -0.826563770325
vn -0.340247382208 0.532640083173 -0.774936294606
vn -0.340247382208 0.532640083173 -0.774936294606
vn -0.999229417581 -0.0392501088116 -1.22370310785e-16
vn -0.999229417581 -0.0392501088116 -1.22370310785e-16
vn -0.325379916902 -0.580746368409 0.746231576159
vn -0.325379916902 -0.580746368409 0.746231576159
vn -2.50880182437e-10 -0.617490509420 0.786578330986
vn -2.50880182437e-10 -0.617490509420 0.786578330986
vn 0.325379916902 -0.580746368409 0.746231576159
vn 0.325379916902 -0.580746368409 0.746231576159
vn 0.999229417581 -0.0392501088116 1.22370310785e-16
vn 0.999229417581 -0.0392501088116 1.22370310785e-16
vn 0.340247382208 0.532640083173 -0.774936294606
vn 0.340247382208 0.532640083173 -0.774936294606
vn -2.41404071680e-10 0.562843080784 -0.826563770325
vn -2.41404071680e-10 0.562843080784 -0.826563770325
vn -0.340247382208 0.532640083173 -0.774936294606
vn -0.340247382208 0.532640083173 -0.774936294606
vn -0.999229417581 -0.0392501088116 -1.22370310785e-16
vn -0.999229417581 -0.0392501088116 -1.22370310785e-16
vn -0.325379916902 -0.580746368409 0.746231576159
vn -0.325379916902 -0.580746368409 0.746231576159
vn -2.50880182437e-10 -0.617490509420 0.786578330986
vn -2.50880182437e-10 -0.617490509420 0.786578330986
vn 0.325379916902 -0.580746368409 0.746231576159
vn 0.325379916902 -0.580746368409 0.746231576159
vn 0.999516332018 -0.0310982640759 1.22405447670e-16
vn 0.999464300930 -0.0327278347370 1.22399075700e-16
vn 0.288307251173 0.720591310752 -0.630576792937
vn 0.288307251173 0.720591310752 -0.630576792937
vn 1.26474338024e-9 0.751324170454 -0.659933323065
vn 1.26474338024e-9 0.751324170454 -0.659933323065
vn -0.288307251173 0.720591310752 -0.630576792937
vn -0.288307251173 0.720591310752 -0.630576792937
vn -0.999183277869 -0.0404076382168 -1.22364660300e-16
vn -0.999662539460 -0.0259770514302 -1.22423352918e-16
vn -0.265945760096 -0.767250054401 0.583609635552
vn -0.265945760096 -0.767250054401 0.583609635552
vn 3.43656918399e-10 -0.797925950171 0.602755487776
vn 3.43656918399e-10 -0.797925950171 0.602755487776
vn 0.265945760096 -0.767250054401 0.583609635552
vn 0.265945760096 -0.767250054401 0.583609635552
vn 0.999516332018 -0.0310982640759 1.22405447670e-16
vn 0.999464300930 -0.0327278347370 1.22399075700e-16
vn 0.288307251173 0.720591310752 -0.630576792937
vn 0.288307251173 0.720591310752 -0.630576792937
vn 1.26474338024e-9 0.751324170454 -0.659933323065
vn 1.26474338024e-9 0.751324170454 -0.659933323065
vn -0.288307251173 0.720591310752 -0.630576792937
vn -0.288307251173 0.720591310752 -0.630576792937
vn -0.999183277869 -0.0404076382168 -1.22364660300e-16
vn -0.999662539460 -0.0259770514302 -1.22423352918e-16
vn -0.265945760096 -0.767250054401 0.583609635552
vn -0.265945760096 -0.767250054401 0.583609635552
vn 3.43656918399e-10 -0.797925950171 0.602755487776
vn 3.43656918399e-10 -0.797925950171 0.602755487776
vn 0.265945760096 -0.767250054401 0.583609635552
vn 0.265945760096 -0.767250054401 0.583609635552
vn 0.999516332018 -0.0310982640759 1.22405447670e-16
vn 0.999516332018 -0.0310982640759 1.22405447670e-16
vn 0.0558836078630 0.991495176164 -0.117534412050
vn 0.0558836078630 0.991495176164 -0.117534412050
vn -1.03860320794e-9 0.987663291559 -0.156592536562
vn -1.03860320794e-9 0.987663291559 -0.156592536562
vn -0.0558836078630 0.991495176164 -0.117534412050
vn -0.0558836078630 0.991495176164 -0.117534412050
vn -0.999662539460 -0.0259770514302 -1.22423352918e-16
vn -0.999662539460 -0.0259770514302 -1.22423352918e-16
vn -0.265945760096 -0.767250054401 0.583609635552
vn -0.265945760096 -0.767250054401 0.583609635552
vn 3.43656918399e-10 -0.797925950171 0.602755487776
vn 3.43656918399e-10 -0.797925950171 0.602755487776
vn 0.265945760096 -0.767250054401 0.583609635552
vn 0.265945760096 -0.767250054401 0.583609635552
vn 1.03860324629e-9 -0.987663291559 -0.156592536562
vn 1.03860324629e-9 -0.987663291559 -0.156592536562
vn -1.03860320794e-9 0.987663291559 -0.156592536562
vn -1.03860320794e-9 0.987663291559 -0.156592536562
vn 1.03860324629e-9 -0.987663291559 -0.156592536562
vn -1.03860320794e-9 0.987663291559 -0.156592536562
vn 1.03860324629e-9 -0.987663291559 -0.156592536562
vn -1.03860320794e-9 0.987663291559 -0.156592536562
vn 1.03860324629e-9 -0.987663291559 -0.156592536562
vn -1.03860320794e-9 0.987663291559 -0.156592536562
vn 1.03860324629e-9 -0.987663291559 -0.156592536562
vn -1.03860320794e-9 0.987663291559 -0.156592536562
f 1339/1339/1339 1340/1340/1340 1341/1341/1341
f 1340/1340/1340 1342/1342/1342 1341/1341/1341
f 1343/1343/1343 1344/1344/1344 1345/1345/1345
f 1344/1344/1344 1346/1346/1346 1345/1345/1345
f 1347/1347/1347 1348/1348/1348 1349/1349/1349
f 1348/1348/1348 1350/1350/1350 1349/1349/1349
f 1351/1351/1351 1352/1352/1352 1353/1353/1353
f 1352/1352/1352 1354/1354/1354 1353/1353/1353
f 1355/1355/1355 1356/1356/1356 1357/1357/1357
f 1356/1356/1356 1358/1358/1358 1357/1357/1357
f 1359/1359/1359 1360/1360/1360 1361/1361/1361
f 1360/1360/1360 1362/1362/1362 1361/1361/1361
f 1363/1363/1363 1364/1364/1364 1365/1365/1365
f 1364/1364/1364 1366/1366/1366 1365/1365/1365
f 1367/1367/1367 1368/1368/1368 1369/1369/1369
f 1368/1368/1368 1370/1370/1370 1369/1369/1369
f 1341/1341/1341 1342/1342/1342 1371/1371/1371
f 1342/1342/1342 1372/1372/1372 1371/1371/1371
f 1345/1345/1345 1346/1346/1346 1373/1373/1373
f 1346/1346/1346 1374/1374/1374 1373/1373/1373
f 1375/1375/1375 1376/1376/1376 1377/1377/1377
f 1376/1376/1376 1378/1378/1378 1377/1377/1377
f 1353/1353/1353 1354/1354/1354 1379/1379/1379
f 1354/1354/1354 1380/1380/1380 1379/1379/1379
f 1357/1357/1357 1358/1358/1358 1381/1381/1381
f 1358/1358/1358 1382/1382/1382 1381/1381/1381
f 1361/1361/1361 1362/1362/1362 1383/1383/1383
f 1362/1362/1362 1384/1384/1384 1383/1383/1383
f 1365/1365/1365 1366/1366/1366 1385/1385/1385
f 1366/1366/1366 1386/1386/1386 1385/1385/1385
f 1369/1369/1369 1370/1370/1370 1387/1387/1387
f 1370/1370/1370 1388/1388/1388 1387/1387/1387
f 1371/1371/1371 1372/1372/1372 1389/1389/1389
f 1372/1372/1372 1390/1390/1390 1389/1389/1389
f 1373/1373/1373 1374/1374/1374 1391/1391/1391
f 1374/1374/1374 1392/1392/1392 1391/1391/1391
f 1377/1377/1377 1378/1378/1378 1393/1393/1393
f 1378/1378/1378 1394/1394/1394 1393/1393/1393
f 1379/1379/1379 1380/1380/1380 1395/1395/1395
f 1380/1380/1380 1396/1396/1396 1395/1395/1395
f 1381/1381/1381 1382/1382/1382 1397/1397/1397
f 1382/1382/1382 1398/1398/1398 1397/1397/1397
f 1383/1383/1383 1384/1384/1384 1399/1399/1399
f 1384/1384/1384 1400/1400/1400 1399/1399/1399
f 1385/1385/1385 1386/1386/1386 1401/1401/1401
f 1386/1386/1386 1402/1402/1402 1401/1401/1401
f 1387/1387/1387 1388/1388/1388 1403/1403/1403
f 1388/1388/1388 1404/1404/1404 1403/1403/1403
f 1389/1389/1389 1390/1390/1390 1405/1405/1405
f 1390/1390/1390 1406/1406/1406 1405/1405/1405
f 1407/1407/1407 1408/1408/1408 1409/1409/1409
f 1408/1408/1408 1410/1410/1410 1409/1409/1409
f 1393/1393/1393 1394/1394/1394 1411/1411/1411
f 1394/1394/1394 1412/1412/1412 1411/1411/1411
f 1413/1413/1413 1414/1414/1414 1415/1415/1415
f 1414/1414/1414 1416/1416/1416 1415/1415/1415
f 1397/1397/1397 1398/1398/1398 1417/1417/1417
f 1398/1398/1398 1418/1418/1418 1417/1417/1417
f 1399/1399/1399 1400/1400/1400 1419/1419/1419
f 1400/1400/1400 1420/1420/1420 1419/1419/1419
f 1401/1401/1401 1402/1402/1402 1421/1421/1421
f 1402/1402/1402 1422/1422/1422 1421/1421/1421
f 1403/1403/1403 1404/1404/1404 1423/1423/1423
f 1404/1404/1404 1424/1424/1424 1423/1423/1423
f 1405/1405/1405 1406/1406/1406 1425/1425/1425
f 1406/1406/1406 1426/1426/1426 1425/1425/1425
f 1409/1409/1409 1410/1410/1410 1427/1427/1427
f 1410/1410/1410 1428/1428/1428 1427/1427/1427
f 1411/1411/1411 1412/1412/1412 1429/1429/1429
f 1412/1412/1412 1430/1430/1430 1429/1429/1429
f 1415/1415/1415 1416/1416/1416 1431/1431/1431
f 1416/1416/1416 1432/1432/1432 1431/1431/1431
f 1417/1417/1417 1418/1418/1418 1433/1433/1433
f 1418/1418/1418 1434/1434/1434 1433/1433/1433
f 1419/1419/1419 1420/1420/1420 1435/1435/1435
f 1420/1420/1420 1436/1436/1436 1435/1435/1435
f 1421/1421/1421 1422/1422/1422 1437/1437/1437
f 1422/1422/1422 1438/1438/1438 1437/1437/1437
f 1423/1423/1423 1424/1424/1424 1439/1439/1439
f 1424/1424/1424 1440/1440/1440 1439/1439/1439
f 1425/1425/1425 1426/1426/1426 1441/1441/1441
f 1426/1426/1426 1442/1442/1442 1441/1441/1441
f 1427/1427/1427 1428/1428/1428 1443/1443/1443
f 1428/1428/1428 1444/1444/1444 1443/1443/1443
f 1429/1429/1429 1430/1430/1430 1445/1445/1445
f 1430/1430/1430 1446/1446/1446 1445/1445/1445
f 1431/1431/1431 1432/1432/1432 1447/1447/1447
f 1432/1432/1432 1448/1448/1448 1447/1447/1447
f 1433/1433/1433 1434/1434/1434 1449/1449/1449
f 1434/1434/1434 1450/1450/1450 1449/1449/1449
f 1435/1435/1435 1436/1436/1436 1451/1451/1451
f 1436/1436/1436 1452/1452/1452 1451/1451/1451
f 1437/1437/1437 1438/1438/1438 1453/1453/1453
f 1438/1438/1438 1454/1454/1454 1453/1453/1453
f 1439/1439/1439 1440/1440/1440 1455/1455/1455
f 1440/1440/1440 1456/1456/1456 1455/1455/1455
f 1441/1441/1441 1442/1442/1442 1457/1457/1457
f 1442/1442/1442 1458/1458/1458 1457/1457/1457
f 1443/1443/1443 1444/1444/1444 1459/1459/1459
f 1444/1444/1444 1460/1460/1460 1459/1459/1459
f 1445/1445/1445 1446/1446/1446 1461/1461/1461
f 1446/1446/1446 1462/1462/1462 1461/1461/1461
f 1447/1447/1447 1448/1448/1448 1463/1463/1463
f 1448/1448/1448 1464/1464/1464 1463/1463/1463
f 1449/1449/1449 1450/1450/1450 1465/1465/1465
f 1450/1450/1450 1466/1466/1466 1465/1465/1465
f 1451/1451/1451 1452/1452/1452 1467/1467/1467
f 1452/1452/1452 1468/1468/1468 1467/1467/1467
f 1453/1453/1453 1454/1454/1454 1469/1469/1469
f 1454/1454/1454 1470/1470/1470 1469/1469/1469
f 1455/1455/1455 1456/1456/1456 1471/1471/1471
f 1456/1456/1456 1472/1472/1472 1471/1471/1471
f 1457/1457/1457 1458/1458/1458 1473/1473/1473
f 1458/1458/1458 1474/1474/1474 1473/1473/1473
f 1459/1459/1459 1460/1460/1460 1475/1475/1475
f 1460/1460/1460 1476/1476/1476 1475/1475/1475
f 1461/1461/1461 1462/1462/1462 1477/1477/1477
f 1462/1462/1462 1478/1478/1478 1477/1477/1477
f 1463/1463/1463 1464/1464/1464 1479/1479/1479
f 1464/1464/1464 1480/1480/1480 1479/1479/1479
f 1465/1465/1465 1466/1466/1466 1481/1481/1481
f 1466/1466/1466 1482/1482/1482 1481/1481/1481
f 1467/1467/1467 1468/1468/1468 1483/1483/1483
f 1468/1468/1468 1484/1484/1484 1483/1483/1483
f 1469/1469/1469 1470/1470/1470 1485/1485/1485
f 1470/1470/1470 1486/1486/1486 1485/1485/1485
f 1471/1471/1471 1472/1472/1472 1487/1487/1487
f 1472/1472/1472 1488/1488/1488 1487/1487/1487
f 1473/1473/1473 1474/1474/1474 1489/1489/1489
f 1474/1474/1474 1490/1490/1490 1489/1489/1489
f 1475/1475/1475 1476/1476/1476 1491/1491/1491
f 1476/1476/1476 1492/1492/1492 1491/1491/1491
f 1477/1477/1477 1478/1478/1478 1493/1493/1493
f 1478/1478/1478 1494/1494/1494 1493/1493/1493
f 1479/1479/1479 1480/1480/1480 1495/1495/1495
f 1480/1480/1480 1496/1496/1496 1495/1495/1495
f 1481/1481/1481 1482/1482/1482 1497/1497/1497
f 1482/1482/1482 1498/1498/1498 1497/1497/1497
f 1483/1483/1483 1484/1484/1484 1499/1499/1499
f 1484/1484/1484 1500/1500/1500 1499/1499/1499
f 1485/1485/1485 1486/1486/1486 1501/1501/1501
f 1486/1486/1486 1502/1502/1502 1501/1501/1501
f 1487/1487/1487 1488/1488/1488 1503/1503/1503
f 1488/1488/1488 1504/1504/1504 1503/1503/1503
f 1489/1489/1489 1490/1490/1490 1505/1505/1505
f 1490/1490/1490 1506/1506/1506 1505/1505/1505
f 1491/1491/1491 1492/1492/1492 1507/1507/1507
f 1492/1492/1492 1508/1508/1508 1507/1507/1507
f 1493/1493/1493 1494/1494/1494 1509/1509/1509
f 1494/1494/1494 1510/1510/1510 1509/1509/1509
f 1495/1495/1495 1496/1496/1496 1511/1511/1511
f 1496/1496/1496 1512/1512/1512 1511/1511/1511
f 1497/1497/1497 1498/1498/1498 1513/1513/1513
f 1498/1498/1498 1514/1514/1514 1513/1513/1513
f 1499/1499/1499 1500/1500/1500 1515/1515/1515
f 1500/1500/1500 1516/1516/1516 1515/1515/1515
f 1501/1501/1501 1502/1502/1502 1517/1517/1517
f 1502/1502/1502 1518/1518/1518 1517/1517/1517
f 1503/1503/1503 1504/1504/1504 1519/1519/1519
f 1504/1504/1504 1520/1520/1520 1519/1519/1519
f 1505/1505/1505 1506/1506/1506 1521/1521/1521
f 1506/1506/1506 1522/1522/1522 1521/1521/1521
f 1523/1523/1523 1524/1524/1524 1525/1525/1525
f 1524/1524/1524 1526/1526/1526 1525/1525/1525
f 1527/1527/1527 1528/1528/1528 1529/1529/1529
f 1528/1528/1528 1530/1530/1530 1529/1529/1529
f 1531/1531/1531 1532/1532/1532 1533/1533/1533
f 1532/1532/1532 1534/1534/1534 1533/1533/1533
f 1513/1513/1513 1514/1514/1514 1535/1535/1535
f 1514/1514/1514 1536/1536/1536 1535/1535/1535
f 1537/1537/1537 1538/1538/1538 1539/1539/1539
f 1538/1538/1538 1540/1540/1540 1539/1539/1539
f 1541/1541/1541 1542/1542/1542 1543/1543/1543
f 1542/1542/1542 1544/1544/1544 1543/1543/1543
f 1545/1545/1545 1546/1546/1546 1547/1547/1547
f 1546/1546/1546 1548/1548/1548 1547/1547/1547
f 1521/1521/1521 1522/1522/1522 1549/1549/1549
f 1522/1522/1522 1550/1550/1550 1549/1549/1549
f 1551/1551/1551 1552/1552/1552 1553/1553/1553
f 1552/1552/1552 1554/1554/1554 1553/1553/1553
f 1555/1555/1555 1556/1556/1556 1557/1557/1557
f 1556/1556/1556 1558/1558/1558 1557/1557/1557
f 1559/1559/1559 1560/1560/1560 1561/1561/1561
f 1560/1560/1560 1562/1562/1562 1561/1561/1561
f 1535/1535/1535 1536/1536/1536 1563/1563/1563
f 1536/1536/1536 1564/1564/1564 1563/1563/1563
f 1565/1565/1565 1566/1566/1566 1567/1567/1567
f 1566/1566/1566 1568/1568/1568 1567/1567/1567
f 1569/1569/1569 1570/1570/1570 1571/1571/1571
f 1570/1570/1570 1572/1572/1572 1571/1571/1571
f 1573/1573/1573 1574/1574/1574 1575/1575/1575
f 1574/1574/1574 1576/1576/1576 1575/1575/1575
f 1549/1549/1549 1550/1550/1550 1577/1577/1577
f 1550/1550/1550 1578/1578/1578 1577/1577/1577
f 1579/1579/1579 1580/1580/1580 1581/1581/1581
f 1580/1580/1580 1582/1582/1582 1581/1581/1581
f 1583/1583/1583 1584/1584/1584 1585/1585/1585
f 1584/1584/1584 1586/1586/1586 1585/1585/1585
f 1587/1587/1587 1588/1588/1588 1589/1589/1589
f 1588/1588/1588 1590/1590/1590 1589/1589/1589
f 1563/1563/1563 1564/1564/1564 1591/1591/1591
f 1564/1564/1564 1592/1592/1592 1591/1591/1591
f 1593/1593/1593 1594/1594/1594 1595/1595/1595
f 1594/1594/1594 1596/1596/1596 1595/1595/1595
f 1597/1597/1597 1598/1598/1598 1599/1599/1599
f 1598/1598/1598 1600/1600/1600 1599/1599/1599
f 1601/1601/1601 1602/1602/1602 1603/1603/1603
f 1602/1602/1602 1604/1604/1604 1603/1603/1603
f 1577/1577/1577 1578/1578/1578 1605/1605/1605
f 1578/1578/1578 1606/1606/1606 1605/1605/1605
f 1581/1581/1581 1582/1582/1582 1607/1607/1607
f 1582/1582/1582 1608/1608/1608 1607/1607/1607
f 1585/1585/1585 1586/1586/1586 1609/1609/1609
f 1586/1586/1586 1610/1610/1610 1609/1609/1609
f 1589/1589/1589 1590/1590/1590 1611/1611/1611
f 1590/1590/1590 1612/1612/1612 1611/1611/1611
f 1591/1591/1591 1592/1592/1592 1613/1613/1613
f 1592/1592/1592 1614/1614/1614 1613/1613/1613
f 1595/1595/1595 1596/1596/1596 1615/1615/1615
f 1596/1596/1596 1616/1616/1616 1615/1615/1615
f 1599/1599/1599 1600/1600/1600 1617/1617/1617
f 1600/1600/1600 1618/1618/1618 1617/1617/1617
f 1603/1603/1603 1604/1604/1604 1619/1619/1619
f 1604/1604/1604 1620/1620/1620 1619/1619/1619
f 1605/1605/1605 1606/1606/1606 1621/1621/1621
f 1606/1606/1606 1622/1622/1622 1621/1621/1621
f 1607/1607/1607 1608/1608/1608 1623/1623/1623
f 1608/1608/1608 1624/1624/1624 1623/1623/1623
f 1609/1609/1609 1610/1610/1610 1625/1625/1625
f 1610/1610/1610 1626/1626/1626 1625/1625/1625
f 1611/1611/1611 1612/1612/1612 1627/1627/1627
f 1612/1612/1612 1628/1628/1628 1627/1627/1627
f 1613/1613/1613 1614/1614/1614 1629/1629/1629
f 1614/1614/1614 1630/1630/1630 1629/1629/1629
f 1615/1615/1615 1616/1616/1616 1631/1631/1631
f 1616/1616/1616 1632/1632/1632 1631/1631/1631
f 1617/1617/1617 1618/1618/1618 1633/1633/1633
f 1618/1618/1618 1634/1634/1634 1633/1633/1633
f 1619/1619/1619 1620/1620/1620 1635/1635/1635
f 1620/1620/1620 1636/1636/1636 1635/1635/1635
f 1621/1621/1621 1622/1622/1622 1637/1637/1637
f 1622/1622/1622 1638/1638/1638 1637/1637/1637
f 1623/1623/1623 1624/1624/1624 1639/1639/1639
f 1624/1624/1624 1640/1640/1640 1639/1639/1639
f 1625/1625/1625 1626/1626/1626 1641/1641/1641
f 1626/1626/1626 1642/1642/1642 1641/1641/1641
f 1627/1627/1627 1628/1628/1628 1643/1643/1643
f 1628/1628/1628 1644/1644/1644 1643/1643/1643
f 1629/1629/1629 1630/1630/1630 1645/1645/1645
f 1630/1630/1630 1646/1646/1646 1645/1645/1645
f 1631/1631/1631 1632/1632/1632 1647/1647/1647
f 1632/1632/1632 1648/1648/1648 1647/1647/1647
f 1633/1633/1633 1634/1634/1634 1649/1649/1649
f 1634/1634/1634 1650/1650/1650 1649/1649/1649
f 1635/1635/1635 1636/1636/1636 1651/1651/1651
f 1636/1636/1636 1652/1652/1652 1651/1651/1651
f 1637/1637/1637 1638/1638/1638 1653/1653/1653
f 1638/1638/1638 1654/1654/1654 1653/1653/1653
f 1639/1639/1639 1640/1640/1640 1655/1655/1655
f 1640/1640/1640 1656/1656/1656 1655/1655/1655
f 1641/1641/1641 1642/1642/1642 1657/1657/1657
f 1642/1642/1642 1658/1658/1658 1657/1657/1657
f 1643/1643/1643 1644/1644/1644 1659/1659/1659
f 1644/1644/1644 1660/1660/1660 1659/1659/1659
f 1645/1645/1645 1646/1646/1646 1661/1661/1661
f 1646/1646/1646 1662/1662/1662 1661/1661/1661
f 1647/1647/1647 1648/1648/1648 1663/1663/1663
f 1648/1648/1648 1664/1664/1664 1663/1663/1663
f 1649/1649/1649 1650/1650/1650 1665/1665/1665
f 1650/1650/1650 1666/1666/1666 1665/1665/1665
f 1651/1651/1651 1652/1652/1652 1667/1667/1667
f 1652/1652/1652 1668/1668/1668 1667/1667/1667
f 1653/1653/1653 1654/1654/1654 1669/1669/1669
f 1654/1654/1654 1670/1670/1670 1669/1669/1669
f 1655/1655/1655 1656/1656/1656 1671/1671/1671
f 1656/1656/1656 1672/1672/1672 1671/1671/1671
f 1657/1657/1657 1658/1658/1658 1673/1673/1673
f 1658/1658/1658 1674/1674/1674 1673/1673/1673
f 1659/1659/1659 1660/1660/1660 1675/1675/1675
f 1660/1660/1660 1676/1676/1676 1675/1675/1675
f 1661/1661/1661 1662/1662/1662 1677/1677/1677
f 1662/1662/1662 1678/1678/1678 1677/1677/1677
f 1663/1663/1663 1664/1664/1664 1679/1679/1679
f 1664/1664/1664 1680/1680/1680 1679/1679/1679
f 1665/1665/1665 1666/1666/1666 1681/1681/1681
f 1666/1666/1666 1682/1682/1682 1681/1681/1681
f 1667/1667/1667 1668/1668/1668 1683/1683/1683
f 1668/1668/1668 1684/1684/1684 1683/1683/1683
f 1669/1669/1669 1670/1670/1670 1685/1685/1685
f 1670/1670/1670 1686/1686/1686 1685/1685/1685
f 1671/1671/1671 1672/1672/1672 1687/1687/1687
f 1672/1672/1672 1688/1688/1688 1687/1687/1687
f 1673/1673/1673 1674/1674/1674 1689/1689/1689
f 1674/1674/1674 1690/1690/1690 1689/1689/1689
f 1675/1675/1675 1676/1676/1676 1691/1691/1691
f 1676/1676/1676 1692/1692/1692 1691/1691/1691
f 1677/1677/1677 1678/1678/1678 1693/1693/1693
f 1678/1678/1678 1694/1694/1694 1693/1693/1693
f 1679/1679/1679 1680/1680/1680 1695/1695/1695
f 1680/1680/1680 1696/1696/1696 1695/1695/1695
f 1681/1681/1681 1682/1682/1682 1697/1697/1697
f 1682/1682/1682 1698/1698/1698 1697/1697/1697
f 1683/1683/1683 1684/1684/1684 1699/1699/1699
f 1684/1684/1684 1700/1700/1700 1699/1699/1699
f 1685/1685/1685 1686/1686/1686 1701/1701/1701
f 1686/1686/1686 1702/1702/1702 1701/1701/1701
f 1687/1687/1687 1688/1688/1688 1703/1703/1703
f 1688/1688/1688 1704/1704/1704 1703/1703/1703
f 1689/1689/1689 1690/1690/1690 1705/1705/1705
f 1690/1690/1690 1706/1706/1706 1705/1705/1705
f 1691/1691/1691 1692/1692/1692 1707/1707/1707
f 1692/1692/1692 1708/1708/1708 1707/1707/1707
f 1693/1693/1693 1694/1694/1694 1709/1709/1709
f 1694/1694/1694 1710/1710/1710 1709/1709/1709
f 1695/1695/1695 1696/1696/1696 1711/1711/1711
f 1696/1696/1696 1712/1712/1712 1711/1711/1711
f 1697/1697/1697 1698/1698/1698 1713/1713/1713
f 1698/1698/1698 1714/1714/1714 1713/1713/1713
f 1699/1699/1699 1700/1700/1700 1715/1715/1715
f 1700/1700/1700 1716/1716/1716 1715/1715/1715
f 1701/1701/1701 1702/1702/1702 1717/1717/1717
f 1702/1702/1702 1718/1718/1718 1717/1717/1717
f 1703/1703/1703 1704/1704/1704 1719/1719/1719
f 1704/1704/1704 1720/1720/1720 1719/1719/1719
f 1705/1705/1705 1706/1706/1706 1721/1721/1721
f 1706/1706/1706 1722/1722/1722 1721/1721/1721
f 1707/1707/1707 1708/1708/1708 1723/1723/1723
f 1708/1708/1708 1724/1724/1724 1723/1723/1723
f 1709/1709/1709 1710/1710/1710 1725/1725/1725
f 1710/1710/1710 1726/1726/1726 1725/1725/1725
f 1711/1711/1711 1712/1712/1712 1727/1727/1727
f 1712/1712/1712 1728/1728/1728 1727/1727/1727
f 1713/1713/1713 1714/1714/1714 1729/1729/1729
f 1714/1714/1714 1730/1730/1730 1729/1729/1729
f 1715/1715/1715 1716/1716/1716 1731/1731/1731
f 1716/1716/1716 1732/1732/1732 1731/1731/1731
f 1717/1717/1717 1718/1718/1718 1733/1733/1733
f 1718/1718/1718 1734/1734/1734 1733/1733/1733
f 1719/1719/1719 1720/1720/1720 1735/1735/1735
f 1720/1720/1720 1736/1736/1736 1735/1735/1735
f 1721/1721/1721 1722/1722/1722 1737/1737/1737
f 1722/1722/1722 1738/1738/1738 1737/1737/1737
f 1723/1723/1723 1724/1724/1724 1739/1739/1739
f 1724/1724/1724 1740/1740/1740 1739/1739/1739
f 1725/1725/1725 1726/1726/1726 1741/1741/1741
f 1726/1726/1726 1742/1742/1742 1741/1741/1741
f 1727/1727/1727 1728/1728/1728 1743/1743/1743
f 1728/1728/1728 1744/1744/1744 1743/1743/1743
f 1729/1729/1729 1730/1730/1730 1745/1745/1745
f 1730/1730/1730 1746/1746/1746 1745/1745/1745
f 1731/1731/1731 1732/1732/1732 1747/1747/1747
f 1732/1732/1732 1748/1748/1748 1747/1747/1747
f 1749/1749/1749 1347/1347/1347 1750/1750/1750
f 1751/1751/1751 1752/1752/1752 1737/1737/1737
f 1749/1749/1749 1348/1348/1348 1347/1347/1347
f 1751/1751/1751 1737/1737/1737 1738/1738/1738
f 1749/1749/1749 1753/1753/1753 1348/1348/1348
f 1751/1751/1751 1738/1738/1738 1754/1754/1754
f 1749/1749/1749 1755/1755/1755 1753/1753/1753
f 1751/1751/1751 1754/1754/1754 1756/1756/1756
f 1749/1749/1749 1757/1757/1757 1755/1755/1755
f 1751/1751/1751 1756/1756/1756 1758/1758/1758
f 1749/1749/1749 1759/1759/1759 1757/1757/1757
f 1751/1751/1751 1758/1758/1758 1760/1760/1760
o S13
v 0.0140000004321 1.66250000006 0.00000000000
v 0.0129343131557 1.66250000006 0.00535756815225
v 0.00989949516952 1.66250000006 0.00989949516952
v 0.00535756815225 1.66250000006 0.0129343131557
v 8.57252763722e-19 1.66250000006 0.0140000004321
v -0.00535756815225 1.66250000006 0.0129343131557
v -0.00989949516952 1.66250000006 0.00989949516952
v -0.0129343131557 1.66250000006 0.00535756815225
v -0.0140000004321 1.66250000006 1.71450552744e-18
v -0.0129343131557 1.66250000006 -0.00535756815225
v -0.00989949516952 1.66250000006 -0.00989949516952
v -0.00535756815225 1.66250000006 -0.0129343131557
v -2.57175829117e-18 1.66250000006 -0.0140000004321
v 0.00535756815225 1.66250000006 -0.0129343131557
v 0.00989949516952 1.66250000006 -0.00989949516952
v 0.0129343131557 1.66250000006 -0.00535756815225
v 0.0144999995828 1.66199999997 0.00000000000
v 0.0133962528780 1.66199999997 0.00554890977219
v 0.0102530485019 1.66199999997 0.0102530485019
v 0.00554890977219 1.66199999997 0.0133962528780
v 8.87868889542e-19 1.66199999997 0.0144999995828
v -0.00554890977219 1.66199999997 0.0133962528780
v -0.0102530485019 1.66199999997 0.0102530485019
v -0.0133962528780 1.66199999997 0.00554890977219
v -0.0144999995828 1.66199999997 1.77573777908e-18
v -0.0133962528780 1.66199999997 -0.00554890977219
v -0.0102530485019 1.66199999997 -0.0102530485019
v -0.00554890977219 1.66199999997 -0.0133962528780
v -2.66360677202e-18 1.66199999997 -0.0144999995828
v 0.00554890977219 1.66199999997 -0.0133962528780
v 0.0102530485019 1.66199999997 -0.0102530485019
v 0.0133962528780 1.66199999997 -0.00554890977219
v 0.0192000009120 1.66199999997 0.00000000000
v 0.0177384875715 1.66199999997 0.00734752183780
v 0.0135764498264 1.66199999997 0.0135764498264
v 0.00734752183780 1.66199999997 0.0177384875715
v 1.17566094788e-18 1.66199999997 0.0192000009120
v -0.00734752183780 1.66199999997 0.0177384875715
v -0.0135764498264 1.66199999997 0.0135764498264
v -0.0177384875715 1.66199999997 0.00734752183780
v -0.0192000009120 1.66199999997 2.35132189575e-18
v -0.0177384875715 1.66199999997 -0.00734752183780
v -0.0135764498264 1.66199999997 -0.0135764498264
v -0.00734752183780 1.66199999997 -0.0177384875715
v -3.52698274023e-18 1.66199999997 -0.0192000009120
v 0.00734752183780 1.66199999997 -0.0177384875715
v 0.0135764498264 1.66199999997 -0.0135764498264
v 0.0177384875715 1.66199999997 -0.00734752183780
v 0.0199999995530 1.66280000001 0.00000000000
v 0.0184775907546 1.66280000001 0.00765366852283
v 0.0141421351582 1.66280000001 0.0141421351582
v 0.00765366852283 1.66280000001 0.0184775907546
v 1.22464679055e-18 1.66280000001 0.0199999995530
v -0.00765366852283 1.66280000001 0.0184775907546
v -0.0141421351582 1.66280000001 0.0141421351582
v -0.0184775907546 1.66280000001 0.00765366852283
v -0.0199999995530 1.66280000001 2.44929358109e-18
v -0.0184775907546 1.66280000001 -0.00765366852283
v -0.0141421351582 1.66280000001 -0.0141421351582
v -0.00765366852283 1.66280000001 -0.0184775907546
v -3.67394047504e-18 1.66280000001 -0.0199999995530
v 0.00765366852283 1.66280000001 -0.0184775907546
v 0.0141421351582 1.66280000001 -0.0141421351582
v 0.0184775907546 1.66280000001 -0.00765366852283
v 0.0199999995530 1.66719999999 0.00000000000
v 0.0184775907546 1.66719999999 0.00765366852283
v 0.0141421351582 1.66719999999 0.0141421351582
v 0.00765366852283 1.66719999999 0.0184775907546
v 1.22464679055e-18 1.66719999999 0.0199999995530
v -0.00765366852283 1.66719999999 0.0184775907546
v -0.0141421351582 1.66719999999 0.0141421351582
v -0.0184775907546 1.66719999999 0.00765366852283
v -0.0199999995530 1.66719999999 2.44929358109e-18
v -0.0184775907546 1.66719999999 -0.00765366852283
v -0.0141421351582 1.66719999999 -0.0141421351582
v -0.00765366852283 1.66719999999 -0.0184775907546
v -3.67394047504e-18 1.66719999999 -0.0199999995530
v 0.00765366852283 1.66719999999 -0.0184775907546
v 0.0141421351582 1.66719999999 -0.0141421351582
v 0.0184775907546 1.66719999999 -0.00765366852283
v 0.0192000009120 1.66800000003 0.00000000000
v 0.0177384875715 1.66800000003 0.00734752183780
v 0.0135764498264 1.66800000003 0.0135764498264
v 0.00734752183780 1.66800000003 0.0177384875715
v 1.17566094788e-18 1.66800000003 0.0192000009120
v -0.00734752183780 1.66800000003 0.0177384875715
v -0.0135764498264 1.66800000003 0.0135764498264
v -0.0177384875715 1.66800000003 0.00734752183780
v -0.0192000009120 1.66800000003 2.35132189575e-18
v -0.0177384875715 1.66800000003 -0.00734752183780
v -0.0135764498264 1.66800000003 -0.0135764498264
v -0.00734752183780 1.66800000003 -0.0177384875715
v -3.52698274023e-18 1.66800000003 -0.0192000009120
v 0.00734752183780 1.66800000003 -0.0177384875715
v 0.0135764498264 1.66800000003 -0.0135764498264
v 0.0177384875715 1.66800000003 -0.00734752183780
v 0.0144999995828 1.66800000003 0.00000000000
v 0.0133962528780 1.66800000003 0.00554890977219
v 0.0102530485019 1.66800000003 0.0102530485019
v 0.00554890977219 1.66800000003 0.0133962528780
v 8.87868889542e-19 1.66800000003 0.0144999995828
v -0.00554890977219 1.66800000003 0.0133962528780
v -0.0102530485019 1.66800000003 0.0102530485019
v -0.0133962528780 1.66800000003 0.00554890977219
v -0.0144999995828 1.66800000003 1.77573777908e-18
v -0.0133962528780 1.66800000003 -0.00554890977219
v -0.0102530485019 1.66800000003 -0.0102530485019
v -0.00554890977219 1.66800000003 -0.0133962528780
v -2.66360677202e-18 1.66800000003 -0.0144999995828
v 0.00554890977219 1.66800000003 -0.0133962528780
v 0.0102530485019 1.66800000003 -0.0102530485019
v 0.0133962528780 1.66800000003 -0.00554890977219
v 0.0140000004321 1.66749999994 0.00000000000
v 0.0129343131557 1.66749999994 0.00535756815225
v 0.00989949516952 1.66749999994 0.00989949516952
v 0.00535756815225 1.66749999994 0.0129343131557
v 8.57252763722e-19 1.66749999994 0.0140000004321
v -0.00535756815225 1.66749999994 0.0129343131557
v -0.00989949516952 1.66749999994 0.00989949516952
v -0.0129343131557 1.66749999994 0.00535756815225
v -0.0140000004321 1.66749999994 1.71450552744e-18
v -0.0129343131557 1.66749999994 -0.00535756815225
v -0.00989949516952 1.66749999994 -0.00989949516952
v -0.00535756815225 1.66749999994 -0.0129343131557
v -2.57175829117e-18 1.66749999994 -0.0140000004321
v 0.00535756815225 1.66749999994 -0.0129343131557
v 0.00989949516952 1.66749999994 -0.00989949516952
v 0.0129343131557 1.66749999994 -0.00535756815225
v 0.0140000004321 1.66600000005 0.00000000000
v 0.0129343131557 1.66600000005 0.00535756815225
v 0.00989949516952 1.66600000005 0.00989949516952
v 0.00535756815225 1.66600000005 0.0129343131557
v 8.57252763722e-19 1.66600000005 0.0140000004321
v -0.00535756815225 1.66600000005 0.0129343131557
v -0.00989949516952 1.66600000005 0.00989949516952
v -0.0129343131557 1.66600000005 0.00535756815225
v -0.0140000004321 1.66600000005 1.71450552744e-18
v -0.0129343131557 1.66600000005 -0.00535756815225
v -0.00989949516952 1.66600000005 -0.00989949516952
v -0.00535756815225 1.66600000005 -0.0129343131557
v -2.57175829117e-18 1.66600000005 -0.0140000004321
v 0.00535756815225 1.66600000005 -0.0129343131557
v 0.00989949516952 1.66600000005 -0.00989949516952
v 0.0129343131557 1.66600000005 -0.00535756815225
v 0.0149999996647 1.66600000005 0.00000000000
v 0.0138581926003 1.66600000005 0.00574025139213
v 0.0106066018343 1.66600000005 0.0106066018343
v 0.00574025139213 1.66600000005 0.0138581926003
v 9.18485118759e-19 1.66600000005 0.0149999996647
v -0.00574025139213 1.66600000005 0.0138581926003
v -0.0106066018343 1.66600000005 0.0106066018343
v -0.0138581926003 1.66600000005 0.00574025139213
v -0.0149999996647 1.66600000005 1.83697023752e-18
v -0.0138581926003 1.66600000005 -0.00574025139213
v -0.0106066018343 1.66600000005 -0.0106066018343
v -0.00574025139213 1.66600000005 -0.0138581926003
v -2.75545525288e-18 1.66600000005 -0.0149999996647
v 0.00574025139213 1.66600000005 -0.0138581926003
v 0.0106066018343 1.66600000005 -0.0106066018343
v 0.0138581926003 1.66600000005 -0.00574025139213
v 0.0149999996647 1.66399999995 0.00000000000
v 0.0138581926003 1.66399999995 0.00574025139213
v 0.0106066018343 1.66399999995 0.0106066018343
v 0.00574025139213 1.66399999995 0.0138581926003
v 9.18485118759e-19 1.66399999995 0.0149999996647
v -0.00574025139213 1.66399999995 0.0138581926003
v -0.0106066018343 1.66399999995 0.0106066018343
v -0.0138581926003 1.66399999995 0.00574025139213
v -0.0149999996647 1.66399999995 1.83697023752e-18
v -0.0138581926003 1.66399999995 -0.00574025139213
v -0.0106066018343 1.66399999995 -0.0106066018343
v -0.00574025139213 1.66399999995 -0.0138581926003
v -2.75545525288e-18 1.66399999995 -0.0149999996647
v 0.00574025139213 1.66399999995 -0.0138581926003
v 0.0106066018343 1.66399999995 -0.0106066018343
v 0.0138581926003 1.66399999995 -0.00574025139213
v 0.0140000004321 1.66399999995 0.00000000000
v 0.0129343131557 1.66399999995 0.00535756815225
v 0.00989949516952 1.66399999995 0.00989949516952
v 0.00535756815225 1.66399999995 0.0129343131557
v 8.57252763722e-19 1.66399999995 0.0140000004321
v -0.00535756815225 1.66399999995 0.0129343131557
v -0.00989949516952 1.66399999995 0.00989949516952
v -0.0129343131557 1.66399999995 0.00535756815225
v -0.0140000004321 1.66399999995 1.71450552744e-18
v -0.0129343131557 1.66399999995 -0.00535756815225
v -0.00989949516952 1.66399999995 -0.00989949516952
v -0.00535756815225 1.66399999995 -0.0129343131557
v -2.57175829117e-18 1.66399999995 -0.0140000004321
v 0.00535756815225 1.66399999995 -0.0129343131557
v 0.00989949516952 1.66399999995 -0.00989949516952
v 0.0129343131557 1.66399999995 -0.00535756815225
vt 0 0
vt 0.0625 0
vt 0.125 0
vt 0.1875 0
vt 0.25 0
vt 0.3125 0
vt 0.375 0
vt 0.4375 0
vt 0.5 0
vt 0.5625 0
vt 0.625 0
vt 0.6875 0
vt 0.75 0
vt 0.8125 0
vt 0.875 0
vt 0.9375 0
vt 0 0.0833333358168602
vt 0.0625 0.0833333358168602
vt 0.125 0.0833333358168602
vt 0.1875 0.0833333358168602
vt 0.25 0.0833333358168602
vt 0.3125 0.0833333358168602
vt 0.375 0.0833333358168602
vt 0.4375 0.0833333358168602
vt 0.5 0.0833333358168602
vt 0.5625 0.0833333358168602
vt 0.625 0.0833333358168602
vt 0.6875 0.0833333358168602
vt 0.75 0.0833333358168602
vt 0.8125 0.0833333358168602
vt 0.875 0.0833333358168602
vt 0.9375 0.0833333358168602
vt 0 0.1666666716337204
vt 0.0625 0.1666666716337204
vt 0.125 0.1666666716337204
vt 0.1875 0.1666666716337204
vt 0.25 0.1666666716337204
vt 0.3125 0.1666666716337204
vt 0.375 0.1666666716337204
vt 0.4375 0.1666666716337204
vt 0.5 0.1666666716337204
vt 0.5625 0.1666666716337204
vt 0.625 0.1666666716337204
vt 0.6875 0.1666666716337204
vt 0.75 0.1666666716337204
vt 0.8125 0.1666666716337204
vt 0.875 0.1666666716337204
vt 0.9375 0.1666666716337204
vt 0 0.25
vt 0.0625 0.25
vt 0.125 0.25
vt 0.1875 0.25
vt 0.25 0.25
vt 0.3125 0.25
vt 0.375 0.25
vt 0.4375 0.25
vt 0.5 0.25
vt 0.5625 0.25
vt 0.625 0.25
vt 0.6875 0.25
vt 0.75 0.25
vt 0.8125 0.25
vt 0.875 0.25
vt 0.9375 0.25
vt 0 0.3333333432674408
vt 0.0625 0.3333333432674408
vt 0.125 0.3333333432674408
vt 0.1875 0.3333333432674408
vt 0.25 0.3333333432674408
vt 0.3125 0.3333333432674408
vt 0.375 0.3333333432674408
vt 0.4375 0.3333333432674408
vt 0.5 0.3333333432674408
vt 0.5625 0.3333333432674408
vt 0.625 0.3333333432674408
vt 0.6875 0.3333333432674408
vt 0.75 0.3333333432674408
vt 0.8125 0.3333333432674408
vt 0.875 0.3333333432674408
vt 0.9375 0.3333333432674408
vt 0 0.4166666567325592
vt 0.0625 0.4166666567325592
vt 0.125 0.4166666567325592
vt 0.1875 0.4166666567325592
vt 0.25 0.4166666567325592
vt 0.3125 0.4166666567325592
vt 0.375 0.4166666567325592
vt 0.4375 0.4166666567325592
vt 0.5 0.4166666567325592
vt 0.5625 0.4166666567325592
vt 0.625 0.4166666567325592
vt 0.6875 0.4166666567325592
vt 0.75 0.4166666567325592
vt 0.8125 0.4166666567325592
vt 0.875 0.4166666567325592
vt 0.9375 0.4166666567325592
vt 0 0.5
vt 0.0625 0.5
vt 0.125 0.5
vt 0.1875 0.5
vt 0.25 0.5
vt 0.3125 0.5
vt 0.375 0.5
vt 0.4375 0.5
vt 0.5 0.5
vt 0.5625 0.5
vt 0.625 0.5
vt 0.6875 0.5
vt 0.75 0.5
vt 0.8125 0.5
vt 0.875 0.5
vt 0.9375 0.5
vt 0 0.5833333134651184
vt 0.0625 0.5833333134651184
vt 0.125 0.5833333134651184
vt 0.1875 0.5833333134651184
vt 0.25 0.5833333134651184
vt 0.3125 0.5833333134651184
vt 0.375 0.5833333134651184
vt 0.4375 0.5833333134651184
vt 0.5 0.5833333134651184
vt 0.5625 0.5833333134651184
vt 0.625 0.5833333134651184
vt 0.6875 0.5833333134651184
vt 0.75 0.5833333134651184
vt 0.8125 0.5833333134651184
vt 0.875 0.5833333134651184
vt 0.9375 0.5833333134651184
vt 0 0.6666666865348816
vt 0.0625 0.6666666865348816
vt 0.125 0.6666666865348816
vt 0.1875 0.6666666865348816
vt 0.25 0.6666666865348816
vt 0.3125 0.6666666865348816
vt 0.375 0.6666666865348816
vt 0.4375 0.6666666865348816
vt 0.5 0.6666666865348816
vt 0.5625 0.6666666865348816
vt 0.625 0.6666666865348816
vt 0.6875 0.6666666865348816
vt 0.75 0.6666666865348816
vt 0.8125 0.6666666865348816
vt 0.875 0.6666666865348816
vt 0.9375 0.6666666865348816
vt 0 0.75
vt 0.0625 0.75
vt 0.125 0.75
vt 0.1875 0.75
vt 0.25 0.75
vt 0.3125 0.75
vt 0.375 0.75
vt 0.4375 0.75
vt 0.5 0.75
vt 0.5625 0.75
vt 0.625 0.75
vt 0.6875 0.75
vt 0.75 0.75
vt 0.8125 0.75
vt 0.875 0.75
vt 0.9375 0.75
vt 0 0.8333333134651184
vt 0.0625 0.8333333134651184
vt 0.125 0.8333333134651184
vt 0.1875 0.8333333134651184
vt 0.25 0.8333333134651184
vt 0.3125 0.8333333134651184
vt 0.375 0.8333333134651184
vt 0.4375 0.8333333134651184
vt 0.5 0.8333333134651184
vt 0.5625 0.8333333134651184
vt 0.625 0.8333333134651184
vt 0.6875 0.8333333134651184
vt 0.75 0.8333333134651184
vt 0.8125 0.8333333134651184
vt 0.875 0.8333333134651184
vt 0.9375 0.8333333134651184
vt 0 0.9166666865348816
vt 0.0625 0.9166666865348816
vt 0.125 0.9166666865348816
vt 0.1875 0.9166666865348816
vt 0.25 0.9166666865348816
vt 0.3125 0.9166666865348816
vt 0.375 0.9166666865348816
vt 0.4375 0.9166666865348816
vt 0.5 0.9166666865348816
vt 0.5625 0.9166666865348816
vt 0.625 0.9166666865348816
vt 0.6875 0.9166666865348816
vt 0.75 0.9166666865348816
vt 0.8125 0.9166666865348816
vt 0.875 0.9166666865348816
vt 0.9375 0.9166666865348816
vn -0.969152671901 -0.244444753392 -0.0314620578705
vn -0.883340303477 -0.244444863211 -0.399945767702
vn -0.663047370146 -0.244444980056 -0.707541402794
vn -0.341811530282 -0.244444990783 -0.907420257790
vn 0.0314620543781 -0.244444725399 -0.969152679075
vn 0.399945767702 -0.244444863211 -0.883340303477
vn 0.707541402794 -0.244444980056 -0.663047370146
vn 0.907420257790 -0.244444990783 -0.341811530282
vn 0.969152679075 -0.244444725399 0.0314620543781
vn 0.883340303477 -0.244444863211 0.399945767702
vn 0.663047370146 -0.244444980056 0.707541402794
vn 0.341811530282 -0.244444990783 0.907420257790
vn -0.0314620543781 -0.244444725399 0.969152679075
vn -0.399945767702 -0.244444863211 0.883340303477
vn -0.707541402794 -0.244444980056 0.663047370146
vn -0.907420257790 -0.244444990783 0.341811530282
vn -0.0863544123290 -0.996248783879 -0.00559250313160
vn -0.0776409210426 -0.996248783800 -0.0382131934979
vn -0.0571073033404 -0.996248782533 -0.0650162995418
vn -0.0278796107080 -0.996248783479 -0.0819212348747
vn 0.00559250313160 -0.996248783879 -0.0863544123290
vn 0.0382131934979 -0.996248783800 -0.0776409210426
vn 0.0650162995418 -0.996248782533 -0.0571073033404
vn 0.0819212348747 -0.996248783479 -0.0278796107080
vn 0.0863544123290 -0.996248783879 0.00559250313160
vn 0.0776409210426 -0.996248783800 0.0382131934979
vn 0.0571073033404 -0.996248782533 0.0650162995418
vn 0.0278796107080 -0.996248783479 0.0819212348747
vn -0.00559250313160 -0.996248783879 0.0863544123290
vn -0.0382131934979 -0.996248783800 0.0776409210426
vn -0.0650162995418 -0.996248782533 0.0571073033404
vn -0.0819212348747 -0.996248783479 0.0278796107080
vn 0.156233652376 -0.987662785566 -0.0106427380100
vn 0.148413880463 -0.987662784241 0.0499554272438
vn 0.117999433415 -0.987662783367 0.102948336872
vn 0.0696206461174 -0.987662786263 0.140268265357
vn 0.0106427380100 -0.987662785566 0.156233652376
vn -0.0499554272438 -0.987662784241 0.148413880463
vn -0.102948336872 -0.987662783367 0.117999433415
vn -0.140268265357 -0.987662786263 0.0696206461174
vn -0.156233652376 -0.987662785566 0.0106427380100
vn -0.148413880463 -0.987662784241 -0.0499554272438
vn -0.117999433415 -0.987662783367 -0.102948336872
vn -0.0696206461174 -0.987662786263 -0.140268265357
vn -0.0106427380100 -0.987662785566 -0.156233652376
vn 0.0499554272438 -0.987662784241 -0.148413880463
vn 0.102948336872 -0.987662783367 -0.117999433415
vn 0.140268265357 -0.987662786263 -0.0696206461174
vn 0.987589915816 -0.150219026284 -0.0458301464106
vn 0.929952536657 -0.150219153268 0.335592737641
vn 0.730738287862 -0.150219188304 0.665924733073
vn 0.420275867327 -0.150219082955 0.894875646366
vn 0.0458301501281 -0.150219026258 0.987589915648
vn -0.335592737641 -0.150219153268 0.929952536657
vn -0.665924733073 -0.150219188304 0.730738287862
vn -0.894875646366 -0.150219082955 0.420275867327
vn -0.987589915648 -0.150219026258 0.0458301501281
vn -0.929952536657 -0.150219153268 -0.335592737641
vn -0.730738287862 -0.150219188304 -0.665924733073
vn -0.420275867327 -0.150219082955 -0.894875646366
vn -0.0458301501281 -0.150219026258 -0.987589915648
vn 0.335592737641 -0.150219153268 -0.929952536657
vn 0.665924733073 -0.150219188304 -0.730738287862
vn 0.894875646366 -0.150219082955 -0.420275867327
vn 0.987589915985 0.150219026309 0.0458301426931
vn 0.894875646366 0.150219082955 0.420275867327
vn 0.665924733073 0.150219188304 0.730738287862
vn 0.335592737641 0.150219153268 0.929952536657
vn -0.0458301464106 0.150219026284 0.987589915816
vn -0.420275867327 0.150219082955 0.894875646366
vn -0.730738287862 0.150219188304 0.665924733073
vn -0.929952536657 0.150219153268 0.335592737641
vn -0.987589915816 0.150219026284 -0.0458301464106
vn -0.894875646366 0.150219082955 -0.420275867327
vn -0.665924733073 0.150219188304 -0.730738287862
vn -0.335592737641 0.150219153268 -0.929952536657
vn 0.0458301464106 0.150219026284 -0.987589915816
vn 0.420275867327 0.150219082955 -0.894875646366
vn 0.730738287862 0.150219188304 -0.665924733073
vn 0.929952536657 0.150219153268 -0.335592737641
vn 0.156233637840 0.987662787876 0.0106427371035
vn 0.140268236214 0.987662790904 0.0696206389940
vn 0.102948336872 0.987662783367 0.117999433415
vn 0.0499554309598 0.987662784057 0.148413880435
vn -0.0106427380100 0.987662785566 0.156233652376
vn -0.0696206389940 0.987662790904 0.140268236214
vn -0.117999433415 0.987662783367 0.102948336872
vn -0.148413880435 0.987662784057 0.0499554309598
vn -0.156233652376 0.987662785566 -0.0106427380100
vn -0.140268236214 0.987662790904 -0.0696206389940
vn -0.102948336872 0.987662783367 -0.117999433415
vn -0.0499554309598 0.987662784057 -0.148413880435
vn 0.0106427380100 0.987662785566 -0.156233652376
vn 0.0696206389940 0.987662790904 -0.140268236214
vn 0.117999433415 0.987662783367 -0.102948336872
vn 0.148413880435 0.987662784057 -0.0499554309598
vn -0.0863544197240 0.996248783238 0.00559250312800
vn -0.0819212496674 0.996248782159 -0.0278796143964
vn -0.0650162995141 0.996248782109 -0.0571073107667
vn -0.0382131934979 0.996248783800 -0.0776409210426
vn -0.00559250266955 0.996248784522 -0.0863544049342
vn 0.0278796143964 0.996248782159 -0.0819212496674
vn 0.0571073107667 0.996248782109 -0.0650162995141
vn 0.0776409210426 0.996248783800 -0.0382131934979
vn 0.0863544049342 0.996248784522 -0.00559250266955
vn 0.0819212496674 0.996248782159 0.0278796143964
vn 0.0650162995141 0.996248782109 0.0571073107667
vn 0.0382131934979 0.996248783800 0.0776409210426
vn 0.00559250266955 0.996248784522 0.0863544049342
vn -0.0278796143964 0.996248782159 0.0819212496674
vn -0.0571073107667 0.996248782109 0.0650162995141
vn -0.0776409210426 0.996248783800 0.0382131934979
vn -0.969152672015 0.244444753421 0.0314620541489
vn -0.907420257790 0.244444990783 -0.341811530282
vn -0.707541400217 0.244444994067 -0.663047367731
vn -0.399945767702 0.244444863211 -0.883340303477
vn -0.0314620578705 0.244444753392 -0.969152671901
vn 0.341811530282 0.244444990783 -0.907420257790
vn 0.663047367731 0.244444994067 -0.707541400217
vn 0.883340303477 0.244444863211 -0.399945767702
vn 0.969152671901 0.244444753392 -0.0314620578705
vn 0.907420257790 0.244444990783 0.341811530282
vn 0.707541400217 0.244444994067 0.663047367731
vn 0.399945767702 0.244444863211 0.883340303477
vn 0.0314620578705 0.244444753392 0.969152671901
vn -0.341811530282 0.244444990783 0.907420257790
vn -0.663047367731 0.244444994067 0.707541400217
vn -0.883340303477 0.244444863211 0.399945767702
vn -0.824714248869 -0.562899891286 -0.0546819906575
vn -0.741010669908 -0.562900009821 -0.366123976307
vn -0.544494937312 -0.562900077109 -0.621826958592
vn -0.265084924476 -0.562900070968 -0.782862371633
vn 0.0546819869433 -0.562899891401 -0.824714249037
vn 0.366123976307 -0.562900009821 -0.741010669908
vn 0.621826958592 -0.562900077109 -0.544494937312
vn 0.782862371633 -0.562900070968 -0.265084924476
vn 0.824714249037 -0.562899891401 0.0546819869433
vn 0.741010669908 -0.562900009821 0.366123976307
vn 0.544494937312 -0.562900077109 0.621826958592
vn 0.265084924476 -0.562900070968 0.782862371633
vn -0.0546819869433 -0.562899891401 0.824714249037
vn -0.366123976307 -0.562900009821 0.741010669908
vn -0.621826958592 -0.562900077109 0.544494937312
vn -0.782862371633 -0.562900070968 0.265084924476
vn -0.896794876988 -0.438432793348 0.0594612001656
vn -0.851285181648 -0.438432943262 -0.288253523429
vn -0.676175122346 -0.438432964849 -0.592084233242
vn -0.398123439301 -0.438432838280 -0.805775634651
vn -0.0594612075899 -0.438432793153 -0.896794876591
vn 0.288253523429 -0.438432943262 -0.851285181648
vn 0.592084233242 -0.438432964849 -0.676175122346
vn 0.805775634651 -0.438432838280 -0.398123439301
vn 0.896794876591 -0.438432793153 -0.0594612075899
vn 0.851285181648 -0.438432943262 0.288253523429
vn 0.676175122346 -0.438432964849 0.592084233242
vn 0.398123439301 -0.438432838280 0.805775634651
vn 0.0594612075899 -0.438432793153 0.896794876591
vn -0.288253523429 -0.438432943262 0.851285181648
vn -0.592084233242 -0.438432964849 0.676175122346
vn -0.805775634651 -0.438432838280 0.398123439301
vn -0.896794876591 0.438432793153 -0.0594612075899
vn -0.805775593657 0.438432878208 -0.398123478298
vn -0.592084287424 0.438432901229 -0.676175116153
vn -0.288253481476 0.438432924782 -0.851285205371
vn 0.0594612001656 0.438432793348 -0.896794876988
vn 0.398123478298 0.438432878208 -0.805775593657
vn 0.676175116153 0.438432901229 -0.592084287424
vn 0.851285205371 0.438432924782 -0.288253481476
vn 0.896794876988 0.438432793348 0.0594612001656
vn 0.805775593657 0.438432878208 0.398123478298
vn 0.592084287424 0.438432901229 0.676175116153
vn 0.288253481476 0.438432924782 0.851285205371
vn -0.0594612001656 0.438432793348 0.896794876988
vn -0.398123478298 0.438432878208 0.805775593657
vn -0.676175116153 0.438432901229 0.592084287424
vn -0.851285205371 0.438432924782 0.288253481476
vn -0.824714249037 0.562899891401 0.0546819869433
vn -0.782862365448 0.562900066521 -0.265084952185
vn -0.621826958592 0.562900077109 -0.544494937312
vn -0.366123972420 0.562899944240 -0.741010721646
vn -0.0546819906575 0.562899891286 -0.824714248869
vn 0.265084952185 0.562900066521 -0.782862365448
vn 0.544494937312 0.562900077109 -0.621826958592
vn 0.741010721646 0.562899944240 -0.366123972420
vn 0.824714248869 0.562899891286 -0.0546819906575
vn 0.782862365448 0.562900066521 0.265084952185
vn 0.621826958592 0.562900077109 0.544494937312
vn 0.366123972420 0.562899944240 0.741010721646
vn 0.0546819906575 0.562899891286 0.824714248869
vn -0.265084952185 0.562900066521 0.782862365448
vn -0.544494937312 0.562900077109 0.621826958592
vn -0.741010721646 0.562899944240 0.366123972420
f 1761/1761/1761 1777/1777/1777 1762/1762/1762
f 1762/1762/1762 1777/1777/1777 1778/1778/1778
f 1762/1762/1762 1778/1778/1778 1763/1763/1763
f 1763/1763/1763 1778/1778/1778 1779/1779/1779
f 1763/1763/1763 1779/1779/1779 1764/1764/1764
f 1764/1764/1764 1779/1779/1779 1780/1780/1780
f 1764/1764/1764 1780/1780/1780 1765/1765/1765
f 1765/1765/1765 1780/1780/1780 1781/1781/1781
f 1765/1765/1765 1781/1781/1781 1766/1766/1766
f 1766/1766/1766 1781/1781/1781 1782/1782/1782
f 1766/1766/1766 1782/1782/1782 1767/1767/1767
f 1767/1767/1767 1782/1782/1782 1783/1783/1783
f 1767/1767/1767 1783/1783/1783 1768/1768/1768
f 1768/1768/1768 1783/1783/1783 1784/1784/1784
f 1768/1768/1768 1784/1784/1784 1769/1769/1769
f 1769/1769/1769 1784/1784/1784 1785/1785/1785
f 1769/1769/1769 1785/1785/1785 1770/1770/1770
f 1770/1770/1770 1785/1785/1785 1786/1786/1786
f 1770/1770/1770 1786/1786/1786 1771/1771/1771
f 1771/1771/1771 1786/1786/1786 1787/1787/1787
f 1771/1771/1771 1787/1787/1787 1772/1772/1772
f 1772/1772/1772 1787/1787/1787 1788/1788/1788
f 1772/1772/1772 1788/1788/1788 1773/1773/1773
f 1773/1773/1773 1788/1788/1788 1789/1789/1789
f 1773/1773/1773 1789/1789/1789 1774/1774/1774
f 1774/1774/1774 1789/1789/1789 1790/1790/1790
f 1774/1774/1774 1790/1790/1790 1775/1775/1775
f 1775/1775/1775 1790/1790/1790 1791/1791/1791
f 1775/1775/1775 1791/1791/1791 1776/1776/1776
f 1776/1776/1776 1791/1791/1791 1792/1792/1792
f 1776/1776/1776 1792/1792/1792 1761/1761/1761
f 1761/1761/1761 1792/1792/1792 1777/1777/1777
f 1777/1777/1777 1793/1793/1793 1778/1778/1778
f 1778/1778/1778 1793/1793/1793 1794/1794/1794
f 1778/1778/1778 1794/1794/1794 1779/1779/1779
f 1779/1779/1779 1794/1794/1794 1795/1795/1795
f 1779/1779/1779 1795/1795/1795 1780/1780/1780
f 1780/1780/1780 1795/1795/1795 1796/1796/1796
f 1780/1780/1780 1796/1796/1796 1781/1781/1781
f 1781/1781/1781 1796/1796/1796 1797/1797/1797
f 1781/1781/1781 1797/1797/1797 1782/1782/1782
f 1782/1782/1782 1797/1797/1797 1798/1798/1798
f 1782/1782/1782 1798/1798/1798 1783/1783/1783
f 1783/1783/1783 1798/1798/1798 1799/1799/1799
f 1783/1783/1783 1799/1799/1799 1784/1784/1784
f 1784/1784/1784 1799/1799/1799 1800/1800/1800
f 1784/1784/1784 1800/1800/1800 1785/1785/1785
f 1785/1785/1785 1800/1800/1800 1801/1801/1801
f 1785/1785/1785 1801/1801/1801 1786/1786/1786
f 1786/1786/1786 1801/1801/1801 1802/1802/1802
f 1786/1786/1786 1802/1802/1802 1787/1787/1787
f 1787/1787/1787 1802/1802/1802 1803/1803/1803
f 1787/1787/1787 1803/1803/1803 1788/1788/1788
f 1788/1788/1788 1803/1803/1803 1804/1804/1804
f 1788/1788/1788 1804/1804/1804 1789/1789/1789
f 1789/1789/1789 1804/1804/1804 1805/1805/1805
f 1789/1789/1789 1805/1805/1805 1790/1790/1790
f 1790/1790/1790 1805/1805/1805 1806/1806/1806
f 1790/1790/1790 1806/1806/1806 1791/1791/1791
f 1791/1791/1791 1806/1806/1806 1807/1807/1807
f 1791/1791/1791 1807/1807/1807 1792/1792/1792
f 1792/1792/1792 1807/1807/1807 1808/1808/1808
f 1792/1792/1792 1808/1808/1808 1777/1777/1777
f 1777/1777/1777 1808/1808/1808 1793/1793/1793
f 1793/1793/1793 1809/1809/1809 1794/1794/1794
f 1794/1794/1794 1809/1809/1809 1810/1810/1810
f 1794/1794/1794 1810/1810/1810 1795/1795/1795
f 1795/1795/1795 1810/1810/1810 1811/1811/1811
f 1795/1795/1795 1811/1811/1811 1796/1796/1796
f 1796/1796/1796 1811/1811/1811 1812/1812/1812
f 1796/1796/1796 1812/1812/1812 1797/1797/1797
f 1797/1797/1797 1812/1812/1812 1813/1813/1813
f 1797/1797/1797 1813/1813/1813 1798/1798/1798
f 1798/1798/1798 1813/1813/1813 1814/1814/1814
f 1798/1798/1798 1814/1814/1814 1799/1799/1799
f 1799/1799/1799 1814/1814/1814 1815/1815/1815
f 1799/1799/1799 1815/1815/1815 1800/1800/1800
f 1800/1800/1800 1815/1815/1815 1816/1816/1816
f 1800/1800/1800 1816/1816/1816 1801/1801/1801
f 1801/1801/1801 1816/1816/1816 1817/1817/1817
f 1801/1801/1801 1817/1817/1817 1802/1802/1802
f 1802/1802/1802 1817/1817/1817 1818/1818/1818
f 1802/1802/1802 1818/1818/1818 1803/1803/1803
f 1803/1803/1803 1818/1818/1818 1819/1819/1819
f 1803/1803/1803 1819/1819/1819 1804/1804/1804
f 1804/1804/1804 1819/1819/1819 1820/1820/1820
f 1804/1804/1804 1820/1820/1820 1805/1805/1805
f 1805/1805/1805 1820/1820/1820 1821/1821/1821
f 1805/1805/1805 1821/1821/1821 1806/1806/1806
f 1806/1806/1806 1821/1821/1821 1822/1822/1822
f 1806/1806/1806 1822/1822/1822 1807/1807/1807
f 1807/1807/1807 1822/1822/1822 1823/1823/1823
f 1807/1807/1807 1823/1823/1823 1808/1808/1808
f 1808/1808/1808 1823/1823/1823 1824/1824/1824
f 1808/1808/1808 1824/1824/1824 1793/1793/1793
f 1793/1793/1793 1824/1824/1824 1809/1809/1809
f 1809/1809/1809 1825/1825/1825 1810/1810/1810
f 1810/1810/1810 1825/1825/1825 1826/1826/1826
f 1810/1810/1810 1826/1826/1826 1811/1811/1811
f 1811/1811/1811 1826/1826/1826 1827/1827/1827
f 1811/1811/1811 1827/1827/1827 1812/1812/1812
f 1812/1812/1812 1827/1827/1827 1828/1828/1828
f 1812/1812/1812 1828/1828/1828 1813/1813/1813
f 1813/1813/1813 1828/1828/1828 1829/1829/1829
f 1813/1813/1813 1829/1829/1829 1814/1814/1814
f 1814/1814/1814 1829/1829/1829 1830/1830/1830
f 1814/1814/1814 1830/1830/1830 1815/1815/1815
f 1815/1815/1815 1830/1830/1830 1831/1831/1831
f 1815/1815/1815 1831/1831/1831 1816/1816/1816
f 1816/1816/1816 1831/1831/1831 1832/1832/1832
f 1816/1816/1816 1832/1832/1832 1817/1817/1817
f 1817/1817/1817 1832/1832/1832 1833/1833/1833
f 1817/1817/1817 1833/1833/1833 1818/1818/1818
f 1818/1818/1818 1833/1833/1833 1834/1834/1834
f 1818/1818/1818 1834/1834/1834 1819/1819/1819
f 1819/1819/1819 1834/1834/1834 1835/1835/1835
f 1819/1819/1819 1835/1835/1835 1820/1820/1820
f 1820/1820/1820 1835/1835/1835 1836/1836/1836
f 1820/1820/1820 1836/1836/1836 1821/1821/1821
f 1821/1821/1821 1836/1836/1836 1837/1837/1837
f 1821/1821/1821 1837/1837/1837 1822/1822/1822
f 1822/1822/1822 1837/1837/1837 1838/1838/1838
f 1822/1822/1822 1838/1838/1838 1823/1823/1823
f 1823/1823/1823 1838/1838/1838 1839/1839/1839
f 1823/1823/1823 1839/1839/1839 1824/1824/1824
f 1824/1824/1824 1839/1839/1839 1840/1840/1840
f 1824/1824/1824 1840/1840/1840 1809/1809/1809
f 1809/1809/1809 1840/1840/1840 1825/1825/1825
f 1825/1825/1825 1841/1841/1841 1826/1826/1826
f 1826/1826/1826 1841/1841/1841 1842/1842/1842
f 1826/1826/1826 1842/1842/1842 1827/1827/1827
f 1827/1827/1827 1842/1842/1842 1843/1843/1843
f 1827/1827/1827 1843/1843/1843 1828/1828/1828
f 1828/1828/1828 1843/1843/1843 1844/1844/1844
f 1828/1828/1828 1844/1844/1844 1829/1829/1829
f 1829/1829/1829 1844/1844/1844 1845/1845/1845
f 1829/1829/1829 1845/1845/1845 1830/1830/1830
f 1830/1830/1830 1845/1845/1845 1846/1846/1846
f 1830/1830/1830 1846/1846/1846 1831/1831/1831
f 1831/1831/1831 1846/1846/1846 1847/1847/1847
f 1831/1831/1831 1847/1847/1847 1832/1832/1832
f 1832/1832/1832 1847/1847/1847 1848/1848/1848
f 1832/1832/1832 1848/1848/1848 1833/1833/1833
f 1833/1833/1833 1848/1848/1848 1849/1849/1849
f 1833/1833/1833 1849/1849/1849 1834/1834/1834
f 1834/1834/1834 1849/1849/1849 1850/1850/1850
f 1834/1834/1834 1850/1850/1850 1835/1835/1835
f 1835/1835/1835 1850/1850/1850 1851/1851/1851
f 1835/1835/1835 1851/1851/1851 1836/1836/1836
f 1836/1836/1836 1851/1851/1851 1852/1852/1852
f 1836/1836/1836 1852/1852/1852 1837/1837/1837
f 1837/1837/1837 1852/1852/1852 1853/1853/1853
f 1837/1837/1837 1853/1853/1853 1838/1838/1838
f 1838/1838/1838 1853/1853/1853 1854/1854/1854
f 1838/1838/1838 1854/1854/1854 1839/1839/1839
f 1839/1839/1839 1854/1854/1854 1855/1855/1855
f 1839/1839/1839 1855/1855/1855 1840/1840/1840
f 1840/1840/1840 1855/1855/1855 1856/1856/1856
f 1840/1840/1840 1856/1856/1856 1825/1825/1825
f 1825/1825/1825 1856/1856/1856 1841/1841/1841
f 1841/1841/1841 1857/1857/1857 1842/1842/1842
f 1842/1842/1842 1857/1857/1857 1858/1858/1858
f 1842/1842/1842 1858/1858/1858 1843/1843/1843
f 1843/1843/1843 1858/1858/1858 1859/1859/1859
f 1843/1843/1843 1859/1859/1859 1844/1844/1844
f 1844/1844/1844 1859/1859/1859 1860/1860/1860
f 1844/1844/1844 1860/1860/1860 1845/1845/1845
f 1845/1845/1845 1860/1860/1860 1861/1861/1861
f 1845/1845/1845 1861/1861/1861 1846/1846/1846
f 1846/1846/1846 1861/1861/1861 1862/1862/1862
f 1846/1846/1846 1862/1862/1862 1847/1847/1847
f 1847/1847/1847 1862/1862/1862 1863/1863/1863
f 1847/1847/1847 1863/1863/1863 1848/1848/1848
f 1848/1848/1848 1863/1863/1863 1864/1864/1864
f 1848/1848/1848 1864/1864/1864 1849/1849/1849
f 1849/1849/1849 1864/1864/1864 1865/1865/1865
f 1849/1849/1849 1865/1865/1865 1850/1850/1850
f 1850/1850/1850 1865/1865/1865 1866/1866/1866
f 1850/1850/1850 1866/1866/1866 1851/1851/1851
f 1851/1851/1851 1866/1866/1866 1867/1867/1867
f 1851/1851/1851 1867/1867/1867 1852/1852/1852
f 1852/1852/1852 1867/1867/1867 1868/1868/1868
f 1852/1852/1852 1868/1868/1868 1853/1853/1853
f 1853/1853/1853 1868/1868/1868 1869/1869/1869
f 1853/1853/1853 1869/1869/1869 1854/1854/1854
f 1854/1854/1854 1869/1869/1869 1870/1870/1870
f 1854/1854/1854 1870/1870/1870 1855/1855/1855
f 1855/1855/1855 1870/1870/1870 1871/1871/1871
f 1855/1855/1855 1871/1871/1871 1856/1856/1856
f 1856/1856/1856 1871/1871/1871 1872/1872/1872
f 1856/1856/1856 1872/1872/1872 1841/1841/1841
f 1841/1841/1841 1872/1872/1872 1857/1857/1857
f 1857/1857/1857 1873/1873/1873 1858/1858/1858
f 1858/1858/1858 1873/1873/1873 1874/1874/1874
f 1858/1858/1858 1874/1874/1874 1859/1859/1859
f 1859/1859/1859 1874/1874/1874 1875/1875/1875
f 1859/1859/1859 1875/1875/1875 1860/1860/1860
f 1860/1860/1860 1875/1875/1875 1876/1876/1876
f 1860/1860/1860 1876/1876/1876 1861/1861/1861
f 1861/1861/1861 1876/1876/1876 1877/1877/1877
f 1861/1861/1861 1877/1877/1877 1862/1862/1862
f 1862/1862/1862 1877/1877/1877 1878/1878/1878
f 1862/1862/1862 1878/1878/1878 1863/1863/1863
f 1863/1863/1863 1878/1878/1878 1879/1879/1879
f 1863/1863/1863 1879/1879/1879 1864/1864/1864
f 1864/1864/1864 1879/1879/1879 1880/1880/1880
f 1864/1864/1864 1880/1880/1880 1865/1865/1865
f 1865/1865/1865 1880/1880/1880 1881/1881/1881
f 1865/1865/1865 1881/1881/1881 1866/1866/1866
f 1866/1866/1866 1881/1881/1881 1882/1882/1882
f 1866/1866/1866 1882/1882/1882 1867/1867/1867
f 1867/1867/1867 1882/1882/1882 1883/1883/1883
f 1867/1867/1867 1883/1883/1883 1868/1868/1868
f 1868/1868/1868 1883/1883/1883 1884/1884/1884
f 1868/1868/1868 1884/1884/1884 1869/1869/1869
f 1869/1869/1869 1884/1884/1884 1885/1885/1885
f 1869/1869/1869 1885/1885/1885 1870/1870/1870
f 1870/1870/1870 1885/1885/1885 1886/1886/1886
f 1870/1870/1870 1886/1886/1886 1871/1871/1871
f 1871/1871/1871 1886/1886/1886 1887/1887/1887
f 1871/1871/1871 1887/1887/1887 1872/1872/1872
f 1872/1872/1872 1887/1887/1887 1888/1888/1888
f 1872/1872/1872 1888/1888/1888 1857/1857/1857
f 1857/1857/1857 1888/1888/1888 1873/1873/1873
f 1873/1873/1873 1889/1889/1889 1874/1874/1874
f 1874/1874/1874 1889/1889/1889 1890/1890/1890
f 1874/1874/1874 1890/1890/1890 1875/1875/1875
f 1875/1875/1875 1890/1890/1890 1891/1891/1891
f 1875/1875/1875 1891/1891/1891 1876/1876/1876
f 1876/1876/1876 1891/1891/1891 1892/1892/1892
f 1876/1876/1876 1892/1892/1892 1877/1877/1877
f 1877/1877/1877 1892/1892/1892 1893/1893/1893
f 1877/1877/1877 1893/1893/1893 1878/1878/1878
f 1878/1878/1878 1893/1893/1893 1894/1894/1894
f 1878/1878/1878 1894/1894/1894 1879/1879/1879
f 1879/1879/1879 1894/1894/1894 1895/1895/1895
f 1879/1879/1879 1895/1895/1895 1880/1880/1880
f 1880/1880/1880 1895/1895/1895 1896/1896/1896
f 1880/1880/1880 1896/1896/1896 1881/1881/1881
f 1881/1881/1881 1896/1896/1896 1897/1897/1897
f 1881/1881/1881 1897/1897/1897 1882/1882/1882
f 1882/1882/1882 1897/1897/1897 1898/1898/1898
f 1882/1882/1882 1898/1898/1898 1883/1883/1883
f 1883/1883/1883 1898/1898/1898 1899/1899/1899
f 1883/1883/1883 1899/1899/1899 1884/1884/1884
f 1884/1884/1884 1899/1899/1899 1900/1900/1900
f 1884/1884/1884 1900/1900/1900 1885/1885/1885
f 1885/1885/1885 1900/1900/1900 1901/1901/1901
f 1885/1885/1885 1901/1901/1901 1886/1886/1886
f 1886/1886/1886 1901/1901/1901 1902/1902/1902
f 1886/1886/1886 1902/1902/1902 1887/1887/1887
f 1887/1887/1887 1902/1902/1902 1903/1903/1903
f 1887/1887/1887 1903/1903/1903 1888/1888/1888
f 1888/1888/1888 1903/1903/1903 1904/1904/1904
f 1888/1888/1888 1904/1904/1904 1873/1873/1873
f 1873/1873/1873 1904/1904/1904 1889/1889/1889
f 1889/1889/1889 1905/1905/1905 1890/1890/1890
f 1890/1890/1890 1905/1905/1905 1906/1906/1906
f 1890/1890/1890 1906/1906/1906 1891/1891/1891
f 1891/1891/1891 1906/1906/1906 1907/1907/1907
f 1891/1891/1891 1907/1907/1907 1892/1892/1892
f 1892/1892/1892 1907/1907/1907 1908/1908/1908
f 1892/1892/1892 1908/1908/1908 1893/1893/1893
f 1893/1893/1893 1908/1908/1908 1909/1909/1909
f 1893/1893/1893 1909/1909/1909 1894/1894/1894
f 1894/1894/1894 1909/1909/1909 1910/1910/1910
f 1894/1894/1894 1910/1910/1910 1895/1895/1895
f 1895/1895/1895 1910/1910/1910 1911/1911/1911
f 1895/1895/1895 1911/1911/1911 1896/1896/1896
f 1896/1896/1896 1911/1911/1911 1912/1912/1912
f 1896/1896/1896 1912/1912/1912 1897/1897/1897
f 1897/1897/1897 1912/1912/1912 1913/1913/1913
f 1897/1897/1897 1913/1913/1913 1898/1898/1898
f 1898/1898/1898 1913/1913/1913 1914/1914/1914
f 1898/1898/1898 1914/1914/1914 1899/1899/1899
f 1899/1899/1899 1914/1914/1914 1915/1915/1915
f 1899/1899/1899 1915/1915/1915 1900/1900/1900
f 1900/1900/1900 1915/1915/1915 1916/1916/1916
f 1900/1900/1900 1916/1916/1916 1901/1901/1901
f 1901/1901/1901 1916/1916/1916 1917/1917/1917
f 1901/1901/1901 1917/1917/1917 1902/1902/1902
f 1902/1902/1902 1917/1917/1917 1918/1918/1918
f 1902/1902/1902 1918/1918/1918 1903/1903/1903
f 1903/1903/1903 1918/1918/1918 1919/1919/1919
f 1903/1903/1903 1919/1919/1919 1904/1904/1904
f 1904/1904/1904 1919/1919/1919 1920/1920/1920
f 1904/1904/1904 1920/1920/1920 1889/1889/1889
f 1889/1889/1889 1920/1920/1920 1905/1905/1905
f 1905/1905/1905 1921/1921/1921 1906/1906/1906
f 1906/1906/1906 1921/1921/1921 1922/1922/1922
f 1906/1906/1906 1922/1922/1922 1907/1907/1907
f 1907/1907/1907 1922/1922/1922 1923/1923/1923
f 1907/1907/1907 1923/1923/1923 1908/1908/1908
f 1908/1908/1908 1923/1923/1923 1924/1924/1924
f 1908/1908/1908 1924/1924/1924 1909/1909/1909
f 1909/1909/1909 1924/1924/1924 1925/1925/1925
f 1909/1909/1909 1925/1925/1925 1910/1910/1910
f 1910/1910/1910 1925/1925/1925 1926/1926/1926
f 1910/1910/1910 1926/1926/1926 1911/1911/1911
f 1911/1911/1911 1926/1926/1926 1927/1927/1927
f 1911/1911/1911 1927/1927/1927 1912/1912/1912
f 1912/1912/1912 1927/1927/1927 1928/1928/1928
f 1912/1912/1912 1928/1928/1928 1913/1913/1913
f 1913/1913/1913 1928/1928/1928 1929/1929/1929
f 1913/1913/1913 1929/1929/1929 1914/1914/1914
f 1914/1914/1914 1929/1929/1929 1930/1930/1930
f 1914/1914/1914 1930/1930/1930 1915/1915/1915
f 1915/1915/1915 1930/1930/1930 1931/1931/1931
f 1915/1915/1915 1931/1931/1931 1916/1916/1916
f 1916/1916/1916 1931/1931/1931 1932/1932/1932
f 1916/1916/1916 1932/1932/1932 1917/1917/1917
f 1917/1917/1917 1932/1932/1932 1933/1933/1933
f 1917/1917/1917 1933/1933/1933 1918/1918/1918
f 1918/1918/1918 1933/1933/1933 1934/1934/1934
f 1918/1918/1918 1934/1934/1934 1919/1919/1919
f 1919/1919/1919 1934/1934/1934 1935/1935/1935
f 1919/1919/1919 1935/1935/1935 1920/1920/1920
f 1920/1920/1920 1935/1935/1935 1936/1936/1936
f 1920/1920/1920 1936/1936/1936 1905/1905/1905
f 1905/1905/1905 1936/1936/1936 1921/1921/1921
f 1921/1921/1921 1937/1937/1937 1922/1922/1922
f 1922/1922/1922 1937/1937/1937 1938/1938/1938
f 1922/1922/1922 1938/1938/1938 1923/1923/1923
f 1923/1923/1923 1938/1938/1938 1939/1939/1939
f 1923/1923/1923 1939/1939/1939 1924/1924/1924
f 1924/1924/1924 1939/1939/1939 1940/1940/1940
f 1924/1924/1924 1940/1940/1940 1925/1925/1925
f 1925/1925/1925 1940/1940/1940 1941/1941/1941
f 1925/1925/1925 1941/1941/1941 1926/1926/1926
f 1926/1926/1926 1941/1941/1941 1942/1942/1942
f 1926/1926/1926 1942/1942/1942 1927/1927/1927
f 1927/1927/1927 1942/1942/1942 1943/1943/1943
f 1927/1927/1927 1943/1943/1943 1928/1928/1928
f 1928/1928/1928 1943/1943/1943 1944/1944/1944
f 1928/1928/1928 1944/1944/1944 1929/1929/1929
f 1929/1929/1929 1944/1944/1944 1945/1945/1945
f 1929/1929/1929 1945/1945/1945 1930/1930/1930
f 1930/1930/1930 1945/1945/1945 1946/1946/1946
f 1930/1930/1930 1946/1946/1946 1931/1931/1931
f 1931/1931/1931 1946/1946/1946 1947/1947/1947
f 1931/1931/1931 1947/1947/1947 1932/1932/1932
f 1932/1932/1932 1947/1947/1947 1948/1948/1948
f 1932/1932/1932 1948/1948/1948 1933/1933/1933
f 1933/1933/1933 1948/1948/1948 1949/1949/1949
f 1933/1933/1933 1949/1949/1949 1934/1934/1934
f 1934/1934/1934 1949/1949/1949 1950/1950/1950
f 1934/1934/1934 1950/1950/1950 1935/1935/1935
f 1935/1935/1935 1950/1950/1950 1951/1951/1951
f 1935/1935/1935 1951/1951/1951 1936/1936/1936
f 1936/1936/1936 1951/1951/1951 1952/1952/1952
f 1936/1936/1936 1952/1952/1952 1921/1921/1921
f 1921/1921/1921 1952/1952/1952 1937/1937/1937
f 1937/1937/1937 1761/1761/1761 1938/1938/1938
f 1938/1938/1938 1761/1761/1761 1762/1762/1762
f 1938/1938/1938 1762/1762/1762 1939/1939/1939
f 1939/1939/1939 1762/1762/1762 1763/1763/1763
f 1939/1939/1939 1763/1763/1763 1940/1940/1940
f 1940/1940/1940 1763/1763/1763 1764/1764/1764
f 1940/1940/1940 1764/1764/1764 1941/1941/1941
f 1941/1941/1941 1764/1764/1764 1765/1765/1765
f 1941/1941/1941 1765/1765/1765 1942/1942/1942
f 1942/1942/1942 1765/1765/1765 1766/1766/1766
f 1942/1942/1942 1766/1766/1766 1943/1943/1943
f 1943/1943/1943 1766/1766/1766 1767/1767/1767
f 1943/1943/1943 1767/1767/1767 1944/1944/1944
f 1944/1944/1944 1767/1767/1767 1768/1768/1768
f 1944/1944/1944 1768/1768/1768 1945/1945/1945
f 1945/1945/1945 1768/1768/1768 1769/1769/1769
f 1945/1945/1945 1769/1769/1769 1946/1946/1946
f 1946/1946/1946 1769/1769/1769 1770/1770/1770
f 1946/1946/1946 1770/1770/1770 1947/1947/1947
f 1947/1947/1947 1770/1770/1770 1771/1771/1771
f 1947/1947/1947 1771/1771/1771 1948/1948/1948
f 1948/1948/1948 1771/1771/1771 1772/1772/1772
f 1948/1948/1948 1772/1772/1772 1949/1949/1949
f 1949/1949/1949 1772/1772/1772 1773/1773/1773
f 1949/1949/1949 1773/1773/1773 1950/1950/1950
f 1950/1950/1950 1773/1773/1773 1774/1774/1774
f 1950/1950/1950 1774/1774/1774 1951/1951/1951
f 1951/1951/1951 1774/1774/1774 1775/1775/1775
f 1951/1951/1951 1775/1775/1775 1952/1952/1952
f 1952/1952/1952 1775/1775/1775 1776/1776/1776
f 1952/1952/1952 1776/1776/1776 1937/1937/1937
f 1937/1937/1937 1776/1776/1776 1761/1761/1761
o S14
v 0.00630000000820 1.67799999978 0.00000000000
v 0.00582044105977 1.67799999978 0.00241090566851
v 0.00445477291942 1.67799999978 0.00445477291942
v 0.00241090566851 1.67799999978 0.00582044105977
v 3.85763743675e-19 1.67799999978 0.00630000000820
v -0.00241090566851 1.67799999978 0.00582044105977
v -0.00445477291942 1.67799999978 0.00445477291942
v -0.00582044105977 1.67799999978 0.00241090566851
v -0.00630000000820 1.67799999978 7.71527487350e-19
v -0.00582044105977 1.67799999978 -0.00241090566851
v -0.00445477291942 1.67799999978 -0.00445477291942
v -0.00241090566851 1.67799999978 -0.00582044105977
v -1.15729123103e-18 1.67799999978 -0.00630000000820
v 0.00241090566851 1.67799999978 -0.00582044105977
v 0.00445477291942 1.67799999978 -0.00445477291942
v 0.00582044105977 1.67799999978 -0.00241090566851
v 0.00850000046194 1.67799999978 0.00000000000
v 0.00785297621042 1.67799999978 0.00325280916877
v 0.00601040758193 1.67799999978 0.00601040758193
v 0.00325280916877 1.67799999978 0.00785297621042
v 5.20474914417e-19 1.67799999978 0.00850000046194
v -0.00325280916877 1.67799999978 0.00785297621042
v -0.00601040758193 1.67799999978 0.00601040758193
v -0.00785297621042 1.67799999978 0.00325280916877
v -0.00850000046194 1.67799999978 1.04094982883e-18
v -0.00785297621042 1.67799999978 -0.00325280916877
v -0.00601040758193 1.67799999978 -0.00601040758193
v -0.00325280916877 1.67799999978 -0.00785297621042
v -1.56142469155e-18 1.67799999978 -0.00850000046194
v 0.00325280916877 1.67799999978 -0.00785297621042
v 0.00601040758193 1.67799999978 -0.00601040758193
v 0.00785297621042 1.67799999978 -0.00325280916877
v 0.00899999961257 1.67749999969 0.00000000000
v 0.00831491593271 1.67749999969 0.00344415078871
v 0.00636396091431 1.67749999969 0.00636396091431
v 0.00344415078871 1.67749999969 0.00831491593271
v 5.51091040236e-19 1.67749999969 0.00899999961257
v -0.00344415078871 1.67749999969 0.00831491593271
v -0.00636396091431 1.67749999969 0.00636396091431
v -0.00831491593271 1.67749999969 0.00344415078871
v -0.00899999961257 1.67749999969 1.10218208047e-18
v -0.00831491593271 1.67749999969 -0.00344415078871
v -0.00636396091431 1.67749999969 -0.00636396091431
v -0.00344415078871 1.67749999969 -0.00831491593271
v -1.65327317241e-18 1.67749999969 -0.00899999961257
v 0.00344415078871 1.67749999969 -0.00831491593271
v 0.00636396091431 1.67749999969 -0.00636396091431
v 0.00831491593271 1.67749999969 -0.00344415078871
v 0.00899999961257 1.67450000013 0.00000000000
v 0.00831491593271 1.67450000013 0.00344415078871
v 0.00636396091431 1.67450000013 0.00636396091431
v 0.00344415078871 1.67450000013 0.00831491593271
v 5.51091040236e-19 1.67450000013 0.00899999961257
v -0.00344415078871 1.67450000013 0.00831491593271
v -0.00636396091431 1.67450000013 0.00636396091431
v -0.00831491593271 1.67450000013 0.00344415078871
v -0.00899999961257 1.67450000013 1.10218208047e-18
v -0.00831491593271 1.67450000013 -0.00344415078871
v -0.00636396091431 1.67450000013 -0.00636396091431
v -0.00344415078871 1.67450000013 -0.00831491593271
v -1.65327317241e-18 1.67450000013 -0.00899999961257
v 0.00344415078871 1.67450000013 -0.00831491593271
v 0.00636396091431 1.67450000013 -0.00636396091431
v 0.00831491593271 1.67450000013 -0.00344415078871
v 0.00800000037998 1.67400000005 0.00000000000
v 0.00739103648812 1.67400000005 0.00306146754883
v 0.00565685424954 1.67400000005 0.00565685424954
v 0.00306146754883 1.67400000005 0.00739103648812
v 4.89858736898e-19 1.67400000005 0.00800000037998
v -0.00306146754883 1.67400000005 0.00739103648812
v -0.00565685424954 1.67400000005 0.00565685424954
v -0.00739103648812 1.67400000005 0.00306146754883
v -0.00800000037998 1.67400000005 9.79717473796e-19
v -0.00739103648812 1.67400000005 -0.00306146754883
v -0.00565685424954 1.67400000005 -0.00565685424954
v -0.00306146754883 1.67400000005 -0.00739103648812
v -1.46957610730e-18 1.67400000005 -0.00800000037998
v 0.00306146754883 1.67400000005 -0.00739103648812
v 0.00565685424954 1.67400000005 -0.00565685424954
v 0.00739103648812 1.67400000005 -0.00306146754883
v 0.00800000037998 1.67249999981 0.00000000000
v 0.00739103648812 1.67249999981 0.00306146754883
v 0.00565685424954 1.67249999981 0.00565685424954
v 0.00306146754883 1.67249999981 0.00739103648812
v 4.89858736898e-19 1.67249999981 0.00800000037998
v -0.00306146754883 1.67249999981 0.00739103648812
v -0.00565685424954 1.67249999981 0.00565685424954
v -0.00739103648812 1.67249999981 0.00306146754883
v -0.00800000037998 1.67249999981 9.79717473796e-19
v -0.00739103648812 1.67249999981 -0.00306146754883
v -0.00565685424954 1.67249999981 -0.00565685424954
v -0.00306146754883 1.67249999981 -0.00739103648812
v -1.46957610730e-18 1.67249999981 -0.00800000037998
v 0.00306146754883 1.67249999981 -0.00739103648812
v 0.00565685424954 1.67249999981 -0.00565685424954
v 0.00739103648812 1.67249999981 -0.00306146754883
v 0.00999999977648 1.67150000011 0.00000000000
v 0.00923879537731 1.67150000011 0.00382683426142
v 0.00707106757909 1.67150000011 0.00707106757909
v 0.00382683426142 1.67150000011 0.00923879537731
v 6.12323395273e-19 1.67150000011 0.00999999977648
v -0.00382683426142 1.67150000011 0.00923879537731
v -0.00707106757909 1.67150000011 0.00707106757909
v -0.00923879537731 1.67150000011 0.00382683426142
v -0.00999999977648 1.67150000011 1.22464679055e-18
v -0.00923879537731 1.67150000011 -0.00382683426142
v -0.00707106757909 1.67150000011 -0.00707106757909
v -0.00382683426142 1.67150000011 -0.00923879537731
v -1.83697023752e-18 1.67150000011 -0.00999999977648
v 0.00382683426142 1.67150000011 -0.00923879537731
v 0.00707106757909 1.67150000011 -0.00707106757909
v 0.00923879537731 1.67150000011 -0.00382683426142
v 0.0175000000745 1.66900000005 0.00000000000
v 0.0161678921431 1.66900000005 0.00669695995748
v 0.0123743684962 1.66900000005 0.0123743684962
v 0.00669695995748 1.66900000005 0.0161678921431
v 1.07156595465e-18 1.66900000005 0.0175000000745
v -0.00669695995748 1.66900000005 0.0161678921431
v -0.0123743684962 1.66900000005 0.0123743684962
v -0.0161678921431 1.66900000005 0.00669695995748
v -0.0175000000745 1.66900000005 2.14313190931e-18
v -0.0161678921431 1.66900000005 -0.00669695995748
v -0.0123743684962 1.66900000005 -0.0123743684962
v -0.00669695995748 1.66900000005 -0.0161678921431
v -3.21469786396e-18 1.66900000005 -0.0175000000745
v 0.00669695995748 1.66900000005 -0.0161678921431
v 0.0123743684962 1.66900000005 -0.0123743684962
v 0.0161678921431 1.66900000005 -0.00669695995748
v 0.0179999992251 1.66850000002 0.00000000000
v 0.0166298318654 1.66850000002 0.00688830157742
v 0.0127279218286 1.66850000002 0.0127279218286
v 0.00688830157742 1.66850000002 0.0166298318654
v 1.10218208047e-18 1.66850000002 0.0179999992251
v -0.00688830157742 1.66850000002 0.0166298318654
v -0.0127279218286 1.66850000002 0.0127279218286
v -0.0166298318654 1.66850000002 0.00688830157742
v -0.0179999992251 1.66850000002 2.20436416095e-18
v -0.0166298318654 1.66850000002 -0.00688830157742
v -0.0127279218286 1.66850000002 -0.0127279218286
v -0.00688830157742 1.66850000002 -0.0166298318654
v -3.30654634482e-18 1.66850000002 -0.0179999992251
v 0.00688830157742 1.66850000002 -0.0166298318654
v 0.0127279218286 1.66850000002 -0.0127279218286
v 0.0166298318654 1.66850000002 -0.00688830157742
v 0.0179999992251 1.66800000000 0.00000000000
v 0.0166298318654 1.66800000000 0.00688830157742
v 0.0127279218286 1.66800000000 0.0127279218286
v 0.00688830157742 1.66800000000 0.0166298318654
v 1.10218208047e-18 1.66800000000 0.0179999992251
v -0.00688830157742 1.66800000000 0.0166298318654
v -0.0127279218286 1.66800000000 0.0127279218286
v -0.0166298318654 1.66800000000 0.00688830157742
v -0.0179999992251 1.66800000000 2.20436416095e-18
v -0.0166298318654 1.66800000000 -0.00688830157742
v -0.0127279218286 1.66800000000 -0.0127279218286
v -0.00688830157742 1.66800000000 -0.0166298318654
v -3.30654634482e-18 1.66800000000 -0.0179999992251
v 0.00688830157742 1.66800000000 -0.0166298318654
v 0.0127279218286 1.66800000000 -0.0127279218286
v 0.0166298318654 1.66800000000 -0.00688830157742
v 0.0140000004321 1.66800000000 0.00000000000
v 0.0129343131557 1.66800000000 0.00535756815225
v 0.00989949516952 1.66800000000 0.00989949516952
v 0.00535756815225 1.66800000000 0.0129343131557
v 8.57252763722e-19 1.66800000000 0.0140000004321
v -0.00535756815225 1.66800000000 0.0129343131557
v -0.00989949516952 1.66800000000 0.00989949516952
v -0.0129343131557 1.66800000000 0.00535756815225
v -0.0140000004321 1.66800000000 1.71450552744e-18
v -0.0129343131557 1.66800000000 -0.00535756815225
v -0.00989949516952 1.66800000000 -0.00989949516952
v -0.00535756815225 1.66800000000 -0.0129343131557
v -2.57175829117e-18 1.66800000000 -0.0140000004321
v 0.00535756815225 1.66800000000 -0.0129343131557
v 0.00989949516952 1.66800000000 -0.00989949516952
v 0.0129343131557 1.66800000000 -0.00535756815225
v 0.0131999999285 1.66749999998 0.00000000000
v 0.0121952099726 1.66749999998 0.00505142146721
v 0.00933380983770 1.66749999998 0.00933380983770
v 0.00505142146721 1.66749999998 0.0121952099726
v 8.08266869353e-19 1.66749999998 0.0131999999285
v -0.00505142146721 1.66749999998 0.0121952099726
v -0.00933380983770 1.66749999998 0.00933380983770
v -0.0121952099726 1.66749999998 0.00505142146721
v -0.0131999999285 1.66749999998 1.61653373871e-18
v -0.0121952099726 1.66749999998 -0.00505142146721
v -0.00933380983770 1.66749999998 -0.00933380983770
v -0.00505142146721 1.66749999998 -0.0121952099726
v -2.42480076316e-18 1.66749999998 -0.0131999999285
v 0.00505142146721 1.66749999998 -0.0121952099726
v 0.00933380983770 1.66749999998 -0.00933380983770
v 0.0121952099726 1.66749999998 -0.00505142146721
v 0.0131999999285 1.66199999995 0.00000000000
v 0.0121952099726 1.66199999995 0.00505142146721
v 0.00933380983770 1.66199999995 0.00933380983770
v 0.00505142146721 1.66199999995 0.0121952099726
v 8.08266869353e-19 1.66199999995 0.0131999999285
v -0.00505142146721 1.66199999995 0.0121952099726
v -0.00933380983770 1.66199999995 0.00933380983770
v -0.0121952099726 1.66199999995 0.00505142146721
v -0.0131999999285 1.66199999995 1.61653373871e-18
v -0.0121952099726 1.66199999995 -0.00505142146721
v -0.00933380983770 1.66199999995 -0.00933380983770
v -0.00505142146721 1.66199999995 -0.0121952099726
v -2.42480076316e-18 1.66199999995 -0.0131999999285
v 0.00505142146721 1.66199999995 -0.0121952099726
v 0.00933380983770 1.66199999995 -0.00933380983770
v 0.0121952099726 1.66199999995 -0.00505142146721
v 0.0121159283444 1.66199999995 0.00000000000
v 0.0111936582252 1.66199999995 0.00463656522334
v 0.00856725499034 1.66199999995 0.00856725499034
v 0.00463656522334 1.66199999995 0.0111936582252
v 7.41886659171e-19 1.66199999995 0.0121159283444
v -0.00463656522334 1.66199999995 0.0111936582252
v -0.00856725499034 1.66199999995 0.00856725499034
v -0.0111936582252 1.66199999995 0.00463656522334
v -0.0121159283444 1.66199999995 1.48377331834e-18
v -0.0111936582252 1.66199999995 -0.00463656522334
v -0.00856725499034 1.66199999995 -0.00856725499034
v -0.00463656522334 1.66199999995 -0.0111936582252
v -2.22565992582e-18 1.66199999995 -0.0121159283444
v 0.00463656522334 1.66199999995 -0.0111936582252
v 0.00856725499034 1.66199999995 -0.00856725499034
v 0.0111936582252 1.66199999995 -0.00463656522334
v 0.00899999961257 1.66499999997 0.00000000000
v 0.00831491593271 1.66499999997 0.00344415078871
v 0.00636396091431 1.66499999997 0.00636396091431
v 0.00344415078871 1.66499999997 0.00831491593271
v 5.51091040236e-19 1.66499999997 0.00899999961257
v -0.00344415078871 1.66499999997 0.00831491593271
v -0.00636396091431 1.66499999997 0.00636396091431
v -0.00831491593271 1.66499999997 0.00344415078871
v -0.00899999961257 1.66499999997 1.10218208047e-18
v -0.00831491593271 1.66499999997 -0.00344415078871
v -0.00636396091431 1.66499999997 -0.00636396091431
v -0.00344415078871 1.66499999997 -0.00831491593271
v -1.65327317241e-18 1.66499999997 -0.00899999961257
v 0.00344415078871 1.66499999997 -0.00831491593271
v 0.00636396091431 1.66499999997 -0.00636396091431
v 0.00831491593271 1.66499999997 -0.00344415078871
v 0.00630000000820 1.67000000009 0.00000000000
v 0.00582044105977 1.67000000009 0.00241090566851
v 0.00445477291942 1.67000000009 0.00445477291942
v 0.00241090566851 1.67000000009 0.00582044105977
v 3.85763743675e-19 1.67000000009 0.00630000000820
v -0.00241090566851 1.67000000009 0.00582044105977
v -0.00445477291942 1.67000000009 0.00445477291942
v -0.00582044105977 1.67000000009 0.00241090566851
v -0.00630000000820 1.67000000009 7.71527487350e-19
v -0.00582044105977 1.67000000009 -0.00241090566851
v -0.00445477291942 1.67000000009 -0.00445477291942
v -0.00241090566851 1.67000000009 -0.00582044105977
v -1.15729123103e-18 1.67000000009 -0.00630000000820
v 0.00241090566851 1.67000000009 -0.00582044105977
v 0.00445477291942 1.67000000009 -0.00445477291942
v 0.00582044105977 1.67000000009 -0.00241090566851
vt 0 0
vt 0.0625 0
vt 0.125 0
vt 0.1875 0
vt 0.25 0
vt 0.3125 0
vt 0.375 0
vt 0.4375 0
vt 0.5 0
vt 0.5625 0
vt 0.625 0
vt 0.6875 0
vt 0.75 0
vt 0.8125 0
vt 0.875 0
vt 0.9375 0
vt 0 0.0625
vt 0.0625 0.0625
vt 0.125 0.0625
vt 0.1875 0.0625
vt 0.25 0.0625
vt 0.3125 0.0625
vt 0.375 0.0625
vt 0.4375 0.0625
vt 0.5 0.0625
vt 0.5625 0.0625
vt 0.625 0.0625
vt 0.6875 0.0625
vt 0.75 0.0625
vt 0.8125 0.0625
vt 0.875 0.0625
vt 0.9375 0.0625
vt 0 0.125
vt 0.0625 0.125
vt 0.125 0.125
vt 0.1875 0.125
vt 0.25 0.125
vt 0.3125 0.125
vt 0.375 0.125
vt 0.4375 0.125
vt 0.5 0.125
vt 0.5625 0.125
vt 0.625 0.125
vt 0.6875 0.125
vt 0.75 0.125
vt 0.8125 0.125
vt 0.875 0.125
vt 0.9375 0.125
vt 0 0.1875
vt 0.0625 0.1875
vt 0.125 0.1875
vt 0.1875 0.1875
vt 0.25 0.1875
vt 0.3125 0.1875
vt 0.375 0.1875
vt 0.4375 0.1875
vt 0.5 0.1875
vt 0.5625 0.1875
vt 0.625 0.1875
vt 0.6875 0.1875
vt 0.75 0.1875
vt 0.8125 0.1875
vt 0.875 0.1875
vt 0.9375 0.1875
vt 0 0.25
vt 0.0625 0.25
vt 0.125 0.25
vt 0.1875 0.25
vt 0.25 0.25
vt 0.3125 0.25
vt 0.375 0.25
vt 0.4375 0.25
vt 0.5 0.25
vt 0.5625 0.25
vt 0.625 0.25
vt 0.6875 0.25
vt 0.75 0.25
vt 0.8125 0.25
vt 0.875 0.25
vt 0.9375 0.25
vt 0 0.3125
vt 0.0625 0.3125
vt 0.125 0.3125
vt 0.1875 0.3125
vt 0.25 0.3125
vt 0.3125 0.3125
vt 0.375 0.3125
vt 0.4375 0.3125
vt 0.5 0.3125
vt 0.5625 0.3125
vt 0.625 0.3125
vt 0.6875 0.3125
vt 0.75 0.3125
vt 0.8125 0.3125
vt 0.875 0.3125
vt 0.9375 0.3125
vt 0 0.375
vt 0.0625 0.375
vt 0.125 0.375
vt 0.1875 0.375
vt 0.25 0.375
vt 0.3125 0.375
vt 0.375 0.375
vt 0.4375 0.375
vt 0.5 0.375
vt 0.5625 0.375
vt 0.625 0.375
vt 0.6875 0.375
vt 0.75 0.375
vt 0.8125 0.375
vt 0.875 0.375
vt 0.9375 0.375
vt 0 0.4375
vt 0.0625 0.4375
vt 0.125 0.4375
vt 0.1875 0.4375
vt 0.25 0.4375
vt 0.3125 0.4375
vt 0.375 0.4375
vt 0.4375 0.4375
vt 0.5 0.4375
vt 0.5625 0.4375
vt 0.625 0.4375
vt 0.6875 0.4375
vt 0.75 0.4375
vt 0.8125 0.4375
vt 0.875 0.4375
vt 0.9375 0.4375
vt 0 0.5
vt 0.0625 0.5
vt 0.125 0.5
vt 0.1875 0.5
vt 0.25 0.5
vt 0.3125 0.5
vt 0.375 0.5
vt 0.4375 0.5
vt 0.5 0.5
vt 0.5625 0.5
vt 0.625 0.5
vt 0.6875 0.5
vt 0.75 0.5
vt 0.8125 0.5
vt 0.875 0.5
vt 0.9375 0.5
vt 0 0.5625
vt 0.0625 0.5625
vt 0.125 0.5625
vt 0.1875 0.5625
vt 0.25 0.5625
vt 0.3125 0.5625
vt 0.375 0.5625
vt 0.4375 0.5625
vt 0.5 0.5625
vt 0.5625 0.5625
vt 0.625 0.5625
vt 0.6875 0.5625
vt 0.75 0.5625
vt 0.8125 0.5625
vt 0.875 0.5625
vt 0.9375 0.5625
vt 0 0.625
vt 0.0625 0.625
vt 0.125 0.625
vt 0.1875 0.625
vt 0.25 0.625
vt 0.3125 0.625
vt 0.375 0.625
vt 0.4375 0.625
vt 0.5 0.625
vt 0.5625 0.625
vt 0.625 0.625
vt 0.6875 0.625
vt 0.75 0.625
vt 0.8125 0.625
vt 0.875 0.625
vt 0.9375 0.625
vt 0 0.6875
vt 0.0625 0.6875
vt 0.125 0.6875
vt 0.1875 0.6875
vt 0.25 0.6875
vt 0.3125 0.6875
vt 0.375 0.6875
vt 0.4375 0.6875
vt 0.5 0.6875
vt 0.5625 0.6875
vt 0.625 0.6875
vt 0.6875 0.6875
vt 0.75 0.6875
vt 0.8125 0.6875
vt 0.875 0.6875
vt 0.9375 0.6875
vt 0 0.75
vt 0.0625 0.75
vt 0.125 0.75
vt 0.1875 0.75
vt 0.25 0.75
vt 0.3125 0.75
vt 0.375 0.75
vt 0.4375 0.75
vt 0.5 0.75
vt 0.5625 0.75
vt 0.625 0.75
vt 0.6875 0.75
vt 0.75 0.75
vt 0.8125 0.75
vt 0.875 0.75
vt 0.9375 0.75
vt 0 0.8125
vt 0.0625 0.8125
vt 0.125 0.8125
vt 0.1875 0.8125
vt 0.25 0.8125
vt 0.3125 0.8125
vt 0.375 0.8125
vt 0.4375 0.8125
vt 0.5 0.8125
vt 0.5625 0.8125
vt 0.625 0.8125
vt 0.6875 0.8125
vt 0.75 0.8125
vt 0.8125 0.8125
vt 0.875 0.8125
vt 0.9375 0.8125
vt 0 0.875
vt 0.0625 0.875
vt 0.125 0.875
vt 0.1875 0.875
vt 0.25 0.875
vt 0.3125 0.875
vt 0.375 0.875
vt 0.4375 0.875
vt 0.5 0.875
vt 0.5625 0.875
vt 0.625 0.875
vt 0.6875 0.875
vt 0.75 0.875
vt 0.8125 0.875
vt 0.875 0.875
vt 0.9375 0.875
vt 0 0.9375
vt 0.0625 0.9375
vt 0.125 0.9375
vt 0.1875 0.9375
vt 0.25 0.9375
vt 0.3125 0.9375
vt 0.375 0.9375
vt 0.4375 0.9375
vt 0.5 0.9375
vt 0.5625 0.9375
vt 0.625 0.9375
vt 0.6875 0.9375
vt 0.75 0.9375
vt 0.8125 0.9375
vt 0.875 0.9375
vt 0.9375 0.9375
vn -0.954047441445 0.292902708042 -0.0632572770094
vn -0.857217420112 0.292902704310 -0.423540199350
vn -0.629883749475 0.292902640684 -0.719343106749
vn -0.306656031112 0.292902676638 -0.905632431288
vn 0.0632572764572 0.292902735287 -0.954047433117
vn 0.423540199350 0.292902704310 -0.857217420112
vn 0.719343106749 0.292902640684 -0.629883749475
vn 0.905632431288 0.292902676638 -0.306656031112
vn 0.954047433117 0.292902735287 0.0632572764572
vn 0.857217420112 0.292902704310 0.423540199350
vn 0.629883749475 0.292902640684 0.719343106749
vn 0.306656031112 0.292902676638 0.905632431288
vn -0.0632572764572 0.292902735287 0.954047433117
vn -0.423540199350 0.292902704310 0.857217420112
vn -0.719343106749 0.292902640684 0.629883749475
vn -0.905632431288 0.292902676638 0.306656031112
vn 0.198267799195 0.980052811975 -0.0136515765903
vn 0.188399817521 0.980052807985 0.0632613809389
vn 0.149849649947 0.980052807227 0.130543393005
vn 0.0884862377916 0.980052811926 0.177951317944
vn 0.0136515765096 0.980052806184 0.198267827825
vn -0.0632613809389 0.980052807985 0.188399817521
vn -0.130543393005 0.980052807227 0.149849649947
vn -0.177951317944 0.980052811926 0.0884862377916
vn -0.198267827825 0.980052806184 0.0136515765096
vn -0.188399817521 0.980052807985 -0.0632613809389
vn -0.149849649947 0.980052807227 -0.130543393005
vn -0.0884862377916 0.980052811926 -0.177951317944
vn -0.0136515765096 0.980052806184 -0.198267827825
vn 0.0632613809389 0.980052807985 -0.188399817521
vn 0.130543393005 0.980052807227 -0.149849649947
vn 0.177951317944 0.980052811926 -0.0884862377916
vn 0.989144860114 0.139057352916 -0.0474920868113
vn 0.932025141357 0.139057503164 0.334652277286
vn 0.733013025307 0.139057485626 0.665849022243
vn 0.422406383524 0.139057430317 0.895676212831
vn 0.0474920868113 0.139057352916 0.989144860114
vn -0.334652277286 0.139057503164 0.932025141357
vn -0.665849022243 0.139057485626 0.733013025307
vn -0.895676212831 0.139057430317 0.422406383524
vn -0.989144860114 0.139057352916 0.0474920868113
vn -0.932025141357 0.139057503164 -0.334652277286
vn -0.733013025307 0.139057485626 -0.665849022243
vn -0.422406383524 0.139057430317 -0.895676212831
vn -0.0474920868113 0.139057352916 -0.989144860114
vn 0.334652277286 0.139057503164 -0.932025141357
vn 0.665849022243 0.139057485626 -0.733013025307
vn 0.895676212831 0.139057430317 -0.422406383524
vn 0.962752506869 -0.266293104544 0.0468571551698
vn 0.871535844129 -0.266293170048 0.411719831905
vn 0.647635769742 -0.266293232532 0.713901830827
vn 0.325138949413 -0.266293222026 0.907398800681
vn -0.0468571626041 -0.266293104451 0.962752506532
vn -0.411719831905 -0.266293170048 0.871535844129
vn -0.713901830827 -0.266293232532 0.647635769742
vn -0.907398800681 -0.266293222026 0.325138949413
vn -0.962752506532 -0.266293104451 -0.0468571626041
vn -0.871535844129 -0.266293170048 -0.411719831905
vn -0.647635769742 -0.266293232532 -0.713901830827
vn -0.325138949413 -0.266293222026 -0.907398800681
vn 0.0468571626041 -0.266293104451 -0.962752506532
vn 0.411719831905 -0.266293170048 -0.871535844129
vn 0.713901830827 -0.266293232532 -0.647635769742
vn 0.907398800681 -0.266293222026 -0.325138949413
vn 0.888529584218 -0.458004586377 -0.0273308768135
vn 0.831353284593 -0.458004730643 0.314775130696
vn 0.647611073377 -0.458004707243 0.608959428684
vn 0.365276003940 -0.458004677107 0.810435165015
vn 0.0273308734641 -0.458004562873 0.888529596436
vn -0.314775130696 -0.458004730643 0.831353284593
vn -0.608959428684 -0.458004707243 0.647611073377
vn -0.810435165015 -0.458004677107 0.365276003940
vn -0.888529596436 -0.458004562873 0.0273308734641
vn -0.831353284593 -0.458004730643 -0.314775130696
vn -0.647611073377 -0.458004707243 -0.608959428684
vn -0.365276003940 -0.458004677107 -0.810435165015
vn -0.0273308734641 -0.458004562873 -0.888529596436
vn 0.314775130696 -0.458004730643 -0.831353284593
vn 0.608959428684 -0.458004707243 -0.647611073377
vn 0.810435165015 -0.458004677107 -0.365276003940
vn 0.766182387937 0.642604371931 0.00491625785043
vn 0.705978793332 0.642604454365 0.297747306615
vn 0.538296407686 0.642604477637 0.545248991556
vn 0.288663290946 0.642604454791 0.709741515725
vn -0.00491625859343 0.642604406919 0.766182358587
vn -0.297747306615 0.642604454365 0.705978793332
vn -0.545248991556 0.642604477637 0.538296407686
vn -0.709741515725 0.642604454791 0.288663290946
vn -0.766182358587 0.642604406919 -0.00491625859343
vn -0.705978793332 0.642604454365 -0.297747306615
vn -0.538296407686 0.642604477637 -0.545248991556
vn -0.288663290946 0.642604454791 -0.709741515725
vn 0.00491625859343 0.642604406919 -0.766182358587
vn 0.297747306615 0.642604454365 -0.705978793332
vn 0.545248991556 0.642604477637 -0.538296407686
vn 0.709741515725 0.642604454791 -0.288663290946
vn 0.339492002989 0.940399912324 -0.0198288882287
vn 0.321237927645 0.940399902537 0.111598463926
vn 0.254078245868 0.940399909848 0.226035958498
vn 0.148237484760 0.940399904507 0.306061542365
vn 0.0198288880281 0.940399902809 0.339492029356
vn -0.111598463926 0.940399902537 0.321237927645
vn -0.226035958498 0.940399909848 0.254078245868
vn -0.306061542365 0.940399904507 0.148237484760
vn -0.339492029356 0.940399902809 0.0198288880281
vn -0.321237927645 0.940399902537 -0.111598463926
vn -0.254078245868 0.940399909848 -0.226035958498
vn -0.148237484760 0.940399904507 -0.306061542365
vn -0.0198288880281 0.940399902809 -0.339492029356
vn 0.111598463926 0.940399902537 -0.321237927645
vn 0.226035958498 0.940399909848 -0.254078245868
vn 0.306061542365 0.940399904507 -0.148237484760
vn 0.356730372954 0.934171679885 0.00816783404956
vn 0.326450224896 0.934171665775 0.144060922974
vn 0.246470928477 0.934171677717 0.258022010625
vn 0.128968716852 0.934171685217 0.332701566891
vn -0.00816783675650 0.934171669932 0.356730398956
vn -0.144060922974 0.934171665775 0.326450224896
vn -0.258022010625 0.934171677717 0.246470928477
vn -0.332701566891 0.934171685217 0.128968716852
vn -0.356730398956 0.934171669932 -0.00816783675650
vn -0.326450224896 0.934171665775 -0.144060922974
vn -0.246470928477 0.934171677717 -0.258022010625
vn -0.128968716852 0.934171685217 -0.332701566891
vn 0.00816783675650 0.934171669932 -0.356730398956
vn 0.144060922974 0.934171665775 -0.326450224896
vn 0.258022010625 0.934171677717 -0.246470928477
vn 0.332701566891 0.934171685217 -0.128968716852
vn 0.895258355125 0.445546621104 -0.000828251639048
vn 0.827427676597 0.445547009810 0.341835197208
vn 0.633628774157 0.445546976619 0.632457483303
vn 0.343365732722 0.445546840679 0.826793799175
vn 0.000828250998765 0.445546621105 0.895258355126
vn -0.341835197208 0.445547009810 0.827427676597
vn -0.632457483303 0.445546976619 0.633628774157
vn -0.826793799175 0.445546840679 0.343365732722
vn -0.895258355126 0.445546621105 0.000828250998765
vn -0.827427676597 0.445547009810 -0.341835197208
vn -0.633628774157 0.445546976619 -0.632457483303
vn -0.343365732722 0.445546840679 -0.826793799175
vn -0.000828250998765 0.445546621105 -0.895258355126
vn 0.341835197208 0.445547009810 -0.827427676597
vn 0.632457483303 0.445546976619 -0.633628774157
vn 0.826793799175 0.445546840679 -0.343365732722
vn 0.133781134581 -0.990971203904 0.00887023467971
vn 0.120203144640 -0.990971205900 0.0593908502622
vn 0.0883253364268 -0.990971205950 0.100869737396
vn 0.0430007725214 -0.990971205914 0.126992136022
vn -0.00887023467971 -0.990971203904 0.133781134581
vn -0.0593908502622 -0.990971205900 0.120203144640
vn -0.100869737396 -0.990971205950 0.0883253364268
vn -0.126992136022 -0.990971205914 0.0430007725214
vn -0.133781134581 -0.990971203904 -0.00887023467971
vn -0.120203144640 -0.990971205900 -0.0593908502622
vn -0.0883253364268 -0.990971205950 -0.100869737396
vn -0.0430007725214 -0.990971205914 -0.126992136022
vn 0.00887023467971 -0.990971203904 -0.133781134581
vn 0.0593908502622 -0.990971205900 -0.120203144640
vn 0.100869737396 -0.990971205950 -0.0883253364268
vn 0.126992136022 -0.990971205914 -0.0430007725214
vn 0.0945215497887 -0.995504590986 -0.00602378214383
vn 0.0896317264325 -0.995504591086 0.0306065800802
vn 0.0710962917210 -0.995504590986 0.0625773651502
vn 0.0417370822010 -0.995504590390 0.0850213295746
vn 0.00602378260947 -0.995504590983 0.0945215497884
vn -0.0306065800802 -0.995504591086 0.0896317264325
vn -0.0625773651502 -0.995504590986 0.0710962917210
vn -0.0850213295746 -0.995504590390 0.0417370822010
vn -0.0945215497884 -0.995504590983 0.00602378260947
vn -0.0896317264325 -0.995504591086 -0.0306065800802
vn -0.0710962917210 -0.995504590986 -0.0625773651502
vn -0.0417370822010 -0.995504590390 -0.0850213295746
vn -0.00602378260947 -0.995504590983 -0.0945215497884
vn 0.0306065800802 -0.995504591086 -0.0896317264325
vn 0.0625773651502 -0.995504590986 -0.0710962917210
vn 0.0850213295746 -0.995504590390 -0.0417370822010
vn 0.989445910680 -0.134365124579 -0.0542476094991
vn 0.934888510306 -0.134365041138 0.328526268383
vn 0.738002813841 -0.134365047822 0.661285022276
vn 0.428762787542 -0.134365065006 0.893369185346
vn 0.0542476094991 -0.134365124579 0.989445910680
vn -0.328526268383 -0.134365041138 0.934888510306
vn -0.661285022276 -0.134365047822 0.738002813841
vn -0.893369185346 -0.134365065006 0.428762787542
vn -0.989445910680 -0.134365124579 0.0542476094991
vn -0.934888510306 -0.134365041138 -0.328526268383
vn -0.738002813841 -0.134365047822 -0.661285022276
vn -0.428762787542 -0.134365065006 -0.893369185346
vn -0.0542476094991 -0.134365124579 -0.989445910680
vn 0.328526268383 -0.134365041138 -0.934888510306
vn 0.661285022276 -0.134365047822 -0.738002813841
vn 0.893369185346 -0.134365065006 -0.428762787542
vn 0.980039809701 -0.187881569189 0.0649806691339
vn 0.880571696917 -0.187881598275 0.435079293484
vn 0.647044487242 -0.187881635787 0.738941081863
vn 0.315010629719 -0.187881614369 0.930305757344
vn -0.0649806617147 -0.187881569280 0.980039810175
vn -0.435079293484 -0.187881598275 0.880571696917
vn -0.738941081863 -0.187881635787 0.647044487242
vn -0.930305757344 -0.187881614369 0.315010629719
vn -0.980039810175 -0.187881569280 -0.0649806617147
vn -0.880571696917 -0.187881598275 -0.435079293484
vn -0.647044487242 -0.187881635787 -0.738941081863
vn -0.315010629719 -0.187881614369 -0.930305757344
vn 0.0649806617147 -0.187881569280 -0.980039810175
vn 0.435079293484 -0.187881598275 -0.880571696917
vn 0.738941081863 -0.187881635787 -0.647044487242
vn 0.930305757344 -0.187881614369 -0.315010629719
vn -0.568616690147 -0.822032096742 0.0306315460332
vn -0.537055476041 -0.822032128566 -0.189300278023
vn -0.423732451452 -0.822032137907 -0.380412899143
vn -0.245900091928 -0.822032085375 -0.513611132477
vn -0.0306315452105 -0.822032124649 -0.568616649846
vn 0.189300278023 -0.822032128566 -0.537055476041
vn 0.380412899143 -0.822032137907 -0.423732451452
vn 0.513611132477 -0.822032085375 -0.245900091928
vn 0.568616649846 -0.822032124649 -0.0306315452105
vn 0.537055476041 -0.822032128566 0.189300278023
vn 0.423732451452 -0.822032137907 0.380412899143
vn 0.245900091928 -0.822032085375 0.513611132477
vn 0.0306315452105 -0.822032124649 0.568616649846
vn -0.189300278023 -0.822032128566 0.537055476041
vn -0.380412899143 -0.822032137907 0.423732451452
vn -0.513611132477 -0.822032085375 0.245900091928
vn -0.798973928763 -0.601354666734 -0.00363675067461
vn -0.736763946712 -0.601354652522 -0.309114006016
vn -0.562388364096 -0.601354602844 -0.567531470113
vn -0.302394119271 -0.601354713009 -0.739547365470
vn 0.00363675044178 -0.601354666734 -0.798973928763
vn 0.309114006016 -0.601354652522 -0.736763946712
vn 0.567531470113 -0.601354602844 -0.562388364096
vn 0.739547365470 -0.601354713009 -0.302394119271
vn 0.798973928763 -0.601354666734 0.00363675044178
vn 0.736763946712 -0.601354652522 0.309114006016
vn 0.562388364096 -0.601354602844 0.567531470113
vn 0.302394119271 -0.601354713009 0.739547365470
vn -0.00363675044178 -0.601354666734 0.798973928763
vn -0.309114006016 -0.601354652522 0.736763946712
vn -0.567531470113 -0.601354602844 0.562388364096
vn -0.739547365470 -0.601354713009 0.302394119271
vn -0.975601785330 -0.219510389778 0.00404292481842
vn -0.902885674751 -0.219510406090 -0.369611471613
vn -0.692713397509 -0.219510382046 -0.686995881418
vn -0.377081714073 -0.219510401629 -0.899791400541
vn -0.00404292574973 -0.219510389777 -0.975601785326
vn 0.369611471613 -0.219510406090 -0.902885674751
vn 0.686995881418 -0.219510382046 -0.692713397509
vn 0.899791400541 -0.219510401629 -0.377081714073
vn 0.975601785326 -0.219510389777 -0.00404292574973
vn 0.902885674751 -0.219510406090 0.369611471613
vn 0.692713397509 -0.219510382046 0.686995881418
vn 0.377081714073 -0.219510401629 0.899791400541
vn 0.00404292574973 -0.219510389777 0.975601785326
vn -0.369611471613 -0.219510406090 0.902885674751
vn -0.686995881418 -0.219510382046 0.692713397509
vn -0.899791400541 -0.219510401629 0.377081714073
f 1953/1953/1953 1954/1954/1954 1969/1969/1969
f 1954/1954/1954 1970/1970/1970 1969/1969/1969
f 1954/1954/1954 1955/1955/1955 1970/1970/1970
f 1955/1955/1955 1971/1971/1971 1970/1970/1970
f 1955/1955/1955 1956/1956/1956 1971/1971/1971
f 1956/1956/1956 1972/1972/1972 1971/1971/1971
f 1956/1956/1956 1957/1957/1957 1972/1972/1972
f 1957/1957/1957 1973/1973/1973 1972/1972/1972
f 1957/1957/1957 1958/1958/1958 1973/1973/1973
f 1958/1958/1958 1974/1974/1974 1973/1973/1973
f 1958/1958/1958 1959/1959/1959 1974/1974/1974
f 1959/1959/1959 1975/1975/1975 1974/1974/1974
f 1959/1959/1959 1960/1960/1960 1975/1975/1975
f 1960/1960/1960 1976/1976/1976 1975/1975/1975
f 1960/1960/1960 1961/1961/1961 1976/1976/1976
f 1961/1961/1961 1977/1977/1977 1976/1976/1976
f 1961/1961/1961 1962/1962/1962 1977/1977/1977
f 1962/1962/1962 1978/1978/1978 1977/1977/1977
f 1962/1962/1962 1963/1963/1963 1978/1978/1978
f 1963/1963/1963 1979/1979/1979 1978/1978/1978
f 1963/1963/1963 1964/1964/1964 1979/1979/1979
f 1964/1964/1964 1980/1980/1980 1979/1979/1979
f 1964/1964/1964 1965/1965/1965 1980/1980/1980
f 1965/1965/1965 1981/1981/1981 1980/1980/1980
f 1965/1965/1965 1966/1966/1966 1981/1981/1981
f 1966/1966/1966 1982/1982/1982 1981/1981/1981
f 1966/1966/1966 1967/1967/1967 1982/1982/1982
f 1967/1967/1967 1983/1983/1983 1982/1982/1982
f 1967/1967/1967 1968/1968/1968 1983/1983/1983
f 1968/1968/1968 1984/1984/1984 1983/1983/1983
f 1968/1968/1968 1953/1953/1953 1984/1984/1984
f 1953/1953/1953 1969/1969/1969 1984/1984/1984
f 1969/1969/1969 1970/1970/1970 1985/1985/1985
f 1970/1970/1970 1986/1986/1986 1985/1985/1985
f 1970/1970/1970 1971/1971/1971 1986/1986/1986
f 1971/1971/1971 1987/1987/1987 1986/1986/1986
f 1971/1971/1971 1972/1972/1972 1987/1987/1987
f 1972/1972/1972 1988/1988/1988 1987/1987/1987
f 1972/1972/1972 1973/1973/1973 1988/1988/1988
f 1973/1973/1973 1989/1989/1989 1988/1988/1988
f 1973/1973/1973 1974/1974/1974 1989/1989/1989
f 1974/1974/1974 1990/1990/1990 1989/1989/1989
f 1974/1974/1974 1975/1975/1975 1990/1990/1990
f 1975/1975/1975 1991/1991/1991 1990/1990/1990
f 1975/1975/1975 1976/1976/1976 1991/1991/1991
f 1976/1976/1976 1992/1992/1992 1991/1991/1991
f 1976/1976/1976 1977/1977/1977 1992/1992/1992
f 1977/1977/1977 1993/1993/1993 1992/1992/1992
f 1977/1977/1977 1978/1978/1978 1993/1993/1993
f 1978/1978/1978 1994/1994/1994 1993/1993/1993
f 1978/1978/1978 1979/1979/1979 1994/1994/1994
f 1979/1979/1979 1995/1995/1995 1994/1994/1994
f 1979/1979/1979 1980/1980/1980 1995/1995/1995
f 1980/1980/1980 1996/1996/1996 1995/1995/1995
f 1980/1980/1980 1981/1981/1981 1996/1996/1996
f 1981/1981/1981 1997/1997/1997 1996/1996/1996
f 1981/1981/1981 1982/1982/1982 1997/1997/1997
f 1982/1982/1982 1998/1998/1998 1997/1997/1997
f 1982/1982/1982 1983/1983/1983 1998/1998/1998
f 1983/1983/1983 1999/1999/1999 1998/1998/1998
f 1983/1983/1983 1984/1984/1984 1999/1999/1999
f 1984/1984/1984 2000/2000/2000 1999/1999/1999
f 1984/1984/1984 1969/1969/1969 2000/2000/2000
f 1969/1969/1969 1985/1985/1985 2000/2000/2000
f 1985/1985/1985 1986/1986/1986 2001/2001/2001
f 1986/1986/1986 2002/2002/2002 2001/2001/2001
f 1986/1986/1986 1987/1987/1987 2002/2002/2002
f 1987/1987/1987 2003/2003/2003 2002/2002/2002
f 1987/1987/1987 1988/1988/1988 2003/2003/2003
f 1988/1988/1988 2004/2004/2004 2003/2003/2003
f 1988/1988/1988 1989/1989/1989 2004/2004/2004
f 1989/1989/1989 2005/2005/2005 2004/2004/2004
f 1989/1989/1989 1990/1990/1990 2005/2005/2005
f 1990/1990/1990 2006/2006/2006 2005/2005/2005
f 1990/1990/1990 1991/1991/1991 2006/2006/2006
f 1991/1991/1991 2007/2007/2007 2006/2006/2006
f 1991/1991/1991 1992/1992/1992 2007/2007/2007
f 1992/1992/1992 2008/2008/2008 2007/2007/2007
f 1992/1992/1992 1993/1993/1993 2008/2008/2008
f 1993/1993/1993 2009/2009/2009 2008/2008/2008
f 1993/1993/1993 1994/1994/1994 2009/2009/2009
f 1994/1994/1994 2010/2010/2010 2009/2009/2009
f 1994/1994/1994 1995/1995/1995 2010/2010/2010
f 1995/1995/1995 2011/2011/2011 2010/2010/2010
f 1995/1995/1995 1996/1996/1996 2011/2011/2011
f 1996/1996/1996 2012/2012/2012 2011/2011/2011
f 1996/1996/1996 1997/1997/1997 2012/2012/2012
f 1997/1997/1997 2013/2013/2013 2012/2012/2012
f 1997/1997/1997 1998/1998/1998 2013/2013/2013
f 1998/1998/1998 2014/2014/2014 2013/2013/2013
f 1998/1998/1998 1999/1999/1999 2014/2014/2014
f 1999/1999/1999 2015/2015/2015 2014/2014/2014
f 1999/1999/1999 2000/2000/2000 2015/2015/2015
f 2000/2000/2000 2016/2016/2016 2015/2015/2015
f 2000/2000/2000 1985/1985/1985 2016/2016/2016
f 1985/1985/1985 2001/2001/2001 2016/2016/2016
f 2001/2001/2001 2002/2002/2002 2017/2017/2017
f 2002/2002/2002 2018/2018/2018 2017/2017/2017
f 2002/2002/2002 2003/2003/2003 2018/2018/2018
f 2003/2003/2003 2019/2019/2019 2018/2018/2018
f 2003/2003/2003 2004/2004/2004 2019/2019/2019
f 2004/2004/2004 2020/2020/2020 2019/2019/2019
f 2004/2004/2004 2005/2005/2005 2020/2020/2020
f 2005/2005/2005 2021/2021/2021 2020/2020/2020
f 2005/2005/2005 2006/2006/2006 2021/2021/2021
f 2006/2006/2006 2022/2022/2022 2021/2021/2021
f 2006/2006/2006 2007/2007/2007 2022/2022/2022
f 2007/2007/2007 2023/2023/2023 2022/2022/2022
f 2007/2007/2007 2008/2008/2008 2023/2023/2023
f 2008/2008/2008 2024/2024/2024 2023/2023/2023
f 2008/2008/2008 2009/2009/2009 2024/2024/2024
f 2009/2009/2009 2025/2025/2025 2024/2024/2024
f 2009/2009/2009 2010/2010/2010 2025/2025/2025
f 2010/2010/2010 2026/2026/2026 2025/2025/2025
f 2010/2010/2010 2011/2011/2011 2026/2026/2026
f 2011/2011/2011 2027/2027/2027 2026/2026/2026
f 2011/2011/2011 2012/2012/2012 2027/2027/2027
f 2012/2012/2012 2028/2028/2028 2027/2027/2027
f 2012/2012/2012 2013/2013/2013 2028/2028/2028
f 2013/2013/2013 2029/2029/2029 2028/2028/2028
f 2013/2013/2013 2014/2014/2014 2029/2029/2029
f 2014/2014/2014 2030/2030/2030 2029/2029/2029
f 2014/2014/2014 2015/2015/2015 2030/2030/2030
f 2015/2015/2015 2031/2031/2031 2030/2030/2030
f 2015/2015/2015 2016/2016/2016 2031/2031/2031
f 2016/2016/2016 2032/2032/2032 2031/2031/2031
f 2016/2016/2016 2001/2001/2001 2032/2032/2032
f 2001/2001/2001 2017/2017/2017 2032/2032/2032
f 2017/2017/2017 2018/2018/2018 2033/2033/2033
f 2018/2018/2018 2034/2034/2034 2033/2033/2033
f 2018/2018/2018 2019/2019/2019 2034/2034/2034
f 2019/2019/2019 2035/2035/2035 2034/2034/2034
f 2019/2019/2019 2020/2020/2020 2035/2035/2035
f 2020/2020/2020 2036/2036/2036 2035/2035/2035
f 2020/2020/2020 2021/2021/2021 2036/2036/2036
f 2021/2021/2021 2037/2037/2037 2036/2036/2036
f 2021/2021/2021 2022/2022/2022 2037/2037/2037
f 2022/2022/2022 2038/2038/2038 2037/2037/2037
f 2022/2022/2022 2023/2023/2023 2038/2038/2038
f 2023/2023/2023 2039/2039/2039 2038/2038/2038
f 2023/2023/2023 2024/2024/2024 2039/2039/2039
f 2024/2024/2024 2040/2040/2040 2039/2039/2039
f 2024/2024/2024 2025/2025/2025 2040/2040/2040
f 2025/2025/2025 2041/2041/2041 2040/2040/2040
f 2025/2025/2025 2026/2026/2026 2041/2041/2041
f 2026/2026/2026 2042/2042/2042 2041/2041/2041
f 2026/2026/2026 2027/2027/2027 2042/2042/2042
f 2027/2027/2027 2043/2043/2043 2042/2042/2042
f 2027/2027/2027 2028/2028/2028 2043/2043/2043
f 2028/2028/2028 2044/2044/2044 2043/2043/2043
f 2028/2028/2028 2029/2029/2029 2044/2044/2044
f 2029/2029/2029 2045/2045/2045 2044/2044/2044
f 2029/2029/2029 2030/2030/2030 2045/2045/2045
f 2030/2030/2030 2046/2046/2046 2045/2045/2045
f 2030/2030/2030 2031/2031/2031 2046/2046/2046
f 2031/2031/2031 2047/2047/2047 2046/2046/2046
f 2031/2031/2031 2032/2032/2032 2047/2047/2047
f 2032/2032/2032 2048/2048/2048 2047/2047/2047
f 2032/2032/2032 2017/2017/2017 2048/2048/2048
f 2017/2017/2017 2033/2033/2033 2048/2048/2048
f 2033/2033/2033 2034/2034/2034 2049/2049/2049
f 2034/2034/2034 2050/2050/2050 2049/2049/2049
f 2034/2034/2034 2035/2035/2035 2050/2050/2050
f 2035/2035/2035 2051/2051/2051 2050/2050/2050
f 2035/2035/2035 2036/2036/2036 2051/2051/2051
f 2036/2036/2036 2052/2052/2052 2051/2051/2051
f 2036/2036/2036 2037/2037/2037 2052/2052/2052
f 2037/2037/2037 2053/2053/2053 2052/2052/2052
f 2037/2037/2037 2038/2038/2038 2053/2053/2053
f 2038/2038/2038 2054/2054/2054 2053/2053/2053
f 2038/2038/2038 2039/2039/2039 2054/2054/2054
f 2039/2039/2039 2055/2055/2055 2054/2054/2054
f 2039/2039/2039 2040/2040/2040 2055/2055/2055
f 2040/2040/2040 2056/2056/2056 2055/2055/2055
f 2040/2040/2040 2041/2041/2041 2056/2056/2056
f 2041/2041/2041 2057/2057/2057 2056/2056/2056
f 2041/2041/2041 2042/2042/2042 2057/2057/2057
f 2042/2042/2042 2058/2058/2058 2057/2057/2057
f 2042/2042/2042 2043/2043/2043 2058/2058/2058
f 2043/2043/2043 2059/2059/2059 2058/2058/2058
f 2043/2043/2043 2044/2044/2044 2059/2059/2059
f 2044/2044/2044 2060/2060/2060 2059/2059/2059
f 2044/2044/2044 2045/2045/2045 2060/2060/2060
f 2045/2045/2045 2061/2061/2061 2060/2060/2060
f 2045/2045/2045 2046/2046/2046 2061/2061/2061
f 2046/2046/2046 2062/2062/2062 2061/2061/2061
f 2046/2046/2046 2047/2047/2047 2062/2062/2062
f 2047/2047/2047 2063/2063/2063 2062/2062/2062
f 2047/2047/2047 2048/2048/2048 2063/2063/2063
f 2048/2048/2048 2064/2064/2064 2063/2063/2063
f 2048/2048/2048 2033/2033/2033 2064/2064/2064
f 2033/2033/2033 2049/2049/2049 2064/2064/2064
f 2049/2049/2049 2050/2050/2050 2065/2065/2065
f 2050/2050/2050 2066/2066/2066 2065/2065/2065
f 2050/2050/2050 2051/2051/2051 2066/2066/2066
f 2051/2051/2051 2067/2067/2067 2066/2066/2066
f 2051/2051/2051 2052/2052/2052 2067/2067/2067
f 2052/2052/2052 2068/2068/2068 2067/2067/2067
f 2052/2052/2052 2053/2053/2053 2068/2068/2068
f 2053/2053/2053 2069/2069/2069 2068/2068/2068
f 2053/2053/2053 2054/2054/2054 2069/2069/2069
f 2054/2054/2054 2070/2070/2070 2069/2069/2069
f 2054/2054/2054 2055/2055/2055 2070/2070/2070
f 2055/2055/2055 2071/2071/2071 2070/2070/2070
f 2055/2055/2055 2056/2056/2056 2071/2071/2071
f 2056/2056/2056 2072/2072/2072 2071/2071/2071
f 2056/2056/2056 2057/2057/2057 2072/2072/2072
f 2057/2057/2057 2073/2073/2073 2072/2072/2072
f 2057/2057/2057 2058/2058/2058 2073/2073/2073
f 2058/2058/2058 2074/2074/2074 2073/2073/2073
f 2058/2058/2058 2059/2059/2059 2074/2074/2074
f 2059/2059/2059 2075/2075/2075 2074/2074/2074
f 2059/2059/2059 2060/2060/2060 2075/2075/2075
f 2060/2060/2060 2076/2076/2076 2075/2075/2075
f 2060/2060/2060 2061/2061/2061 2076/2076/2076
f 2061/2061/2061 2077/2077/2077 2076/2076/2076
f 2061/2061/2061 2062/2062/2062 2077/2077/2077
f 2062/2062/2062 2078/2078/2078 2077/2077/2077
f 2062/2062/2062 2063/2063/2063 2078/2078/2078
f 2063/2063/2063 2079/2079/2079 2078/2078/2078
f 2063/2063/2063 2064/2064/2064 2079/2079/2079
f 2064/2064/2064 2080/2080/2080 2079/2079/2079
f 2064/2064/2064 2049/2049/2049 2080/2080/2080
f 2049/2049/2049 2065/2065/2065 2080/2080/2080
f 2065/2065/2065 2066/2066/2066 2081/2081/2081
f 2066/2066/2066 2082/2082/2082 2081/2081/2081
f 2066/2066/2066 2067/2067/2067 2082/2082/2082
f 2067/2067/2067 2083/2083/2083 2082/2082/2082
f 2067/2067/2067 2068/2068/2068 2083/2083/2083
f 2068/2068/2068 2084/2084/2084 2083/2083/2083
f 2068/2068/2068 2069/2069/2069 2084/2084/2084
f 2069/2069/2069 2085/2085/2085 2084/2084/2084
f 2069/2069/2069 2070/2070/2070 2085/2085/2085
f 2070/2070/2070 2086/2086/2086 2085/2085/2085
f 2070/2070/2070 2071/2071/2071 2086/2086/2086
f 2071/2071/2071 2087/2087/2087 2086/2086/2086
f 2071/2071/2071 2072/2072/2072 2087/2087/2087
f 2072/2072/2072 2088/2088/2088 2087/2087/2087
f 2072/2072/2072 2073/2073/2073 2088/2088/2088
f 2073/2073/2073 2089/2089/2089 2088/2088/2088
f 2073/2073/2073 2074/2074/2074 2089/2089/2089
f 2074/2074/2074 2090/2090/2090 2089/2089/2089
f 2074/2074/2074 2075/2075/2075 2090/2090/2090
f 2075/2075/2075 2091/2091/2091 2090/2090/2090
f 2075/2075/2075 2076/2076/2076 2091/2091/2091
f 2076/2076/2076 2092/2092/2092 2091/2091/2091
f 2076/2076/2076 2077/2077/2077 2092/2092/2092
f 2077/2077/2077 2093/2093/2093 2092/2092/2092
f 2077/2077/2077 2078/2078/2078 2093/2093/2093
f 2078/2078/2078 2094/2094/2094 2093/2093/2093
f 2078/2078/2078 2079/2079/2079 2094/2094/2094
f 2079/2079/2079 2095/2095/2095 2094/2094/2094
f 2079/2079/2079 2080/2080/2080 2095/2095/2095
f 2080/2080/2080 2096/2096/2096 2095/2095/2095
f 2080/2080/2080 2065/2065/2065 2096/2096/2096
f 2065/2065/2065 2081/2081/2081 2096/2096/2096
f 2081/2081/2081 2082/2082/2082 2097/2097/2097
f 2082/2082/2082 2098/2098/2098 2097/2097/2097
f 2082/2082/2082 2083/2083/2083 2098/2098/2098
f 2083/2083/2083 2099/2099/2099 2098/2098/2098
f 2083/2083/2083 2084/2084/2084 2099/2099/2099
f 2084/2084/2084 2100/2100/2100 2099/2099/2099
f 2084/2084/2084 2085/2085/2085 2100/2100/2100
f 2085/2085/2085 2101/2101/2101 2100/2100/2100
f 2085/2085/2085 2086/2086/2086 2101/2101/2101
f 2086/2086/2086 2102/2102/2102 2101/2101/2101
f 2086/2086/2086 2087/2087/2087 2102/2102/2102
f 2087/2087/2087 2103/2103/2103 2102/2102/2102
f 2087/2087/2087 2088/2088/2088 2103/2103/2103
f 2088/2088/2088 2104/2104/2104 2103/2103/2103
f 2088/2088/2088 2089/2089/2089 2104/2104/2104
f 2089/2089/2089 2105/2105/2105 2104/2104/2104
f 2089/2089/2089 2090/2090/2090 2105/2105/2105
f 2090/2090/2090 2106/2106/2106 2105/2105/2105
f 2090/2090/2090 2091/2091/2091 2106/2106/2106
f 2091/2091/2091 2107/2107/2107 2106/2106/2106
f 2091/2091/2091 2092/2092/2092 2107/2107/2107
f 2092/2092/2092 2108/2108/2108 2107/2107/2107
f 2092/2092/2092 2093/2093/2093 2108/2108/2108
f 2093/2093/2093 2109/2109/2109 2108/2108/2108
f 2093/2093/2093 2094/2094/2094 2109/2109/2109
f 2094/2094/2094 2110/2110/2110 2109/2109/2109
f 2094/2094/2094 2095/2095/2095 2110/2110/2110
f 2095/2095/2095 2111/2111/2111 2110/2110/2110
f 2095/2095/2095 2096/2096/2096 2111/2111/2111
f 2096/2096/2096 2112/2112/2112 2111/2111/2111
f 2096/2096/2096 2081/2081/2081 2112/2112/2112
f 2081/2081/2081 2097/2097/2097 2112/2112/2112
f 2097/2097/2097 2098/2098/2098 2113/2113/2113
f 2098/2098/2098 2114/2114/2114 2113/2113/2113
f 2098/2098/2098 2099/2099/2099 2114/2114/2114
f 2099/2099/2099 2115/2115/2115 2114/2114/2114
f 2099/2099/2099 2100/2100/2100 2115/2115/2115
f 2100/2100/2100 2116/2116/2116 2115/2115/2115
f 2100/2100/2100 2101/2101/2101 2116/2116/2116
f 2101/2101/2101 2117/2117/2117 2116/2116/2116
f 2101/2101/2101 2102/2102/2102 2117/2117/2117
f 2102/2102/2102 2118/2118/2118 2117/2117/2117
f 2102/2102/2102 2103/2103/2103 2118/2118/2118
f 2103/2103/2103 2119/2119/2119 2118/2118/2118
f 2103/2103/2103 2104/2104/2104 2119/2119/2119
f 2104/2104/2104 2120/2120/2120 2119/2119/2119
f 2104/2104/2104 2105/2105/2105 2120/2120/2120
f 2105/2105/2105 2121/2121/2121 2120/2120/2120
f 2105/2105/2105 2106/2106/2106 2121/2121/2121
f 2106/2106/2106 2122/2122/2122 2121/2121/2121
f 2106/2106/2106 2107/2107/2107 2122/2122/2122
f 2107/2107/2107 2123/2123/2123 2122/2122/2122
f 2107/2107/2107 2108/2108/2108 2123/2123/2123
f 2108/2108/2108 2124/2124/2124 2123/2123/2123
f 2108/2108/2108 2109/2109/2109 2124/2124/2124
f 2109/2109/2109 2125/2125/2125 2124/2124/2124
f 2109/2109/2109 2110/2110/2110 2125/2125/2125
f 2110/2110/2110 2126/2126/2126 2125/2125/2125
f 2110/2110/2110 2111/2111/2111 2126/2126/2126
f 2111/2111/2111 2127/2127/2127 2126/2126/2126
f 2111/2111/2111 2112/2112/2112 2127/2127/2127
f 2112/2112/2112 2128/2128/2128 2127/2127/2127
f 2112/2112/2112 2097/2097/2097 2128/2128/2128
f 2097/2097/2097 2113/2113/2113 2128/2128/2128
f 2113/2113/2113 2114/2114/2114 2129/2129/2129
f 2114/2114/2114 2130/2130/2130 2129/2129/2129
f 2114/2114/2114 2115/2115/2115 2130/2130/2130
f 2115/2115/2115 2131/2131/2131 2130/2130/2130
f 2115/2115/2115 2116/2116/2116 2131/2131/2131
f 2116/2116/2116 2132/2132/2132 2131/2131/2131
f 2116/2116/2116 2117/2117/2117 2132/2132/2132
f 2117/2117/2117 2133/2133/2133 2132/2132/2132
f 2117/2117/2117 2118/2118/2118 2133/2133/2133
f 2118/2118/2118 2134/2134/2134 2133/2133/2133
f 2118/2118/2118 2119/2119/2119 2134/2134/2134
f 2119/2119/2119 2135/2135/2135 2134/2134/2134
f 2119/2119/2119 2120/2120/2120 2135/2135/2135
f 2120/2120/2120 2136/2136/2136 2135/2135/2135
f 2120/2120/2120 2121/2121/2121 2136/2136/2136
f 2121/2121/2121 2137/2137/2137 2136/2136/2136
f 2121/2121/2121 2122/2122/2122 2137/2137/2137
f 2122/2122/2122 2138/2138/2138 2137/2137/2137
f 2122/2122/2122 2123/2123/2123 2138/2138/2138
f 2123/2123/2123 2139/2139/2139 2138/2138/2138
f 2123/2123/2123 2124/2124/2124 2139/2139/2139
f 2124/2124/2124 2140/2140/2140 2139/2139/2139
f 2124/2124/2124 2125/2125/2125 2140/2140/2140
f 2125/2125/2125 2141/2141/2141 2140/2140/2140
f 2125/2125/2125 2126/2126/2126 2141/2141/2141
f 2126/2126/2126 2142/2142/2142 2141/2141/2141
f 2126/2126/2126 2127/2127/2127 2142/2142/2142
f 2127/2127/2127 2143/2143/2143 2142/2142/2142
f 2127/2127/2127 2128/2128/2128 2143/2143/2143
f 2128/2128/2128 2144/2144/2144 2143/2143/2143
f 2128/2128/2128 2113/2113/2113 2144/2144/2144
f 2113/2113/2113 2129/2129/2129 2144/2144/2144
f 2129/2129/2129 2130/2130/2130 2145/2145/2145
f 2130/2130/2130 2146/2146/2146 2145/2145/2145
f 2130/2130/2130 2131/2131/2131 2146/2146/2146
f 2131/2131/2131 2147/2147/2147 2146/2146/2146
f 2131/2131/2131 2132/2132/2132 2147/2147/2147
f 2132/2132/2132 2148/2148/2148 2147/2147/2147
f 2132/2132/2132 2133/2133/2133 2148/2148/2148
f 2133/2133/2133 2149/2149/2149 2148/2148/2148
f 2133/2133/2133 2134/2134/2134 2149/2149/2149
f 2134/2134/2134 2150/2150/2150 2149/2149/2149
f 2134/2134/2134 2135/2135/2135 2150/2150/2150
f 2135/2135/2135 2151/2151/2151 2150/2150/2150
f 2135/2135/2135 2136/2136/2136 2151/2151/2151
f 2136/2136/2136 2152/2152/2152 2151/2151/2151
f 2136/2136/2136 2137/2137/2137 2152/2152/2152
f 2137/2137/2137 2153/2153/2153 2152/2152/2152
f 2137/2137/2137 2138/2138/2138 2153/2153/2153
f 2138/2138/2138 2154/2154/2154 2153/2153/2153
f 2138/2138/2138 2139/2139/2139 2154/2154/2154
f 2139/2139/2139 2155/2155/2155 2154/2154/2154
f 2139/2139/2139 2140/2140/2140 2155/2155/2155
f 2140/2140/2140 2156/2156/2156 2155/2155/2155
f 2140/2140/2140 2141/2141/2141 2156/2156/2156
f 2141/2141/2141 2157/2157/2157 2156/2156/2156
f 2141/2141/2141 2142/2142/2142 2157/2157/2157
f 2142/2142/2142 2158/2158/2158 2157/2157/2157
f 2142/2142/2142 2143/2143/2143 2158/2158/2158
f 2143/2143/2143 2159/2159/2159 2158/2158/2158
f 2143/2143/2143 2144/2144/2144 2159/2159/2159
f 2144/2144/2144 2160/2160/2160 2159/2159/2159
f 2144/2144/2144 2129/2129/2129 2160/2160/2160
f 2129/2129/2129 2145/2145/2145 2160/2160/2160
f 2145/2145/2145 2146/2146/2146 2161/2161/2161
f 2146/2146/2146 2162/2162/2162 2161/2161/2161
f 2146/2146/2146 2147/2147/2147 2162/2162/2162
f 2147/2147/2147 2163/2163/2163 2162/2162/2162
f 2147/2147/2147 2148/2148/2148 2163/2163/2163
f 2148/2148/2148 2164/2164/2164 2163/2163/2163
f 2148/2148/2148 2149/2149/2149 2164/2164/2164
f 2149/2149/2149 2165/2165/2165 2164/2164/2164
f 2149/2149/2149 2150/2150/2150 2165/2165/2165
f 2150/2150/2150 2166/2166/2166 2165/2165/2165
f 2150/2150/2150 2151/2151/2151 2166/2166/2166
f 2151/2151/2151 2167/2167/2167 2166/2166/2166
f 2151/2151/2151 2152/2152/2152 2167/2167/2167
f 2152/2152/2152 2168/2168/2168 2167/2167/2167
f 2152/2152/2152 2153/2153/2153 2168/2168/2168
f 2153/2153/2153 2169/2169/2169 2168/2168/2168
f 2153/2153/2153 2154/2154/2154 2169/2169/2169
f 2154/2154/2154 2170/2170/2170 2169/2169/2169
f 2154/2154/2154 2155/2155/2155 2170/2170/2170
f 2155/2155/2155 2171/2171/2171 2170/2170/2170
f 2155/2155/2155 2156/2156/2156 2171/2171/2171
f 2156/2156/2156 2172/2172/2172 2171/2171/2171
f 2156/2156/2156 2157/2157/2157 2172/2172/2172
f 2157/2157/2157 2173/2173/2173 2172/2172/2172
f 2157/2157/2157 2158/2158/2158 2173/2173/2173
f 2158/2158/2158 2174/2174/2174 2173/2173/2173
f 2158/2158/2158 2159/2159/2159 2174/2174/2174
f 2159/2159/2159 2175/2175/2175 2174/2174/2174
f 2159/2159/2159 2160/2160/2160 2175/2175/2175
f 2160/2160/2160 2176/2176/2176 2175/2175/2175
f 2160/2160/2160 2145/2145/2145 2176/2176/2176
f 2145/2145/2145 2161/2161/2161 2176/2176/2176
f 2161/2161/2161 2162/2162/2162 2177/2177/2177
f 2162/2162/2162 2178/2178/2178 2177/2177/2177
f 2162/2162/2162 2163/2163/2163 2178/2178/2178
f 2163/2163/2163 2179/2179/2179 2178/2178/2178
f 2163/2163/2163 2164/2164/2164 2179/2179/2179
f 2164/2164/2164 2180/2180/2180 2179/2179/2179
f 2164/2164/2164 2165/2165/2165 2180/2180/2180
f 2165/2165/2165 2181/2181/2181 2180/2180/2180
f 2165/2165/2165 2166/2166/2166 2181/2181/2181
f 2166/2166/2166 2182/2182/2182 2181/2181/2181
f 2166/2166/2166 2167/2167/2167 2182/2182/2182
f 2167/2167/2167 2183/2183/2183 2182/2182/2182
f 2167/2167/2167 2168/2168/2168 2183/2183/2183
f 2168/2168/2168 2184/2184/2184 2183/2183/2183
f 2168/2168/2168 2169/2169/2169 2184/2184/2184
f 2169/2169/2169 2185/2185/2185 2184/2184/2184
f 2169/2169/2169 2170/2170/2170 2185/2185/2185
f 2170/2170/2170 2186/2186/2186 2185/2185/2185
f 2170/2170/2170 2171/2171/2171 2186/2186/2186
f 2171/2171/2171 2187/2187/2187 2186/2186/2186
f 2171/2171/2171 2172/2172/2172 2187/2187/2187
f 2172/2172/2172 2188/2188/2188 2187/2187/2187
f 2172/2172/2172 2173/2173/2173 2188/2188/2188
f 2173/2173/2173 2189/2189/2189 2188/2188/2188
f 2173/2173/2173 2174/2174/2174 2189/2189/2189
f 2174/2174/2174 2190/2190/2190 2189/2189/2189
f 2174/2174/2174 2175/2175/2175 2190/2190/2190
f 2175/2175/2175 2191/2191/2191 2190/2190/2190
f 2175/2175/2175 2176/2176/2176 2191/2191/2191
f 2176/2176/2176 2192/2192/2192 2191/2191/2191
f 2176/2176/2176 2161/2161/2161 2192/2192/2192
f 2161/2161/2161 2177/2177/2177 2192/2192/2192
f 2177/2177/2177 2178/2178/2178 2193/2193/2193
f 2178/2178/2178 2194/2194/2194 2193/2193/2193
f 2178/2178/2178 2179/2179/2179 2194/2194/2194
f 2179/2179/2179 2195/2195/2195 2194/2194/2194
f 2179/2179/2179 2180/2180/2180 2195/2195/2195
f 2180/2180/2180 2196/2196/2196 2195/2195/2195
f 2180/2180/2180 2181/2181/2181 2196/2196/2196
f 2181/2181/2181 2197/2197/2197 2196/2196/2196
f 2181/2181/2181 2182/2182/2182 2197/2197/2197
f 2182/2182/2182 2198/2198/2198 2197/2197/2197
f 2182/2182/2182 2183/2183/2183 2198/2198/2198
f 2183/2183/2183 2199/2199/2199 2198/2198/2198
f 2183/2183/2183 2184/2184/2184 2199/2199/2199
f 2184/2184/2184 2200/2200/2200 2199/2199/2199
f 2184/2184/2184 2185/2185/2185 2200/2200/2200
f 2185/2185/2185 2201/2201/2201 2200/2200/2200
f 2185/2185/2185 2186/2186/2186 2201/2201/2201
f 2186/2186/2186 2202/2202/2202 2201/2201/2201
f 2186/2186/2186 2187/2187/2187 2202/2202/2202
f 2187/2187/2187 2203/2203/2203 2202/2202/2202
f 2187/2187/2187 2188/2188/2188 2203/2203/2203
f 2188/2188/2188 2204/2204/2204 2203/2203/2203
f 2188/2188/2188 2189/2189/2189 2204/2204/2204
f 2189/2189/2189 2205/2205/2205 2204/2204/2204
f 2189/2189/2189 2190/2190/2190 2205/2205/2205
f 2190/2190/2190 2206/2206/2206 2205/2205/2205
f 2190/2190/2190 2191/2191/2191 2206/2206/2206
f 2191/2191/2191 2207/2207/2207 2206/2206/2206
f 2191/2191/2191 2192/2192/2192 2207/2207/2207
f 2192/2192/2192 2208/2208/2208 2207/2207/2207
f 2192/2192/2192 2177/2177/2177 2208/2208/2208
f 2177/2177/2177 2193/2193/2193 2208/2208/2208
f 2193/2193/2193 2194/2194/2194 1953/1953/1953
f 2194/2194/2194 1954/1954/1954 1953/1953/1953
f 2194/2194/2194 2195/2195/2195 1954/1954/1954
f 2195/2195/2195 1955/1955/1955 1954/1954/1954
f 2195/2195/2195 2196/2196/2196 1955/1955/1955
f 2196/2196/2196 1956/1956/1956 1955/1955/1955
f 2196/2196/2196 2197/2197/2197 1956/1956/1956
f 2197/2197/2197 1957/1957/1957 1956/1956/1956
f 2197/2197/2197 2198/2198/2198 1957/1957/1957
f 2198/2198/2198 1958/1958/1958 1957/1957/1957
f 2198/2198/2198 2199/2199/2199 1958/1958/1958
f 2199/2199/2199 1959/1959/1959 1958/1958/1958
f 2199/2199/2199 2200/2200/2200 1959/1959/1959
f 2200/2200/2200 1960/1960/1960 1959/1959/1959
f 2200/2200/2200 2201/2201/2201 1960/1960/1960
f 2201/2201/2201 1961/1961/1961 1960/1960/1960
f 2201/2201/2201 2202/2202/2202 1961/1961/1961
f 2202/2202/2202 1962/1962/1962 1961/1961/1961
f 2202/2202/2202 2203/2203/2203 1962/1962/1962
f 2203/2203/2203 1963/1963/1963 1962/1962/1962
f 2203/2203/2203 2204/2204/2204 1963/1963/1963
f 2204/2204/2204 1964/1964/1964 1963/1963/1963
f 2204/2204/2204 2205/2205/2205 1964/1964/1964
f 2205/2205/2205 1965/1965/1965 1964/1964/1964
f 2205/2205/2205 2206/2206/2206 1965/1965/1965
f 2206/2206/2206 1966/1966/1966 1965/1965/1965
f 2206/2206/2206 2207/2207/2207 1966/1966/1966
f 2207/2207/2207 1967/1967/1967 1966/1966/1966
f 2207/2207/2207 2208/2208/2208 1967/1967/1967
f 2208/2208/2208 1968/1968/1968 1967/1967/1967
f 2208/2208/2208 2193/2193/2193 1968/1968/1968
f 2193/2193/2193 1953/1953/1953 1968/1968/1968
